ARM GAS  /tmp/ccN3AcAf.s 			page 1


   1              		.cpu cortex-r8
   2              		.arch armv7-r
   3              		.fpu vfpv3-d16
   4              		.arch_extension idiv
   5              		.eabi_attribute 28, 1
   6              		.eabi_attribute 20, 1
   7              		.eabi_attribute 21, 1
   8              		.eabi_attribute 23, 3
   9              		.eabi_attribute 24, 1
  10              		.eabi_attribute 25, 1
  11              		.eabi_attribute 26, 1
  12              		.eabi_attribute 30, 2
  13              		.eabi_attribute 34, 1
  14              		.eabi_attribute 18, 4
  15              		.file	"chcond.c"
  16              		.text
  17              	.Ltext0:
  18              		.cfi_sections	.debug_frame
  19              		.file 1 "../../../os/rt/src/chcond.c"
  20              		.section	.text.chCondObjectInit,"ax",%progbits
  21              		.align	2
  22              		.p2align 4,,15
  23              		.global	chCondObjectInit
  24              		.syntax unified
  25              		.arm
  26              		.type	chCondObjectInit, %function
  27              	chCondObjectInit:
  28              	.LVL0:
  29              	.LFB207:
  30              		.loc 1 76 49 view -0
  31              		.cfi_startproc
  32              		@ args = 0, pretend = 0, frame = 0
  33              		@ frame_needed = 0, uses_anonymous_args = 0
  34              		@ link register save eliminated.
  35              		.loc 1 78 3 view .LVU1
  36              		.loc 1 78 3 view .LVU2
  37              		.loc 1 78 3 discriminator 5 view .LVU3
  38              		.loc 1 80 3 view .LVU4
  39              	.LBB70:
  40              	.LBI70:
  41              		.file 2 "../../../os/rt/include/chlists.h"
  42              		.loc 2 283 20 view .LVU5
  43              	.LBB71:
  44              		.loc 2 285 3 view .LVU6
  45              		.loc 2 286 3 view .LVU7
  46              		.loc 2 285 12 is_stmt 0 view .LVU8
  47 0000 000080E5 		str	r0, [r0]
  48 0004 040080E5 		str	r0, [r0, #4]
  49              	.LVL1:
  50              		.loc 2 285 12 view .LVU9
  51              	.LBE71:
  52              	.LBE70:
  53              		.loc 1 81 1 view .LVU10
  54 0008 1EFF2FE1 		bx	lr
  55              		.cfi_endproc
  56              	.LFE207:
  57              		.size	chCondObjectInit, .-chCondObjectInit
ARM GAS  /tmp/ccN3AcAf.s 			page 2


  58              		.section	.text.chCondObjectDispose,"ax",%progbits
  59              		.align	2
  60              		.p2align 4,,15
  61              		.global	chCondObjectDispose
  62              		.syntax unified
  63              		.arm
  64              		.type	chCondObjectDispose, %function
  65              	chCondObjectDispose:
  66              	.LVL2:
  67              	.LFB208:
  68              		.loc 1 98 52 is_stmt 1 view -0
  69              		.cfi_startproc
  70              		@ args = 0, pretend = 0, frame = 0
  71              		@ frame_needed = 0, uses_anonymous_args = 0
  72              		@ link register save eliminated.
  73              		.loc 1 100 3 view .LVU12
  74              		.loc 1 100 3 view .LVU13
  75              		.loc 1 100 3 discriminator 5 view .LVU14
  76              		.loc 1 102 31 view .LVU15
  77              		.loc 1 104 3 view .LVU16
  78              		.loc 1 104 3 view .LVU17
  79              		.loc 1 104 3 discriminator 5 view .LVU18
  80              		.loc 1 110 1 is_stmt 0 view .LVU19
  81 0000 1EFF2FE1 		bx	lr
  82              		.cfi_endproc
  83              	.LFE208:
  84              		.size	chCondObjectDispose, .-chCondObjectDispose
  85              		.section	.text.chCondSignal,"ax",%progbits
  86              		.align	2
  87              		.p2align 4,,15
  88              		.global	chCondSignal
  89              		.syntax unified
  90              		.arm
  91              		.type	chCondSignal, %function
  92              	chCondSignal:
  93              	.LVL3:
  94              	.LFB209:
  95              		.loc 1 119 45 is_stmt 1 view -0
  96              		.cfi_startproc
  97              		@ args = 0, pretend = 0, frame = 0
  98              		@ frame_needed = 0, uses_anonymous_args = 0
  99              		.loc 1 121 3 view .LVU21
 100              		.loc 1 121 3 view .LVU22
 101              		.loc 1 121 3 discriminator 5 view .LVU23
 102              		.loc 1 123 3 view .LVU24
 103              	.LBB72:
 104              	.LBI72:
 105              		.file 3 "../../../os/rt/include/chsys.h"
 106              		.loc 3 371 20 view .LVU25
 107              		.loc 3 373 3 view .LVU26
 108              	.LBB73:
 109              	.LBI73:
 110              		.file 4 "../../../os/common/ports/ARMv7-R/chcore.h"
 111              		.loc 4 739 20 view .LVU27
 112              	.LBB74:
 113              		.loc 4 741 3 view .LVU28
 114              	.LBE74:
ARM GAS  /tmp/ccN3AcAf.s 			page 3


 115              	.LBE73:
 116              	.LBE72:
 117              		.loc 1 119 45 is_stmt 0 view .LVU29
 118 0000 0030A0E1 		mov	r3, r0
 119              	.LBB77:
 120              	.LBB76:
 121              	.LBB75:
 122              		.loc 4 741 3 view .LVU30
 123              		.syntax divided
 124              	@ 741 "../../../os/common/ports/ARMv7-R/chcore.h" 1
 125 0004 80000CF1 		cpsid   i
 126              	@ 0 "" 2
 127              		.arm
 128              		.syntax unified
 129              	.LBE75:
 130              	.LBE76:
 131              		.loc 3 374 35 is_stmt 1 view .LVU31
 132              		.loc 3 375 21 view .LVU32
 133              	.LBE77:
 134              		.loc 1 124 3 view .LVU33
 135              	.LVL4:
 136              	.LBB78:
 137              	.LBI78:
 138              		.loc 2 310 20 view .LVU34
 139              	.LBB79:
 140              		.loc 2 312 3 view .LVU35
 141              		.loc 2 312 19 is_stmt 0 view .LVU36
 142 0008 000090E5 		ldr	r0, [r0]
 143              	.LVL5:
 144              		.loc 2 312 19 view .LVU37
 145              	.LBE79:
 146              	.LBE78:
 147              		.loc 1 124 6 discriminator 1 view .LVU38
 148 000c 000053E1 		cmp	r3, r0
 149 0010 0700000A 		beq	.L7
 150              		.loc 1 125 5 is_stmt 1 view .LVU39
 151              	.LVL6:
 152              	.LBB80:
 153              	.LBI80:
 154              		.loc 2 341 27 view .LVU40
 155              	.LBB81:
 156              		.loc 2 343 3 view .LVU41
 157              		.loc 2 343 3 view .LVU42
 158              		.loc 2 343 3 discriminator 5 view .LVU43
 159              		.loc 2 345 3 view .LVU44
 160              		.loc 2 347 3 view .LVU45
 161              		.loc 2 347 21 is_stmt 0 view .LVU46
 162 0014 002090E5 		ldr	r2, [r0]
 163              	.LBE81:
 164              	.LBE80:
 165              		.loc 1 119 45 view .LVU47
 166 0018 10402DE9 		push	{r4, lr}
 167              		.cfi_def_cfa_offset 8
 168              		.cfi_offset 4, -8
 169              		.cfi_offset 14, -4
 170              		.loc 1 125 5 discriminator 1 view .LVU48
 171 001c 0010A0E3 		mov	r1, #0
ARM GAS  /tmp/ccN3AcAf.s 			page 4


 172              	.LBB83:
 173              	.LBB82:
 174              		.loc 2 347 18 view .LVU49
 175 0020 002083E5 		str	r2, [r3]
 176              		.loc 2 348 3 is_stmt 1 view .LVU50
 177              		.loc 2 348 18 is_stmt 0 view .LVU51
 178 0024 043082E5 		str	r3, [r2, #4]
 179              		.loc 2 350 3 is_stmt 1 view .LVU52
 180              	.LVL7:
 181              		.loc 2 350 3 is_stmt 0 view .LVU53
 182              	.LBE82:
 183              	.LBE83:
 184              		.loc 1 125 5 discriminator 1 view .LVU54
 185 0028 FEFFFFEB 		bl	chSchWakeupS
 186              	.LVL8:
 187              		.loc 1 127 3 is_stmt 1 view .LVU55
 188              	.LBB84:
 189              	.LBI84:
 190              		.loc 3 385 20 view .LVU56
 191              	.LBB85:
 192              		.loc 3 387 23 view .LVU57
 193              		.loc 3 388 34 view .LVU58
 194              		.loc 3 394 3 view .LVU59
 195              		.loc 3 394 3 view .LVU60
 196              		.loc 3 394 3 discriminator 7 view .LVU61
 197              		.loc 3 398 3 view .LVU62
 198              	.LBB86:
 199              	.LBI86:
 200              		.loc 4 751 20 view .LVU63
 201              	.LBB87:
 202              		.loc 4 756 3 view .LVU64
 203              		.syntax divided
 204              	@ 756 "../../../os/common/ports/ARMv7-R/chcore.h" 1
 205 002c C00008F1 		cpsie   if
 206              	@ 0 "" 2
 207              		.arm
 208              		.syntax unified
 209              	.LBE87:
 210              	.LBE86:
 211              	.LBE85:
 212              	.LBE84:
 213              		.loc 1 128 1 is_stmt 0 view .LVU65
 214 0030 1080BDE8 		pop	{r4, pc}
 215              	.LVL9:
 216              	.L7:
 217              		.cfi_def_cfa_offset 0
 218              		.cfi_restore 4
 219              		.cfi_restore 14
 220              		.loc 1 127 3 is_stmt 1 view .LVU66
 221              	.LBB91:
 222              		.loc 3 385 20 view .LVU67
 223              	.LBB90:
 224              		.loc 3 387 23 view .LVU68
 225              		.loc 3 388 34 view .LVU69
 226              		.loc 3 394 3 view .LVU70
 227              		.loc 3 394 3 view .LVU71
 228              		.loc 3 394 3 discriminator 7 view .LVU72
ARM GAS  /tmp/ccN3AcAf.s 			page 5


 229              		.loc 3 398 3 view .LVU73
 230              	.LBB89:
 231              		.loc 4 751 20 view .LVU74
 232              	.LBB88:
 233              		.loc 4 756 3 view .LVU75
 234              		.syntax divided
 235              	@ 756 "../../../os/common/ports/ARMv7-R/chcore.h" 1
 236 0034 C00008F1 		cpsie   if
 237              	@ 0 "" 2
 238              		.arm
 239              		.syntax unified
 240 0038 1EFF2FE1 		bx	lr
 241              	.LBE88:
 242              	.LBE89:
 243              	.LBE90:
 244              	.LBE91:
 245              		.cfi_endproc
 246              	.LFE209:
 247              		.size	chCondSignal, .-chCondSignal
 248              		.section	.text.chCondSignalI,"ax",%progbits
 249              		.align	2
 250              		.p2align 4,,15
 251              		.global	chCondSignalI
 252              		.syntax unified
 253              		.arm
 254              		.type	chCondSignalI, %function
 255              	chCondSignalI:
 256              	.LVL10:
 257              	.LFB210:
 258              		.loc 1 141 46 view -0
 259              		.cfi_startproc
 260              		@ args = 0, pretend = 0, frame = 0
 261              		@ frame_needed = 0, uses_anonymous_args = 0
 262              		@ link register save eliminated.
 263              		.loc 1 143 21 view .LVU77
 264              		.loc 1 144 3 view .LVU78
 265              		.loc 1 144 3 view .LVU79
 266              		.loc 1 144 3 discriminator 5 view .LVU80
 267              		.loc 1 146 3 view .LVU81
 268              		.loc 1 141 46 is_stmt 0 view .LVU82
 269 0000 0030A0E1 		mov	r3, r0
 270              	.LVL11:
 271              	.LBB92:
 272              	.LBI92:
 273              		.loc 2 310 20 is_stmt 1 view .LVU83
 274              	.LBB93:
 275              		.loc 2 312 3 view .LVU84
 276              		.loc 2 312 19 is_stmt 0 view .LVU85
 277 0004 000090E5 		ldr	r0, [r0]
 278              	.LVL12:
 279              		.loc 2 312 19 view .LVU86
 280              	.LBE93:
 281              	.LBE92:
 282              		.loc 1 146 6 discriminator 1 view .LVU87
 283 0008 000053E1 		cmp	r3, r0
 284 000c 1EFF2F01 		bxeq	lr
 285              	.LBB94:
ARM GAS  /tmp/ccN3AcAf.s 			page 6


 286              		.loc 1 147 5 is_stmt 1 view .LVU88
 287              	.LVL13:
 288              	.LBB95:
 289              	.LBI95:
 290              		.loc 2 341 27 view .LVU89
 291              	.LBB96:
 292              		.loc 2 343 3 view .LVU90
 293              		.loc 2 343 3 view .LVU91
 294              		.loc 2 343 3 discriminator 5 view .LVU92
 295              		.loc 2 345 3 view .LVU93
 296              		.loc 2 347 3 view .LVU94
 297              	.LBE96:
 298              	.LBE95:
 299              		.loc 1 148 18 is_stmt 0 view .LVU95
 300 0010 0010A0E3 		mov	r1, #0
 301              	.LBB98:
 302              	.LBB97:
 303              		.loc 2 347 21 view .LVU96
 304 0014 002090E5 		ldr	r2, [r0]
 305              		.loc 2 347 18 view .LVU97
 306 0018 002083E5 		str	r2, [r3]
 307              		.loc 2 348 3 is_stmt 1 view .LVU98
 308              		.loc 2 348 18 is_stmt 0 view .LVU99
 309 001c 043082E5 		str	r3, [r2, #4]
 310              		.loc 2 350 3 is_stmt 1 view .LVU100
 311              	.LVL14:
 312              		.loc 2 350 3 is_stmt 0 view .LVU101
 313              	.LBE97:
 314              	.LBE98:
 315              		.loc 1 148 5 is_stmt 1 view .LVU102
 316              		.loc 1 148 18 is_stmt 0 view .LVU103
 317 0020 341080E5 		str	r1, [r0, #52]
 318              		.loc 1 149 5 is_stmt 1 view .LVU104
 319              		.loc 1 149 12 is_stmt 0 view .LVU105
 320 0024 FEFFFFEA 		b	chSchReadyI
 321              	.LVL15:
 322              		.loc 1 149 12 view .LVU106
 323              	.LBE94:
 324              		.cfi_endproc
 325              	.LFE210:
 326              		.size	chCondSignalI, .-chCondSignalI
 327              		.section	.text.chCondBroadcast,"ax",%progbits
 328              		.align	2
 329              		.p2align 4,,15
 330              		.global	chCondBroadcast
 331              		.syntax unified
 332              		.arm
 333              		.type	chCondBroadcast, %function
 334              	chCondBroadcast:
 335              	.LVL16:
 336              	.LFB211:
 337              		.loc 1 160 48 is_stmt 1 view -0
 338              		.cfi_startproc
 339              		@ args = 0, pretend = 0, frame = 0
 340              		@ frame_needed = 0, uses_anonymous_args = 0
 341              		.loc 1 162 3 view .LVU108
 342              	.LBB112:
ARM GAS  /tmp/ccN3AcAf.s 			page 7


 343              	.LBI112:
 344              		.loc 3 371 20 view .LVU109
 345              		.loc 3 373 3 view .LVU110
 346              	.LBB113:
 347              	.LBI113:
 348              		.loc 4 739 20 view .LVU111
 349              	.LBB114:
 350              		.loc 4 741 3 view .LVU112
 351              	.LBE114:
 352              	.LBE113:
 353              	.LBE112:
 354              		.loc 1 160 48 is_stmt 0 view .LVU113
 355 0000 70402DE9 		push	{r4, r5, r6, lr}
 356              		.cfi_def_cfa_offset 16
 357              		.cfi_offset 4, -16
 358              		.cfi_offset 5, -12
 359              		.cfi_offset 6, -8
 360              		.cfi_offset 14, -4
 361              	.LBB117:
 362              	.LBB116:
 363              	.LBB115:
 364              		.loc 4 741 3 view .LVU114
 365              		.syntax divided
 366              	@ 741 "../../../os/common/ports/ARMv7-R/chcore.h" 1
 367 0004 80000CF1 		cpsid   i
 368              	@ 0 "" 2
 369              		.arm
 370              		.syntax unified
 371              	.LBE115:
 372              	.LBE116:
 373              		.loc 3 374 35 is_stmt 1 view .LVU115
 374              		.loc 3 375 21 view .LVU116
 375              	.LBE117:
 376              		.loc 1 163 3 view .LVU117
 377              	.LVL17:
 378              	.LBB118:
 379              	.LBI118:
 380              		.loc 1 179 6 view .LVU118
 381              	.LBB119:
 382              		.loc 1 181 21 view .LVU119
 383              		.loc 1 182 3 view .LVU120
 384              		.loc 1 182 3 view .LVU121
 385              		.loc 1 182 3 discriminator 5 view .LVU122
 386              		.loc 1 187 3 view .LVU123
 387              		.loc 1 187 10 view .LVU124
 388              	.LBB120:
 389              	.LBI120:
 390              		.loc 2 310 20 view .LVU125
 391              	.LBB121:
 392              		.loc 2 312 3 view .LVU126
 393              		.loc 2 312 19 is_stmt 0 view .LVU127
 394 0008 003090E5 		ldr	r3, [r0]
 395              	.LVL18:
 396              		.loc 2 312 19 view .LVU128
 397              	.LBE121:
 398              	.LBE120:
 399              		.loc 1 187 10 discriminator 1 view .LVU129
ARM GAS  /tmp/ccN3AcAf.s 			page 8


 400 000c 030050E1 		cmp	r0, r3
 401 0010 0A00000A 		beq	.L13
 402 0014 0040A0E1 		mov	r4, r0
 403              		.loc 1 188 72 discriminator 2 view .LVU130
 404 0018 0150E0E3 		mvn	r5, #1
 405              	.LVL19:
 406              	.L14:
 407              		.loc 1 188 5 is_stmt 1 view .LVU131
 408              	.LBB124:
 409              	.LBI124:
 410              		.loc 2 341 27 view .LVU132
 411              	.LBB125:
 412              		.loc 2 343 3 view .LVU133
 413              		.loc 2 343 3 view .LVU134
 414              		.loc 2 343 3 discriminator 5 view .LVU135
 415              		.loc 2 345 3 view .LVU136
 416              		.loc 2 347 3 view .LVU137
 417              		.loc 2 347 21 is_stmt 0 view .LVU138
 418 001c 002093E5 		ldr	r2, [r3]
 419              	.LBE125:
 420              	.LBE124:
 421              		.loc 1 188 5 discriminator 1 view .LVU139
 422 0020 0300A0E1 		mov	r0, r3
 423              	.LBB127:
 424              	.LBB126:
 425              		.loc 2 347 18 view .LVU140
 426 0024 002084E5 		str	r2, [r4]
 427              		.loc 2 348 3 is_stmt 1 view .LVU141
 428              		.loc 2 348 18 is_stmt 0 view .LVU142
 429 0028 044082E5 		str	r4, [r2, #4]
 430              		.loc 2 350 3 is_stmt 1 view .LVU143
 431              	.LVL20:
 432              		.loc 2 350 3 is_stmt 0 view .LVU144
 433              	.LBE126:
 434              	.LBE127:
 435              		.loc 1 188 5 discriminator 1 view .LVU145
 436 002c FEFFFFEB 		bl	chSchReadyI
 437              	.LVL21:
 438              	.LBB128:
 439              	.LBB122:
 440              		.loc 2 312 19 view .LVU146
 441 0030 003094E5 		ldr	r3, [r4]
 442              	.LBE122:
 443              	.LBE128:
 444              		.loc 1 188 72 discriminator 2 view .LVU147
 445 0034 345080E5 		str	r5, [r0, #52]
 446              		.loc 1 187 10 is_stmt 1 view .LVU148
 447              	.LVL22:
 448              	.LBB129:
 449              		.loc 2 310 20 view .LVU149
 450              	.LBB123:
 451              		.loc 2 312 3 view .LVU150
 452              		.loc 2 312 3 is_stmt 0 view .LVU151
 453              	.LBE123:
 454              	.LBE129:
 455              		.loc 1 187 10 discriminator 1 view .LVU152
 456 0038 040053E1 		cmp	r3, r4
ARM GAS  /tmp/ccN3AcAf.s 			page 9


 457 003c F6FFFF1A 		bne	.L14
 458              	.LVL23:
 459              	.L13:
 460              		.loc 1 187 10 discriminator 1 view .LVU153
 461              	.LBE119:
 462              	.LBE118:
 463              		.loc 1 164 3 is_stmt 1 view .LVU154
 464 0040 FEFFFFEB 		bl	chSchRescheduleS
 465              	.LVL24:
 466              		.loc 1 165 3 view .LVU155
 467              	.LBB130:
 468              	.LBI130:
 469              		.loc 3 385 20 view .LVU156
 470              	.LBB131:
 471              		.loc 3 387 23 view .LVU157
 472              		.loc 3 388 34 view .LVU158
 473              		.loc 3 394 3 view .LVU159
 474              		.loc 3 394 3 view .LVU160
 475              		.loc 3 394 3 discriminator 7 view .LVU161
 476              		.loc 3 398 3 view .LVU162
 477              	.LBB132:
 478              	.LBI132:
 479              		.loc 4 751 20 view .LVU163
 480              	.LBB133:
 481              		.loc 4 756 3 view .LVU164
 482              		.syntax divided
 483              	@ 756 "../../../os/common/ports/ARMv7-R/chcore.h" 1
 484 0044 C00008F1 		cpsie   if
 485              	@ 0 "" 2
 486              		.arm
 487              		.syntax unified
 488              	.LBE133:
 489              	.LBE132:
 490              	.LBE131:
 491              	.LBE130:
 492              		.loc 1 166 1 is_stmt 0 view .LVU165
 493 0048 7080BDE8 		pop	{r4, r5, r6, pc}
 494              		.cfi_endproc
 495              	.LFE211:
 496              		.size	chCondBroadcast, .-chCondBroadcast
 497              		.section	.text.chCondBroadcastI,"ax",%progbits
 498              		.align	2
 499              		.p2align 4,,15
 500              		.global	chCondBroadcastI
 501              		.syntax unified
 502              		.arm
 503              		.type	chCondBroadcastI, %function
 504              	chCondBroadcastI:
 505              	.LVL25:
 506              	.LFB212:
 507              		.loc 1 179 49 is_stmt 1 view -0
 508              		.cfi_startproc
 509              		@ args = 0, pretend = 0, frame = 0
 510              		@ frame_needed = 0, uses_anonymous_args = 0
 511              		.loc 1 181 21 view .LVU167
 512              		.loc 1 182 3 view .LVU168
 513              		.loc 1 182 3 view .LVU169
ARM GAS  /tmp/ccN3AcAf.s 			page 10


 514              		.loc 1 182 3 discriminator 5 view .LVU170
 515              		.loc 1 187 3 view .LVU171
 516              		.loc 1 187 10 view .LVU172
 517              	.LBB134:
 518              	.LBI134:
 519              		.loc 2 310 20 view .LVU173
 520              	.LBB135:
 521              		.loc 2 312 3 view .LVU174
 522              		.loc 2 312 19 is_stmt 0 view .LVU175
 523 0000 003090E5 		ldr	r3, [r0]
 524              	.LVL26:
 525              		.loc 2 312 19 view .LVU176
 526              	.LBE135:
 527              	.LBE134:
 528              		.loc 1 187 10 discriminator 1 view .LVU177
 529 0004 030050E1 		cmp	r0, r3
 530 0008 1EFF2F01 		bxeq	lr
 531              		.loc 1 179 49 view .LVU178
 532 000c 70402DE9 		push	{r4, r5, r6, lr}
 533              		.cfi_def_cfa_offset 16
 534              		.cfi_offset 4, -16
 535              		.cfi_offset 5, -12
 536              		.cfi_offset 6, -8
 537              		.cfi_offset 14, -4
 538 0010 0040A0E1 		mov	r4, r0
 539              		.loc 1 188 72 discriminator 2 view .LVU179
 540 0014 0150E0E3 		mvn	r5, #1
 541              	.LVL27:
 542              	.L19:
 543              		.loc 1 188 5 is_stmt 1 view .LVU180
 544              	.LBB138:
 545              	.LBI138:
 546              		.loc 2 341 27 view .LVU181
 547              	.LBB139:
 548              		.loc 2 343 3 view .LVU182
 549              		.loc 2 343 3 view .LVU183
 550              		.loc 2 343 3 discriminator 5 view .LVU184
 551              		.loc 2 345 3 view .LVU185
 552              		.loc 2 347 3 view .LVU186
 553              		.loc 2 347 21 is_stmt 0 view .LVU187
 554 0018 002093E5 		ldr	r2, [r3]
 555              	.LBE139:
 556              	.LBE138:
 557              		.loc 1 188 5 discriminator 1 view .LVU188
 558 001c 0300A0E1 		mov	r0, r3
 559              	.LBB141:
 560              	.LBB140:
 561              		.loc 2 347 18 view .LVU189
 562 0020 002084E5 		str	r2, [r4]
 563              		.loc 2 348 3 is_stmt 1 view .LVU190
 564              		.loc 2 348 18 is_stmt 0 view .LVU191
 565 0024 044082E5 		str	r4, [r2, #4]
 566              		.loc 2 350 3 is_stmt 1 view .LVU192
 567              	.LVL28:
 568              		.loc 2 350 3 is_stmt 0 view .LVU193
 569              	.LBE140:
 570              	.LBE141:
ARM GAS  /tmp/ccN3AcAf.s 			page 11


 571              		.loc 1 188 5 discriminator 1 view .LVU194
 572 0028 FEFFFFEB 		bl	chSchReadyI
 573              	.LVL29:
 574              	.LBB142:
 575              	.LBB136:
 576              		.loc 2 312 19 view .LVU195
 577 002c 003094E5 		ldr	r3, [r4]
 578              	.LBE136:
 579              	.LBE142:
 580              		.loc 1 188 72 discriminator 2 view .LVU196
 581 0030 345080E5 		str	r5, [r0, #52]
 582              		.loc 1 187 10 is_stmt 1 view .LVU197
 583              	.LVL30:
 584              	.LBB143:
 585              		.loc 2 310 20 view .LVU198
 586              	.LBB137:
 587              		.loc 2 312 3 view .LVU199
 588              		.loc 2 312 3 is_stmt 0 view .LVU200
 589              	.LBE137:
 590              	.LBE143:
 591              		.loc 1 187 10 discriminator 1 view .LVU201
 592 0034 040053E1 		cmp	r3, r4
 593 0038 F6FFFF1A 		bne	.L19
 594 003c 7080BDE8 		pop	{r4, r5, r6, pc}
 595              		.cfi_endproc
 596              	.LFE212:
 597              		.size	chCondBroadcastI, .-chCondBroadcastI
 598              		.section	.text.chCondWaitS,"ax",%progbits
 599              		.align	2
 600              		.p2align 4,,15
 601              		.global	chCondWaitS
 602              		.syntax unified
 603              		.arm
 604              		.type	chCondWaitS, %function
 605              	chCondWaitS:
 606              	.LVL31:
 607              	.LFB214:
 608              		.loc 1 235 45 is_stmt 1 view -0
 609              		.cfi_startproc
 610              		@ args = 0, pretend = 0, frame = 0
 611              		@ frame_needed = 0, uses_anonymous_args = 0
 612              		.loc 1 236 3 view .LVU203
 613              	.LBB151:
 614              	.LBI151:
 615              		.file 5 "../../../os/rt/include/chthreads.h"
 616              		.loc 5 526 25 view .LVU204
 617              	.LBB152:
 618              		.loc 5 528 3 view .LVU205
 619              		.loc 5 528 10 is_stmt 0 view .LVU206
 620 0000 003000E3 		movw	r3, #:lower16:ch0
 621              	.LBE152:
 622              	.LBE151:
 623              		.loc 1 235 45 view .LVU207
 624 0004 70402DE9 		push	{r4, r5, r6, lr}
 625              		.cfi_def_cfa_offset 16
 626              		.cfi_offset 4, -16
 627              		.cfi_offset 5, -12
ARM GAS  /tmp/ccN3AcAf.s 			page 12


 628              		.cfi_offset 6, -8
 629              		.cfi_offset 14, -4
 630              		.loc 1 235 45 view .LVU208
 631 0008 0050A0E1 		mov	r5, r0
 632              	.LBB154:
 633              	.LBB153:
 634              		.loc 5 528 10 view .LVU209
 635 000c 003040E3 		movt	r3, #:upper16:ch0
 636 0010 0C4093E5 		ldr	r4, [r3, #12]
 637              	.LVL32:
 638              		.loc 5 528 10 view .LVU210
 639              	.LBE153:
 640              	.LBE154:
 641              		.loc 1 237 3 is_stmt 1 view .LVU211
 642              	.LBB155:
 643              	.LBI155:
 644              		.file 6 "../../../os/rt/include/chmtx.h"
 645              		.loc 6 159 24 view .LVU212
 646              	.LBB156:
 647              		.loc 6 161 3 view .LVU213
 648              		.loc 6 161 25 is_stmt 0 discriminator 1 view .LVU214
 649 0014 4C6094E5 		ldr	r6, [r4, #76]
 650              	.LVL33:
 651              		.loc 6 161 25 discriminator 1 view .LVU215
 652              	.LBE156:
 653              	.LBE155:
 654              		.loc 1 238 3 is_stmt 1 view .LVU216
 655              		.loc 1 240 21 view .LVU217
 656              		.loc 1 241 3 view .LVU218
 657              		.loc 1 241 3 view .LVU219
 658              		.loc 1 241 3 discriminator 5 view .LVU220
 659              		.loc 1 242 3 view .LVU221
 660              		.loc 1 242 3 view .LVU222
 661              		.loc 1 242 3 discriminator 5 view .LVU223
 662              		.loc 1 245 3 view .LVU224
 663 0018 0600A0E1 		mov	r0, r6
 664              	.LVL34:
 665              		.loc 1 245 3 is_stmt 0 view .LVU225
 666 001c FEFFFFEB 		bl	chMtxUnlockS
 667              	.LVL35:
 668              		.loc 1 249 3 is_stmt 1 view .LVU226
 669              	.LBB157:
 670              	.LBB158:
 671              		.file 7 "../../../os/rt/include/chschd.h"
 672              		.loc 7 169 15 is_stmt 0 view .LVU227
 673 0020 0530A0E1 		mov	r3, r5
 674              	.LBE158:
 675              	.LBE157:
 676              		.loc 1 249 20 view .LVU228
 677 0024 345084E5 		str	r5, [r4, #52]
 678              		.loc 1 250 3 is_stmt 1 view .LVU229
 679              	.LVL36:
 680              	.LBB162:
 681              	.LBI157:
 682              		.loc 7 167 20 view .LVU230
 683              	.LBB160:
 684              		.loc 7 169 3 view .LVU231
ARM GAS  /tmp/ccN3AcAf.s 			page 13


 685              		.loc 7 169 3 is_stmt 0 view .LVU232
 686 0028 030000EA 		b	.L27
 687              	.LVL37:
 688              	.L30:
 689              		.loc 7 178 23 discriminator 1 view .LVU233
 690 002c 081093E5 		ldr	r1, [r3, #8]
 691 0030 082094E5 		ldr	r2, [r4, #8]
 692 0034 020051E1 		cmp	r1, r2
 693 0038 0200003A 		bcc	.L26
 694              	.LVL38:
 695              	.L27:
 696              		.loc 7 170 3 is_stmt 1 view .LVU234
 697              	.LBB159:
 698              		.loc 7 171 5 view .LVU235
 699              		.loc 7 171 17 is_stmt 0 view .LVU236
 700 003c 003093E5 		ldr	r3, [r3]
 701              	.LVL39:
 702              		.loc 7 174 5 is_stmt 1 view .LVU237
 703              		.loc 7 175 5 view .LVU238
 704              		.loc 7 175 5 view .LVU239
 705              		.loc 7 175 5 discriminator 5 view .LVU240
 706              		.loc 7 175 5 discriminator 5 view .LVU241
 707              		.loc 7 177 5 view .LVU242
 708              		.loc 7 177 5 is_stmt 0 view .LVU243
 709              	.LBE159:
 710              		.loc 7 178 23 is_stmt 1 view .LVU244
 711 0040 030055E1 		cmp	r5, r3
 712 0044 F8FFFF1A 		bne	.L30
 713              	.L26:
 714              		.loc 7 180 3 view .LVU245
 715              		.loc 7 181 22 is_stmt 0 view .LVU246
 716 0048 042093E5 		ldr	r2, [r3, #4]
 717              	.LBE160:
 718              	.LBE162:
 719              		.loc 1 251 3 view .LVU247
 720 004c 0700A0E3 		mov	r0, #7
 721              	.LBB163:
 722              	.LBB161:
 723              		.loc 7 180 18 view .LVU248
 724 0050 003084E5 		str	r3, [r4]
 725              		.loc 7 181 3 is_stmt 1 view .LVU249
 726              		.loc 7 181 18 is_stmt 0 view .LVU250
 727 0054 042084E5 		str	r2, [r4, #4]
 728              		.loc 7 182 3 is_stmt 1 view .LVU251
 729              		.loc 7 182 18 is_stmt 0 view .LVU252
 730 0058 004082E5 		str	r4, [r2]
 731              		.loc 7 183 3 is_stmt 1 view .LVU253
 732              		.loc 7 183 18 is_stmt 0 view .LVU254
 733 005c 044083E5 		str	r4, [r3, #4]
 734              	.LVL40:
 735              		.loc 7 183 18 view .LVU255
 736              	.LBE161:
 737              	.LBE163:
 738              		.loc 1 251 3 is_stmt 1 view .LVU256
 739 0060 FEFFFFEB 		bl	chSchGoSleepS
 740              	.LVL41:
 741              		.loc 1 252 3 view .LVU257
ARM GAS  /tmp/ccN3AcAf.s 			page 14


 742              		.loc 1 252 7 is_stmt 0 view .LVU258
 743 0064 344094E5 		ldr	r4, [r4, #52]
 744              	.LVL42:
 745              		.loc 1 253 3 is_stmt 1 view .LVU259
 746 0068 0600A0E1 		mov	r0, r6
 747 006c FEFFFFEB 		bl	chMtxLockS
 748              	.LVL43:
 749              		.loc 1 255 3 view .LVU260
 750              		.loc 1 256 1 is_stmt 0 view .LVU261
 751 0070 0400A0E1 		mov	r0, r4
 752 0074 7080BDE8 		pop	{r4, r5, r6, pc}
 753              		.cfi_endproc
 754              	.LFE214:
 755              		.size	chCondWaitS, .-chCondWaitS
 756              		.section	.text.chCondWait,"ax",%progbits
 757              		.align	2
 758              		.p2align 4,,15
 759              		.global	chCondWait
 760              		.syntax unified
 761              		.arm
 762              		.type	chCondWait, %function
 763              	chCondWait:
 764              	.LVL44:
 765              	.LFB213:
 766              		.loc 1 209 44 is_stmt 1 view -0
 767              		.cfi_startproc
 768              		@ args = 0, pretend = 0, frame = 0
 769              		@ frame_needed = 0, uses_anonymous_args = 0
 770              		.loc 1 210 3 view .LVU263
 771              		.loc 1 212 3 view .LVU264
 772              	.LBB164:
 773              	.LBI164:
 774              		.loc 3 371 20 view .LVU265
 775              		.loc 3 373 3 view .LVU266
 776              	.LBB165:
 777              	.LBI165:
 778              		.loc 4 739 20 view .LVU267
 779              	.LBB166:
 780              		.loc 4 741 3 view .LVU268
 781              	.LBE166:
 782              	.LBE165:
 783              	.LBE164:
 784              		.loc 1 209 44 is_stmt 0 view .LVU269
 785 0000 10402DE9 		push	{r4, lr}
 786              		.cfi_def_cfa_offset 8
 787              		.cfi_offset 4, -8
 788              		.cfi_offset 14, -4
 789              	.LBB169:
 790              	.LBB168:
 791              	.LBB167:
 792              		.loc 4 741 3 view .LVU270
 793              		.syntax divided
 794              	@ 741 "../../../os/common/ports/ARMv7-R/chcore.h" 1
 795 0004 80000CF1 		cpsid   i
 796              	@ 0 "" 2
 797              		.arm
 798              		.syntax unified
ARM GAS  /tmp/ccN3AcAf.s 			page 15


 799              	.LBE167:
 800              	.LBE168:
 801              		.loc 3 374 35 is_stmt 1 view .LVU271
 802              		.loc 3 375 21 view .LVU272
 803              	.LBE169:
 804              		.loc 1 213 3 view .LVU273
 805              		.loc 1 213 9 is_stmt 0 view .LVU274
 806 0008 FEFFFFEB 		bl	chCondWaitS
 807              	.LVL45:
 808              		.loc 1 214 3 is_stmt 1 view .LVU275
 809              	.LBB170:
 810              	.LBI170:
 811              		.loc 3 385 20 view .LVU276
 812              	.LBB171:
 813              		.loc 3 387 23 view .LVU277
 814              		.loc 3 388 34 view .LVU278
 815              		.loc 3 394 3 view .LVU279
 816              		.loc 3 394 3 view .LVU280
 817              		.loc 3 394 3 discriminator 7 view .LVU281
 818              		.loc 3 398 3 view .LVU282
 819              	.LBB172:
 820              	.LBI172:
 821              		.loc 4 751 20 view .LVU283
 822              	.LBB173:
 823              		.loc 4 756 3 view .LVU284
 824              		.syntax divided
 825              	@ 756 "../../../os/common/ports/ARMv7-R/chcore.h" 1
 826 000c C00008F1 		cpsie   if
 827              	@ 0 "" 2
 828              		.arm
 829              		.syntax unified
 830              	.LBE173:
 831              	.LBE172:
 832              	.LBE171:
 833              	.LBE170:
 834              		.loc 1 215 3 view .LVU285
 835              		.loc 1 216 1 is_stmt 0 view .LVU286
 836 0010 1080BDE8 		pop	{r4, pc}
 837              		.cfi_endproc
 838              	.LFE213:
 839              		.size	chCondWait, .-chCondWait
 840              		.section	.text.chCondWaitTimeoutS,"ax",%progbits
 841              		.align	2
 842              		.p2align 4,,15
 843              		.global	chCondWaitTimeoutS
 844              		.syntax unified
 845              		.arm
 846              		.type	chCondWaitTimeoutS, %function
 847              	chCondWaitTimeoutS:
 848              	.LVL46:
 849              	.LFB216:
 850              		.loc 1 323 75 is_stmt 1 view -0
 851              		.cfi_startproc
 852              		@ args = 0, pretend = 0, frame = 0
 853              		@ frame_needed = 0, uses_anonymous_args = 0
 854              		.loc 1 324 3 view .LVU288
 855              	.LBB181:
ARM GAS  /tmp/ccN3AcAf.s 			page 16


 856              	.LBI181:
 857              		.loc 5 526 25 view .LVU289
 858              	.LBB182:
 859              		.loc 5 528 3 view .LVU290
 860              		.loc 5 528 10 is_stmt 0 view .LVU291
 861 0000 003000E3 		movw	r3, #:lower16:ch0
 862              	.LBE182:
 863              	.LBE181:
 864              		.loc 1 323 75 view .LVU292
 865 0004 F0412DE9 		push	{r4, r5, r6, r7, r8, lr}
 866              		.cfi_def_cfa_offset 24
 867              		.cfi_offset 4, -24
 868              		.cfi_offset 5, -20
 869              		.cfi_offset 6, -16
 870              		.cfi_offset 7, -12
 871              		.cfi_offset 8, -8
 872              		.cfi_offset 14, -4
 873              		.loc 1 323 75 view .LVU293
 874 0008 0050A0E1 		mov	r5, r0
 875              	.LBB184:
 876              	.LBB183:
 877              		.loc 5 528 10 view .LVU294
 878 000c 003040E3 		movt	r3, #:upper16:ch0
 879 0010 0C4093E5 		ldr	r4, [r3, #12]
 880              	.LVL47:
 881              		.loc 5 528 10 view .LVU295
 882              	.LBE183:
 883              	.LBE184:
 884              		.loc 1 325 3 is_stmt 1 view .LVU296
 885              	.LBB185:
 886              	.LBI185:
 887              		.loc 6 159 24 view .LVU297
 888              	.LBB186:
 889              		.loc 6 161 3 view .LVU298
 890              	.LBE186:
 891              	.LBE185:
 892              		.loc 1 323 75 is_stmt 0 view .LVU299
 893 0014 0170A0E1 		mov	r7, r1
 894              	.LBB188:
 895              	.LBB187:
 896              		.loc 6 161 25 discriminator 1 view .LVU300
 897 0018 4C6094E5 		ldr	r6, [r4, #76]
 898              	.LVL48:
 899              		.loc 6 161 25 discriminator 1 view .LVU301
 900              	.LBE187:
 901              	.LBE188:
 902              		.loc 1 326 3 is_stmt 1 view .LVU302
 903              		.loc 1 328 21 view .LVU303
 904              		.loc 1 329 3 view .LVU304
 905              		.loc 1 329 3 view .LVU305
 906              		.loc 1 329 3 discriminator 5 view .LVU306
 907              		.loc 1 330 3 view .LVU307
 908              		.loc 1 330 3 view .LVU308
 909              		.loc 1 330 3 discriminator 5 view .LVU309
 910              		.loc 1 333 3 view .LVU310
 911 001c 0600A0E1 		mov	r0, r6
 912              	.LVL49:
ARM GAS  /tmp/ccN3AcAf.s 			page 17


 913              		.loc 1 333 3 is_stmt 0 view .LVU311
 914 0020 FEFFFFEB 		bl	chMtxUnlockS
 915              	.LVL50:
 916              		.loc 1 337 3 is_stmt 1 view .LVU312
 917              	.LBB189:
 918              	.LBB190:
 919              		.loc 7 169 15 is_stmt 0 view .LVU313
 920 0024 0530A0E1 		mov	r3, r5
 921              	.LBE190:
 922              	.LBE189:
 923              		.loc 1 337 20 view .LVU314
 924 0028 345084E5 		str	r5, [r4, #52]
 925              		.loc 1 338 3 is_stmt 1 view .LVU315
 926              	.LVL51:
 927              	.LBB195:
 928              	.LBI189:
 929              		.loc 7 167 20 view .LVU316
 930              	.LBB192:
 931              		.loc 7 169 3 view .LVU317
 932              		.loc 7 169 3 is_stmt 0 view .LVU318
 933 002c 030000EA 		b	.L35
 934              	.LVL52:
 935              	.L42:
 936              		.loc 7 178 23 discriminator 1 view .LVU319
 937 0030 08C093E5 		ldr	ip, [r3, #8]
 938 0034 082094E5 		ldr	r2, [r4, #8]
 939 0038 02005CE1 		cmp	ip, r2
 940 003c 0200003A 		bcc	.L34
 941              	.LVL53:
 942              	.L35:
 943              		.loc 7 170 3 is_stmt 1 view .LVU320
 944              	.LBB191:
 945              		.loc 7 171 5 view .LVU321
 946              		.loc 7 171 17 is_stmt 0 view .LVU322
 947 0040 003093E5 		ldr	r3, [r3]
 948              	.LVL54:
 949              		.loc 7 174 5 is_stmt 1 view .LVU323
 950              		.loc 7 175 5 view .LVU324
 951              		.loc 7 175 5 view .LVU325
 952              		.loc 7 175 5 discriminator 5 view .LVU326
 953              		.loc 7 175 5 discriminator 5 view .LVU327
 954              		.loc 7 177 5 view .LVU328
 955              		.loc 7 177 5 is_stmt 0 view .LVU329
 956              	.LBE191:
 957              		.loc 7 178 23 is_stmt 1 view .LVU330
 958 0044 030055E1 		cmp	r5, r3
 959 0048 F8FFFF1A 		bne	.L42
 960              	.L34:
 961              		.loc 7 180 3 view .LVU331
 962              		.loc 7 181 22 is_stmt 0 view .LVU332
 963 004c 042093E5 		ldr	r2, [r3, #4]
 964              	.LBE192:
 965              	.LBE195:
 966              		.loc 1 339 9 view .LVU333
 967 0050 0710A0E1 		mov	r1, r7
 968              	.LBB196:
 969              	.LBB193:
ARM GAS  /tmp/ccN3AcAf.s 			page 18


 970              		.loc 7 180 18 view .LVU334
 971 0054 003084E5 		str	r3, [r4]
 972              		.loc 7 181 3 is_stmt 1 view .LVU335
 973              		.loc 7 181 18 is_stmt 0 view .LVU336
 974 0058 042084E5 		str	r2, [r4, #4]
 975              		.loc 7 182 3 is_stmt 1 view .LVU337
 976              	.LBE193:
 977              	.LBE196:
 978              		.loc 1 339 9 is_stmt 0 view .LVU338
 979 005c 0700A0E3 		mov	r0, #7
 980              	.LBB197:
 981              	.LBB194:
 982              		.loc 7 182 18 view .LVU339
 983 0060 004082E5 		str	r4, [r2]
 984              		.loc 7 183 3 is_stmt 1 view .LVU340
 985              		.loc 7 183 18 is_stmt 0 view .LVU341
 986 0064 044083E5 		str	r4, [r3, #4]
 987              	.LVL55:
 988              		.loc 7 183 18 view .LVU342
 989              	.LBE194:
 990              	.LBE197:
 991              		.loc 1 339 3 is_stmt 1 view .LVU343
 992              		.loc 1 339 9 is_stmt 0 view .LVU344
 993 0068 FEFFFFEB 		bl	chSchGoSleepTimeoutS
 994              	.LVL56:
 995              		.loc 1 340 6 view .LVU345
 996 006c 010070E3 		cmn	r0, #1
 997              		.loc 1 339 9 view .LVU346
 998 0070 0040A0E1 		mov	r4, r0
 999              	.LVL57:
 1000              		.loc 1 340 3 is_stmt 1 view .LVU347
 1001              		.loc 1 340 6 is_stmt 0 view .LVU348
 1002 0074 0100000A 		beq	.L33
 1003              		.loc 1 341 5 is_stmt 1 view .LVU349
 1004 0078 0600A0E1 		mov	r0, r6
 1005              	.LVL58:
 1006              		.loc 1 341 5 is_stmt 0 view .LVU350
 1007 007c FEFFFFEB 		bl	chMtxLockS
 1008              	.LVL59:
 1009              		.loc 1 344 3 is_stmt 1 view .LVU351
 1010              	.L33:
 1011              		.loc 1 345 1 is_stmt 0 view .LVU352
 1012 0080 0400A0E1 		mov	r0, r4
 1013 0084 F081BDE8 		pop	{r4, r5, r6, r7, r8, pc}
 1014              		.cfi_endproc
 1015              	.LFE216:
 1016              		.size	chCondWaitTimeoutS, .-chCondWaitTimeoutS
 1017              		.section	.text.chCondWaitTimeout,"ax",%progbits
 1018              		.align	2
 1019              		.p2align 4,,15
 1020              		.global	chCondWaitTimeout
 1021              		.syntax unified
 1022              		.arm
 1023              		.type	chCondWaitTimeout, %function
 1024              	chCondWaitTimeout:
 1025              	.LVL60:
 1026              	.LFB215:
ARM GAS  /tmp/ccN3AcAf.s 			page 19


 1027              		.loc 1 286 74 is_stmt 1 view -0
 1028              		.cfi_startproc
 1029              		@ args = 0, pretend = 0, frame = 0
 1030              		@ frame_needed = 0, uses_anonymous_args = 0
 1031              		.loc 1 287 3 view .LVU354
 1032              		.loc 1 289 3 view .LVU355
 1033              	.LBB198:
 1034              	.LBI198:
 1035              		.loc 3 371 20 view .LVU356
 1036              		.loc 3 373 3 view .LVU357
 1037              	.LBB199:
 1038              	.LBI199:
 1039              		.loc 4 739 20 view .LVU358
 1040              	.LBB200:
 1041              		.loc 4 741 3 view .LVU359
 1042              	.LBE200:
 1043              	.LBE199:
 1044              	.LBE198:
 1045              		.loc 1 286 74 is_stmt 0 view .LVU360
 1046 0000 10402DE9 		push	{r4, lr}
 1047              		.cfi_def_cfa_offset 8
 1048              		.cfi_offset 4, -8
 1049              		.cfi_offset 14, -4
 1050              	.LBB203:
 1051              	.LBB202:
 1052              	.LBB201:
 1053              		.loc 4 741 3 view .LVU361
 1054              		.syntax divided
 1055              	@ 741 "../../../os/common/ports/ARMv7-R/chcore.h" 1
 1056 0004 80000CF1 		cpsid   i
 1057              	@ 0 "" 2
 1058              		.arm
 1059              		.syntax unified
 1060              	.LBE201:
 1061              	.LBE202:
 1062              		.loc 3 374 35 is_stmt 1 view .LVU362
 1063              		.loc 3 375 21 view .LVU363
 1064              	.LBE203:
 1065              		.loc 1 290 3 view .LVU364
 1066              		.loc 1 290 9 is_stmt 0 view .LVU365
 1067 0008 FEFFFFEB 		bl	chCondWaitTimeoutS
 1068              	.LVL61:
 1069              		.loc 1 291 3 is_stmt 1 view .LVU366
 1070              	.LBB204:
 1071              	.LBI204:
 1072              		.loc 3 385 20 view .LVU367
 1073              	.LBB205:
 1074              		.loc 3 387 23 view .LVU368
 1075              		.loc 3 388 34 view .LVU369
 1076              		.loc 3 394 3 view .LVU370
 1077              		.loc 3 394 3 view .LVU371
 1078              		.loc 3 394 3 discriminator 7 view .LVU372
 1079              		.loc 3 398 3 view .LVU373
 1080              	.LBB206:
 1081              	.LBI206:
 1082              		.loc 4 751 20 view .LVU374
 1083              	.LBB207:
ARM GAS  /tmp/ccN3AcAf.s 			page 20


 1084              		.loc 4 756 3 view .LVU375
 1085              		.syntax divided
 1086              	@ 756 "../../../os/common/ports/ARMv7-R/chcore.h" 1
 1087 000c C00008F1 		cpsie   if
 1088              	@ 0 "" 2
 1089              		.arm
 1090              		.syntax unified
 1091              	.LBE207:
 1092              	.LBE206:
 1093              	.LBE205:
 1094              	.LBE204:
 1095              		.loc 1 293 3 view .LVU376
 1096              		.loc 1 294 1 is_stmt 0 view .LVU377
 1097 0010 1080BDE8 		pop	{r4, pc}
 1098              		.cfi_endproc
 1099              	.LFE215:
 1100              		.size	chCondWaitTimeout, .-chCondWaitTimeout
 1101              		.text
 1102              	.Letext0:
 1103              		.file 8 "/home/emirhan/Documents/gemstone/chibiOS-port/tools/arm-gnu-toolchain-13.3.rel1-x86_64-ar
 1104              		.file 9 "/home/emirhan/Documents/gemstone/chibiOS-port/tools/arm-gnu-toolchain-13.3.rel1-x86_64-ar
 1105              		.file 10 "../../../os/common/ports/ARM-common/include/chtypes.h"
 1106              		.file 11 "../../../os/rt/include/chearly.h"
 1107              		.file 12 "../../../os/rt/include/chobjects.h"
 1108              		.file 13 "../../../os/rt/include/chrfcu.h"
 1109              		.file 14 "../../../os/rt/include/chdebug.h"
 1110              		.file 15 "../../../os/rt/include/chtime.h"
 1111              		.file 16 "../../../os/rt/include/chsem.h"
 1112              		.file 17 "../../../os/rt/include/chcond.h"
 1113              		.file 18 "../../../os/rt/include/chsafety.h"
 1114              		.section	.debug_info,"",%progbits
 1115              	.Ldebug_info0:
 1116 0000 E4110000 		.4byte	0x11e4
 1117 0004 0500     		.2byte	0x5
 1118 0006 01       		.byte	0x1
 1119 0007 04       		.byte	0x4
 1120 0008 00000000 		.4byte	.Ldebug_abbrev0
 1121 000c 33       		.uleb128 0x33
 1122 000d 4A040000 		.4byte	.LASF148
 1123 0011 1D       		.byte	0x1d
 1124 0012 A7070000 		.4byte	.LASF149
 1125 0016 9E060000 		.4byte	.LASF150
 1126 001a DB000000 		.4byte	.LLRL57
 1127 001e 00000000 		.4byte	0
 1128 0022 00000000 		.4byte	.Ldebug_line0
 1129 0026 07       		.uleb128 0x7
 1130 0027 08       		.byte	0x8
 1131 0028 07       		.byte	0x7
 1132 0029 8D010000 		.4byte	.LASF0
 1133 002d 07       		.uleb128 0x7
 1134 002e 04       		.byte	0x4
 1135 002f 07       		.byte	0x7
 1136 0030 7B000000 		.4byte	.LASF1
 1137 0034 34       		.uleb128 0x34
 1138 0035 04       		.byte	0x4
 1139 0036 05       		.byte	0x5
 1140 0037 696E7400 		.ascii	"int\000"
ARM GAS  /tmp/ccN3AcAf.s 			page 21


 1141 003b 07       		.uleb128 0x7
 1142 003c 08       		.byte	0x8
 1143 003d 05       		.byte	0x5
 1144 003e 52030000 		.4byte	.LASF2
 1145 0042 07       		.uleb128 0x7
 1146 0043 08       		.byte	0x8
 1147 0044 04       		.byte	0x4
 1148 0045 02040000 		.4byte	.LASF3
 1149 0049 07       		.uleb128 0x7
 1150 004a 01       		.byte	0x1
 1151 004b 06       		.byte	0x6
 1152 004c 38070000 		.4byte	.LASF4
 1153 0050 01       		.uleb128 0x1
 1154 0051 8B050000 		.4byte	.LASF8
 1155 0055 08       		.byte	0x8
 1156 0056 2B       		.byte	0x2b
 1157 0057 18       		.byte	0x18
 1158 0058 5C000000 		.4byte	0x5c
 1159 005c 07       		.uleb128 0x7
 1160 005d 01       		.byte	0x1
 1161 005e 08       		.byte	0x8
 1162 005f 5F060000 		.4byte	.LASF5
 1163 0063 07       		.uleb128 0x7
 1164 0064 02       		.byte	0x2
 1165 0065 05       		.byte	0x5
 1166 0066 2B040000 		.4byte	.LASF6
 1167 006a 07       		.uleb128 0x7
 1168 006b 02       		.byte	0x2
 1169 006c 07       		.byte	0x7
 1170 006d 64070000 		.4byte	.LASF7
 1171 0071 01       		.uleb128 0x1
 1172 0072 95000000 		.4byte	.LASF9
 1173 0076 08       		.byte	0x8
 1174 0077 4D       		.byte	0x4d
 1175 0078 18       		.byte	0x18
 1176 0079 7D000000 		.4byte	0x7d
 1177 007d 07       		.uleb128 0x7
 1178 007e 04       		.byte	0x4
 1179 007f 05       		.byte	0x5
 1180 0080 35040000 		.4byte	.LASF10
 1181 0084 01       		.uleb128 0x1
 1182 0085 6D060000 		.4byte	.LASF11
 1183 0089 08       		.byte	0x8
 1184 008a 4F       		.byte	0x4f
 1185 008b 19       		.byte	0x19
 1186 008c 90000000 		.4byte	0x90
 1187 0090 07       		.uleb128 0x7
 1188 0091 04       		.byte	0x4
 1189 0092 07       		.byte	0x7
 1190 0093 DE050000 		.4byte	.LASF12
 1191 0097 01       		.uleb128 0x1
 1192 0098 54020000 		.4byte	.LASF13
 1193 009c 08       		.byte	0x8
 1194 009d 69       		.byte	0x69
 1195 009e 19       		.byte	0x19
 1196 009f 26000000 		.4byte	0x26
 1197 00a3 01       		.uleb128 0x1
ARM GAS  /tmp/ccN3AcAf.s 			page 22


 1198 00a4 18040000 		.4byte	.LASF14
 1199 00a8 08       		.byte	0x8
 1200 00a9 E8       		.byte	0xe8
 1201 00aa 1A       		.byte	0x1a
 1202 00ab 2D000000 		.4byte	0x2d
 1203 00af 35       		.uleb128 0x35
 1204 00b0 04       		.byte	0x4
 1205 00b1 07       		.uleb128 0x7
 1206 00b2 01       		.byte	0x1
 1207 00b3 08       		.byte	0x8
 1208 00b4 CB020000 		.4byte	.LASF15
 1209 00b8 09       		.uleb128 0x9
 1210 00b9 B1000000 		.4byte	0xb1
 1211 00bd 04       		.uleb128 0x4
 1212 00be B8000000 		.4byte	0xb8
 1213 00c2 1D       		.uleb128 0x1d
 1214 00c3 BD000000 		.4byte	0xbd
 1215 00c7 01       		.uleb128 0x1
 1216 00c8 28030000 		.4byte	.LASF16
 1217 00cc 09       		.byte	0x9
 1218 00cd 18       		.byte	0x18
 1219 00ce 13       		.byte	0x13
 1220 00cf 50000000 		.4byte	0x50
 1221 00d3 01       		.uleb128 0x1
 1222 00d4 18060000 		.4byte	.LASF17
 1223 00d8 09       		.byte	0x9
 1224 00d9 2C       		.byte	0x2c
 1225 00da 13       		.byte	0x13
 1226 00db 71000000 		.4byte	0x71
 1227 00df 01       		.uleb128 0x1
 1228 00e0 35010000 		.4byte	.LASF18
 1229 00e4 09       		.byte	0x9
 1230 00e5 30       		.byte	0x30
 1231 00e6 14       		.byte	0x14
 1232 00e7 84000000 		.4byte	0x84
 1233 00eb 01       		.uleb128 0x1
 1234 00ec 56050000 		.4byte	.LASF19
 1235 00f0 09       		.byte	0x9
 1236 00f1 3C       		.byte	0x3c
 1237 00f2 14       		.byte	0x14
 1238 00f3 97000000 		.4byte	0x97
 1239 00f7 1D       		.uleb128 0x1d
 1240 00f8 EB000000 		.4byte	0xeb
 1241 00fc 01       		.uleb128 0x1
 1242 00fd CC050000 		.4byte	.LASF20
 1243 0101 09       		.byte	0x9
 1244 0102 52       		.byte	0x52
 1245 0103 15       		.byte	0x15
 1246 0104 A3000000 		.4byte	0xa3
 1247 0108 01       		.uleb128 0x1
 1248 0109 29000000 		.4byte	.LASF21
 1249 010d 0A       		.byte	0xa
 1250 010e 47       		.byte	0x47
 1251 010f 1D       		.byte	0x1d
 1252 0110 EB000000 		.4byte	0xeb
 1253 0114 01       		.uleb128 0x1
 1254 0115 B1010000 		.4byte	.LASF22
ARM GAS  /tmp/ccN3AcAf.s 			page 23


 1255 0119 0B       		.byte	0xb
 1256 011a 4F       		.byte	0x4f
 1257 011b 19       		.byte	0x19
 1258 011c 08010000 		.4byte	0x108
 1259 0120 01       		.uleb128 0x1
 1260 0121 E7030000 		.4byte	.LASF23
 1261 0125 0B       		.byte	0xb
 1262 0126 52       		.byte	0x52
 1263 0127 19       		.byte	0x19
 1264 0128 C7000000 		.4byte	0xc7
 1265 012c 01       		.uleb128 0x1
 1266 012d 18030000 		.4byte	.LASF24
 1267 0131 0B       		.byte	0xb
 1268 0132 53       		.byte	0x53
 1269 0133 19       		.byte	0x19
 1270 0134 C7000000 		.4byte	0xc7
 1271 0138 01       		.uleb128 0x1
 1272 0139 D6050000 		.4byte	.LASF25
 1273 013d 0B       		.byte	0xb
 1274 013e 54       		.byte	0x54
 1275 013f 19       		.byte	0x19
 1276 0140 C7000000 		.4byte	0xc7
 1277 0144 01       		.uleb128 0x1
 1278 0145 5F010000 		.4byte	.LASF26
 1279 0149 0B       		.byte	0xb
 1280 014a 56       		.byte	0x56
 1281 014b 19       		.byte	0x19
 1282 014c DF000000 		.4byte	0xdf
 1283 0150 01       		.uleb128 0x1
 1284 0151 60030000 		.4byte	.LASF27
 1285 0155 0B       		.byte	0xb
 1286 0156 57       		.byte	0x57
 1287 0157 19       		.byte	0x19
 1288 0158 D3000000 		.4byte	0xd3
 1289 015c 01       		.uleb128 0x1
 1290 015d 46010000 		.4byte	.LASF28
 1291 0161 0B       		.byte	0xb
 1292 0162 59       		.byte	0x59
 1293 0163 19       		.byte	0x19
 1294 0164 DF000000 		.4byte	0xdf
 1295 0168 01       		.uleb128 0x1
 1296 0169 AB010000 		.4byte	.LASF29
 1297 016d 0B       		.byte	0xb
 1298 016e 5B       		.byte	0x5b
 1299 016f 19       		.byte	0x19
 1300 0170 D3000000 		.4byte	0xd3
 1301 0174 01       		.uleb128 0x1
 1302 0175 DF070000 		.4byte	.LASF30
 1303 0179 0B       		.byte	0xb
 1304 017a 7F       		.byte	0x7f
 1305 017b 12       		.byte	0x12
 1306 017c 2D000000 		.4byte	0x2d
 1307 0180 01       		.uleb128 0x1
 1308 0181 FF010000 		.4byte	.LASF31
 1309 0185 0B       		.byte	0xb
 1310 0186 84       		.byte	0x84
 1311 0187 1A       		.byte	0x1a
ARM GAS  /tmp/ccN3AcAf.s 			page 24


 1312 0188 8C010000 		.4byte	0x18c
 1313 018c 08       		.uleb128 0x8
 1314 018d 39030000 		.4byte	.LASF49
 1315 0191 54       		.byte	0x54
 1316 0192 0C       		.byte	0xc
 1317 0193 A6       		.byte	0xa6
 1318 0194 08       		.byte	0x8
 1319 0195 96020000 		.4byte	0x296
 1320 0199 1E       		.uleb128 0x1e
 1321 019a 68647200 		.ascii	"hdr\000"
 1322 019e 0C       		.byte	0xc
 1323 019f B7       		.byte	0xb7
 1324 01a0 05       		.byte	0x5
 1325 01a1 02060000 		.4byte	0x602
 1326 01a5 00       		.byte	0
 1327 01a6 1E       		.uleb128 0x1e
 1328 01a7 63747800 		.ascii	"ctx\000"
 1329 01ab 0C       		.byte	0xc
 1330 01ac BB       		.byte	0xbb
 1331 01ad 21       		.byte	0x21
 1332 01ae 56040000 		.4byte	0x456
 1333 01b2 0C       		.byte	0xc
 1334 01b3 02       		.uleb128 0x2
 1335 01b4 D5010000 		.4byte	.LASF32
 1336 01b8 0C       		.byte	0xc
 1337 01b9 BF       		.byte	0xbf
 1338 01ba 22       		.byte	0x22
 1339 01bb F0060000 		.4byte	0x6f0
 1340 01bf 10       		.byte	0x10
 1341 01c0 02       		.uleb128 0x2
 1342 01c1 11030000 		.4byte	.LASF33
 1343 01c5 0C       		.byte	0xc
 1344 01c6 C5       		.byte	0xc5
 1345 01c7 22       		.byte	0x22
 1346 01c8 F5060000 		.4byte	0x6f5
 1347 01cc 14       		.byte	0x14
 1348 01cd 02       		.uleb128 0x2
 1349 01ce 29050000 		.4byte	.LASF34
 1350 01d2 0C       		.byte	0xc
 1351 01d3 CA       		.byte	0xca
 1352 01d4 21       		.byte	0x21
 1353 01d5 F5060000 		.4byte	0x6f5
 1354 01d9 18       		.byte	0x18
 1355 01da 02       		.uleb128 0x2
 1356 01db 0C070000 		.4byte	.LASF35
 1357 01df 0C       		.byte	0xc
 1358 01e0 CE       		.byte	0xce
 1359 01e1 21       		.byte	0x21
 1360 01e2 2C010000 		.4byte	0x12c
 1361 01e6 1C       		.byte	0x1c
 1362 01e7 02       		.uleb128 0x2
 1363 01e8 44000000 		.4byte	.LASF36
 1364 01ec 0C       		.byte	0xc
 1365 01ed D2       		.byte	0xd2
 1366 01ee 21       		.byte	0x21
 1367 01ef 20010000 		.4byte	0x120
 1368 01f3 1D       		.byte	0x1d
ARM GAS  /tmp/ccN3AcAf.s 			page 25


 1369 01f4 02       		.uleb128 0x2
 1370 01f5 9F000000 		.4byte	.LASF37
 1371 01f9 0C       		.byte	0xc
 1372 01fa D7       		.byte	0xd7
 1373 01fb 21       		.byte	0x21
 1374 01fc 38010000 		.4byte	0x138
 1375 0200 1E       		.byte	0x1e
 1376 0201 02       		.uleb128 0x2
 1377 0202 95050000 		.4byte	.LASF38
 1378 0206 0C       		.byte	0xc
 1379 0207 DB       		.byte	0xdb
 1380 0208 22       		.byte	0x22
 1381 0209 BD000000 		.4byte	0xbd
 1382 020d 20       		.byte	0x20
 1383 020e 02       		.uleb128 0x2
 1384 020f 21030000 		.4byte	.LASF39
 1385 0213 0C       		.byte	0xc
 1386 0214 DF       		.byte	0xdf
 1387 0215 21       		.byte	0x21
 1388 0216 A3040000 		.4byte	0x4a3
 1389 021a 24       		.byte	0x24
 1390 021b 02       		.uleb128 0x2
 1391 021c 21000000 		.4byte	.LASF40
 1392 0220 0C       		.byte	0xc
 1393 0221 E5       		.byte	0xe5
 1394 0222 21       		.byte	0x21
 1395 0223 E6050000 		.4byte	0x5e6
 1396 0227 2C       		.byte	0x2c
 1397 0228 02       		.uleb128 0x2
 1398 0229 29020000 		.4byte	.LASF41
 1399 022d 0C       		.byte	0xc
 1400 022e EB       		.byte	0xeb
 1401 022f 22       		.byte	0x22
 1402 0230 AF000000 		.4byte	0xaf
 1403 0234 30       		.byte	0x30
 1404 0235 06       		.uleb128 0x6
 1405 0236 7500     		.ascii	"u\000"
 1406 0238 0C       		.byte	0xc
 1407 0239 3601     		.2byte	0x136
 1408 023b 21       		.byte	0x21
 1409 023c 28060000 		.4byte	0x628
 1410 0240 34       		.byte	0x34
 1411 0241 03       		.uleb128 0x3
 1412 0242 78060000 		.4byte	.LASF42
 1413 0246 0C       		.byte	0xc
 1414 0247 3B01     		.2byte	0x13b
 1415 0249 21       		.byte	0x21
 1416 024a 77040000 		.4byte	0x477
 1417 024e 38       		.byte	0x38
 1418 024f 03       		.uleb128 0x3
 1419 0250 30030000 		.4byte	.LASF43
 1420 0254 0C       		.byte	0xc
 1421 0255 4101     		.2byte	0x141
 1422 0257 21       		.byte	0x21
 1423 0258 A3040000 		.4byte	0x4a3
 1424 025c 3C       		.byte	0x3c
 1425 025d 03       		.uleb128 0x3
ARM GAS  /tmp/ccN3AcAf.s 			page 26


 1426 025e 3E010000 		.4byte	.LASF44
 1427 0262 0C       		.byte	0xc
 1428 0263 5301     		.2byte	0x153
 1429 0265 21       		.byte	0x21
 1430 0266 50010000 		.4byte	0x150
 1431 026a 44       		.byte	0x44
 1432 026b 03       		.uleb128 0x3
 1433 026c 72000000 		.4byte	.LASF45
 1434 0270 0C       		.byte	0xc
 1435 0271 5901     		.2byte	0x159
 1436 0273 21       		.byte	0x21
 1437 0274 5C010000 		.4byte	0x15c
 1438 0278 48       		.byte	0x48
 1439 0279 03       		.uleb128 0x3
 1440 027a DB010000 		.4byte	.LASF46
 1441 027e 0C       		.byte	0xc
 1442 027f 6001     		.2byte	0x160
 1443 0281 22       		.byte	0x22
 1444 0282 EB060000 		.4byte	0x6eb
 1445 0286 4C       		.byte	0x4c
 1446 0287 03       		.uleb128 0x3
 1447 0288 54000000 		.4byte	.LASF47
 1448 028c 0C       		.byte	0xc
 1449 028d 6401     		.2byte	0x164
 1450 028f 21       		.byte	0x21
 1451 0290 44010000 		.4byte	0x144
 1452 0294 50       		.byte	0x50
 1453 0295 00       		.byte	0
 1454 0296 01       		.uleb128 0x1
 1455 0297 1C070000 		.4byte	.LASF48
 1456 029b 0B       		.byte	0xb
 1457 029c 89       		.byte	0x89
 1458 029d 1F       		.byte	0x1f
 1459 029e A2020000 		.4byte	0x2a2
 1460 02a2 14       		.uleb128 0x14
 1461 02a3 77020000 		.4byte	.LASF50
 1462 02a7 E8       		.byte	0xe8
 1463 02a8 0C       		.byte	0xc
 1464 02a9 A001     		.2byte	0x1a0
 1465 02ab 08       		.byte	0x8
 1466 02ac 2F030000 		.4byte	0x32f
 1467 02b0 03       		.uleb128 0x3
 1468 02b1 85050000 		.4byte	.LASF51
 1469 02b5 0C       		.byte	0xc
 1470 02b6 A401     		.2byte	0x1a4
 1471 02b8 21       		.byte	0x21
 1472 02b9 25070000 		.4byte	0x725
 1473 02bd 00       		.byte	0
 1474 02be 03       		.uleb128 0x3
 1475 02bf B5000000 		.4byte	.LASF52
 1476 02c3 0C       		.byte	0xc
 1477 02c4 A801     		.2byte	0x1a8
 1478 02c6 21       		.byte	0x21
 1479 02c7 A2050000 		.4byte	0x5a2
 1480 02cb 10       		.byte	0x10
 1481 02cc 03       		.uleb128 0x3
 1482 02cd 2A070000 		.4byte	.LASF53
ARM GAS  /tmp/ccN3AcAf.s 			page 27


 1483 02d1 0C       		.byte	0xc
 1484 02d2 AF01     		.2byte	0x1af
 1485 02d4 21       		.byte	0x21
 1486 02d5 C9050000 		.4byte	0x5c9
 1487 02d9 28       		.byte	0x28
 1488 02da 03       		.uleb128 0x3
 1489 02db 8D000000 		.4byte	.LASF54
 1490 02df 0C       		.byte	0xc
 1491 02e0 B401     		.2byte	0x1b4
 1492 02e2 21       		.byte	0x21
 1493 02e3 74010000 		.4byte	0x174
 1494 02e7 30       		.byte	0x30
 1495 02e8 03       		.uleb128 0x3
 1496 02e9 FA010000 		.4byte	.LASF55
 1497 02ed 0C       		.byte	0xc
 1498 02ee BA01     		.2byte	0x1ba
 1499 02f0 21       		.byte	0x21
 1500 02f1 56030000 		.4byte	0x356
 1501 02f5 34       		.byte	0x34
 1502 02f6 03       		.uleb128 0x3
 1503 02f7 24040000 		.4byte	.LASF56
 1504 02fb 0C       		.byte	0xc
 1505 02fc BF01     		.2byte	0x1bf
 1506 02fe 22       		.byte	0x22
 1507 02ff 95070000 		.4byte	0x795
 1508 0303 38       		.byte	0x38
 1509 0304 03       		.uleb128 0x3
 1510 0305 F7030000 		.4byte	.LASF57
 1511 0309 0C       		.byte	0xc
 1512 030a C301     		.2byte	0x1c3
 1513 030c 21       		.byte	0x21
 1514 030d 80010000 		.4byte	0x180
 1515 0311 3C       		.byte	0x3c
 1516 0312 03       		.uleb128 0x3
 1517 0313 01070000 		.4byte	.LASF58
 1518 0317 0C       		.byte	0xc
 1519 0318 C801     		.2byte	0x1c8
 1520 031a 21       		.byte	0x21
 1521 031b 80010000 		.4byte	0x180
 1522 031f 90       		.byte	0x90
 1523 0320 06       		.uleb128 0x6
 1524 0321 64626700 		.ascii	"dbg\000"
 1525 0325 0C       		.byte	0xc
 1526 0326 CD01     		.2byte	0x1cd
 1527 0328 21       		.byte	0x21
 1528 0329 7D030000 		.4byte	0x37d
 1529 032d E4       		.byte	0xe4
 1530 032e 00       		.byte	0
 1531 032f 01       		.uleb128 0x1
 1532 0330 E0020000 		.4byte	.LASF59
 1533 0334 0D       		.byte	0xd
 1534 0335 3E       		.byte	0x3e
 1535 0336 12       		.byte	0x12
 1536 0337 DF000000 		.4byte	0xdf
 1537 033b 08       		.uleb128 0x8
 1538 033c 43020000 		.4byte	.LASF60
 1539 0340 04       		.byte	0x4
ARM GAS  /tmp/ccN3AcAf.s 			page 28


 1540 0341 0D       		.byte	0xd
 1541 0342 43       		.byte	0x43
 1542 0343 10       		.byte	0x10
 1543 0344 56030000 		.4byte	0x356
 1544 0348 02       		.uleb128 0x2
 1545 0349 8C030000 		.4byte	.LASF61
 1546 034d 0D       		.byte	0xd
 1547 034e 47       		.byte	0x47
 1548 034f 21       		.byte	0x21
 1549 0350 2F030000 		.4byte	0x32f
 1550 0354 00       		.byte	0
 1551 0355 00       		.byte	0
 1552 0356 01       		.uleb128 0x1
 1553 0357 20060000 		.4byte	.LASF62
 1554 035b 0D       		.byte	0xd
 1555 035c 48       		.byte	0x48
 1556 035d 03       		.byte	0x3
 1557 035e 3B030000 		.4byte	0x33b
 1558 0362 08       		.uleb128 0x8
 1559 0363 01010000 		.4byte	.LASF63
 1560 0367 04       		.byte	0x4
 1561 0368 0E       		.byte	0xe
 1562 0369 3D       		.byte	0x3d
 1563 036a 10       		.byte	0x10
 1564 036b 7D030000 		.4byte	0x37d
 1565 036f 02       		.uleb128 0x2
 1566 0370 CE030000 		.4byte	.LASF64
 1567 0374 0E       		.byte	0xe
 1568 0375 45       		.byte	0x45
 1569 0376 24       		.byte	0x24
 1570 0377 C2000000 		.4byte	0xc2
 1571 037b 00       		.byte	0
 1572 037c 00       		.byte	0
 1573 037d 01       		.uleb128 0x1
 1574 037e 43030000 		.4byte	.LASF65
 1575 0382 0E       		.byte	0xe
 1576 0383 50       		.byte	0x50
 1577 0384 03       		.byte	0x3
 1578 0385 62030000 		.4byte	0x362
 1579 0389 01       		.uleb128 0x1
 1580 038a 4A000000 		.4byte	.LASF66
 1581 038e 0F       		.byte	0xf
 1582 038f 6C       		.byte	0x6c
 1583 0390 12       		.byte	0x12
 1584 0391 DF000000 		.4byte	0xdf
 1585 0395 1D       		.uleb128 0x1d
 1586 0396 89030000 		.4byte	0x389
 1587 039a 01       		.uleb128 0x1
 1588 039b B5030000 		.4byte	.LASF67
 1589 039f 0F       		.byte	0xf
 1590 03a0 78       		.byte	0x78
 1591 03a1 12       		.byte	0x12
 1592 03a2 DF000000 		.4byte	0xdf
 1593 03a6 14       		.uleb128 0x14
 1594 03a7 3E040000 		.4byte	.LASF68
 1595 03ab A8       		.byte	0xa8
 1596 03ac 04       		.byte	0x4
ARM GAS  /tmp/ccN3AcAf.s 			page 29


 1597 03ad 0102     		.2byte	0x201
 1598 03af 08       		.byte	0x8
 1599 03b0 46040000 		.4byte	0x446
 1600 03b4 06       		.uleb128 0x6
 1601 03b5 6400     		.ascii	"d\000"
 1602 03b7 04       		.byte	0x4
 1603 03b8 0302     		.2byte	0x203
 1604 03ba 19       		.byte	0x19
 1605 03bb 46040000 		.4byte	0x446
 1606 03bf 00       		.byte	0
 1607 03c0 03       		.uleb128 0x3
 1608 03c1 87010000 		.4byte	.LASF69
 1609 03c5 04       		.byte	0x4
 1610 03c6 0402     		.2byte	0x204
 1611 03c8 19       		.byte	0x19
 1612 03c9 DF000000 		.4byte	0xdf
 1613 03cd 80       		.byte	0x80
 1614 03ce 06       		.uleb128 0x6
 1615 03cf 723400   		.ascii	"r4\000"
 1616 03d2 04       		.byte	0x4
 1617 03d3 0602     		.2byte	0x206
 1618 03d5 19       		.byte	0x19
 1619 03d6 DF000000 		.4byte	0xdf
 1620 03da 84       		.byte	0x84
 1621 03db 06       		.uleb128 0x6
 1622 03dc 723500   		.ascii	"r5\000"
 1623 03df 04       		.byte	0x4
 1624 03e0 0702     		.2byte	0x207
 1625 03e2 19       		.byte	0x19
 1626 03e3 DF000000 		.4byte	0xdf
 1627 03e7 88       		.byte	0x88
 1628 03e8 06       		.uleb128 0x6
 1629 03e9 723600   		.ascii	"r6\000"
 1630 03ec 04       		.byte	0x4
 1631 03ed 0802     		.2byte	0x208
 1632 03ef 19       		.byte	0x19
 1633 03f0 DF000000 		.4byte	0xdf
 1634 03f4 8C       		.byte	0x8c
 1635 03f5 06       		.uleb128 0x6
 1636 03f6 723700   		.ascii	"r7\000"
 1637 03f9 04       		.byte	0x4
 1638 03fa 0902     		.2byte	0x209
 1639 03fc 19       		.byte	0x19
 1640 03fd DF000000 		.4byte	0xdf
 1641 0401 90       		.byte	0x90
 1642 0402 06       		.uleb128 0x6
 1643 0403 723800   		.ascii	"r8\000"
 1644 0406 04       		.byte	0x4
 1645 0407 0A02     		.2byte	0x20a
 1646 0409 19       		.byte	0x19
 1647 040a DF000000 		.4byte	0xdf
 1648 040e 94       		.byte	0x94
 1649 040f 06       		.uleb128 0x6
 1650 0410 723900   		.ascii	"r9\000"
 1651 0413 04       		.byte	0x4
 1652 0414 0B02     		.2byte	0x20b
 1653 0416 19       		.byte	0x19
ARM GAS  /tmp/ccN3AcAf.s 			page 30


 1654 0417 DF000000 		.4byte	0xdf
 1655 041b 98       		.byte	0x98
 1656 041c 06       		.uleb128 0x6
 1657 041d 72313000 		.ascii	"r10\000"
 1658 0421 04       		.byte	0x4
 1659 0422 0C02     		.2byte	0x20c
 1660 0424 19       		.byte	0x19
 1661 0425 DF000000 		.4byte	0xdf
 1662 0429 9C       		.byte	0x9c
 1663 042a 06       		.uleb128 0x6
 1664 042b 72313100 		.ascii	"r11\000"
 1665 042f 04       		.byte	0x4
 1666 0430 0D02     		.2byte	0x20d
 1667 0432 19       		.byte	0x19
 1668 0433 DF000000 		.4byte	0xdf
 1669 0437 A0       		.byte	0xa0
 1670 0438 06       		.uleb128 0x6
 1671 0439 6C7200   		.ascii	"lr\000"
 1672 043c 04       		.byte	0x4
 1673 043d 0E02     		.2byte	0x20e
 1674 043f 19       		.byte	0x19
 1675 0440 DF000000 		.4byte	0xdf
 1676 0444 A4       		.byte	0xa4
 1677 0445 00       		.byte	0
 1678 0446 0E       		.uleb128 0xe
 1679 0447 EB000000 		.4byte	0xeb
 1680 044b 56040000 		.4byte	0x456
 1681 044f 0F       		.uleb128 0xf
 1682 0450 2D000000 		.4byte	0x2d
 1683 0454 0F       		.byte	0xf
 1684 0455 00       		.byte	0
 1685 0456 14       		.uleb128 0x14
 1686 0457 BC000000 		.4byte	.LASF70
 1687 045b 04       		.byte	0x4
 1688 045c 04       		.byte	0x4
 1689 045d 1702     		.2byte	0x217
 1690 045f 08       		.byte	0x8
 1691 0460 72040000 		.4byte	0x472
 1692 0464 06       		.uleb128 0x6
 1693 0465 737000   		.ascii	"sp\000"
 1694 0468 04       		.byte	0x4
 1695 0469 1802     		.2byte	0x218
 1696 046b 1A       		.byte	0x1a
 1697 046c 72040000 		.4byte	0x472
 1698 0470 00       		.byte	0
 1699 0471 00       		.byte	0
 1700 0472 04       		.uleb128 0x4
 1701 0473 A6030000 		.4byte	0x3a6
 1702 0477 01       		.uleb128 0x1
 1703 0478 0E040000 		.4byte	.LASF71
 1704 047c 02       		.byte	0x2
 1705 047d 31       		.byte	0x31
 1706 047e 18       		.byte	0x18
 1707 047f 83040000 		.4byte	0x483
 1708 0483 08       		.uleb128 0x8
 1709 0484 ED000000 		.4byte	.LASF72
 1710 0488 04       		.byte	0x4
ARM GAS  /tmp/ccN3AcAf.s 			page 31


 1711 0489 02       		.byte	0x2
 1712 048a 37       		.byte	0x37
 1713 048b 08       		.byte	0x8
 1714 048c 9E040000 		.4byte	0x49e
 1715 0490 02       		.uleb128 0x2
 1716 0491 88000000 		.4byte	.LASF73
 1717 0495 02       		.byte	0x2
 1718 0496 38       		.byte	0x38
 1719 0497 1A       		.byte	0x1a
 1720 0498 9E040000 		.4byte	0x49e
 1721 049c 00       		.byte	0
 1722 049d 00       		.byte	0
 1723 049e 04       		.uleb128 0x4
 1724 049f 77040000 		.4byte	0x477
 1725 04a3 01       		.uleb128 0x1
 1726 04a4 C3030000 		.4byte	.LASF74
 1727 04a8 02       		.byte	0x2
 1728 04a9 3E       		.byte	0x3e
 1729 04aa 19       		.byte	0x19
 1730 04ab B4040000 		.4byte	0x4b4
 1731 04af 09       		.uleb128 0x9
 1732 04b0 A3040000 		.4byte	0x4a3
 1733 04b4 08       		.uleb128 0x8
 1734 04b5 40060000 		.4byte	.LASF75
 1735 04b9 08       		.byte	0x8
 1736 04ba 02       		.byte	0x2
 1737 04bb 44       		.byte	0x44
 1738 04bc 08       		.byte	0x8
 1739 04bd DC040000 		.4byte	0x4dc
 1740 04c1 02       		.uleb128 0x2
 1741 04c2 88000000 		.4byte	.LASF73
 1742 04c6 02       		.byte	0x2
 1743 04c7 45       		.byte	0x45
 1744 04c8 1A       		.byte	0x1a
 1745 04c9 DC040000 		.4byte	0x4dc
 1746 04cd 00       		.byte	0
 1747 04ce 02       		.uleb128 0x2
 1748 04cf E8000000 		.4byte	.LASF76
 1749 04d3 02       		.byte	0x2
 1750 04d4 46       		.byte	0x46
 1751 04d5 1A       		.byte	0x1a
 1752 04d6 DC040000 		.4byte	0x4dc
 1753 04da 04       		.byte	0x4
 1754 04db 00       		.byte	0
 1755 04dc 04       		.uleb128 0x4
 1756 04dd A3040000 		.4byte	0x4a3
 1757 04e1 01       		.uleb128 0x1
 1758 04e2 0F020000 		.4byte	.LASF77
 1759 04e6 02       		.byte	0x2
 1760 04e7 4D       		.byte	0x4d
 1761 04e8 22       		.byte	0x22
 1762 04e9 ED040000 		.4byte	0x4ed
 1763 04ed 08       		.uleb128 0x8
 1764 04ee 2E060000 		.4byte	.LASF78
 1765 04f2 0C       		.byte	0xc
 1766 04f3 02       		.byte	0x2
 1767 04f4 54       		.byte	0x54
ARM GAS  /tmp/ccN3AcAf.s 			page 32


 1768 04f5 08       		.byte	0x8
 1769 04f6 22050000 		.4byte	0x522
 1770 04fa 02       		.uleb128 0x2
 1771 04fb 88000000 		.4byte	.LASF73
 1772 04ff 02       		.byte	0x2
 1773 0500 55       		.byte	0x55
 1774 0501 1A       		.byte	0x1a
 1775 0502 22050000 		.4byte	0x522
 1776 0506 00       		.byte	0
 1777 0507 02       		.uleb128 0x2
 1778 0508 E8000000 		.4byte	.LASF76
 1779 050c 02       		.byte	0x2
 1780 050d 56       		.byte	0x56
 1781 050e 1A       		.byte	0x1a
 1782 050f 22050000 		.4byte	0x522
 1783 0513 04       		.byte	0x4
 1784 0514 02       		.uleb128 0x2
 1785 0515 B1020000 		.4byte	.LASF79
 1786 0519 02       		.byte	0x2
 1787 051a 57       		.byte	0x57
 1788 051b 19       		.byte	0x19
 1789 051c 44010000 		.4byte	0x144
 1790 0520 08       		.byte	0x8
 1791 0521 00       		.byte	0
 1792 0522 04       		.uleb128 0x4
 1793 0523 E1040000 		.4byte	0x4e1
 1794 0527 01       		.uleb128 0x1
 1795 0528 D0020000 		.4byte	.LASF80
 1796 052c 02       		.byte	0x2
 1797 052d 5E       		.byte	0x5e
 1798 052e 1E       		.byte	0x1e
 1799 052f 33050000 		.4byte	0x533
 1800 0533 08       		.uleb128 0x8
 1801 0534 27010000 		.4byte	.LASF81
 1802 0538 0C       		.byte	0xc
 1803 0539 02       		.byte	0x2
 1804 053a 63       		.byte	0x63
 1805 053b 08       		.byte	0x8
 1806 053c 68050000 		.4byte	0x568
 1807 0540 02       		.uleb128 0x2
 1808 0541 88000000 		.4byte	.LASF73
 1809 0545 02       		.byte	0x2
 1810 0546 64       		.byte	0x64
 1811 0547 1A       		.byte	0x1a
 1812 0548 68050000 		.4byte	0x568
 1813 054c 00       		.byte	0
 1814 054d 02       		.uleb128 0x2
 1815 054e E8000000 		.4byte	.LASF76
 1816 0552 02       		.byte	0x2
 1817 0553 65       		.byte	0x65
 1818 0554 1A       		.byte	0x1a
 1819 0555 68050000 		.4byte	0x568
 1820 0559 04       		.byte	0x4
 1821 055a 02       		.uleb128 0x2
 1822 055b 44070000 		.4byte	.LASF82
 1823 055f 02       		.byte	0x2
 1824 0560 66       		.byte	0x66
ARM GAS  /tmp/ccN3AcAf.s 			page 33


 1825 0561 19       		.byte	0x19
 1826 0562 9A030000 		.4byte	0x39a
 1827 0566 08       		.byte	0x8
 1828 0567 00       		.byte	0
 1829 0568 04       		.uleb128 0x4
 1830 0569 27050000 		.4byte	0x527
 1831 056d 08       		.uleb128 0x8
 1832 056e E3010000 		.4byte	.LASF83
 1833 0572 18       		.byte	0x18
 1834 0573 0C       		.byte	0xc
 1835 0574 61       		.byte	0x61
 1836 0575 10       		.byte	0x10
 1837 0576 A2050000 		.4byte	0x5a2
 1838 057a 02       		.uleb128 0x2
 1839 057b 50050000 		.4byte	.LASF84
 1840 057f 0C       		.byte	0xc
 1841 0580 65       		.byte	0x65
 1842 0581 21       		.byte	0x21
 1843 0582 27050000 		.4byte	0x527
 1844 0586 00       		.byte	0
 1845 0587 02       		.uleb128 0x2
 1846 0588 EF030000 		.4byte	.LASF85
 1847 058c 0C       		.byte	0xc
 1848 058d 6A       		.byte	0x6a
 1849 058e 21       		.byte	0x21
 1850 058f 95030000 		.4byte	0x395
 1851 0593 0C       		.byte	0xc
 1852 0594 02       		.uleb128 0x2
 1853 0595 D7000000 		.4byte	.LASF86
 1854 0599 0C       		.byte	0xc
 1855 059a 7E       		.byte	0x7e
 1856 059b 21       		.byte	0x21
 1857 059c F7000000 		.4byte	0xf7
 1858 05a0 10       		.byte	0x10
 1859 05a1 00       		.byte	0
 1860 05a2 01       		.uleb128 0x1
 1861 05a3 80060000 		.4byte	.LASF87
 1862 05a7 0C       		.byte	0xc
 1863 05a8 80       		.byte	0x80
 1864 05a9 03       		.byte	0x3
 1865 05aa 6D050000 		.4byte	0x56d
 1866 05ae 08       		.uleb128 0x8
 1867 05af 38000000 		.4byte	.LASF88
 1868 05b3 08       		.byte	0x8
 1869 05b4 0C       		.byte	0xc
 1870 05b5 85       		.byte	0x85
 1871 05b6 10       		.byte	0x10
 1872 05b7 C9050000 		.4byte	0x5c9
 1873 05bb 02       		.uleb128 0x2
 1874 05bc 12060000 		.4byte	.LASF89
 1875 05c0 0C       		.byte	0xc
 1876 05c1 89       		.byte	0x89
 1877 05c2 21       		.byte	0x21
 1878 05c3 A3040000 		.4byte	0x4a3
 1879 05c7 00       		.byte	0
 1880 05c8 00       		.byte	0
 1881 05c9 01       		.uleb128 0x1
ARM GAS  /tmp/ccN3AcAf.s 			page 34


 1882 05ca 66030000 		.4byte	.LASF90
 1883 05ce 0C       		.byte	0xc
 1884 05cf 8A       		.byte	0x8a
 1885 05d0 03       		.byte	0x3
 1886 05d1 AE050000 		.4byte	0x5ae
 1887 05d5 01       		.uleb128 0x1
 1888 05d6 FE020000 		.4byte	.LASF91
 1889 05da 0C       		.byte	0xc
 1890 05db 8F       		.byte	0x8f
 1891 05dc 14       		.byte	0x14
 1892 05dd E1050000 		.4byte	0x5e1
 1893 05e1 04       		.uleb128 0x4
 1894 05e2 80010000 		.4byte	0x180
 1895 05e6 01       		.uleb128 0x1
 1896 05e7 91030000 		.4byte	.LASF92
 1897 05eb 0C       		.byte	0xc
 1898 05ec 9E       		.byte	0x9e
 1899 05ed 10       		.byte	0x10
 1900 05ee F2050000 		.4byte	0x5f2
 1901 05f2 04       		.uleb128 0x4
 1902 05f3 F7050000 		.4byte	0x5f7
 1903 05f7 36       		.uleb128 0x36
 1904 05f8 02060000 		.4byte	0x602
 1905 05fc 0C       		.uleb128 0xc
 1906 05fd E1050000 		.4byte	0x5e1
 1907 0601 00       		.byte	0
 1908 0602 25       		.uleb128 0x25
 1909 0603 0C       		.byte	0xc
 1910 0604 AA       		.byte	0xaa
 1911 0605 28060000 		.4byte	0x628
 1912 0609 1F       		.uleb128 0x1f
 1913 060a 11010000 		.4byte	.LASF93
 1914 060e AE       		.byte	0xae
 1915 060f 77040000 		.4byte	0x477
 1916 0613 1F       		.uleb128 0x1f
 1917 0614 12060000 		.4byte	.LASF89
 1918 0618 B2       		.byte	0xb2
 1919 0619 A3040000 		.4byte	0x4a3
 1920 061d 1F       		.uleb128 0x1f
 1921 061e A4010000 		.4byte	.LASF94
 1922 0622 B6       		.byte	0xb6
 1923 0623 E1040000 		.4byte	0x4e1
 1924 0627 00       		.byte	0
 1925 0628 25       		.uleb128 0x25
 1926 0629 04       		.byte	0x4
 1927 062a FF       		.byte	0xff
 1928 062b 84060000 		.4byte	0x684
 1929 062f 11       		.uleb128 0x11
 1930 0630 08020000 		.4byte	.LASF95
 1931 0634 0601     		.2byte	0x106
 1932 0636 21       		.byte	0x21
 1933 0637 50010000 		.4byte	0x150
 1934 063b 11       		.uleb128 0x11
 1935 063c D6070000 		.4byte	.LASF96
 1936 0640 0D01     		.2byte	0x10d
 1937 0642 21       		.byte	0x21
 1938 0643 50010000 		.4byte	0x150
ARM GAS  /tmp/ccN3AcAf.s 			page 35


 1939 0647 11       		.uleb128 0x11
 1940 0648 A4000000 		.4byte	.LASF97
 1941 064c 1401     		.2byte	0x114
 1942 064e 22       		.byte	0x22
 1943 064f AF000000 		.4byte	0xaf
 1944 0653 11       		.uleb128 0x11
 1945 0654 32070000 		.4byte	.LASF98
 1946 0658 1B01     		.2byte	0x11b
 1947 065a 22       		.byte	0x22
 1948 065b 84060000 		.4byte	0x684
 1949 065f 11       		.uleb128 0x11
 1950 0660 27060000 		.4byte	.LASF99
 1951 0664 2301     		.2byte	0x123
 1952 0666 22       		.byte	0x22
 1953 0667 B1060000 		.4byte	0x6b1
 1954 066b 11       		.uleb128 0x11
 1955 066c 0C000000 		.4byte	.LASF100
 1956 0670 2C01     		.2byte	0x12c
 1957 0672 22       		.byte	0x22
 1958 0673 EB060000 		.4byte	0x6eb
 1959 0677 11       		.uleb128 0x11
 1960 0678 E1000000 		.4byte	.LASF101
 1961 067c 3401     		.2byte	0x134
 1962 067e 21       		.byte	0x21
 1963 067f 5C010000 		.4byte	0x15c
 1964 0683 00       		.byte	0
 1965 0684 04       		.uleb128 0x4
 1966 0685 D5050000 		.4byte	0x5d5
 1967 0689 08       		.uleb128 0x8
 1968 068a 52010000 		.4byte	.LASF102
 1969 068e 0C       		.byte	0xc
 1970 068f 10       		.byte	0x10
 1971 0690 33       		.byte	0x33
 1972 0691 10       		.byte	0x10
 1973 0692 B1060000 		.4byte	0x6b1
 1974 0696 02       		.uleb128 0x2
 1975 0697 12060000 		.4byte	.LASF89
 1976 069b 10       		.byte	0x10
 1977 069c 34       		.byte	0x34
 1978 069d 19       		.byte	0x19
 1979 069e A3040000 		.4byte	0x4a3
 1980 06a2 00       		.byte	0
 1981 06a3 1E       		.uleb128 0x1e
 1982 06a4 636E7400 		.ascii	"cnt\000"
 1983 06a8 10       		.byte	0x10
 1984 06a9 36       		.byte	0x36
 1985 06aa 19       		.byte	0x19
 1986 06ab 68010000 		.4byte	0x168
 1987 06af 08       		.byte	0x8
 1988 06b0 00       		.byte	0
 1989 06b1 04       		.uleb128 0x4
 1990 06b2 89060000 		.4byte	0x689
 1991 06b6 08       		.uleb128 0x8
 1992 06b7 4B020000 		.4byte	.LASF103
 1993 06bb 10       		.byte	0x10
 1994 06bc 06       		.byte	0x6
 1995 06bd 38       		.byte	0x38
ARM GAS  /tmp/ccN3AcAf.s 			page 36


 1996 06be 08       		.byte	0x8
 1997 06bf EB060000 		.4byte	0x6eb
 1998 06c3 02       		.uleb128 0x2
 1999 06c4 12060000 		.4byte	.LASF89
 2000 06c8 06       		.byte	0x6
 2001 06c9 39       		.byte	0x39
 2002 06ca 19       		.byte	0x19
 2003 06cb A3040000 		.4byte	0x4a3
 2004 06cf 00       		.byte	0
 2005 06d0 02       		.uleb128 0x2
 2006 06d1 D5010000 		.4byte	.LASF32
 2007 06d5 06       		.byte	0x6
 2008 06d6 3B       		.byte	0x3b
 2009 06d7 1A       		.byte	0x1a
 2010 06d8 E1050000 		.4byte	0x5e1
 2011 06dc 08       		.byte	0x8
 2012 06dd 02       		.uleb128 0x2
 2013 06de 88000000 		.4byte	.LASF73
 2014 06e2 06       		.byte	0x6
 2015 06e3 3D       		.byte	0x3d
 2016 06e4 1A       		.byte	0x1a
 2017 06e5 B3070000 		.4byte	0x7b3
 2018 06e9 0C       		.byte	0xc
 2019 06ea 00       		.byte	0
 2020 06eb 04       		.uleb128 0x4
 2021 06ec B6060000 		.4byte	0x6b6
 2022 06f0 04       		.uleb128 0x4
 2023 06f1 96020000 		.4byte	0x296
 2024 06f5 04       		.uleb128 0x4
 2025 06f6 14010000 		.4byte	0x114
 2026 06fa 14       		.uleb128 0x14
 2027 06fb C9000000 		.4byte	.LASF104
 2028 06ff 10       		.byte	0x10
 2029 0700 0C       		.byte	0xc
 2030 0701 7501     		.2byte	0x175
 2031 0703 10       		.byte	0x10
 2032 0704 25070000 		.4byte	0x725
 2033 0708 03       		.uleb128 0x3
 2034 0709 A4010000 		.4byte	.LASF94
 2035 070d 0C       		.byte	0xc
 2036 070e 7A01     		.2byte	0x17a
 2037 0710 21       		.byte	0x21
 2038 0711 E1040000 		.4byte	0x4e1
 2039 0715 00       		.byte	0
 2040 0716 03       		.uleb128 0x3
 2041 0717 8A070000 		.4byte	.LASF105
 2042 071b 0C       		.byte	0xc
 2043 071c 7E01     		.2byte	0x17e
 2044 071e 22       		.byte	0x22
 2045 071f E1050000 		.4byte	0x5e1
 2046 0723 0C       		.byte	0xc
 2047 0724 00       		.byte	0
 2048 0725 26       		.uleb128 0x26
 2049 0726 F0050000 		.4byte	.LASF106
 2050 072a 7F01     		.2byte	0x17f
 2051 072c FA060000 		.4byte	0x6fa
 2052 0730 14       		.uleb128 0x14
ARM GAS  /tmp/ccN3AcAf.s 			page 37


 2053 0731 3A050000 		.4byte	.LASF107
 2054 0735 14       		.byte	0x14
 2055 0736 0C       		.byte	0xc
 2056 0737 8401     		.2byte	0x184
 2057 0739 10       		.byte	0x10
 2058 073a 85070000 		.4byte	0x785
 2059 073e 03       		.uleb128 0x3
 2060 073f 95050000 		.4byte	.LASF38
 2061 0743 0C       		.byte	0xc
 2062 0744 8801     		.2byte	0x188
 2063 0746 22       		.byte	0x22
 2064 0747 BD000000 		.4byte	0xbd
 2065 074b 00       		.byte	0
 2066 074c 03       		.uleb128 0x3
 2067 074d 00000000 		.4byte	.LASF108
 2068 0751 0C       		.byte	0xc
 2069 0752 8C01     		.2byte	0x18c
 2070 0754 22       		.byte	0x22
 2071 0755 F5060000 		.4byte	0x6f5
 2072 0759 04       		.byte	0x4
 2073 075a 03       		.uleb128 0x3
 2074 075b 2F050000 		.4byte	.LASF109
 2075 075f 0C       		.byte	0xc
 2076 0760 9001     		.2byte	0x190
 2077 0762 22       		.byte	0x22
 2078 0763 F5060000 		.4byte	0x6f5
 2079 0767 08       		.byte	0x8
 2080 0768 03       		.uleb128 0x3
 2081 0769 D8030000 		.4byte	.LASF110
 2082 076d 0C       		.byte	0xc
 2083 076e 9501     		.2byte	0x195
 2084 0770 22       		.byte	0x22
 2085 0771 F5060000 		.4byte	0x6f5
 2086 0775 0C       		.byte	0xc
 2087 0776 03       		.uleb128 0x3
 2088 0777 7E030000 		.4byte	.LASF111
 2089 077b 0C       		.byte	0xc
 2090 077c 9901     		.2byte	0x199
 2091 077e 22       		.byte	0x22
 2092 077f F5060000 		.4byte	0x6f5
 2093 0783 10       		.byte	0x10
 2094 0784 00       		.byte	0
 2095 0785 26       		.uleb128 0x26
 2096 0786 67010000 		.4byte	.LASF112
 2097 078a 9B01     		.2byte	0x19b
 2098 078c 30070000 		.4byte	0x730
 2099 0790 09       		.uleb128 0x9
 2100 0791 85070000 		.4byte	0x785
 2101 0795 04       		.uleb128 0x4
 2102 0796 90070000 		.4byte	0x790
 2103 079a 37       		.uleb128 0x37
 2104 079b 63683000 		.ascii	"ch0\000"
 2105 079f 03       		.byte	0x3
 2106 07a0 1E01     		.2byte	0x11e
 2107 07a2 16       		.byte	0x16
 2108 07a3 96020000 		.4byte	0x296
 2109 07a7 01       		.uleb128 0x1
ARM GAS  /tmp/ccN3AcAf.s 			page 38


 2110 07a8 49060000 		.4byte	.LASF113
 2111 07ac 06       		.byte	0x6
 2112 07ad 33       		.byte	0x33
 2113 07ae 19       		.byte	0x19
 2114 07af B6060000 		.4byte	0x6b6
 2115 07b3 04       		.uleb128 0x4
 2116 07b4 A7070000 		.4byte	0x7a7
 2117 07b8 08       		.uleb128 0x8
 2118 07b9 30020000 		.4byte	.LASF114
 2119 07bd 08       		.byte	0x8
 2120 07be 11       		.byte	0x11
 2121 07bf 3A       		.byte	0x3a
 2122 07c0 10       		.byte	0x10
 2123 07c1 D3070000 		.4byte	0x7d3
 2124 07c5 02       		.uleb128 0x2
 2125 07c6 12060000 		.4byte	.LASF89
 2126 07ca 11       		.byte	0x11
 2127 07cb 3B       		.byte	0x3b
 2128 07cc 19       		.byte	0x19
 2129 07cd A3040000 		.4byte	0x4a3
 2130 07d1 00       		.byte	0
 2131 07d2 00       		.byte	0
 2132 07d3 01       		.uleb128 0x1
 2133 07d4 5D000000 		.4byte	.LASF115
 2134 07d8 11       		.byte	0x11
 2135 07d9 3D       		.byte	0x3d
 2136 07da 03       		.byte	0x3
 2137 07db B8070000 		.4byte	0x7b8
 2138 07df 07       		.uleb128 0x7
 2139 07e0 01       		.byte	0x1
 2140 07e1 02       		.byte	0x2
 2141 07e2 23020000 		.4byte	.LASF116
 2142 07e6 27       		.uleb128 0x27
 2143 07e7 FD050000 		.4byte	.LASF121
 2144 07eb 91       		.byte	0x91
 2145 07ec 09       		.byte	0x9
 2146 07ed 50010000 		.4byte	0x150
 2147 07f1 00080000 		.4byte	0x800
 2148 07f5 0C       		.uleb128 0xc
 2149 07f6 2C010000 		.4byte	0x12c
 2150 07fa 0C       		.uleb128 0xc
 2151 07fb 9A030000 		.4byte	0x39a
 2152 07ff 00       		.byte	0
 2153 0800 15       		.uleb128 0x15
 2154 0801 12070000 		.4byte	.LASF117
 2155 0805 0B       		.byte	0xb
 2156 0806 E5       		.byte	0xe5
 2157 0807 11080000 		.4byte	0x811
 2158 080b 0C       		.uleb128 0xc
 2159 080c BD000000 		.4byte	0xbd
 2160 0810 00       		.byte	0
 2161 0811 15       		.uleb128 0x15
 2162 0812 C1050000 		.4byte	.LASF118
 2163 0816 06       		.byte	0x6
 2164 0817 68       		.byte	0x68
 2165 0818 22080000 		.4byte	0x822
 2166 081c 0C       		.uleb128 0xc
ARM GAS  /tmp/ccN3AcAf.s 			page 39


 2167 081d B3070000 		.4byte	0x7b3
 2168 0821 00       		.byte	0
 2169 0822 15       		.uleb128 0x15
 2170 0823 9A050000 		.4byte	.LASF119
 2171 0827 07       		.byte	0x7
 2172 0828 90       		.byte	0x90
 2173 0829 33080000 		.4byte	0x833
 2174 082d 0C       		.uleb128 0xc
 2175 082e 2C010000 		.4byte	0x12c
 2176 0832 00       		.byte	0
 2177 0833 15       		.uleb128 0x15
 2178 0834 A8050000 		.4byte	.LASF120
 2179 0838 06       		.byte	0x6
 2180 0839 6C       		.byte	0x6c
 2181 083a 44080000 		.4byte	0x844
 2182 083e 0C       		.uleb128 0xc
 2183 083f B3070000 		.4byte	0x7b3
 2184 0843 00       		.byte	0
 2185 0844 38       		.uleb128 0x38
 2186 0845 66020000 		.4byte	.LASF151
 2187 0849 07       		.byte	0x7
 2188 084a 93       		.byte	0x93
 2189 084b 08       		.byte	0x8
 2190 084c 27       		.uleb128 0x27
 2191 084d F5000000 		.4byte	.LASF122
 2192 0851 8F       		.byte	0x8f
 2193 0852 0D       		.byte	0xd
 2194 0853 E1050000 		.4byte	0x5e1
 2195 0857 61080000 		.4byte	0x861
 2196 085b 0C       		.uleb128 0xc
 2197 085c E1050000 		.4byte	0x5e1
 2198 0860 00       		.byte	0
 2199 0861 15       		.uleb128 0x15
 2200 0862 F4060000 		.4byte	.LASF123
 2201 0866 07       		.byte	0x7
 2202 0867 92       		.byte	0x92
 2203 0868 77080000 		.4byte	0x877
 2204 086c 0C       		.uleb128 0xc
 2205 086d E1050000 		.4byte	0x5e1
 2206 0871 0C       		.uleb128 0xc
 2207 0872 50010000 		.4byte	0x150
 2208 0876 00       		.byte	0
 2209 0877 28       		.uleb128 0x28
 2210 0878 77070000 		.4byte	.LASF126
 2211 087c 4301     		.2byte	0x143
 2212 087e 50010000 		.4byte	0x150
 2213 0882 00000000 		.4byte	.LFB216
 2214 0886 88000000 		.4byte	.LFE216-.LFB216
 2215 088a 01       		.uleb128 0x1
 2216 088b 9C       		.byte	0x9c
 2217 088c BB090000 		.4byte	0x9bb
 2218 0890 29       		.uleb128 0x29
 2219 0891 637000   		.ascii	"cp\000"
 2220 0894 4301     		.2byte	0x143
 2221 0896 30       		.byte	0x30
 2222 0897 BB090000 		.4byte	0x9bb
 2223 089b 10000000 		.4byte	.LLST41
ARM GAS  /tmp/ccN3AcAf.s 			page 40


 2224 089f 0C000000 		.4byte	.LVUS41
 2225 08a3 2A       		.uleb128 0x2a
 2226 08a4 96060000 		.4byte	.LASF124
 2227 08a8 4301     		.2byte	0x143
 2228 08aa 42       		.byte	0x42
 2229 08ab 9A030000 		.4byte	0x39a
 2230 08af 25000000 		.4byte	.LLST42
 2231 08b3 21000000 		.4byte	.LVUS42
 2232 08b7 39       		.uleb128 0x39
 2233 08b8 5F020000 		.4byte	.LASF125
 2234 08bc 01       		.byte	0x1
 2235 08bd 4401     		.2byte	0x144
 2236 08bf 0D       		.byte	0xd
 2237 08c0 E1050000 		.4byte	0x5e1
 2238 08c4 38000000 		.4byte	.LLST43
 2239 08c8 36000000 		.4byte	.LVUS43
 2240 08cc 20       		.uleb128 0x20
 2241 08cd 6D7000   		.ascii	"mp\000"
 2242 08d0 4501     		.2byte	0x145
 2243 08d2 0C       		.byte	0xc
 2244 08d3 B3070000 		.4byte	0x7b3
 2245 08d7 43000000 		.4byte	.LLST44
 2246 08db 41000000 		.4byte	.LVUS44
 2247 08df 20       		.uleb128 0x20
 2248 08e0 6D736700 		.ascii	"msg\000"
 2249 08e4 4601     		.2byte	0x146
 2250 08e6 09       		.byte	0x9
 2251 08e7 50010000 		.4byte	0x150
 2252 08eb 50000000 		.4byte	.LLST45
 2253 08ef 4C000000 		.4byte	.LVUS45
 2254 08f3 0D       		.uleb128 0xd
 2255 08f4 92070000 		.4byte	.LASF129
 2256 08f8 D0090000 		.4byte	0x9d0
 2257 08fc 12       		.uleb128 0x12
 2258 08fd 24100000 		.4byte	0x1024
 2259 0901 00000000 		.4byte	.LBI181
 2260 0905 02       		.byte	.LVU289
 2261 0906 A5000000 		.4byte	.LLRL46
 2262 090a 01       		.byte	0x1
 2263 090b 4401     		.2byte	0x144
 2264 090d 16       		.byte	0x16
 2265 090e 12       		.uleb128 0x12
 2266 090f 17100000 		.4byte	0x1017
 2267 0913 14000000 		.4byte	.LBI185
 2268 0917 02       		.byte	.LVU297
 2269 0918 B1000000 		.4byte	.LLRL47
 2270 091c 01       		.byte	0x1
 2271 091d 4501     		.2byte	0x145
 2272 091f 11       		.byte	0x11
 2273 0920 2B       		.uleb128 0x2b
 2274 0921 32100000 		.4byte	0x1032
 2275 0925 2C000000 		.4byte	.LBI189
 2276 0929 01       		.byte	.LVU316
 2277 092a BD000000 		.4byte	.LLRL48
 2278 092e 5201     		.2byte	0x152
 2279 0930 7D090000 		.4byte	0x97d
 2280 0934 05       		.uleb128 0x5
ARM GAS  /tmp/ccN3AcAf.s 			page 41


 2281 0935 48100000 		.4byte	0x1048
 2282 0939 62000000 		.4byte	.LLST49
 2283 093d 60000000 		.4byte	.LVUS49
 2284 0941 05       		.uleb128 0x5
 2285 0942 3D100000 		.4byte	0x103d
 2286 0946 6D000000 		.4byte	.LLST50
 2287 094a 6B000000 		.4byte	.LVUS50
 2288 094e 13       		.uleb128 0x13
 2289 094f BD000000 		.4byte	.LLRL48
 2290 0953 10       		.uleb128 0x10
 2291 0954 53100000 		.4byte	0x1053
 2292 0958 7C000000 		.4byte	.LLST51
 2293 095c 76000000 		.4byte	.LVUS51
 2294 0960 2C       		.uleb128 0x2c
 2295 0961 67100000 		.4byte	0x1067
 2296 0965 40000000 		.4byte	.LBB191
 2297 0969 04000000 		.4byte	.LBE191-.LBB191
 2298 096d 10       		.uleb128 0x10
 2299 096e 68100000 		.4byte	0x1068
 2300 0972 95000000 		.4byte	.LLST52
 2301 0976 91000000 		.4byte	.LVUS52
 2302 097a 00       		.byte	0
 2303 097b 00       		.byte	0
 2304 097c 00       		.byte	0
 2305 097d 1A       		.uleb128 0x1a
 2306 097e 24000000 		.4byte	.LVL50
 2307 0982 33080000 		.4byte	0x833
 2308 0986 91090000 		.4byte	0x991
 2309 098a 0A       		.uleb128 0xa
 2310 098b 01       		.uleb128 0x1
 2311 098c 50       		.byte	0x50
 2312 098d 02       		.uleb128 0x2
 2313 098e 76       		.byte	0x76
 2314 098f 00       		.sleb128 0
 2315 0990 00       		.byte	0
 2316 0991 1A       		.uleb128 0x1a
 2317 0992 6C000000 		.4byte	.LVL56
 2318 0996 E6070000 		.4byte	0x7e6
 2319 099a AA090000 		.4byte	0x9aa
 2320 099e 0A       		.uleb128 0xa
 2321 099f 01       		.uleb128 0x1
 2322 09a0 50       		.byte	0x50
 2323 09a1 01       		.uleb128 0x1
 2324 09a2 37       		.byte	0x37
 2325 09a3 0A       		.uleb128 0xa
 2326 09a4 01       		.uleb128 0x1
 2327 09a5 51       		.byte	0x51
 2328 09a6 02       		.uleb128 0x2
 2329 09a7 77       		.byte	0x77
 2330 09a8 00       		.sleb128 0
 2331 09a9 00       		.byte	0
 2332 09aa 16       		.uleb128 0x16
 2333 09ab 80000000 		.4byte	.LVL59
 2334 09af 11080000 		.4byte	0x811
 2335 09b3 0A       		.uleb128 0xa
 2336 09b4 01       		.uleb128 0x1
 2337 09b5 50       		.byte	0x50
ARM GAS  /tmp/ccN3AcAf.s 			page 42


 2338 09b6 02       		.uleb128 0x2
 2339 09b7 76       		.byte	0x76
 2340 09b8 00       		.sleb128 0
 2341 09b9 00       		.byte	0
 2342 09ba 00       		.byte	0
 2343 09bb 04       		.uleb128 0x4
 2344 09bc D3070000 		.4byte	0x7d3
 2345 09c0 0E       		.uleb128 0xe
 2346 09c1 B8000000 		.4byte	0xb8
 2347 09c5 D0090000 		.4byte	0x9d0
 2348 09c9 0F       		.uleb128 0xf
 2349 09ca 2D000000 		.4byte	0x2d
 2350 09ce 12       		.byte	0x12
 2351 09cf 00       		.byte	0
 2352 09d0 09       		.uleb128 0x9
 2353 09d1 C0090000 		.4byte	0x9c0
 2354 09d5 28       		.uleb128 0x28
 2355 09d6 EC020000 		.4byte	.LASF127
 2356 09da 1E01     		.2byte	0x11e
 2357 09dc 50010000 		.4byte	0x150
 2358 09e0 00000000 		.4byte	.LFB215
 2359 09e4 14000000 		.4byte	.LFE215-.LFB215
 2360 09e8 01       		.uleb128 0x1
 2361 09e9 9C       		.byte	0x9c
 2362 09ea A20A0000 		.4byte	0xaa2
 2363 09ee 29       		.uleb128 0x29
 2364 09ef 637000   		.ascii	"cp\000"
 2365 09f2 1E01     		.2byte	0x11e
 2366 09f4 2F       		.byte	0x2f
 2367 09f5 BB090000 		.4byte	0x9bb
 2368 09f9 A9000000 		.4byte	.LLST53
 2369 09fd A5000000 		.4byte	.LVUS53
 2370 0a01 2A       		.uleb128 0x2a
 2371 0a02 96060000 		.4byte	.LASF124
 2372 0a06 1E01     		.2byte	0x11e
 2373 0a08 41       		.byte	0x41
 2374 0a09 9A030000 		.4byte	0x39a
 2375 0a0d C6000000 		.4byte	.LLST54
 2376 0a11 C2000000 		.4byte	.LVUS54
 2377 0a15 20       		.uleb128 0x20
 2378 0a16 6D736700 		.ascii	"msg\000"
 2379 0a1a 1F01     		.2byte	0x11f
 2380 0a1c 09       		.byte	0x9
 2381 0a1d 50010000 		.4byte	0x150
 2382 0a21 E1000000 		.4byte	.LLST55
 2383 0a25 DF000000 		.4byte	.LVUS55
 2384 0a29 2B       		.uleb128 0x2b
 2385 0a2a 8C100000 		.4byte	0x108c
 2386 0a2e 00000000 		.4byte	.LBI198
 2387 0a32 03       		.byte	.LVU356
 2388 0a33 CF000000 		.4byte	.LLRL56
 2389 0a37 2101     		.2byte	0x121
 2390 0a39 500A0000 		.4byte	0xa50
 2391 0a3d 12       		.uleb128 0x12
 2392 0a3e 62110000 		.4byte	0x1162
 2393 0a42 00000000 		.4byte	.LBI199
 2394 0a46 05       		.byte	.LVU358
ARM GAS  /tmp/ccN3AcAf.s 			page 43


 2395 0a47 CF000000 		.4byte	.LLRL56
 2396 0a4b 03       		.byte	0x3
 2397 0a4c 7501     		.2byte	0x175
 2398 0a4e 03       		.byte	0x3
 2399 0a4f 00       		.byte	0
 2400 0a50 3A       		.uleb128 0x3a
 2401 0a51 76100000 		.4byte	0x1076
 2402 0a55 0C000000 		.4byte	.LBI204
 2403 0a59 01       		.byte	.LVU367
 2404 0a5a 0C000000 		.4byte	.LBB204
 2405 0a5e 04000000 		.4byte	.LBE204-.LBB204
 2406 0a62 01       		.byte	0x1
 2407 0a63 2301     		.2byte	0x123
 2408 0a65 03       		.byte	0x3
 2409 0a66 7D0A0000 		.4byte	0xa7d
 2410 0a6a 21       		.uleb128 0x21
 2411 0a6b 5A110000 		.4byte	0x115a
 2412 0a6f 0C000000 		.4byte	.LBI206
 2413 0a73 08       		.byte	.LVU374
 2414 0a74 0C000000 		.4byte	.LBB206
 2415 0a78 04000000 		.4byte	.LBE206-.LBB206
 2416 0a7c 00       		.byte	0
 2417 0a7d 16       		.uleb128 0x16
 2418 0a7e 0C000000 		.4byte	.LVL61
 2419 0a82 77080000 		.4byte	0x877
 2420 0a86 0A       		.uleb128 0xa
 2421 0a87 01       		.uleb128 0x1
 2422 0a88 50       		.byte	0x50
 2423 0a89 09       		.uleb128 0x9
 2424 0a8a A3       		.byte	0xa3
 2425 0a8b 03       		.uleb128 0x3
 2426 0a8c A5       		.byte	0xa5
 2427 0a8d 00       		.uleb128 0
 2428 0a8e 26       		.uleb128 0x26
 2429 0a8f A8       		.byte	0xa8
 2430 0a90 2D       		.uleb128 0x2d
 2431 0a91 A8       		.byte	0xa8
 2432 0a92 00       		.uleb128 0
 2433 0a93 0A       		.uleb128 0xa
 2434 0a94 01       		.uleb128 0x1
 2435 0a95 51       		.byte	0x51
 2436 0a96 09       		.uleb128 0x9
 2437 0a97 A3       		.byte	0xa3
 2438 0a98 03       		.uleb128 0x3
 2439 0a99 A5       		.byte	0xa5
 2440 0a9a 01       		.uleb128 0x1
 2441 0a9b 26       		.uleb128 0x26
 2442 0a9c A8       		.byte	0xa8
 2443 0a9d 2D       		.uleb128 0x2d
 2444 0a9e A8       		.byte	0xa8
 2445 0a9f 00       		.uleb128 0
 2446 0aa0 00       		.byte	0
 2447 0aa1 00       		.byte	0
 2448 0aa2 2D       		.uleb128 0x2d
 2449 0aa3 B5050000 		.4byte	.LASF128
 2450 0aa7 EB       		.byte	0xeb
 2451 0aa8 50010000 		.4byte	0x150
ARM GAS  /tmp/ccN3AcAf.s 			page 44


 2452 0aac 00000000 		.4byte	.LFB214
 2453 0ab0 78000000 		.4byte	.LFE214-.LFB214
 2454 0ab4 01       		.uleb128 0x1
 2455 0ab5 9C       		.byte	0x9c
 2456 0ab6 C90B0000 		.4byte	0xbc9
 2457 0aba 17       		.uleb128 0x17
 2458 0abb 637000   		.ascii	"cp\000"
 2459 0abe EB       		.byte	0xeb
 2460 0abf 29       		.byte	0x29
 2461 0ac0 BB090000 		.4byte	0x9bb
 2462 0ac4 EE000000 		.4byte	.LLST28
 2463 0ac8 EA000000 		.4byte	.LVUS28
 2464 0acc 3B       		.uleb128 0x3b
 2465 0acd 5F020000 		.4byte	.LASF125
 2466 0ad1 01       		.byte	0x1
 2467 0ad2 EC       		.byte	0xec
 2468 0ad3 0D       		.byte	0xd
 2469 0ad4 E1050000 		.4byte	0x5e1
 2470 0ad8 00010000 		.4byte	.LLST29
 2471 0adc FE000000 		.4byte	.LVUS29
 2472 0ae0 1B       		.uleb128 0x1b
 2473 0ae1 6D7000   		.ascii	"mp\000"
 2474 0ae4 ED       		.byte	0xed
 2475 0ae5 0C       		.byte	0xc
 2476 0ae6 B3070000 		.4byte	0x7b3
 2477 0aea 0B010000 		.4byte	.LLST30
 2478 0aee 09010000 		.4byte	.LVUS30
 2479 0af2 1B       		.uleb128 0x1b
 2480 0af3 6D736700 		.ascii	"msg\000"
 2481 0af7 EE       		.byte	0xee
 2482 0af8 09       		.byte	0x9
 2483 0af9 50010000 		.4byte	0x150
 2484 0afd 16010000 		.4byte	.LLST31
 2485 0b01 14010000 		.4byte	.LVUS31
 2486 0b05 0D       		.uleb128 0xd
 2487 0b06 92070000 		.4byte	.LASF129
 2488 0b0a D90B0000 		.4byte	0xbd9
 2489 0b0e 3C       		.uleb128 0x3c
 2490 0b0f 24100000 		.4byte	0x1024
 2491 0b13 00000000 		.4byte	.LBI151
 2492 0b17 02       		.byte	.LVU204
 2493 0b18 7E000000 		.4byte	.LLRL32
 2494 0b1c 01       		.byte	0x1
 2495 0b1d EC       		.byte	0xec
 2496 0b1e 16       		.byte	0x16
 2497 0b1f 3D       		.uleb128 0x3d
 2498 0b20 17100000 		.4byte	0x1017
 2499 0b24 14000000 		.4byte	.LBI155
 2500 0b28 02       		.byte	.LVU212
 2501 0b29 14000000 		.4byte	.LBB155
 2502 0b2d 04000000 		.4byte	.LBE155-.LBB155
 2503 0b31 01       		.byte	0x1
 2504 0b32 ED       		.byte	0xed
 2505 0b33 11       		.byte	0x11
 2506 0b34 0B       		.uleb128 0xb
 2507 0b35 32100000 		.4byte	0x1032
 2508 0b39 28000000 		.4byte	.LBI157
ARM GAS  /tmp/ccN3AcAf.s 			page 45


 2509 0b3d 01       		.byte	.LVU230
 2510 0b3e 8A000000 		.4byte	.LLRL33
 2511 0b42 FA       		.byte	0xfa
 2512 0b43 03       		.byte	0x3
 2513 0b44 910B0000 		.4byte	0xb91
 2514 0b48 05       		.uleb128 0x5
 2515 0b49 48100000 		.4byte	0x1048
 2516 0b4d 21010000 		.4byte	.LLST34
 2517 0b51 1F010000 		.4byte	.LVUS34
 2518 0b55 05       		.uleb128 0x5
 2519 0b56 3D100000 		.4byte	0x103d
 2520 0b5a 2C010000 		.4byte	.LLST35
 2521 0b5e 2A010000 		.4byte	.LVUS35
 2522 0b62 13       		.uleb128 0x13
 2523 0b63 8A000000 		.4byte	.LLRL33
 2524 0b67 10       		.uleb128 0x10
 2525 0b68 53100000 		.4byte	0x1053
 2526 0b6c 3B010000 		.4byte	.LLST36
 2527 0b70 35010000 		.4byte	.LVUS36
 2528 0b74 2C       		.uleb128 0x2c
 2529 0b75 67100000 		.4byte	0x1067
 2530 0b79 3C000000 		.4byte	.LBB159
 2531 0b7d 04000000 		.4byte	.LBE159-.LBB159
 2532 0b81 10       		.uleb128 0x10
 2533 0b82 68100000 		.4byte	0x1068
 2534 0b86 54010000 		.4byte	.LLST37
 2535 0b8a 50010000 		.4byte	.LVUS37
 2536 0b8e 00       		.byte	0
 2537 0b8f 00       		.byte	0
 2538 0b90 00       		.byte	0
 2539 0b91 1A       		.uleb128 0x1a
 2540 0b92 20000000 		.4byte	.LVL35
 2541 0b96 33080000 		.4byte	0x833
 2542 0b9a A50B0000 		.4byte	0xba5
 2543 0b9e 0A       		.uleb128 0xa
 2544 0b9f 01       		.uleb128 0x1
 2545 0ba0 50       		.byte	0x50
 2546 0ba1 02       		.uleb128 0x2
 2547 0ba2 76       		.byte	0x76
 2548 0ba3 00       		.sleb128 0
 2549 0ba4 00       		.byte	0
 2550 0ba5 1A       		.uleb128 0x1a
 2551 0ba6 64000000 		.4byte	.LVL41
 2552 0baa 22080000 		.4byte	0x822
 2553 0bae B80B0000 		.4byte	0xbb8
 2554 0bb2 0A       		.uleb128 0xa
 2555 0bb3 01       		.uleb128 0x1
 2556 0bb4 50       		.byte	0x50
 2557 0bb5 01       		.uleb128 0x1
 2558 0bb6 37       		.byte	0x37
 2559 0bb7 00       		.byte	0
 2560 0bb8 16       		.uleb128 0x16
 2561 0bb9 70000000 		.4byte	.LVL43
 2562 0bbd 11080000 		.4byte	0x811
 2563 0bc1 0A       		.uleb128 0xa
 2564 0bc2 01       		.uleb128 0x1
 2565 0bc3 50       		.byte	0x50
ARM GAS  /tmp/ccN3AcAf.s 			page 46


 2566 0bc4 02       		.uleb128 0x2
 2567 0bc5 76       		.byte	0x76
 2568 0bc6 00       		.sleb128 0
 2569 0bc7 00       		.byte	0
 2570 0bc8 00       		.byte	0
 2571 0bc9 0E       		.uleb128 0xe
 2572 0bca B8000000 		.4byte	0xb8
 2573 0bce D90B0000 		.4byte	0xbd9
 2574 0bd2 0F       		.uleb128 0xf
 2575 0bd3 2D000000 		.4byte	0x2d
 2576 0bd7 0B       		.byte	0xb
 2577 0bd8 00       		.byte	0
 2578 0bd9 09       		.uleb128 0x9
 2579 0bda C90B0000 		.4byte	0xbc9
 2580 0bde 2D       		.uleb128 0x2d
 2581 0bdf 7C010000 		.4byte	.LASF130
 2582 0be3 D1       		.byte	0xd1
 2583 0be4 50010000 		.4byte	0x150
 2584 0be8 00000000 		.4byte	.LFB213
 2585 0bec 14000000 		.4byte	.LFE213-.LFB213
 2586 0bf0 01       		.uleb128 0x1
 2587 0bf1 9C       		.byte	0x9c
 2588 0bf2 850C0000 		.4byte	0xc85
 2589 0bf6 17       		.uleb128 0x17
 2590 0bf7 637000   		.ascii	"cp\000"
 2591 0bfa D1       		.byte	0xd1
 2592 0bfb 28       		.byte	0x28
 2593 0bfc BB090000 		.4byte	0x9bb
 2594 0c00 68010000 		.4byte	.LLST38
 2595 0c04 64010000 		.4byte	.LVUS38
 2596 0c08 1B       		.uleb128 0x1b
 2597 0c09 6D736700 		.ascii	"msg\000"
 2598 0c0d D2       		.byte	0xd2
 2599 0c0e 09       		.byte	0x9
 2600 0c0f 50010000 		.4byte	0x150
 2601 0c13 83010000 		.4byte	.LLST39
 2602 0c17 81010000 		.4byte	.LVUS39
 2603 0c1b 0B       		.uleb128 0xb
 2604 0c1c 8C100000 		.4byte	0x108c
 2605 0c20 00000000 		.4byte	.LBI164
 2606 0c24 03       		.byte	.LVU265
 2607 0c25 99000000 		.4byte	.LLRL40
 2608 0c29 D4       		.byte	0xd4
 2609 0c2a 03       		.byte	0x3
 2610 0c2b 420C0000 		.4byte	0xc42
 2611 0c2f 12       		.uleb128 0x12
 2612 0c30 62110000 		.4byte	0x1162
 2613 0c34 00000000 		.4byte	.LBI165
 2614 0c38 05       		.byte	.LVU267
 2615 0c39 99000000 		.4byte	.LLRL40
 2616 0c3d 03       		.byte	0x3
 2617 0c3e 7501     		.2byte	0x175
 2618 0c40 03       		.byte	0x3
 2619 0c41 00       		.byte	0
 2620 0c42 1C       		.uleb128 0x1c
 2621 0c43 76100000 		.4byte	0x1076
 2622 0c47 0C000000 		.4byte	.LBI170
ARM GAS  /tmp/ccN3AcAf.s 			page 47


 2623 0c4b 01       		.byte	.LVU276
 2624 0c4c 0C000000 		.4byte	.LBB170
 2625 0c50 04000000 		.4byte	.LBE170-.LBB170
 2626 0c54 D6       		.byte	0xd6
 2627 0c55 03       		.byte	0x3
 2628 0c56 6D0C0000 		.4byte	0xc6d
 2629 0c5a 21       		.uleb128 0x21
 2630 0c5b 5A110000 		.4byte	0x115a
 2631 0c5f 0C000000 		.4byte	.LBI172
 2632 0c63 08       		.byte	.LVU283
 2633 0c64 0C000000 		.4byte	.LBB172
 2634 0c68 04000000 		.4byte	.LBE172-.LBB172
 2635 0c6c 00       		.byte	0
 2636 0c6d 16       		.uleb128 0x16
 2637 0c6e 0C000000 		.4byte	.LVL45
 2638 0c72 A20A0000 		.4byte	0xaa2
 2639 0c76 0A       		.uleb128 0xa
 2640 0c77 01       		.uleb128 0x1
 2641 0c78 50       		.byte	0x50
 2642 0c79 09       		.uleb128 0x9
 2643 0c7a A3       		.byte	0xa3
 2644 0c7b 03       		.uleb128 0x3
 2645 0c7c A5       		.byte	0xa5
 2646 0c7d 00       		.uleb128 0
 2647 0c7e 26       		.uleb128 0x26
 2648 0c7f A8       		.byte	0xa8
 2649 0c80 2D       		.uleb128 0x2d
 2650 0c81 A8       		.byte	0xa8
 2651 0c82 00       		.uleb128 0
 2652 0c83 00       		.byte	0
 2653 0c84 00       		.byte	0
 2654 0c85 3E       		.uleb128 0x3e
 2655 0c86 96020000 		.4byte	.LASF131
 2656 0c8a 01       		.byte	0x1
 2657 0c8b B3       		.byte	0xb3
 2658 0c8c 06       		.byte	0x6
 2659 0c8d 01       		.byte	0x1
 2660 0c8e A70C0000 		.4byte	0xca7
 2661 0c92 18       		.uleb128 0x18
 2662 0c93 637000   		.ascii	"cp\000"
 2663 0c96 01       		.byte	0x1
 2664 0c97 B3       		.byte	0xb3
 2665 0c98 2D       		.byte	0x2d
 2666 0c99 BB090000 		.4byte	0x9bb
 2667 0c9d 0D       		.uleb128 0xd
 2668 0c9e 92070000 		.4byte	.LASF129
 2669 0ca2 B70C0000 		.4byte	0xcb7
 2670 0ca6 00       		.byte	0
 2671 0ca7 0E       		.uleb128 0xe
 2672 0ca8 B8000000 		.4byte	0xb8
 2673 0cac B70C0000 		.4byte	0xcb7
 2674 0cb0 0F       		.uleb128 0xf
 2675 0cb1 2D000000 		.4byte	0x2d
 2676 0cb5 10       		.byte	0x10
 2677 0cb6 00       		.byte	0
 2678 0cb7 09       		.uleb128 0x9
 2679 0cb8 A70C0000 		.4byte	0xca7
ARM GAS  /tmp/ccN3AcAf.s 			page 48


 2680 0cbc 19       		.uleb128 0x19
 2681 0cbd 86020000 		.4byte	.LASF132
 2682 0cc1 A0       		.byte	0xa0
 2683 0cc2 00000000 		.4byte	.LFB211
 2684 0cc6 4C000000 		.4byte	.LFE211-.LFB211
 2685 0cca 01       		.uleb128 0x1
 2686 0ccb 9C       		.byte	0x9c
 2687 0ccc C40D0000 		.4byte	0xdc4
 2688 0cd0 17       		.uleb128 0x17
 2689 0cd1 637000   		.ascii	"cp\000"
 2690 0cd4 A0       		.byte	0xa0
 2691 0cd5 2C       		.byte	0x2c
 2692 0cd6 BB090000 		.4byte	0x9bb
 2693 0cda 92010000 		.4byte	.LLST14
 2694 0cde 8C010000 		.4byte	.LVUS14
 2695 0ce2 0B       		.uleb128 0xb
 2696 0ce3 8C100000 		.4byte	0x108c
 2697 0ce7 00000000 		.4byte	.LBI112
 2698 0ceb 02       		.byte	.LVU109
 2699 0cec 3C000000 		.4byte	.LLRL15
 2700 0cf0 A2       		.byte	0xa2
 2701 0cf1 03       		.byte	0x3
 2702 0cf2 090D0000 		.4byte	0xd09
 2703 0cf6 12       		.uleb128 0x12
 2704 0cf7 62110000 		.4byte	0x1162
 2705 0cfb 00000000 		.4byte	.LBI113
 2706 0cff 04       		.byte	.LVU111
 2707 0d00 3C000000 		.4byte	.LLRL15
 2708 0d04 03       		.byte	0x3
 2709 0d05 7501     		.2byte	0x175
 2710 0d07 03       		.byte	0x3
 2711 0d08 00       		.byte	0
 2712 0d09 1C       		.uleb128 0x1c
 2713 0d0a 850C0000 		.4byte	0xc85
 2714 0d0e 08000000 		.4byte	.LBI118
 2715 0d12 03       		.byte	.LVU118
 2716 0d13 08000000 		.4byte	.LBB118
 2717 0d17 38000000 		.4byte	.LBE118-.LBB118
 2718 0d1b A3       		.byte	0xa3
 2719 0d1c 03       		.byte	0x3
 2720 0d1d 8F0D0000 		.4byte	0xd8f
 2721 0d21 05       		.uleb128 0x5
 2722 0d22 920C0000 		.4byte	0xc92
 2723 0d26 B4010000 		.4byte	.LLST16
 2724 0d2a B0010000 		.4byte	.LVUS16
 2725 0d2e 0B       		.uleb128 0xb
 2726 0d2f D9100000 		.4byte	0x10d9
 2727 0d33 08000000 		.4byte	.LBI120
 2728 0d37 0A       		.byte	.LVU125
 2729 0d38 48000000 		.4byte	.LLRL17
 2730 0d3c BB       		.byte	0xbb
 2731 0d3d 0A       		.byte	0xa
 2732 0d3e 500D0000 		.4byte	0xd50
 2733 0d42 05       		.uleb128 0x5
 2734 0d43 E9100000 		.4byte	0x10e9
 2735 0d47 C8010000 		.4byte	.LLST18
 2736 0d4b C4010000 		.4byte	.LVUS18
ARM GAS  /tmp/ccN3AcAf.s 			page 49


 2737 0d4f 00       		.byte	0
 2738 0d50 0B       		.uleb128 0xb
 2739 0d51 94100000 		.4byte	0x1094
 2740 0d55 1C000000 		.4byte	.LBI124
 2741 0d59 01       		.byte	.LVU132
 2742 0d5a 57000000 		.4byte	.LLRL19
 2743 0d5e BC       		.byte	0xbc
 2744 0d5f 11       		.byte	0x11
 2745 0d60 850D0000 		.4byte	0xd85
 2746 0d64 05       		.uleb128 0x5
 2747 0d65 A4100000 		.4byte	0x10a4
 2748 0d69 DB010000 		.4byte	.LLST20
 2749 0d6d D9010000 		.4byte	.LVUS20
 2750 0d71 13       		.uleb128 0x13
 2751 0d72 57000000 		.4byte	.LLRL19
 2752 0d76 10       		.uleb128 0x10
 2753 0d77 B8100000 		.4byte	0x10b8
 2754 0d7b E6010000 		.4byte	.LLST21
 2755 0d7f E4010000 		.4byte	.LVUS21
 2756 0d83 00       		.byte	0
 2757 0d84 00       		.byte	0
 2758 0d85 22       		.uleb128 0x22
 2759 0d86 30000000 		.4byte	.LVL21
 2760 0d8a 4C080000 		.4byte	0x84c
 2761 0d8e 00       		.byte	0
 2762 0d8f 1C       		.uleb128 0x1c
 2763 0d90 76100000 		.4byte	0x1076
 2764 0d94 44000000 		.4byte	.LBI130
 2765 0d98 01       		.byte	.LVU156
 2766 0d99 44000000 		.4byte	.LBB130
 2767 0d9d 04000000 		.4byte	.LBE130-.LBB130
 2768 0da1 A5       		.byte	0xa5
 2769 0da2 03       		.byte	0x3
 2770 0da3 BA0D0000 		.4byte	0xdba
 2771 0da7 21       		.uleb128 0x21
 2772 0da8 5A110000 		.4byte	0x115a
 2773 0dac 44000000 		.4byte	.LBI132
 2774 0db0 08       		.byte	.LVU163
 2775 0db1 44000000 		.4byte	.LBB132
 2776 0db5 04000000 		.4byte	.LBE132-.LBB132
 2777 0db9 00       		.byte	0
 2778 0dba 22       		.uleb128 0x22
 2779 0dbb 44000000 		.4byte	.LVL24
 2780 0dbf 44080000 		.4byte	0x844
 2781 0dc3 00       		.byte	0
 2782 0dc4 19       		.uleb128 0x19
 2783 0dc5 13000000 		.4byte	.LASF133
 2784 0dc9 8D       		.byte	0x8d
 2785 0dca 00000000 		.4byte	.LFB210
 2786 0dce 28000000 		.4byte	.LFE210-.LFB210
 2787 0dd2 01       		.uleb128 0x1
 2788 0dd3 9C       		.byte	0x9c
 2789 0dd4 740E0000 		.4byte	0xe74
 2790 0dd8 17       		.uleb128 0x17
 2791 0dd9 637000   		.ascii	"cp\000"
 2792 0ddc 8D       		.byte	0x8d
 2793 0ddd 2A       		.byte	0x2a
ARM GAS  /tmp/ccN3AcAf.s 			page 50


 2794 0dde BB090000 		.4byte	0x9bb
 2795 0de2 F5010000 		.4byte	.LLST8
 2796 0de6 EF010000 		.4byte	.LVUS8
 2797 0dea 0D       		.uleb128 0xd
 2798 0deb 92070000 		.4byte	.LASF129
 2799 0def 840E0000 		.4byte	0xe84
 2800 0df3 3F       		.uleb128 0x3f
 2801 0df4 10000000 		.4byte	.LBB94
 2802 0df8 18000000 		.4byte	.LBE94-.LBB94
 2803 0dfc 510E0000 		.4byte	0xe51
 2804 0e00 1B       		.uleb128 0x1b
 2805 0e01 747000   		.ascii	"tp\000"
 2806 0e04 93       		.byte	0x93
 2807 0e05 0F       		.byte	0xf
 2808 0e06 E1050000 		.4byte	0x5e1
 2809 0e0a 15020000 		.4byte	.LLST10
 2810 0e0e 13020000 		.4byte	.LVUS10
 2811 0e12 0B       		.uleb128 0xb
 2812 0e13 94100000 		.4byte	0x1094
 2813 0e17 10000000 		.4byte	.LBI95
 2814 0e1b 01       		.byte	.LVU89
 2815 0e1c 30000000 		.4byte	.LLRL11
 2816 0e20 93       		.byte	0x93
 2817 0e21 14       		.byte	0x14
 2818 0e22 470E0000 		.4byte	0xe47
 2819 0e26 05       		.uleb128 0x5
 2820 0e27 A4100000 		.4byte	0x10a4
 2821 0e2b 20020000 		.4byte	.LLST12
 2822 0e2f 1E020000 		.4byte	.LVUS12
 2823 0e33 13       		.uleb128 0x13
 2824 0e34 30000000 		.4byte	.LLRL11
 2825 0e38 10       		.uleb128 0x10
 2826 0e39 B8100000 		.4byte	0x10b8
 2827 0e3d 2B020000 		.4byte	.LLST13
 2828 0e41 29020000 		.4byte	.LVUS13
 2829 0e45 00       		.byte	0
 2830 0e46 00       		.byte	0
 2831 0e47 40       		.uleb128 0x40
 2832 0e48 28000000 		.4byte	.LVL15
 2833 0e4c 4C080000 		.4byte	0x84c
 2834 0e50 00       		.byte	0
 2835 0e51 2E       		.uleb128 0x2e
 2836 0e52 D9100000 		.4byte	0x10d9
 2837 0e56 04000000 		.4byte	.LBI92
 2838 0e5a 00       		.byte	.LVU83
 2839 0e5b 04000000 		.4byte	.LBB92
 2840 0e5f 04000000 		.4byte	.LBE92-.LBB92
 2841 0e63 92       		.byte	0x92
 2842 0e64 07       		.byte	0x7
 2843 0e65 05       		.uleb128 0x5
 2844 0e66 E9100000 		.4byte	0x10e9
 2845 0e6a 36020000 		.4byte	.LLST9
 2846 0e6e 34020000 		.4byte	.LVUS9
 2847 0e72 00       		.byte	0
 2848 0e73 00       		.byte	0
 2849 0e74 0E       		.uleb128 0xe
 2850 0e75 B8000000 		.4byte	0xb8
ARM GAS  /tmp/ccN3AcAf.s 			page 51


 2851 0e79 840E0000 		.4byte	0xe84
 2852 0e7d 0F       		.uleb128 0xf
 2853 0e7e 2D000000 		.4byte	0x2d
 2854 0e82 0D       		.byte	0xd
 2855 0e83 00       		.byte	0
 2856 0e84 09       		.uleb128 0x9
 2857 0e85 740E0000 		.4byte	0xe74
 2858 0e89 19       		.uleb128 0x19
 2859 0e8a 71030000 		.4byte	.LASF134
 2860 0e8e 77       		.byte	0x77
 2861 0e8f 00000000 		.4byte	.LFB209
 2862 0e93 3C000000 		.4byte	.LFE209-.LFB209
 2863 0e97 01       		.uleb128 0x1
 2864 0e98 9C       		.byte	0x9c
 2865 0e99 770F0000 		.4byte	0xf77
 2866 0e9d 17       		.uleb128 0x17
 2867 0e9e 637000   		.ascii	"cp\000"
 2868 0ea1 77       		.byte	0x77
 2869 0ea2 29       		.byte	0x29
 2870 0ea3 BB090000 		.4byte	0x9bb
 2871 0ea7 47020000 		.4byte	.LLST1
 2872 0eab 3F020000 		.4byte	.LVUS1
 2873 0eaf 0D       		.uleb128 0xd
 2874 0eb0 92070000 		.4byte	.LASF129
 2875 0eb4 870F0000 		.4byte	0xf87
 2876 0eb8 0B       		.uleb128 0xb
 2877 0eb9 8C100000 		.4byte	0x108c
 2878 0ebd 00000000 		.4byte	.LBI72
 2879 0ec1 05       		.byte	.LVU25
 2880 0ec2 0C000000 		.4byte	.LLRL2
 2881 0ec6 7B       		.byte	0x7b
 2882 0ec7 03       		.byte	0x3
 2883 0ec8 DF0E0000 		.4byte	0xedf
 2884 0ecc 12       		.uleb128 0x12
 2885 0ecd 62110000 		.4byte	0x1162
 2886 0ed1 00000000 		.4byte	.LBI73
 2887 0ed5 07       		.byte	.LVU27
 2888 0ed6 0C000000 		.4byte	.LLRL2
 2889 0eda 03       		.byte	0x3
 2890 0edb 7501     		.2byte	0x175
 2891 0edd 03       		.byte	0x3
 2892 0ede 00       		.byte	0
 2893 0edf 1C       		.uleb128 0x1c
 2894 0ee0 D9100000 		.4byte	0x10d9
 2895 0ee4 08000000 		.4byte	.LBI78
 2896 0ee8 03       		.byte	.LVU34
 2897 0ee9 08000000 		.4byte	.LBB78
 2898 0eed 04000000 		.4byte	.LBE78-.LBB78
 2899 0ef1 7C       		.byte	0x7c
 2900 0ef2 07       		.byte	0x7
 2901 0ef3 050F0000 		.4byte	0xf05
 2902 0ef7 05       		.uleb128 0x5
 2903 0ef8 E9100000 		.4byte	0x10e9
 2904 0efc 6C020000 		.4byte	.LLST3
 2905 0f00 6A020000 		.4byte	.LVUS3
 2906 0f04 00       		.byte	0
 2907 0f05 0B       		.uleb128 0xb
ARM GAS  /tmp/ccN3AcAf.s 			page 52


 2908 0f06 94100000 		.4byte	0x1094
 2909 0f0a 14000000 		.4byte	.LBI80
 2910 0f0e 01       		.byte	.LVU40
 2911 0f0f 18000000 		.4byte	.LLRL4
 2912 0f13 7D       		.byte	0x7d
 2913 0f14 12       		.byte	0x12
 2914 0f15 3A0F0000 		.4byte	0xf3a
 2915 0f19 05       		.uleb128 0x5
 2916 0f1a A4100000 		.4byte	0x10a4
 2917 0f1e 77020000 		.4byte	.LLST5
 2918 0f22 75020000 		.4byte	.LVUS5
 2919 0f26 13       		.uleb128 0x13
 2920 0f27 18000000 		.4byte	.LLRL4
 2921 0f2b 10       		.uleb128 0x10
 2922 0f2c B8100000 		.4byte	0x10b8
 2923 0f30 82020000 		.4byte	.LLST6
 2924 0f34 80020000 		.4byte	.LVUS6
 2925 0f38 00       		.byte	0
 2926 0f39 00       		.byte	0
 2927 0f3a 0B       		.uleb128 0xb
 2928 0f3b 76100000 		.4byte	0x1076
 2929 0f3f 2C000000 		.4byte	.LBI84
 2930 0f43 01       		.byte	.LVU56
 2931 0f44 24000000 		.4byte	.LLRL7
 2932 0f48 7F       		.byte	0x7f
 2933 0f49 03       		.byte	0x3
 2934 0f4a 670F0000 		.4byte	0xf67
 2935 0f4e 13       		.uleb128 0x13
 2936 0f4f 24000000 		.4byte	.LLRL7
 2937 0f53 12       		.uleb128 0x12
 2938 0f54 5A110000 		.4byte	0x115a
 2939 0f58 2C000000 		.4byte	.LBI86
 2940 0f5c 08       		.byte	.LVU63
 2941 0f5d 24000000 		.4byte	.LLRL7
 2942 0f61 03       		.byte	0x3
 2943 0f62 8E01     		.2byte	0x18e
 2944 0f64 03       		.byte	0x3
 2945 0f65 00       		.byte	0
 2946 0f66 00       		.byte	0
 2947 0f67 16       		.uleb128 0x16
 2948 0f68 2C000000 		.4byte	.LVL8
 2949 0f6c 61080000 		.4byte	0x861
 2950 0f70 0A       		.uleb128 0xa
 2951 0f71 01       		.uleb128 0x1
 2952 0f72 51       		.byte	0x51
 2953 0f73 01       		.uleb128 0x1
 2954 0f74 30       		.byte	0x30
 2955 0f75 00       		.byte	0
 2956 0f76 00       		.byte	0
 2957 0f77 0E       		.uleb128 0xe
 2958 0f78 B8000000 		.4byte	0xb8
 2959 0f7c 870F0000 		.4byte	0xf87
 2960 0f80 0F       		.uleb128 0xf
 2961 0f81 2D000000 		.4byte	0x2d
 2962 0f85 0C       		.byte	0xc
 2963 0f86 00       		.byte	0
 2964 0f87 09       		.uleb128 0x9
ARM GAS  /tmp/ccN3AcAf.s 			page 53


 2965 0f88 770F0000 		.4byte	0xf77
 2966 0f8c 19       		.uleb128 0x19
 2967 0f8d 71050000 		.4byte	.LASF135
 2968 0f91 62       		.byte	0x62
 2969 0f92 00000000 		.4byte	.LFB208
 2970 0f96 04000000 		.4byte	.LFE208-.LFB208
 2971 0f9a 01       		.uleb128 0x1
 2972 0f9b 9C       		.byte	0x9c
 2973 0f9c B60F0000 		.4byte	0xfb6
 2974 0fa0 2F       		.uleb128 0x2f
 2975 0fa1 637000   		.ascii	"cp\000"
 2976 0fa4 62       		.byte	0x62
 2977 0fa5 30       		.byte	0x30
 2978 0fa6 BB090000 		.4byte	0x9bb
 2979 0faa 01       		.uleb128 0x1
 2980 0fab 50       		.byte	0x50
 2981 0fac 0D       		.uleb128 0xd
 2982 0fad 92070000 		.4byte	.LASF129
 2983 0fb1 C60F0000 		.4byte	0xfc6
 2984 0fb5 00       		.byte	0
 2985 0fb6 0E       		.uleb128 0xe
 2986 0fb7 B8000000 		.4byte	0xb8
 2987 0fbb C60F0000 		.4byte	0xfc6
 2988 0fbf 0F       		.uleb128 0xf
 2989 0fc0 2D000000 		.4byte	0x2d
 2990 0fc4 13       		.byte	0x13
 2991 0fc5 00       		.byte	0
 2992 0fc6 09       		.uleb128 0x9
 2993 0fc7 B60F0000 		.4byte	0xfb6
 2994 0fcb 19       		.uleb128 0x19
 2995 0fcc 16010000 		.4byte	.LASF136
 2996 0fd0 4C       		.byte	0x4c
 2997 0fd1 00000000 		.4byte	.LFB207
 2998 0fd5 0C000000 		.4byte	.LFE207-.LFB207
 2999 0fd9 01       		.uleb128 0x1
 3000 0fda 9C       		.byte	0x9c
 3001 0fdb 17100000 		.4byte	0x1017
 3002 0fdf 2F       		.uleb128 0x2f
 3003 0fe0 637000   		.ascii	"cp\000"
 3004 0fe3 4C       		.byte	0x4c
 3005 0fe4 2D       		.byte	0x2d
 3006 0fe5 BB090000 		.4byte	0x9bb
 3007 0fe9 01       		.uleb128 0x1
 3008 0fea 50       		.byte	0x50
 3009 0feb 0D       		.uleb128 0xd
 3010 0fec 92070000 		.4byte	.LASF129
 3011 0ff0 B70C0000 		.4byte	0xcb7
 3012 0ff4 2E       		.uleb128 0x2e
 3013 0ff5 FA100000 		.4byte	0x10fa
 3014 0ff9 00000000 		.4byte	.LBI70
 3015 0ffd 05       		.byte	.LVU5
 3016 0ffe 00000000 		.4byte	.LBB70
 3017 1002 08000000 		.4byte	.LBE70-.LBB70
 3018 1006 50       		.byte	0x50
 3019 1007 03       		.byte	0x3
 3020 1008 05       		.uleb128 0x5
 3021 1009 06110000 		.4byte	0x1106
ARM GAS  /tmp/ccN3AcAf.s 			page 54


 3022 100d 8D020000 		.4byte	.LLST0
 3023 1011 8B020000 		.4byte	.LVUS0
 3024 1015 00       		.byte	0
 3025 1016 00       		.byte	0
 3026 1017 41       		.uleb128 0x41
 3027 1018 C3070000 		.4byte	.LASF137
 3028 101c 06       		.byte	0x6
 3029 101d 9F       		.byte	0x9f
 3030 101e 18       		.byte	0x18
 3031 101f B3070000 		.4byte	0x7b3
 3032 1023 03       		.byte	0x3
 3033 1024 42       		.uleb128 0x42
 3034 1025 C7010000 		.4byte	.LASF138
 3035 1029 05       		.byte	0x5
 3036 102a 0E02     		.2byte	0x20e
 3037 102c 19       		.byte	0x19
 3038 102d E1050000 		.4byte	0x5e1
 3039 1031 03       		.byte	0x3
 3040 1032 30       		.uleb128 0x30
 3041 1033 A2030000 		.4byte	.LASF139
 3042 1037 07       		.byte	0x7
 3043 1038 A7       		.byte	0xa7
 3044 1039 76100000 		.4byte	0x1076
 3045 103d 18       		.uleb128 0x18
 3046 103e 717000   		.ascii	"qp\000"
 3047 1041 07       		.byte	0x7
 3048 1042 A7       		.byte	0xa7
 3049 1043 33       		.byte	0x33
 3050 1044 DC040000 		.4byte	0x4dc
 3051 1048 18       		.uleb128 0x18
 3052 1049 747000   		.ascii	"tp\000"
 3053 104c 07       		.byte	0x7
 3054 104d A7       		.byte	0xa7
 3055 104e 43       		.byte	0x43
 3056 104f DC040000 		.4byte	0x4dc
 3057 1053 43       		.uleb128 0x43
 3058 1054 637000   		.ascii	"cp\000"
 3059 1057 07       		.byte	0x7
 3060 1058 A9       		.byte	0xa9
 3061 1059 0F       		.byte	0xf
 3062 105a DC040000 		.4byte	0x4dc
 3063 105e 0D       		.uleb128 0xd
 3064 105f 92070000 		.4byte	.LASF129
 3065 1063 D0090000 		.4byte	0x9d0
 3066 1067 44       		.uleb128 0x44
 3067 1068 45       		.uleb128 0x45
 3068 1069 88000000 		.4byte	.LASF73
 3069 106d 07       		.byte	0x7
 3070 106e AB       		.byte	0xab
 3071 106f 11       		.byte	0x11
 3072 1070 DC040000 		.4byte	0x4dc
 3073 1074 00       		.byte	0
 3074 1075 00       		.byte	0
 3075 1076 31       		.uleb128 0x31
 3076 1077 BB010000 		.4byte	.LASF140
 3077 107b 03       		.byte	0x3
 3078 107c 8101     		.2byte	0x181
ARM GAS  /tmp/ccN3AcAf.s 			page 55


 3079 107e 8C100000 		.4byte	0x108c
 3080 1082 0D       		.uleb128 0xd
 3081 1083 92070000 		.4byte	.LASF129
 3082 1087 D90B0000 		.4byte	0xbd9
 3083 108b 00       		.byte	0
 3084 108c 23       		.uleb128 0x23
 3085 108d A7020000 		.4byte	.LASF145
 3086 1091 03       		.byte	0x3
 3087 1092 7301     		.2byte	0x173
 3088 1094 32       		.uleb128 0x32
 3089 1095 B6020000 		.4byte	.LASF141
 3090 1099 5501     		.2byte	0x155
 3091 109b 1B       		.byte	0x1b
 3092 109c DC040000 		.4byte	0x4dc
 3093 10a0 C4100000 		.4byte	0x10c4
 3094 10a4 24       		.uleb128 0x24
 3095 10a5 717000   		.ascii	"qp\000"
 3096 10a8 5501     		.2byte	0x155
 3097 10aa 3C       		.byte	0x3c
 3098 10ab DC040000 		.4byte	0x4dc
 3099 10af 0D       		.uleb128 0xd
 3100 10b0 92070000 		.4byte	.LASF129
 3101 10b4 D4100000 		.4byte	0x10d4
 3102 10b8 46       		.uleb128 0x46
 3103 10b9 7000     		.ascii	"p\000"
 3104 10bb 02       		.byte	0x2
 3105 10bc 5901     		.2byte	0x159
 3106 10be 0F       		.byte	0xf
 3107 10bf DC040000 		.4byte	0x4dc
 3108 10c3 00       		.byte	0
 3109 10c4 0E       		.uleb128 0xe
 3110 10c5 B8000000 		.4byte	0xb8
 3111 10c9 D4100000 		.4byte	0x10d4
 3112 10cd 0F       		.uleb128 0xf
 3113 10ce 2D000000 		.4byte	0x2d
 3114 10d2 14       		.byte	0x14
 3115 10d3 00       		.byte	0
 3116 10d4 09       		.uleb128 0x9
 3117 10d5 C4100000 		.4byte	0x10c4
 3118 10d9 32       		.uleb128 0x32
 3119 10da 5F050000 		.4byte	.LASF142
 3120 10de 3601     		.2byte	0x136
 3121 10e0 14       		.byte	0x14
 3122 10e1 DF070000 		.4byte	0x7df
 3123 10e5 F5100000 		.4byte	0x10f5
 3124 10e9 24       		.uleb128 0x24
 3125 10ea 717000   		.ascii	"qp\000"
 3126 10ed 3601     		.2byte	0x136
 3127 10ef 38       		.byte	0x38
 3128 10f0 F5100000 		.4byte	0x10f5
 3129 10f4 00       		.byte	0
 3130 10f5 04       		.uleb128 0x4
 3131 10f6 AF040000 		.4byte	0x4af
 3132 10fa 31       		.uleb128 0x31
 3133 10fb 51060000 		.4byte	.LASF143
 3134 10ff 02       		.byte	0x2
 3135 1100 1B01     		.2byte	0x11b
ARM GAS  /tmp/ccN3AcAf.s 			page 56


 3136 1102 12110000 		.4byte	0x1112
 3137 1106 24       		.uleb128 0x24
 3138 1107 717000   		.ascii	"qp\000"
 3139 110a 1B01     		.2byte	0x11b
 3140 110c 2E       		.byte	0x2e
 3141 110d DC040000 		.4byte	0x4dc
 3142 1111 00       		.byte	0
 3143 1112 30       		.uleb128 0x30
 3144 1113 4A070000 		.4byte	.LASF144
 3145 1117 12       		.byte	0x12
 3146 1118 97       		.byte	0x97
 3147 1119 3F110000 		.4byte	0x113f
 3148 111d 18       		.uleb128 0x18
 3149 111e 6C00     		.ascii	"l\000"
 3150 1120 12       		.byte	0x12
 3151 1121 97       		.byte	0x97
 3152 1122 32       		.byte	0x32
 3153 1123 34000000 		.4byte	0x34
 3154 1127 18       		.uleb128 0x18
 3155 1128 7000     		.ascii	"p\000"
 3156 112a 12       		.byte	0x12
 3157 112b 97       		.byte	0x97
 3158 112c 41       		.byte	0x41
 3159 112d 3F110000 		.4byte	0x113f
 3160 1131 47       		.uleb128 0x47
 3161 1132 92070000 		.4byte	.LASF129
 3162 1136 55110000 		.4byte	0x1155
 3163 113a 4A070000 		.4byte	.LASF144
 3164 113e 00       		.byte	0
 3165 113f 04       		.uleb128 0x4
 3166 1140 44110000 		.4byte	0x1144
 3167 1144 48       		.uleb128 0x48
 3168 1145 0E       		.uleb128 0xe
 3169 1146 B8000000 		.4byte	0xb8
 3170 114a 55110000 		.4byte	0x1155
 3171 114e 0F       		.uleb128 0xf
 3172 114f 2D000000 		.4byte	0x2d
 3173 1153 19       		.byte	0x19
 3174 1154 00       		.byte	0
 3175 1155 09       		.uleb128 0x9
 3176 1156 45110000 		.4byte	0x1145
 3177 115a 23       		.uleb128 0x23
 3178 115b 9B070000 		.4byte	.LASF146
 3179 115f 04       		.byte	0x4
 3180 1160 EF02     		.2byte	0x2ef
 3181 1162 23       		.uleb128 0x23
 3182 1163 AB000000 		.4byte	.LASF147
 3183 1167 04       		.byte	0x4
 3184 1168 E302     		.2byte	0x2e3
 3185 116a 49       		.uleb128 0x49
 3186 116b 850C0000 		.4byte	0xc85
 3187 116f 00000000 		.4byte	.LFB212
 3188 1173 40000000 		.4byte	.LFE212-.LFB212
 3189 1177 01       		.uleb128 0x1
 3190 1178 9C       		.byte	0x9c
 3191 1179 05       		.uleb128 0x5
 3192 117a 920C0000 		.4byte	0xc92
ARM GAS  /tmp/ccN3AcAf.s 			page 57


 3193 117e 9A020000 		.4byte	.LLST22
 3194 1182 96020000 		.4byte	.LVUS22
 3195 1186 0B       		.uleb128 0xb
 3196 1187 D9100000 		.4byte	0x10d9
 3197 118b 00000000 		.4byte	.LBI134
 3198 118f 07       		.byte	.LVU173
 3199 1190 63000000 		.4byte	.LLRL23
 3200 1194 BB       		.byte	0xbb
 3201 1195 0A       		.byte	0xa
 3202 1196 A8110000 		.4byte	0x11a8
 3203 119a 05       		.uleb128 0x5
 3204 119b E9100000 		.4byte	0x10e9
 3205 119f AE020000 		.4byte	.LLST24
 3206 11a3 AA020000 		.4byte	.LVUS24
 3207 11a7 00       		.byte	0
 3208 11a8 0B       		.uleb128 0xb
 3209 11a9 94100000 		.4byte	0x1094
 3210 11ad 18000000 		.4byte	.LBI138
 3211 11b1 01       		.byte	.LVU181
 3212 11b2 72000000 		.4byte	.LLRL25
 3213 11b6 BC       		.byte	0xbc
 3214 11b7 11       		.byte	0x11
 3215 11b8 DD110000 		.4byte	0x11dd
 3216 11bc 05       		.uleb128 0x5
 3217 11bd A4100000 		.4byte	0x10a4
 3218 11c1 C1020000 		.4byte	.LLST26
 3219 11c5 BF020000 		.4byte	.LVUS26
 3220 11c9 13       		.uleb128 0x13
 3221 11ca 72000000 		.4byte	.LLRL25
 3222 11ce 10       		.uleb128 0x10
 3223 11cf B8100000 		.4byte	0x10b8
 3224 11d3 CC020000 		.4byte	.LLST27
 3225 11d7 CA020000 		.4byte	.LVUS27
 3226 11db 00       		.byte	0
 3227 11dc 00       		.byte	0
 3228 11dd 22       		.uleb128 0x22
 3229 11de 2C000000 		.4byte	.LVL29
 3230 11e2 4C080000 		.4byte	0x84c
 3231 11e6 00       		.byte	0
 3232 11e7 00       		.byte	0
 3233              		.section	.debug_abbrev,"",%progbits
 3234              	.Ldebug_abbrev0:
 3235 0000 01       		.uleb128 0x1
 3236 0001 16       		.uleb128 0x16
 3237 0002 00       		.byte	0
 3238 0003 03       		.uleb128 0x3
 3239 0004 0E       		.uleb128 0xe
 3240 0005 3A       		.uleb128 0x3a
 3241 0006 0B       		.uleb128 0xb
 3242 0007 3B       		.uleb128 0x3b
 3243 0008 0B       		.uleb128 0xb
 3244 0009 39       		.uleb128 0x39
 3245 000a 0B       		.uleb128 0xb
 3246 000b 49       		.uleb128 0x49
 3247 000c 13       		.uleb128 0x13
 3248 000d 00       		.byte	0
 3249 000e 00       		.byte	0
ARM GAS  /tmp/ccN3AcAf.s 			page 58


 3250 000f 02       		.uleb128 0x2
 3251 0010 0D       		.uleb128 0xd
 3252 0011 00       		.byte	0
 3253 0012 03       		.uleb128 0x3
 3254 0013 0E       		.uleb128 0xe
 3255 0014 3A       		.uleb128 0x3a
 3256 0015 0B       		.uleb128 0xb
 3257 0016 3B       		.uleb128 0x3b
 3258 0017 0B       		.uleb128 0xb
 3259 0018 39       		.uleb128 0x39
 3260 0019 0B       		.uleb128 0xb
 3261 001a 49       		.uleb128 0x49
 3262 001b 13       		.uleb128 0x13
 3263 001c 38       		.uleb128 0x38
 3264 001d 0B       		.uleb128 0xb
 3265 001e 00       		.byte	0
 3266 001f 00       		.byte	0
 3267 0020 03       		.uleb128 0x3
 3268 0021 0D       		.uleb128 0xd
 3269 0022 00       		.byte	0
 3270 0023 03       		.uleb128 0x3
 3271 0024 0E       		.uleb128 0xe
 3272 0025 3A       		.uleb128 0x3a
 3273 0026 0B       		.uleb128 0xb
 3274 0027 3B       		.uleb128 0x3b
 3275 0028 05       		.uleb128 0x5
 3276 0029 39       		.uleb128 0x39
 3277 002a 0B       		.uleb128 0xb
 3278 002b 49       		.uleb128 0x49
 3279 002c 13       		.uleb128 0x13
 3280 002d 38       		.uleb128 0x38
 3281 002e 0B       		.uleb128 0xb
 3282 002f 00       		.byte	0
 3283 0030 00       		.byte	0
 3284 0031 04       		.uleb128 0x4
 3285 0032 0F       		.uleb128 0xf
 3286 0033 00       		.byte	0
 3287 0034 0B       		.uleb128 0xb
 3288 0035 21       		.uleb128 0x21
 3289 0036 04       		.sleb128 4
 3290 0037 49       		.uleb128 0x49
 3291 0038 13       		.uleb128 0x13
 3292 0039 00       		.byte	0
 3293 003a 00       		.byte	0
 3294 003b 05       		.uleb128 0x5
 3295 003c 05       		.uleb128 0x5
 3296 003d 00       		.byte	0
 3297 003e 31       		.uleb128 0x31
 3298 003f 13       		.uleb128 0x13
 3299 0040 02       		.uleb128 0x2
 3300 0041 17       		.uleb128 0x17
 3301 0042 B742     		.uleb128 0x2137
 3302 0044 17       		.uleb128 0x17
 3303 0045 00       		.byte	0
 3304 0046 00       		.byte	0
 3305 0047 06       		.uleb128 0x6
 3306 0048 0D       		.uleb128 0xd
ARM GAS  /tmp/ccN3AcAf.s 			page 59


 3307 0049 00       		.byte	0
 3308 004a 03       		.uleb128 0x3
 3309 004b 08       		.uleb128 0x8
 3310 004c 3A       		.uleb128 0x3a
 3311 004d 0B       		.uleb128 0xb
 3312 004e 3B       		.uleb128 0x3b
 3313 004f 05       		.uleb128 0x5
 3314 0050 39       		.uleb128 0x39
 3315 0051 0B       		.uleb128 0xb
 3316 0052 49       		.uleb128 0x49
 3317 0053 13       		.uleb128 0x13
 3318 0054 38       		.uleb128 0x38
 3319 0055 0B       		.uleb128 0xb
 3320 0056 00       		.byte	0
 3321 0057 00       		.byte	0
 3322 0058 07       		.uleb128 0x7
 3323 0059 24       		.uleb128 0x24
 3324 005a 00       		.byte	0
 3325 005b 0B       		.uleb128 0xb
 3326 005c 0B       		.uleb128 0xb
 3327 005d 3E       		.uleb128 0x3e
 3328 005e 0B       		.uleb128 0xb
 3329 005f 03       		.uleb128 0x3
 3330 0060 0E       		.uleb128 0xe
 3331 0061 00       		.byte	0
 3332 0062 00       		.byte	0
 3333 0063 08       		.uleb128 0x8
 3334 0064 13       		.uleb128 0x13
 3335 0065 01       		.byte	0x1
 3336 0066 03       		.uleb128 0x3
 3337 0067 0E       		.uleb128 0xe
 3338 0068 0B       		.uleb128 0xb
 3339 0069 0B       		.uleb128 0xb
 3340 006a 3A       		.uleb128 0x3a
 3341 006b 0B       		.uleb128 0xb
 3342 006c 3B       		.uleb128 0x3b
 3343 006d 0B       		.uleb128 0xb
 3344 006e 39       		.uleb128 0x39
 3345 006f 0B       		.uleb128 0xb
 3346 0070 01       		.uleb128 0x1
 3347 0071 13       		.uleb128 0x13
 3348 0072 00       		.byte	0
 3349 0073 00       		.byte	0
 3350 0074 09       		.uleb128 0x9
 3351 0075 26       		.uleb128 0x26
 3352 0076 00       		.byte	0
 3353 0077 49       		.uleb128 0x49
 3354 0078 13       		.uleb128 0x13
 3355 0079 00       		.byte	0
 3356 007a 00       		.byte	0
 3357 007b 0A       		.uleb128 0xa
 3358 007c 49       		.uleb128 0x49
 3359 007d 00       		.byte	0
 3360 007e 02       		.uleb128 0x2
 3361 007f 18       		.uleb128 0x18
 3362 0080 7E       		.uleb128 0x7e
 3363 0081 18       		.uleb128 0x18
ARM GAS  /tmp/ccN3AcAf.s 			page 60


 3364 0082 00       		.byte	0
 3365 0083 00       		.byte	0
 3366 0084 0B       		.uleb128 0xb
 3367 0085 1D       		.uleb128 0x1d
 3368 0086 01       		.byte	0x1
 3369 0087 31       		.uleb128 0x31
 3370 0088 13       		.uleb128 0x13
 3371 0089 52       		.uleb128 0x52
 3372 008a 01       		.uleb128 0x1
 3373 008b B842     		.uleb128 0x2138
 3374 008d 0B       		.uleb128 0xb
 3375 008e 55       		.uleb128 0x55
 3376 008f 17       		.uleb128 0x17
 3377 0090 58       		.uleb128 0x58
 3378 0091 21       		.uleb128 0x21
 3379 0092 01       		.sleb128 1
 3380 0093 59       		.uleb128 0x59
 3381 0094 0B       		.uleb128 0xb
 3382 0095 57       		.uleb128 0x57
 3383 0096 0B       		.uleb128 0xb
 3384 0097 01       		.uleb128 0x1
 3385 0098 13       		.uleb128 0x13
 3386 0099 00       		.byte	0
 3387 009a 00       		.byte	0
 3388 009b 0C       		.uleb128 0xc
 3389 009c 05       		.uleb128 0x5
 3390 009d 00       		.byte	0
 3391 009e 49       		.uleb128 0x49
 3392 009f 13       		.uleb128 0x13
 3393 00a0 00       		.byte	0
 3394 00a1 00       		.byte	0
 3395 00a2 0D       		.uleb128 0xd
 3396 00a3 34       		.uleb128 0x34
 3397 00a4 00       		.byte	0
 3398 00a5 03       		.uleb128 0x3
 3399 00a6 0E       		.uleb128 0xe
 3400 00a7 49       		.uleb128 0x49
 3401 00a8 13       		.uleb128 0x13
 3402 00a9 34       		.uleb128 0x34
 3403 00aa 19       		.uleb128 0x19
 3404 00ab 00       		.byte	0
 3405 00ac 00       		.byte	0
 3406 00ad 0E       		.uleb128 0xe
 3407 00ae 01       		.uleb128 0x1
 3408 00af 01       		.byte	0x1
 3409 00b0 49       		.uleb128 0x49
 3410 00b1 13       		.uleb128 0x13
 3411 00b2 01       		.uleb128 0x1
 3412 00b3 13       		.uleb128 0x13
 3413 00b4 00       		.byte	0
 3414 00b5 00       		.byte	0
 3415 00b6 0F       		.uleb128 0xf
 3416 00b7 21       		.uleb128 0x21
 3417 00b8 00       		.byte	0
 3418 00b9 49       		.uleb128 0x49
 3419 00ba 13       		.uleb128 0x13
 3420 00bb 2F       		.uleb128 0x2f
ARM GAS  /tmp/ccN3AcAf.s 			page 61


 3421 00bc 0B       		.uleb128 0xb
 3422 00bd 00       		.byte	0
 3423 00be 00       		.byte	0
 3424 00bf 10       		.uleb128 0x10
 3425 00c0 34       		.uleb128 0x34
 3426 00c1 00       		.byte	0
 3427 00c2 31       		.uleb128 0x31
 3428 00c3 13       		.uleb128 0x13
 3429 00c4 02       		.uleb128 0x2
 3430 00c5 17       		.uleb128 0x17
 3431 00c6 B742     		.uleb128 0x2137
 3432 00c8 17       		.uleb128 0x17
 3433 00c9 00       		.byte	0
 3434 00ca 00       		.byte	0
 3435 00cb 11       		.uleb128 0x11
 3436 00cc 0D       		.uleb128 0xd
 3437 00cd 00       		.byte	0
 3438 00ce 03       		.uleb128 0x3
 3439 00cf 0E       		.uleb128 0xe
 3440 00d0 3A       		.uleb128 0x3a
 3441 00d1 21       		.uleb128 0x21
 3442 00d2 0C       		.sleb128 12
 3443 00d3 3B       		.uleb128 0x3b
 3444 00d4 05       		.uleb128 0x5
 3445 00d5 39       		.uleb128 0x39
 3446 00d6 0B       		.uleb128 0xb
 3447 00d7 49       		.uleb128 0x49
 3448 00d8 13       		.uleb128 0x13
 3449 00d9 00       		.byte	0
 3450 00da 00       		.byte	0
 3451 00db 12       		.uleb128 0x12
 3452 00dc 1D       		.uleb128 0x1d
 3453 00dd 00       		.byte	0
 3454 00de 31       		.uleb128 0x31
 3455 00df 13       		.uleb128 0x13
 3456 00e0 52       		.uleb128 0x52
 3457 00e1 01       		.uleb128 0x1
 3458 00e2 B842     		.uleb128 0x2138
 3459 00e4 0B       		.uleb128 0xb
 3460 00e5 55       		.uleb128 0x55
 3461 00e6 17       		.uleb128 0x17
 3462 00e7 58       		.uleb128 0x58
 3463 00e8 0B       		.uleb128 0xb
 3464 00e9 59       		.uleb128 0x59
 3465 00ea 05       		.uleb128 0x5
 3466 00eb 57       		.uleb128 0x57
 3467 00ec 0B       		.uleb128 0xb
 3468 00ed 00       		.byte	0
 3469 00ee 00       		.byte	0
 3470 00ef 13       		.uleb128 0x13
 3471 00f0 0B       		.uleb128 0xb
 3472 00f1 01       		.byte	0x1
 3473 00f2 55       		.uleb128 0x55
 3474 00f3 17       		.uleb128 0x17
 3475 00f4 00       		.byte	0
 3476 00f5 00       		.byte	0
 3477 00f6 14       		.uleb128 0x14
ARM GAS  /tmp/ccN3AcAf.s 			page 62


 3478 00f7 13       		.uleb128 0x13
 3479 00f8 01       		.byte	0x1
 3480 00f9 03       		.uleb128 0x3
 3481 00fa 0E       		.uleb128 0xe
 3482 00fb 0B       		.uleb128 0xb
 3483 00fc 0B       		.uleb128 0xb
 3484 00fd 3A       		.uleb128 0x3a
 3485 00fe 0B       		.uleb128 0xb
 3486 00ff 3B       		.uleb128 0x3b
 3487 0100 05       		.uleb128 0x5
 3488 0101 39       		.uleb128 0x39
 3489 0102 0B       		.uleb128 0xb
 3490 0103 01       		.uleb128 0x1
 3491 0104 13       		.uleb128 0x13
 3492 0105 00       		.byte	0
 3493 0106 00       		.byte	0
 3494 0107 15       		.uleb128 0x15
 3495 0108 2E       		.uleb128 0x2e
 3496 0109 01       		.byte	0x1
 3497 010a 3F       		.uleb128 0x3f
 3498 010b 19       		.uleb128 0x19
 3499 010c 03       		.uleb128 0x3
 3500 010d 0E       		.uleb128 0xe
 3501 010e 3A       		.uleb128 0x3a
 3502 010f 0B       		.uleb128 0xb
 3503 0110 3B       		.uleb128 0x3b
 3504 0111 0B       		.uleb128 0xb
 3505 0112 39       		.uleb128 0x39
 3506 0113 21       		.uleb128 0x21
 3507 0114 08       		.sleb128 8
 3508 0115 27       		.uleb128 0x27
 3509 0116 19       		.uleb128 0x19
 3510 0117 3C       		.uleb128 0x3c
 3511 0118 19       		.uleb128 0x19
 3512 0119 01       		.uleb128 0x1
 3513 011a 13       		.uleb128 0x13
 3514 011b 00       		.byte	0
 3515 011c 00       		.byte	0
 3516 011d 16       		.uleb128 0x16
 3517 011e 48       		.uleb128 0x48
 3518 011f 01       		.byte	0x1
 3519 0120 7D       		.uleb128 0x7d
 3520 0121 01       		.uleb128 0x1
 3521 0122 7F       		.uleb128 0x7f
 3522 0123 13       		.uleb128 0x13
 3523 0124 00       		.byte	0
 3524 0125 00       		.byte	0
 3525 0126 17       		.uleb128 0x17
 3526 0127 05       		.uleb128 0x5
 3527 0128 00       		.byte	0
 3528 0129 03       		.uleb128 0x3
 3529 012a 08       		.uleb128 0x8
 3530 012b 3A       		.uleb128 0x3a
 3531 012c 21       		.uleb128 0x21
 3532 012d 01       		.sleb128 1
 3533 012e 3B       		.uleb128 0x3b
 3534 012f 0B       		.uleb128 0xb
ARM GAS  /tmp/ccN3AcAf.s 			page 63


 3535 0130 39       		.uleb128 0x39
 3536 0131 0B       		.uleb128 0xb
 3537 0132 49       		.uleb128 0x49
 3538 0133 13       		.uleb128 0x13
 3539 0134 02       		.uleb128 0x2
 3540 0135 17       		.uleb128 0x17
 3541 0136 B742     		.uleb128 0x2137
 3542 0138 17       		.uleb128 0x17
 3543 0139 00       		.byte	0
 3544 013a 00       		.byte	0
 3545 013b 18       		.uleb128 0x18
 3546 013c 05       		.uleb128 0x5
 3547 013d 00       		.byte	0
 3548 013e 03       		.uleb128 0x3
 3549 013f 08       		.uleb128 0x8
 3550 0140 3A       		.uleb128 0x3a
 3551 0141 0B       		.uleb128 0xb
 3552 0142 3B       		.uleb128 0x3b
 3553 0143 0B       		.uleb128 0xb
 3554 0144 39       		.uleb128 0x39
 3555 0145 0B       		.uleb128 0xb
 3556 0146 49       		.uleb128 0x49
 3557 0147 13       		.uleb128 0x13
 3558 0148 00       		.byte	0
 3559 0149 00       		.byte	0
 3560 014a 19       		.uleb128 0x19
 3561 014b 2E       		.uleb128 0x2e
 3562 014c 01       		.byte	0x1
 3563 014d 3F       		.uleb128 0x3f
 3564 014e 19       		.uleb128 0x19
 3565 014f 03       		.uleb128 0x3
 3566 0150 0E       		.uleb128 0xe
 3567 0151 3A       		.uleb128 0x3a
 3568 0152 21       		.uleb128 0x21
 3569 0153 01       		.sleb128 1
 3570 0154 3B       		.uleb128 0x3b
 3571 0155 0B       		.uleb128 0xb
 3572 0156 39       		.uleb128 0x39
 3573 0157 21       		.uleb128 0x21
 3574 0158 06       		.sleb128 6
 3575 0159 27       		.uleb128 0x27
 3576 015a 19       		.uleb128 0x19
 3577 015b 11       		.uleb128 0x11
 3578 015c 01       		.uleb128 0x1
 3579 015d 12       		.uleb128 0x12
 3580 015e 06       		.uleb128 0x6
 3581 015f 40       		.uleb128 0x40
 3582 0160 18       		.uleb128 0x18
 3583 0161 7A       		.uleb128 0x7a
 3584 0162 19       		.uleb128 0x19
 3585 0163 01       		.uleb128 0x1
 3586 0164 13       		.uleb128 0x13
 3587 0165 00       		.byte	0
 3588 0166 00       		.byte	0
 3589 0167 1A       		.uleb128 0x1a
 3590 0168 48       		.uleb128 0x48
 3591 0169 01       		.byte	0x1
ARM GAS  /tmp/ccN3AcAf.s 			page 64


 3592 016a 7D       		.uleb128 0x7d
 3593 016b 01       		.uleb128 0x1
 3594 016c 7F       		.uleb128 0x7f
 3595 016d 13       		.uleb128 0x13
 3596 016e 01       		.uleb128 0x1
 3597 016f 13       		.uleb128 0x13
 3598 0170 00       		.byte	0
 3599 0171 00       		.byte	0
 3600 0172 1B       		.uleb128 0x1b
 3601 0173 34       		.uleb128 0x34
 3602 0174 00       		.byte	0
 3603 0175 03       		.uleb128 0x3
 3604 0176 08       		.uleb128 0x8
 3605 0177 3A       		.uleb128 0x3a
 3606 0178 21       		.uleb128 0x21
 3607 0179 01       		.sleb128 1
 3608 017a 3B       		.uleb128 0x3b
 3609 017b 0B       		.uleb128 0xb
 3610 017c 39       		.uleb128 0x39
 3611 017d 0B       		.uleb128 0xb
 3612 017e 49       		.uleb128 0x49
 3613 017f 13       		.uleb128 0x13
 3614 0180 02       		.uleb128 0x2
 3615 0181 17       		.uleb128 0x17
 3616 0182 B742     		.uleb128 0x2137
 3617 0184 17       		.uleb128 0x17
 3618 0185 00       		.byte	0
 3619 0186 00       		.byte	0
 3620 0187 1C       		.uleb128 0x1c
 3621 0188 1D       		.uleb128 0x1d
 3622 0189 01       		.byte	0x1
 3623 018a 31       		.uleb128 0x31
 3624 018b 13       		.uleb128 0x13
 3625 018c 52       		.uleb128 0x52
 3626 018d 01       		.uleb128 0x1
 3627 018e B842     		.uleb128 0x2138
 3628 0190 0B       		.uleb128 0xb
 3629 0191 11       		.uleb128 0x11
 3630 0192 01       		.uleb128 0x1
 3631 0193 12       		.uleb128 0x12
 3632 0194 06       		.uleb128 0x6
 3633 0195 58       		.uleb128 0x58
 3634 0196 21       		.uleb128 0x21
 3635 0197 01       		.sleb128 1
 3636 0198 59       		.uleb128 0x59
 3637 0199 0B       		.uleb128 0xb
 3638 019a 57       		.uleb128 0x57
 3639 019b 0B       		.uleb128 0xb
 3640 019c 01       		.uleb128 0x1
 3641 019d 13       		.uleb128 0x13
 3642 019e 00       		.byte	0
 3643 019f 00       		.byte	0
 3644 01a0 1D       		.uleb128 0x1d
 3645 01a1 35       		.uleb128 0x35
 3646 01a2 00       		.byte	0
 3647 01a3 49       		.uleb128 0x49
 3648 01a4 13       		.uleb128 0x13
ARM GAS  /tmp/ccN3AcAf.s 			page 65


 3649 01a5 00       		.byte	0
 3650 01a6 00       		.byte	0
 3651 01a7 1E       		.uleb128 0x1e
 3652 01a8 0D       		.uleb128 0xd
 3653 01a9 00       		.byte	0
 3654 01aa 03       		.uleb128 0x3
 3655 01ab 08       		.uleb128 0x8
 3656 01ac 3A       		.uleb128 0x3a
 3657 01ad 0B       		.uleb128 0xb
 3658 01ae 3B       		.uleb128 0x3b
 3659 01af 0B       		.uleb128 0xb
 3660 01b0 39       		.uleb128 0x39
 3661 01b1 0B       		.uleb128 0xb
 3662 01b2 49       		.uleb128 0x49
 3663 01b3 13       		.uleb128 0x13
 3664 01b4 38       		.uleb128 0x38
 3665 01b5 0B       		.uleb128 0xb
 3666 01b6 00       		.byte	0
 3667 01b7 00       		.byte	0
 3668 01b8 1F       		.uleb128 0x1f
 3669 01b9 0D       		.uleb128 0xd
 3670 01ba 00       		.byte	0
 3671 01bb 03       		.uleb128 0x3
 3672 01bc 0E       		.uleb128 0xe
 3673 01bd 3A       		.uleb128 0x3a
 3674 01be 21       		.uleb128 0x21
 3675 01bf 0C       		.sleb128 12
 3676 01c0 3B       		.uleb128 0x3b
 3677 01c1 0B       		.uleb128 0xb
 3678 01c2 39       		.uleb128 0x39
 3679 01c3 21       		.uleb128 0x21
 3680 01c4 21       		.sleb128 33
 3681 01c5 49       		.uleb128 0x49
 3682 01c6 13       		.uleb128 0x13
 3683 01c7 00       		.byte	0
 3684 01c8 00       		.byte	0
 3685 01c9 20       		.uleb128 0x20
 3686 01ca 34       		.uleb128 0x34
 3687 01cb 00       		.byte	0
 3688 01cc 03       		.uleb128 0x3
 3689 01cd 08       		.uleb128 0x8
 3690 01ce 3A       		.uleb128 0x3a
 3691 01cf 21       		.uleb128 0x21
 3692 01d0 01       		.sleb128 1
 3693 01d1 3B       		.uleb128 0x3b
 3694 01d2 05       		.uleb128 0x5
 3695 01d3 39       		.uleb128 0x39
 3696 01d4 0B       		.uleb128 0xb
 3697 01d5 49       		.uleb128 0x49
 3698 01d6 13       		.uleb128 0x13
 3699 01d7 02       		.uleb128 0x2
 3700 01d8 17       		.uleb128 0x17
 3701 01d9 B742     		.uleb128 0x2137
 3702 01db 17       		.uleb128 0x17
 3703 01dc 00       		.byte	0
 3704 01dd 00       		.byte	0
 3705 01de 21       		.uleb128 0x21
ARM GAS  /tmp/ccN3AcAf.s 			page 66


 3706 01df 1D       		.uleb128 0x1d
 3707 01e0 00       		.byte	0
 3708 01e1 31       		.uleb128 0x31
 3709 01e2 13       		.uleb128 0x13
 3710 01e3 52       		.uleb128 0x52
 3711 01e4 01       		.uleb128 0x1
 3712 01e5 B842     		.uleb128 0x2138
 3713 01e7 0B       		.uleb128 0xb
 3714 01e8 11       		.uleb128 0x11
 3715 01e9 01       		.uleb128 0x1
 3716 01ea 12       		.uleb128 0x12
 3717 01eb 06       		.uleb128 0x6
 3718 01ec 58       		.uleb128 0x58
 3719 01ed 21       		.uleb128 0x21
 3720 01ee 03       		.sleb128 3
 3721 01ef 59       		.uleb128 0x59
 3722 01f0 21       		.uleb128 0x21
 3723 01f1 8E03     		.sleb128 398
 3724 01f3 57       		.uleb128 0x57
 3725 01f4 21       		.uleb128 0x21
 3726 01f5 03       		.sleb128 3
 3727 01f6 00       		.byte	0
 3728 01f7 00       		.byte	0
 3729 01f8 22       		.uleb128 0x22
 3730 01f9 48       		.uleb128 0x48
 3731 01fa 00       		.byte	0
 3732 01fb 7D       		.uleb128 0x7d
 3733 01fc 01       		.uleb128 0x1
 3734 01fd 7F       		.uleb128 0x7f
 3735 01fe 13       		.uleb128 0x13
 3736 01ff 00       		.byte	0
 3737 0200 00       		.byte	0
 3738 0201 23       		.uleb128 0x23
 3739 0202 2E       		.uleb128 0x2e
 3740 0203 00       		.byte	0
 3741 0204 03       		.uleb128 0x3
 3742 0205 0E       		.uleb128 0xe
 3743 0206 3A       		.uleb128 0x3a
 3744 0207 0B       		.uleb128 0xb
 3745 0208 3B       		.uleb128 0x3b
 3746 0209 05       		.uleb128 0x5
 3747 020a 39       		.uleb128 0x39
 3748 020b 21       		.uleb128 0x21
 3749 020c 14       		.sleb128 20
 3750 020d 27       		.uleb128 0x27
 3751 020e 19       		.uleb128 0x19
 3752 020f 20       		.uleb128 0x20
 3753 0210 21       		.uleb128 0x21
 3754 0211 03       		.sleb128 3
 3755 0212 00       		.byte	0
 3756 0213 00       		.byte	0
 3757 0214 24       		.uleb128 0x24
 3758 0215 05       		.uleb128 0x5
 3759 0216 00       		.byte	0
 3760 0217 03       		.uleb128 0x3
 3761 0218 08       		.uleb128 0x8
 3762 0219 3A       		.uleb128 0x3a
ARM GAS  /tmp/ccN3AcAf.s 			page 67


 3763 021a 21       		.uleb128 0x21
 3764 021b 02       		.sleb128 2
 3765 021c 3B       		.uleb128 0x3b
 3766 021d 05       		.uleb128 0x5
 3767 021e 39       		.uleb128 0x39
 3768 021f 0B       		.uleb128 0xb
 3769 0220 49       		.uleb128 0x49
 3770 0221 13       		.uleb128 0x13
 3771 0222 00       		.byte	0
 3772 0223 00       		.byte	0
 3773 0224 25       		.uleb128 0x25
 3774 0225 17       		.uleb128 0x17
 3775 0226 01       		.byte	0x1
 3776 0227 0B       		.uleb128 0xb
 3777 0228 0B       		.uleb128 0xb
 3778 0229 3A       		.uleb128 0x3a
 3779 022a 21       		.uleb128 0x21
 3780 022b 0C       		.sleb128 12
 3781 022c 3B       		.uleb128 0x3b
 3782 022d 0B       		.uleb128 0xb
 3783 022e 39       		.uleb128 0x39
 3784 022f 21       		.uleb128 0x21
 3785 0230 03       		.sleb128 3
 3786 0231 01       		.uleb128 0x1
 3787 0232 13       		.uleb128 0x13
 3788 0233 00       		.byte	0
 3789 0234 00       		.byte	0
 3790 0235 26       		.uleb128 0x26
 3791 0236 16       		.uleb128 0x16
 3792 0237 00       		.byte	0
 3793 0238 03       		.uleb128 0x3
 3794 0239 0E       		.uleb128 0xe
 3795 023a 3A       		.uleb128 0x3a
 3796 023b 21       		.uleb128 0x21
 3797 023c 0C       		.sleb128 12
 3798 023d 3B       		.uleb128 0x3b
 3799 023e 05       		.uleb128 0x5
 3800 023f 39       		.uleb128 0x39
 3801 0240 21       		.uleb128 0x21
 3802 0241 03       		.sleb128 3
 3803 0242 49       		.uleb128 0x49
 3804 0243 13       		.uleb128 0x13
 3805 0244 00       		.byte	0
 3806 0245 00       		.byte	0
 3807 0246 27       		.uleb128 0x27
 3808 0247 2E       		.uleb128 0x2e
 3809 0248 01       		.byte	0x1
 3810 0249 3F       		.uleb128 0x3f
 3811 024a 19       		.uleb128 0x19
 3812 024b 03       		.uleb128 0x3
 3813 024c 0E       		.uleb128 0xe
 3814 024d 3A       		.uleb128 0x3a
 3815 024e 21       		.uleb128 0x21
 3816 024f 07       		.sleb128 7
 3817 0250 3B       		.uleb128 0x3b
 3818 0251 0B       		.uleb128 0xb
 3819 0252 39       		.uleb128 0x39
ARM GAS  /tmp/ccN3AcAf.s 			page 68


 3820 0253 0B       		.uleb128 0xb
 3821 0254 27       		.uleb128 0x27
 3822 0255 19       		.uleb128 0x19
 3823 0256 49       		.uleb128 0x49
 3824 0257 13       		.uleb128 0x13
 3825 0258 3C       		.uleb128 0x3c
 3826 0259 19       		.uleb128 0x19
 3827 025a 01       		.uleb128 0x1
 3828 025b 13       		.uleb128 0x13
 3829 025c 00       		.byte	0
 3830 025d 00       		.byte	0
 3831 025e 28       		.uleb128 0x28
 3832 025f 2E       		.uleb128 0x2e
 3833 0260 01       		.byte	0x1
 3834 0261 3F       		.uleb128 0x3f
 3835 0262 19       		.uleb128 0x19
 3836 0263 03       		.uleb128 0x3
 3837 0264 0E       		.uleb128 0xe
 3838 0265 3A       		.uleb128 0x3a
 3839 0266 21       		.uleb128 0x21
 3840 0267 01       		.sleb128 1
 3841 0268 3B       		.uleb128 0x3b
 3842 0269 05       		.uleb128 0x5
 3843 026a 39       		.uleb128 0x39
 3844 026b 21       		.uleb128 0x21
 3845 026c 07       		.sleb128 7
 3846 026d 27       		.uleb128 0x27
 3847 026e 19       		.uleb128 0x19
 3848 026f 49       		.uleb128 0x49
 3849 0270 13       		.uleb128 0x13
 3850 0271 11       		.uleb128 0x11
 3851 0272 01       		.uleb128 0x1
 3852 0273 12       		.uleb128 0x12
 3853 0274 06       		.uleb128 0x6
 3854 0275 40       		.uleb128 0x40
 3855 0276 18       		.uleb128 0x18
 3856 0277 7A       		.uleb128 0x7a
 3857 0278 19       		.uleb128 0x19
 3858 0279 01       		.uleb128 0x1
 3859 027a 13       		.uleb128 0x13
 3860 027b 00       		.byte	0
 3861 027c 00       		.byte	0
 3862 027d 29       		.uleb128 0x29
 3863 027e 05       		.uleb128 0x5
 3864 027f 00       		.byte	0
 3865 0280 03       		.uleb128 0x3
 3866 0281 08       		.uleb128 0x8
 3867 0282 3A       		.uleb128 0x3a
 3868 0283 21       		.uleb128 0x21
 3869 0284 01       		.sleb128 1
 3870 0285 3B       		.uleb128 0x3b
 3871 0286 05       		.uleb128 0x5
 3872 0287 39       		.uleb128 0x39
 3873 0288 0B       		.uleb128 0xb
 3874 0289 49       		.uleb128 0x49
 3875 028a 13       		.uleb128 0x13
 3876 028b 02       		.uleb128 0x2
ARM GAS  /tmp/ccN3AcAf.s 			page 69


 3877 028c 17       		.uleb128 0x17
 3878 028d B742     		.uleb128 0x2137
 3879 028f 17       		.uleb128 0x17
 3880 0290 00       		.byte	0
 3881 0291 00       		.byte	0
 3882 0292 2A       		.uleb128 0x2a
 3883 0293 05       		.uleb128 0x5
 3884 0294 00       		.byte	0
 3885 0295 03       		.uleb128 0x3
 3886 0296 0E       		.uleb128 0xe
 3887 0297 3A       		.uleb128 0x3a
 3888 0298 21       		.uleb128 0x21
 3889 0299 01       		.sleb128 1
 3890 029a 3B       		.uleb128 0x3b
 3891 029b 05       		.uleb128 0x5
 3892 029c 39       		.uleb128 0x39
 3893 029d 0B       		.uleb128 0xb
 3894 029e 49       		.uleb128 0x49
 3895 029f 13       		.uleb128 0x13
 3896 02a0 02       		.uleb128 0x2
 3897 02a1 17       		.uleb128 0x17
 3898 02a2 B742     		.uleb128 0x2137
 3899 02a4 17       		.uleb128 0x17
 3900 02a5 00       		.byte	0
 3901 02a6 00       		.byte	0
 3902 02a7 2B       		.uleb128 0x2b
 3903 02a8 1D       		.uleb128 0x1d
 3904 02a9 01       		.byte	0x1
 3905 02aa 31       		.uleb128 0x31
 3906 02ab 13       		.uleb128 0x13
 3907 02ac 52       		.uleb128 0x52
 3908 02ad 01       		.uleb128 0x1
 3909 02ae B842     		.uleb128 0x2138
 3910 02b0 0B       		.uleb128 0xb
 3911 02b1 55       		.uleb128 0x55
 3912 02b2 17       		.uleb128 0x17
 3913 02b3 58       		.uleb128 0x58
 3914 02b4 21       		.uleb128 0x21
 3915 02b5 01       		.sleb128 1
 3916 02b6 59       		.uleb128 0x59
 3917 02b7 05       		.uleb128 0x5
 3918 02b8 57       		.uleb128 0x57
 3919 02b9 21       		.uleb128 0x21
 3920 02ba 03       		.sleb128 3
 3921 02bb 01       		.uleb128 0x1
 3922 02bc 13       		.uleb128 0x13
 3923 02bd 00       		.byte	0
 3924 02be 00       		.byte	0
 3925 02bf 2C       		.uleb128 0x2c
 3926 02c0 0B       		.uleb128 0xb
 3927 02c1 01       		.byte	0x1
 3928 02c2 31       		.uleb128 0x31
 3929 02c3 13       		.uleb128 0x13
 3930 02c4 11       		.uleb128 0x11
 3931 02c5 01       		.uleb128 0x1
 3932 02c6 12       		.uleb128 0x12
 3933 02c7 06       		.uleb128 0x6
ARM GAS  /tmp/ccN3AcAf.s 			page 70


 3934 02c8 00       		.byte	0
 3935 02c9 00       		.byte	0
 3936 02ca 2D       		.uleb128 0x2d
 3937 02cb 2E       		.uleb128 0x2e
 3938 02cc 01       		.byte	0x1
 3939 02cd 3F       		.uleb128 0x3f
 3940 02ce 19       		.uleb128 0x19
 3941 02cf 03       		.uleb128 0x3
 3942 02d0 0E       		.uleb128 0xe
 3943 02d1 3A       		.uleb128 0x3a
 3944 02d2 21       		.uleb128 0x21
 3945 02d3 01       		.sleb128 1
 3946 02d4 3B       		.uleb128 0x3b
 3947 02d5 0B       		.uleb128 0xb
 3948 02d6 39       		.uleb128 0x39
 3949 02d7 21       		.uleb128 0x21
 3950 02d8 07       		.sleb128 7
 3951 02d9 27       		.uleb128 0x27
 3952 02da 19       		.uleb128 0x19
 3953 02db 49       		.uleb128 0x49
 3954 02dc 13       		.uleb128 0x13
 3955 02dd 11       		.uleb128 0x11
 3956 02de 01       		.uleb128 0x1
 3957 02df 12       		.uleb128 0x12
 3958 02e0 06       		.uleb128 0x6
 3959 02e1 40       		.uleb128 0x40
 3960 02e2 18       		.uleb128 0x18
 3961 02e3 7A       		.uleb128 0x7a
 3962 02e4 19       		.uleb128 0x19
 3963 02e5 01       		.uleb128 0x1
 3964 02e6 13       		.uleb128 0x13
 3965 02e7 00       		.byte	0
 3966 02e8 00       		.byte	0
 3967 02e9 2E       		.uleb128 0x2e
 3968 02ea 1D       		.uleb128 0x1d
 3969 02eb 01       		.byte	0x1
 3970 02ec 31       		.uleb128 0x31
 3971 02ed 13       		.uleb128 0x13
 3972 02ee 52       		.uleb128 0x52
 3973 02ef 01       		.uleb128 0x1
 3974 02f0 B842     		.uleb128 0x2138
 3975 02f2 0B       		.uleb128 0xb
 3976 02f3 11       		.uleb128 0x11
 3977 02f4 01       		.uleb128 0x1
 3978 02f5 12       		.uleb128 0x12
 3979 02f6 06       		.uleb128 0x6
 3980 02f7 58       		.uleb128 0x58
 3981 02f8 21       		.uleb128 0x21
 3982 02f9 01       		.sleb128 1
 3983 02fa 59       		.uleb128 0x59
 3984 02fb 0B       		.uleb128 0xb
 3985 02fc 57       		.uleb128 0x57
 3986 02fd 0B       		.uleb128 0xb
 3987 02fe 00       		.byte	0
 3988 02ff 00       		.byte	0
 3989 0300 2F       		.uleb128 0x2f
 3990 0301 05       		.uleb128 0x5
ARM GAS  /tmp/ccN3AcAf.s 			page 71


 3991 0302 00       		.byte	0
 3992 0303 03       		.uleb128 0x3
 3993 0304 08       		.uleb128 0x8
 3994 0305 3A       		.uleb128 0x3a
 3995 0306 21       		.uleb128 0x21
 3996 0307 01       		.sleb128 1
 3997 0308 3B       		.uleb128 0x3b
 3998 0309 0B       		.uleb128 0xb
 3999 030a 39       		.uleb128 0x39
 4000 030b 0B       		.uleb128 0xb
 4001 030c 49       		.uleb128 0x49
 4002 030d 13       		.uleb128 0x13
 4003 030e 02       		.uleb128 0x2
 4004 030f 18       		.uleb128 0x18
 4005 0310 00       		.byte	0
 4006 0311 00       		.byte	0
 4007 0312 30       		.uleb128 0x30
 4008 0313 2E       		.uleb128 0x2e
 4009 0314 01       		.byte	0x1
 4010 0315 03       		.uleb128 0x3
 4011 0316 0E       		.uleb128 0xe
 4012 0317 3A       		.uleb128 0x3a
 4013 0318 0B       		.uleb128 0xb
 4014 0319 3B       		.uleb128 0x3b
 4015 031a 0B       		.uleb128 0xb
 4016 031b 39       		.uleb128 0x39
 4017 031c 21       		.uleb128 0x21
 4018 031d 14       		.sleb128 20
 4019 031e 27       		.uleb128 0x27
 4020 031f 19       		.uleb128 0x19
 4021 0320 20       		.uleb128 0x20
 4022 0321 21       		.uleb128 0x21
 4023 0322 03       		.sleb128 3
 4024 0323 01       		.uleb128 0x1
 4025 0324 13       		.uleb128 0x13
 4026 0325 00       		.byte	0
 4027 0326 00       		.byte	0
 4028 0327 31       		.uleb128 0x31
 4029 0328 2E       		.uleb128 0x2e
 4030 0329 01       		.byte	0x1
 4031 032a 03       		.uleb128 0x3
 4032 032b 0E       		.uleb128 0xe
 4033 032c 3A       		.uleb128 0x3a
 4034 032d 0B       		.uleb128 0xb
 4035 032e 3B       		.uleb128 0x3b
 4036 032f 05       		.uleb128 0x5
 4037 0330 39       		.uleb128 0x39
 4038 0331 21       		.uleb128 0x21
 4039 0332 14       		.sleb128 20
 4040 0333 27       		.uleb128 0x27
 4041 0334 19       		.uleb128 0x19
 4042 0335 20       		.uleb128 0x20
 4043 0336 21       		.uleb128 0x21
 4044 0337 03       		.sleb128 3
 4045 0338 01       		.uleb128 0x1
 4046 0339 13       		.uleb128 0x13
 4047 033a 00       		.byte	0
ARM GAS  /tmp/ccN3AcAf.s 			page 72


 4048 033b 00       		.byte	0
 4049 033c 32       		.uleb128 0x32
 4050 033d 2E       		.uleb128 0x2e
 4051 033e 01       		.byte	0x1
 4052 033f 03       		.uleb128 0x3
 4053 0340 0E       		.uleb128 0xe
 4054 0341 3A       		.uleb128 0x3a
 4055 0342 21       		.uleb128 0x21
 4056 0343 02       		.sleb128 2
 4057 0344 3B       		.uleb128 0x3b
 4058 0345 05       		.uleb128 0x5
 4059 0346 39       		.uleb128 0x39
 4060 0347 0B       		.uleb128 0xb
 4061 0348 27       		.uleb128 0x27
 4062 0349 19       		.uleb128 0x19
 4063 034a 49       		.uleb128 0x49
 4064 034b 13       		.uleb128 0x13
 4065 034c 20       		.uleb128 0x20
 4066 034d 21       		.uleb128 0x21
 4067 034e 03       		.sleb128 3
 4068 034f 01       		.uleb128 0x1
 4069 0350 13       		.uleb128 0x13
 4070 0351 00       		.byte	0
 4071 0352 00       		.byte	0
 4072 0353 33       		.uleb128 0x33
 4073 0354 11       		.uleb128 0x11
 4074 0355 01       		.byte	0x1
 4075 0356 25       		.uleb128 0x25
 4076 0357 0E       		.uleb128 0xe
 4077 0358 13       		.uleb128 0x13
 4078 0359 0B       		.uleb128 0xb
 4079 035a 03       		.uleb128 0x3
 4080 035b 0E       		.uleb128 0xe
 4081 035c 1B       		.uleb128 0x1b
 4082 035d 0E       		.uleb128 0xe
 4083 035e 55       		.uleb128 0x55
 4084 035f 17       		.uleb128 0x17
 4085 0360 11       		.uleb128 0x11
 4086 0361 01       		.uleb128 0x1
 4087 0362 10       		.uleb128 0x10
 4088 0363 17       		.uleb128 0x17
 4089 0364 00       		.byte	0
 4090 0365 00       		.byte	0
 4091 0366 34       		.uleb128 0x34
 4092 0367 24       		.uleb128 0x24
 4093 0368 00       		.byte	0
 4094 0369 0B       		.uleb128 0xb
 4095 036a 0B       		.uleb128 0xb
 4096 036b 3E       		.uleb128 0x3e
 4097 036c 0B       		.uleb128 0xb
 4098 036d 03       		.uleb128 0x3
 4099 036e 08       		.uleb128 0x8
 4100 036f 00       		.byte	0
 4101 0370 00       		.byte	0
 4102 0371 35       		.uleb128 0x35
 4103 0372 0F       		.uleb128 0xf
 4104 0373 00       		.byte	0
ARM GAS  /tmp/ccN3AcAf.s 			page 73


 4105 0374 0B       		.uleb128 0xb
 4106 0375 0B       		.uleb128 0xb
 4107 0376 00       		.byte	0
 4108 0377 00       		.byte	0
 4109 0378 36       		.uleb128 0x36
 4110 0379 15       		.uleb128 0x15
 4111 037a 01       		.byte	0x1
 4112 037b 27       		.uleb128 0x27
 4113 037c 19       		.uleb128 0x19
 4114 037d 01       		.uleb128 0x1
 4115 037e 13       		.uleb128 0x13
 4116 037f 00       		.byte	0
 4117 0380 00       		.byte	0
 4118 0381 37       		.uleb128 0x37
 4119 0382 34       		.uleb128 0x34
 4120 0383 00       		.byte	0
 4121 0384 03       		.uleb128 0x3
 4122 0385 08       		.uleb128 0x8
 4123 0386 3A       		.uleb128 0x3a
 4124 0387 0B       		.uleb128 0xb
 4125 0388 3B       		.uleb128 0x3b
 4126 0389 05       		.uleb128 0x5
 4127 038a 39       		.uleb128 0x39
 4128 038b 0B       		.uleb128 0xb
 4129 038c 49       		.uleb128 0x49
 4130 038d 13       		.uleb128 0x13
 4131 038e 3F       		.uleb128 0x3f
 4132 038f 19       		.uleb128 0x19
 4133 0390 3C       		.uleb128 0x3c
 4134 0391 19       		.uleb128 0x19
 4135 0392 00       		.byte	0
 4136 0393 00       		.byte	0
 4137 0394 38       		.uleb128 0x38
 4138 0395 2E       		.uleb128 0x2e
 4139 0396 00       		.byte	0
 4140 0397 3F       		.uleb128 0x3f
 4141 0398 19       		.uleb128 0x19
 4142 0399 03       		.uleb128 0x3
 4143 039a 0E       		.uleb128 0xe
 4144 039b 3A       		.uleb128 0x3a
 4145 039c 0B       		.uleb128 0xb
 4146 039d 3B       		.uleb128 0x3b
 4147 039e 0B       		.uleb128 0xb
 4148 039f 39       		.uleb128 0x39
 4149 03a0 0B       		.uleb128 0xb
 4150 03a1 27       		.uleb128 0x27
 4151 03a2 19       		.uleb128 0x19
 4152 03a3 3C       		.uleb128 0x3c
 4153 03a4 19       		.uleb128 0x19
 4154 03a5 00       		.byte	0
 4155 03a6 00       		.byte	0
 4156 03a7 39       		.uleb128 0x39
 4157 03a8 34       		.uleb128 0x34
 4158 03a9 00       		.byte	0
 4159 03aa 03       		.uleb128 0x3
 4160 03ab 0E       		.uleb128 0xe
 4161 03ac 3A       		.uleb128 0x3a
ARM GAS  /tmp/ccN3AcAf.s 			page 74


 4162 03ad 0B       		.uleb128 0xb
 4163 03ae 3B       		.uleb128 0x3b
 4164 03af 05       		.uleb128 0x5
 4165 03b0 39       		.uleb128 0x39
 4166 03b1 0B       		.uleb128 0xb
 4167 03b2 49       		.uleb128 0x49
 4168 03b3 13       		.uleb128 0x13
 4169 03b4 02       		.uleb128 0x2
 4170 03b5 17       		.uleb128 0x17
 4171 03b6 B742     		.uleb128 0x2137
 4172 03b8 17       		.uleb128 0x17
 4173 03b9 00       		.byte	0
 4174 03ba 00       		.byte	0
 4175 03bb 3A       		.uleb128 0x3a
 4176 03bc 1D       		.uleb128 0x1d
 4177 03bd 01       		.byte	0x1
 4178 03be 31       		.uleb128 0x31
 4179 03bf 13       		.uleb128 0x13
 4180 03c0 52       		.uleb128 0x52
 4181 03c1 01       		.uleb128 0x1
 4182 03c2 B842     		.uleb128 0x2138
 4183 03c4 0B       		.uleb128 0xb
 4184 03c5 11       		.uleb128 0x11
 4185 03c6 01       		.uleb128 0x1
 4186 03c7 12       		.uleb128 0x12
 4187 03c8 06       		.uleb128 0x6
 4188 03c9 58       		.uleb128 0x58
 4189 03ca 0B       		.uleb128 0xb
 4190 03cb 59       		.uleb128 0x59
 4191 03cc 05       		.uleb128 0x5
 4192 03cd 57       		.uleb128 0x57
 4193 03ce 0B       		.uleb128 0xb
 4194 03cf 01       		.uleb128 0x1
 4195 03d0 13       		.uleb128 0x13
 4196 03d1 00       		.byte	0
 4197 03d2 00       		.byte	0
 4198 03d3 3B       		.uleb128 0x3b
 4199 03d4 34       		.uleb128 0x34
 4200 03d5 00       		.byte	0
 4201 03d6 03       		.uleb128 0x3
 4202 03d7 0E       		.uleb128 0xe
 4203 03d8 3A       		.uleb128 0x3a
 4204 03d9 0B       		.uleb128 0xb
 4205 03da 3B       		.uleb128 0x3b
 4206 03db 0B       		.uleb128 0xb
 4207 03dc 39       		.uleb128 0x39
 4208 03dd 0B       		.uleb128 0xb
 4209 03de 49       		.uleb128 0x49
 4210 03df 13       		.uleb128 0x13
 4211 03e0 02       		.uleb128 0x2
 4212 03e1 17       		.uleb128 0x17
 4213 03e2 B742     		.uleb128 0x2137
 4214 03e4 17       		.uleb128 0x17
 4215 03e5 00       		.byte	0
 4216 03e6 00       		.byte	0
 4217 03e7 3C       		.uleb128 0x3c
 4218 03e8 1D       		.uleb128 0x1d
ARM GAS  /tmp/ccN3AcAf.s 			page 75


 4219 03e9 00       		.byte	0
 4220 03ea 31       		.uleb128 0x31
 4221 03eb 13       		.uleb128 0x13
 4222 03ec 52       		.uleb128 0x52
 4223 03ed 01       		.uleb128 0x1
 4224 03ee B842     		.uleb128 0x2138
 4225 03f0 0B       		.uleb128 0xb
 4226 03f1 55       		.uleb128 0x55
 4227 03f2 17       		.uleb128 0x17
 4228 03f3 58       		.uleb128 0x58
 4229 03f4 0B       		.uleb128 0xb
 4230 03f5 59       		.uleb128 0x59
 4231 03f6 0B       		.uleb128 0xb
 4232 03f7 57       		.uleb128 0x57
 4233 03f8 0B       		.uleb128 0xb
 4234 03f9 00       		.byte	0
 4235 03fa 00       		.byte	0
 4236 03fb 3D       		.uleb128 0x3d
 4237 03fc 1D       		.uleb128 0x1d
 4238 03fd 00       		.byte	0
 4239 03fe 31       		.uleb128 0x31
 4240 03ff 13       		.uleb128 0x13
 4241 0400 52       		.uleb128 0x52
 4242 0401 01       		.uleb128 0x1
 4243 0402 B842     		.uleb128 0x2138
 4244 0404 0B       		.uleb128 0xb
 4245 0405 11       		.uleb128 0x11
 4246 0406 01       		.uleb128 0x1
 4247 0407 12       		.uleb128 0x12
 4248 0408 06       		.uleb128 0x6
 4249 0409 58       		.uleb128 0x58
 4250 040a 0B       		.uleb128 0xb
 4251 040b 59       		.uleb128 0x59
 4252 040c 0B       		.uleb128 0xb
 4253 040d 57       		.uleb128 0x57
 4254 040e 0B       		.uleb128 0xb
 4255 040f 00       		.byte	0
 4256 0410 00       		.byte	0
 4257 0411 3E       		.uleb128 0x3e
 4258 0412 2E       		.uleb128 0x2e
 4259 0413 01       		.byte	0x1
 4260 0414 3F       		.uleb128 0x3f
 4261 0415 19       		.uleb128 0x19
 4262 0416 03       		.uleb128 0x3
 4263 0417 0E       		.uleb128 0xe
 4264 0418 3A       		.uleb128 0x3a
 4265 0419 0B       		.uleb128 0xb
 4266 041a 3B       		.uleb128 0x3b
 4267 041b 0B       		.uleb128 0xb
 4268 041c 39       		.uleb128 0x39
 4269 041d 0B       		.uleb128 0xb
 4270 041e 27       		.uleb128 0x27
 4271 041f 19       		.uleb128 0x19
 4272 0420 20       		.uleb128 0x20
 4273 0421 0B       		.uleb128 0xb
 4274 0422 01       		.uleb128 0x1
 4275 0423 13       		.uleb128 0x13
ARM GAS  /tmp/ccN3AcAf.s 			page 76


 4276 0424 00       		.byte	0
 4277 0425 00       		.byte	0
 4278 0426 3F       		.uleb128 0x3f
 4279 0427 0B       		.uleb128 0xb
 4280 0428 01       		.byte	0x1
 4281 0429 11       		.uleb128 0x11
 4282 042a 01       		.uleb128 0x1
 4283 042b 12       		.uleb128 0x12
 4284 042c 06       		.uleb128 0x6
 4285 042d 01       		.uleb128 0x1
 4286 042e 13       		.uleb128 0x13
 4287 042f 00       		.byte	0
 4288 0430 00       		.byte	0
 4289 0431 40       		.uleb128 0x40
 4290 0432 48       		.uleb128 0x48
 4291 0433 00       		.byte	0
 4292 0434 7D       		.uleb128 0x7d
 4293 0435 01       		.uleb128 0x1
 4294 0436 8201     		.uleb128 0x82
 4295 0438 19       		.uleb128 0x19
 4296 0439 7F       		.uleb128 0x7f
 4297 043a 13       		.uleb128 0x13
 4298 043b 00       		.byte	0
 4299 043c 00       		.byte	0
 4300 043d 41       		.uleb128 0x41
 4301 043e 2E       		.uleb128 0x2e
 4302 043f 00       		.byte	0
 4303 0440 03       		.uleb128 0x3
 4304 0441 0E       		.uleb128 0xe
 4305 0442 3A       		.uleb128 0x3a
 4306 0443 0B       		.uleb128 0xb
 4307 0444 3B       		.uleb128 0x3b
 4308 0445 0B       		.uleb128 0xb
 4309 0446 39       		.uleb128 0x39
 4310 0447 0B       		.uleb128 0xb
 4311 0448 27       		.uleb128 0x27
 4312 0449 19       		.uleb128 0x19
 4313 044a 49       		.uleb128 0x49
 4314 044b 13       		.uleb128 0x13
 4315 044c 20       		.uleb128 0x20
 4316 044d 0B       		.uleb128 0xb
 4317 044e 00       		.byte	0
 4318 044f 00       		.byte	0
 4319 0450 42       		.uleb128 0x42
 4320 0451 2E       		.uleb128 0x2e
 4321 0452 00       		.byte	0
 4322 0453 03       		.uleb128 0x3
 4323 0454 0E       		.uleb128 0xe
 4324 0455 3A       		.uleb128 0x3a
 4325 0456 0B       		.uleb128 0xb
 4326 0457 3B       		.uleb128 0x3b
 4327 0458 05       		.uleb128 0x5
 4328 0459 39       		.uleb128 0x39
 4329 045a 0B       		.uleb128 0xb
 4330 045b 27       		.uleb128 0x27
 4331 045c 19       		.uleb128 0x19
 4332 045d 49       		.uleb128 0x49
ARM GAS  /tmp/ccN3AcAf.s 			page 77


 4333 045e 13       		.uleb128 0x13
 4334 045f 20       		.uleb128 0x20
 4335 0460 0B       		.uleb128 0xb
 4336 0461 00       		.byte	0
 4337 0462 00       		.byte	0
 4338 0463 43       		.uleb128 0x43
 4339 0464 34       		.uleb128 0x34
 4340 0465 00       		.byte	0
 4341 0466 03       		.uleb128 0x3
 4342 0467 08       		.uleb128 0x8
 4343 0468 3A       		.uleb128 0x3a
 4344 0469 0B       		.uleb128 0xb
 4345 046a 3B       		.uleb128 0x3b
 4346 046b 0B       		.uleb128 0xb
 4347 046c 39       		.uleb128 0x39
 4348 046d 0B       		.uleb128 0xb
 4349 046e 49       		.uleb128 0x49
 4350 046f 13       		.uleb128 0x13
 4351 0470 00       		.byte	0
 4352 0471 00       		.byte	0
 4353 0472 44       		.uleb128 0x44
 4354 0473 0B       		.uleb128 0xb
 4355 0474 01       		.byte	0x1
 4356 0475 00       		.byte	0
 4357 0476 00       		.byte	0
 4358 0477 45       		.uleb128 0x45
 4359 0478 34       		.uleb128 0x34
 4360 0479 00       		.byte	0
 4361 047a 03       		.uleb128 0x3
 4362 047b 0E       		.uleb128 0xe
 4363 047c 3A       		.uleb128 0x3a
 4364 047d 0B       		.uleb128 0xb
 4365 047e 3B       		.uleb128 0x3b
 4366 047f 0B       		.uleb128 0xb
 4367 0480 39       		.uleb128 0x39
 4368 0481 0B       		.uleb128 0xb
 4369 0482 49       		.uleb128 0x49
 4370 0483 13       		.uleb128 0x13
 4371 0484 00       		.byte	0
 4372 0485 00       		.byte	0
 4373 0486 46       		.uleb128 0x46
 4374 0487 34       		.uleb128 0x34
 4375 0488 00       		.byte	0
 4376 0489 03       		.uleb128 0x3
 4377 048a 08       		.uleb128 0x8
 4378 048b 3A       		.uleb128 0x3a
 4379 048c 0B       		.uleb128 0xb
 4380 048d 3B       		.uleb128 0x3b
 4381 048e 05       		.uleb128 0x5
 4382 048f 39       		.uleb128 0x39
 4383 0490 0B       		.uleb128 0xb
 4384 0491 49       		.uleb128 0x49
 4385 0492 13       		.uleb128 0x13
 4386 0493 00       		.byte	0
 4387 0494 00       		.byte	0
 4388 0495 47       		.uleb128 0x47
 4389 0496 34       		.uleb128 0x34
ARM GAS  /tmp/ccN3AcAf.s 			page 78


 4390 0497 00       		.byte	0
 4391 0498 03       		.uleb128 0x3
 4392 0499 0E       		.uleb128 0xe
 4393 049a 49       		.uleb128 0x49
 4394 049b 13       		.uleb128 0x13
 4395 049c 34       		.uleb128 0x34
 4396 049d 19       		.uleb128 0x19
 4397 049e 1C       		.uleb128 0x1c
 4398 049f 0E       		.uleb128 0xe
 4399 04a0 00       		.byte	0
 4400 04a1 00       		.byte	0
 4401 04a2 48       		.uleb128 0x48
 4402 04a3 26       		.uleb128 0x26
 4403 04a4 00       		.byte	0
 4404 04a5 00       		.byte	0
 4405 04a6 00       		.byte	0
 4406 04a7 49       		.uleb128 0x49
 4407 04a8 2E       		.uleb128 0x2e
 4408 04a9 01       		.byte	0x1
 4409 04aa 31       		.uleb128 0x31
 4410 04ab 13       		.uleb128 0x13
 4411 04ac 11       		.uleb128 0x11
 4412 04ad 01       		.uleb128 0x1
 4413 04ae 12       		.uleb128 0x12
 4414 04af 06       		.uleb128 0x6
 4415 04b0 40       		.uleb128 0x40
 4416 04b1 18       		.uleb128 0x18
 4417 04b2 7A       		.uleb128 0x7a
 4418 04b3 19       		.uleb128 0x19
 4419 04b4 00       		.byte	0
 4420 04b5 00       		.byte	0
 4421 04b6 00       		.byte	0
 4422              		.section	.debug_loclists,"",%progbits
 4423 0000 D1020000 		.4byte	.Ldebug_loc3-.Ldebug_loc2
 4424              	.Ldebug_loc2:
 4425 0004 0500     		.2byte	0x5
 4426 0006 04       		.byte	0x4
 4427 0007 00       		.byte	0
 4428 0008 00000000 		.4byte	0
 4429              	.Ldebug_loc0:
 4430              	.LVUS41:
 4431 000c 00       		.uleb128 0
 4432 000d 00       		.uleb128 .LVU311
 4433 000e 00       		.uleb128 .LVU311
 4434 000f 00       		.uleb128 0
 4435              	.LLST41:
 4436 0010 06       		.byte	0x6
 4437 0011 00000000 		.4byte	.LVL46
 4438 0015 04       		.byte	0x4
 4439 0016 00       		.uleb128 .LVL46-.LVL46
 4440 0017 20       		.uleb128 .LVL49-.LVL46
 4441 0018 01       		.uleb128 0x1
 4442 0019 50       		.byte	0x50
 4443 001a 04       		.byte	0x4
 4444 001b 20       		.uleb128 .LVL49-.LVL46
 4445 001c 8801     		.uleb128 .LFE216-.LVL46
 4446 001e 01       		.uleb128 0x1
ARM GAS  /tmp/ccN3AcAf.s 			page 79


 4447 001f 55       		.byte	0x55
 4448 0020 00       		.byte	0
 4449              	.LVUS42:
 4450 0021 00       		.uleb128 0
 4451 0022 00       		.uleb128 .LVU312
 4452 0023 00       		.uleb128 .LVU312
 4453 0024 00       		.uleb128 0
 4454              	.LLST42:
 4455 0025 06       		.byte	0x6
 4456 0026 00000000 		.4byte	.LVL46
 4457 002a 04       		.byte	0x4
 4458 002b 00       		.uleb128 .LVL46-.LVL46
 4459 002c 23       		.uleb128 .LVL50-1-.LVL46
 4460 002d 01       		.uleb128 0x1
 4461 002e 51       		.byte	0x51
 4462 002f 04       		.byte	0x4
 4463 0030 23       		.uleb128 .LVL50-1-.LVL46
 4464 0031 8801     		.uleb128 .LFE216-.LVL46
 4465 0033 01       		.uleb128 0x1
 4466 0034 57       		.byte	0x57
 4467 0035 00       		.byte	0
 4468              	.LVUS43:
 4469 0036 00       		.uleb128 .LVU295
 4470 0037 00       		.uleb128 .LVU347
 4471              	.LLST43:
 4472 0038 08       		.byte	0x8
 4473 0039 14000000 		.4byte	.LVL47
 4474 003d 60       		.uleb128 .LVL57-.LVL47
 4475 003e 01       		.uleb128 0x1
 4476 003f 54       		.byte	0x54
 4477 0040 00       		.byte	0
 4478              	.LVUS44:
 4479 0041 00       		.uleb128 .LVU301
 4480 0042 00       		.uleb128 0
 4481              	.LLST44:
 4482 0043 08       		.byte	0x8
 4483 0044 1C000000 		.4byte	.LVL48
 4484 0048 6C       		.uleb128 .LFE216-.LVL48
 4485 0049 01       		.uleb128 0x1
 4486 004a 56       		.byte	0x56
 4487 004b 00       		.byte	0
 4488              	.LVUS45:
 4489 004c 00       		.uleb128 .LVU347
 4490 004d 00       		.uleb128 .LVU350
 4491 004e 00       		.uleb128 .LVU350
 4492 004f 00       		.uleb128 0
 4493              	.LLST45:
 4494 0050 06       		.byte	0x6
 4495 0051 74000000 		.4byte	.LVL57
 4496 0055 04       		.byte	0x4
 4497 0056 00       		.uleb128 .LVL57-.LVL57
 4498 0057 08       		.uleb128 .LVL58-.LVL57
 4499 0058 01       		.uleb128 0x1
 4500 0059 50       		.byte	0x50
 4501 005a 04       		.byte	0x4
 4502 005b 08       		.uleb128 .LVL58-.LVL57
 4503 005c 14       		.uleb128 .LFE216-.LVL57
ARM GAS  /tmp/ccN3AcAf.s 			page 80


 4504 005d 01       		.uleb128 0x1
 4505 005e 54       		.byte	0x54
 4506 005f 00       		.byte	0
 4507              	.LVUS49:
 4508 0060 01       		.uleb128 .LVU316
 4509 0061 00       		.uleb128 .LVU342
 4510              	.LLST49:
 4511 0062 08       		.byte	0x8
 4512 0063 2C000000 		.4byte	.LVL51
 4513 0067 3C       		.uleb128 .LVL55-.LVL51
 4514 0068 01       		.uleb128 0x1
 4515 0069 54       		.byte	0x54
 4516 006a 00       		.byte	0
 4517              	.LVUS50:
 4518 006b 01       		.uleb128 .LVU316
 4519 006c 00       		.uleb128 .LVU342
 4520              	.LLST50:
 4521 006d 08       		.byte	0x8
 4522 006e 2C000000 		.4byte	.LVL51
 4523 0072 3C       		.uleb128 .LVL55-.LVL51
 4524 0073 01       		.uleb128 0x1
 4525 0074 55       		.byte	0x55
 4526 0075 00       		.byte	0
 4527              	.LVUS51:
 4528 0076 03       		.uleb128 .LVU318
 4529 0077 00       		.uleb128 .LVU319
 4530 0078 00       		.uleb128 .LVU319
 4531 0079 00       		.uleb128 .LVU323
 4532 007a 06       		.uleb128 .LVU329
 4533 007b 00       		.uleb128 .LVU342
 4534              	.LLST51:
 4535 007c 06       		.byte	0x6
 4536 007d 2C000000 		.4byte	.LVL51
 4537 0081 04       		.byte	0x4
 4538 0082 00       		.uleb128 .LVL51-.LVL51
 4539 0083 04       		.uleb128 .LVL52-.LVL51
 4540 0084 01       		.uleb128 0x1
 4541 0085 55       		.byte	0x55
 4542 0086 04       		.byte	0x4
 4543 0087 04       		.uleb128 .LVL52-.LVL51
 4544 0088 18       		.uleb128 .LVL54-.LVL51
 4545 0089 01       		.uleb128 0x1
 4546 008a 53       		.byte	0x53
 4547 008b 04       		.byte	0x4
 4548 008c 18       		.uleb128 .LVL54-.LVL51
 4549 008d 3C       		.uleb128 .LVL55-.LVL51
 4550 008e 01       		.uleb128 0x1
 4551 008f 53       		.byte	0x53
 4552 0090 00       		.byte	0
 4553              	.LVUS52:
 4554 0091 00       		.uleb128 .LVU319
 4555 0092 00       		.uleb128 .LVU320
 4556 0093 00       		.uleb128 .LVU323
 4557 0094 00       		.uleb128 .LVU342
 4558              	.LLST52:
 4559 0095 06       		.byte	0x6
 4560 0096 30000000 		.4byte	.LVL52
ARM GAS  /tmp/ccN3AcAf.s 			page 81


 4561 009a 04       		.byte	0x4
 4562 009b 00       		.uleb128 .LVL52-.LVL52
 4563 009c 10       		.uleb128 .LVL53-.LVL52
 4564 009d 01       		.uleb128 0x1
 4565 009e 53       		.byte	0x53
 4566 009f 04       		.byte	0x4
 4567 00a0 14       		.uleb128 .LVL54-.LVL52
 4568 00a1 38       		.uleb128 .LVL55-.LVL52
 4569 00a2 01       		.uleb128 0x1
 4570 00a3 53       		.byte	0x53
 4571 00a4 00       		.byte	0
 4572              	.LVUS53:
 4573 00a5 00       		.uleb128 0
 4574 00a6 00       		.uleb128 .LVU366
 4575 00a7 00       		.uleb128 .LVU366
 4576 00a8 00       		.uleb128 0
 4577              	.LLST53:
 4578 00a9 06       		.byte	0x6
 4579 00aa 00000000 		.4byte	.LVL60
 4580 00ae 04       		.byte	0x4
 4581 00af 00       		.uleb128 .LVL60-.LVL60
 4582 00b0 0B       		.uleb128 .LVL61-1-.LVL60
 4583 00b1 01       		.uleb128 0x1
 4584 00b2 50       		.byte	0x50
 4585 00b3 04       		.byte	0x4
 4586 00b4 0B       		.uleb128 .LVL61-1-.LVL60
 4587 00b5 14       		.uleb128 .LFE215-.LVL60
 4588 00b6 0A       		.uleb128 0xa
 4589 00b7 A3       		.byte	0xa3
 4590 00b8 03       		.uleb128 0x3
 4591 00b9 A5       		.byte	0xa5
 4592 00ba 00       		.uleb128 0
 4593 00bb 26       		.uleb128 0x26
 4594 00bc A8       		.byte	0xa8
 4595 00bd 2D       		.uleb128 0x2d
 4596 00be A8       		.byte	0xa8
 4597 00bf 00       		.uleb128 0
 4598 00c0 9F       		.byte	0x9f
 4599 00c1 00       		.byte	0
 4600              	.LVUS54:
 4601 00c2 00       		.uleb128 0
 4602 00c3 00       		.uleb128 .LVU366
 4603 00c4 00       		.uleb128 .LVU366
 4604 00c5 00       		.uleb128 0
 4605              	.LLST54:
 4606 00c6 06       		.byte	0x6
 4607 00c7 00000000 		.4byte	.LVL60
 4608 00cb 04       		.byte	0x4
 4609 00cc 00       		.uleb128 .LVL60-.LVL60
 4610 00cd 0B       		.uleb128 .LVL61-1-.LVL60
 4611 00ce 01       		.uleb128 0x1
 4612 00cf 51       		.byte	0x51
 4613 00d0 04       		.byte	0x4
 4614 00d1 0B       		.uleb128 .LVL61-1-.LVL60
 4615 00d2 14       		.uleb128 .LFE215-.LVL60
 4616 00d3 0A       		.uleb128 0xa
 4617 00d4 A3       		.byte	0xa3
ARM GAS  /tmp/ccN3AcAf.s 			page 82


 4618 00d5 03       		.uleb128 0x3
 4619 00d6 A5       		.byte	0xa5
 4620 00d7 01       		.uleb128 0x1
 4621 00d8 26       		.uleb128 0x26
 4622 00d9 A8       		.byte	0xa8
 4623 00da 2D       		.uleb128 0x2d
 4624 00db A8       		.byte	0xa8
 4625 00dc 00       		.uleb128 0
 4626 00dd 9F       		.byte	0x9f
 4627 00de 00       		.byte	0
 4628              	.LVUS55:
 4629 00df 00       		.uleb128 .LVU366
 4630 00e0 00       		.uleb128 0
 4631              	.LLST55:
 4632 00e1 08       		.byte	0x8
 4633 00e2 0C000000 		.4byte	.LVL61
 4634 00e6 08       		.uleb128 .LFE215-.LVL61
 4635 00e7 01       		.uleb128 0x1
 4636 00e8 50       		.byte	0x50
 4637 00e9 00       		.byte	0
 4638              	.LVUS28:
 4639 00ea 00       		.uleb128 0
 4640 00eb 00       		.uleb128 .LVU225
 4641 00ec 00       		.uleb128 .LVU225
 4642 00ed 00       		.uleb128 0
 4643              	.LLST28:
 4644 00ee 06       		.byte	0x6
 4645 00ef 00000000 		.4byte	.LVL31
 4646 00f3 04       		.byte	0x4
 4647 00f4 00       		.uleb128 .LVL31-.LVL31
 4648 00f5 1C       		.uleb128 .LVL34-.LVL31
 4649 00f6 01       		.uleb128 0x1
 4650 00f7 50       		.byte	0x50
 4651 00f8 04       		.byte	0x4
 4652 00f9 1C       		.uleb128 .LVL34-.LVL31
 4653 00fa 78       		.uleb128 .LFE214-.LVL31
 4654 00fb 01       		.uleb128 0x1
 4655 00fc 55       		.byte	0x55
 4656 00fd 00       		.byte	0
 4657              	.LVUS29:
 4658 00fe 00       		.uleb128 .LVU210
 4659 00ff 00       		.uleb128 .LVU259
 4660              	.LLST29:
 4661 0100 08       		.byte	0x8
 4662 0101 14000000 		.4byte	.LVL32
 4663 0105 54       		.uleb128 .LVL42-.LVL32
 4664 0106 01       		.uleb128 0x1
 4665 0107 54       		.byte	0x54
 4666 0108 00       		.byte	0
 4667              	.LVUS30:
 4668 0109 00       		.uleb128 .LVU215
 4669 010a 00       		.uleb128 0
 4670              	.LLST30:
 4671 010b 08       		.byte	0x8
 4672 010c 18000000 		.4byte	.LVL33
 4673 0110 60       		.uleb128 .LFE214-.LVL33
 4674 0111 01       		.uleb128 0x1
ARM GAS  /tmp/ccN3AcAf.s 			page 83


 4675 0112 56       		.byte	0x56
 4676 0113 00       		.byte	0
 4677              	.LVUS31:
 4678 0114 00       		.uleb128 .LVU259
 4679 0115 00       		.uleb128 0
 4680              	.LLST31:
 4681 0116 08       		.byte	0x8
 4682 0117 68000000 		.4byte	.LVL42
 4683 011b 10       		.uleb128 .LFE214-.LVL42
 4684 011c 01       		.uleb128 0x1
 4685 011d 54       		.byte	0x54
 4686 011e 00       		.byte	0
 4687              	.LVUS34:
 4688 011f 01       		.uleb128 .LVU230
 4689 0120 00       		.uleb128 .LVU255
 4690              	.LLST34:
 4691 0121 08       		.byte	0x8
 4692 0122 28000000 		.4byte	.LVL36
 4693 0126 38       		.uleb128 .LVL40-.LVL36
 4694 0127 01       		.uleb128 0x1
 4695 0128 54       		.byte	0x54
 4696 0129 00       		.byte	0
 4697              	.LVUS35:
 4698 012a 01       		.uleb128 .LVU230
 4699 012b 00       		.uleb128 .LVU255
 4700              	.LLST35:
 4701 012c 08       		.byte	0x8
 4702 012d 28000000 		.4byte	.LVL36
 4703 0131 38       		.uleb128 .LVL40-.LVL36
 4704 0132 01       		.uleb128 0x1
 4705 0133 55       		.byte	0x55
 4706 0134 00       		.byte	0
 4707              	.LVUS36:
 4708 0135 03       		.uleb128 .LVU232
 4709 0136 00       		.uleb128 .LVU233
 4710 0137 00       		.uleb128 .LVU233
 4711 0138 00       		.uleb128 .LVU237
 4712 0139 06       		.uleb128 .LVU243
 4713 013a 00       		.uleb128 .LVU255
 4714              	.LLST36:
 4715 013b 06       		.byte	0x6
 4716 013c 28000000 		.4byte	.LVL36
 4717 0140 04       		.byte	0x4
 4718 0141 00       		.uleb128 .LVL36-.LVL36
 4719 0142 04       		.uleb128 .LVL37-.LVL36
 4720 0143 01       		.uleb128 0x1
 4721 0144 55       		.byte	0x55
 4722 0145 04       		.byte	0x4
 4723 0146 04       		.uleb128 .LVL37-.LVL36
 4724 0147 18       		.uleb128 .LVL39-.LVL36
 4725 0148 01       		.uleb128 0x1
 4726 0149 53       		.byte	0x53
 4727 014a 04       		.byte	0x4
 4728 014b 18       		.uleb128 .LVL39-.LVL36
 4729 014c 38       		.uleb128 .LVL40-.LVL36
 4730 014d 01       		.uleb128 0x1
 4731 014e 53       		.byte	0x53
ARM GAS  /tmp/ccN3AcAf.s 			page 84


 4732 014f 00       		.byte	0
 4733              	.LVUS37:
 4734 0150 00       		.uleb128 .LVU233
 4735 0151 00       		.uleb128 .LVU234
 4736 0152 00       		.uleb128 .LVU237
 4737 0153 00       		.uleb128 .LVU255
 4738              	.LLST37:
 4739 0154 06       		.byte	0x6
 4740 0155 2C000000 		.4byte	.LVL37
 4741 0159 04       		.byte	0x4
 4742 015a 00       		.uleb128 .LVL37-.LVL37
 4743 015b 10       		.uleb128 .LVL38-.LVL37
 4744 015c 01       		.uleb128 0x1
 4745 015d 53       		.byte	0x53
 4746 015e 04       		.byte	0x4
 4747 015f 14       		.uleb128 .LVL39-.LVL37
 4748 0160 34       		.uleb128 .LVL40-.LVL37
 4749 0161 01       		.uleb128 0x1
 4750 0162 53       		.byte	0x53
 4751 0163 00       		.byte	0
 4752              	.LVUS38:
 4753 0164 00       		.uleb128 0
 4754 0165 00       		.uleb128 .LVU275
 4755 0166 00       		.uleb128 .LVU275
 4756 0167 00       		.uleb128 0
 4757              	.LLST38:
 4758 0168 06       		.byte	0x6
 4759 0169 00000000 		.4byte	.LVL44
 4760 016d 04       		.byte	0x4
 4761 016e 00       		.uleb128 .LVL44-.LVL44
 4762 016f 0B       		.uleb128 .LVL45-1-.LVL44
 4763 0170 01       		.uleb128 0x1
 4764 0171 50       		.byte	0x50
 4765 0172 04       		.byte	0x4
 4766 0173 0B       		.uleb128 .LVL45-1-.LVL44
 4767 0174 14       		.uleb128 .LFE213-.LVL44
 4768 0175 0A       		.uleb128 0xa
 4769 0176 A3       		.byte	0xa3
 4770 0177 03       		.uleb128 0x3
 4771 0178 A5       		.byte	0xa5
 4772 0179 00       		.uleb128 0
 4773 017a 26       		.uleb128 0x26
 4774 017b A8       		.byte	0xa8
 4775 017c 2D       		.uleb128 0x2d
 4776 017d A8       		.byte	0xa8
 4777 017e 00       		.uleb128 0
 4778 017f 9F       		.byte	0x9f
 4779 0180 00       		.byte	0
 4780              	.LVUS39:
 4781 0181 00       		.uleb128 .LVU275
 4782 0182 00       		.uleb128 0
 4783              	.LLST39:
 4784 0183 08       		.byte	0x8
 4785 0184 0C000000 		.4byte	.LVL45
 4786 0188 08       		.uleb128 .LFE213-.LVL45
 4787 0189 01       		.uleb128 0x1
 4788 018a 50       		.byte	0x50
ARM GAS  /tmp/ccN3AcAf.s 			page 85


 4789 018b 00       		.byte	0
 4790              	.LVUS14:
 4791 018c 00       		.uleb128 0
 4792 018d 00       		.uleb128 .LVU131
 4793 018e 00       		.uleb128 .LVU131
 4794 018f 00       		.uleb128 .LVU153
 4795 0190 00       		.uleb128 .LVU153
 4796 0191 00       		.uleb128 0
 4797              	.LLST14:
 4798 0192 06       		.byte	0x6
 4799 0193 00000000 		.4byte	.LVL16
 4800 0197 04       		.byte	0x4
 4801 0198 00       		.uleb128 .LVL16-.LVL16
 4802 0199 1C       		.uleb128 .LVL19-.LVL16
 4803 019a 01       		.uleb128 0x1
 4804 019b 50       		.byte	0x50
 4805 019c 04       		.byte	0x4
 4806 019d 1C       		.uleb128 .LVL19-.LVL16
 4807 019e 40       		.uleb128 .LVL23-.LVL16
 4808 019f 01       		.uleb128 0x1
 4809 01a0 54       		.byte	0x54
 4810 01a1 04       		.byte	0x4
 4811 01a2 40       		.uleb128 .LVL23-.LVL16
 4812 01a3 4C       		.uleb128 .LFE211-.LVL16
 4813 01a4 0A       		.uleb128 0xa
 4814 01a5 A3       		.byte	0xa3
 4815 01a6 03       		.uleb128 0x3
 4816 01a7 A5       		.byte	0xa5
 4817 01a8 00       		.uleb128 0
 4818 01a9 26       		.uleb128 0x26
 4819 01aa A8       		.byte	0xa8
 4820 01ab 2D       		.uleb128 0x2d
 4821 01ac A8       		.byte	0xa8
 4822 01ad 00       		.uleb128 0
 4823 01ae 9F       		.byte	0x9f
 4824 01af 00       		.byte	0
 4825              	.LVUS16:
 4826 01b0 03       		.uleb128 .LVU118
 4827 01b1 00       		.uleb128 .LVU131
 4828 01b2 00       		.uleb128 .LVU131
 4829 01b3 00       		.uleb128 .LVU153
 4830              	.LLST16:
 4831 01b4 06       		.byte	0x6
 4832 01b5 08000000 		.4byte	.LVL17
 4833 01b9 04       		.byte	0x4
 4834 01ba 00       		.uleb128 .LVL17-.LVL17
 4835 01bb 14       		.uleb128 .LVL19-.LVL17
 4836 01bc 01       		.uleb128 0x1
 4837 01bd 50       		.byte	0x50
 4838 01be 04       		.byte	0x4
 4839 01bf 14       		.uleb128 .LVL19-.LVL17
 4840 01c0 38       		.uleb128 .LVL23-.LVL17
 4841 01c1 01       		.uleb128 0x1
 4842 01c2 54       		.byte	0x54
 4843 01c3 00       		.byte	0
 4844              	.LVUS18:
 4845 01c4 0A       		.uleb128 .LVU125
ARM GAS  /tmp/ccN3AcAf.s 			page 86


 4846 01c5 00       		.uleb128 .LVU128
 4847 01c6 01       		.uleb128 .LVU149
 4848 01c7 03       		.uleb128 .LVU151
 4849              	.LLST18:
 4850 01c8 08       		.byte	0x8
 4851 01c9 08000000 		.4byte	.LVL17
 4852 01cd 04       		.uleb128 .LVL18-.LVL17
 4853 01ce 01       		.uleb128 0x1
 4854 01cf 50       		.byte	0x50
 4855 01d0 08       		.byte	0x8
 4856 01d1 38000000 		.4byte	.LVL22
 4857 01d5 00       		.uleb128 .LVL22-.LVL22
 4858 01d6 01       		.uleb128 0x1
 4859 01d7 54       		.byte	0x54
 4860 01d8 00       		.byte	0
 4861              	.LVUS20:
 4862 01d9 01       		.uleb128 .LVU132
 4863 01da 01       		.uleb128 .LVU144
 4864              	.LLST20:
 4865 01db 08       		.byte	0x8
 4866 01dc 1C000000 		.4byte	.LVL19
 4867 01e0 10       		.uleb128 .LVL20-.LVL19
 4868 01e1 01       		.uleb128 0x1
 4869 01e2 54       		.byte	0x54
 4870 01e3 00       		.byte	0
 4871              	.LVUS21:
 4872 01e4 06       		.uleb128 .LVU137
 4873 01e5 01       		.uleb128 .LVU144
 4874              	.LLST21:
 4875 01e6 08       		.byte	0x8
 4876 01e7 1C000000 		.4byte	.LVL19
 4877 01eb 10       		.uleb128 .LVL20-.LVL19
 4878 01ec 01       		.uleb128 0x1
 4879 01ed 53       		.byte	0x53
 4880 01ee 00       		.byte	0
 4881              	.LVUS8:
 4882 01ef 00       		.uleb128 0
 4883 01f0 00       		.uleb128 .LVU86
 4884 01f1 00       		.uleb128 .LVU86
 4885 01f2 00       		.uleb128 .LVU106
 4886 01f3 00       		.uleb128 .LVU106
 4887 01f4 00       		.uleb128 0
 4888              	.LLST8:
 4889 01f5 06       		.byte	0x6
 4890 01f6 00000000 		.4byte	.LVL10
 4891 01fa 04       		.byte	0x4
 4892 01fb 00       		.uleb128 .LVL10-.LVL10
 4893 01fc 08       		.uleb128 .LVL12-.LVL10
 4894 01fd 01       		.uleb128 0x1
 4895 01fe 50       		.byte	0x50
 4896 01ff 04       		.byte	0x4
 4897 0200 08       		.uleb128 .LVL12-.LVL10
 4898 0201 27       		.uleb128 .LVL15-1-.LVL10
 4899 0202 01       		.uleb128 0x1
 4900 0203 53       		.byte	0x53
 4901 0204 04       		.byte	0x4
 4902 0205 27       		.uleb128 .LVL15-1-.LVL10
ARM GAS  /tmp/ccN3AcAf.s 			page 87


 4903 0206 28       		.uleb128 .LFE210-.LVL10
 4904 0207 0A       		.uleb128 0xa
 4905 0208 A3       		.byte	0xa3
 4906 0209 03       		.uleb128 0x3
 4907 020a A5       		.byte	0xa5
 4908 020b 00       		.uleb128 0
 4909 020c 26       		.uleb128 0x26
 4910 020d A8       		.byte	0xa8
 4911 020e 2D       		.uleb128 0x2d
 4912 020f A8       		.byte	0xa8
 4913 0210 00       		.uleb128 0
 4914 0211 9F       		.byte	0x9f
 4915 0212 00       		.byte	0
 4916              	.LVUS10:
 4917 0213 01       		.uleb128 .LVU101
 4918 0214 00       		.uleb128 .LVU106
 4919              	.LLST10:
 4920 0215 08       		.byte	0x8
 4921 0216 20000000 		.4byte	.LVL14
 4922 021a 07       		.uleb128 .LVL15-1-.LVL14
 4923 021b 01       		.uleb128 0x1
 4924 021c 50       		.byte	0x50
 4925 021d 00       		.byte	0
 4926              	.LVUS12:
 4927 021e 01       		.uleb128 .LVU89
 4928 021f 01       		.uleb128 .LVU101
 4929              	.LLST12:
 4930 0220 08       		.byte	0x8
 4931 0221 10000000 		.4byte	.LVL13
 4932 0225 10       		.uleb128 .LVL14-.LVL13
 4933 0226 01       		.uleb128 0x1
 4934 0227 53       		.byte	0x53
 4935 0228 00       		.byte	0
 4936              	.LVUS13:
 4937 0229 06       		.uleb128 .LVU94
 4938 022a 01       		.uleb128 .LVU101
 4939              	.LLST13:
 4940 022b 08       		.byte	0x8
 4941 022c 10000000 		.4byte	.LVL13
 4942 0230 10       		.uleb128 .LVL14-.LVL13
 4943 0231 01       		.uleb128 0x1
 4944 0232 50       		.byte	0x50
 4945 0233 00       		.byte	0
 4946              	.LVUS9:
 4947 0234 00       		.uleb128 .LVU83
 4948 0235 00       		.uleb128 .LVU86
 4949              	.LLST9:
 4950 0236 08       		.byte	0x8
 4951 0237 04000000 		.4byte	.LVL11
 4952 023b 04       		.uleb128 .LVL12-.LVL11
 4953 023c 01       		.uleb128 0x1
 4954 023d 50       		.byte	0x50
 4955 023e 00       		.byte	0
 4956              	.LVUS1:
 4957 023f 00       		.uleb128 0
 4958 0240 00       		.uleb128 .LVU37
 4959 0241 00       		.uleb128 .LVU37
ARM GAS  /tmp/ccN3AcAf.s 			page 88


 4960 0242 00       		.uleb128 .LVU55
 4961 0243 00       		.uleb128 .LVU55
 4962 0244 00       		.uleb128 .LVU66
 4963 0245 00       		.uleb128 .LVU66
 4964 0246 00       		.uleb128 0
 4965              	.LLST1:
 4966 0247 06       		.byte	0x6
 4967 0248 00000000 		.4byte	.LVL3
 4968 024c 04       		.byte	0x4
 4969 024d 00       		.uleb128 .LVL3-.LVL3
 4970 024e 0C       		.uleb128 .LVL5-.LVL3
 4971 024f 01       		.uleb128 0x1
 4972 0250 50       		.byte	0x50
 4973 0251 04       		.byte	0x4
 4974 0252 0C       		.uleb128 .LVL5-.LVL3
 4975 0253 2B       		.uleb128 .LVL8-1-.LVL3
 4976 0254 01       		.uleb128 0x1
 4977 0255 53       		.byte	0x53
 4978 0256 04       		.byte	0x4
 4979 0257 2B       		.uleb128 .LVL8-1-.LVL3
 4980 0258 34       		.uleb128 .LVL9-.LVL3
 4981 0259 0A       		.uleb128 0xa
 4982 025a A3       		.byte	0xa3
 4983 025b 03       		.uleb128 0x3
 4984 025c A5       		.byte	0xa5
 4985 025d 00       		.uleb128 0
 4986 025e 26       		.uleb128 0x26
 4987 025f A8       		.byte	0xa8
 4988 0260 2D       		.uleb128 0x2d
 4989 0261 A8       		.byte	0xa8
 4990 0262 00       		.uleb128 0
 4991 0263 9F       		.byte	0x9f
 4992 0264 04       		.byte	0x4
 4993 0265 34       		.uleb128 .LVL9-.LVL3
 4994 0266 3C       		.uleb128 .LFE209-.LVL3
 4995 0267 01       		.uleb128 0x1
 4996 0268 53       		.byte	0x53
 4997 0269 00       		.byte	0
 4998              	.LVUS3:
 4999 026a 03       		.uleb128 .LVU34
 5000 026b 00       		.uleb128 .LVU37
 5001              	.LLST3:
 5002 026c 08       		.byte	0x8
 5003 026d 08000000 		.4byte	.LVL4
 5004 0271 04       		.uleb128 .LVL5-.LVL4
 5005 0272 01       		.uleb128 0x1
 5006 0273 50       		.byte	0x50
 5007 0274 00       		.byte	0
 5008              	.LVUS5:
 5009 0275 01       		.uleb128 .LVU40
 5010 0276 01       		.uleb128 .LVU53
 5011              	.LLST5:
 5012 0277 08       		.byte	0x8
 5013 0278 14000000 		.4byte	.LVL6
 5014 027c 14       		.uleb128 .LVL7-.LVL6
 5015 027d 01       		.uleb128 0x1
 5016 027e 53       		.byte	0x53
ARM GAS  /tmp/ccN3AcAf.s 			page 89


 5017 027f 00       		.byte	0
 5018              	.LVUS6:
 5019 0280 06       		.uleb128 .LVU45
 5020 0281 01       		.uleb128 .LVU53
 5021              	.LLST6:
 5022 0282 08       		.byte	0x8
 5023 0283 14000000 		.4byte	.LVL6
 5024 0287 14       		.uleb128 .LVL7-.LVL6
 5025 0288 01       		.uleb128 0x1
 5026 0289 50       		.byte	0x50
 5027 028a 00       		.byte	0
 5028              	.LVUS0:
 5029 028b 05       		.uleb128 .LVU5
 5030 028c 00       		.uleb128 .LVU9
 5031              	.LLST0:
 5032 028d 08       		.byte	0x8
 5033 028e 00000000 		.4byte	.LVL0
 5034 0292 08       		.uleb128 .LVL1-.LVL0
 5035 0293 01       		.uleb128 0x1
 5036 0294 50       		.byte	0x50
 5037 0295 00       		.byte	0
 5038              	.LVUS22:
 5039 0296 00       		.uleb128 0
 5040 0297 00       		.uleb128 .LVU180
 5041 0298 00       		.uleb128 .LVU180
 5042 0299 00       		.uleb128 0
 5043              	.LLST22:
 5044 029a 06       		.byte	0x6
 5045 029b 00000000 		.4byte	.LVL25
 5046 029f 04       		.byte	0x4
 5047 02a0 00       		.uleb128 .LVL25-.LVL25
 5048 02a1 18       		.uleb128 .LVL27-.LVL25
 5049 02a2 01       		.uleb128 0x1
 5050 02a3 50       		.byte	0x50
 5051 02a4 04       		.byte	0x4
 5052 02a5 18       		.uleb128 .LVL27-.LVL25
 5053 02a6 40       		.uleb128 .LFE212-.LVL25
 5054 02a7 01       		.uleb128 0x1
 5055 02a8 54       		.byte	0x54
 5056 02a9 00       		.byte	0
 5057              	.LVUS24:
 5058 02aa 07       		.uleb128 .LVU173
 5059 02ab 00       		.uleb128 .LVU176
 5060 02ac 01       		.uleb128 .LVU198
 5061 02ad 03       		.uleb128 .LVU200
 5062              	.LLST24:
 5063 02ae 08       		.byte	0x8
 5064 02af 00000000 		.4byte	.LVL25
 5065 02b3 04       		.uleb128 .LVL26-.LVL25
 5066 02b4 01       		.uleb128 0x1
 5067 02b5 50       		.byte	0x50
 5068 02b6 08       		.byte	0x8
 5069 02b7 34000000 		.4byte	.LVL30
 5070 02bb 00       		.uleb128 .LVL30-.LVL30
 5071 02bc 01       		.uleb128 0x1
 5072 02bd 54       		.byte	0x54
 5073 02be 00       		.byte	0
ARM GAS  /tmp/ccN3AcAf.s 			page 90


 5074              	.LVUS26:
 5075 02bf 01       		.uleb128 .LVU181
 5076 02c0 01       		.uleb128 .LVU193
 5077              	.LLST26:
 5078 02c1 08       		.byte	0x8
 5079 02c2 18000000 		.4byte	.LVL27
 5080 02c6 10       		.uleb128 .LVL28-.LVL27
 5081 02c7 01       		.uleb128 0x1
 5082 02c8 54       		.byte	0x54
 5083 02c9 00       		.byte	0
 5084              	.LVUS27:
 5085 02ca 06       		.uleb128 .LVU186
 5086 02cb 01       		.uleb128 .LVU193
 5087              	.LLST27:
 5088 02cc 08       		.byte	0x8
 5089 02cd 18000000 		.4byte	.LVL27
 5090 02d1 10       		.uleb128 .LVL28-.LVL27
 5091 02d2 01       		.uleb128 0x1
 5092 02d3 53       		.byte	0x53
 5093 02d4 00       		.byte	0
 5094              	.Ldebug_loc3:
 5095              		.section	.debug_aranges,"",%progbits
 5096 0000 64000000 		.4byte	0x64
 5097 0004 0200     		.2byte	0x2
 5098 0006 00000000 		.4byte	.Ldebug_info0
 5099 000a 04       		.byte	0x4
 5100 000b 00       		.byte	0
 5101 000c 0000     		.2byte	0
 5102 000e 0000     		.2byte	0
 5103 0010 00000000 		.4byte	.LFB207
 5104 0014 0C000000 		.4byte	.LFE207-.LFB207
 5105 0018 00000000 		.4byte	.LFB208
 5106 001c 04000000 		.4byte	.LFE208-.LFB208
 5107 0020 00000000 		.4byte	.LFB209
 5108 0024 3C000000 		.4byte	.LFE209-.LFB209
 5109 0028 00000000 		.4byte	.LFB210
 5110 002c 28000000 		.4byte	.LFE210-.LFB210
 5111 0030 00000000 		.4byte	.LFB211
 5112 0034 4C000000 		.4byte	.LFE211-.LFB211
 5113 0038 00000000 		.4byte	.LFB212
 5114 003c 40000000 		.4byte	.LFE212-.LFB212
 5115 0040 00000000 		.4byte	.LFB214
 5116 0044 78000000 		.4byte	.LFE214-.LFB214
 5117 0048 00000000 		.4byte	.LFB213
 5118 004c 14000000 		.4byte	.LFE213-.LFB213
 5119 0050 00000000 		.4byte	.LFB216
 5120 0054 88000000 		.4byte	.LFE216-.LFB216
 5121 0058 00000000 		.4byte	.LFB215
 5122 005c 14000000 		.4byte	.LFE215-.LFB215
 5123 0060 00000000 		.4byte	0
 5124 0064 00000000 		.4byte	0
 5125              		.section	.debug_rnglists,"",%progbits
 5126              	.Ldebug_ranges0:
 5127 0000 15010000 		.4byte	.Ldebug_ranges3-.Ldebug_ranges2
 5128              	.Ldebug_ranges2:
 5129 0004 0500     		.2byte	0x5
 5130 0006 04       		.byte	0x4
ARM GAS  /tmp/ccN3AcAf.s 			page 91


 5131 0007 00       		.byte	0
 5132 0008 00000000 		.4byte	0
 5133              	.LLRL2:
 5134 000c 05       		.byte	0x5
 5135 000d 00000000 		.4byte	.LBB72
 5136 0011 04       		.byte	0x4
 5137 0012 00       		.uleb128 .LBB72-.LBB72
 5138 0013 00       		.uleb128 .LBE72-.LBB72
 5139 0014 04       		.byte	0x4
 5140 0015 04       		.uleb128 .LBB77-.LBB72
 5141 0016 08       		.uleb128 .LBE77-.LBB72
 5142 0017 00       		.byte	0
 5143              	.LLRL4:
 5144 0018 05       		.byte	0x5
 5145 0019 14000000 		.4byte	.LBB80
 5146 001d 04       		.byte	0x4
 5147 001e 00       		.uleb128 .LBB80-.LBB80
 5148 001f 04       		.uleb128 .LBE80-.LBB80
 5149 0020 04       		.byte	0x4
 5150 0021 0C       		.uleb128 .LBB83-.LBB80
 5151 0022 14       		.uleb128 .LBE83-.LBB80
 5152 0023 00       		.byte	0
 5153              	.LLRL7:
 5154 0024 05       		.byte	0x5
 5155 0025 2C000000 		.4byte	.LBB84
 5156 0029 04       		.byte	0x4
 5157 002a 00       		.uleb128 .LBB84-.LBB84
 5158 002b 04       		.uleb128 .LBE84-.LBB84
 5159 002c 04       		.byte	0x4
 5160 002d 08       		.uleb128 .LBB91-.LBB84
 5161 002e 10       		.uleb128 .LBE91-.LBB84
 5162 002f 00       		.byte	0
 5163              	.LLRL11:
 5164 0030 05       		.byte	0x5
 5165 0031 10000000 		.4byte	.LBB95
 5166 0035 04       		.byte	0x4
 5167 0036 00       		.uleb128 .LBB95-.LBB95
 5168 0037 00       		.uleb128 .LBE95-.LBB95
 5169 0038 04       		.byte	0x4
 5170 0039 04       		.uleb128 .LBB98-.LBB95
 5171 003a 10       		.uleb128 .LBE98-.LBB95
 5172 003b 00       		.byte	0
 5173              	.LLRL15:
 5174 003c 05       		.byte	0x5
 5175 003d 00000000 		.4byte	.LBB112
 5176 0041 04       		.byte	0x4
 5177 0042 00       		.uleb128 .LBB112-.LBB112
 5178 0043 00       		.uleb128 .LBE112-.LBB112
 5179 0044 04       		.byte	0x4
 5180 0045 04       		.uleb128 .LBB117-.LBB112
 5181 0046 08       		.uleb128 .LBE117-.LBB112
 5182 0047 00       		.byte	0
 5183              	.LLRL17:
 5184 0048 05       		.byte	0x5
 5185 0049 08000000 		.4byte	.LBB120
 5186 004d 04       		.byte	0x4
 5187 004e 00       		.uleb128 .LBB120-.LBB120
ARM GAS  /tmp/ccN3AcAf.s 			page 92


 5188 004f 04       		.uleb128 .LBE120-.LBB120
 5189 0050 04       		.byte	0x4
 5190 0051 28       		.uleb128 .LBB128-.LBB120
 5191 0052 2C       		.uleb128 .LBE128-.LBB120
 5192 0053 04       		.byte	0x4
 5193 0054 30       		.uleb128 .LBB129-.LBB120
 5194 0055 30       		.uleb128 .LBE129-.LBB120
 5195 0056 00       		.byte	0
 5196              	.LLRL19:
 5197 0057 05       		.byte	0x5
 5198 0058 1C000000 		.4byte	.LBB124
 5199 005c 04       		.byte	0x4
 5200 005d 00       		.uleb128 .LBB124-.LBB124
 5201 005e 04       		.uleb128 .LBE124-.LBB124
 5202 005f 04       		.byte	0x4
 5203 0060 08       		.uleb128 .LBB127-.LBB124
 5204 0061 10       		.uleb128 .LBE127-.LBB124
 5205 0062 00       		.byte	0
 5206              	.LLRL23:
 5207 0063 05       		.byte	0x5
 5208 0064 00000000 		.4byte	.LBB134
 5209 0068 04       		.byte	0x4
 5210 0069 00       		.uleb128 .LBB134-.LBB134
 5211 006a 04       		.uleb128 .LBE134-.LBB134
 5212 006b 04       		.byte	0x4
 5213 006c 2C       		.uleb128 .LBB142-.LBB134
 5214 006d 30       		.uleb128 .LBE142-.LBB134
 5215 006e 04       		.byte	0x4
 5216 006f 34       		.uleb128 .LBB143-.LBB134
 5217 0070 34       		.uleb128 .LBE143-.LBB134
 5218 0071 00       		.byte	0
 5219              	.LLRL25:
 5220 0072 05       		.byte	0x5
 5221 0073 18000000 		.4byte	.LBB138
 5222 0077 04       		.byte	0x4
 5223 0078 00       		.uleb128 .LBB138-.LBB138
 5224 0079 04       		.uleb128 .LBE138-.LBB138
 5225 007a 04       		.byte	0x4
 5226 007b 08       		.uleb128 .LBB141-.LBB138
 5227 007c 10       		.uleb128 .LBE141-.LBB138
 5228 007d 00       		.byte	0
 5229              	.LLRL32:
 5230 007e 05       		.byte	0x5
 5231 007f 00000000 		.4byte	.LBB151
 5232 0083 04       		.byte	0x4
 5233 0084 00       		.uleb128 .LBB151-.LBB151
 5234 0085 04       		.uleb128 .LBE151-.LBB151
 5235 0086 04       		.byte	0x4
 5236 0087 0C       		.uleb128 .LBB154-.LBB151
 5237 0088 14       		.uleb128 .LBE154-.LBB151
 5238 0089 00       		.byte	0
 5239              	.LLRL33:
 5240 008a 05       		.byte	0x5
 5241 008b 20000000 		.4byte	.LBB157
 5242 008f 04       		.byte	0x4
 5243 0090 00       		.uleb128 .LBB157-.LBB157
 5244 0091 04       		.uleb128 .LBE157-.LBB157
ARM GAS  /tmp/ccN3AcAf.s 			page 93


 5245 0092 04       		.byte	0x4
 5246 0093 08       		.uleb128 .LBB162-.LBB157
 5247 0094 2C       		.uleb128 .LBE162-.LBB157
 5248 0095 04       		.byte	0x4
 5249 0096 30       		.uleb128 .LBB163-.LBB157
 5250 0097 40       		.uleb128 .LBE163-.LBB157
 5251 0098 00       		.byte	0
 5252              	.LLRL40:
 5253 0099 05       		.byte	0x5
 5254 009a 00000000 		.4byte	.LBB164
 5255 009e 04       		.byte	0x4
 5256 009f 00       		.uleb128 .LBB164-.LBB164
 5257 00a0 00       		.uleb128 .LBE164-.LBB164
 5258 00a1 04       		.byte	0x4
 5259 00a2 04       		.uleb128 .LBB169-.LBB164
 5260 00a3 08       		.uleb128 .LBE169-.LBB164
 5261 00a4 00       		.byte	0
 5262              	.LLRL46:
 5263 00a5 05       		.byte	0x5
 5264 00a6 00000000 		.4byte	.LBB181
 5265 00aa 04       		.byte	0x4
 5266 00ab 00       		.uleb128 .LBB181-.LBB181
 5267 00ac 04       		.uleb128 .LBE181-.LBB181
 5268 00ad 04       		.byte	0x4
 5269 00ae 0C       		.uleb128 .LBB184-.LBB181
 5270 00af 14       		.uleb128 .LBE184-.LBB181
 5271 00b0 00       		.byte	0
 5272              	.LLRL47:
 5273 00b1 05       		.byte	0x5
 5274 00b2 14000000 		.4byte	.LBB185
 5275 00b6 04       		.byte	0x4
 5276 00b7 00       		.uleb128 .LBB185-.LBB185
 5277 00b8 00       		.uleb128 .LBE185-.LBB185
 5278 00b9 04       		.byte	0x4
 5279 00ba 04       		.uleb128 .LBB188-.LBB185
 5280 00bb 08       		.uleb128 .LBE188-.LBB185
 5281 00bc 00       		.byte	0
 5282              	.LLRL48:
 5283 00bd 05       		.byte	0x5
 5284 00be 24000000 		.4byte	.LBB189
 5285 00c2 04       		.byte	0x4
 5286 00c3 00       		.uleb128 .LBB189-.LBB189
 5287 00c4 04       		.uleb128 .LBE189-.LBB189
 5288 00c5 04       		.byte	0x4
 5289 00c6 08       		.uleb128 .LBB195-.LBB189
 5290 00c7 2C       		.uleb128 .LBE195-.LBB189
 5291 00c8 04       		.byte	0x4
 5292 00c9 30       		.uleb128 .LBB196-.LBB189
 5293 00ca 38       		.uleb128 .LBE196-.LBB189
 5294 00cb 04       		.byte	0x4
 5295 00cc 3C       		.uleb128 .LBB197-.LBB189
 5296 00cd 44       		.uleb128 .LBE197-.LBB189
 5297 00ce 00       		.byte	0
 5298              	.LLRL56:
 5299 00cf 05       		.byte	0x5
 5300 00d0 00000000 		.4byte	.LBB198
 5301 00d4 04       		.byte	0x4
ARM GAS  /tmp/ccN3AcAf.s 			page 94


 5302 00d5 00       		.uleb128 .LBB198-.LBB198
 5303 00d6 00       		.uleb128 .LBE198-.LBB198
 5304 00d7 04       		.byte	0x4
 5305 00d8 04       		.uleb128 .LBB203-.LBB198
 5306 00d9 08       		.uleb128 .LBE203-.LBB198
 5307 00da 00       		.byte	0
 5308              	.LLRL57:
 5309 00db 07       		.byte	0x7
 5310 00dc 00000000 		.4byte	.LFB207
 5311 00e0 0C       		.uleb128 .LFE207-.LFB207
 5312 00e1 07       		.byte	0x7
 5313 00e2 00000000 		.4byte	.LFB208
 5314 00e6 04       		.uleb128 .LFE208-.LFB208
 5315 00e7 07       		.byte	0x7
 5316 00e8 00000000 		.4byte	.LFB209
 5317 00ec 3C       		.uleb128 .LFE209-.LFB209
 5318 00ed 07       		.byte	0x7
 5319 00ee 00000000 		.4byte	.LFB210
 5320 00f2 28       		.uleb128 .LFE210-.LFB210
 5321 00f3 07       		.byte	0x7
 5322 00f4 00000000 		.4byte	.LFB211
 5323 00f8 4C       		.uleb128 .LFE211-.LFB211
 5324 00f9 07       		.byte	0x7
 5325 00fa 00000000 		.4byte	.LFB212
 5326 00fe 40       		.uleb128 .LFE212-.LFB212
 5327 00ff 07       		.byte	0x7
 5328 0100 00000000 		.4byte	.LFB214
 5329 0104 78       		.uleb128 .LFE214-.LFB214
 5330 0105 07       		.byte	0x7
 5331 0106 00000000 		.4byte	.LFB213
 5332 010a 14       		.uleb128 .LFE213-.LFB213
 5333 010b 07       		.byte	0x7
 5334 010c 00000000 		.4byte	.LFB216
 5335 0110 8801     		.uleb128 .LFE216-.LFB216
 5336 0112 07       		.byte	0x7
 5337 0113 00000000 		.4byte	.LFB215
 5338 0117 14       		.uleb128 .LFE215-.LFB215
 5339 0118 00       		.byte	0
 5340              	.Ldebug_ranges3:
 5341              		.section	.debug_line,"",%progbits
 5342              	.Ldebug_line0:
 5343 0000 D3090000 		.section	.debug_str,"MS",%progbits,1
 5343      03007602 
 5343      00000201 
 5343      FB0E0D00 
 5343      01010101 
 5344              	.LASF108:
 5345 0000 63737461 		.ascii	"cstack_base\000"
 5345      636B5F62 
 5345      61736500 
 5346              	.LASF100:
 5347 000c 77746D74 		.ascii	"wtmtxp\000"
 5347      787000
 5348              	.LASF133:
 5349 0013 6368436F 		.ascii	"chCondSignalI\000"
 5349      6E645369 
 5349      676E616C 
ARM GAS  /tmp/ccN3AcAf.s 			page 95


 5349      4900
 5350              	.LASF40:
 5351 0021 64697370 		.ascii	"dispose\000"
 5351      6F736500 
 5352              	.LASF21:
 5353 0029 706F7274 		.ascii	"port_stkline_t\000"
 5353      5F73746B 
 5353      6C696E65 
 5353      5F7400
 5354              	.LASF88:
 5355 0038 63685F72 		.ascii	"ch_registry\000"
 5355      65676973 
 5355      74727900 
 5356              	.LASF36:
 5357 0044 666C6167 		.ascii	"flags\000"
 5357      7300
 5358              	.LASF66:
 5359 004a 73797374 		.ascii	"systime_t\000"
 5359      696D655F 
 5359      7400
 5360              	.LASF47:
 5361 0054 7265616C 		.ascii	"realprio\000"
 5361      7072696F 
 5361      00
 5362              	.LASF115:
 5363 005d 636F6E64 		.ascii	"condition_variable_t\000"
 5363      6974696F 
 5363      6E5F7661 
 5363      72696162 
 5363      6C655F74 
 5364              	.LASF45:
 5365 0072 6570656E 		.ascii	"epending\000"
 5365      64696E67 
 5365      00
 5366              	.LASF1:
 5367 007b 756E7369 		.ascii	"unsigned int\000"
 5367      676E6564 
 5367      20696E74 
 5367      00
 5368              	.LASF73:
 5369 0088 6E657874 		.ascii	"next\000"
 5369      00
 5370              	.LASF54:
 5371 008d 636F7265 		.ascii	"core_id\000"
 5371      5F696400 
 5372              	.LASF9:
 5373 0095 5F5F696E 		.ascii	"__int32_t\000"
 5373      7433325F 
 5373      7400
 5374              	.LASF37:
 5375 009f 72656673 		.ascii	"refs\000"
 5375      00
 5376              	.LASF97:
 5377 00a4 77746F62 		.ascii	"wtobjp\000"
 5377      6A7000
 5378              	.LASF147:
 5379 00ab 706F7274 		.ascii	"port_lock\000"
ARM GAS  /tmp/ccN3AcAf.s 			page 96


 5379      5F6C6F63 
 5379      6B00
 5380              	.LASF52:
 5381 00b5 76746C69 		.ascii	"vtlist\000"
 5381      737400
 5382              	.LASF70:
 5383 00bc 706F7274 		.ascii	"port_context\000"
 5383      5F636F6E 
 5383      74657874 
 5383      00
 5384              	.LASF104:
 5385 00c9 63685F72 		.ascii	"ch_ready_list\000"
 5385      65616479 
 5385      5F6C6973 
 5385      7400
 5386              	.LASF86:
 5387 00d7 6C617374 		.ascii	"laststamp\000"
 5387      7374616D 
 5387      7000
 5388              	.LASF101:
 5389 00e1 65776D61 		.ascii	"ewmask\000"
 5389      736B00
 5390              	.LASF76:
 5391 00e8 70726576 		.ascii	"prev\000"
 5391      00
 5392              	.LASF72:
 5393 00ed 63685F6C 		.ascii	"ch_list\000"
 5393      69737400 
 5394              	.LASF122:
 5395 00f5 63685363 		.ascii	"chSchReadyI\000"
 5395      68526561 
 5395      64794900 
 5396              	.LASF63:
 5397 0101 63685F73 		.ascii	"ch_system_debug\000"
 5397      79737465 
 5397      6D5F6465 
 5397      62756700 
 5398              	.LASF93:
 5399 0111 6C697374 		.ascii	"list\000"
 5399      00
 5400              	.LASF136:
 5401 0116 6368436F 		.ascii	"chCondObjectInit\000"
 5401      6E644F62 
 5401      6A656374 
 5401      496E6974 
 5401      00
 5402              	.LASF81:
 5403 0127 63685F64 		.ascii	"ch_delta_list\000"
 5403      656C7461 
 5403      5F6C6973 
 5403      7400
 5404              	.LASF18:
 5405 0135 75696E74 		.ascii	"uint32_t\000"
 5405      33325F74 
 5405      00
 5406              	.LASF44:
 5407 013e 73656E74 		.ascii	"sentmsg\000"
ARM GAS  /tmp/ccN3AcAf.s 			page 97


 5407      6D736700 
 5408              	.LASF28:
 5409 0146 6576656E 		.ascii	"eventmask_t\000"
 5409      746D6173 
 5409      6B5F7400 
 5410              	.LASF102:
 5411 0152 63685F73 		.ascii	"ch_semaphore\000"
 5411      656D6170 
 5411      686F7265 
 5411      00
 5412              	.LASF26:
 5413 015f 74707269 		.ascii	"tprio_t\000"
 5413      6F5F7400 
 5414              	.LASF112:
 5415 0167 6F735F69 		.ascii	"os_instance_config_t\000"
 5415      6E737461 
 5415      6E63655F 
 5415      636F6E66 
 5415      69675F74 
 5416              	.LASF130:
 5417 017c 6368436F 		.ascii	"chCondWait\000"
 5417      6E645761 
 5417      697400
 5418              	.LASF69:
 5419 0187 66707363 		.ascii	"fpscr\000"
 5419      7200
 5420              	.LASF0:
 5421 018d 6C6F6E67 		.ascii	"long long unsigned int\000"
 5421      206C6F6E 
 5421      6720756E 
 5421      7369676E 
 5421      65642069 
 5422              	.LASF94:
 5423 01a4 70717565 		.ascii	"pqueue\000"
 5423      756500
 5424              	.LASF29:
 5425 01ab 636E745F 		.ascii	"cnt_t\000"
 5425      7400
 5426              	.LASF22:
 5427 01b1 73746B6C 		.ascii	"stkline_t\000"
 5427      696E655F 
 5427      7400
 5428              	.LASF140:
 5429 01bb 63685379 		.ascii	"chSysUnlock\000"
 5429      73556E6C 
 5429      6F636B00 
 5430              	.LASF138:
 5431 01c7 63685468 		.ascii	"chThdGetSelfX\000"
 5431      64476574 
 5431      53656C66 
 5431      5800
 5432              	.LASF32:
 5433 01d5 6F776E65 		.ascii	"owner\000"
 5433      7200
 5434              	.LASF46:
 5435 01db 6D74786C 		.ascii	"mtxlist\000"
 5435      69737400 
ARM GAS  /tmp/ccN3AcAf.s 			page 98


 5436              	.LASF83:
 5437 01e3 63685F76 		.ascii	"ch_virtual_timers_list\000"
 5437      69727475 
 5437      616C5F74 
 5437      696D6572 
 5437      735F6C69 
 5438              	.LASF55:
 5439 01fa 72666375 		.ascii	"rfcu\000"
 5439      00
 5440              	.LASF31:
 5441 01ff 74687265 		.ascii	"thread_t\000"
 5441      61645F74 
 5441      00
 5442              	.LASF95:
 5443 0208 7264796D 		.ascii	"rdymsg\000"
 5443      736700
 5444              	.LASF77:
 5445 020f 63685F70 		.ascii	"ch_priority_queue_t\000"
 5445      72696F72 
 5445      6974795F 
 5445      71756575 
 5445      655F7400 
 5446              	.LASF116:
 5447 0223 5F426F6F 		.ascii	"_Bool\000"
 5447      6C00
 5448              	.LASF41:
 5449 0229 6F626A65 		.ascii	"object\000"
 5449      637400
 5450              	.LASF114:
 5451 0230 636F6E64 		.ascii	"condition_variable\000"
 5451      6974696F 
 5451      6E5F7661 
 5451      72696162 
 5451      6C6500
 5452              	.LASF60:
 5453 0243 63685F72 		.ascii	"ch_rfcu\000"
 5453      66637500 
 5454              	.LASF103:
 5455 024b 63685F6D 		.ascii	"ch_mutex\000"
 5455      75746578 
 5455      00
 5456              	.LASF13:
 5457 0254 5F5F7569 		.ascii	"__uint64_t\000"
 5457      6E743634 
 5457      5F7400
 5458              	.LASF125:
 5459 025f 63757272 		.ascii	"currtp\000"
 5459      747000
 5460              	.LASF151:
 5461 0266 63685363 		.ascii	"chSchRescheduleS\000"
 5461      68526573 
 5461      63686564 
 5461      756C6553 
 5461      00
 5462              	.LASF50:
 5463 0277 63685F6F 		.ascii	"ch_os_instance\000"
 5463      735F696E 
ARM GAS  /tmp/ccN3AcAf.s 			page 99


 5463      7374616E 
 5463      636500
 5464              	.LASF132:
 5465 0286 6368436F 		.ascii	"chCondBroadcast\000"
 5465      6E644272 
 5465      6F616463 
 5465      61737400 
 5466              	.LASF131:
 5467 0296 6368436F 		.ascii	"chCondBroadcastI\000"
 5467      6E644272 
 5467      6F616463 
 5467      61737449 
 5467      00
 5468              	.LASF145:
 5469 02a7 63685379 		.ascii	"chSysLock\000"
 5469      734C6F63 
 5469      6B00
 5470              	.LASF79:
 5471 02b1 7072696F 		.ascii	"prio\000"
 5471      00
 5472              	.LASF141:
 5473 02b6 63685F71 		.ascii	"ch_queue_fifo_remove\000"
 5473      75657565 
 5473      5F666966 
 5473      6F5F7265 
 5473      6D6F7665 
 5474              	.LASF15:
 5475 02cb 63686172 		.ascii	"char\000"
 5475      00
 5476              	.LASF80:
 5477 02d0 63685F64 		.ascii	"ch_delta_list_t\000"
 5477      656C7461 
 5477      5F6C6973 
 5477      745F7400 
 5478              	.LASF59:
 5479 02e0 72666375 		.ascii	"rfcu_mask_t\000"
 5479      5F6D6173 
 5479      6B5F7400 
 5480              	.LASF127:
 5481 02ec 6368436F 		.ascii	"chCondWaitTimeout\000"
 5481      6E645761 
 5481      69745469 
 5481      6D656F75 
 5481      7400
 5482              	.LASF91:
 5483 02fe 74687265 		.ascii	"thread_reference_t\000"
 5483      61645F72 
 5483      65666572 
 5483      656E6365 
 5483      5F7400
 5484              	.LASF33:
 5485 0311 77616261 		.ascii	"wabase\000"
 5485      736500
 5486              	.LASF24:
 5487 0318 74737461 		.ascii	"tstate_t\000"
 5487      74655F74 
 5487      00
ARM GAS  /tmp/ccN3AcAf.s 			page 100


 5488              	.LASF39:
 5489 0321 72717565 		.ascii	"rqueue\000"
 5489      756500
 5490              	.LASF16:
 5491 0328 75696E74 		.ascii	"uint8_t\000"
 5491      385F7400 
 5492              	.LASF43:
 5493 0330 6D736771 		.ascii	"msgqueue\000"
 5493      75657565 
 5493      00
 5494              	.LASF49:
 5495 0339 63685F74 		.ascii	"ch_thread\000"
 5495      68726561 
 5495      6400
 5496              	.LASF65:
 5497 0343 73797374 		.ascii	"system_debug_t\000"
 5497      656D5F64 
 5497      65627567 
 5497      5F7400
 5498              	.LASF2:
 5499 0352 6C6F6E67 		.ascii	"long long int\000"
 5499      206C6F6E 
 5499      6720696E 
 5499      7400
 5500              	.LASF27:
 5501 0360 6D73675F 		.ascii	"msg_t\000"
 5501      7400
 5502              	.LASF90:
 5503 0366 72656769 		.ascii	"registry_t\000"
 5503      73747279 
 5503      5F7400
 5504              	.LASF134:
 5505 0371 6368436F 		.ascii	"chCondSignal\000"
 5505      6E645369 
 5505      676E616C 
 5505      00
 5506              	.LASF111:
 5507 037e 69646C65 		.ascii	"idlestack_end\000"
 5507      73746163 
 5507      6B5F656E 
 5507      6400
 5508              	.LASF61:
 5509 038c 6D61736B 		.ascii	"mask\000"
 5509      00
 5510              	.LASF92:
 5511 0391 74687265 		.ascii	"thread_dispose_t\000"
 5511      61645F64 
 5511      6973706F 
 5511      73655F74 
 5511      00
 5512              	.LASF139:
 5513 03a2 63685F73 		.ascii	"ch_sch_prio_insert\000"
 5513      63685F70 
 5513      72696F5F 
 5513      696E7365 
 5513      727400
 5514              	.LASF67:
ARM GAS  /tmp/ccN3AcAf.s 			page 101


 5515 03b5 73797369 		.ascii	"sysinterval_t\000"
 5515      6E746572 
 5515      76616C5F 
 5515      7400
 5516              	.LASF74:
 5517 03c3 63685F71 		.ascii	"ch_queue_t\000"
 5517      75657565 
 5517      5F7400
 5518              	.LASF64:
 5519 03ce 70616E69 		.ascii	"panic_msg\000"
 5519      635F6D73 
 5519      6700
 5520              	.LASF110:
 5521 03d8 69646C65 		.ascii	"idlestack_base\000"
 5521      73746163 
 5521      6B5F6261 
 5521      736500
 5522              	.LASF23:
 5523 03e7 746D6F64 		.ascii	"tmode_t\000"
 5523      655F7400 
 5524              	.LASF85:
 5525 03ef 73797374 		.ascii	"systime\000"
 5525      696D6500 
 5526              	.LASF57:
 5527 03f7 69646C65 		.ascii	"idlethread\000"
 5527      74687265 
 5527      616400
 5528              	.LASF3:
 5529 0402 6C6F6E67 		.ascii	"long double\000"
 5529      20646F75 
 5529      626C6500 
 5530              	.LASF71:
 5531 040e 63685F6C 		.ascii	"ch_list_t\000"
 5531      6973745F 
 5531      7400
 5532              	.LASF14:
 5533 0418 5F5F7569 		.ascii	"__uintptr_t\000"
 5533      6E747074 
 5533      725F7400 
 5534              	.LASF56:
 5535 0424 636F6E66 		.ascii	"config\000"
 5535      696700
 5536              	.LASF6:
 5537 042b 73686F72 		.ascii	"short int\000"
 5537      7420696E 
 5537      7400
 5538              	.LASF10:
 5539 0435 6C6F6E67 		.ascii	"long int\000"
 5539      20696E74 
 5539      00
 5540              	.LASF68:
 5541 043e 706F7274 		.ascii	"port_intctx\000"
 5541      5F696E74 
 5541      63747800 
 5542              	.LASF148:
 5543 044a 474E5520 		.ascii	"GNU C17 13.3.1 20240614 -mcpu=cortex-r8 -mfloat-abi"
 5543      43313720 
ARM GAS  /tmp/ccN3AcAf.s 			page 102


 5543      31332E33 
 5543      2E312032 
 5543      30323430 
 5544 047d 3D686172 		.ascii	"=hard -mfpu=vfpv3-d16 -mno-thumb-interwork -marm -m"
 5544      64202D6D 
 5544      6670753D 
 5544      76667076 
 5544      332D6431 
 5545 04b0 61726368 		.ascii	"arch=armv7-r+fp+idiv -ggdb -O2 -fomit-frame-pointer"
 5545      3D61726D 
 5545      76372D72 
 5545      2B66702B 
 5545      69646976 
 5546 04e3 202D6661 		.ascii	" -falign-functions=16 -ffunction-sections -fdata-se"
 5546      6C69676E 
 5546      2D66756E 
 5546      6374696F 
 5546      6E733D31 
 5547 0516 6374696F 		.ascii	"ctions -fno-common\000"
 5547      6E73202D 
 5547      666E6F2D 
 5547      636F6D6D 
 5547      6F6E00
 5548              	.LASF34:
 5549 0529 7761656E 		.ascii	"waend\000"
 5549      6400
 5550              	.LASF109:
 5551 052f 63737461 		.ascii	"cstack_end\000"
 5551      636B5F65 
 5551      6E6400
 5552              	.LASF107:
 5553 053a 63685F6F 		.ascii	"ch_os_instance_config\000"
 5553      735F696E 
 5553      7374616E 
 5553      63655F63 
 5553      6F6E6669 
 5554              	.LASF84:
 5555 0550 646C6973 		.ascii	"dlist\000"
 5555      7400
 5556              	.LASF19:
 5557 0556 75696E74 		.ascii	"uint64_t\000"
 5557      36345F74 
 5557      00
 5558              	.LASF142:
 5559 055f 63685F71 		.ascii	"ch_queue_notempty\000"
 5559      75657565 
 5559      5F6E6F74 
 5559      656D7074 
 5559      7900
 5560              	.LASF135:
 5561 0571 6368436F 		.ascii	"chCondObjectDispose\000"
 5561      6E644F62 
 5561      6A656374 
 5561      44697370 
 5561      6F736500 
 5562              	.LASF51:
 5563 0585 726C6973 		.ascii	"rlist\000"
ARM GAS  /tmp/ccN3AcAf.s 			page 103


 5563      7400
 5564              	.LASF8:
 5565 058b 5F5F7569 		.ascii	"__uint8_t\000"
 5565      6E74385F 
 5565      7400
 5566              	.LASF38:
 5567 0595 6E616D65 		.ascii	"name\000"
 5567      00
 5568              	.LASF119:
 5569 059a 63685363 		.ascii	"chSchGoSleepS\000"
 5569      68476F53 
 5569      6C656570 
 5569      5300
 5570              	.LASF120:
 5571 05a8 63684D74 		.ascii	"chMtxUnlockS\000"
 5571      78556E6C 
 5571      6F636B53 
 5571      00
 5572              	.LASF128:
 5573 05b5 6368436F 		.ascii	"chCondWaitS\000"
 5573      6E645761 
 5573      69745300 
 5574              	.LASF118:
 5575 05c1 63684D74 		.ascii	"chMtxLockS\000"
 5575      784C6F63 
 5575      6B5300
 5576              	.LASF20:
 5577 05cc 75696E74 		.ascii	"uintptr_t\000"
 5577      7074725F 
 5577      7400
 5578              	.LASF25:
 5579 05d6 74726566 		.ascii	"trefs_t\000"
 5579      735F7400 
 5580              	.LASF12:
 5581 05de 6C6F6E67 		.ascii	"long unsigned int\000"
 5581      20756E73 
 5581      69676E65 
 5581      6420696E 
 5581      7400
 5582              	.LASF106:
 5583 05f0 72656164 		.ascii	"ready_list_t\000"
 5583      795F6C69 
 5583      73745F74 
 5583      00
 5584              	.LASF121:
 5585 05fd 63685363 		.ascii	"chSchGoSleepTimeoutS\000"
 5585      68476F53 
 5585      6C656570 
 5585      54696D65 
 5585      6F757453 
 5586              	.LASF89:
 5587 0612 71756575 		.ascii	"queue\000"
 5587      6500
 5588              	.LASF17:
 5589 0618 696E7433 		.ascii	"int32_t\000"
 5589      325F7400 
 5590              	.LASF62:
ARM GAS  /tmp/ccN3AcAf.s 			page 104


 5591 0620 72666375 		.ascii	"rfcu_t\000"
 5591      5F7400
 5592              	.LASF99:
 5593 0627 77747365 		.ascii	"wtsemp\000"
 5593      6D7000
 5594              	.LASF78:
 5595 062e 63685F70 		.ascii	"ch_priority_queue\000"
 5595      72696F72 
 5595      6974795F 
 5595      71756575 
 5595      6500
 5596              	.LASF75:
 5597 0640 63685F71 		.ascii	"ch_queue\000"
 5597      75657565 
 5597      00
 5598              	.LASF113:
 5599 0649 6D757465 		.ascii	"mutex_t\000"
 5599      785F7400 
 5600              	.LASF143:
 5601 0651 63685F71 		.ascii	"ch_queue_init\000"
 5601      75657565 
 5601      5F696E69 
 5601      7400
 5602              	.LASF5:
 5603 065f 756E7369 		.ascii	"unsigned char\000"
 5603      676E6564 
 5603      20636861 
 5603      7200
 5604              	.LASF11:
 5605 066d 5F5F7569 		.ascii	"__uint32_t\000"
 5605      6E743332 
 5605      5F7400
 5606              	.LASF42:
 5607 0678 77616974 		.ascii	"waiting\000"
 5607      696E6700 
 5608              	.LASF87:
 5609 0680 76697274 		.ascii	"virtual_timers_list_t\000"
 5609      75616C5F 
 5609      74696D65 
 5609      72735F6C 
 5609      6973745F 
 5610              	.LASF124:
 5611 0696 74696D65 		.ascii	"timeout\000"
 5611      6F757400 
 5612              	.LASF150:
 5613 069e 2F686F6D 		.ascii	"/home/emirhan/Documents/gemstone/chibiOS-port/Chibi"
 5613      652F656D 
 5613      69726861 
 5613      6E2F446F 
 5613      63756D65 
 5614 06d1 4F532F64 		.ascii	"OS/demos/various/RT-ARMCR8-GENERIC\000"
 5614      656D6F73 
 5614      2F766172 
 5614      696F7573 
 5614      2F52542D 
 5615              	.LASF123:
 5616 06f4 63685363 		.ascii	"chSchWakeupS\000"
ARM GAS  /tmp/ccN3AcAf.s 			page 105


 5616      6857616B 
 5616      65757053 
 5616      00
 5617              	.LASF58:
 5618 0701 6D61696E 		.ascii	"mainthread\000"
 5618      74687265 
 5618      616400
 5619              	.LASF35:
 5620 070c 73746174 		.ascii	"state\000"
 5620      6500
 5621              	.LASF117:
 5622 0712 63685379 		.ascii	"chSysHalt\000"
 5622      7348616C 
 5622      7400
 5623              	.LASF48:
 5624 071c 6F735F69 		.ascii	"os_instance_t\000"
 5624      6E737461 
 5624      6E63655F 
 5624      7400
 5625              	.LASF53:
 5626 072a 7265676C 		.ascii	"reglist\000"
 5626      69737400 
 5627              	.LASF98:
 5628 0732 77747472 		.ascii	"wttrp\000"
 5628      7000
 5629              	.LASF4:
 5630 0738 7369676E 		.ascii	"signed char\000"
 5630      65642063 
 5630      68617200 
 5631              	.LASF82:
 5632 0744 64656C74 		.ascii	"delta\000"
 5632      6100
 5633              	.LASF144:
 5634 074a 63685366 		.ascii	"chSftValidateDataPointerX\000"
 5634      7456616C 
 5634      69646174 
 5634      65446174 
 5634      61506F69 
 5635              	.LASF7:
 5636 0764 73686F72 		.ascii	"short unsigned int\000"
 5636      7420756E 
 5636      7369676E 
 5636      65642069 
 5636      6E7400
 5637              	.LASF126:
 5638 0777 6368436F 		.ascii	"chCondWaitTimeoutS\000"
 5638      6E645761 
 5638      69745469 
 5638      6D656F75 
 5638      745300
 5639              	.LASF105:
 5640 078a 63757272 		.ascii	"current\000"
 5640      656E7400 
 5641              	.LASF129:
 5642 0792 5F5F6675 		.ascii	"__func__\000"
 5642      6E635F5F 
 5642      00
ARM GAS  /tmp/ccN3AcAf.s 			page 106


 5643              	.LASF146:
 5644 079b 706F7274 		.ascii	"port_unlock\000"
 5644      5F756E6C 
 5644      6F636B00 
 5645              	.LASF149:
 5646 07a7 2E2E2F2E 		.ascii	"../../../os/rt/src/chcond.c\000"
 5646      2E2F2E2E 
 5646      2F6F732F 
 5646      72742F73 
 5646      72632F63 
 5647              	.LASF137:
 5648 07c3 63684D74 		.ascii	"chMtxGetNextMutexX\000"
 5648      78476574 
 5648      4E657874 
 5648      4D757465 
 5648      785800
 5649              	.LASF96:
 5650 07d6 65786974 		.ascii	"exitcode\000"
 5650      636F6465 
 5650      00
 5651              	.LASF30:
 5652 07df 636F7265 		.ascii	"core_id_t\000"
 5652      5F69645F 
 5652      7400
 5653              		.ident	"GCC: (Arm GNU Toolchain 13.3.Rel1 (Build arm-13.24)) 13.3.1 20240614"
ARM GAS  /tmp/ccN3AcAf.s 			page 107


DEFINED SYMBOLS
                            *ABS*:00000000 chcond.c
     /tmp/ccN3AcAf.s:21     .text.chCondObjectInit:00000000 $a
     /tmp/ccN3AcAf.s:27     .text.chCondObjectInit:00000000 chCondObjectInit
     /tmp/ccN3AcAf.s:59     .text.chCondObjectDispose:00000000 $a
     /tmp/ccN3AcAf.s:65     .text.chCondObjectDispose:00000000 chCondObjectDispose
     /tmp/ccN3AcAf.s:86     .text.chCondSignal:00000000 $a
     /tmp/ccN3AcAf.s:92     .text.chCondSignal:00000000 chCondSignal
     /tmp/ccN3AcAf.s:249    .text.chCondSignalI:00000000 $a
     /tmp/ccN3AcAf.s:255    .text.chCondSignalI:00000000 chCondSignalI
     /tmp/ccN3AcAf.s:328    .text.chCondBroadcast:00000000 $a
     /tmp/ccN3AcAf.s:334    .text.chCondBroadcast:00000000 chCondBroadcast
     /tmp/ccN3AcAf.s:498    .text.chCondBroadcastI:00000000 $a
     /tmp/ccN3AcAf.s:504    .text.chCondBroadcastI:00000000 chCondBroadcastI
     /tmp/ccN3AcAf.s:599    .text.chCondWaitS:00000000 $a
     /tmp/ccN3AcAf.s:605    .text.chCondWaitS:00000000 chCondWaitS
     /tmp/ccN3AcAf.s:757    .text.chCondWait:00000000 $a
     /tmp/ccN3AcAf.s:763    .text.chCondWait:00000000 chCondWait
     /tmp/ccN3AcAf.s:841    .text.chCondWaitTimeoutS:00000000 $a
     /tmp/ccN3AcAf.s:847    .text.chCondWaitTimeoutS:00000000 chCondWaitTimeoutS
     /tmp/ccN3AcAf.s:1018   .text.chCondWaitTimeout:00000000 $a
     /tmp/ccN3AcAf.s:1024   .text.chCondWaitTimeout:00000000 chCondWaitTimeout

UNDEFINED SYMBOLS
chSchWakeupS
chSchReadyI
chSchRescheduleS
ch0
chMtxUnlockS
chSchGoSleepS
chMtxLockS
chSchGoSleepTimeoutS
