ARM GAS  /tmp/cchxZ3Ge.s 			page 1


   1              		.cpu cortex-r8
   2              		.arch armv7-r
   3              		.fpu vfpv3-d16
   4              		.arch_extension idiv
   5              		.eabi_attribute 28, 1
   6              		.eabi_attribute 20, 1
   7              		.eabi_attribute 21, 1
   8              		.eabi_attribute 23, 3
   9              		.eabi_attribute 24, 1
  10              		.eabi_attribute 25, 1
  11              		.eabi_attribute 26, 1
  12              		.eabi_attribute 30, 2
  13              		.eabi_attribute 34, 1
  14              		.eabi_attribute 18, 4
  15              		.file	"chdelegates.c"
  16              		.text
  17              	.Ltext0:
  18              		.cfi_sections	.debug_frame
  19              		.file 1 "../../../os/oslib/src/chdelegates.c"
  20              		.section	.text.__ch_delegate_fn0,"ax",%progbits
  21              		.align	2
  22              		.p2align 4,,15
  23              		.global	__ch_delegate_fn0
  24              		.syntax unified
  25              		.arm
  26              		.type	__ch_delegate_fn0, %function
  27              	__ch_delegate_fn0:
  28              	.LVL0:
  29              	.LFB207:
  30              		.loc 1 87 41 view -0
  31              		.cfi_startproc
  32              		@ args = 0, pretend = 0, frame = 0
  33              		@ frame_needed = 0, uses_anonymous_args = 0
  34              		@ link register save eliminated.
  35              		.loc 1 88 3 view .LVU1
  36              		.loc 1 88 18 is_stmt 0 view .LVU2
  37 0000 003090E5 		ldr	r3, [r0]
  38 0004 042083E2 		add	r2, r3, #4
  39 0008 002080E5 		str	r2, [r0]
  40              		.loc 1 89 3 is_stmt 1 view .LVU3
  41              		.loc 1 89 10 is_stmt 0 view .LVU4
  42 000c 003093E5 		ldr	r3, [r3]
  43 0010 13FF2FE1 		bx	r3
  44              	.LVL1:
  45              		.loc 1 89 10 view .LVU5
  46              		.cfi_endproc
  47              	.LFE207:
  48              		.size	__ch_delegate_fn0, .-__ch_delegate_fn0
  49              		.section	.text.__ch_delegate_fn1,"ax",%progbits
  50              		.align	2
  51              		.p2align 4,,15
  52              		.global	__ch_delegate_fn1
  53              		.syntax unified
  54              		.arm
  55              		.type	__ch_delegate_fn1, %function
  56              	__ch_delegate_fn1:
  57              	.LVL2:
ARM GAS  /tmp/cchxZ3Ge.s 			page 2


  58              	.LFB208:
  59              		.loc 1 98 41 is_stmt 1 view -0
  60              		.cfi_startproc
  61              		@ args = 0, pretend = 0, frame = 0
  62              		@ frame_needed = 0, uses_anonymous_args = 0
  63              		@ link register save eliminated.
  64              		.loc 1 99 3 view .LVU7
  65              		.loc 1 98 41 is_stmt 0 view .LVU8
  66 0000 0020A0E1 		mov	r2, r0
  67              		.loc 1 99 18 view .LVU9
  68 0004 003090E5 		ldr	r3, [r0]
  69 0008 041083E2 		add	r1, r3, #4
  70 000c 001080E5 		str	r1, [r0]
  71              		.loc 1 101 10 view .LVU10
  72 0010 040093E5 		ldr	r0, [r3, #4]
  73              	.LVL3:
  74              		.loc 1 99 18 view .LVU11
  75 0014 081093E4 		ldr	r1, [r3], #8
  76              		.loc 1 100 3 is_stmt 1 view .LVU12
  77              		.loc 1 100 9 is_stmt 0 view .LVU13
  78 0018 003082E5 		str	r3, [r2]
  79              		.loc 1 101 3 is_stmt 1 view .LVU14
  80              		.loc 1 101 10 is_stmt 0 view .LVU15
  81 001c 11FF2FE1 		bx	r1
  82              	.LVL4:
  83              		.loc 1 101 10 view .LVU16
  84              		.cfi_endproc
  85              	.LFE208:
  86              		.size	__ch_delegate_fn1, .-__ch_delegate_fn1
  87              		.section	.text.__ch_delegate_fn2,"ax",%progbits
  88              		.align	2
  89              		.p2align 4,,15
  90              		.global	__ch_delegate_fn2
  91              		.syntax unified
  92              		.arm
  93              		.type	__ch_delegate_fn2, %function
  94              	__ch_delegate_fn2:
  95              	.LVL5:
  96              	.LFB209:
  97              		.loc 1 110 41 is_stmt 1 view -0
  98              		.cfi_startproc
  99              		@ args = 0, pretend = 0, frame = 0
 100              		@ frame_needed = 0, uses_anonymous_args = 0
 101              		.loc 1 111 3 view .LVU18
 102              		.loc 1 110 41 is_stmt 0 view .LVU19
 103 0000 0030A0E1 		mov	r3, r0
 104              		.loc 1 111 18 view .LVU20
 105 0004 002090E5 		ldr	r2, [r0]
 106              		.loc 1 110 41 view .LVU21
 107 0008 04E02DE5 		str	lr, [sp, #-4]!
 108              		.cfi_def_cfa_offset 4
 109              		.cfi_offset 14, -4
 110              		.loc 1 111 18 view .LVU22
 111 000c 041082E2 		add	r1, r2, #4
 112              		.loc 1 112 9 view .LVU23
 113 0010 040092E5 		ldr	r0, [r2, #4]
 114              	.LVL6:
ARM GAS  /tmp/cchxZ3Ge.s 			page 3


 115              		.loc 1 111 18 view .LVU24
 116 0014 001083E5 		str	r1, [r3]
 117 0018 00E092E5 		ldr	lr, [r2]
 118              		.loc 1 112 3 is_stmt 1 view .LVU25
 119              		.loc 1 113 3 view .LVU26
 120              		.loc 1 113 9 is_stmt 0 view .LVU27
 121 001c 0CC082E2 		add	ip, r2, #12
 122              		.loc 1 114 10 view .LVU28
 123 0020 081092E5 		ldr	r1, [r2, #8]
 124              		.loc 1 113 9 view .LVU29
 125 0024 00C083E5 		str	ip, [r3]
 126              		.loc 1 114 3 is_stmt 1 view .LVU30
 127              		.loc 1 114 10 is_stmt 0 view .LVU31
 128 0028 0E30A0E1 		mov	r3, lr
 129              	.LVL7:
 130              		.loc 1 115 1 view .LVU32
 131 002c 04E09DE4 		ldr	lr, [sp], #4
 132              		.cfi_restore 14
 133              		.cfi_def_cfa_offset 0
 134              		.loc 1 114 10 view .LVU33
 135 0030 13FF2FE1 		bx	r3
 136              	.LVL8:
 137              		.cfi_endproc
 138              	.LFE209:
 139              		.size	__ch_delegate_fn2, .-__ch_delegate_fn2
 140              		.section	.text.__ch_delegate_fn3,"ax",%progbits
 141              		.align	2
 142              		.p2align 4,,15
 143              		.global	__ch_delegate_fn3
 144              		.syntax unified
 145              		.arm
 146              		.type	__ch_delegate_fn3, %function
 147              	__ch_delegate_fn3:
 148              	.LVL9:
 149              	.LFB210:
 150              		.loc 1 123 41 is_stmt 1 view -0
 151              		.cfi_startproc
 152              		@ args = 0, pretend = 0, frame = 0
 153              		@ frame_needed = 0, uses_anonymous_args = 0
 154              		.loc 1 124 3 view .LVU35
 155              		.loc 1 123 41 is_stmt 0 view .LVU36
 156 0000 0020A0E1 		mov	r2, r0
 157              		.loc 1 124 18 view .LVU37
 158 0004 003090E5 		ldr	r3, [r0]
 159              		.loc 1 123 41 view .LVU38
 160 0008 04E02DE5 		str	lr, [sp, #-4]!
 161              		.cfi_def_cfa_offset 4
 162              		.cfi_offset 14, -4
 163              		.loc 1 126 9 view .LVU39
 164 000c D400C3E1 		ldrd	r0, [r3, #4]
 165              	.LVL10:
 166              		.loc 1 124 18 view .LVU40
 167 0010 04C083E2 		add	ip, r3, #4
 168 0014 00C082E5 		str	ip, [r2]
 169 0018 00E093E5 		ldr	lr, [r3]
 170              		.loc 1 125 3 is_stmt 1 view .LVU41
 171              		.loc 1 126 3 view .LVU42
ARM GAS  /tmp/cchxZ3Ge.s 			page 4


 172              		.loc 1 127 3 view .LVU43
 173              		.loc 1 127 9 is_stmt 0 view .LVU44
 174 001c 10C083E2 		add	ip, r3, #16
 175 0020 00C082E5 		str	ip, [r2]
 176              		.loc 1 128 3 is_stmt 1 view .LVU45
 177              		.loc 1 128 10 is_stmt 0 view .LVU46
 178 0024 0C2093E5 		ldr	r2, [r3, #12]
 179              	.LVL11:
 180              		.loc 1 128 10 view .LVU47
 181 0028 0E30A0E1 		mov	r3, lr
 182              		.loc 1 129 1 view .LVU48
 183 002c 04E09DE4 		ldr	lr, [sp], #4
 184              		.cfi_restore 14
 185              		.cfi_def_cfa_offset 0
 186              		.loc 1 128 10 view .LVU49
 187 0030 13FF2FE1 		bx	r3
 188              	.LVL12:
 189              		.cfi_endproc
 190              	.LFE210:
 191              		.size	__ch_delegate_fn3, .-__ch_delegate_fn3
 192              		.section	.text.__ch_delegate_fn4,"ax",%progbits
 193              		.align	2
 194              		.p2align 4,,15
 195              		.global	__ch_delegate_fn4
 196              		.syntax unified
 197              		.arm
 198              		.type	__ch_delegate_fn4, %function
 199              	__ch_delegate_fn4:
 200              	.LVL13:
 201              	.LFB211:
 202              		.loc 1 137 41 is_stmt 1 view -0
 203              		.cfi_startproc
 204              		@ args = 0, pretend = 0, frame = 0
 205              		@ frame_needed = 0, uses_anonymous_args = 0
 206              		.loc 1 138 3 view .LVU51
 207              		.loc 1 137 41 is_stmt 0 view .LVU52
 208 0000 00C0A0E1 		mov	ip, r0
 209              		.loc 1 138 18 view .LVU53
 210 0004 003090E5 		ldr	r3, [r0]
 211              		.loc 1 137 41 view .LVU54
 212 0008 10402DE9 		push	{r4, lr}
 213              		.cfi_def_cfa_offset 8
 214              		.cfi_offset 4, -8
 215              		.cfi_offset 14, -4
 216              		.loc 1 140 9 view .LVU55
 217 000c D400C3E1 		ldrd	r0, [r3, #4]
 218              	.LVL14:
 219              		.loc 1 138 18 view .LVU56
 220 0010 04E083E2 		add	lr, r3, #4
 221              		.loc 1 141 9 view .LVU57
 222 0014 0C2093E5 		ldr	r2, [r3, #12]
 223              		.loc 1 138 18 view .LVU58
 224 0018 00E08CE5 		str	lr, [ip]
 225 001c 00E093E5 		ldr	lr, [r3]
 226              		.loc 1 139 3 is_stmt 1 view .LVU59
 227              		.loc 1 140 3 view .LVU60
 228              		.loc 1 141 3 view .LVU61
ARM GAS  /tmp/cchxZ3Ge.s 			page 5


 229              		.loc 1 142 3 view .LVU62
 230              		.loc 1 142 9 is_stmt 0 view .LVU63
 231 0020 144083E2 		add	r4, r3, #20
 232 0024 00408CE5 		str	r4, [ip]
 233              		.loc 1 143 3 is_stmt 1 view .LVU64
 234              		.loc 1 143 10 is_stmt 0 view .LVU65
 235 0028 103093E5 		ldr	r3, [r3, #16]
 236 002c 0EC0A0E1 		mov	ip, lr
 237              	.LVL15:
 238              		.loc 1 144 1 view .LVU66
 239 0030 1040BDE8 		pop	{r4, lr}
 240              		.cfi_restore 14
 241              		.cfi_restore 4
 242              		.cfi_def_cfa_offset 0
 243              		.loc 1 143 10 view .LVU67
 244 0034 1CFF2FE1 		bx	ip
 245              	.LVL16:
 246              		.cfi_endproc
 247              	.LFE211:
 248              		.size	__ch_delegate_fn4, .-__ch_delegate_fn4
 249              		.section	.text.chDelegateCallVeneer,"ax",%progbits
 250              		.align	2
 251              		.p2align 4,,15
 252              		.global	chDelegateCallVeneer
 253              		.syntax unified
 254              		.arm
 255              		.type	chDelegateCallVeneer, %function
 256              	chDelegateCallVeneer:
 257              	.LVL17:
 258              	.LFB212:
 259              		.loc 1 157 73 is_stmt 1 view -0
 260              		.cfi_startproc
 261              		@ args = 4, pretend = 12, frame = 16
 262              		@ frame_needed = 0, uses_anonymous_args = 1
 263              		.loc 1 158 3 view .LVU69
 264              		.loc 1 159 3 view .LVU70
 265              		.loc 1 160 3 view .LVU71
 266              		.loc 1 162 3 view .LVU72
 267              		.loc 1 162 3 view .LVU73
 268              		.loc 1 162 3 discriminator 5 view .LVU74
 269              		.loc 1 164 3 view .LVU75
 270              		.loc 1 157 73 is_stmt 0 view .LVU76
 271 0000 0E002DE9 		push	{r1, r2, r3}
 272              		.cfi_def_cfa_offset 12
 273              		.cfi_offset 1, -12
 274              		.cfi_offset 2, -8
 275              		.cfi_offset 3, -4
 276 0004 04E02DE5 		str	lr, [sp, #-4]!
 277              		.cfi_def_cfa_offset 16
 278              		.cfi_offset 14, -16
 279 0008 10D04DE2 		sub	sp, sp, #16
 280              		.cfi_def_cfa_offset 32
 281              		.loc 1 157 73 view .LVU77
 282 000c 14209DE5 		ldr	r2, [sp, #20]
 283              		.loc 1 164 3 view .LVU78
 284 0010 18C08DE2 		add	ip, sp, #24
 285              		.loc 1 168 13 view .LVU79
ARM GAS  /tmp/cchxZ3Ge.s 			page 6


 286 0014 04308DE2 		add	r3, sp, #4
 287              		.loc 1 172 9 view .LVU80
 288 0018 08108DE2 		add	r1, sp, #8
 289              		.loc 1 168 13 view .LVU81
 290 001c F820CDE1 		strd	r2, [sp, #8]
 291              		.loc 1 164 3 view .LVU82
 292 0020 04C08DE5 		str	ip, [sp, #4]
 293              		.loc 1 167 3 is_stmt 1 view .LVU83
 294              		.loc 1 172 3 view .LVU84
 295              		.loc 1 172 9 is_stmt 0 view .LVU85
 296 0024 FEFFFFEB 		bl	chMsgSend
 297              	.LVL18:
 298              		.loc 1 174 3 is_stmt 1 view .LVU86
 299              		.loc 1 176 3 view .LVU87
 300              		.loc 1 177 1 is_stmt 0 view .LVU88
 301 0028 10D08DE2 		add	sp, sp, #16
 302              		.cfi_def_cfa_offset 16
 303              		@ sp needed
 304 002c 04E09DE4 		ldr	lr, [sp], #4
 305              		.cfi_restore 14
 306              		.cfi_def_cfa_offset 12
 307 0030 0CD08DE2 		add	sp, sp, #12
 308              		.cfi_restore 3
 309              		.cfi_restore 2
 310              		.cfi_restore 1
 311              		.cfi_def_cfa_offset 0
 312 0034 1EFF2FE1 		bx	lr
 313              		.cfi_endproc
 314              	.LFE212:
 315              		.size	chDelegateCallVeneer, .-chDelegateCallVeneer
 316              		.section	.text.chDelegateDispatch,"ax",%progbits
 317              		.align	2
 318              		.p2align 4,,15
 319              		.global	chDelegateDispatch
 320              		.syntax unified
 321              		.arm
 322              		.type	chDelegateDispatch, %function
 323              	chDelegateDispatch:
 324              	.LFB213:
 325              		.loc 1 190 31 is_stmt 1 view -0
 326              		.cfi_startproc
 327              		@ args = 0, pretend = 0, frame = 0
 328              		@ frame_needed = 0, uses_anonymous_args = 0
 329              		.loc 1 191 3 view .LVU90
 330              		.loc 1 192 3 view .LVU91
 331              		.loc 1 193 3 view .LVU92
 332              		.loc 1 195 3 view .LVU93
 333              	.LBB44:
 334              	.LBI44:
 335              		.file 2 "../../../os/rt/include/chmsg.h"
 336              		.loc 2 94 25 view .LVU94
 337              	.LBB45:
 338              		.loc 2 95 3 view .LVU95
 339              		.loc 2 97 3 view .LVU96
 340              	.LBB46:
 341              	.LBI46:
 342              		.file 3 "../../../os/rt/include/chsys.h"
ARM GAS  /tmp/cchxZ3Ge.s 			page 7


 343              		.loc 3 371 20 view .LVU97
 344              		.loc 3 373 3 view .LVU98
 345              	.LBB47:
 346              	.LBI47:
 347              		.file 4 "../../../os/common/ports/ARMv7-R/chcore.h"
 348              		.loc 4 739 20 view .LVU99
 349              	.LBB48:
 350              		.loc 4 741 3 view .LVU100
 351              	.LBE48:
 352              	.LBE47:
 353              	.LBE46:
 354              	.LBE45:
 355              	.LBE44:
 356              		.loc 1 190 31 is_stmt 0 view .LVU101
 357 0000 10402DE9 		push	{r4, lr}
 358              		.cfi_def_cfa_offset 8
 359              		.cfi_offset 4, -8
 360              		.cfi_offset 14, -4
 361              	.LBB57:
 362              	.LBB56:
 363              	.LBB51:
 364              	.LBB50:
 365              	.LBB49:
 366              		.loc 4 741 3 view .LVU102
 367              		.syntax divided
 368              	@ 741 "../../../os/common/ports/ARMv7-R/chcore.h" 1
 369 0004 80000CF1 		cpsid   i
 370              	@ 0 "" 2
 371              		.arm
 372              		.syntax unified
 373              	.LBE49:
 374              	.LBE50:
 375              		.loc 3 374 35 is_stmt 1 view .LVU103
 376              		.loc 3 375 21 view .LVU104
 377              	.LBE51:
 378              		.loc 2 98 3 view .LVU105
 379              		.loc 2 98 8 is_stmt 0 view .LVU106
 380 0008 FEFFFFEB 		bl	chMsgWaitS
 381              	.LVL19:
 382 000c 0040A0E1 		mov	r4, r0
 383              	.LVL20:
 384              		.loc 2 99 3 is_stmt 1 view .LVU107
 385              	.LBB52:
 386              	.LBI52:
 387              		.loc 3 385 20 view .LVU108
 388              	.LBB53:
 389              		.loc 3 387 23 view .LVU109
 390              		.loc 3 388 34 view .LVU110
 391              		.loc 3 394 3 view .LVU111
 392              		.loc 3 394 3 view .LVU112
 393              		.loc 3 394 3 discriminator 7 view .LVU113
 394              		.loc 3 398 3 view .LVU114
 395              	.LBB54:
 396              	.LBI54:
 397              		.loc 4 751 20 view .LVU115
 398              	.LBB55:
 399              		.loc 4 756 3 view .LVU116
ARM GAS  /tmp/cchxZ3Ge.s 			page 8


 400              		.syntax divided
 401              	@ 756 "../../../os/common/ports/ARMv7-R/chcore.h" 1
 402 0010 C00008F1 		cpsie   if
 403              	@ 0 "" 2
 404              		.arm
 405              		.syntax unified
 406              	.LBE55:
 407              	.LBE54:
 408              	.LBE53:
 409              	.LBE52:
 410              		.loc 2 101 3 view .LVU117
 411              	.LVL21:
 412              		.loc 2 101 3 is_stmt 0 view .LVU118
 413              	.LBE56:
 414              	.LBE57:
 415              		.loc 1 196 3 is_stmt 1 view .LVU119
 416              	.LBB58:
 417              	.LBI58:
 418              		.loc 2 188 21 view .LVU120
 419              	.LBB59:
 420              		.loc 2 190 3 view .LVU121
 421              		.loc 2 190 3 view .LVU122
 422              		.loc 2 190 3 discriminator 5 view .LVU123
 423              		.loc 2 192 3 view .LVU124
 424              		.loc 2 192 3 is_stmt 0 view .LVU125
 425              	.LBE59:
 426              	.LBE58:
 427              		.loc 1 196 7 discriminator 1 view .LVU126
 428 0014 443090E5 		ldr	r3, [r0, #68]
 429              	.LVL22:
 430              		.loc 1 197 3 is_stmt 1 view .LVU127
 431              		.loc 1 197 9 is_stmt 0 view .LVU128
 432 0018 002093E5 		ldr	r2, [r3]
 433 001c 040093E5 		ldr	r0, [r3, #4]
 434              	.LVL23:
 435              		.loc 1 197 9 view .LVU129
 436 0020 32FF2FE1 		blx	r2
 437              	.LVL24:
 438              		.loc 1 197 9 view .LVU130
 439 0024 0010A0E1 		mov	r1, r0
 440              	.LVL25:
 441              		.loc 1 199 3 is_stmt 1 view .LVU131
 442 0028 0400A0E1 		mov	r0, r4
 443              	.LVL26:
 444              		.loc 1 200 1 is_stmt 0 view .LVU132
 445 002c 1040BDE8 		pop	{r4, lr}
 446              		.cfi_restore 14
 447              		.cfi_restore 4
 448              		.cfi_def_cfa_offset 0
 449              	.LVL27:
 450              		.loc 1 199 3 view .LVU133
 451 0030 FEFFFFEA 		b	chMsgRelease
 452              	.LVL28:
 453              		.loc 1 199 3 view .LVU134
 454              		.cfi_endproc
 455              	.LFE213:
 456              		.size	chDelegateDispatch, .-chDelegateDispatch
ARM GAS  /tmp/cchxZ3Ge.s 			page 9


 457              		.section	.text.chDelegateDispatchTimeout,"ax",%progbits
 458              		.align	2
 459              		.p2align 4,,15
 460              		.global	chDelegateDispatchTimeout
 461              		.syntax unified
 462              		.arm
 463              		.type	chDelegateDispatchTimeout, %function
 464              	chDelegateDispatchTimeout:
 465              	.LVL29:
 466              	.LFB214:
 467              		.loc 1 220 56 is_stmt 1 view -0
 468              		.cfi_startproc
 469              		@ args = 0, pretend = 0, frame = 0
 470              		@ frame_needed = 0, uses_anonymous_args = 0
 471              		.loc 1 221 3 view .LVU136
 472              		.loc 1 222 3 view .LVU137
 473              		.loc 1 223 3 view .LVU138
 474              		.loc 1 225 3 view .LVU139
 475              	.LBB60:
 476              	.LBI60:
 477              		.loc 2 126 25 view .LVU140
 478              	.LBB61:
 479              		.loc 2 127 3 view .LVU141
 480              		.loc 2 129 3 view .LVU142
 481              	.LBB62:
 482              	.LBI62:
 483              		.loc 3 371 20 view .LVU143
 484              		.loc 3 373 3 view .LVU144
 485              	.LBB63:
 486              	.LBI63:
 487              		.loc 4 739 20 view .LVU145
 488              	.LBB64:
 489              		.loc 4 741 3 view .LVU146
 490              	.LBE64:
 491              	.LBE63:
 492              	.LBE62:
 493              	.LBE61:
 494              	.LBE60:
 495              		.loc 1 220 56 is_stmt 0 view .LVU147
 496 0000 10402DE9 		push	{r4, lr}
 497              		.cfi_def_cfa_offset 8
 498              		.cfi_offset 4, -8
 499              		.cfi_offset 14, -4
 500              	.LBB73:
 501              	.LBB72:
 502              	.LBB67:
 503              	.LBB66:
 504              	.LBB65:
 505              		.loc 4 741 3 view .LVU148
 506              		.syntax divided
 507              	@ 741 "../../../os/common/ports/ARMv7-R/chcore.h" 1
 508 0004 80000CF1 		cpsid   i
 509              	@ 0 "" 2
 510              		.arm
 511              		.syntax unified
 512              	.LBE65:
 513              	.LBE66:
ARM GAS  /tmp/cchxZ3Ge.s 			page 10


 514              		.loc 3 374 35 is_stmt 1 view .LVU149
 515              		.loc 3 375 21 view .LVU150
 516              	.LBE67:
 517              		.loc 2 130 3 view .LVU151
 518              		.loc 2 130 8 is_stmt 0 view .LVU152
 519 0008 FEFFFFEB 		bl	chMsgWaitTimeoutS
 520              	.LVL30:
 521              		.loc 2 131 3 is_stmt 1 view .LVU153
 522              	.LBB68:
 523              	.LBI68:
 524              		.loc 3 385 20 view .LVU154
 525              	.LBB69:
 526              		.loc 3 387 23 view .LVU155
 527              		.loc 3 388 34 view .LVU156
 528              		.loc 3 394 3 view .LVU157
 529              		.loc 3 394 3 view .LVU158
 530              		.loc 3 394 3 discriminator 7 view .LVU159
 531              		.loc 3 398 3 view .LVU160
 532              	.LBB70:
 533              	.LBI70:
 534              		.loc 4 751 20 view .LVU161
 535              	.LBB71:
 536              		.loc 4 756 3 view .LVU162
 537              		.syntax divided
 538              	@ 756 "../../../os/common/ports/ARMv7-R/chcore.h" 1
 539 000c C00008F1 		cpsie   if
 540              	@ 0 "" 2
 541              		.arm
 542              		.syntax unified
 543              	.LBE71:
 544              	.LBE70:
 545              	.LBE69:
 546              	.LBE68:
 547              		.loc 2 133 3 view .LVU163
 548              	.LVL31:
 549              		.loc 2 133 3 is_stmt 0 view .LVU164
 550              	.LBE72:
 551              	.LBE73:
 552              		.loc 1 226 3 is_stmt 1 view .LVU165
 553              		.loc 1 226 6 is_stmt 0 view .LVU166
 554 0010 000050E3 		cmp	r0, #0
 555 0014 0900000A 		beq	.L16
 556              		.loc 1 230 3 is_stmt 1 view .LVU167
 557              	.LVL32:
 558              	.LBB74:
 559              	.LBI74:
 560              		.loc 2 188 21 view .LVU168
 561              	.LBB75:
 562              		.loc 2 190 3 view .LVU169
 563              		.loc 2 190 3 view .LVU170
 564              		.loc 2 190 3 discriminator 5 view .LVU171
 565              		.loc 2 192 3 view .LVU172
 566              		.loc 2 192 3 is_stmt 0 view .LVU173
 567              	.LBE75:
 568              	.LBE74:
 569              		.loc 1 230 7 discriminator 1 view .LVU174
 570 0018 443090E5 		ldr	r3, [r0, #68]
ARM GAS  /tmp/cchxZ3Ge.s 			page 11


 571              	.LVL33:
 572              		.loc 1 231 3 is_stmt 1 view .LVU175
 573 001c 0040A0E1 		mov	r4, r0
 574              		.loc 1 231 9 is_stmt 0 view .LVU176
 575 0020 002093E5 		ldr	r2, [r3]
 576 0024 040093E5 		ldr	r0, [r3, #4]
 577              	.LVL34:
 578              		.loc 1 231 9 view .LVU177
 579 0028 32FF2FE1 		blx	r2
 580              	.LVL35:
 581              		.loc 1 231 9 view .LVU178
 582 002c 0010A0E1 		mov	r1, r0
 583              	.LVL36:
 584              		.loc 1 233 3 is_stmt 1 view .LVU179
 585 0030 0400A0E1 		mov	r0, r4
 586              	.LVL37:
 587              		.loc 1 233 3 is_stmt 0 view .LVU180
 588 0034 FEFFFFEB 		bl	chMsgRelease
 589              	.LVL38:
 590              		.loc 1 235 3 is_stmt 1 view .LVU181
 591              		.loc 1 235 10 is_stmt 0 view .LVU182
 592 0038 0000A0E3 		mov	r0, #0
 593 003c 1080BDE8 		pop	{r4, pc}
 594              	.LVL39:
 595              	.L16:
 596              		.loc 1 227 12 view .LVU183
 597 0040 0000E0E3 		mvn	r0, #0
 598              	.LVL40:
 599              		.loc 1 236 1 view .LVU184
 600 0044 1080BDE8 		pop	{r4, pc}
 601              		.cfi_endproc
 602              	.LFE214:
 603              		.size	chDelegateDispatchTimeout, .-chDelegateDispatchTimeout
 604              		.text
 605              	.Letext0:
 606              		.file 5 "/home/emirhan/Documents/gemstone/chibiOS-port/tools/arm-gnu-toolchain-13.3.rel1-x86_64-ar
 607              		.file 6 "/home/emirhan/Documents/gemstone/chibiOS-port/tools/arm-gnu-toolchain-13.3.rel1-x86_64-ar
 608              		.file 7 "../../../os/common/ports/ARM-common/include/chtypes.h"
 609              		.file 8 "../../../os/rt/include/chearly.h"
 610              		.file 9 "../../../os/rt/include/chobjects.h"
 611              		.file 10 "../../../os/rt/include/chrfcu.h"
 612              		.file 11 "../../../os/rt/include/chdebug.h"
 613              		.file 12 "../../../os/rt/include/chtime.h"
 614              		.file 13 "../../../os/rt/include/chlists.h"
 615              		.file 14 "../../../os/rt/include/chsem.h"
 616              		.file 15 "../../../os/rt/include/chmtx.h"
 617              		.file 16 "/home/emirhan/Documents/gemstone/chibiOS-port/tools/arm-gnu-toolchain-13.3.rel1-x86_64-a
 618              		.file 17 "../../../os/oslib/include/chdelegates.h"
 619              		.file 18 "<built-in>"
 620              		.section	.debug_info,"",%progbits
 621              	.Ldebug_info0:
 622 0000 590E0000 		.4byte	0xe59
 623 0004 0500     		.2byte	0x5
 624 0006 01       		.byte	0x1
 625 0007 04       		.byte	0x4
 626 0008 00000000 		.4byte	.Ldebug_abbrev0
 627 000c 26       		.uleb128 0x26
ARM GAS  /tmp/cchxZ3Ge.s 			page 12


 628 000d 7F040000 		.4byte	.LASF143
 629 0011 1D       		.byte	0x1d
 630 0012 B4050000 		.4byte	.LASF144
 631 0016 9B060000 		.4byte	.LASF145
 632 001a 3C000000 		.4byte	.LLRL23
 633 001e 00000000 		.4byte	0
 634 0022 00000000 		.4byte	.Ldebug_line0
 635 0026 07       		.uleb128 0x7
 636 0027 08       		.byte	0x8
 637 0028 07       		.byte	0x7
 638 0029 73010000 		.4byte	.LASF0
 639 002d 07       		.uleb128 0x7
 640 002e 04       		.byte	0x4
 641 002f 07       		.byte	0x7
 642 0030 63000000 		.4byte	.LASF1
 643 0034 27       		.uleb128 0x27
 644 0035 04       		.byte	0x4
 645 0036 05       		.byte	0x5
 646 0037 696E7400 		.ascii	"int\000"
 647 003b 07       		.uleb128 0x7
 648 003c 08       		.byte	0x8
 649 003d 05       		.byte	0x5
 650 003e FE020000 		.4byte	.LASF2
 651 0042 07       		.uleb128 0x7
 652 0043 08       		.byte	0x8
 653 0044 04       		.byte	0x4
 654 0045 32040000 		.4byte	.LASF3
 655 0049 07       		.uleb128 0x7
 656 004a 01       		.byte	0x1
 657 004b 06       		.byte	0x6
 658 004c 3B070000 		.4byte	.LASF4
 659 0050 01       		.uleb128 0x1
 660 0051 D8050000 		.4byte	.LASF8
 661 0055 05       		.byte	0x5
 662 0056 2B       		.byte	0x2b
 663 0057 18       		.byte	0x18
 664 0058 5C000000 		.4byte	0x5c
 665 005c 07       		.uleb128 0x7
 666 005d 01       		.byte	0x1
 667 005e 08       		.byte	0x8
 668 005f 5C060000 		.4byte	.LASF5
 669 0063 07       		.uleb128 0x7
 670 0064 02       		.byte	0x2
 671 0065 05       		.byte	0x5
 672 0066 60040000 		.4byte	.LASF6
 673 006a 07       		.uleb128 0x7
 674 006b 02       		.byte	0x2
 675 006c 07       		.byte	0x7
 676 006d 4D070000 		.4byte	.LASF7
 677 0071 01       		.uleb128 0x1
 678 0072 7D000000 		.4byte	.LASF9
 679 0076 05       		.byte	0x5
 680 0077 4D       		.byte	0x4d
 681 0078 18       		.byte	0x18
 682 0079 7D000000 		.4byte	0x7d
 683 007d 07       		.uleb128 0x7
 684 007e 04       		.byte	0x4
ARM GAS  /tmp/cchxZ3Ge.s 			page 13


 685 007f 05       		.byte	0x5
 686 0080 6A040000 		.4byte	.LASF10
 687 0084 01       		.uleb128 0x1
 688 0085 6A060000 		.4byte	.LASF11
 689 0089 05       		.byte	0x5
 690 008a 4F       		.byte	0x4f
 691 008b 19       		.byte	0x19
 692 008c 90000000 		.4byte	0x90
 693 0090 07       		.uleb128 0x7
 694 0091 04       		.byte	0x4
 695 0092 07       		.byte	0x7
 696 0093 FE050000 		.4byte	.LASF12
 697 0097 01       		.uleb128 0x1
 698 0098 31020000 		.4byte	.LASF13
 699 009c 05       		.byte	0x5
 700 009d 69       		.byte	0x69
 701 009e 19       		.byte	0x19
 702 009f 26000000 		.4byte	0x26
 703 00a3 01       		.uleb128 0x1
 704 00a4 CC020000 		.4byte	.LASF14
 705 00a8 06       		.byte	0x6
 706 00a9 18       		.byte	0x18
 707 00aa 13       		.byte	0x13
 708 00ab 50000000 		.4byte	0x50
 709 00af 01       		.uleb128 0x1
 710 00b0 23060000 		.4byte	.LASF15
 711 00b4 06       		.byte	0x6
 712 00b5 2C       		.byte	0x2c
 713 00b6 13       		.byte	0x13
 714 00b7 71000000 		.4byte	0x71
 715 00bb 01       		.uleb128 0x1
 716 00bc 26010000 		.4byte	.LASF16
 717 00c0 06       		.byte	0x6
 718 00c1 30       		.byte	0x30
 719 00c2 14       		.byte	0x14
 720 00c3 84000000 		.4byte	0x84
 721 00c7 01       		.uleb128 0x1
 722 00c8 8B050000 		.4byte	.LASF17
 723 00cc 06       		.byte	0x6
 724 00cd 3C       		.byte	0x3c
 725 00ce 14       		.byte	0x14
 726 00cf 97000000 		.4byte	0x97
 727 00d3 17       		.uleb128 0x17
 728 00d4 C7000000 		.4byte	0xc7
 729 00d8 01       		.uleb128 0x1
 730 00d9 1B000000 		.4byte	.LASF18
 731 00dd 07       		.byte	0x7
 732 00de 47       		.byte	0x47
 733 00df 1D       		.byte	0x1d
 734 00e0 C7000000 		.4byte	0xc7
 735 00e4 01       		.uleb128 0x1
 736 00e5 A0010000 		.4byte	.LASF19
 737 00e9 08       		.byte	0x8
 738 00ea 4F       		.byte	0x4f
 739 00eb 19       		.byte	0x19
 740 00ec D8000000 		.4byte	0xd8
 741 00f0 01       		.uleb128 0x1
ARM GAS  /tmp/cchxZ3Ge.s 			page 14


 742 00f1 FD030000 		.4byte	.LASF20
 743 00f5 08       		.byte	0x8
 744 00f6 52       		.byte	0x52
 745 00f7 19       		.byte	0x19
 746 00f8 A3000000 		.4byte	0xa3
 747 00fc 01       		.uleb128 0x1
 748 00fd BC020000 		.4byte	.LASF21
 749 0101 08       		.byte	0x8
 750 0102 53       		.byte	0x53
 751 0103 19       		.byte	0x19
 752 0104 A3000000 		.4byte	0xa3
 753 0108 01       		.uleb128 0x1
 754 0109 F6050000 		.4byte	.LASF22
 755 010d 08       		.byte	0x8
 756 010e 54       		.byte	0x54
 757 010f 19       		.byte	0x19
 758 0110 A3000000 		.4byte	0xa3
 759 0114 01       		.uleb128 0x1
 760 0115 50010000 		.4byte	.LASF23
 761 0119 08       		.byte	0x8
 762 011a 56       		.byte	0x56
 763 011b 19       		.byte	0x19
 764 011c BB000000 		.4byte	0xbb
 765 0120 01       		.uleb128 0x1
 766 0121 1E030000 		.4byte	.LASF24
 767 0125 08       		.byte	0x8
 768 0126 57       		.byte	0x57
 769 0127 19       		.byte	0x19
 770 0128 AF000000 		.4byte	0xaf
 771 012c 01       		.uleb128 0x1
 772 012d 37010000 		.4byte	.LASF25
 773 0131 08       		.byte	0x8
 774 0132 59       		.byte	0x59
 775 0133 19       		.byte	0x19
 776 0134 BB000000 		.4byte	0xbb
 777 0138 01       		.uleb128 0x1
 778 0139 9A010000 		.4byte	.LASF26
 779 013d 08       		.byte	0x8
 780 013e 5B       		.byte	0x5b
 781 013f 19       		.byte	0x19
 782 0140 AF000000 		.4byte	0xaf
 783 0144 01       		.uleb128 0x1
 784 0145 A4070000 		.4byte	.LASF27
 785 0149 08       		.byte	0x8
 786 014a 7F       		.byte	0x7f
 787 014b 12       		.byte	0x12
 788 014c 2D000000 		.4byte	0x2d
 789 0150 01       		.uleb128 0x1
 790 0151 E0010000 		.4byte	.LASF28
 791 0155 08       		.byte	0x8
 792 0156 84       		.byte	0x84
 793 0157 1A       		.byte	0x1a
 794 0158 5C010000 		.4byte	0x15c
 795 015c 08       		.uleb128 0x8
 796 015d DD020000 		.4byte	.LASF46
 797 0161 54       		.byte	0x54
 798 0162 09       		.byte	0x9
ARM GAS  /tmp/cchxZ3Ge.s 			page 15


 799 0163 A6       		.byte	0xa6
 800 0164 08       		.byte	0x8
 801 0165 66020000 		.4byte	0x266
 802 0169 18       		.uleb128 0x18
 803 016a 68647200 		.ascii	"hdr\000"
 804 016e 09       		.byte	0x9
 805 016f B7       		.byte	0xb7
 806 0170 05       		.byte	0x5
 807 0171 E5050000 		.4byte	0x5e5
 808 0175 00       		.byte	0
 809 0176 18       		.uleb128 0x18
 810 0177 63747800 		.ascii	"ctx\000"
 811 017b 09       		.byte	0x9
 812 017c BB       		.byte	0xbb
 813 017d 21       		.byte	0x21
 814 017e 3C040000 		.4byte	0x43c
 815 0182 0C       		.byte	0xc
 816 0183 02       		.uleb128 0x2
 817 0184 B6010000 		.4byte	.LASF29
 818 0188 09       		.byte	0x9
 819 0189 BF       		.byte	0xbf
 820 018a 22       		.byte	0x22
 821 018b D3060000 		.4byte	0x6d3
 822 018f 10       		.byte	0x10
 823 0190 02       		.uleb128 0x2
 824 0191 9D020000 		.4byte	.LASF30
 825 0195 09       		.byte	0x9
 826 0196 C5       		.byte	0xc5
 827 0197 22       		.byte	0x22
 828 0198 D8060000 		.4byte	0x6d8
 829 019c 14       		.byte	0x14
 830 019d 02       		.uleb128 0x2
 831 019e 5E050000 		.4byte	.LASF31
 832 01a2 09       		.byte	0x9
 833 01a3 CA       		.byte	0xca
 834 01a4 21       		.byte	0x21
 835 01a5 D8060000 		.4byte	0x6d8
 836 01a9 18       		.byte	0x18
 837 01aa 02       		.uleb128 0x2
 838 01ab FC060000 		.4byte	.LASF32
 839 01af 09       		.byte	0x9
 840 01b0 CE       		.byte	0xce
 841 01b1 21       		.byte	0x21
 842 01b2 FC000000 		.4byte	0xfc
 843 01b6 1C       		.byte	0x1c
 844 01b7 02       		.uleb128 0x2
 845 01b8 41000000 		.4byte	.LASF33
 846 01bc 09       		.byte	0x9
 847 01bd D2       		.byte	0xd2
 848 01be 21       		.byte	0x21
 849 01bf F0000000 		.4byte	0xf0
 850 01c3 1D       		.byte	0x1d
 851 01c4 02       		.uleb128 0x2
 852 01c5 87000000 		.4byte	.LASF34
 853 01c9 09       		.byte	0x9
 854 01ca D7       		.byte	0xd7
 855 01cb 21       		.byte	0x21
ARM GAS  /tmp/cchxZ3Ge.s 			page 16


 856 01cc 08010000 		.4byte	0x108
 857 01d0 1E       		.byte	0x1e
 858 01d1 02       		.uleb128 0x2
 859 01d2 E2050000 		.4byte	.LASF35
 860 01d6 09       		.byte	0x9
 861 01d7 DB       		.byte	0xdb
 862 01d8 22       		.byte	0x22
 863 01d9 4D030000 		.4byte	0x34d
 864 01dd 20       		.byte	0x20
 865 01de 02       		.uleb128 0x2
 866 01df C5020000 		.4byte	.LASF36
 867 01e3 09       		.byte	0x9
 868 01e4 DF       		.byte	0xdf
 869 01e5 21       		.byte	0x21
 870 01e6 89040000 		.4byte	0x489
 871 01ea 24       		.byte	0x24
 872 01eb 02       		.uleb128 0x2
 873 01ec 13000000 		.4byte	.LASF37
 874 01f0 09       		.byte	0x9
 875 01f1 E5       		.byte	0xe5
 876 01f2 21       		.byte	0x21
 877 01f3 C9050000 		.4byte	0x5c9
 878 01f7 2C       		.byte	0x2c
 879 01f8 02       		.uleb128 0x2
 880 01f9 19020000 		.4byte	.LASF38
 881 01fd 09       		.byte	0x9
 882 01fe EB       		.byte	0xeb
 883 01ff 22       		.byte	0x22
 884 0200 4E050000 		.4byte	0x54e
 885 0204 30       		.byte	0x30
 886 0205 06       		.uleb128 0x6
 887 0206 7500     		.ascii	"u\000"
 888 0208 09       		.byte	0x9
 889 0209 3601     		.2byte	0x136
 890 020b 21       		.byte	0x21
 891 020c 0B060000 		.4byte	0x60b
 892 0210 34       		.byte	0x34
 893 0211 04       		.uleb128 0x4
 894 0212 75060000 		.4byte	.LASF39
 895 0216 09       		.byte	0x9
 896 0217 3B01     		.2byte	0x13b
 897 0219 21       		.byte	0x21
 898 021a 5D040000 		.4byte	0x45d
 899 021e 38       		.byte	0x38
 900 021f 04       		.uleb128 0x4
 901 0220 D4020000 		.4byte	.LASF40
 902 0224 09       		.byte	0x9
 903 0225 4101     		.2byte	0x141
 904 0227 21       		.byte	0x21
 905 0228 89040000 		.4byte	0x489
 906 022c 3C       		.byte	0x3c
 907 022d 04       		.uleb128 0x4
 908 022e 2F010000 		.4byte	.LASF41
 909 0232 09       		.byte	0x9
 910 0233 5301     		.2byte	0x153
 911 0235 21       		.byte	0x21
 912 0236 20010000 		.4byte	0x120
ARM GAS  /tmp/cchxZ3Ge.s 			page 17


 913 023a 44       		.byte	0x44
 914 023b 04       		.uleb128 0x4
 915 023c 5A000000 		.4byte	.LASF42
 916 0240 09       		.byte	0x9
 917 0241 5901     		.2byte	0x159
 918 0243 21       		.byte	0x21
 919 0244 2C010000 		.4byte	0x12c
 920 0248 48       		.byte	0x48
 921 0249 04       		.uleb128 0x4
 922 024a BC010000 		.4byte	.LASF43
 923 024e 09       		.byte	0x9
 924 024f 6001     		.2byte	0x160
 925 0251 22       		.byte	0x22
 926 0252 CE060000 		.4byte	0x6ce
 927 0256 4C       		.byte	0x4c
 928 0257 04       		.uleb128 0x4
 929 0258 51000000 		.4byte	.LASF44
 930 025c 09       		.byte	0x9
 931 025d 6401     		.2byte	0x164
 932 025f 21       		.byte	0x21
 933 0260 14010000 		.4byte	0x114
 934 0264 50       		.byte	0x50
 935 0265 00       		.byte	0
 936 0266 01       		.uleb128 0x1
 937 0267 02070000 		.4byte	.LASF45
 938 026b 08       		.byte	0x8
 939 026c 89       		.byte	0x89
 940 026d 1F       		.byte	0x1f
 941 026e 72020000 		.4byte	0x272
 942 0272 0F       		.uleb128 0xf
 943 0273 4B020000 		.4byte	.LASF47
 944 0277 E8       		.byte	0xe8
 945 0278 09       		.byte	0x9
 946 0279 A001     		.2byte	0x1a0
 947 027b 08       		.byte	0x8
 948 027c FF020000 		.4byte	0x2ff
 949 0280 04       		.uleb128 0x4
 950 0281 94050000 		.4byte	.LASF48
 951 0285 09       		.byte	0x9
 952 0286 A401     		.2byte	0x1a4
 953 0288 21       		.byte	0x21
 954 0289 08070000 		.4byte	0x708
 955 028d 00       		.byte	0
 956 028e 04       		.uleb128 0x4
 957 028f A7000000 		.4byte	.LASF49
 958 0293 09       		.byte	0x9
 959 0294 A801     		.2byte	0x1a8
 960 0296 21       		.byte	0x21
 961 0297 85050000 		.4byte	0x585
 962 029b 10       		.byte	0x10
 963 029c 04       		.uleb128 0x4
 964 029d 23070000 		.4byte	.LASF50
 965 02a1 09       		.byte	0x9
 966 02a2 AF01     		.2byte	0x1af
 967 02a4 21       		.byte	0x21
 968 02a5 AC050000 		.4byte	0x5ac
 969 02a9 28       		.byte	0x28
ARM GAS  /tmp/cchxZ3Ge.s 			page 18


 970 02aa 04       		.uleb128 0x4
 971 02ab 75000000 		.4byte	.LASF51
 972 02af 09       		.byte	0x9
 973 02b0 B401     		.2byte	0x1b4
 974 02b2 21       		.byte	0x21
 975 02b3 44010000 		.4byte	0x144
 976 02b7 30       		.byte	0x30
 977 02b8 04       		.uleb128 0x4
 978 02b9 DB010000 		.4byte	.LASF52
 979 02bd 09       		.byte	0x9
 980 02be BA01     		.2byte	0x1ba
 981 02c0 21       		.byte	0x21
 982 02c1 26030000 		.4byte	0x326
 983 02c5 34       		.byte	0x34
 984 02c6 04       		.uleb128 0x4
 985 02c7 59040000 		.4byte	.LASF53
 986 02cb 09       		.byte	0x9
 987 02cc BF01     		.2byte	0x1bf
 988 02ce 22       		.byte	0x22
 989 02cf 78070000 		.4byte	0x778
 990 02d3 38       		.byte	0x38
 991 02d4 04       		.uleb128 0x4
 992 02d5 0D040000 		.4byte	.LASF54
 993 02d9 09       		.byte	0x9
 994 02da C301     		.2byte	0x1c3
 995 02dc 21       		.byte	0x21
 996 02dd 50010000 		.4byte	0x150
 997 02e1 3C       		.byte	0x3c
 998 02e2 04       		.uleb128 0x4
 999 02e3 F1060000 		.4byte	.LASF55
 1000 02e7 09       		.byte	0x9
 1001 02e8 C801     		.2byte	0x1c8
 1002 02ea 21       		.byte	0x21
 1003 02eb 50010000 		.4byte	0x150
 1004 02ef 90       		.byte	0x90
 1005 02f0 06       		.uleb128 0x6
 1006 02f1 64626700 		.ascii	"dbg\000"
 1007 02f5 09       		.byte	0x9
 1008 02f6 CD01     		.2byte	0x1cd
 1009 02f8 21       		.byte	0x21
 1010 02f9 63030000 		.4byte	0x363
 1011 02fd E4       		.byte	0xe4
 1012 02fe 00       		.byte	0
 1013 02ff 01       		.uleb128 0x1
 1014 0300 7E020000 		.4byte	.LASF56
 1015 0304 0A       		.byte	0xa
 1016 0305 3E       		.byte	0x3e
 1017 0306 12       		.byte	0x12
 1018 0307 BB000000 		.4byte	0xbb
 1019 030b 08       		.uleb128 0x8
 1020 030c 20020000 		.4byte	.LASF57
 1021 0310 04       		.byte	0x4
 1022 0311 0A       		.byte	0xa
 1023 0312 43       		.byte	0x43
 1024 0313 10       		.byte	0x10
 1025 0314 26030000 		.4byte	0x326
 1026 0318 02       		.uleb128 0x2
ARM GAS  /tmp/cchxZ3Ge.s 			page 19


 1027 0319 5B030000 		.4byte	.LASF58
 1028 031d 0A       		.byte	0xa
 1029 031e 47       		.byte	0x47
 1030 031f 21       		.byte	0x21
 1031 0320 FF020000 		.4byte	0x2ff
 1032 0324 00       		.byte	0
 1033 0325 00       		.byte	0
 1034 0326 01       		.uleb128 0x1
 1035 0327 2B060000 		.4byte	.LASF59
 1036 032b 0A       		.byte	0xa
 1037 032c 48       		.byte	0x48
 1038 032d 03       		.byte	0x3
 1039 032e 0B030000 		.4byte	0x30b
 1040 0332 08       		.uleb128 0x8
 1041 0333 03010000 		.4byte	.LASF60
 1042 0337 04       		.byte	0x4
 1043 0338 0B       		.byte	0xb
 1044 0339 3D       		.byte	0x3d
 1045 033a 10       		.byte	0x10
 1046 033b 4D030000 		.4byte	0x34d
 1047 033f 02       		.uleb128 0x2
 1048 0340 E4030000 		.4byte	.LASF61
 1049 0344 0B       		.byte	0xb
 1050 0345 45       		.byte	0x45
 1051 0346 24       		.byte	0x24
 1052 0347 52030000 		.4byte	0x352
 1053 034b 00       		.byte	0
 1054 034c 00       		.byte	0
 1055 034d 03       		.uleb128 0x3
 1056 034e 5E030000 		.4byte	0x35e
 1057 0352 17       		.uleb128 0x17
 1058 0353 4D030000 		.4byte	0x34d
 1059 0357 07       		.uleb128 0x7
 1060 0358 01       		.byte	0x1
 1061 0359 08       		.byte	0x8
 1062 035a 69020000 		.4byte	.LASF62
 1063 035e 0D       		.uleb128 0xd
 1064 035f 57030000 		.4byte	0x357
 1065 0363 01       		.uleb128 0x1
 1066 0364 EF020000 		.4byte	.LASF63
 1067 0368 0B       		.byte	0xb
 1068 0369 50       		.byte	0x50
 1069 036a 03       		.byte	0x3
 1070 036b 32030000 		.4byte	0x332
 1071 036f 01       		.uleb128 0x1
 1072 0370 47000000 		.4byte	.LASF64
 1073 0374 0C       		.byte	0xc
 1074 0375 6C       		.byte	0x6c
 1075 0376 12       		.byte	0x12
 1076 0377 BB000000 		.4byte	0xbb
 1077 037b 17       		.uleb128 0x17
 1078 037c 6F030000 		.4byte	0x36f
 1079 0380 01       		.uleb128 0x1
 1080 0381 CB030000 		.4byte	.LASF65
 1081 0385 0C       		.byte	0xc
 1082 0386 78       		.byte	0x78
 1083 0387 12       		.byte	0x12
ARM GAS  /tmp/cchxZ3Ge.s 			page 20


 1084 0388 BB000000 		.4byte	0xbb
 1085 038c 0F       		.uleb128 0xf
 1086 038d 73040000 		.4byte	.LASF66
 1087 0391 A8       		.byte	0xa8
 1088 0392 04       		.byte	0x4
 1089 0393 0102     		.2byte	0x201
 1090 0395 08       		.byte	0x8
 1091 0396 2C040000 		.4byte	0x42c
 1092 039a 06       		.uleb128 0x6
 1093 039b 6400     		.ascii	"d\000"
 1094 039d 04       		.byte	0x4
 1095 039e 0302     		.2byte	0x203
 1096 03a0 19       		.byte	0x19
 1097 03a1 2C040000 		.4byte	0x42c
 1098 03a5 00       		.byte	0
 1099 03a6 04       		.uleb128 0x4
 1100 03a7 6D010000 		.4byte	.LASF67
 1101 03ab 04       		.byte	0x4
 1102 03ac 0402     		.2byte	0x204
 1103 03ae 19       		.byte	0x19
 1104 03af BB000000 		.4byte	0xbb
 1105 03b3 80       		.byte	0x80
 1106 03b4 06       		.uleb128 0x6
 1107 03b5 723400   		.ascii	"r4\000"
 1108 03b8 04       		.byte	0x4
 1109 03b9 0602     		.2byte	0x206
 1110 03bb 19       		.byte	0x19
 1111 03bc BB000000 		.4byte	0xbb
 1112 03c0 84       		.byte	0x84
 1113 03c1 06       		.uleb128 0x6
 1114 03c2 723500   		.ascii	"r5\000"
 1115 03c5 04       		.byte	0x4
 1116 03c6 0702     		.2byte	0x207
 1117 03c8 19       		.byte	0x19
 1118 03c9 BB000000 		.4byte	0xbb
 1119 03cd 88       		.byte	0x88
 1120 03ce 06       		.uleb128 0x6
 1121 03cf 723600   		.ascii	"r6\000"
 1122 03d2 04       		.byte	0x4
 1123 03d3 0802     		.2byte	0x208
 1124 03d5 19       		.byte	0x19
 1125 03d6 BB000000 		.4byte	0xbb
 1126 03da 8C       		.byte	0x8c
 1127 03db 06       		.uleb128 0x6
 1128 03dc 723700   		.ascii	"r7\000"
 1129 03df 04       		.byte	0x4
 1130 03e0 0902     		.2byte	0x209
 1131 03e2 19       		.byte	0x19
 1132 03e3 BB000000 		.4byte	0xbb
 1133 03e7 90       		.byte	0x90
 1134 03e8 06       		.uleb128 0x6
 1135 03e9 723800   		.ascii	"r8\000"
 1136 03ec 04       		.byte	0x4
 1137 03ed 0A02     		.2byte	0x20a
 1138 03ef 19       		.byte	0x19
 1139 03f0 BB000000 		.4byte	0xbb
 1140 03f4 94       		.byte	0x94
ARM GAS  /tmp/cchxZ3Ge.s 			page 21


 1141 03f5 06       		.uleb128 0x6
 1142 03f6 723900   		.ascii	"r9\000"
 1143 03f9 04       		.byte	0x4
 1144 03fa 0B02     		.2byte	0x20b
 1145 03fc 19       		.byte	0x19
 1146 03fd BB000000 		.4byte	0xbb
 1147 0401 98       		.byte	0x98
 1148 0402 06       		.uleb128 0x6
 1149 0403 72313000 		.ascii	"r10\000"
 1150 0407 04       		.byte	0x4
 1151 0408 0C02     		.2byte	0x20c
 1152 040a 19       		.byte	0x19
 1153 040b BB000000 		.4byte	0xbb
 1154 040f 9C       		.byte	0x9c
 1155 0410 06       		.uleb128 0x6
 1156 0411 72313100 		.ascii	"r11\000"
 1157 0415 04       		.byte	0x4
 1158 0416 0D02     		.2byte	0x20d
 1159 0418 19       		.byte	0x19
 1160 0419 BB000000 		.4byte	0xbb
 1161 041d A0       		.byte	0xa0
 1162 041e 06       		.uleb128 0x6
 1163 041f 6C7200   		.ascii	"lr\000"
 1164 0422 04       		.byte	0x4
 1165 0423 0E02     		.2byte	0x20e
 1166 0425 19       		.byte	0x19
 1167 0426 BB000000 		.4byte	0xbb
 1168 042a A4       		.byte	0xa4
 1169 042b 00       		.byte	0
 1170 042c 12       		.uleb128 0x12
 1171 042d C7000000 		.4byte	0xc7
 1172 0431 3C040000 		.4byte	0x43c
 1173 0435 13       		.uleb128 0x13
 1174 0436 2D000000 		.4byte	0x2d
 1175 043a 0F       		.byte	0xf
 1176 043b 00       		.byte	0
 1177 043c 0F       		.uleb128 0xf
 1178 043d AE000000 		.4byte	.LASF68
 1179 0441 04       		.byte	0x4
 1180 0442 04       		.byte	0x4
 1181 0443 1702     		.2byte	0x217
 1182 0445 08       		.byte	0x8
 1183 0446 58040000 		.4byte	0x458
 1184 044a 06       		.uleb128 0x6
 1185 044b 737000   		.ascii	"sp\000"
 1186 044e 04       		.byte	0x4
 1187 044f 1802     		.2byte	0x218
 1188 0451 1A       		.byte	0x1a
 1189 0452 58040000 		.4byte	0x458
 1190 0456 00       		.byte	0
 1191 0457 00       		.byte	0
 1192 0458 03       		.uleb128 0x3
 1193 0459 8C030000 		.4byte	0x38c
 1194 045d 01       		.uleb128 0x1
 1195 045e 3E040000 		.4byte	.LASF69
 1196 0462 0D       		.byte	0xd
 1197 0463 31       		.byte	0x31
ARM GAS  /tmp/cchxZ3Ge.s 			page 22


 1198 0464 18       		.byte	0x18
 1199 0465 69040000 		.4byte	0x469
 1200 0469 08       		.uleb128 0x8
 1201 046a DF000000 		.4byte	.LASF70
 1202 046e 04       		.byte	0x4
 1203 046f 0D       		.byte	0xd
 1204 0470 37       		.byte	0x37
 1205 0471 08       		.byte	0x8
 1206 0472 84040000 		.4byte	0x484
 1207 0476 02       		.uleb128 0x2
 1208 0477 70000000 		.4byte	.LASF71
 1209 047b 0D       		.byte	0xd
 1210 047c 38       		.byte	0x38
 1211 047d 1A       		.byte	0x1a
 1212 047e 84040000 		.4byte	0x484
 1213 0482 00       		.byte	0
 1214 0483 00       		.byte	0
 1215 0484 03       		.uleb128 0x3
 1216 0485 5D040000 		.4byte	0x45d
 1217 0489 01       		.uleb128 0x1
 1218 048a D9030000 		.4byte	.LASF72
 1219 048e 0D       		.byte	0xd
 1220 048f 3E       		.byte	0x3e
 1221 0490 19       		.byte	0x19
 1222 0491 95040000 		.4byte	0x495
 1223 0495 08       		.uleb128 0x8
 1224 0496 4B060000 		.4byte	.LASF73
 1225 049a 08       		.byte	0x8
 1226 049b 0D       		.byte	0xd
 1227 049c 44       		.byte	0x44
 1228 049d 08       		.byte	0x8
 1229 049e BD040000 		.4byte	0x4bd
 1230 04a2 02       		.uleb128 0x2
 1231 04a3 70000000 		.4byte	.LASF71
 1232 04a7 0D       		.byte	0xd
 1233 04a8 45       		.byte	0x45
 1234 04a9 1A       		.byte	0x1a
 1235 04aa BD040000 		.4byte	0x4bd
 1236 04ae 00       		.byte	0
 1237 04af 02       		.uleb128 0x2
 1238 04b0 DA000000 		.4byte	.LASF74
 1239 04b4 0D       		.byte	0xd
 1240 04b5 46       		.byte	0x46
 1241 04b6 1A       		.byte	0x1a
 1242 04b7 BD040000 		.4byte	0x4bd
 1243 04bb 04       		.byte	0x4
 1244 04bc 00       		.byte	0
 1245 04bd 03       		.uleb128 0x3
 1246 04be 89040000 		.4byte	0x489
 1247 04c2 01       		.uleb128 0x1
 1248 04c3 FF010000 		.4byte	.LASF75
 1249 04c7 0D       		.byte	0xd
 1250 04c8 4D       		.byte	0x4d
 1251 04c9 22       		.byte	0x22
 1252 04ca CE040000 		.4byte	0x4ce
 1253 04ce 08       		.uleb128 0x8
 1254 04cf 39060000 		.4byte	.LASF76
ARM GAS  /tmp/cchxZ3Ge.s 			page 23


 1255 04d3 0C       		.byte	0xc
 1256 04d4 0D       		.byte	0xd
 1257 04d5 54       		.byte	0x54
 1258 04d6 08       		.byte	0x8
 1259 04d7 03050000 		.4byte	0x503
 1260 04db 02       		.uleb128 0x2
 1261 04dc 70000000 		.4byte	.LASF71
 1262 04e0 0D       		.byte	0xd
 1263 04e1 55       		.byte	0x55
 1264 04e2 1A       		.byte	0x1a
 1265 04e3 03050000 		.4byte	0x503
 1266 04e7 00       		.byte	0
 1267 04e8 02       		.uleb128 0x2
 1268 04e9 DA000000 		.4byte	.LASF74
 1269 04ed 0D       		.byte	0xd
 1270 04ee 56       		.byte	0x56
 1271 04ef 1A       		.byte	0x1a
 1272 04f0 03050000 		.4byte	0x503
 1273 04f4 04       		.byte	0x4
 1274 04f5 02       		.uleb128 0x2
 1275 04f6 64020000 		.4byte	.LASF77
 1276 04fa 0D       		.byte	0xd
 1277 04fb 57       		.byte	0x57
 1278 04fc 19       		.byte	0x19
 1279 04fd 14010000 		.4byte	0x114
 1280 0501 08       		.byte	0x8
 1281 0502 00       		.byte	0
 1282 0503 03       		.uleb128 0x3
 1283 0504 C2040000 		.4byte	0x4c2
 1284 0508 01       		.uleb128 0x1
 1285 0509 6E020000 		.4byte	.LASF78
 1286 050d 0D       		.byte	0xd
 1287 050e 5E       		.byte	0x5e
 1288 050f 1E       		.byte	0x1e
 1289 0510 14050000 		.4byte	0x514
 1290 0514 08       		.uleb128 0x8
 1291 0515 18010000 		.4byte	.LASF79
 1292 0519 0C       		.byte	0xc
 1293 051a 0D       		.byte	0xd
 1294 051b 63       		.byte	0x63
 1295 051c 08       		.byte	0x8
 1296 051d 49050000 		.4byte	0x549
 1297 0521 02       		.uleb128 0x2
 1298 0522 70000000 		.4byte	.LASF71
 1299 0526 0D       		.byte	0xd
 1300 0527 64       		.byte	0x64
 1301 0528 1A       		.byte	0x1a
 1302 0529 49050000 		.4byte	0x549
 1303 052d 00       		.byte	0
 1304 052e 02       		.uleb128 0x2
 1305 052f DA000000 		.4byte	.LASF74
 1306 0533 0D       		.byte	0xd
 1307 0534 65       		.byte	0x65
 1308 0535 1A       		.byte	0x1a
 1309 0536 49050000 		.4byte	0x549
 1310 053a 04       		.byte	0x4
 1311 053b 02       		.uleb128 0x2
ARM GAS  /tmp/cchxZ3Ge.s 			page 24


 1312 053c 47070000 		.4byte	.LASF80
 1313 0540 0D       		.byte	0xd
 1314 0541 66       		.byte	0x66
 1315 0542 19       		.byte	0x19
 1316 0543 80030000 		.4byte	0x380
 1317 0547 08       		.byte	0x8
 1318 0548 00       		.byte	0
 1319 0549 03       		.uleb128 0x3
 1320 054a 08050000 		.4byte	0x508
 1321 054e 28       		.uleb128 0x28
 1322 054f 04       		.byte	0x4
 1323 0550 08       		.uleb128 0x8
 1324 0551 C4010000 		.4byte	.LASF81
 1325 0555 18       		.byte	0x18
 1326 0556 09       		.byte	0x9
 1327 0557 61       		.byte	0x61
 1328 0558 10       		.byte	0x10
 1329 0559 85050000 		.4byte	0x585
 1330 055d 02       		.uleb128 0x2
 1331 055e 85050000 		.4byte	.LASF82
 1332 0562 09       		.byte	0x9
 1333 0563 65       		.byte	0x65
 1334 0564 21       		.byte	0x21
 1335 0565 08050000 		.4byte	0x508
 1336 0569 00       		.byte	0
 1337 056a 02       		.uleb128 0x2
 1338 056b 05040000 		.4byte	.LASF83
 1339 056f 09       		.byte	0x9
 1340 0570 6A       		.byte	0x6a
 1341 0571 21       		.byte	0x21
 1342 0572 7B030000 		.4byte	0x37b
 1343 0576 0C       		.byte	0xc
 1344 0577 02       		.uleb128 0x2
 1345 0578 C9000000 		.4byte	.LASF84
 1346 057c 09       		.byte	0x9
 1347 057d 7E       		.byte	0x7e
 1348 057e 21       		.byte	0x21
 1349 057f D3000000 		.4byte	0xd3
 1350 0583 10       		.byte	0x10
 1351 0584 00       		.byte	0
 1352 0585 01       		.uleb128 0x1
 1353 0586 7D060000 		.4byte	.LASF85
 1354 058a 09       		.byte	0x9
 1355 058b 80       		.byte	0x80
 1356 058c 03       		.byte	0x3
 1357 058d 50050000 		.4byte	0x550
 1358 0591 08       		.uleb128 0x8
 1359 0592 2A000000 		.4byte	.LASF86
 1360 0596 08       		.byte	0x8
 1361 0597 09       		.byte	0x9
 1362 0598 85       		.byte	0x85
 1363 0599 10       		.byte	0x10
 1364 059a AC050000 		.4byte	0x5ac
 1365 059e 02       		.uleb128 0x2
 1366 059f 1D060000 		.4byte	.LASF87
 1367 05a3 09       		.byte	0x9
 1368 05a4 89       		.byte	0x89
ARM GAS  /tmp/cchxZ3Ge.s 			page 25


 1369 05a5 21       		.byte	0x21
 1370 05a6 89040000 		.4byte	0x489
 1371 05aa 00       		.byte	0
 1372 05ab 00       		.byte	0
 1373 05ac 01       		.uleb128 0x1
 1374 05ad 33030000 		.4byte	.LASF88
 1375 05b1 09       		.byte	0x9
 1376 05b2 8A       		.byte	0x8a
 1377 05b3 03       		.byte	0x3
 1378 05b4 91050000 		.4byte	0x591
 1379 05b8 01       		.uleb128 0x1
 1380 05b9 8A020000 		.4byte	.LASF89
 1381 05bd 09       		.byte	0x9
 1382 05be 8F       		.byte	0x8f
 1383 05bf 14       		.byte	0x14
 1384 05c0 C4050000 		.4byte	0x5c4
 1385 05c4 03       		.uleb128 0x3
 1386 05c5 50010000 		.4byte	0x150
 1387 05c9 01       		.uleb128 0x1
 1388 05ca BA030000 		.4byte	.LASF90
 1389 05ce 09       		.byte	0x9
 1390 05cf 9E       		.byte	0x9e
 1391 05d0 10       		.byte	0x10
 1392 05d1 D5050000 		.4byte	0x5d5
 1393 05d5 03       		.uleb128 0x3
 1394 05d6 DA050000 		.4byte	0x5da
 1395 05da 29       		.uleb128 0x29
 1396 05db E5050000 		.4byte	0x5e5
 1397 05df 05       		.uleb128 0x5
 1398 05e0 C4050000 		.4byte	0x5c4
 1399 05e4 00       		.byte	0
 1400 05e5 1F       		.uleb128 0x1f
 1401 05e6 0C       		.byte	0xc
 1402 05e7 AA       		.byte	0xaa
 1403 05e8 0B060000 		.4byte	0x60b
 1404 05ec 19       		.uleb128 0x19
 1405 05ed 13010000 		.4byte	.LASF91
 1406 05f1 AE       		.byte	0xae
 1407 05f2 5D040000 		.4byte	0x45d
 1408 05f6 19       		.uleb128 0x19
 1409 05f7 1D060000 		.4byte	.LASF87
 1410 05fb B2       		.byte	0xb2
 1411 05fc 89040000 		.4byte	0x489
 1412 0600 19       		.uleb128 0x19
 1413 0601 93010000 		.4byte	.LASF92
 1414 0605 B6       		.byte	0xb6
 1415 0606 C2040000 		.4byte	0x4c2
 1416 060a 00       		.byte	0
 1417 060b 1F       		.uleb128 0x1f
 1418 060c 04       		.byte	0x4
 1419 060d FF       		.byte	0xff
 1420 060e 67060000 		.4byte	0x667
 1421 0612 0A       		.uleb128 0xa
 1422 0613 F8010000 		.4byte	.LASF93
 1423 0617 0601     		.2byte	0x106
 1424 0619 21       		.byte	0x21
 1425 061a 20010000 		.4byte	0x120
ARM GAS  /tmp/cchxZ3Ge.s 			page 26


 1426 061e 0A       		.uleb128 0xa
 1427 061f 9B070000 		.4byte	.LASF94
 1428 0623 0D01     		.2byte	0x10d
 1429 0625 21       		.byte	0x21
 1430 0626 20010000 		.4byte	0x120
 1431 062a 0A       		.uleb128 0xa
 1432 062b 96000000 		.4byte	.LASF95
 1433 062f 1401     		.2byte	0x114
 1434 0631 22       		.byte	0x22
 1435 0632 4E050000 		.4byte	0x54e
 1436 0636 0A       		.uleb128 0xa
 1437 0637 2B070000 		.4byte	.LASF96
 1438 063b 1B01     		.2byte	0x11b
 1439 063d 22       		.byte	0x22
 1440 063e 67060000 		.4byte	0x667
 1441 0642 0A       		.uleb128 0xa
 1442 0643 32060000 		.4byte	.LASF97
 1443 0647 2301     		.2byte	0x123
 1444 0649 22       		.byte	0x22
 1445 064a 94060000 		.4byte	0x694
 1446 064e 0A       		.uleb128 0xa
 1447 064f 0C000000 		.4byte	.LASF98
 1448 0653 2C01     		.2byte	0x12c
 1449 0655 22       		.byte	0x22
 1450 0656 CE060000 		.4byte	0x6ce
 1451 065a 0A       		.uleb128 0xa
 1452 065b D3000000 		.4byte	.LASF99
 1453 065f 3401     		.2byte	0x134
 1454 0661 21       		.byte	0x21
 1455 0662 2C010000 		.4byte	0x12c
 1456 0666 00       		.byte	0
 1457 0667 03       		.uleb128 0x3
 1458 0668 B8050000 		.4byte	0x5b8
 1459 066c 08       		.uleb128 0x8
 1460 066d 43010000 		.4byte	.LASF100
 1461 0671 0C       		.byte	0xc
 1462 0672 0E       		.byte	0xe
 1463 0673 33       		.byte	0x33
 1464 0674 10       		.byte	0x10
 1465 0675 94060000 		.4byte	0x694
 1466 0679 02       		.uleb128 0x2
 1467 067a 1D060000 		.4byte	.LASF87
 1468 067e 0E       		.byte	0xe
 1469 067f 34       		.byte	0x34
 1470 0680 19       		.byte	0x19
 1471 0681 89040000 		.4byte	0x489
 1472 0685 00       		.byte	0
 1473 0686 18       		.uleb128 0x18
 1474 0687 636E7400 		.ascii	"cnt\000"
 1475 068b 0E       		.byte	0xe
 1476 068c 36       		.byte	0x36
 1477 068d 19       		.byte	0x19
 1478 068e 38010000 		.4byte	0x138
 1479 0692 08       		.byte	0x8
 1480 0693 00       		.byte	0
 1481 0694 03       		.uleb128 0x3
 1482 0695 6C060000 		.4byte	0x66c
ARM GAS  /tmp/cchxZ3Ge.s 			page 27


 1483 0699 08       		.uleb128 0x8
 1484 069a 28020000 		.4byte	.LASF101
 1485 069e 10       		.byte	0x10
 1486 069f 0F       		.byte	0xf
 1487 06a0 38       		.byte	0x38
 1488 06a1 08       		.byte	0x8
 1489 06a2 CE060000 		.4byte	0x6ce
 1490 06a6 02       		.uleb128 0x2
 1491 06a7 1D060000 		.4byte	.LASF87
 1492 06ab 0F       		.byte	0xf
 1493 06ac 39       		.byte	0x39
 1494 06ad 19       		.byte	0x19
 1495 06ae 89040000 		.4byte	0x489
 1496 06b2 00       		.byte	0
 1497 06b3 02       		.uleb128 0x2
 1498 06b4 B6010000 		.4byte	.LASF29
 1499 06b8 0F       		.byte	0xf
 1500 06b9 3B       		.byte	0x3b
 1501 06ba 1A       		.byte	0x1a
 1502 06bb C4050000 		.4byte	0x5c4
 1503 06bf 08       		.byte	0x8
 1504 06c0 02       		.uleb128 0x2
 1505 06c1 70000000 		.4byte	.LASF71
 1506 06c5 0F       		.byte	0xf
 1507 06c6 3D       		.byte	0x3d
 1508 06c7 1A       		.byte	0x1a
 1509 06c8 89070000 		.4byte	0x789
 1510 06cc 0C       		.byte	0xc
 1511 06cd 00       		.byte	0
 1512 06ce 03       		.uleb128 0x3
 1513 06cf 99060000 		.4byte	0x699
 1514 06d3 03       		.uleb128 0x3
 1515 06d4 66020000 		.4byte	0x266
 1516 06d8 03       		.uleb128 0x3
 1517 06d9 E4000000 		.4byte	0xe4
 1518 06dd 0F       		.uleb128 0xf
 1519 06de BB000000 		.4byte	.LASF102
 1520 06e2 10       		.byte	0x10
 1521 06e3 09       		.byte	0x9
 1522 06e4 7501     		.2byte	0x175
 1523 06e6 10       		.byte	0x10
 1524 06e7 08070000 		.4byte	0x708
 1525 06eb 04       		.uleb128 0x4
 1526 06ec 93010000 		.4byte	.LASF92
 1527 06f0 09       		.byte	0x9
 1528 06f1 7A01     		.2byte	0x17a
 1529 06f3 21       		.byte	0x21
 1530 06f4 C2040000 		.4byte	0x4c2
 1531 06f8 00       		.byte	0
 1532 06f9 04       		.uleb128 0x4
 1533 06fa 60070000 		.4byte	.LASF103
 1534 06fe 09       		.byte	0x9
 1535 06ff 7E01     		.2byte	0x17e
 1536 0701 22       		.byte	0x22
 1537 0702 C4050000 		.4byte	0x5c4
 1538 0706 0C       		.byte	0xc
 1539 0707 00       		.byte	0
ARM GAS  /tmp/cchxZ3Ge.s 			page 28


 1540 0708 20       		.uleb128 0x20
 1541 0709 10060000 		.4byte	.LASF104
 1542 070d 7F01     		.2byte	0x17f
 1543 070f DD060000 		.4byte	0x6dd
 1544 0713 0F       		.uleb128 0xf
 1545 0714 6F050000 		.4byte	.LASF105
 1546 0718 14       		.byte	0x14
 1547 0719 09       		.byte	0x9
 1548 071a 8401     		.2byte	0x184
 1549 071c 10       		.byte	0x10
 1550 071d 68070000 		.4byte	0x768
 1551 0721 04       		.uleb128 0x4
 1552 0722 E2050000 		.4byte	.LASF35
 1553 0726 09       		.byte	0x9
 1554 0727 8801     		.2byte	0x188
 1555 0729 22       		.byte	0x22
 1556 072a 4D030000 		.4byte	0x34d
 1557 072e 00       		.byte	0
 1558 072f 04       		.uleb128 0x4
 1559 0730 00000000 		.4byte	.LASF106
 1560 0734 09       		.byte	0x9
 1561 0735 8C01     		.2byte	0x18c
 1562 0737 22       		.byte	0x22
 1563 0738 D8060000 		.4byte	0x6d8
 1564 073c 04       		.byte	0x4
 1565 073d 04       		.uleb128 0x4
 1566 073e 64050000 		.4byte	.LASF107
 1567 0742 09       		.byte	0x9
 1568 0743 9001     		.2byte	0x190
 1569 0745 22       		.byte	0x22
 1570 0746 D8060000 		.4byte	0x6d8
 1571 074a 08       		.byte	0x8
 1572 074b 04       		.uleb128 0x4
 1573 074c EE030000 		.4byte	.LASF108
 1574 0750 09       		.byte	0x9
 1575 0751 9501     		.2byte	0x195
 1576 0753 22       		.byte	0x22
 1577 0754 D8060000 		.4byte	0x6d8
 1578 0758 0C       		.byte	0xc
 1579 0759 04       		.uleb128 0x4
 1580 075a 4D030000 		.4byte	.LASF109
 1581 075e 09       		.byte	0x9
 1582 075f 9901     		.2byte	0x199
 1583 0761 22       		.byte	0x22
 1584 0762 D8060000 		.4byte	0x6d8
 1585 0766 10       		.byte	0x10
 1586 0767 00       		.byte	0
 1587 0768 20       		.uleb128 0x20
 1588 0769 58010000 		.4byte	.LASF110
 1589 076d 9B01     		.2byte	0x19b
 1590 076f 13070000 		.4byte	0x713
 1591 0773 0D       		.uleb128 0xd
 1592 0774 68070000 		.4byte	0x768
 1593 0778 03       		.uleb128 0x3
 1594 0779 73070000 		.4byte	0x773
 1595 077d 01       		.uleb128 0x1
 1596 077e 54060000 		.4byte	.LASF111
ARM GAS  /tmp/cchxZ3Ge.s 			page 29


 1597 0782 0F       		.byte	0xf
 1598 0783 33       		.byte	0x33
 1599 0784 19       		.byte	0x19
 1600 0785 99060000 		.4byte	0x699
 1601 0789 03       		.uleb128 0x3
 1602 078a 7D070000 		.4byte	0x77d
 1603 078e 07       		.uleb128 0x7
 1604 078f 01       		.byte	0x1
 1605 0790 02       		.byte	0x2
 1606 0791 13020000 		.4byte	.LASF112
 1607 0795 01       		.uleb128 0x1
 1608 0796 E9010000 		.4byte	.LASF113
 1609 079a 10       		.byte	0x10
 1610 079b 28       		.byte	0x28
 1611 079c 1B       		.byte	0x1b
 1612 079d A1070000 		.4byte	0x7a1
 1613 07a1 2A       		.uleb128 0x2a
 1614 07a2 31070000 		.4byte	.LASF146
 1615 07a6 04       		.byte	0x4
 1616 07a7 12       		.byte	0x12
 1617 07a8 00       		.byte	0
 1618 07a9 B8070000 		.4byte	0x7b8
 1619 07ad 2B       		.uleb128 0x2b
 1620 07ae 2E030000 		.4byte	.LASF147
 1621 07b2 4E050000 		.4byte	0x54e
 1622 07b6 00       		.byte	0
 1623 07b7 00       		.byte	0
 1624 07b8 01       		.uleb128 0x1
 1625 07b9 E7020000 		.4byte	.LASF114
 1626 07bd 10       		.byte	0x10
 1627 07be 67       		.byte	0x67
 1628 07bf 18       		.byte	0x18
 1629 07c0 95070000 		.4byte	0x795
 1630 07c4 01       		.uleb128 0x1
 1631 07c5 0C030000 		.4byte	.LASF115
 1632 07c9 11       		.byte	0x11
 1633 07ca 3B       		.byte	0x3b
 1634 07cb 11       		.byte	0x11
 1635 07cc D0070000 		.4byte	0x7d0
 1636 07d0 03       		.uleb128 0x3
 1637 07d1 D5070000 		.4byte	0x7d5
 1638 07d5 10       		.uleb128 0x10
 1639 07d6 20010000 		.4byte	0x120
 1640 07da E4070000 		.4byte	0x7e4
 1641 07de 05       		.uleb128 0x5
 1642 07df E4070000 		.4byte	0x7e4
 1643 07e3 00       		.byte	0
 1644 07e4 03       		.uleb128 0x3
 1645 07e5 B8070000 		.4byte	0x7b8
 1646 07e9 01       		.uleb128 0x1
 1647 07ea 3C020000 		.4byte	.LASF116
 1648 07ee 11       		.byte	0x11
 1649 07ef 40       		.byte	0x40
 1650 07f0 11       		.byte	0x11
 1651 07f1 F5070000 		.4byte	0x7f5
 1652 07f5 03       		.uleb128 0x3
 1653 07f6 FA070000 		.4byte	0x7fa
ARM GAS  /tmp/cchxZ3Ge.s 			page 30


 1654 07fa 2C       		.uleb128 0x2c
 1655 07fb 20010000 		.4byte	0x120
 1656 07ff 01       		.uleb128 0x1
 1657 0800 E7050000 		.4byte	.LASF117
 1658 0804 11       		.byte	0x11
 1659 0805 45       		.byte	0x45
 1660 0806 11       		.byte	0x11
 1661 0807 0B080000 		.4byte	0x80b
 1662 080b 03       		.uleb128 0x3
 1663 080c 10080000 		.4byte	0x810
 1664 0810 10       		.uleb128 0x10
 1665 0811 20010000 		.4byte	0x120
 1666 0815 1F080000 		.4byte	0x81f
 1667 0819 05       		.uleb128 0x5
 1668 081a 20010000 		.4byte	0x120
 1669 081e 00       		.byte	0
 1670 081f 01       		.uleb128 0x1
 1671 0820 E7000000 		.4byte	.LASF118
 1672 0824 11       		.byte	0x11
 1673 0825 4A       		.byte	0x4a
 1674 0826 11       		.byte	0x11
 1675 0827 2B080000 		.4byte	0x82b
 1676 082b 03       		.uleb128 0x3
 1677 082c 30080000 		.4byte	0x830
 1678 0830 10       		.uleb128 0x10
 1679 0831 20010000 		.4byte	0x120
 1680 0835 44080000 		.4byte	0x844
 1681 0839 05       		.uleb128 0x5
 1682 083a 20010000 		.4byte	0x120
 1683 083e 05       		.uleb128 0x5
 1684 083f 20010000 		.4byte	0x120
 1685 0843 00       		.byte	0
 1686 0844 01       		.uleb128 0x1
 1687 0845 3E030000 		.4byte	.LASF119
 1688 0849 11       		.byte	0x11
 1689 084a 4F       		.byte	0x4f
 1690 084b 11       		.byte	0x11
 1691 084c 50080000 		.4byte	0x850
 1692 0850 03       		.uleb128 0x3
 1693 0851 55080000 		.4byte	0x855
 1694 0855 10       		.uleb128 0x10
 1695 0856 20010000 		.4byte	0x120
 1696 085a 6E080000 		.4byte	0x86e
 1697 085e 05       		.uleb128 0x5
 1698 085f 20010000 		.4byte	0x120
 1699 0863 05       		.uleb128 0x5
 1700 0864 20010000 		.4byte	0x120
 1701 0868 05       		.uleb128 0x5
 1702 0869 20010000 		.4byte	0x120
 1703 086d 00       		.byte	0
 1704 086e 01       		.uleb128 0x1
 1705 086f 7D070000 		.4byte	.LASF120
 1706 0873 11       		.byte	0x11
 1707 0874 54       		.byte	0x54
 1708 0875 11       		.byte	0x11
 1709 0876 7A080000 		.4byte	0x87a
 1710 087a 03       		.uleb128 0x3
ARM GAS  /tmp/cchxZ3Ge.s 			page 31


 1711 087b 7F080000 		.4byte	0x87f
 1712 087f 10       		.uleb128 0x10
 1713 0880 20010000 		.4byte	0x120
 1714 0884 9D080000 		.4byte	0x89d
 1715 0888 05       		.uleb128 0x5
 1716 0889 20010000 		.4byte	0x120
 1717 088d 05       		.uleb128 0x5
 1718 088e 20010000 		.4byte	0x120
 1719 0892 05       		.uleb128 0x5
 1720 0893 20010000 		.4byte	0x120
 1721 0897 05       		.uleb128 0x5
 1722 0898 20010000 		.4byte	0x120
 1723 089c 00       		.byte	0
 1724 089d 2D       		.uleb128 0x2d
 1725 089e 08       		.byte	0x8
 1726 089f 01       		.byte	0x1
 1727 08a0 38       		.byte	0x38
 1728 08a1 09       		.byte	0x9
 1729 08a2 C1080000 		.4byte	0x8c1
 1730 08a6 02       		.uleb128 0x2
 1731 08a7 AE070000 		.4byte	.LASF121
 1732 08ab 01       		.byte	0x1
 1733 08ac 3C       		.byte	0x3c
 1734 08ad 15       		.byte	0x15
 1735 08ae C4070000 		.4byte	0x7c4
 1736 08b2 00       		.byte	0
 1737 08b3 02       		.uleb128 0x2
 1738 08b4 A4020000 		.4byte	.LASF122
 1739 08b8 01       		.byte	0x1
 1740 08b9 40       		.byte	0x40
 1741 08ba 16       		.byte	0x16
 1742 08bb E4070000 		.4byte	0x7e4
 1743 08bf 04       		.byte	0x4
 1744 08c0 00       		.byte	0
 1745 08c1 01       		.uleb128 0x1
 1746 08c2 8C070000 		.4byte	.LASF123
 1747 08c6 01       		.byte	0x1
 1748 08c7 41       		.byte	0x41
 1749 08c8 03       		.byte	0x3
 1750 08c9 9D080000 		.4byte	0x89d
 1751 08cd 0D       		.uleb128 0xd
 1752 08ce C1080000 		.4byte	0x8c1
 1753 08d2 21       		.uleb128 0x21
 1754 08d3 AA020000 		.4byte	.LASF124
 1755 08d7 43       		.byte	0x43
 1756 08d8 0D       		.byte	0xd
 1757 08d9 C4050000 		.4byte	0x5c4
 1758 08dd E7080000 		.4byte	0x8e7
 1759 08e1 05       		.uleb128 0x5
 1760 08e2 80030000 		.4byte	0x380
 1761 08e6 00       		.byte	0
 1762 08e7 2E       		.uleb128 0x2e
 1763 08e8 36000000 		.4byte	.LASF148
 1764 08ec 02       		.byte	0x2
 1765 08ed 42       		.byte	0x42
 1766 08ee 0D       		.byte	0xd
 1767 08ef C4050000 		.4byte	0x5c4
ARM GAS  /tmp/cchxZ3Ge.s 			page 32


 1768 08f3 2F       		.uleb128 0x2f
 1769 08f4 F6000000 		.4byte	.LASF149
 1770 08f8 02       		.byte	0x2
 1771 08f9 45       		.byte	0x45
 1772 08fa 08       		.byte	0x8
 1773 08fb 0A090000 		.4byte	0x90a
 1774 08ff 05       		.uleb128 0x5
 1775 0900 C4050000 		.4byte	0x5c4
 1776 0904 05       		.uleb128 0x5
 1777 0905 20010000 		.4byte	0x120
 1778 0909 00       		.byte	0
 1779 090a 21       		.uleb128 0x21
 1780 090b 8C000000 		.4byte	.LASF125
 1781 090f 41       		.byte	0x41
 1782 0910 09       		.byte	0x9
 1783 0911 20010000 		.4byte	0x120
 1784 0915 24090000 		.4byte	0x924
 1785 0919 05       		.uleb128 0x5
 1786 091a C4050000 		.4byte	0x5c4
 1787 091e 05       		.uleb128 0x5
 1788 091f 20010000 		.4byte	0x120
 1789 0923 00       		.byte	0
 1790 0924 30       		.uleb128 0x30
 1791 0925 9A050000 		.4byte	.LASF126
 1792 0929 01       		.byte	0x1
 1793 092a DC       		.byte	0xdc
 1794 092b 07       		.byte	0x7
 1795 092c 20010000 		.4byte	0x120
 1796 0930 00000000 		.4byte	.LFB214
 1797 0934 48000000 		.4byte	.LFE214-.LFB214
 1798 0938 01       		.uleb128 0x1
 1799 0939 9C       		.byte	0x9c
 1800 093a 5E0A0000 		.4byte	0xa5e
 1801 093e 0E       		.uleb128 0xe
 1802 093f 93060000 		.4byte	.LASF128
 1803 0943 DC       		.byte	0xdc
 1804 0944 2F       		.byte	0x2f
 1805 0945 80030000 		.4byte	0x380
 1806 0949 10000000 		.4byte	.LLST14
 1807 094d 0C000000 		.4byte	.LVUS14
 1808 0951 0B       		.uleb128 0xb
 1809 0952 747000   		.ascii	"tp\000"
 1810 0955 DD       		.byte	0xdd
 1811 0956 0D       		.byte	0xd
 1812 0957 C4050000 		.4byte	0x5c4
 1813 095b 2F000000 		.4byte	.LLST15
 1814 095f 29000000 		.4byte	.LVUS15
 1815 0963 0B       		.uleb128 0xb
 1816 0964 636D7000 		.ascii	"cmp\000"
 1817 0968 DE       		.byte	0xde
 1818 0969 19       		.byte	0x19
 1819 096a 5E0A0000 		.4byte	0xa5e
 1820 096e 46000000 		.4byte	.LLST16
 1821 0972 44000000 		.4byte	.LVUS16
 1822 0976 0B       		.uleb128 0xb
 1823 0977 72657400 		.ascii	"ret\000"
 1824 097b DF       		.byte	0xdf
ARM GAS  /tmp/cchxZ3Ge.s 			page 33


 1825 097c 09       		.byte	0x9
 1826 097d 20010000 		.4byte	0x120
 1827 0981 53000000 		.4byte	.LLST17
 1828 0985 4F000000 		.4byte	.LVUS17
 1829 0989 14       		.uleb128 0x14
 1830 098a D50D0000 		.4byte	0xdd5
 1831 098e 00000000 		.4byte	.LBI60
 1832 0992 05       		.byte	.LVU140
 1833 0993 24000000 		.4byte	.LLRL18
 1834 0997 01       		.byte	0x1
 1835 0998 E1       		.byte	0xe1
 1836 0999 08       		.byte	0x8
 1837 099a 260A0000 		.4byte	0xa26
 1838 099e 1A       		.uleb128 0x1a
 1839 099f E40D0000 		.4byte	0xde4
 1840 09a3 67000000 		.4byte	.LLST19
 1841 09a7 63000000 		.4byte	.LVUS19
 1842 09ab 22       		.uleb128 0x22
 1843 09ac 24000000 		.4byte	.LLRL18
 1844 09b0 23       		.uleb128 0x23
 1845 09b1 F00D0000 		.4byte	0xdf0
 1846 09b5 82000000 		.4byte	.LLST20
 1847 09b9 80000000 		.4byte	.LVUS20
 1848 09bd 14       		.uleb128 0x14
 1849 09be 440E0000 		.4byte	0xe44
 1850 09c2 00000000 		.4byte	.LBI62
 1851 09c6 08       		.byte	.LVU143
 1852 09c7 30000000 		.4byte	.LLRL21
 1853 09cb 02       		.byte	0x2
 1854 09cc 81       		.byte	0x81
 1855 09cd 03       		.byte	0x3
 1856 09ce E1090000 		.4byte	0x9e1
 1857 09d2 24       		.uleb128 0x24
 1858 09d3 540E0000 		.4byte	0xe54
 1859 09d7 00000000 		.4byte	.LBI63
 1860 09db 0A       		.byte	.LVU145
 1861 09dc 30000000 		.4byte	.LLRL21
 1862 09e0 00       		.byte	0
 1863 09e1 15       		.uleb128 0x15
 1864 09e2 170E0000 		.4byte	0xe17
 1865 09e6 0C000000 		.4byte	.LBI68
 1866 09ea 01       		.byte	.LVU154
 1867 09eb 0C000000 		.4byte	.LBB68
 1868 09ef 04000000 		.4byte	.LBE68-.LBB68
 1869 09f3 02       		.byte	0x2
 1870 09f4 83       		.byte	0x83
 1871 09f5 03       		.byte	0x3
 1872 09f6 0D0A0000 		.4byte	0xa0d
 1873 09fa 25       		.uleb128 0x25
 1874 09fb 4C0E0000 		.4byte	0xe4c
 1875 09ff 0C000000 		.4byte	.LBI70
 1876 0a03 08       		.byte	.LVU161
 1877 0a04 0C000000 		.4byte	.LBB70
 1878 0a08 04000000 		.4byte	.LBE70-.LBB70
 1879 0a0c 00       		.byte	0
 1880 0a0d 1B       		.uleb128 0x1b
 1881 0a0e 0C000000 		.4byte	.LVL30
ARM GAS  /tmp/cchxZ3Ge.s 			page 34


 1882 0a12 D2080000 		.4byte	0x8d2
 1883 0a16 16       		.uleb128 0x16
 1884 0a17 01       		.uleb128 0x1
 1885 0a18 50       		.byte	0x50
 1886 0a19 09       		.uleb128 0x9
 1887 0a1a A3       		.byte	0xa3
 1888 0a1b 03       		.uleb128 0x3
 1889 0a1c A5       		.byte	0xa5
 1890 0a1d 00       		.uleb128 0
 1891 0a1e 26       		.uleb128 0x26
 1892 0a1f A8       		.byte	0xa8
 1893 0a20 2D       		.uleb128 0x2d
 1894 0a21 A8       		.byte	0xa8
 1895 0a22 00       		.uleb128 0
 1896 0a23 00       		.byte	0
 1897 0a24 00       		.byte	0
 1898 0a25 00       		.byte	0
 1899 0a26 15       		.uleb128 0x15
 1900 0a27 9C0D0000 		.4byte	0xd9c
 1901 0a2b 18000000 		.4byte	.LBI74
 1902 0a2f 01       		.byte	.LVU168
 1903 0a30 18000000 		.4byte	.LBB74
 1904 0a34 00000000 		.4byte	.LBE74-.LBB74
 1905 0a38 01       		.byte	0x1
 1906 0a39 E6       		.byte	0xe6
 1907 0a3a 21       		.byte	0x21
 1908 0a3b 4D0A0000 		.4byte	0xa4d
 1909 0a3f 1A       		.uleb128 0x1a
 1910 0a40 AB0D0000 		.4byte	0xdab
 1911 0a44 8D000000 		.4byte	.LLST22
 1912 0a48 8B000000 		.4byte	.LVUS22
 1913 0a4c 00       		.byte	0
 1914 0a4d 1B       		.uleb128 0x1b
 1915 0a4e 38000000 		.4byte	.LVL38
 1916 0a52 F3080000 		.4byte	0x8f3
 1917 0a56 16       		.uleb128 0x16
 1918 0a57 01       		.uleb128 0x1
 1919 0a58 50       		.byte	0x50
 1920 0a59 02       		.uleb128 0x2
 1921 0a5a 74       		.byte	0x74
 1922 0a5b 00       		.sleb128 0
 1923 0a5c 00       		.byte	0
 1924 0a5d 00       		.byte	0
 1925 0a5e 03       		.uleb128 0x3
 1926 0a5f CD080000 		.4byte	0x8cd
 1927 0a63 31       		.uleb128 0x31
 1928 0a64 10070000 		.4byte	.LASF130
 1929 0a68 01       		.byte	0x1
 1930 0a69 BE       		.byte	0xbe
 1931 0a6a 06       		.byte	0x6
 1932 0a6b 00000000 		.4byte	.LFB213
 1933 0a6f 34000000 		.4byte	.LFE213-.LFB213
 1934 0a73 01       		.uleb128 0x1
 1935 0a74 9C       		.byte	0x9c
 1936 0a75 640B0000 		.4byte	0xb64
 1937 0a79 0B       		.uleb128 0xb
 1938 0a7a 747000   		.ascii	"tp\000"
ARM GAS  /tmp/cchxZ3Ge.s 			page 35


 1939 0a7d BF       		.byte	0xbf
 1940 0a7e 0D       		.byte	0xd
 1941 0a7f C4050000 		.4byte	0x5c4
 1942 0a83 9C000000 		.4byte	.LLST7
 1943 0a87 96000000 		.4byte	.LVUS7
 1944 0a8b 0B       		.uleb128 0xb
 1945 0a8c 636D7000 		.ascii	"cmp\000"
 1946 0a90 C0       		.byte	0xc0
 1947 0a91 19       		.byte	0x19
 1948 0a92 5E0A0000 		.4byte	0xa5e
 1949 0a96 B3000000 		.4byte	.LLST8
 1950 0a9a B1000000 		.4byte	.LVUS8
 1951 0a9e 0B       		.uleb128 0xb
 1952 0a9f 72657400 		.ascii	"ret\000"
 1953 0aa3 C1       		.byte	0xc1
 1954 0aa4 09       		.byte	0x9
 1955 0aa5 20010000 		.4byte	0x120
 1956 0aa9 C0000000 		.4byte	.LLST9
 1957 0aad BC000000 		.4byte	.LVUS9
 1958 0ab1 14       		.uleb128 0x14
 1959 0ab2 FC0D0000 		.4byte	0xdfc
 1960 0ab6 00000000 		.4byte	.LBI44
 1961 0aba 05       		.byte	.LVU94
 1962 0abb 0C000000 		.4byte	.LLRL10
 1963 0abf 01       		.byte	0x1
 1964 0ac0 C3       		.byte	0xc3
 1965 0ac1 08       		.byte	0x8
 1966 0ac2 330B0000 		.4byte	0xb33
 1967 0ac6 22       		.uleb128 0x22
 1968 0ac7 0C000000 		.4byte	.LLRL10
 1969 0acb 23       		.uleb128 0x23
 1970 0acc 0B0E0000 		.4byte	0xe0b
 1971 0ad0 D2000000 		.4byte	.LLST11
 1972 0ad4 D0000000 		.4byte	.LVUS11
 1973 0ad8 14       		.uleb128 0x14
 1974 0ad9 440E0000 		.4byte	0xe44
 1975 0add 00000000 		.4byte	.LBI46
 1976 0ae1 08       		.byte	.LVU97
 1977 0ae2 18000000 		.4byte	.LLRL12
 1978 0ae6 02       		.byte	0x2
 1979 0ae7 61       		.byte	0x61
 1980 0ae8 03       		.byte	0x3
 1981 0ae9 FC0A0000 		.4byte	0xafc
 1982 0aed 24       		.uleb128 0x24
 1983 0aee 540E0000 		.4byte	0xe54
 1984 0af2 00000000 		.4byte	.LBI47
 1985 0af6 0A       		.byte	.LVU99
 1986 0af7 18000000 		.4byte	.LLRL12
 1987 0afb 00       		.byte	0
 1988 0afc 15       		.uleb128 0x15
 1989 0afd 170E0000 		.4byte	0xe17
 1990 0b01 10000000 		.4byte	.LBI52
 1991 0b05 01       		.byte	.LVU108
 1992 0b06 10000000 		.4byte	.LBB52
 1993 0b0a 04000000 		.4byte	.LBE52-.LBB52
 1994 0b0e 02       		.byte	0x2
 1995 0b0f 63       		.byte	0x63
ARM GAS  /tmp/cchxZ3Ge.s 			page 36


 1996 0b10 03       		.byte	0x3
 1997 0b11 280B0000 		.4byte	0xb28
 1998 0b15 25       		.uleb128 0x25
 1999 0b16 4C0E0000 		.4byte	0xe4c
 2000 0b1a 10000000 		.4byte	.LBI54
 2001 0b1e 08       		.byte	.LVU115
 2002 0b1f 10000000 		.4byte	.LBB54
 2003 0b23 04000000 		.4byte	.LBE54-.LBB54
 2004 0b27 00       		.byte	0
 2005 0b28 32       		.uleb128 0x32
 2006 0b29 0C000000 		.4byte	.LVL19
 2007 0b2d E7080000 		.4byte	0x8e7
 2008 0b31 00       		.byte	0
 2009 0b32 00       		.byte	0
 2010 0b33 15       		.uleb128 0x15
 2011 0b34 9C0D0000 		.4byte	0xd9c
 2012 0b38 14000000 		.4byte	.LBI58
 2013 0b3c 03       		.byte	.LVU120
 2014 0b3d 14000000 		.4byte	.LBB58
 2015 0b41 00000000 		.4byte	.LBE58-.LBB58
 2016 0b45 01       		.byte	0x1
 2017 0b46 C4       		.byte	0xc4
 2018 0b47 21       		.byte	0x21
 2019 0b48 5A0B0000 		.4byte	0xb5a
 2020 0b4c 1A       		.uleb128 0x1a
 2021 0b4d AB0D0000 		.4byte	0xdab
 2022 0b51 DD000000 		.4byte	.LLST13
 2023 0b55 DB000000 		.4byte	.LVUS13
 2024 0b59 00       		.byte	0
 2025 0b5a 33       		.uleb128 0x33
 2026 0b5b 34000000 		.4byte	.LVL28
 2027 0b5f F3080000 		.4byte	0x8f3
 2028 0b63 00       		.byte	0
 2029 0b64 34       		.uleb128 0x34
 2030 0b65 18040000 		.4byte	.LASF127
 2031 0b69 01       		.byte	0x1
 2032 0b6a 9D       		.byte	0x9d
 2033 0b6b 07       		.byte	0x7
 2034 0b6c 20010000 		.4byte	0x120
 2035 0b70 00000000 		.4byte	.LFB212
 2036 0b74 38000000 		.4byte	.LFE212-.LFB212
 2037 0b78 01       		.uleb128 0x1
 2038 0b79 9C       		.byte	0x9c
 2039 0b7a F70B0000 		.4byte	0xbf7
 2040 0b7e 35       		.uleb128 0x35
 2041 0b7f 747000   		.ascii	"tp\000"
 2042 0b82 01       		.byte	0x1
 2043 0b83 9D       		.byte	0x9d
 2044 0b84 26       		.byte	0x26
 2045 0b85 C4050000 		.4byte	0x5c4
 2046 0b89 EA000000 		.4byte	.LLST5
 2047 0b8d E6000000 		.4byte	.LVUS5
 2048 0b91 36       		.uleb128 0x36
 2049 0b92 AE070000 		.4byte	.LASF121
 2050 0b96 01       		.byte	0x1
 2051 0b97 9D       		.byte	0x9d
 2052 0b98 3C       		.byte	0x3c
ARM GAS  /tmp/cchxZ3Ge.s 			page 37


 2053 0b99 C4070000 		.4byte	0x7c4
 2054 0b9d 02       		.uleb128 0x2
 2055 0b9e 91       		.byte	0x91
 2056 0b9f 74       		.sleb128 -12
 2057 0ba0 37       		.uleb128 0x37
 2058 0ba1 38       		.uleb128 0x38
 2059 0ba2 2D040000 		.4byte	.LASF129
 2060 0ba6 01       		.byte	0x1
 2061 0ba7 9E       		.byte	0x9e
 2062 0ba8 0B       		.byte	0xb
 2063 0ba9 B8070000 		.4byte	0x7b8
 2064 0bad 02       		.uleb128 0x2
 2065 0bae 91       		.byte	0x91
 2066 0baf 64       		.sleb128 -28
 2067 0bb0 09       		.uleb128 0x9
 2068 0bb1 636D00   		.ascii	"cm\000"
 2069 0bb4 9F       		.byte	0x9f
 2070 0bb5 12       		.byte	0x12
 2071 0bb6 C1080000 		.4byte	0x8c1
 2072 0bba 02       		.uleb128 0x2
 2073 0bbb 91       		.byte	0x91
 2074 0bbc 68       		.sleb128 -24
 2075 0bbd 0B       		.uleb128 0xb
 2076 0bbe 6D736700 		.ascii	"msg\000"
 2077 0bc2 A0       		.byte	0xa0
 2078 0bc3 09       		.byte	0x9
 2079 0bc4 20010000 		.4byte	0x120
 2080 0bc8 05010000 		.4byte	.LLST6
 2081 0bcc 03010000 		.4byte	.LVUS6
 2082 0bd0 1C       		.uleb128 0x1c
 2083 0bd1 68070000 		.4byte	.LASF136
 2084 0bd5 070C0000 		.4byte	0xc07
 2085 0bd9 1B       		.uleb128 0x1b
 2086 0bda 28000000 		.4byte	.LVL18
 2087 0bde 0A090000 		.4byte	0x90a
 2088 0be2 16       		.uleb128 0x16
 2089 0be3 01       		.uleb128 0x1
 2090 0be4 50       		.byte	0x50
 2091 0be5 09       		.uleb128 0x9
 2092 0be6 A3       		.byte	0xa3
 2093 0be7 03       		.uleb128 0x3
 2094 0be8 A5       		.byte	0xa5
 2095 0be9 00       		.uleb128 0
 2096 0bea 26       		.uleb128 0x26
 2097 0beb A8       		.byte	0xa8
 2098 0bec 2D       		.uleb128 0x2d
 2099 0bed A8       		.byte	0xa8
 2100 0bee 00       		.uleb128 0
 2101 0bef 16       		.uleb128 0x16
 2102 0bf0 01       		.uleb128 0x1
 2103 0bf1 51       		.byte	0x51
 2104 0bf2 02       		.uleb128 0x2
 2105 0bf3 91       		.byte	0x91
 2106 0bf4 48       		.sleb128 -56
 2107 0bf5 00       		.byte	0
 2108 0bf6 00       		.byte	0
 2109 0bf7 12       		.uleb128 0x12
ARM GAS  /tmp/cchxZ3Ge.s 			page 38


 2110 0bf8 5E030000 		.4byte	0x35e
 2111 0bfc 070C0000 		.4byte	0xc07
 2112 0c00 13       		.uleb128 0x13
 2113 0c01 2D000000 		.4byte	0x2d
 2114 0c05 14       		.byte	0x14
 2115 0c06 00       		.byte	0
 2116 0c07 0D       		.uleb128 0xd
 2117 0c08 F70B0000 		.4byte	0xbf7
 2118 0c0c 11       		.uleb128 0x11
 2119 0c0d A8030000 		.4byte	.LASF131
 2120 0c11 89       		.byte	0x89
 2121 0c12 20010000 		.4byte	0x120
 2122 0c16 00000000 		.4byte	.LFB211
 2123 0c1a 38000000 		.4byte	.LFE211-.LFB211
 2124 0c1e 01       		.uleb128 0x1
 2125 0c1f 9C       		.byte	0x9c
 2126 0c20 740C0000 		.4byte	0xc74
 2127 0c24 0E       		.uleb128 0xe
 2128 0c25 A4020000 		.4byte	.LASF122
 2129 0c29 89       		.byte	0x89
 2130 0c2a 22       		.byte	0x22
 2131 0c2b E4070000 		.4byte	0x7e4
 2132 0c2f 14010000 		.4byte	.LLST4
 2133 0c33 0E010000 		.4byte	.LVUS4
 2134 0c37 09       		.uleb128 0x9
 2135 0c38 666E3400 		.ascii	"fn4\000"
 2136 0c3c 8A       		.byte	0x8a
 2137 0c3d 12       		.byte	0x12
 2138 0c3e 6E080000 		.4byte	0x86e
 2139 0c42 01       		.uleb128 0x1
 2140 0c43 5E       		.byte	0x5e
 2141 0c44 09       		.uleb128 0x9
 2142 0c45 703100   		.ascii	"p1\000"
 2143 0c48 8B       		.byte	0x8b
 2144 0c49 09       		.byte	0x9
 2145 0c4a 20010000 		.4byte	0x120
 2146 0c4e 01       		.uleb128 0x1
 2147 0c4f 50       		.byte	0x50
 2148 0c50 09       		.uleb128 0x9
 2149 0c51 703200   		.ascii	"p2\000"
 2150 0c54 8C       		.byte	0x8c
 2151 0c55 09       		.byte	0x9
 2152 0c56 20010000 		.4byte	0x120
 2153 0c5a 01       		.uleb128 0x1
 2154 0c5b 51       		.byte	0x51
 2155 0c5c 09       		.uleb128 0x9
 2156 0c5d 703300   		.ascii	"p3\000"
 2157 0c60 8D       		.byte	0x8d
 2158 0c61 09       		.byte	0x9
 2159 0c62 20010000 		.4byte	0x120
 2160 0c66 01       		.uleb128 0x1
 2161 0c67 52       		.byte	0x52
 2162 0c68 0C       		.uleb128 0xc
 2163 0c69 703400   		.ascii	"p4\000"
 2164 0c6c 01       		.byte	0x1
 2165 0c6d 8E       		.byte	0x8e
 2166 0c6e 09       		.byte	0x9
ARM GAS  /tmp/cchxZ3Ge.s 			page 39


 2167 0c6f 20010000 		.4byte	0x120
 2168 0c73 00       		.byte	0
 2169 0c74 11       		.uleb128 0x11
 2170 0c75 96030000 		.4byte	.LASF132
 2171 0c79 7B       		.byte	0x7b
 2172 0c7a 20010000 		.4byte	0x120
 2173 0c7e 00000000 		.4byte	.LFB210
 2174 0c82 34000000 		.4byte	.LFE210-.LFB210
 2175 0c86 01       		.uleb128 0x1
 2176 0c87 9C       		.byte	0x9c
 2177 0c88 D00C0000 		.4byte	0xcd0
 2178 0c8c 0E       		.uleb128 0xe
 2179 0c8d A4020000 		.4byte	.LASF122
 2180 0c91 7B       		.byte	0x7b
 2181 0c92 22       		.byte	0x22
 2182 0c93 E4070000 		.4byte	0x7e4
 2183 0c97 38010000 		.4byte	.LLST3
 2184 0c9b 32010000 		.4byte	.LVUS3
 2185 0c9f 09       		.uleb128 0x9
 2186 0ca0 666E3300 		.ascii	"fn3\000"
 2187 0ca4 7C       		.byte	0x7c
 2188 0ca5 12       		.byte	0x12
 2189 0ca6 44080000 		.4byte	0x844
 2190 0caa 01       		.uleb128 0x1
 2191 0cab 5E       		.byte	0x5e
 2192 0cac 09       		.uleb128 0x9
 2193 0cad 703100   		.ascii	"p1\000"
 2194 0cb0 7D       		.byte	0x7d
 2195 0cb1 09       		.byte	0x9
 2196 0cb2 20010000 		.4byte	0x120
 2197 0cb6 01       		.uleb128 0x1
 2198 0cb7 50       		.byte	0x50
 2199 0cb8 09       		.uleb128 0x9
 2200 0cb9 703200   		.ascii	"p2\000"
 2201 0cbc 7E       		.byte	0x7e
 2202 0cbd 09       		.byte	0x9
 2203 0cbe 20010000 		.4byte	0x120
 2204 0cc2 01       		.uleb128 0x1
 2205 0cc3 51       		.byte	0x51
 2206 0cc4 0C       		.uleb128 0xc
 2207 0cc5 703300   		.ascii	"p3\000"
 2208 0cc8 01       		.byte	0x1
 2209 0cc9 7F       		.byte	0x7f
 2210 0cca 09       		.byte	0x9
 2211 0ccb 20010000 		.4byte	0x120
 2212 0ccf 00       		.byte	0
 2213 0cd0 11       		.uleb128 0x11
 2214 0cd1 84030000 		.4byte	.LASF133
 2215 0cd5 6E       		.byte	0x6e
 2216 0cd6 20010000 		.4byte	0x120
 2217 0cda 00000000 		.4byte	.LFB209
 2218 0cde 34000000 		.4byte	.LFE209-.LFB209
 2219 0ce2 01       		.uleb128 0x1
 2220 0ce3 9C       		.byte	0x9c
 2221 0ce4 200D0000 		.4byte	0xd20
 2222 0ce8 0E       		.uleb128 0xe
 2223 0ce9 A4020000 		.4byte	.LASF122
ARM GAS  /tmp/cchxZ3Ge.s 			page 40


 2224 0ced 6E       		.byte	0x6e
 2225 0cee 22       		.byte	0x22
 2226 0cef E4070000 		.4byte	0x7e4
 2227 0cf3 5C010000 		.4byte	.LLST2
 2228 0cf7 56010000 		.4byte	.LVUS2
 2229 0cfb 09       		.uleb128 0x9
 2230 0cfc 666E3200 		.ascii	"fn2\000"
 2231 0d00 6F       		.byte	0x6f
 2232 0d01 12       		.byte	0x12
 2233 0d02 1F080000 		.4byte	0x81f
 2234 0d06 01       		.uleb128 0x1
 2235 0d07 5E       		.byte	0x5e
 2236 0d08 09       		.uleb128 0x9
 2237 0d09 703100   		.ascii	"p1\000"
 2238 0d0c 70       		.byte	0x70
 2239 0d0d 09       		.byte	0x9
 2240 0d0e 20010000 		.4byte	0x120
 2241 0d12 01       		.uleb128 0x1
 2242 0d13 50       		.byte	0x50
 2243 0d14 0C       		.uleb128 0xc
 2244 0d15 703200   		.ascii	"p2\000"
 2245 0d18 01       		.byte	0x1
 2246 0d19 71       		.byte	0x71
 2247 0d1a 09       		.byte	0x9
 2248 0d1b 20010000 		.4byte	0x120
 2249 0d1f 00       		.byte	0
 2250 0d20 11       		.uleb128 0x11
 2251 0d21 72030000 		.4byte	.LASF134
 2252 0d25 62       		.byte	0x62
 2253 0d26 20010000 		.4byte	0x120
 2254 0d2a 00000000 		.4byte	.LFB208
 2255 0d2e 20000000 		.4byte	.LFE208-.LFB208
 2256 0d32 01       		.uleb128 0x1
 2257 0d33 9C       		.byte	0x9c
 2258 0d34 640D0000 		.4byte	0xd64
 2259 0d38 0E       		.uleb128 0xe
 2260 0d39 A4020000 		.4byte	.LASF122
 2261 0d3d 62       		.byte	0x62
 2262 0d3e 22       		.byte	0x22
 2263 0d3f E4070000 		.4byte	0x7e4
 2264 0d43 80010000 		.4byte	.LLST1
 2265 0d47 7A010000 		.4byte	.LVUS1
 2266 0d4b 09       		.uleb128 0x9
 2267 0d4c 666E3100 		.ascii	"fn1\000"
 2268 0d50 63       		.byte	0x63
 2269 0d51 12       		.byte	0x12
 2270 0d52 FF070000 		.4byte	0x7ff
 2271 0d56 01       		.uleb128 0x1
 2272 0d57 51       		.byte	0x51
 2273 0d58 0C       		.uleb128 0xc
 2274 0d59 703100   		.ascii	"p1\000"
 2275 0d5c 01       		.byte	0x1
 2276 0d5d 64       		.byte	0x64
 2277 0d5e 09       		.byte	0x9
 2278 0d5f 20010000 		.4byte	0x120
 2279 0d63 00       		.byte	0
 2280 0d64 11       		.uleb128 0x11
ARM GAS  /tmp/cchxZ3Ge.s 			page 41


 2281 0d65 60030000 		.4byte	.LASF135
 2282 0d69 57       		.byte	0x57
 2283 0d6a 20010000 		.4byte	0x120
 2284 0d6e 00000000 		.4byte	.LFB207
 2285 0d72 14000000 		.4byte	.LFE207-.LFB207
 2286 0d76 01       		.uleb128 0x1
 2287 0d77 9C       		.byte	0x9c
 2288 0d78 9C0D0000 		.4byte	0xd9c
 2289 0d7c 0E       		.uleb128 0xe
 2290 0d7d A4020000 		.4byte	.LASF122
 2291 0d81 57       		.byte	0x57
 2292 0d82 22       		.byte	0x22
 2293 0d83 E4070000 		.4byte	0x7e4
 2294 0d87 A2010000 		.4byte	.LLST0
 2295 0d8b 9E010000 		.4byte	.LVUS0
 2296 0d8f 0C       		.uleb128 0xc
 2297 0d90 666E3000 		.ascii	"fn0\000"
 2298 0d94 01       		.byte	0x1
 2299 0d95 58       		.byte	0x58
 2300 0d96 12       		.byte	0x12
 2301 0d97 E9070000 		.4byte	0x7e9
 2302 0d9b 00       		.byte	0
 2303 0d9c 1D       		.uleb128 0x1d
 2304 0d9d 8A010000 		.4byte	.LASF137
 2305 0da1 BC       		.byte	0xbc
 2306 0da2 15       		.byte	0x15
 2307 0da3 20010000 		.4byte	0x120
 2308 0da7 C00D0000 		.4byte	0xdc0
 2309 0dab 39       		.uleb128 0x39
 2310 0dac 747000   		.ascii	"tp\000"
 2311 0daf 02       		.byte	0x2
 2312 0db0 BC       		.byte	0xbc
 2313 0db1 28       		.byte	0x28
 2314 0db2 C4050000 		.4byte	0x5c4
 2315 0db6 1C       		.uleb128 0x1c
 2316 0db7 68070000 		.4byte	.LASF136
 2317 0dbb D00D0000 		.4byte	0xdd0
 2318 0dbf 00       		.byte	0
 2319 0dc0 12       		.uleb128 0x12
 2320 0dc1 5E030000 		.4byte	0x35e
 2321 0dc5 D00D0000 		.4byte	0xdd0
 2322 0dc9 13       		.uleb128 0x13
 2323 0dca 2D000000 		.4byte	0x2d
 2324 0dce 08       		.byte	0x8
 2325 0dcf 00       		.byte	0
 2326 0dd0 0D       		.uleb128 0xd
 2327 0dd1 C00D0000 		.4byte	0xdc0
 2328 0dd5 1D       		.uleb128 0x1d
 2329 0dd6 48040000 		.4byte	.LASF138
 2330 0dda 7E       		.byte	0x7e
 2331 0ddb 19       		.byte	0x19
 2332 0ddc C4050000 		.4byte	0x5c4
 2333 0de0 FC0D0000 		.4byte	0xdfc
 2334 0de4 3A       		.uleb128 0x3a
 2335 0de5 93060000 		.4byte	.LASF128
 2336 0de9 02       		.byte	0x2
 2337 0dea 7E       		.byte	0x7e
ARM GAS  /tmp/cchxZ3Ge.s 			page 42


 2338 0deb 38       		.byte	0x38
 2339 0dec 80030000 		.4byte	0x380
 2340 0df0 0C       		.uleb128 0xc
 2341 0df1 747000   		.ascii	"tp\000"
 2342 0df4 02       		.byte	0x2
 2343 0df5 7F       		.byte	0x7f
 2344 0df6 0D       		.byte	0xd
 2345 0df7 C4050000 		.4byte	0x5c4
 2346 0dfb 00       		.byte	0
 2347 0dfc 1D       		.uleb128 0x1d
 2348 0dfd 24030000 		.4byte	.LASF139
 2349 0e01 5E       		.byte	0x5e
 2350 0e02 19       		.byte	0x19
 2351 0e03 C4050000 		.4byte	0x5c4
 2352 0e07 170E0000 		.4byte	0xe17
 2353 0e0b 0C       		.uleb128 0xc
 2354 0e0c 747000   		.ascii	"tp\000"
 2355 0e0f 02       		.byte	0x2
 2356 0e10 5F       		.byte	0x5f
 2357 0e11 0D       		.byte	0xd
 2358 0e12 C4050000 		.4byte	0x5c4
 2359 0e16 00       		.byte	0
 2360 0e17 3B       		.uleb128 0x3b
 2361 0e18 AA010000 		.4byte	.LASF150
 2362 0e1c 03       		.byte	0x3
 2363 0e1d 8101     		.2byte	0x181
 2364 0e1f 14       		.byte	0x14
 2365 0e20 03       		.byte	0x3
 2366 0e21 2F0E0000 		.4byte	0xe2f
 2367 0e25 1C       		.uleb128 0x1c
 2368 0e26 68070000 		.4byte	.LASF136
 2369 0e2a 3F0E0000 		.4byte	0xe3f
 2370 0e2e 00       		.byte	0
 2371 0e2f 12       		.uleb128 0x12
 2372 0e30 5E030000 		.4byte	0x35e
 2373 0e34 3F0E0000 		.4byte	0xe3f
 2374 0e38 13       		.uleb128 0x13
 2375 0e39 2D000000 		.4byte	0x2d
 2376 0e3d 0B       		.byte	0xb
 2377 0e3e 00       		.byte	0
 2378 0e3f 0D       		.uleb128 0xd
 2379 0e40 2F0E0000 		.4byte	0xe2f
 2380 0e44 1E       		.uleb128 0x1e
 2381 0e45 5A020000 		.4byte	.LASF140
 2382 0e49 03       		.byte	0x3
 2383 0e4a 7301     		.2byte	0x173
 2384 0e4c 1E       		.uleb128 0x1e
 2385 0e4d 71070000 		.4byte	.LASF141
 2386 0e51 04       		.byte	0x4
 2387 0e52 EF02     		.2byte	0x2ef
 2388 0e54 1E       		.uleb128 0x1e
 2389 0e55 9D000000 		.4byte	.LASF142
 2390 0e59 04       		.byte	0x4
 2391 0e5a E302     		.2byte	0x2e3
 2392 0e5c 00       		.byte	0
 2393              		.section	.debug_abbrev,"",%progbits
 2394              	.Ldebug_abbrev0:
ARM GAS  /tmp/cchxZ3Ge.s 			page 43


 2395 0000 01       		.uleb128 0x1
 2396 0001 16       		.uleb128 0x16
 2397 0002 00       		.byte	0
 2398 0003 03       		.uleb128 0x3
 2399 0004 0E       		.uleb128 0xe
 2400 0005 3A       		.uleb128 0x3a
 2401 0006 0B       		.uleb128 0xb
 2402 0007 3B       		.uleb128 0x3b
 2403 0008 0B       		.uleb128 0xb
 2404 0009 39       		.uleb128 0x39
 2405 000a 0B       		.uleb128 0xb
 2406 000b 49       		.uleb128 0x49
 2407 000c 13       		.uleb128 0x13
 2408 000d 00       		.byte	0
 2409 000e 00       		.byte	0
 2410 000f 02       		.uleb128 0x2
 2411 0010 0D       		.uleb128 0xd
 2412 0011 00       		.byte	0
 2413 0012 03       		.uleb128 0x3
 2414 0013 0E       		.uleb128 0xe
 2415 0014 3A       		.uleb128 0x3a
 2416 0015 0B       		.uleb128 0xb
 2417 0016 3B       		.uleb128 0x3b
 2418 0017 0B       		.uleb128 0xb
 2419 0018 39       		.uleb128 0x39
 2420 0019 0B       		.uleb128 0xb
 2421 001a 49       		.uleb128 0x49
 2422 001b 13       		.uleb128 0x13
 2423 001c 38       		.uleb128 0x38
 2424 001d 0B       		.uleb128 0xb
 2425 001e 00       		.byte	0
 2426 001f 00       		.byte	0
 2427 0020 03       		.uleb128 0x3
 2428 0021 0F       		.uleb128 0xf
 2429 0022 00       		.byte	0
 2430 0023 0B       		.uleb128 0xb
 2431 0024 21       		.uleb128 0x21
 2432 0025 04       		.sleb128 4
 2433 0026 49       		.uleb128 0x49
 2434 0027 13       		.uleb128 0x13
 2435 0028 00       		.byte	0
 2436 0029 00       		.byte	0
 2437 002a 04       		.uleb128 0x4
 2438 002b 0D       		.uleb128 0xd
 2439 002c 00       		.byte	0
 2440 002d 03       		.uleb128 0x3
 2441 002e 0E       		.uleb128 0xe
 2442 002f 3A       		.uleb128 0x3a
 2443 0030 0B       		.uleb128 0xb
 2444 0031 3B       		.uleb128 0x3b
 2445 0032 05       		.uleb128 0x5
 2446 0033 39       		.uleb128 0x39
 2447 0034 0B       		.uleb128 0xb
 2448 0035 49       		.uleb128 0x49
 2449 0036 13       		.uleb128 0x13
 2450 0037 38       		.uleb128 0x38
 2451 0038 0B       		.uleb128 0xb
ARM GAS  /tmp/cchxZ3Ge.s 			page 44


 2452 0039 00       		.byte	0
 2453 003a 00       		.byte	0
 2454 003b 05       		.uleb128 0x5
 2455 003c 05       		.uleb128 0x5
 2456 003d 00       		.byte	0
 2457 003e 49       		.uleb128 0x49
 2458 003f 13       		.uleb128 0x13
 2459 0040 00       		.byte	0
 2460 0041 00       		.byte	0
 2461 0042 06       		.uleb128 0x6
 2462 0043 0D       		.uleb128 0xd
 2463 0044 00       		.byte	0
 2464 0045 03       		.uleb128 0x3
 2465 0046 08       		.uleb128 0x8
 2466 0047 3A       		.uleb128 0x3a
 2467 0048 0B       		.uleb128 0xb
 2468 0049 3B       		.uleb128 0x3b
 2469 004a 05       		.uleb128 0x5
 2470 004b 39       		.uleb128 0x39
 2471 004c 0B       		.uleb128 0xb
 2472 004d 49       		.uleb128 0x49
 2473 004e 13       		.uleb128 0x13
 2474 004f 38       		.uleb128 0x38
 2475 0050 0B       		.uleb128 0xb
 2476 0051 00       		.byte	0
 2477 0052 00       		.byte	0
 2478 0053 07       		.uleb128 0x7
 2479 0054 24       		.uleb128 0x24
 2480 0055 00       		.byte	0
 2481 0056 0B       		.uleb128 0xb
 2482 0057 0B       		.uleb128 0xb
 2483 0058 3E       		.uleb128 0x3e
 2484 0059 0B       		.uleb128 0xb
 2485 005a 03       		.uleb128 0x3
 2486 005b 0E       		.uleb128 0xe
 2487 005c 00       		.byte	0
 2488 005d 00       		.byte	0
 2489 005e 08       		.uleb128 0x8
 2490 005f 13       		.uleb128 0x13
 2491 0060 01       		.byte	0x1
 2492 0061 03       		.uleb128 0x3
 2493 0062 0E       		.uleb128 0xe
 2494 0063 0B       		.uleb128 0xb
 2495 0064 0B       		.uleb128 0xb
 2496 0065 3A       		.uleb128 0x3a
 2497 0066 0B       		.uleb128 0xb
 2498 0067 3B       		.uleb128 0x3b
 2499 0068 0B       		.uleb128 0xb
 2500 0069 39       		.uleb128 0x39
 2501 006a 0B       		.uleb128 0xb
 2502 006b 01       		.uleb128 0x1
 2503 006c 13       		.uleb128 0x13
 2504 006d 00       		.byte	0
 2505 006e 00       		.byte	0
 2506 006f 09       		.uleb128 0x9
 2507 0070 34       		.uleb128 0x34
 2508 0071 00       		.byte	0
ARM GAS  /tmp/cchxZ3Ge.s 			page 45


 2509 0072 03       		.uleb128 0x3
 2510 0073 08       		.uleb128 0x8
 2511 0074 3A       		.uleb128 0x3a
 2512 0075 21       		.uleb128 0x21
 2513 0076 01       		.sleb128 1
 2514 0077 3B       		.uleb128 0x3b
 2515 0078 0B       		.uleb128 0xb
 2516 0079 39       		.uleb128 0x39
 2517 007a 0B       		.uleb128 0xb
 2518 007b 49       		.uleb128 0x49
 2519 007c 13       		.uleb128 0x13
 2520 007d 02       		.uleb128 0x2
 2521 007e 18       		.uleb128 0x18
 2522 007f 00       		.byte	0
 2523 0080 00       		.byte	0
 2524 0081 0A       		.uleb128 0xa
 2525 0082 0D       		.uleb128 0xd
 2526 0083 00       		.byte	0
 2527 0084 03       		.uleb128 0x3
 2528 0085 0E       		.uleb128 0xe
 2529 0086 3A       		.uleb128 0x3a
 2530 0087 21       		.uleb128 0x21
 2531 0088 09       		.sleb128 9
 2532 0089 3B       		.uleb128 0x3b
 2533 008a 05       		.uleb128 0x5
 2534 008b 39       		.uleb128 0x39
 2535 008c 0B       		.uleb128 0xb
 2536 008d 49       		.uleb128 0x49
 2537 008e 13       		.uleb128 0x13
 2538 008f 00       		.byte	0
 2539 0090 00       		.byte	0
 2540 0091 0B       		.uleb128 0xb
 2541 0092 34       		.uleb128 0x34
 2542 0093 00       		.byte	0
 2543 0094 03       		.uleb128 0x3
 2544 0095 08       		.uleb128 0x8
 2545 0096 3A       		.uleb128 0x3a
 2546 0097 21       		.uleb128 0x21
 2547 0098 01       		.sleb128 1
 2548 0099 3B       		.uleb128 0x3b
 2549 009a 0B       		.uleb128 0xb
 2550 009b 39       		.uleb128 0x39
 2551 009c 0B       		.uleb128 0xb
 2552 009d 49       		.uleb128 0x49
 2553 009e 13       		.uleb128 0x13
 2554 009f 02       		.uleb128 0x2
 2555 00a0 17       		.uleb128 0x17
 2556 00a1 B742     		.uleb128 0x2137
 2557 00a3 17       		.uleb128 0x17
 2558 00a4 00       		.byte	0
 2559 00a5 00       		.byte	0
 2560 00a6 0C       		.uleb128 0xc
 2561 00a7 34       		.uleb128 0x34
 2562 00a8 00       		.byte	0
 2563 00a9 03       		.uleb128 0x3
 2564 00aa 08       		.uleb128 0x8
 2565 00ab 3A       		.uleb128 0x3a
ARM GAS  /tmp/cchxZ3Ge.s 			page 46


 2566 00ac 0B       		.uleb128 0xb
 2567 00ad 3B       		.uleb128 0x3b
 2568 00ae 0B       		.uleb128 0xb
 2569 00af 39       		.uleb128 0x39
 2570 00b0 0B       		.uleb128 0xb
 2571 00b1 49       		.uleb128 0x49
 2572 00b2 13       		.uleb128 0x13
 2573 00b3 00       		.byte	0
 2574 00b4 00       		.byte	0
 2575 00b5 0D       		.uleb128 0xd
 2576 00b6 26       		.uleb128 0x26
 2577 00b7 00       		.byte	0
 2578 00b8 49       		.uleb128 0x49
 2579 00b9 13       		.uleb128 0x13
 2580 00ba 00       		.byte	0
 2581 00bb 00       		.byte	0
 2582 00bc 0E       		.uleb128 0xe
 2583 00bd 05       		.uleb128 0x5
 2584 00be 00       		.byte	0
 2585 00bf 03       		.uleb128 0x3
 2586 00c0 0E       		.uleb128 0xe
 2587 00c1 3A       		.uleb128 0x3a
 2588 00c2 21       		.uleb128 0x21
 2589 00c3 01       		.sleb128 1
 2590 00c4 3B       		.uleb128 0x3b
 2591 00c5 0B       		.uleb128 0xb
 2592 00c6 39       		.uleb128 0x39
 2593 00c7 0B       		.uleb128 0xb
 2594 00c8 49       		.uleb128 0x49
 2595 00c9 13       		.uleb128 0x13
 2596 00ca 02       		.uleb128 0x2
 2597 00cb 17       		.uleb128 0x17
 2598 00cc B742     		.uleb128 0x2137
 2599 00ce 17       		.uleb128 0x17
 2600 00cf 00       		.byte	0
 2601 00d0 00       		.byte	0
 2602 00d1 0F       		.uleb128 0xf
 2603 00d2 13       		.uleb128 0x13
 2604 00d3 01       		.byte	0x1
 2605 00d4 03       		.uleb128 0x3
 2606 00d5 0E       		.uleb128 0xe
 2607 00d6 0B       		.uleb128 0xb
 2608 00d7 0B       		.uleb128 0xb
 2609 00d8 3A       		.uleb128 0x3a
 2610 00d9 0B       		.uleb128 0xb
 2611 00da 3B       		.uleb128 0x3b
 2612 00db 05       		.uleb128 0x5
 2613 00dc 39       		.uleb128 0x39
 2614 00dd 0B       		.uleb128 0xb
 2615 00de 01       		.uleb128 0x1
 2616 00df 13       		.uleb128 0x13
 2617 00e0 00       		.byte	0
 2618 00e1 00       		.byte	0
 2619 00e2 10       		.uleb128 0x10
 2620 00e3 15       		.uleb128 0x15
 2621 00e4 01       		.byte	0x1
 2622 00e5 27       		.uleb128 0x27
ARM GAS  /tmp/cchxZ3Ge.s 			page 47


 2623 00e6 19       		.uleb128 0x19
 2624 00e7 49       		.uleb128 0x49
 2625 00e8 13       		.uleb128 0x13
 2626 00e9 01       		.uleb128 0x1
 2627 00ea 13       		.uleb128 0x13
 2628 00eb 00       		.byte	0
 2629 00ec 00       		.byte	0
 2630 00ed 11       		.uleb128 0x11
 2631 00ee 2E       		.uleb128 0x2e
 2632 00ef 01       		.byte	0x1
 2633 00f0 3F       		.uleb128 0x3f
 2634 00f1 19       		.uleb128 0x19
 2635 00f2 03       		.uleb128 0x3
 2636 00f3 0E       		.uleb128 0xe
 2637 00f4 3A       		.uleb128 0x3a
 2638 00f5 21       		.uleb128 0x21
 2639 00f6 01       		.sleb128 1
 2640 00f7 3B       		.uleb128 0x3b
 2641 00f8 0B       		.uleb128 0xb
 2642 00f9 39       		.uleb128 0x39
 2643 00fa 21       		.uleb128 0x21
 2644 00fb 07       		.sleb128 7
 2645 00fc 27       		.uleb128 0x27
 2646 00fd 19       		.uleb128 0x19
 2647 00fe 49       		.uleb128 0x49
 2648 00ff 13       		.uleb128 0x13
 2649 0100 11       		.uleb128 0x11
 2650 0101 01       		.uleb128 0x1
 2651 0102 12       		.uleb128 0x12
 2652 0103 06       		.uleb128 0x6
 2653 0104 40       		.uleb128 0x40
 2654 0105 18       		.uleb128 0x18
 2655 0106 01       		.uleb128 0x1
 2656 0107 13       		.uleb128 0x13
 2657 0108 00       		.byte	0
 2658 0109 00       		.byte	0
 2659 010a 12       		.uleb128 0x12
 2660 010b 01       		.uleb128 0x1
 2661 010c 01       		.byte	0x1
 2662 010d 49       		.uleb128 0x49
 2663 010e 13       		.uleb128 0x13
 2664 010f 01       		.uleb128 0x1
 2665 0110 13       		.uleb128 0x13
 2666 0111 00       		.byte	0
 2667 0112 00       		.byte	0
 2668 0113 13       		.uleb128 0x13
 2669 0114 21       		.uleb128 0x21
 2670 0115 00       		.byte	0
 2671 0116 49       		.uleb128 0x49
 2672 0117 13       		.uleb128 0x13
 2673 0118 2F       		.uleb128 0x2f
 2674 0119 0B       		.uleb128 0xb
 2675 011a 00       		.byte	0
 2676 011b 00       		.byte	0
 2677 011c 14       		.uleb128 0x14
 2678 011d 1D       		.uleb128 0x1d
 2679 011e 01       		.byte	0x1
ARM GAS  /tmp/cchxZ3Ge.s 			page 48


 2680 011f 31       		.uleb128 0x31
 2681 0120 13       		.uleb128 0x13
 2682 0121 52       		.uleb128 0x52
 2683 0122 01       		.uleb128 0x1
 2684 0123 B842     		.uleb128 0x2138
 2685 0125 0B       		.uleb128 0xb
 2686 0126 55       		.uleb128 0x55
 2687 0127 17       		.uleb128 0x17
 2688 0128 58       		.uleb128 0x58
 2689 0129 0B       		.uleb128 0xb
 2690 012a 59       		.uleb128 0x59
 2691 012b 0B       		.uleb128 0xb
 2692 012c 57       		.uleb128 0x57
 2693 012d 0B       		.uleb128 0xb
 2694 012e 01       		.uleb128 0x1
 2695 012f 13       		.uleb128 0x13
 2696 0130 00       		.byte	0
 2697 0131 00       		.byte	0
 2698 0132 15       		.uleb128 0x15
 2699 0133 1D       		.uleb128 0x1d
 2700 0134 01       		.byte	0x1
 2701 0135 31       		.uleb128 0x31
 2702 0136 13       		.uleb128 0x13
 2703 0137 52       		.uleb128 0x52
 2704 0138 01       		.uleb128 0x1
 2705 0139 B842     		.uleb128 0x2138
 2706 013b 0B       		.uleb128 0xb
 2707 013c 11       		.uleb128 0x11
 2708 013d 01       		.uleb128 0x1
 2709 013e 12       		.uleb128 0x12
 2710 013f 06       		.uleb128 0x6
 2711 0140 58       		.uleb128 0x58
 2712 0141 0B       		.uleb128 0xb
 2713 0142 59       		.uleb128 0x59
 2714 0143 0B       		.uleb128 0xb
 2715 0144 57       		.uleb128 0x57
 2716 0145 0B       		.uleb128 0xb
 2717 0146 01       		.uleb128 0x1
 2718 0147 13       		.uleb128 0x13
 2719 0148 00       		.byte	0
 2720 0149 00       		.byte	0
 2721 014a 16       		.uleb128 0x16
 2722 014b 49       		.uleb128 0x49
 2723 014c 00       		.byte	0
 2724 014d 02       		.uleb128 0x2
 2725 014e 18       		.uleb128 0x18
 2726 014f 7E       		.uleb128 0x7e
 2727 0150 18       		.uleb128 0x18
 2728 0151 00       		.byte	0
 2729 0152 00       		.byte	0
 2730 0153 17       		.uleb128 0x17
 2731 0154 35       		.uleb128 0x35
 2732 0155 00       		.byte	0
 2733 0156 49       		.uleb128 0x49
 2734 0157 13       		.uleb128 0x13
 2735 0158 00       		.byte	0
 2736 0159 00       		.byte	0
ARM GAS  /tmp/cchxZ3Ge.s 			page 49


 2737 015a 18       		.uleb128 0x18
 2738 015b 0D       		.uleb128 0xd
 2739 015c 00       		.byte	0
 2740 015d 03       		.uleb128 0x3
 2741 015e 08       		.uleb128 0x8
 2742 015f 3A       		.uleb128 0x3a
 2743 0160 0B       		.uleb128 0xb
 2744 0161 3B       		.uleb128 0x3b
 2745 0162 0B       		.uleb128 0xb
 2746 0163 39       		.uleb128 0x39
 2747 0164 0B       		.uleb128 0xb
 2748 0165 49       		.uleb128 0x49
 2749 0166 13       		.uleb128 0x13
 2750 0167 38       		.uleb128 0x38
 2751 0168 0B       		.uleb128 0xb
 2752 0169 00       		.byte	0
 2753 016a 00       		.byte	0
 2754 016b 19       		.uleb128 0x19
 2755 016c 0D       		.uleb128 0xd
 2756 016d 00       		.byte	0
 2757 016e 03       		.uleb128 0x3
 2758 016f 0E       		.uleb128 0xe
 2759 0170 3A       		.uleb128 0x3a
 2760 0171 21       		.uleb128 0x21
 2761 0172 09       		.sleb128 9
 2762 0173 3B       		.uleb128 0x3b
 2763 0174 0B       		.uleb128 0xb
 2764 0175 39       		.uleb128 0x39
 2765 0176 21       		.uleb128 0x21
 2766 0177 21       		.sleb128 33
 2767 0178 49       		.uleb128 0x49
 2768 0179 13       		.uleb128 0x13
 2769 017a 00       		.byte	0
 2770 017b 00       		.byte	0
 2771 017c 1A       		.uleb128 0x1a
 2772 017d 05       		.uleb128 0x5
 2773 017e 00       		.byte	0
 2774 017f 31       		.uleb128 0x31
 2775 0180 13       		.uleb128 0x13
 2776 0181 02       		.uleb128 0x2
 2777 0182 17       		.uleb128 0x17
 2778 0183 B742     		.uleb128 0x2137
 2779 0185 17       		.uleb128 0x17
 2780 0186 00       		.byte	0
 2781 0187 00       		.byte	0
 2782 0188 1B       		.uleb128 0x1b
 2783 0189 48       		.uleb128 0x48
 2784 018a 01       		.byte	0x1
 2785 018b 7D       		.uleb128 0x7d
 2786 018c 01       		.uleb128 0x1
 2787 018d 7F       		.uleb128 0x7f
 2788 018e 13       		.uleb128 0x13
 2789 018f 00       		.byte	0
 2790 0190 00       		.byte	0
 2791 0191 1C       		.uleb128 0x1c
 2792 0192 34       		.uleb128 0x34
 2793 0193 00       		.byte	0
ARM GAS  /tmp/cchxZ3Ge.s 			page 50


 2794 0194 03       		.uleb128 0x3
 2795 0195 0E       		.uleb128 0xe
 2796 0196 49       		.uleb128 0x49
 2797 0197 13       		.uleb128 0x13
 2798 0198 34       		.uleb128 0x34
 2799 0199 19       		.uleb128 0x19
 2800 019a 00       		.byte	0
 2801 019b 00       		.byte	0
 2802 019c 1D       		.uleb128 0x1d
 2803 019d 2E       		.uleb128 0x2e
 2804 019e 01       		.byte	0x1
 2805 019f 03       		.uleb128 0x3
 2806 01a0 0E       		.uleb128 0xe
 2807 01a1 3A       		.uleb128 0x3a
 2808 01a2 21       		.uleb128 0x21
 2809 01a3 02       		.sleb128 2
 2810 01a4 3B       		.uleb128 0x3b
 2811 01a5 0B       		.uleb128 0xb
 2812 01a6 39       		.uleb128 0x39
 2813 01a7 0B       		.uleb128 0xb
 2814 01a8 27       		.uleb128 0x27
 2815 01a9 19       		.uleb128 0x19
 2816 01aa 49       		.uleb128 0x49
 2817 01ab 13       		.uleb128 0x13
 2818 01ac 20       		.uleb128 0x20
 2819 01ad 21       		.uleb128 0x21
 2820 01ae 03       		.sleb128 3
 2821 01af 01       		.uleb128 0x1
 2822 01b0 13       		.uleb128 0x13
 2823 01b1 00       		.byte	0
 2824 01b2 00       		.byte	0
 2825 01b3 1E       		.uleb128 0x1e
 2826 01b4 2E       		.uleb128 0x2e
 2827 01b5 00       		.byte	0
 2828 01b6 03       		.uleb128 0x3
 2829 01b7 0E       		.uleb128 0xe
 2830 01b8 3A       		.uleb128 0x3a
 2831 01b9 0B       		.uleb128 0xb
 2832 01ba 3B       		.uleb128 0x3b
 2833 01bb 05       		.uleb128 0x5
 2834 01bc 39       		.uleb128 0x39
 2835 01bd 21       		.uleb128 0x21
 2836 01be 14       		.sleb128 20
 2837 01bf 27       		.uleb128 0x27
 2838 01c0 19       		.uleb128 0x19
 2839 01c1 20       		.uleb128 0x20
 2840 01c2 21       		.uleb128 0x21
 2841 01c3 03       		.sleb128 3
 2842 01c4 00       		.byte	0
 2843 01c5 00       		.byte	0
 2844 01c6 1F       		.uleb128 0x1f
 2845 01c7 17       		.uleb128 0x17
 2846 01c8 01       		.byte	0x1
 2847 01c9 0B       		.uleb128 0xb
 2848 01ca 0B       		.uleb128 0xb
 2849 01cb 3A       		.uleb128 0x3a
 2850 01cc 21       		.uleb128 0x21
ARM GAS  /tmp/cchxZ3Ge.s 			page 51


 2851 01cd 09       		.sleb128 9
 2852 01ce 3B       		.uleb128 0x3b
 2853 01cf 0B       		.uleb128 0xb
 2854 01d0 39       		.uleb128 0x39
 2855 01d1 21       		.uleb128 0x21
 2856 01d2 03       		.sleb128 3
 2857 01d3 01       		.uleb128 0x1
 2858 01d4 13       		.uleb128 0x13
 2859 01d5 00       		.byte	0
 2860 01d6 00       		.byte	0
 2861 01d7 20       		.uleb128 0x20
 2862 01d8 16       		.uleb128 0x16
 2863 01d9 00       		.byte	0
 2864 01da 03       		.uleb128 0x3
 2865 01db 0E       		.uleb128 0xe
 2866 01dc 3A       		.uleb128 0x3a
 2867 01dd 21       		.uleb128 0x21
 2868 01de 09       		.sleb128 9
 2869 01df 3B       		.uleb128 0x3b
 2870 01e0 05       		.uleb128 0x5
 2871 01e1 39       		.uleb128 0x39
 2872 01e2 21       		.uleb128 0x21
 2873 01e3 03       		.sleb128 3
 2874 01e4 49       		.uleb128 0x49
 2875 01e5 13       		.uleb128 0x13
 2876 01e6 00       		.byte	0
 2877 01e7 00       		.byte	0
 2878 01e8 21       		.uleb128 0x21
 2879 01e9 2E       		.uleb128 0x2e
 2880 01ea 01       		.byte	0x1
 2881 01eb 3F       		.uleb128 0x3f
 2882 01ec 19       		.uleb128 0x19
 2883 01ed 03       		.uleb128 0x3
 2884 01ee 0E       		.uleb128 0xe
 2885 01ef 3A       		.uleb128 0x3a
 2886 01f0 21       		.uleb128 0x21
 2887 01f1 02       		.sleb128 2
 2888 01f2 3B       		.uleb128 0x3b
 2889 01f3 0B       		.uleb128 0xb
 2890 01f4 39       		.uleb128 0x39
 2891 01f5 0B       		.uleb128 0xb
 2892 01f6 27       		.uleb128 0x27
 2893 01f7 19       		.uleb128 0x19
 2894 01f8 49       		.uleb128 0x49
 2895 01f9 13       		.uleb128 0x13
 2896 01fa 3C       		.uleb128 0x3c
 2897 01fb 19       		.uleb128 0x19
 2898 01fc 01       		.uleb128 0x1
 2899 01fd 13       		.uleb128 0x13
 2900 01fe 00       		.byte	0
 2901 01ff 00       		.byte	0
 2902 0200 22       		.uleb128 0x22
 2903 0201 0B       		.uleb128 0xb
 2904 0202 01       		.byte	0x1
 2905 0203 55       		.uleb128 0x55
 2906 0204 17       		.uleb128 0x17
 2907 0205 00       		.byte	0
ARM GAS  /tmp/cchxZ3Ge.s 			page 52


 2908 0206 00       		.byte	0
 2909 0207 23       		.uleb128 0x23
 2910 0208 34       		.uleb128 0x34
 2911 0209 00       		.byte	0
 2912 020a 31       		.uleb128 0x31
 2913 020b 13       		.uleb128 0x13
 2914 020c 02       		.uleb128 0x2
 2915 020d 17       		.uleb128 0x17
 2916 020e B742     		.uleb128 0x2137
 2917 0210 17       		.uleb128 0x17
 2918 0211 00       		.byte	0
 2919 0212 00       		.byte	0
 2920 0213 24       		.uleb128 0x24
 2921 0214 1D       		.uleb128 0x1d
 2922 0215 00       		.byte	0
 2923 0216 31       		.uleb128 0x31
 2924 0217 13       		.uleb128 0x13
 2925 0218 52       		.uleb128 0x52
 2926 0219 01       		.uleb128 0x1
 2927 021a B842     		.uleb128 0x2138
 2928 021c 0B       		.uleb128 0xb
 2929 021d 55       		.uleb128 0x55
 2930 021e 17       		.uleb128 0x17
 2931 021f 58       		.uleb128 0x58
 2932 0220 21       		.uleb128 0x21
 2933 0221 03       		.sleb128 3
 2934 0222 59       		.uleb128 0x59
 2935 0223 21       		.uleb128 0x21
 2936 0224 F502     		.sleb128 373
 2937 0226 57       		.uleb128 0x57
 2938 0227 21       		.uleb128 0x21
 2939 0228 03       		.sleb128 3
 2940 0229 00       		.byte	0
 2941 022a 00       		.byte	0
 2942 022b 25       		.uleb128 0x25
 2943 022c 1D       		.uleb128 0x1d
 2944 022d 00       		.byte	0
 2945 022e 31       		.uleb128 0x31
 2946 022f 13       		.uleb128 0x13
 2947 0230 52       		.uleb128 0x52
 2948 0231 01       		.uleb128 0x1
 2949 0232 B842     		.uleb128 0x2138
 2950 0234 0B       		.uleb128 0xb
 2951 0235 11       		.uleb128 0x11
 2952 0236 01       		.uleb128 0x1
 2953 0237 12       		.uleb128 0x12
 2954 0238 06       		.uleb128 0x6
 2955 0239 58       		.uleb128 0x58
 2956 023a 21       		.uleb128 0x21
 2957 023b 03       		.sleb128 3
 2958 023c 59       		.uleb128 0x59
 2959 023d 21       		.uleb128 0x21
 2960 023e 8E03     		.sleb128 398
 2961 0240 57       		.uleb128 0x57
 2962 0241 21       		.uleb128 0x21
 2963 0242 03       		.sleb128 3
 2964 0243 00       		.byte	0
ARM GAS  /tmp/cchxZ3Ge.s 			page 53


 2965 0244 00       		.byte	0
 2966 0245 26       		.uleb128 0x26
 2967 0246 11       		.uleb128 0x11
 2968 0247 01       		.byte	0x1
 2969 0248 25       		.uleb128 0x25
 2970 0249 0E       		.uleb128 0xe
 2971 024a 13       		.uleb128 0x13
 2972 024b 0B       		.uleb128 0xb
 2973 024c 03       		.uleb128 0x3
 2974 024d 0E       		.uleb128 0xe
 2975 024e 1B       		.uleb128 0x1b
 2976 024f 0E       		.uleb128 0xe
 2977 0250 55       		.uleb128 0x55
 2978 0251 17       		.uleb128 0x17
 2979 0252 11       		.uleb128 0x11
 2980 0253 01       		.uleb128 0x1
 2981 0254 10       		.uleb128 0x10
 2982 0255 17       		.uleb128 0x17
 2983 0256 00       		.byte	0
 2984 0257 00       		.byte	0
 2985 0258 27       		.uleb128 0x27
 2986 0259 24       		.uleb128 0x24
 2987 025a 00       		.byte	0
 2988 025b 0B       		.uleb128 0xb
 2989 025c 0B       		.uleb128 0xb
 2990 025d 3E       		.uleb128 0x3e
 2991 025e 0B       		.uleb128 0xb
 2992 025f 03       		.uleb128 0x3
 2993 0260 08       		.uleb128 0x8
 2994 0261 00       		.byte	0
 2995 0262 00       		.byte	0
 2996 0263 28       		.uleb128 0x28
 2997 0264 0F       		.uleb128 0xf
 2998 0265 00       		.byte	0
 2999 0266 0B       		.uleb128 0xb
 3000 0267 0B       		.uleb128 0xb
 3001 0268 00       		.byte	0
 3002 0269 00       		.byte	0
 3003 026a 29       		.uleb128 0x29
 3004 026b 15       		.uleb128 0x15
 3005 026c 01       		.byte	0x1
 3006 026d 27       		.uleb128 0x27
 3007 026e 19       		.uleb128 0x19
 3008 026f 01       		.uleb128 0x1
 3009 0270 13       		.uleb128 0x13
 3010 0271 00       		.byte	0
 3011 0272 00       		.byte	0
 3012 0273 2A       		.uleb128 0x2a
 3013 0274 13       		.uleb128 0x13
 3014 0275 01       		.byte	0x1
 3015 0276 03       		.uleb128 0x3
 3016 0277 0E       		.uleb128 0xe
 3017 0278 0B       		.uleb128 0xb
 3018 0279 0B       		.uleb128 0xb
 3019 027a 3A       		.uleb128 0x3a
 3020 027b 0B       		.uleb128 0xb
 3021 027c 3B       		.uleb128 0x3b
ARM GAS  /tmp/cchxZ3Ge.s 			page 54


 3022 027d 0B       		.uleb128 0xb
 3023 027e 01       		.uleb128 0x1
 3024 027f 13       		.uleb128 0x13
 3025 0280 00       		.byte	0
 3026 0281 00       		.byte	0
 3027 0282 2B       		.uleb128 0x2b
 3028 0283 0D       		.uleb128 0xd
 3029 0284 00       		.byte	0
 3030 0285 03       		.uleb128 0x3
 3031 0286 0E       		.uleb128 0xe
 3032 0287 49       		.uleb128 0x49
 3033 0288 13       		.uleb128 0x13
 3034 0289 38       		.uleb128 0x38
 3035 028a 0B       		.uleb128 0xb
 3036 028b 34       		.uleb128 0x34
 3037 028c 19       		.uleb128 0x19
 3038 028d 00       		.byte	0
 3039 028e 00       		.byte	0
 3040 028f 2C       		.uleb128 0x2c
 3041 0290 15       		.uleb128 0x15
 3042 0291 00       		.byte	0
 3043 0292 27       		.uleb128 0x27
 3044 0293 19       		.uleb128 0x19
 3045 0294 49       		.uleb128 0x49
 3046 0295 13       		.uleb128 0x13
 3047 0296 00       		.byte	0
 3048 0297 00       		.byte	0
 3049 0298 2D       		.uleb128 0x2d
 3050 0299 13       		.uleb128 0x13
 3051 029a 01       		.byte	0x1
 3052 029b 0B       		.uleb128 0xb
 3053 029c 0B       		.uleb128 0xb
 3054 029d 3A       		.uleb128 0x3a
 3055 029e 0B       		.uleb128 0xb
 3056 029f 3B       		.uleb128 0x3b
 3057 02a0 0B       		.uleb128 0xb
 3058 02a1 39       		.uleb128 0x39
 3059 02a2 0B       		.uleb128 0xb
 3060 02a3 01       		.uleb128 0x1
 3061 02a4 13       		.uleb128 0x13
 3062 02a5 00       		.byte	0
 3063 02a6 00       		.byte	0
 3064 02a7 2E       		.uleb128 0x2e
 3065 02a8 2E       		.uleb128 0x2e
 3066 02a9 00       		.byte	0
 3067 02aa 3F       		.uleb128 0x3f
 3068 02ab 19       		.uleb128 0x19
 3069 02ac 03       		.uleb128 0x3
 3070 02ad 0E       		.uleb128 0xe
 3071 02ae 3A       		.uleb128 0x3a
 3072 02af 0B       		.uleb128 0xb
 3073 02b0 3B       		.uleb128 0x3b
 3074 02b1 0B       		.uleb128 0xb
 3075 02b2 39       		.uleb128 0x39
 3076 02b3 0B       		.uleb128 0xb
 3077 02b4 27       		.uleb128 0x27
 3078 02b5 19       		.uleb128 0x19
ARM GAS  /tmp/cchxZ3Ge.s 			page 55


 3079 02b6 49       		.uleb128 0x49
 3080 02b7 13       		.uleb128 0x13
 3081 02b8 3C       		.uleb128 0x3c
 3082 02b9 19       		.uleb128 0x19
 3083 02ba 00       		.byte	0
 3084 02bb 00       		.byte	0
 3085 02bc 2F       		.uleb128 0x2f
 3086 02bd 2E       		.uleb128 0x2e
 3087 02be 01       		.byte	0x1
 3088 02bf 3F       		.uleb128 0x3f
 3089 02c0 19       		.uleb128 0x19
 3090 02c1 03       		.uleb128 0x3
 3091 02c2 0E       		.uleb128 0xe
 3092 02c3 3A       		.uleb128 0x3a
 3093 02c4 0B       		.uleb128 0xb
 3094 02c5 3B       		.uleb128 0x3b
 3095 02c6 0B       		.uleb128 0xb
 3096 02c7 39       		.uleb128 0x39
 3097 02c8 0B       		.uleb128 0xb
 3098 02c9 27       		.uleb128 0x27
 3099 02ca 19       		.uleb128 0x19
 3100 02cb 3C       		.uleb128 0x3c
 3101 02cc 19       		.uleb128 0x19
 3102 02cd 01       		.uleb128 0x1
 3103 02ce 13       		.uleb128 0x13
 3104 02cf 00       		.byte	0
 3105 02d0 00       		.byte	0
 3106 02d1 30       		.uleb128 0x30
 3107 02d2 2E       		.uleb128 0x2e
 3108 02d3 01       		.byte	0x1
 3109 02d4 3F       		.uleb128 0x3f
 3110 02d5 19       		.uleb128 0x19
 3111 02d6 03       		.uleb128 0x3
 3112 02d7 0E       		.uleb128 0xe
 3113 02d8 3A       		.uleb128 0x3a
 3114 02d9 0B       		.uleb128 0xb
 3115 02da 3B       		.uleb128 0x3b
 3116 02db 0B       		.uleb128 0xb
 3117 02dc 39       		.uleb128 0x39
 3118 02dd 0B       		.uleb128 0xb
 3119 02de 27       		.uleb128 0x27
 3120 02df 19       		.uleb128 0x19
 3121 02e0 49       		.uleb128 0x49
 3122 02e1 13       		.uleb128 0x13
 3123 02e2 11       		.uleb128 0x11
 3124 02e3 01       		.uleb128 0x1
 3125 02e4 12       		.uleb128 0x12
 3126 02e5 06       		.uleb128 0x6
 3127 02e6 40       		.uleb128 0x40
 3128 02e7 18       		.uleb128 0x18
 3129 02e8 7C       		.uleb128 0x7c
 3130 02e9 19       		.uleb128 0x19
 3131 02ea 01       		.uleb128 0x1
 3132 02eb 13       		.uleb128 0x13
 3133 02ec 00       		.byte	0
 3134 02ed 00       		.byte	0
 3135 02ee 31       		.uleb128 0x31
ARM GAS  /tmp/cchxZ3Ge.s 			page 56


 3136 02ef 2E       		.uleb128 0x2e
 3137 02f0 01       		.byte	0x1
 3138 02f1 3F       		.uleb128 0x3f
 3139 02f2 19       		.uleb128 0x19
 3140 02f3 03       		.uleb128 0x3
 3141 02f4 0E       		.uleb128 0xe
 3142 02f5 3A       		.uleb128 0x3a
 3143 02f6 0B       		.uleb128 0xb
 3144 02f7 3B       		.uleb128 0x3b
 3145 02f8 0B       		.uleb128 0xb
 3146 02f9 39       		.uleb128 0x39
 3147 02fa 0B       		.uleb128 0xb
 3148 02fb 27       		.uleb128 0x27
 3149 02fc 19       		.uleb128 0x19
 3150 02fd 11       		.uleb128 0x11
 3151 02fe 01       		.uleb128 0x1
 3152 02ff 12       		.uleb128 0x12
 3153 0300 06       		.uleb128 0x6
 3154 0301 40       		.uleb128 0x40
 3155 0302 18       		.uleb128 0x18
 3156 0303 7C       		.uleb128 0x7c
 3157 0304 19       		.uleb128 0x19
 3158 0305 01       		.uleb128 0x1
 3159 0306 13       		.uleb128 0x13
 3160 0307 00       		.byte	0
 3161 0308 00       		.byte	0
 3162 0309 32       		.uleb128 0x32
 3163 030a 48       		.uleb128 0x48
 3164 030b 00       		.byte	0
 3165 030c 7D       		.uleb128 0x7d
 3166 030d 01       		.uleb128 0x1
 3167 030e 7F       		.uleb128 0x7f
 3168 030f 13       		.uleb128 0x13
 3169 0310 00       		.byte	0
 3170 0311 00       		.byte	0
 3171 0312 33       		.uleb128 0x33
 3172 0313 48       		.uleb128 0x48
 3173 0314 00       		.byte	0
 3174 0315 7D       		.uleb128 0x7d
 3175 0316 01       		.uleb128 0x1
 3176 0317 8201     		.uleb128 0x82
 3177 0319 19       		.uleb128 0x19
 3178 031a 7F       		.uleb128 0x7f
 3179 031b 13       		.uleb128 0x13
 3180 031c 00       		.byte	0
 3181 031d 00       		.byte	0
 3182 031e 34       		.uleb128 0x34
 3183 031f 2E       		.uleb128 0x2e
 3184 0320 01       		.byte	0x1
 3185 0321 3F       		.uleb128 0x3f
 3186 0322 19       		.uleb128 0x19
 3187 0323 03       		.uleb128 0x3
 3188 0324 0E       		.uleb128 0xe
 3189 0325 3A       		.uleb128 0x3a
 3190 0326 0B       		.uleb128 0xb
 3191 0327 3B       		.uleb128 0x3b
 3192 0328 0B       		.uleb128 0xb
ARM GAS  /tmp/cchxZ3Ge.s 			page 57


 3193 0329 39       		.uleb128 0x39
 3194 032a 0B       		.uleb128 0xb
 3195 032b 27       		.uleb128 0x27
 3196 032c 19       		.uleb128 0x19
 3197 032d 49       		.uleb128 0x49
 3198 032e 13       		.uleb128 0x13
 3199 032f 11       		.uleb128 0x11
 3200 0330 01       		.uleb128 0x1
 3201 0331 12       		.uleb128 0x12
 3202 0332 06       		.uleb128 0x6
 3203 0333 40       		.uleb128 0x40
 3204 0334 18       		.uleb128 0x18
 3205 0335 7A       		.uleb128 0x7a
 3206 0336 19       		.uleb128 0x19
 3207 0337 01       		.uleb128 0x1
 3208 0338 13       		.uleb128 0x13
 3209 0339 00       		.byte	0
 3210 033a 00       		.byte	0
 3211 033b 35       		.uleb128 0x35
 3212 033c 05       		.uleb128 0x5
 3213 033d 00       		.byte	0
 3214 033e 03       		.uleb128 0x3
 3215 033f 08       		.uleb128 0x8
 3216 0340 3A       		.uleb128 0x3a
 3217 0341 0B       		.uleb128 0xb
 3218 0342 3B       		.uleb128 0x3b
 3219 0343 0B       		.uleb128 0xb
 3220 0344 39       		.uleb128 0x39
 3221 0345 0B       		.uleb128 0xb
 3222 0346 49       		.uleb128 0x49
 3223 0347 13       		.uleb128 0x13
 3224 0348 02       		.uleb128 0x2
 3225 0349 17       		.uleb128 0x17
 3226 034a B742     		.uleb128 0x2137
 3227 034c 17       		.uleb128 0x17
 3228 034d 00       		.byte	0
 3229 034e 00       		.byte	0
 3230 034f 36       		.uleb128 0x36
 3231 0350 05       		.uleb128 0x5
 3232 0351 00       		.byte	0
 3233 0352 03       		.uleb128 0x3
 3234 0353 0E       		.uleb128 0xe
 3235 0354 3A       		.uleb128 0x3a
 3236 0355 0B       		.uleb128 0xb
 3237 0356 3B       		.uleb128 0x3b
 3238 0357 0B       		.uleb128 0xb
 3239 0358 39       		.uleb128 0x39
 3240 0359 0B       		.uleb128 0xb
 3241 035a 49       		.uleb128 0x49
 3242 035b 13       		.uleb128 0x13
 3243 035c 02       		.uleb128 0x2
 3244 035d 18       		.uleb128 0x18
 3245 035e 00       		.byte	0
 3246 035f 00       		.byte	0
 3247 0360 37       		.uleb128 0x37
 3248 0361 18       		.uleb128 0x18
 3249 0362 00       		.byte	0
ARM GAS  /tmp/cchxZ3Ge.s 			page 58


 3250 0363 00       		.byte	0
 3251 0364 00       		.byte	0
 3252 0365 38       		.uleb128 0x38
 3253 0366 34       		.uleb128 0x34
 3254 0367 00       		.byte	0
 3255 0368 03       		.uleb128 0x3
 3256 0369 0E       		.uleb128 0xe
 3257 036a 3A       		.uleb128 0x3a
 3258 036b 0B       		.uleb128 0xb
 3259 036c 3B       		.uleb128 0x3b
 3260 036d 0B       		.uleb128 0xb
 3261 036e 39       		.uleb128 0x39
 3262 036f 0B       		.uleb128 0xb
 3263 0370 49       		.uleb128 0x49
 3264 0371 13       		.uleb128 0x13
 3265 0372 02       		.uleb128 0x2
 3266 0373 18       		.uleb128 0x18
 3267 0374 00       		.byte	0
 3268 0375 00       		.byte	0
 3269 0376 39       		.uleb128 0x39
 3270 0377 05       		.uleb128 0x5
 3271 0378 00       		.byte	0
 3272 0379 03       		.uleb128 0x3
 3273 037a 08       		.uleb128 0x8
 3274 037b 3A       		.uleb128 0x3a
 3275 037c 0B       		.uleb128 0xb
 3276 037d 3B       		.uleb128 0x3b
 3277 037e 0B       		.uleb128 0xb
 3278 037f 39       		.uleb128 0x39
 3279 0380 0B       		.uleb128 0xb
 3280 0381 49       		.uleb128 0x49
 3281 0382 13       		.uleb128 0x13
 3282 0383 00       		.byte	0
 3283 0384 00       		.byte	0
 3284 0385 3A       		.uleb128 0x3a
 3285 0386 05       		.uleb128 0x5
 3286 0387 00       		.byte	0
 3287 0388 03       		.uleb128 0x3
 3288 0389 0E       		.uleb128 0xe
 3289 038a 3A       		.uleb128 0x3a
 3290 038b 0B       		.uleb128 0xb
 3291 038c 3B       		.uleb128 0x3b
 3292 038d 0B       		.uleb128 0xb
 3293 038e 39       		.uleb128 0x39
 3294 038f 0B       		.uleb128 0xb
 3295 0390 49       		.uleb128 0x49
 3296 0391 13       		.uleb128 0x13
 3297 0392 00       		.byte	0
 3298 0393 00       		.byte	0
 3299 0394 3B       		.uleb128 0x3b
 3300 0395 2E       		.uleb128 0x2e
 3301 0396 01       		.byte	0x1
 3302 0397 03       		.uleb128 0x3
 3303 0398 0E       		.uleb128 0xe
 3304 0399 3A       		.uleb128 0x3a
 3305 039a 0B       		.uleb128 0xb
 3306 039b 3B       		.uleb128 0x3b
ARM GAS  /tmp/cchxZ3Ge.s 			page 59


 3307 039c 05       		.uleb128 0x5
 3308 039d 39       		.uleb128 0x39
 3309 039e 0B       		.uleb128 0xb
 3310 039f 27       		.uleb128 0x27
 3311 03a0 19       		.uleb128 0x19
 3312 03a1 20       		.uleb128 0x20
 3313 03a2 0B       		.uleb128 0xb
 3314 03a3 01       		.uleb128 0x1
 3315 03a4 13       		.uleb128 0x13
 3316 03a5 00       		.byte	0
 3317 03a6 00       		.byte	0
 3318 03a7 00       		.byte	0
 3319              		.section	.debug_loclists,"",%progbits
 3320 0000 B7010000 		.4byte	.Ldebug_loc3-.Ldebug_loc2
 3321              	.Ldebug_loc2:
 3322 0004 0500     		.2byte	0x5
 3323 0006 04       		.byte	0x4
 3324 0007 00       		.byte	0
 3325 0008 00000000 		.4byte	0
 3326              	.Ldebug_loc0:
 3327              	.LVUS14:
 3328 000c 00       		.uleb128 0
 3329 000d 00       		.uleb128 .LVU153
 3330 000e 00       		.uleb128 .LVU153
 3331 000f 00       		.uleb128 0
 3332              	.LLST14:
 3333 0010 06       		.byte	0x6
 3334 0011 00000000 		.4byte	.LVL29
 3335 0015 04       		.byte	0x4
 3336 0016 00       		.uleb128 .LVL29-.LVL29
 3337 0017 0B       		.uleb128 .LVL30-1-.LVL29
 3338 0018 01       		.uleb128 0x1
 3339 0019 50       		.byte	0x50
 3340 001a 04       		.byte	0x4
 3341 001b 0B       		.uleb128 .LVL30-1-.LVL29
 3342 001c 48       		.uleb128 .LFE214-.LVL29
 3343 001d 0A       		.uleb128 0xa
 3344 001e A3       		.byte	0xa3
 3345 001f 03       		.uleb128 0x3
 3346 0020 A5       		.byte	0xa5
 3347 0021 00       		.uleb128 0
 3348 0022 26       		.uleb128 0x26
 3349 0023 A8       		.byte	0xa8
 3350 0024 2D       		.uleb128 0x2d
 3351 0025 A8       		.byte	0xa8
 3352 0026 00       		.uleb128 0
 3353 0027 9F       		.byte	0x9f
 3354 0028 00       		.byte	0
 3355              	.LVUS15:
 3356 0029 01       		.uleb128 .LVU164
 3357 002a 00       		.uleb128 .LVU177
 3358 002b 00       		.uleb128 .LVU177
 3359 002c 00       		.uleb128 .LVU183
 3360 002d 00       		.uleb128 .LVU183
 3361 002e 00       		.uleb128 .LVU184
 3362              	.LLST15:
 3363 002f 06       		.byte	0x6
ARM GAS  /tmp/cchxZ3Ge.s 			page 60


 3364 0030 10000000 		.4byte	.LVL31
 3365 0034 04       		.byte	0x4
 3366 0035 00       		.uleb128 .LVL31-.LVL31
 3367 0036 18       		.uleb128 .LVL34-.LVL31
 3368 0037 01       		.uleb128 0x1
 3369 0038 50       		.byte	0x50
 3370 0039 04       		.byte	0x4
 3371 003a 18       		.uleb128 .LVL34-.LVL31
 3372 003b 30       		.uleb128 .LVL39-.LVL31
 3373 003c 01       		.uleb128 0x1
 3374 003d 54       		.byte	0x54
 3375 003e 04       		.byte	0x4
 3376 003f 30       		.uleb128 .LVL39-.LVL31
 3377 0040 34       		.uleb128 .LVL40-.LVL31
 3378 0041 01       		.uleb128 0x1
 3379 0042 50       		.byte	0x50
 3380 0043 00       		.byte	0
 3381              	.LVUS16:
 3382 0044 00       		.uleb128 .LVU175
 3383 0045 00       		.uleb128 .LVU178
 3384              	.LLST16:
 3385 0046 08       		.byte	0x8
 3386 0047 1C000000 		.4byte	.LVL33
 3387 004b 0F       		.uleb128 .LVL35-1-.LVL33
 3388 004c 01       		.uleb128 0x1
 3389 004d 53       		.byte	0x53
 3390 004e 00       		.byte	0
 3391              	.LVUS17:
 3392 004f 00       		.uleb128 .LVU179
 3393 0050 00       		.uleb128 .LVU180
 3394 0051 00       		.uleb128 .LVU180
 3395 0052 00       		.uleb128 .LVU181
 3396              	.LLST17:
 3397 0053 06       		.byte	0x6
 3398 0054 30000000 		.4byte	.LVL36
 3399 0058 04       		.byte	0x4
 3400 0059 00       		.uleb128 .LVL36-.LVL36
 3401 005a 04       		.uleb128 .LVL37-.LVL36
 3402 005b 01       		.uleb128 0x1
 3403 005c 50       		.byte	0x50
 3404 005d 04       		.byte	0x4
 3405 005e 04       		.uleb128 .LVL37-.LVL36
 3406 005f 07       		.uleb128 .LVL38-1-.LVL36
 3407 0060 01       		.uleb128 0x1
 3408 0061 51       		.byte	0x51
 3409 0062 00       		.byte	0
 3410              	.LVUS19:
 3411 0063 05       		.uleb128 .LVU140
 3412 0064 00       		.uleb128 .LVU153
 3413 0065 00       		.uleb128 .LVU153
 3414 0066 01       		.uleb128 .LVU164
 3415              	.LLST19:
 3416 0067 06       		.byte	0x6
 3417 0068 00000000 		.4byte	.LVL29
 3418 006c 04       		.byte	0x4
 3419 006d 00       		.uleb128 .LVL29-.LVL29
 3420 006e 0B       		.uleb128 .LVL30-1-.LVL29
ARM GAS  /tmp/cchxZ3Ge.s 			page 61


 3421 006f 01       		.uleb128 0x1
 3422 0070 50       		.byte	0x50
 3423 0071 04       		.byte	0x4
 3424 0072 0B       		.uleb128 .LVL30-1-.LVL29
 3425 0073 10       		.uleb128 .LVL31-.LVL29
 3426 0074 0A       		.uleb128 0xa
 3427 0075 A3       		.byte	0xa3
 3428 0076 03       		.uleb128 0x3
 3429 0077 A5       		.byte	0xa5
 3430 0078 00       		.uleb128 0
 3431 0079 26       		.uleb128 0x26
 3432 007a A8       		.byte	0xa8
 3433 007b 2D       		.uleb128 0x2d
 3434 007c A8       		.byte	0xa8
 3435 007d 00       		.uleb128 0
 3436 007e 9F       		.byte	0x9f
 3437 007f 00       		.byte	0
 3438              	.LVUS20:
 3439 0080 00       		.uleb128 .LVU153
 3440 0081 01       		.uleb128 .LVU164
 3441              	.LLST20:
 3442 0082 08       		.byte	0x8
 3443 0083 0C000000 		.4byte	.LVL30
 3444 0087 04       		.uleb128 .LVL31-.LVL30
 3445 0088 01       		.uleb128 0x1
 3446 0089 50       		.byte	0x50
 3447 008a 00       		.byte	0
 3448              	.LVUS22:
 3449 008b 01       		.uleb128 .LVU168
 3450 008c 06       		.uleb128 .LVU173
 3451              	.LLST22:
 3452 008d 08       		.byte	0x8
 3453 008e 18000000 		.4byte	.LVL32
 3454 0092 00       		.uleb128 .LVL32-.LVL32
 3455 0093 01       		.uleb128 0x1
 3456 0094 50       		.byte	0x50
 3457 0095 00       		.byte	0
 3458              	.LVUS7:
 3459 0096 01       		.uleb128 .LVU118
 3460 0097 00       		.uleb128 .LVU129
 3461 0098 00       		.uleb128 .LVU129
 3462 0099 00       		.uleb128 .LVU133
 3463 009a 00       		.uleb128 .LVU133
 3464 009b 00       		.uleb128 .LVU134
 3465              	.LLST7:
 3466 009c 06       		.byte	0x6
 3467 009d 14000000 		.4byte	.LVL21
 3468 00a1 04       		.byte	0x4
 3469 00a2 00       		.uleb128 .LVL21-.LVL21
 3470 00a3 0C       		.uleb128 .LVL23-.LVL21
 3471 00a4 01       		.uleb128 0x1
 3472 00a5 50       		.byte	0x50
 3473 00a6 04       		.byte	0x4
 3474 00a7 0C       		.uleb128 .LVL23-.LVL21
 3475 00a8 1C       		.uleb128 .LVL27-.LVL21
 3476 00a9 01       		.uleb128 0x1
 3477 00aa 54       		.byte	0x54
ARM GAS  /tmp/cchxZ3Ge.s 			page 62


 3478 00ab 04       		.byte	0x4
 3479 00ac 1C       		.uleb128 .LVL27-.LVL21
 3480 00ad 1F       		.uleb128 .LVL28-1-.LVL21
 3481 00ae 01       		.uleb128 0x1
 3482 00af 50       		.byte	0x50
 3483 00b0 00       		.byte	0
 3484              	.LVUS8:
 3485 00b1 00       		.uleb128 .LVU127
 3486 00b2 00       		.uleb128 .LVU130
 3487              	.LLST8:
 3488 00b3 08       		.byte	0x8
 3489 00b4 18000000 		.4byte	.LVL22
 3490 00b8 0B       		.uleb128 .LVL24-1-.LVL22
 3491 00b9 01       		.uleb128 0x1
 3492 00ba 53       		.byte	0x53
 3493 00bb 00       		.byte	0
 3494              	.LVUS9:
 3495 00bc 00       		.uleb128 .LVU131
 3496 00bd 00       		.uleb128 .LVU132
 3497 00be 00       		.uleb128 .LVU132
 3498 00bf 00       		.uleb128 .LVU134
 3499              	.LLST9:
 3500 00c0 06       		.byte	0x6
 3501 00c1 28000000 		.4byte	.LVL25
 3502 00c5 04       		.byte	0x4
 3503 00c6 00       		.uleb128 .LVL25-.LVL25
 3504 00c7 04       		.uleb128 .LVL26-.LVL25
 3505 00c8 01       		.uleb128 0x1
 3506 00c9 50       		.byte	0x50
 3507 00ca 04       		.byte	0x4
 3508 00cb 04       		.uleb128 .LVL26-.LVL25
 3509 00cc 0B       		.uleb128 .LVL28-1-.LVL25
 3510 00cd 01       		.uleb128 0x1
 3511 00ce 51       		.byte	0x51
 3512 00cf 00       		.byte	0
 3513              	.LVUS11:
 3514 00d0 00       		.uleb128 .LVU107
 3515 00d1 01       		.uleb128 .LVU118
 3516              	.LLST11:
 3517 00d2 08       		.byte	0x8
 3518 00d3 10000000 		.4byte	.LVL20
 3519 00d7 04       		.uleb128 .LVL21-.LVL20
 3520 00d8 01       		.uleb128 0x1
 3521 00d9 50       		.byte	0x50
 3522 00da 00       		.byte	0
 3523              	.LVUS13:
 3524 00db 03       		.uleb128 .LVU120
 3525 00dc 08       		.uleb128 .LVU125
 3526              	.LLST13:
 3527 00dd 08       		.byte	0x8
 3528 00de 14000000 		.4byte	.LVL21
 3529 00e2 00       		.uleb128 .LVL21-.LVL21
 3530 00e3 01       		.uleb128 0x1
 3531 00e4 50       		.byte	0x50
 3532 00e5 00       		.byte	0
 3533              	.LVUS5:
 3534 00e6 00       		.uleb128 0
ARM GAS  /tmp/cchxZ3Ge.s 			page 63


 3535 00e7 00       		.uleb128 .LVU86
 3536 00e8 00       		.uleb128 .LVU86
 3537 00e9 00       		.uleb128 0
 3538              	.LLST5:
 3539 00ea 06       		.byte	0x6
 3540 00eb 00000000 		.4byte	.LVL17
 3541 00ef 04       		.byte	0x4
 3542 00f0 00       		.uleb128 .LVL17-.LVL17
 3543 00f1 27       		.uleb128 .LVL18-1-.LVL17
 3544 00f2 01       		.uleb128 0x1
 3545 00f3 50       		.byte	0x50
 3546 00f4 04       		.byte	0x4
 3547 00f5 27       		.uleb128 .LVL18-1-.LVL17
 3548 00f6 38       		.uleb128 .LFE212-.LVL17
 3549 00f7 0A       		.uleb128 0xa
 3550 00f8 A3       		.byte	0xa3
 3551 00f9 03       		.uleb128 0x3
 3552 00fa A5       		.byte	0xa5
 3553 00fb 00       		.uleb128 0
 3554 00fc 26       		.uleb128 0x26
 3555 00fd A8       		.byte	0xa8
 3556 00fe 2D       		.uleb128 0x2d
 3557 00ff A8       		.byte	0xa8
 3558 0100 00       		.uleb128 0
 3559 0101 9F       		.byte	0x9f
 3560 0102 00       		.byte	0
 3561              	.LVUS6:
 3562 0103 00       		.uleb128 .LVU86
 3563 0104 00       		.uleb128 0
 3564              	.LLST6:
 3565 0105 08       		.byte	0x8
 3566 0106 28000000 		.4byte	.LVL18
 3567 010a 10       		.uleb128 .LFE212-.LVL18
 3568 010b 01       		.uleb128 0x1
 3569 010c 50       		.byte	0x50
 3570 010d 00       		.byte	0
 3571              	.LVUS4:
 3572 010e 00       		.uleb128 0
 3573 010f 00       		.uleb128 .LVU56
 3574 0110 00       		.uleb128 .LVU56
 3575 0111 00       		.uleb128 .LVU66
 3576 0112 00       		.uleb128 .LVU66
 3577 0113 00       		.uleb128 0
 3578              	.LLST4:
 3579 0114 06       		.byte	0x6
 3580 0115 00000000 		.4byte	.LVL13
 3581 0119 04       		.byte	0x4
 3582 011a 00       		.uleb128 .LVL13-.LVL13
 3583 011b 10       		.uleb128 .LVL14-.LVL13
 3584 011c 01       		.uleb128 0x1
 3585 011d 50       		.byte	0x50
 3586 011e 04       		.byte	0x4
 3587 011f 10       		.uleb128 .LVL14-.LVL13
 3588 0120 30       		.uleb128 .LVL15-.LVL13
 3589 0121 01       		.uleb128 0x1
 3590 0122 5C       		.byte	0x5c
 3591 0123 04       		.byte	0x4
ARM GAS  /tmp/cchxZ3Ge.s 			page 64


 3592 0124 30       		.uleb128 .LVL15-.LVL13
 3593 0125 38       		.uleb128 .LFE211-.LVL13
 3594 0126 0A       		.uleb128 0xa
 3595 0127 A3       		.byte	0xa3
 3596 0128 03       		.uleb128 0x3
 3597 0129 A5       		.byte	0xa5
 3598 012a 00       		.uleb128 0
 3599 012b 26       		.uleb128 0x26
 3600 012c A8       		.byte	0xa8
 3601 012d 2D       		.uleb128 0x2d
 3602 012e A8       		.byte	0xa8
 3603 012f 00       		.uleb128 0
 3604 0130 9F       		.byte	0x9f
 3605 0131 00       		.byte	0
 3606              	.LVUS3:
 3607 0132 00       		.uleb128 0
 3608 0133 00       		.uleb128 .LVU40
 3609 0134 00       		.uleb128 .LVU40
 3610 0135 00       		.uleb128 .LVU47
 3611 0136 00       		.uleb128 .LVU47
 3612 0137 00       		.uleb128 0
 3613              	.LLST3:
 3614 0138 06       		.byte	0x6
 3615 0139 00000000 		.4byte	.LVL9
 3616 013d 04       		.byte	0x4
 3617 013e 00       		.uleb128 .LVL9-.LVL9
 3618 013f 10       		.uleb128 .LVL10-.LVL9
 3619 0140 01       		.uleb128 0x1
 3620 0141 50       		.byte	0x50
 3621 0142 04       		.byte	0x4
 3622 0143 10       		.uleb128 .LVL10-.LVL9
 3623 0144 28       		.uleb128 .LVL11-.LVL9
 3624 0145 01       		.uleb128 0x1
 3625 0146 52       		.byte	0x52
 3626 0147 04       		.byte	0x4
 3627 0148 28       		.uleb128 .LVL11-.LVL9
 3628 0149 34       		.uleb128 .LFE210-.LVL9
 3629 014a 0A       		.uleb128 0xa
 3630 014b A3       		.byte	0xa3
 3631 014c 03       		.uleb128 0x3
 3632 014d A5       		.byte	0xa5
 3633 014e 00       		.uleb128 0
 3634 014f 26       		.uleb128 0x26
 3635 0150 A8       		.byte	0xa8
 3636 0151 2D       		.uleb128 0x2d
 3637 0152 A8       		.byte	0xa8
 3638 0153 00       		.uleb128 0
 3639 0154 9F       		.byte	0x9f
 3640 0155 00       		.byte	0
 3641              	.LVUS2:
 3642 0156 00       		.uleb128 0
 3643 0157 00       		.uleb128 .LVU24
 3644 0158 00       		.uleb128 .LVU24
 3645 0159 00       		.uleb128 .LVU32
 3646 015a 00       		.uleb128 .LVU32
 3647 015b 00       		.uleb128 0
 3648              	.LLST2:
ARM GAS  /tmp/cchxZ3Ge.s 			page 65


 3649 015c 06       		.byte	0x6
 3650 015d 00000000 		.4byte	.LVL5
 3651 0161 04       		.byte	0x4
 3652 0162 00       		.uleb128 .LVL5-.LVL5
 3653 0163 14       		.uleb128 .LVL6-.LVL5
 3654 0164 01       		.uleb128 0x1
 3655 0165 50       		.byte	0x50
 3656 0166 04       		.byte	0x4
 3657 0167 14       		.uleb128 .LVL6-.LVL5
 3658 0168 2C       		.uleb128 .LVL7-.LVL5
 3659 0169 01       		.uleb128 0x1
 3660 016a 53       		.byte	0x53
 3661 016b 04       		.byte	0x4
 3662 016c 2C       		.uleb128 .LVL7-.LVL5
 3663 016d 34       		.uleb128 .LFE209-.LVL5
 3664 016e 0A       		.uleb128 0xa
 3665 016f A3       		.byte	0xa3
 3666 0170 03       		.uleb128 0x3
 3667 0171 A5       		.byte	0xa5
 3668 0172 00       		.uleb128 0
 3669 0173 26       		.uleb128 0x26
 3670 0174 A8       		.byte	0xa8
 3671 0175 2D       		.uleb128 0x2d
 3672 0176 A8       		.byte	0xa8
 3673 0177 00       		.uleb128 0
 3674 0178 9F       		.byte	0x9f
 3675 0179 00       		.byte	0
 3676              	.LVUS1:
 3677 017a 00       		.uleb128 0
 3678 017b 00       		.uleb128 .LVU11
 3679 017c 00       		.uleb128 .LVU11
 3680 017d 00       		.uleb128 .LVU16
 3681 017e 00       		.uleb128 .LVU16
 3682 017f 00       		.uleb128 0
 3683              	.LLST1:
 3684 0180 06       		.byte	0x6
 3685 0181 00000000 		.4byte	.LVL2
 3686 0185 04       		.byte	0x4
 3687 0186 00       		.uleb128 .LVL2-.LVL2
 3688 0187 14       		.uleb128 .LVL3-.LVL2
 3689 0188 01       		.uleb128 0x1
 3690 0189 50       		.byte	0x50
 3691 018a 04       		.byte	0x4
 3692 018b 14       		.uleb128 .LVL3-.LVL2
 3693 018c 1F       		.uleb128 .LVL4-1-.LVL2
 3694 018d 01       		.uleb128 0x1
 3695 018e 52       		.byte	0x52
 3696 018f 04       		.byte	0x4
 3697 0190 1F       		.uleb128 .LVL4-1-.LVL2
 3698 0191 20       		.uleb128 .LFE208-.LVL2
 3699 0192 0A       		.uleb128 0xa
 3700 0193 A3       		.byte	0xa3
 3701 0194 03       		.uleb128 0x3
 3702 0195 A5       		.byte	0xa5
 3703 0196 00       		.uleb128 0
 3704 0197 26       		.uleb128 0x26
 3705 0198 A8       		.byte	0xa8
ARM GAS  /tmp/cchxZ3Ge.s 			page 66


 3706 0199 2D       		.uleb128 0x2d
 3707 019a A8       		.byte	0xa8
 3708 019b 00       		.uleb128 0
 3709 019c 9F       		.byte	0x9f
 3710 019d 00       		.byte	0
 3711              	.LVUS0:
 3712 019e 00       		.uleb128 0
 3713 019f 00       		.uleb128 .LVU5
 3714 01a0 00       		.uleb128 .LVU5
 3715 01a1 00       		.uleb128 0
 3716              	.LLST0:
 3717 01a2 06       		.byte	0x6
 3718 01a3 00000000 		.4byte	.LVL0
 3719 01a7 04       		.byte	0x4
 3720 01a8 00       		.uleb128 .LVL0-.LVL0
 3721 01a9 13       		.uleb128 .LVL1-1-.LVL0
 3722 01aa 01       		.uleb128 0x1
 3723 01ab 50       		.byte	0x50
 3724 01ac 04       		.byte	0x4
 3725 01ad 13       		.uleb128 .LVL1-1-.LVL0
 3726 01ae 14       		.uleb128 .LFE207-.LVL0
 3727 01af 0A       		.uleb128 0xa
 3728 01b0 A3       		.byte	0xa3
 3729 01b1 03       		.uleb128 0x3
 3730 01b2 A5       		.byte	0xa5
 3731 01b3 00       		.uleb128 0
 3732 01b4 26       		.uleb128 0x26
 3733 01b5 A8       		.byte	0xa8
 3734 01b6 2D       		.uleb128 0x2d
 3735 01b7 A8       		.byte	0xa8
 3736 01b8 00       		.uleb128 0
 3737 01b9 9F       		.byte	0x9f
 3738 01ba 00       		.byte	0
 3739              	.Ldebug_loc3:
 3740              		.section	.debug_aranges,"",%progbits
 3741 0000 54000000 		.4byte	0x54
 3742 0004 0200     		.2byte	0x2
 3743 0006 00000000 		.4byte	.Ldebug_info0
 3744 000a 04       		.byte	0x4
 3745 000b 00       		.byte	0
 3746 000c 0000     		.2byte	0
 3747 000e 0000     		.2byte	0
 3748 0010 00000000 		.4byte	.LFB207
 3749 0014 14000000 		.4byte	.LFE207-.LFB207
 3750 0018 00000000 		.4byte	.LFB208
 3751 001c 20000000 		.4byte	.LFE208-.LFB208
 3752 0020 00000000 		.4byte	.LFB209
 3753 0024 34000000 		.4byte	.LFE209-.LFB209
 3754 0028 00000000 		.4byte	.LFB210
 3755 002c 34000000 		.4byte	.LFE210-.LFB210
 3756 0030 00000000 		.4byte	.LFB211
 3757 0034 38000000 		.4byte	.LFE211-.LFB211
 3758 0038 00000000 		.4byte	.LFB212
 3759 003c 38000000 		.4byte	.LFE212-.LFB212
 3760 0040 00000000 		.4byte	.LFB213
 3761 0044 34000000 		.4byte	.LFE213-.LFB213
 3762 0048 00000000 		.4byte	.LFB214
ARM GAS  /tmp/cchxZ3Ge.s 			page 67


 3763 004c 48000000 		.4byte	.LFE214-.LFB214
 3764 0050 00000000 		.4byte	0
 3765 0054 00000000 		.4byte	0
 3766              		.section	.debug_rnglists,"",%progbits
 3767              	.Ldebug_ranges0:
 3768 0000 69000000 		.4byte	.Ldebug_ranges3-.Ldebug_ranges2
 3769              	.Ldebug_ranges2:
 3770 0004 0500     		.2byte	0x5
 3771 0006 04       		.byte	0x4
 3772 0007 00       		.byte	0
 3773 0008 00000000 		.4byte	0
 3774              	.LLRL10:
 3775 000c 05       		.byte	0x5
 3776 000d 00000000 		.4byte	.LBB44
 3777 0011 04       		.byte	0x4
 3778 0012 00       		.uleb128 .LBB44-.LBB44
 3779 0013 00       		.uleb128 .LBE44-.LBB44
 3780 0014 04       		.byte	0x4
 3781 0015 04       		.uleb128 .LBB57-.LBB44
 3782 0016 14       		.uleb128 .LBE57-.LBB44
 3783 0017 00       		.byte	0
 3784              	.LLRL12:
 3785 0018 05       		.byte	0x5
 3786 0019 00000000 		.4byte	.LBB46
 3787 001d 04       		.byte	0x4
 3788 001e 00       		.uleb128 .LBB46-.LBB46
 3789 001f 00       		.uleb128 .LBE46-.LBB46
 3790 0020 04       		.byte	0x4
 3791 0021 04       		.uleb128 .LBB51-.LBB46
 3792 0022 08       		.uleb128 .LBE51-.LBB46
 3793 0023 00       		.byte	0
 3794              	.LLRL18:
 3795 0024 05       		.byte	0x5
 3796 0025 00000000 		.4byte	.LBB60
 3797 0029 04       		.byte	0x4
 3798 002a 00       		.uleb128 .LBB60-.LBB60
 3799 002b 00       		.uleb128 .LBE60-.LBB60
 3800 002c 04       		.byte	0x4
 3801 002d 04       		.uleb128 .LBB73-.LBB60
 3802 002e 10       		.uleb128 .LBE73-.LBB60
 3803 002f 00       		.byte	0
 3804              	.LLRL21:
 3805 0030 05       		.byte	0x5
 3806 0031 00000000 		.4byte	.LBB62
 3807 0035 04       		.byte	0x4
 3808 0036 00       		.uleb128 .LBB62-.LBB62
 3809 0037 00       		.uleb128 .LBE62-.LBB62
 3810 0038 04       		.byte	0x4
 3811 0039 04       		.uleb128 .LBB67-.LBB62
 3812 003a 08       		.uleb128 .LBE67-.LBB62
 3813 003b 00       		.byte	0
 3814              	.LLRL23:
 3815 003c 07       		.byte	0x7
 3816 003d 00000000 		.4byte	.LFB207
 3817 0041 14       		.uleb128 .LFE207-.LFB207
 3818 0042 07       		.byte	0x7
 3819 0043 00000000 		.4byte	.LFB208
ARM GAS  /tmp/cchxZ3Ge.s 			page 68


 3820 0047 20       		.uleb128 .LFE208-.LFB208
 3821 0048 07       		.byte	0x7
 3822 0049 00000000 		.4byte	.LFB209
 3823 004d 34       		.uleb128 .LFE209-.LFB209
 3824 004e 07       		.byte	0x7
 3825 004f 00000000 		.4byte	.LFB210
 3826 0053 34       		.uleb128 .LFE210-.LFB210
 3827 0054 07       		.byte	0x7
 3828 0055 00000000 		.4byte	.LFB211
 3829 0059 38       		.uleb128 .LFE211-.LFB211
 3830 005a 07       		.byte	0x7
 3831 005b 00000000 		.4byte	.LFB212
 3832 005f 38       		.uleb128 .LFE212-.LFB212
 3833 0060 07       		.byte	0x7
 3834 0061 00000000 		.4byte	.LFB213
 3835 0065 34       		.uleb128 .LFE213-.LFB213
 3836 0066 07       		.byte	0x7
 3837 0067 00000000 		.4byte	.LFB214
 3838 006b 48       		.uleb128 .LFE214-.LFB214
 3839 006c 00       		.byte	0
 3840              	.Ldebug_ranges3:
 3841              		.section	.debug_line,"",%progbits
 3842              	.Ldebug_line0:
 3843 0000 2E060000 		.section	.debug_str,"MS",%progbits,1
 3843      03002303 
 3843      00000201 
 3843      FB0E0D00 
 3843      01010101 
 3844              	.LASF106:
 3845 0000 63737461 		.ascii	"cstack_base\000"
 3845      636B5F62 
 3845      61736500 
 3846              	.LASF98:
 3847 000c 77746D74 		.ascii	"wtmtxp\000"
 3847      787000
 3848              	.LASF37:
 3849 0013 64697370 		.ascii	"dispose\000"
 3849      6F736500 
 3850              	.LASF18:
 3851 001b 706F7274 		.ascii	"port_stkline_t\000"
 3851      5F73746B 
 3851      6C696E65 
 3851      5F7400
 3852              	.LASF86:
 3853 002a 63685F72 		.ascii	"ch_registry\000"
 3853      65676973 
 3853      74727900 
 3854              	.LASF148:
 3855 0036 63684D73 		.ascii	"chMsgWaitS\000"
 3855      67576169 
 3855      745300
 3856              	.LASF33:
 3857 0041 666C6167 		.ascii	"flags\000"
 3857      7300
 3858              	.LASF64:
 3859 0047 73797374 		.ascii	"systime_t\000"
 3859      696D655F 
ARM GAS  /tmp/cchxZ3Ge.s 			page 69


 3859      7400
 3860              	.LASF44:
 3861 0051 7265616C 		.ascii	"realprio\000"
 3861      7072696F 
 3861      00
 3862              	.LASF42:
 3863 005a 6570656E 		.ascii	"epending\000"
 3863      64696E67 
 3863      00
 3864              	.LASF1:
 3865 0063 756E7369 		.ascii	"unsigned int\000"
 3865      676E6564 
 3865      20696E74 
 3865      00
 3866              	.LASF71:
 3867 0070 6E657874 		.ascii	"next\000"
 3867      00
 3868              	.LASF51:
 3869 0075 636F7265 		.ascii	"core_id\000"
 3869      5F696400 
 3870              	.LASF9:
 3871 007d 5F5F696E 		.ascii	"__int32_t\000"
 3871      7433325F 
 3871      7400
 3872              	.LASF34:
 3873 0087 72656673 		.ascii	"refs\000"
 3873      00
 3874              	.LASF125:
 3875 008c 63684D73 		.ascii	"chMsgSend\000"
 3875      6753656E 
 3875      6400
 3876              	.LASF95:
 3877 0096 77746F62 		.ascii	"wtobjp\000"
 3877      6A7000
 3878              	.LASF142:
 3879 009d 706F7274 		.ascii	"port_lock\000"
 3879      5F6C6F63 
 3879      6B00
 3880              	.LASF49:
 3881 00a7 76746C69 		.ascii	"vtlist\000"
 3881      737400
 3882              	.LASF68:
 3883 00ae 706F7274 		.ascii	"port_context\000"
 3883      5F636F6E 
 3883      74657874 
 3883      00
 3884              	.LASF102:
 3885 00bb 63685F72 		.ascii	"ch_ready_list\000"
 3885      65616479 
 3885      5F6C6973 
 3885      7400
 3886              	.LASF84:
 3887 00c9 6C617374 		.ascii	"laststamp\000"
 3887      7374616D 
 3887      7000
 3888              	.LASF99:
 3889 00d3 65776D61 		.ascii	"ewmask\000"
ARM GAS  /tmp/cchxZ3Ge.s 			page 70


 3889      736B00
 3890              	.LASF74:
 3891 00da 70726576 		.ascii	"prev\000"
 3891      00
 3892              	.LASF70:
 3893 00df 63685F6C 		.ascii	"ch_list\000"
 3893      69737400 
 3894              	.LASF118:
 3895 00e7 64656C65 		.ascii	"delegate_fn2_t\000"
 3895      67617465 
 3895      5F666E32 
 3895      5F7400
 3896              	.LASF149:
 3897 00f6 63684D73 		.ascii	"chMsgRelease\000"
 3897      6752656C 
 3897      65617365 
 3897      00
 3898              	.LASF60:
 3899 0103 63685F73 		.ascii	"ch_system_debug\000"
 3899      79737465 
 3899      6D5F6465 
 3899      62756700 
 3900              	.LASF91:
 3901 0113 6C697374 		.ascii	"list\000"
 3901      00
 3902              	.LASF79:
 3903 0118 63685F64 		.ascii	"ch_delta_list\000"
 3903      656C7461 
 3903      5F6C6973 
 3903      7400
 3904              	.LASF16:
 3905 0126 75696E74 		.ascii	"uint32_t\000"
 3905      33325F74 
 3905      00
 3906              	.LASF41:
 3907 012f 73656E74 		.ascii	"sentmsg\000"
 3907      6D736700 
 3908              	.LASF25:
 3909 0137 6576656E 		.ascii	"eventmask_t\000"
 3909      746D6173 
 3909      6B5F7400 
 3910              	.LASF100:
 3911 0143 63685F73 		.ascii	"ch_semaphore\000"
 3911      656D6170 
 3911      686F7265 
 3911      00
 3912              	.LASF23:
 3913 0150 74707269 		.ascii	"tprio_t\000"
 3913      6F5F7400 
 3914              	.LASF110:
 3915 0158 6F735F69 		.ascii	"os_instance_config_t\000"
 3915      6E737461 
 3915      6E63655F 
 3915      636F6E66 
 3915      69675F74 
 3916              	.LASF67:
 3917 016d 66707363 		.ascii	"fpscr\000"
ARM GAS  /tmp/cchxZ3Ge.s 			page 71


 3917      7200
 3918              	.LASF0:
 3919 0173 6C6F6E67 		.ascii	"long long unsigned int\000"
 3919      206C6F6E 
 3919      6720756E 
 3919      7369676E 
 3919      65642069 
 3920              	.LASF137:
 3921 018a 63684D73 		.ascii	"chMsgGet\000"
 3921      67476574 
 3921      00
 3922              	.LASF92:
 3923 0193 70717565 		.ascii	"pqueue\000"
 3923      756500
 3924              	.LASF26:
 3925 019a 636E745F 		.ascii	"cnt_t\000"
 3925      7400
 3926              	.LASF19:
 3927 01a0 73746B6C 		.ascii	"stkline_t\000"
 3927      696E655F 
 3927      7400
 3928              	.LASF150:
 3929 01aa 63685379 		.ascii	"chSysUnlock\000"
 3929      73556E6C 
 3929      6F636B00 
 3930              	.LASF29:
 3931 01b6 6F776E65 		.ascii	"owner\000"
 3931      7200
 3932              	.LASF43:
 3933 01bc 6D74786C 		.ascii	"mtxlist\000"
 3933      69737400 
 3934              	.LASF81:
 3935 01c4 63685F76 		.ascii	"ch_virtual_timers_list\000"
 3935      69727475 
 3935      616C5F74 
 3935      696D6572 
 3935      735F6C69 
 3936              	.LASF52:
 3937 01db 72666375 		.ascii	"rfcu\000"
 3937      00
 3938              	.LASF28:
 3939 01e0 74687265 		.ascii	"thread_t\000"
 3939      61645F74 
 3939      00
 3940              	.LASF113:
 3941 01e9 5F5F676E 		.ascii	"__gnuc_va_list\000"
 3941      75635F76 
 3941      615F6C69 
 3941      737400
 3942              	.LASF93:
 3943 01f8 7264796D 		.ascii	"rdymsg\000"
 3943      736700
 3944              	.LASF75:
 3945 01ff 63685F70 		.ascii	"ch_priority_queue_t\000"
 3945      72696F72 
 3945      6974795F 
 3945      71756575 
ARM GAS  /tmp/cchxZ3Ge.s 			page 72


 3945      655F7400 
 3946              	.LASF112:
 3947 0213 5F426F6F 		.ascii	"_Bool\000"
 3947      6C00
 3948              	.LASF38:
 3949 0219 6F626A65 		.ascii	"object\000"
 3949      637400
 3950              	.LASF57:
 3951 0220 63685F72 		.ascii	"ch_rfcu\000"
 3951      66637500 
 3952              	.LASF101:
 3953 0228 63685F6D 		.ascii	"ch_mutex\000"
 3953      75746578 
 3953      00
 3954              	.LASF13:
 3955 0231 5F5F7569 		.ascii	"__uint64_t\000"
 3955      6E743634 
 3955      5F7400
 3956              	.LASF116:
 3957 023c 64656C65 		.ascii	"delegate_fn0_t\000"
 3957      67617465 
 3957      5F666E30 
 3957      5F7400
 3958              	.LASF47:
 3959 024b 63685F6F 		.ascii	"ch_os_instance\000"
 3959      735F696E 
 3959      7374616E 
 3959      636500
 3960              	.LASF140:
 3961 025a 63685379 		.ascii	"chSysLock\000"
 3961      734C6F63 
 3961      6B00
 3962              	.LASF77:
 3963 0264 7072696F 		.ascii	"prio\000"
 3963      00
 3964              	.LASF62:
 3965 0269 63686172 		.ascii	"char\000"
 3965      00
 3966              	.LASF78:
 3967 026e 63685F64 		.ascii	"ch_delta_list_t\000"
 3967      656C7461 
 3967      5F6C6973 
 3967      745F7400 
 3968              	.LASF56:
 3969 027e 72666375 		.ascii	"rfcu_mask_t\000"
 3969      5F6D6173 
 3969      6B5F7400 
 3970              	.LASF89:
 3971 028a 74687265 		.ascii	"thread_reference_t\000"
 3971      61645F72 
 3971      65666572 
 3971      656E6365 
 3971      5F7400
 3972              	.LASF30:
 3973 029d 77616261 		.ascii	"wabase\000"
 3973      736500
 3974              	.LASF122:
ARM GAS  /tmp/cchxZ3Ge.s 			page 73


 3975 02a4 61726773 		.ascii	"argsp\000"
 3975      7000
 3976              	.LASF124:
 3977 02aa 63684D73 		.ascii	"chMsgWaitTimeoutS\000"
 3977      67576169 
 3977      7454696D 
 3977      656F7574 
 3977      5300
 3978              	.LASF21:
 3979 02bc 74737461 		.ascii	"tstate_t\000"
 3979      74655F74 
 3979      00
 3980              	.LASF36:
 3981 02c5 72717565 		.ascii	"rqueue\000"
 3981      756500
 3982              	.LASF14:
 3983 02cc 75696E74 		.ascii	"uint8_t\000"
 3983      385F7400 
 3984              	.LASF40:
 3985 02d4 6D736771 		.ascii	"msgqueue\000"
 3985      75657565 
 3985      00
 3986              	.LASF46:
 3987 02dd 63685F74 		.ascii	"ch_thread\000"
 3987      68726561 
 3987      6400
 3988              	.LASF114:
 3989 02e7 76615F6C 		.ascii	"va_list\000"
 3989      69737400 
 3990              	.LASF63:
 3991 02ef 73797374 		.ascii	"system_debug_t\000"
 3991      656D5F64 
 3991      65627567 
 3991      5F7400
 3992              	.LASF2:
 3993 02fe 6C6F6E67 		.ascii	"long long int\000"
 3993      206C6F6E 
 3993      6720696E 
 3993      7400
 3994              	.LASF115:
 3995 030c 64656C65 		.ascii	"delegate_veneer_t\000"
 3995      67617465 
 3995      5F76656E 
 3995      6565725F 
 3995      7400
 3996              	.LASF24:
 3997 031e 6D73675F 		.ascii	"msg_t\000"
 3997      7400
 3998              	.LASF139:
 3999 0324 63684D73 		.ascii	"chMsgWait\000"
 3999      67576169 
 3999      7400
 4000              	.LASF147:
 4001 032e 5F5F6170 		.ascii	"__ap\000"
 4001      00
 4002              	.LASF88:
 4003 0333 72656769 		.ascii	"registry_t\000"
ARM GAS  /tmp/cchxZ3Ge.s 			page 74


 4003      73747279 
 4003      5F7400
 4004              	.LASF119:
 4005 033e 64656C65 		.ascii	"delegate_fn3_t\000"
 4005      67617465 
 4005      5F666E33 
 4005      5F7400
 4006              	.LASF109:
 4007 034d 69646C65 		.ascii	"idlestack_end\000"
 4007      73746163 
 4007      6B5F656E 
 4007      6400
 4008              	.LASF58:
 4009 035b 6D61736B 		.ascii	"mask\000"
 4009      00
 4010              	.LASF135:
 4011 0360 5F5F6368 		.ascii	"__ch_delegate_fn0\000"
 4011      5F64656C 
 4011      65676174 
 4011      655F666E 
 4011      3000
 4012              	.LASF134:
 4013 0372 5F5F6368 		.ascii	"__ch_delegate_fn1\000"
 4013      5F64656C 
 4013      65676174 
 4013      655F666E 
 4013      3100
 4014              	.LASF133:
 4015 0384 5F5F6368 		.ascii	"__ch_delegate_fn2\000"
 4015      5F64656C 
 4015      65676174 
 4015      655F666E 
 4015      3200
 4016              	.LASF132:
 4017 0396 5F5F6368 		.ascii	"__ch_delegate_fn3\000"
 4017      5F64656C 
 4017      65676174 
 4017      655F666E 
 4017      3300
 4018              	.LASF131:
 4019 03a8 5F5F6368 		.ascii	"__ch_delegate_fn4\000"
 4019      5F64656C 
 4019      65676174 
 4019      655F666E 
 4019      3400
 4020              	.LASF90:
 4021 03ba 74687265 		.ascii	"thread_dispose_t\000"
 4021      61645F64 
 4021      6973706F 
 4021      73655F74 
 4021      00
 4022              	.LASF65:
 4023 03cb 73797369 		.ascii	"sysinterval_t\000"
 4023      6E746572 
 4023      76616C5F 
 4023      7400
 4024              	.LASF72:
ARM GAS  /tmp/cchxZ3Ge.s 			page 75


 4025 03d9 63685F71 		.ascii	"ch_queue_t\000"
 4025      75657565 
 4025      5F7400
 4026              	.LASF61:
 4027 03e4 70616E69 		.ascii	"panic_msg\000"
 4027      635F6D73 
 4027      6700
 4028              	.LASF108:
 4029 03ee 69646C65 		.ascii	"idlestack_base\000"
 4029      73746163 
 4029      6B5F6261 
 4029      736500
 4030              	.LASF20:
 4031 03fd 746D6F64 		.ascii	"tmode_t\000"
 4031      655F7400 
 4032              	.LASF83:
 4033 0405 73797374 		.ascii	"systime\000"
 4033      696D6500 
 4034              	.LASF54:
 4035 040d 69646C65 		.ascii	"idlethread\000"
 4035      74687265 
 4035      616400
 4036              	.LASF127:
 4037 0418 63684465 		.ascii	"chDelegateCallVeneer\000"
 4037      6C656761 
 4037      74654361 
 4037      6C6C5665 
 4037      6E656572 
 4038              	.LASF129:
 4039 042d 61726773 		.ascii	"args\000"
 4039      00
 4040              	.LASF3:
 4041 0432 6C6F6E67 		.ascii	"long double\000"
 4041      20646F75 
 4041      626C6500 
 4042              	.LASF69:
 4043 043e 63685F6C 		.ascii	"ch_list_t\000"
 4043      6973745F 
 4043      7400
 4044              	.LASF138:
 4045 0448 63684D73 		.ascii	"chMsgWaitTimeout\000"
 4045      67576169 
 4045      7454696D 
 4045      656F7574 
 4045      00
 4046              	.LASF53:
 4047 0459 636F6E66 		.ascii	"config\000"
 4047      696700
 4048              	.LASF6:
 4049 0460 73686F72 		.ascii	"short int\000"
 4049      7420696E 
 4049      7400
 4050              	.LASF10:
 4051 046a 6C6F6E67 		.ascii	"long int\000"
 4051      20696E74 
 4051      00
 4052              	.LASF66:
ARM GAS  /tmp/cchxZ3Ge.s 			page 76


 4053 0473 706F7274 		.ascii	"port_intctx\000"
 4053      5F696E74 
 4053      63747800 
 4054              	.LASF143:
 4055 047f 474E5520 		.ascii	"GNU C17 13.3.1 20240614 -mcpu=cortex-r8 -mfloat-abi"
 4055      43313720 
 4055      31332E33 
 4055      2E312032 
 4055      30323430 
 4056 04b2 3D686172 		.ascii	"=hard -mfpu=vfpv3-d16 -mno-thumb-interwork -marm -m"
 4056      64202D6D 
 4056      6670753D 
 4056      76667076 
 4056      332D6431 
 4057 04e5 61726368 		.ascii	"arch=armv7-r+fp+idiv -ggdb -O2 -fomit-frame-pointer"
 4057      3D61726D 
 4057      76372D72 
 4057      2B66702B 
 4057      69646976 
 4058 0518 202D6661 		.ascii	" -falign-functions=16 -ffunction-sections -fdata-se"
 4058      6C69676E 
 4058      2D66756E 
 4058      6374696F 
 4058      6E733D31 
 4059 054b 6374696F 		.ascii	"ctions -fno-common\000"
 4059      6E73202D 
 4059      666E6F2D 
 4059      636F6D6D 
 4059      6F6E00
 4060              	.LASF31:
 4061 055e 7761656E 		.ascii	"waend\000"
 4061      6400
 4062              	.LASF107:
 4063 0564 63737461 		.ascii	"cstack_end\000"
 4063      636B5F65 
 4063      6E6400
 4064              	.LASF105:
 4065 056f 63685F6F 		.ascii	"ch_os_instance_config\000"
 4065      735F696E 
 4065      7374616E 
 4065      63655F63 
 4065      6F6E6669 
 4066              	.LASF82:
 4067 0585 646C6973 		.ascii	"dlist\000"
 4067      7400
 4068              	.LASF17:
 4069 058b 75696E74 		.ascii	"uint64_t\000"
 4069      36345F74 
 4069      00
 4070              	.LASF48:
 4071 0594 726C6973 		.ascii	"rlist\000"
 4071      7400
 4072              	.LASF126:
 4073 059a 63684465 		.ascii	"chDelegateDispatchTimeout\000"
 4073      6C656761 
 4073      74654469 
 4073      73706174 
ARM GAS  /tmp/cchxZ3Ge.s 			page 77


 4073      63685469 
 4074              	.LASF144:
 4075 05b4 2E2E2F2E 		.ascii	"../../../os/oslib/src/chdelegates.c\000"
 4075      2E2F2E2E 
 4075      2F6F732F 
 4075      6F736C69 
 4075      622F7372 
 4076              	.LASF8:
 4077 05d8 5F5F7569 		.ascii	"__uint8_t\000"
 4077      6E74385F 
 4077      7400
 4078              	.LASF35:
 4079 05e2 6E616D65 		.ascii	"name\000"
 4079      00
 4080              	.LASF117:
 4081 05e7 64656C65 		.ascii	"delegate_fn1_t\000"
 4081      67617465 
 4081      5F666E31 
 4081      5F7400
 4082              	.LASF22:
 4083 05f6 74726566 		.ascii	"trefs_t\000"
 4083      735F7400 
 4084              	.LASF12:
 4085 05fe 6C6F6E67 		.ascii	"long unsigned int\000"
 4085      20756E73 
 4085      69676E65 
 4085      6420696E 
 4085      7400
 4086              	.LASF104:
 4087 0610 72656164 		.ascii	"ready_list_t\000"
 4087      795F6C69 
 4087      73745F74 
 4087      00
 4088              	.LASF87:
 4089 061d 71756575 		.ascii	"queue\000"
 4089      6500
 4090              	.LASF15:
 4091 0623 696E7433 		.ascii	"int32_t\000"
 4091      325F7400 
 4092              	.LASF59:
 4093 062b 72666375 		.ascii	"rfcu_t\000"
 4093      5F7400
 4094              	.LASF97:
 4095 0632 77747365 		.ascii	"wtsemp\000"
 4095      6D7000
 4096              	.LASF76:
 4097 0639 63685F70 		.ascii	"ch_priority_queue\000"
 4097      72696F72 
 4097      6974795F 
 4097      71756575 
 4097      6500
 4098              	.LASF73:
 4099 064b 63685F71 		.ascii	"ch_queue\000"
 4099      75657565 
 4099      00
 4100              	.LASF111:
 4101 0654 6D757465 		.ascii	"mutex_t\000"
ARM GAS  /tmp/cchxZ3Ge.s 			page 78


 4101      785F7400 
 4102              	.LASF5:
 4103 065c 756E7369 		.ascii	"unsigned char\000"
 4103      676E6564 
 4103      20636861 
 4103      7200
 4104              	.LASF11:
 4105 066a 5F5F7569 		.ascii	"__uint32_t\000"
 4105      6E743332 
 4105      5F7400
 4106              	.LASF39:
 4107 0675 77616974 		.ascii	"waiting\000"
 4107      696E6700 
 4108              	.LASF85:
 4109 067d 76697274 		.ascii	"virtual_timers_list_t\000"
 4109      75616C5F 
 4109      74696D65 
 4109      72735F6C 
 4109      6973745F 
 4110              	.LASF128:
 4111 0693 74696D65 		.ascii	"timeout\000"
 4111      6F757400 
 4112              	.LASF145:
 4113 069b 2F686F6D 		.ascii	"/home/emirhan/Documents/gemstone/chibiOS-port/Chibi"
 4113      652F656D 
 4113      69726861 
 4113      6E2F446F 
 4113      63756D65 
 4114 06ce 4F532F64 		.ascii	"OS/demos/various/RT-ARMCR8-GENERIC\000"
 4114      656D6F73 
 4114      2F766172 
 4114      696F7573 
 4114      2F52542D 
 4115              	.LASF55:
 4116 06f1 6D61696E 		.ascii	"mainthread\000"
 4116      74687265 
 4116      616400
 4117              	.LASF32:
 4118 06fc 73746174 		.ascii	"state\000"
 4118      6500
 4119              	.LASF45:
 4120 0702 6F735F69 		.ascii	"os_instance_t\000"
 4120      6E737461 
 4120      6E63655F 
 4120      7400
 4121              	.LASF130:
 4122 0710 63684465 		.ascii	"chDelegateDispatch\000"
 4122      6C656761 
 4122      74654469 
 4122      73706174 
 4122      636800
 4123              	.LASF50:
 4124 0723 7265676C 		.ascii	"reglist\000"
 4124      69737400 
 4125              	.LASF96:
 4126 072b 77747472 		.ascii	"wttrp\000"
 4126      7000
ARM GAS  /tmp/cchxZ3Ge.s 			page 79


 4127              	.LASF146:
 4128 0731 5F5F7661 		.ascii	"__va_list\000"
 4128      5F6C6973 
 4128      7400
 4129              	.LASF4:
 4130 073b 7369676E 		.ascii	"signed char\000"
 4130      65642063 
 4130      68617200 
 4131              	.LASF80:
 4132 0747 64656C74 		.ascii	"delta\000"
 4132      6100
 4133              	.LASF7:
 4134 074d 73686F72 		.ascii	"short unsigned int\000"
 4134      7420756E 
 4134      7369676E 
 4134      65642069 
 4134      6E7400
 4135              	.LASF103:
 4136 0760 63757272 		.ascii	"current\000"
 4136      656E7400 
 4137              	.LASF136:
 4138 0768 5F5F6675 		.ascii	"__func__\000"
 4138      6E635F5F 
 4138      00
 4139              	.LASF141:
 4140 0771 706F7274 		.ascii	"port_unlock\000"
 4140      5F756E6C 
 4140      6F636B00 
 4141              	.LASF120:
 4142 077d 64656C65 		.ascii	"delegate_fn4_t\000"
 4142      67617465 
 4142      5F666E34 
 4142      5F7400
 4143              	.LASF123:
 4144 078c 63616C6C 		.ascii	"call_message_t\000"
 4144      5F6D6573 
 4144      73616765 
 4144      5F7400
 4145              	.LASF94:
 4146 079b 65786974 		.ascii	"exitcode\000"
 4146      636F6465 
 4146      00
 4147              	.LASF27:
 4148 07a4 636F7265 		.ascii	"core_id_t\000"
 4148      5F69645F 
 4148      7400
 4149              	.LASF121:
 4150 07ae 76656E65 		.ascii	"veneer\000"
 4150      657200
 4151              		.ident	"GCC: (Arm GNU Toolchain 13.3.Rel1 (Build arm-13.24)) 13.3.1 20240614"
ARM GAS  /tmp/cchxZ3Ge.s 			page 80


DEFINED SYMBOLS
                            *ABS*:00000000 chdelegates.c
     /tmp/cchxZ3Ge.s:21     .text.__ch_delegate_fn0:00000000 $a
     /tmp/cchxZ3Ge.s:27     .text.__ch_delegate_fn0:00000000 __ch_delegate_fn0
     /tmp/cchxZ3Ge.s:50     .text.__ch_delegate_fn1:00000000 $a
     /tmp/cchxZ3Ge.s:56     .text.__ch_delegate_fn1:00000000 __ch_delegate_fn1
     /tmp/cchxZ3Ge.s:88     .text.__ch_delegate_fn2:00000000 $a
     /tmp/cchxZ3Ge.s:94     .text.__ch_delegate_fn2:00000000 __ch_delegate_fn2
     /tmp/cchxZ3Ge.s:141    .text.__ch_delegate_fn3:00000000 $a
     /tmp/cchxZ3Ge.s:147    .text.__ch_delegate_fn3:00000000 __ch_delegate_fn3
     /tmp/cchxZ3Ge.s:193    .text.__ch_delegate_fn4:00000000 $a
     /tmp/cchxZ3Ge.s:199    .text.__ch_delegate_fn4:00000000 __ch_delegate_fn4
     /tmp/cchxZ3Ge.s:250    .text.chDelegateCallVeneer:00000000 $a
     /tmp/cchxZ3Ge.s:256    .text.chDelegateCallVeneer:00000000 chDelegateCallVeneer
     /tmp/cchxZ3Ge.s:317    .text.chDelegateDispatch:00000000 $a
     /tmp/cchxZ3Ge.s:323    .text.chDelegateDispatch:00000000 chDelegateDispatch
     /tmp/cchxZ3Ge.s:458    .text.chDelegateDispatchTimeout:00000000 $a
     /tmp/cchxZ3Ge.s:464    .text.chDelegateDispatchTimeout:00000000 chDelegateDispatchTimeout

UNDEFINED SYMBOLS
chMsgSend
chMsgWaitS
chMsgRelease
chMsgWaitTimeoutS
