ARM GAS  /tmp/ccwxRkBW.s 			page 1


   1              		.cpu cortex-r8
   2              		.arch armv7-r
   3              		.fpu vfpv3-d16
   4              		.arch_extension idiv
   5              		.eabi_attribute 28, 1
   6              		.eabi_attribute 20, 1
   7              		.eabi_attribute 21, 1
   8              		.eabi_attribute 23, 3
   9              		.eabi_attribute 24, 1
  10              		.eabi_attribute 25, 1
  11              		.eabi_attribute 26, 1
  12              		.eabi_attribute 30, 2
  13              		.eabi_attribute 34, 1
  14              		.eabi_attribute 18, 4
  15              		.file	"chevents.c"
  16              		.text
  17              	.Ltext0:
  18              		.cfi_sections	.debug_frame
  19              		.file 1 "../../../os/rt/src/chevents.c"
  20              		.section	.text.chEvtObjectInit,"ax",%progbits
  21              		.align	2
  22              		.p2align 4,,15
  23              		.global	chEvtObjectInit
  24              		.syntax unified
  25              		.arm
  26              		.type	chEvtObjectInit, %function
  27              	chEvtObjectInit:
  28              	.LVL0:
  29              	.LFB207:
  30              		.loc 1 98 43 view -0
  31              		.cfi_startproc
  32              		@ args = 0, pretend = 0, frame = 0
  33              		@ frame_needed = 0, uses_anonymous_args = 0
  34              		@ link register save eliminated.
  35              		.loc 1 100 3 view .LVU1
  36              		.loc 1 100 3 view .LVU2
  37              		.loc 1 100 3 discriminator 5 view .LVU3
  38              		.loc 1 102 3 view .LVU4
  39              		.loc 1 102 13 is_stmt 0 view .LVU5
  40 0000 000080E5 		str	r0, [r0]
  41              		.loc 1 103 1 view .LVU6
  42 0004 1EFF2FE1 		bx	lr
  43              		.cfi_endproc
  44              	.LFE207:
  45              		.size	chEvtObjectInit, .-chEvtObjectInit
  46              		.section	.text.chEvtObjectDispose,"ax",%progbits
  47              		.align	2
  48              		.p2align 4,,15
  49              		.global	chEvtObjectDispose
  50              		.syntax unified
  51              		.arm
  52              		.type	chEvtObjectDispose, %function
  53              	chEvtObjectDispose:
  54              	.LVL1:
  55              	.LFB208:
  56              		.loc 1 120 46 is_stmt 1 view -0
  57              		.cfi_startproc
ARM GAS  /tmp/ccwxRkBW.s 			page 2


  58              		@ args = 0, pretend = 0, frame = 0
  59              		@ frame_needed = 0, uses_anonymous_args = 0
  60              		@ link register save eliminated.
  61              		.loc 1 122 3 view .LVU8
  62              		.loc 1 122 3 view .LVU9
  63              		.loc 1 122 3 discriminator 5 view .LVU10
  64              		.loc 1 124 3 view .LVU11
  65              		.loc 1 124 3 view .LVU12
  66              		.loc 1 124 3 discriminator 7 view .LVU13
  67              		.loc 1 124 3 discriminator 7 view .LVU14
  68              		.loc 1 126 3 view .LVU15
  69              		.loc 1 126 3 view .LVU16
  70              		.loc 1 126 3 discriminator 5 view .LVU17
  71              		.loc 1 131 1 is_stmt 0 view .LVU18
  72 0000 1EFF2FE1 		bx	lr
  73              		.cfi_endproc
  74              	.LFE208:
  75              		.size	chEvtObjectDispose, .-chEvtObjectDispose
  76              		.section	.text.chEvtRegisterMaskWithFlagsI,"ax",%progbits
  77              		.align	2
  78              		.p2align 4,,15
  79              		.global	chEvtRegisterMaskWithFlagsI
  80              		.syntax unified
  81              		.arm
  82              		.type	chEvtRegisterMaskWithFlagsI, %function
  83              	chEvtRegisterMaskWithFlagsI:
  84              	.LVL2:
  85              	.LFB209:
  86              		.loc 1 151 55 is_stmt 1 view -0
  87              		.cfi_startproc
  88              		@ args = 0, pretend = 0, frame = 0
  89              		@ frame_needed = 0, uses_anonymous_args = 0
  90              		.loc 1 152 3 view .LVU20
  91              	.LBB160:
  92              	.LBI160:
  93              		.file 2 "../../../os/rt/include/chthreads.h"
  94              		.loc 2 526 25 view .LVU21
  95              	.LBB161:
  96              		.loc 2 528 3 view .LVU22
  97              		.loc 2 528 10 is_stmt 0 view .LVU23
  98 0000 00C000E3 		movw	ip, #:lower16:ch0
  99              	.LBE161:
 100              	.LBE160:
 101              		.loc 1 151 55 view .LVU24
 102 0004 10402DE9 		push	{r4, lr}
 103              		.cfi_def_cfa_offset 8
 104              		.cfi_offset 4, -8
 105              		.cfi_offset 14, -4
 106              		.loc 1 161 17 view .LVU25
 107 0008 00E0A0E3 		mov	lr, #0
 108              	.LBB164:
 109              	.LBB162:
 110              		.loc 2 528 10 view .LVU26
 111 000c 00C040E3 		movt	ip, #:upper16:ch0
 112              	.LBE162:
 113              	.LBE164:
 114              		.loc 1 157 17 view .LVU27
ARM GAS  /tmp/ccwxRkBW.s 			page 3


 115 0010 004090E5 		ldr	r4, [r0]
 116              	.LBB165:
 117              	.LBB163:
 118              		.loc 2 528 10 view .LVU28
 119 0014 0CC09CE5 		ldr	ip, [ip, #12]
 120              	.LVL3:
 121              		.loc 2 528 10 view .LVU29
 122              	.LBE163:
 123              	.LBE165:
 124              		.loc 1 154 21 is_stmt 1 view .LVU30
 125              		.loc 1 155 3 view .LVU31
 126              		.loc 1 155 3 view .LVU32
 127              		.loc 1 155 3 discriminator 5 view .LVU33
 128              		.loc 1 157 3 view .LVU34
 129              		.loc 1 157 17 is_stmt 0 view .LVU35
 130 0018 004081E5 		str	r4, [r1]
 131              		.loc 1 158 3 is_stmt 1 view .LVU36
 132              		.loc 1 158 17 is_stmt 0 view .LVU37
 133 001c 001080E5 		str	r1, [r0]
 134              		.loc 1 159 3 is_stmt 1 view .LVU38
 135              		.loc 1 159 17 is_stmt 0 view .LVU39
 136 0020 04C081E5 		str	ip, [r1, #4]
 137              		.loc 1 160 3 is_stmt 1 view .LVU40
 138              		.loc 1 160 17 is_stmt 0 view .LVU41
 139 0024 082081E5 		str	r2, [r1, #8]
 140              		.loc 1 161 3 is_stmt 1 view .LVU42
 141              		.loc 1 161 17 is_stmt 0 view .LVU43
 142 0028 0CE081E5 		str	lr, [r1, #12]
 143              		.loc 1 162 3 is_stmt 1 view .LVU44
 144              		.loc 1 162 17 is_stmt 0 view .LVU45
 145 002c 103081E5 		str	r3, [r1, #16]
 146              		.loc 1 163 1 view .LVU46
 147 0030 1080BDE8 		pop	{r4, pc}
 148              		.cfi_endproc
 149              	.LFE209:
 150              		.size	chEvtRegisterMaskWithFlagsI, .-chEvtRegisterMaskWithFlagsI
 151              		.section	.text.chEvtRegisterMaskWithFlags,"ax",%progbits
 152              		.align	2
 153              		.p2align 4,,15
 154              		.global	chEvtRegisterMaskWithFlags
 155              		.syntax unified
 156              		.arm
 157              		.type	chEvtRegisterMaskWithFlags, %function
 158              	chEvtRegisterMaskWithFlags:
 159              	.LVL4:
 160              	.LFB210:
 161              		.loc 1 183 54 is_stmt 1 view -0
 162              		.cfi_startproc
 163              		@ args = 0, pretend = 0, frame = 0
 164              		@ frame_needed = 0, uses_anonymous_args = 0
 165              		.loc 1 185 3 view .LVU48
 166              	.LBB166:
 167              	.LBI166:
 168              		.file 3 "../../../os/rt/include/chsys.h"
 169              		.loc 3 371 20 view .LVU49
 170              		.loc 3 373 3 view .LVU50
 171              	.LBB167:
ARM GAS  /tmp/ccwxRkBW.s 			page 4


 172              	.LBI167:
 173              		.file 4 "../../../os/common/ports/ARMv7-R/chcore.h"
 174              		.loc 4 739 20 view .LVU51
 175              	.LBB168:
 176              		.loc 4 741 3 view .LVU52
 177              	.LBE168:
 178              	.LBE167:
 179              	.LBE166:
 180              		.loc 1 183 54 is_stmt 0 view .LVU53
 181 0000 10402DE9 		push	{r4, lr}
 182              		.cfi_def_cfa_offset 8
 183              		.cfi_offset 4, -8
 184              		.cfi_offset 14, -4
 185              	.LBB171:
 186              	.LBB170:
 187              	.LBB169:
 188              		.loc 4 741 3 view .LVU54
 189              		.syntax divided
 190              	@ 741 "../../../os/common/ports/ARMv7-R/chcore.h" 1
 191 0004 80000CF1 		cpsid   i
 192              	@ 0 "" 2
 193              		.arm
 194              		.syntax unified
 195              	.LBE169:
 196              	.LBE170:
 197              		.loc 3 374 35 is_stmt 1 view .LVU55
 198              		.loc 3 375 21 view .LVU56
 199              	.LBE171:
 200              		.loc 1 186 3 view .LVU57
 201              	.LVL5:
 202              	.LBB172:
 203              	.LBI172:
 204              		.loc 1 148 6 view .LVU58
 205              	.LBB173:
 206              		.loc 1 152 3 view .LVU59
 207              	.LBB174:
 208              	.LBI174:
 209              		.loc 2 526 25 view .LVU60
 210              	.LBB175:
 211              		.loc 2 528 3 view .LVU61
 212              		.loc 2 528 10 is_stmt 0 view .LVU62
 213 0008 00C000E3 		movw	ip, #:lower16:ch0
 214              	.LBE175:
 215              	.LBE174:
 216              		.loc 1 161 17 view .LVU63
 217 000c 00E0A0E3 		mov	lr, #0
 218              	.LBB178:
 219              	.LBB176:
 220              		.loc 2 528 10 view .LVU64
 221 0010 00C040E3 		movt	ip, #:upper16:ch0
 222              	.LBE176:
 223              	.LBE178:
 224              		.loc 1 157 17 view .LVU65
 225 0014 004090E5 		ldr	r4, [r0]
 226              	.LBB179:
 227              	.LBB177:
 228              		.loc 2 528 10 view .LVU66
ARM GAS  /tmp/ccwxRkBW.s 			page 5


 229 0018 0CC09CE5 		ldr	ip, [ip, #12]
 230              	.LVL6:
 231              		.loc 2 528 10 view .LVU67
 232              	.LBE177:
 233              	.LBE179:
 234              		.loc 1 154 21 is_stmt 1 view .LVU68
 235              		.loc 1 155 3 view .LVU69
 236              		.loc 1 155 3 view .LVU70
 237              		.loc 1 155 3 discriminator 5 view .LVU71
 238              		.loc 1 157 3 view .LVU72
 239              		.loc 1 157 17 is_stmt 0 view .LVU73
 240 001c 004081E5 		str	r4, [r1]
 241              		.loc 1 158 3 is_stmt 1 view .LVU74
 242              		.loc 1 158 17 is_stmt 0 view .LVU75
 243 0020 001080E5 		str	r1, [r0]
 244              		.loc 1 159 3 is_stmt 1 view .LVU76
 245              		.loc 1 160 17 is_stmt 0 view .LVU77
 246 0024 082081E5 		str	r2, [r1, #8]
 247              		.loc 1 159 17 view .LVU78
 248 0028 04C081E5 		str	ip, [r1, #4]
 249              		.loc 1 160 3 is_stmt 1 view .LVU79
 250              		.loc 1 161 3 view .LVU80
 251              		.loc 1 161 17 is_stmt 0 view .LVU81
 252 002c 0CE081E5 		str	lr, [r1, #12]
 253              		.loc 1 162 3 is_stmt 1 view .LVU82
 254              		.loc 1 162 17 is_stmt 0 view .LVU83
 255 0030 103081E5 		str	r3, [r1, #16]
 256              	.LVL7:
 257              		.loc 1 162 17 view .LVU84
 258              	.LBE173:
 259              	.LBE172:
 260              		.loc 1 187 3 is_stmt 1 view .LVU85
 261              	.LBB180:
 262              	.LBI180:
 263              		.loc 3 385 20 view .LVU86
 264              	.LBB181:
 265              		.loc 3 387 23 view .LVU87
 266              		.loc 3 388 34 view .LVU88
 267              		.loc 3 394 3 view .LVU89
 268              		.loc 3 394 3 view .LVU90
 269              		.loc 3 394 3 discriminator 7 view .LVU91
 270              		.loc 3 398 3 view .LVU92
 271              	.LBB182:
 272              	.LBI182:
 273              		.loc 4 751 20 view .LVU93
 274              	.LBB183:
 275              		.loc 4 756 3 view .LVU94
 276              		.syntax divided
 277              	@ 756 "../../../os/common/ports/ARMv7-R/chcore.h" 1
 278 0034 C00008F1 		cpsie   if
 279              	@ 0 "" 2
 280              		.arm
 281              		.syntax unified
 282              	.LBE183:
 283              	.LBE182:
 284              	.LBE181:
 285              	.LBE180:
ARM GAS  /tmp/ccwxRkBW.s 			page 6


 286              		.loc 1 188 1 is_stmt 0 view .LVU95
 287 0038 1080BDE8 		pop	{r4, pc}
 288              		.cfi_endproc
 289              	.LFE210:
 290              		.size	chEvtRegisterMaskWithFlags, .-chEvtRegisterMaskWithFlags
 291              		.section	.text.chEvtUnregister,"ax",%progbits
 292              		.align	2
 293              		.p2align 4,,15
 294              		.global	chEvtUnregister
 295              		.syntax unified
 296              		.arm
 297              		.type	chEvtUnregister, %function
 298              	chEvtUnregister:
 299              	.LVL8:
 300              	.LFB211:
 301              		.loc 1 203 66 is_stmt 1 view -0
 302              		.cfi_startproc
 303              		@ args = 0, pretend = 0, frame = 0
 304              		@ frame_needed = 0, uses_anonymous_args = 0
 305              		@ link register save eliminated.
 306              		.loc 1 204 3 view .LVU97
 307              		.loc 1 206 3 view .LVU98
 308              		.loc 1 206 3 view .LVU99
 309              		.loc 1 206 3 discriminator 5 view .LVU100
 310              		.loc 1 209 3 view .LVU101
 311              		.loc 1 211 3 view .LVU102
 312              	.LBB184:
 313              	.LBI184:
 314              		.loc 3 371 20 view .LVU103
 315              	.LBB185:
 316              		.loc 3 373 3 view .LVU104
 317              	.LBB186:
 318              	.LBI186:
 319              		.loc 4 739 20 view .LVU105
 320              	.LBB187:
 321              		.loc 4 741 3 view .LVU106
 322              		.syntax divided
 323              	@ 741 "../../../os/common/ports/ARMv7-R/chcore.h" 1
 324 0000 80000CF1 		cpsid   i
 325              	@ 0 "" 2
 326              		.arm
 327              		.syntax unified
 328              	.LBE187:
 329              	.LBE186:
 330              		.loc 3 374 35 view .LVU107
 331              		.loc 3 375 21 view .LVU108
 332              	.LBE185:
 333              	.LBE184:
 334              		.loc 1 213 3 view .LVU109
 335              		.loc 1 209 5 is_stmt 0 view .LVU110
 336 0004 0030A0E1 		mov	r3, r0
 337              	.LBB189:
 338              	.LBB188:
 339              		.loc 3 376 1 view .LVU111
 340 0008 010000EA 		b	.L9
 341              	.LVL9:
 342              	.L11:
ARM GAS  /tmp/ccwxRkBW.s 			page 7


 343              		.loc 3 376 1 view .LVU112
 344              	.LBE188:
 345              	.LBE189:
 346              		.loc 1 215 8 view .LVU113
 347 000c 010053E1 		cmp	r3, r1
 348 0010 0500000A 		beq	.L13
 349              	.LVL10:
 350              	.L9:
 351              		.loc 1 215 5 is_stmt 1 view .LVU114
 352              		.loc 1 213 18 view .LVU115
 353 0014 0320A0E1 		mov	r2, r3
 354              		.loc 1 213 11 is_stmt 0 view .LVU116
 355 0018 003093E5 		ldr	r3, [r3]
 356              	.LVL11:
 357              		.loc 1 213 18 view .LVU117
 358 001c 030050E1 		cmp	r0, r3
 359 0020 F9FFFF1A 		bne	.L11
 360              		.loc 1 221 3 is_stmt 1 view .LVU118
 361              	.LBB190:
 362              	.LBI190:
 363              		.loc 3 385 20 view .LVU119
 364              	.LBB191:
 365              		.loc 3 387 23 view .LVU120
 366              		.loc 3 388 34 view .LVU121
 367              		.loc 3 394 3 view .LVU122
 368              		.loc 3 394 3 view .LVU123
 369              		.loc 3 394 3 discriminator 7 view .LVU124
 370              		.loc 3 398 3 view .LVU125
 371              	.LBB192:
 372              	.LBI192:
 373              		.loc 4 751 20 view .LVU126
 374              	.LBB193:
 375              		.loc 4 756 3 view .LVU127
 376              		.syntax divided
 377              	@ 756 "../../../os/common/ports/ARMv7-R/chcore.h" 1
 378 0024 C00008F1 		cpsie   if
 379              	@ 0 "" 2
 380              		.arm
 381              		.syntax unified
 382              	.LBE193:
 383              	.LBE192:
 384              	.LBE191:
 385              	.LBE190:
 386              		.loc 1 222 1 is_stmt 0 view .LVU128
 387 0028 1EFF2FE1 		bx	lr
 388              	.L13:
 389              		.loc 1 216 7 is_stmt 1 view .LVU129
 390              		.loc 1 216 20 is_stmt 0 view .LVU130
 391 002c 003093E5 		ldr	r3, [r3]
 392              		.loc 1 216 15 view .LVU131
 393 0030 003082E5 		str	r3, [r2]
 394              		.loc 1 217 7 is_stmt 1 view .LVU132
 395              		.loc 1 221 3 view .LVU133
 396              	.LBB197:
 397              		.loc 3 385 20 view .LVU134
 398              	.LBB196:
 399              		.loc 3 387 23 view .LVU135
ARM GAS  /tmp/ccwxRkBW.s 			page 8


 400              		.loc 3 388 34 view .LVU136
 401              		.loc 3 394 3 view .LVU137
 402              		.loc 3 394 3 view .LVU138
 403              		.loc 3 394 3 discriminator 7 view .LVU139
 404              		.loc 3 398 3 view .LVU140
 405              	.LBB195:
 406              		.loc 4 751 20 view .LVU141
 407              	.LBB194:
 408              		.loc 4 756 3 view .LVU142
 409              		.syntax divided
 410              	@ 756 "../../../os/common/ports/ARMv7-R/chcore.h" 1
 411 0034 C00008F1 		cpsie   if
 412              	@ 0 "" 2
 413              		.arm
 414              		.syntax unified
 415              	.LBE194:
 416              	.LBE195:
 417              	.LBE196:
 418              	.LBE197:
 419              		.loc 1 222 1 is_stmt 0 view .LVU143
 420 0038 1EFF2FE1 		bx	lr
 421              		.cfi_endproc
 422              	.LFE211:
 423              		.size	chEvtUnregister, .-chEvtUnregister
 424              		.section	.text.chEvtGetAndClearEventsI,"ax",%progbits
 425              		.align	2
 426              		.p2align 4,,15
 427              		.global	chEvtGetAndClearEventsI
 428              		.syntax unified
 429              		.arm
 430              		.type	chEvtGetAndClearEventsI, %function
 431              	chEvtGetAndClearEventsI:
 432              	.LVL12:
 433              	.LFB212:
 434              		.loc 1 232 57 is_stmt 1 view -0
 435              		.cfi_startproc
 436              		@ args = 0, pretend = 0, frame = 0
 437              		@ frame_needed = 0, uses_anonymous_args = 0
 438              		@ link register save eliminated.
 439              		.loc 1 233 3 view .LVU145
 440              	.LBB198:
 441              	.LBI198:
 442              		.loc 2 526 25 view .LVU146
 443              	.LBB199:
 444              		.loc 2 528 3 view .LVU147
 445              		.loc 2 528 10 is_stmt 0 view .LVU148
 446 0000 003000E3 		movw	r3, #:lower16:ch0
 447 0004 003040E3 		movt	r3, #:upper16:ch0
 448 0008 0C3093E5 		ldr	r3, [r3, #12]
 449              	.LVL13:
 450              		.loc 2 528 10 view .LVU149
 451              	.LBE199:
 452              	.LBE198:
 453              		.loc 1 234 3 is_stmt 1 view .LVU150
 454              		.loc 1 236 21 view .LVU151
 455              		.loc 1 238 3 view .LVU152
 456              		.loc 1 238 13 is_stmt 0 view .LVU153
ARM GAS  /tmp/ccwxRkBW.s 			page 9


 457 000c 482093E5 		ldr	r2, [r3, #72]
 458              	.LVL14:
 459              		.loc 1 239 3 is_stmt 1 view .LVU154
 460              		.loc 1 239 20 is_stmt 0 view .LVU155
 461 0010 0010C2E1 		bic	r1, r2, r0
 462 0014 481083E5 		str	r1, [r3, #72]
 463              		.loc 1 241 3 is_stmt 1 view .LVU156
 464              		.loc 1 242 1 is_stmt 0 view .LVU157
 465 0018 020000E0 		and	r0, r0, r2
 466              	.LVL15:
 467              		.loc 1 242 1 view .LVU158
 468 001c 1EFF2FE1 		bx	lr
 469              		.cfi_endproc
 470              	.LFE212:
 471              		.size	chEvtGetAndClearEventsI, .-chEvtGetAndClearEventsI
 472              		.section	.text.chEvtGetAndClearEvents,"ax",%progbits
 473              		.align	2
 474              		.p2align 4,,15
 475              		.global	chEvtGetAndClearEvents
 476              		.syntax unified
 477              		.arm
 478              		.type	chEvtGetAndClearEvents, %function
 479              	chEvtGetAndClearEvents:
 480              	.LVL16:
 481              	.LFB213:
 482              		.loc 1 252 56 is_stmt 1 view -0
 483              		.cfi_startproc
 484              		@ args = 0, pretend = 0, frame = 0
 485              		@ frame_needed = 0, uses_anonymous_args = 0
 486              		@ link register save eliminated.
 487              		.loc 1 253 3 view .LVU160
 488              		.loc 1 255 3 view .LVU161
 489              	.LBB200:
 490              	.LBI200:
 491              		.loc 3 371 20 view .LVU162
 492              		.loc 3 373 3 view .LVU163
 493              	.LBB201:
 494              	.LBI201:
 495              		.loc 4 739 20 view .LVU164
 496              	.LBB202:
 497              		.loc 4 741 3 view .LVU165
 498              		.syntax divided
 499              	@ 741 "../../../os/common/ports/ARMv7-R/chcore.h" 1
 500 0000 80000CF1 		cpsid   i
 501              	@ 0 "" 2
 502              		.arm
 503              		.syntax unified
 504              	.LBE202:
 505              	.LBE201:
 506              		.loc 3 374 35 view .LVU166
 507              		.loc 3 375 21 view .LVU167
 508              	.LBE200:
 509              		.loc 1 256 3 view .LVU168
 510              	.LVL17:
 511              	.LBB203:
 512              	.LBI203:
 513              		.loc 1 232 13 view .LVU169
ARM GAS  /tmp/ccwxRkBW.s 			page 10


 514              	.LBB204:
 515              		.loc 1 233 3 view .LVU170
 516              	.LBB205:
 517              	.LBI205:
 518              		.loc 2 526 25 view .LVU171
 519              	.LBB206:
 520              		.loc 2 528 3 view .LVU172
 521              		.loc 2 528 10 is_stmt 0 view .LVU173
 522 0004 003000E3 		movw	r3, #:lower16:ch0
 523 0008 003040E3 		movt	r3, #:upper16:ch0
 524 000c 0C2093E5 		ldr	r2, [r3, #12]
 525              	.LVL18:
 526              		.loc 2 528 10 view .LVU174
 527              	.LBE206:
 528              	.LBE205:
 529              		.loc 1 234 3 is_stmt 1 view .LVU175
 530              		.loc 1 236 21 view .LVU176
 531              		.loc 1 238 3 view .LVU177
 532              		.loc 1 238 13 is_stmt 0 view .LVU178
 533 0010 483092E5 		ldr	r3, [r2, #72]
 534              	.LVL19:
 535              		.loc 1 239 3 is_stmt 1 view .LVU179
 536              		.loc 1 239 20 is_stmt 0 view .LVU180
 537 0014 0010C3E1 		bic	r1, r3, r0
 538 0018 481082E5 		str	r1, [r2, #72]
 539              		.loc 1 241 3 is_stmt 1 view .LVU181
 540              	.LVL20:
 541              		.loc 1 241 3 is_stmt 0 view .LVU182
 542              	.LBE204:
 543              	.LBE203:
 544              		.loc 1 257 3 is_stmt 1 view .LVU183
 545              	.LBB207:
 546              	.LBI207:
 547              		.loc 3 385 20 view .LVU184
 548              	.LBB208:
 549              		.loc 3 387 23 view .LVU185
 550              		.loc 3 388 34 view .LVU186
 551              		.loc 3 394 3 view .LVU187
 552              		.loc 3 394 3 view .LVU188
 553              		.loc 3 394 3 discriminator 7 view .LVU189
 554              		.loc 3 398 3 view .LVU190
 555              	.LBB209:
 556              	.LBI209:
 557              		.loc 4 751 20 view .LVU191
 558              	.LBB210:
 559              		.loc 4 756 3 view .LVU192
 560              		.syntax divided
 561              	@ 756 "../../../os/common/ports/ARMv7-R/chcore.h" 1
 562 001c C00008F1 		cpsie   if
 563              	@ 0 "" 2
 564              		.arm
 565              		.syntax unified
 566              	.LBE210:
 567              	.LBE209:
 568              	.LBE208:
 569              	.LBE207:
 570              		.loc 1 259 3 view .LVU193
ARM GAS  /tmp/ccwxRkBW.s 			page 11


 571              		.loc 1 260 1 is_stmt 0 view .LVU194
 572 0020 030000E0 		and	r0, r0, r3
 573              	.LVL21:
 574              		.loc 1 260 1 view .LVU195
 575 0024 1EFF2FE1 		bx	lr
 576              		.cfi_endproc
 577              	.LFE213:
 578              		.size	chEvtGetAndClearEvents, .-chEvtGetAndClearEvents
 579              		.section	.text.chEvtAddEvents,"ax",%progbits
 580              		.align	2
 581              		.p2align 4,,15
 582              		.global	chEvtAddEvents
 583              		.syntax unified
 584              		.arm
 585              		.type	chEvtAddEvents, %function
 586              	chEvtAddEvents:
 587              	.LVL22:
 588              	.LFB214:
 589              		.loc 1 271 48 is_stmt 1 view -0
 590              		.cfi_startproc
 591              		@ args = 0, pretend = 0, frame = 0
 592              		@ frame_needed = 0, uses_anonymous_args = 0
 593              		@ link register save eliminated.
 594              		.loc 1 272 3 view .LVU197
 595              		.loc 1 274 3 view .LVU198
 596              	.LBB211:
 597              	.LBI211:
 598              		.loc 3 371 20 view .LVU199
 599              		.loc 3 373 3 view .LVU200
 600              	.LBB212:
 601              	.LBI212:
 602              		.loc 4 739 20 view .LVU201
 603              	.LBB213:
 604              		.loc 4 741 3 view .LVU202
 605              		.syntax divided
 606              	@ 741 "../../../os/common/ports/ARMv7-R/chcore.h" 1
 607 0000 80000CF1 		cpsid   i
 608              	@ 0 "" 2
 609              		.arm
 610              		.syntax unified
 611              	.LBE213:
 612              	.LBE212:
 613              		.loc 3 374 35 view .LVU203
 614              		.loc 3 375 21 view .LVU204
 615              	.LBE211:
 616              		.loc 1 275 3 view .LVU205
 617              	.LVL23:
 618              	.LBB214:
 619              	.LBI214:
 620              		.file 5 "../../../os/rt/include/chevents.h"
 621              		.loc 5 263 27 view .LVU206
 622              	.LBB215:
 623              		.loc 5 265 3 view .LVU207
 624              		.loc 5 265 10 is_stmt 0 view .LVU208
 625 0004 003000E3 		movw	r3, #:lower16:ch0
 626 0008 003040E3 		movt	r3, #:upper16:ch0
 627 000c 0C3093E5 		ldr	r3, [r3, #12]
ARM GAS  /tmp/ccwxRkBW.s 			page 12


 628              		.loc 5 265 43 view .LVU209
 629 0010 482093E5 		ldr	r2, [r3, #72]
 630 0014 020080E1 		orr	r0, r0, r2
 631              	.LVL24:
 632              		.loc 5 265 43 view .LVU210
 633 0018 480083E5 		str	r0, [r3, #72]
 634              	.LVL25:
 635              		.loc 5 265 43 view .LVU211
 636              	.LBE215:
 637              	.LBE214:
 638              		.loc 1 276 3 is_stmt 1 view .LVU212
 639              	.LBB216:
 640              	.LBI216:
 641              		.loc 3 385 20 view .LVU213
 642              	.LBB217:
 643              		.loc 3 387 23 view .LVU214
 644              		.loc 3 388 34 view .LVU215
 645              		.loc 3 394 3 view .LVU216
 646              		.loc 3 394 3 view .LVU217
 647              		.loc 3 394 3 discriminator 7 view .LVU218
 648              		.loc 3 398 3 view .LVU219
 649              	.LBB218:
 650              	.LBI218:
 651              		.loc 4 751 20 view .LVU220
 652              	.LBB219:
 653              		.loc 4 756 3 view .LVU221
 654              		.syntax divided
 655              	@ 756 "../../../os/common/ports/ARMv7-R/chcore.h" 1
 656 001c C00008F1 		cpsie   if
 657              	@ 0 "" 2
 658              		.arm
 659              		.syntax unified
 660              	.LBE219:
 661              	.LBE218:
 662              	.LBE217:
 663              	.LBE216:
 664              		.loc 1 278 3 view .LVU222
 665              		.loc 1 279 1 is_stmt 0 view .LVU223
 666 0020 1EFF2FE1 		bx	lr
 667              		.cfi_endproc
 668              	.LFE214:
 669              		.size	chEvtAddEvents, .-chEvtAddEvents
 670              		.section	.text.chEvtGetAndClearFlagsI,"ax",%progbits
 671              		.align	2
 672              		.p2align 4,,15
 673              		.global	chEvtGetAndClearFlagsI
 674              		.syntax unified
 675              		.arm
 676              		.type	chEvtGetAndClearFlagsI, %function
 677              	chEvtGetAndClearFlagsI:
 678              	.LVL26:
 679              	.LFB215:
 680              		.loc 1 292 60 is_stmt 1 view -0
 681              		.cfi_startproc
 682              		@ args = 0, pretend = 0, frame = 0
 683              		@ frame_needed = 0, uses_anonymous_args = 0
 684              		@ link register save eliminated.
ARM GAS  /tmp/ccwxRkBW.s 			page 13


 685              		.loc 1 293 3 view .LVU225
 686              		.loc 1 295 21 view .LVU226
 687              		.loc 1 296 3 view .LVU227
 688              		.loc 1 296 3 view .LVU228
 689              		.loc 1 296 3 discriminator 5 view .LVU229
 690              		.loc 1 298 3 view .LVU230
 691              		.loc 1 299 14 is_stmt 0 view .LVU231
 692 0000 0010A0E3 		mov	r1, #0
 693              		.loc 1 301 16 view .LVU232
 694 0004 DC20C0E1 		ldrd	r2, [r0, #12]
 695              		.loc 1 299 14 view .LVU233
 696 0008 0C1080E5 		str	r1, [r0, #12]
 697              		.loc 1 301 3 is_stmt 1 view .LVU234
 698              		.loc 1 302 1 is_stmt 0 view .LVU235
 699 000c 030002E0 		and	r0, r2, r3
 700              	.LVL27:
 701              		.loc 1 302 1 view .LVU236
 702 0010 1EFF2FE1 		bx	lr
 703              		.cfi_endproc
 704              	.LFE215:
 705              		.size	chEvtGetAndClearFlagsI, .-chEvtGetAndClearFlagsI
 706              		.section	.text.chEvtGetAndClearFlags,"ax",%progbits
 707              		.align	2
 708              		.p2align 4,,15
 709              		.global	chEvtGetAndClearFlags
 710              		.syntax unified
 711              		.arm
 712              		.type	chEvtGetAndClearFlags, %function
 713              	chEvtGetAndClearFlags:
 714              	.LVL28:
 715              	.LFB216:
 716              		.loc 1 315 59 is_stmt 1 view -0
 717              		.cfi_startproc
 718              		@ args = 0, pretend = 0, frame = 0
 719              		@ frame_needed = 0, uses_anonymous_args = 0
 720              		@ link register save eliminated.
 721              		.loc 1 316 3 view .LVU238
 722              		.loc 1 318 3 view .LVU239
 723              		.loc 1 318 3 view .LVU240
 724              		.loc 1 318 3 discriminator 5 view .LVU241
 725              		.loc 1 320 3 view .LVU242
 726              	.LBB220:
 727              	.LBI220:
 728              		.loc 3 371 20 view .LVU243
 729              		.loc 3 373 3 view .LVU244
 730              	.LBB221:
 731              	.LBI221:
 732              		.loc 4 739 20 view .LVU245
 733              	.LBB222:
 734              		.loc 4 741 3 view .LVU246
 735              		.syntax divided
 736              	@ 741 "../../../os/common/ports/ARMv7-R/chcore.h" 1
 737 0000 80000CF1 		cpsid   i
 738              	@ 0 "" 2
 739              		.arm
 740              		.syntax unified
 741              	.LBE222:
ARM GAS  /tmp/ccwxRkBW.s 			page 14


 742              	.LBE221:
 743              		.loc 3 374 35 view .LVU247
 744              		.loc 3 375 21 view .LVU248
 745              	.LBE220:
 746              		.loc 1 321 3 view .LVU249
 747              		.loc 1 322 14 is_stmt 0 view .LVU250
 748 0004 0030A0E3 		mov	r3, #0
 749              		.loc 1 321 9 view .LVU251
 750 0008 0C2090E5 		ldr	r2, [r0, #12]
 751              	.LVL29:
 752              		.loc 1 322 3 is_stmt 1 view .LVU252
 753              		.loc 1 322 14 is_stmt 0 view .LVU253
 754 000c 0C3080E5 		str	r3, [r0, #12]
 755              		.loc 1 323 3 is_stmt 1 view .LVU254
 756              	.LBB223:
 757              	.LBI223:
 758              		.loc 3 385 20 view .LVU255
 759              	.LBB224:
 760              		.loc 3 387 23 view .LVU256
 761              		.loc 3 388 34 view .LVU257
 762              		.loc 3 394 3 view .LVU258
 763              		.loc 3 394 3 view .LVU259
 764              		.loc 3 394 3 discriminator 7 view .LVU260
 765              		.loc 3 398 3 view .LVU261
 766              	.LBB225:
 767              	.LBI225:
 768              		.loc 4 751 20 view .LVU262
 769              	.LBB226:
 770              		.loc 4 756 3 view .LVU263
 771              		.syntax divided
 772              	@ 756 "../../../os/common/ports/ARMv7-R/chcore.h" 1
 773 0010 C00008F1 		cpsie   if
 774              	@ 0 "" 2
 775              		.arm
 776              		.syntax unified
 777              	.LBE226:
 778              	.LBE225:
 779              	.LBE224:
 780              	.LBE223:
 781              		.loc 1 325 3 view .LVU264
 782              		.loc 1 325 16 is_stmt 0 view .LVU265
 783 0014 100090E5 		ldr	r0, [r0, #16]
 784              	.LVL30:
 785              		.loc 1 326 1 view .LVU266
 786 0018 020000E0 		and	r0, r0, r2
 787 001c 1EFF2FE1 		bx	lr
 788              		.cfi_endproc
 789              	.LFE216:
 790              		.size	chEvtGetAndClearFlags, .-chEvtGetAndClearFlags
 791              		.section	.text.chEvtSignalI,"ax",%progbits
 792              		.align	2
 793              		.p2align 4,,15
 794              		.global	chEvtSignalI
 795              		.syntax unified
 796              		.arm
 797              		.type	chEvtSignalI, %function
 798              	chEvtSignalI:
ARM GAS  /tmp/ccwxRkBW.s 			page 15


 799              	.LVL31:
 800              	.LFB217:
 801              		.loc 1 340 53 is_stmt 1 view -0
 802              		.cfi_startproc
 803              		@ args = 0, pretend = 0, frame = 0
 804              		@ frame_needed = 0, uses_anonymous_args = 0
 805              		@ link register save eliminated.
 806              		.loc 1 342 21 view .LVU268
 807              		.loc 1 343 3 view .LVU269
 808              		.loc 1 343 3 view .LVU270
 809              		.loc 1 343 3 discriminator 5 view .LVU271
 810              		.loc 1 345 3 view .LVU272
 811              		.loc 1 345 16 is_stmt 0 view .LVU273
 812 0000 482090E5 		ldr	r2, [r0, #72]
 813              		.loc 1 347 11 view .LVU274
 814 0004 1C30D0E5 		ldrb	r3, [r0, #28]	@ zero_extendqisi2
 815              		.loc 1 345 16 view .LVU275
 816 0008 021081E1 		orr	r1, r1, r2
 817              	.LVL32:
 818              		.loc 1 347 6 view .LVU276
 819 000c 0A0053E3 		cmp	r3, #10
 820              		.loc 1 345 16 view .LVU277
 821 0010 481080E5 		str	r1, [r0, #72]
 822              		.loc 1 347 3 is_stmt 1 view .LVU278
 823              		.loc 1 347 6 is_stmt 0 view .LVU279
 824 0014 0700000A 		beq	.L24
 825              		.loc 1 348 59 view .LVU280
 826 0018 0B0053E3 		cmp	r3, #11
 827 001c 1EFF2F11 		bxne	lr
 828              		.loc 1 350 30 view .LVU281
 829 0020 343090E5 		ldr	r3, [r0, #52]
 830              		.loc 1 349 41 view .LVU282
 831 0024 0130D3E1 		bics	r3, r3, r1
 832 0028 1EFF2F11 		bxne	lr
 833              	.LVL33:
 834              	.LBB229:
 835              	.LBI229:
 836              		.loc 1 340 6 is_stmt 1 view .LVU283
 837              	.LBB230:
 838              		.loc 1 351 5 view .LVU284
 839              		.loc 1 351 18 is_stmt 0 view .LVU285
 840 002c 0030A0E3 		mov	r3, #0
 841 0030 343080E5 		str	r3, [r0, #52]
 842              		.loc 1 352 5 is_stmt 1 view .LVU286
 843              		.loc 1 352 12 is_stmt 0 view .LVU287
 844 0034 FEFFFFEA 		b	chSchReadyI
 845              	.LVL34:
 846              	.L24:
 847              		.loc 1 352 12 view .LVU288
 848              	.LBE230:
 849              	.LBE229:
 850              		.loc 1 348 23 view .LVU289
 851 0038 343090E5 		ldr	r3, [r0, #52]
 852              		.loc 1 347 40 discriminator 1 view .LVU290
 853 003c 030011E1 		tst	r1, r3
 854 0040 1EFF2F01 		bxeq	lr
 855              	.LVL35:
ARM GAS  /tmp/ccwxRkBW.s 			page 16


 856              	.LBB232:
 857              		.loc 1 340 6 is_stmt 1 view .LVU291
 858              	.LBB231:
 859              		.loc 1 351 5 view .LVU292
 860              		.loc 1 351 18 is_stmt 0 view .LVU293
 861 0044 0030A0E3 		mov	r3, #0
 862 0048 343080E5 		str	r3, [r0, #52]
 863              		.loc 1 352 5 is_stmt 1 view .LVU294
 864              		.loc 1 352 12 is_stmt 0 view .LVU295
 865 004c FEFFFFEA 		b	chSchReadyI
 866              	.LVL36:
 867              		.loc 1 352 12 view .LVU296
 868              	.LBE231:
 869              	.LBE232:
 870              		.cfi_endproc
 871              	.LFE217:
 872              		.size	chEvtSignalI, .-chEvtSignalI
 873              		.section	.text.chEvtSignal,"ax",%progbits
 874              		.align	2
 875              		.p2align 4,,15
 876              		.global	chEvtSignal
 877              		.syntax unified
 878              		.arm
 879              		.type	chEvtSignal, %function
 880              	chEvtSignal:
 881              	.LVL37:
 882              	.LFB218:
 883              		.loc 1 364 52 is_stmt 1 view -0
 884              		.cfi_startproc
 885              		@ args = 0, pretend = 0, frame = 0
 886              		@ frame_needed = 0, uses_anonymous_args = 0
 887              		.loc 1 366 3 view .LVU298
 888              		.loc 1 366 3 view .LVU299
 889              		.loc 1 366 3 discriminator 5 view .LVU300
 890              		.loc 1 368 3 view .LVU301
 891              	.LBB244:
 892              	.LBI244:
 893              		.loc 3 371 20 view .LVU302
 894              		.loc 3 373 3 view .LVU303
 895              	.LBB245:
 896              	.LBI245:
 897              		.loc 4 739 20 view .LVU304
 898              	.LBB246:
 899              		.loc 4 741 3 view .LVU305
 900              	.LBE246:
 901              	.LBE245:
 902              	.LBE244:
 903              		.loc 1 364 52 is_stmt 0 view .LVU306
 904 0000 10402DE9 		push	{r4, lr}
 905              		.cfi_def_cfa_offset 8
 906              		.cfi_offset 4, -8
 907              		.cfi_offset 14, -4
 908              	.LBB249:
 909              	.LBB248:
 910              	.LBB247:
 911              		.loc 4 741 3 view .LVU307
 912              		.syntax divided
ARM GAS  /tmp/ccwxRkBW.s 			page 17


 913              	@ 741 "../../../os/common/ports/ARMv7-R/chcore.h" 1
 914 0004 80000CF1 		cpsid   i
 915              	@ 0 "" 2
 916              		.arm
 917              		.syntax unified
 918              	.LBE247:
 919              	.LBE248:
 920              		.loc 3 374 35 is_stmt 1 view .LVU308
 921              		.loc 3 375 21 view .LVU309
 922              	.LBE249:
 923              		.loc 1 369 3 view .LVU310
 924              	.LVL38:
 925              	.LBB250:
 926              	.LBI250:
 927              		.loc 1 340 6 view .LVU311
 928              	.LBB251:
 929              		.loc 1 342 21 view .LVU312
 930              		.loc 1 343 3 view .LVU313
 931              		.loc 1 343 3 view .LVU314
 932              		.loc 1 343 3 discriminator 5 view .LVU315
 933              		.loc 1 345 3 view .LVU316
 934              		.loc 1 345 16 is_stmt 0 view .LVU317
 935 0008 482090E5 		ldr	r2, [r0, #72]
 936              		.loc 1 347 11 view .LVU318
 937 000c 1C30D0E5 		ldrb	r3, [r0, #28]	@ zero_extendqisi2
 938              		.loc 1 345 16 view .LVU319
 939 0010 021081E1 		orr	r1, r1, r2
 940              	.LVL39:
 941              		.loc 1 347 6 view .LVU320
 942 0014 0A0053E3 		cmp	r3, #10
 943              		.loc 1 345 16 view .LVU321
 944 0018 481080E5 		str	r1, [r0, #72]
 945              		.loc 1 347 3 is_stmt 1 view .LVU322
 946              		.loc 1 347 6 is_stmt 0 view .LVU323
 947 001c 0B00000A 		beq	.L31
 948              		.loc 1 348 59 view .LVU324
 949 0020 0B0053E3 		cmp	r3, #11
 950 0024 0200000A 		beq	.L32
 951              	.LVL40:
 952              	.L28:
 953              		.loc 1 348 59 view .LVU325
 954              	.LBE251:
 955              	.LBE250:
 956              		.loc 1 370 3 is_stmt 1 view .LVU326
 957 0028 FEFFFFEB 		bl	chSchRescheduleS
 958              	.LVL41:
 959              		.loc 1 371 3 view .LVU327
 960              	.LBB257:
 961              	.LBI257:
 962              		.loc 3 385 20 view .LVU328
 963              	.LBB258:
 964              		.loc 3 387 23 view .LVU329
 965              		.loc 3 388 34 view .LVU330
 966              		.loc 3 394 3 view .LVU331
 967              		.loc 3 394 3 view .LVU332
 968              		.loc 3 394 3 discriminator 7 view .LVU333
 969              		.loc 3 398 3 view .LVU334
ARM GAS  /tmp/ccwxRkBW.s 			page 18


 970              	.LBB259:
 971              	.LBI259:
 972              		.loc 4 751 20 view .LVU335
 973              	.LBB260:
 974              		.loc 4 756 3 view .LVU336
 975              		.syntax divided
 976              	@ 756 "../../../os/common/ports/ARMv7-R/chcore.h" 1
 977 002c C00008F1 		cpsie   if
 978              	@ 0 "" 2
 979              		.arm
 980              		.syntax unified
 981              	.LBE260:
 982              	.LBE259:
 983              	.LBE258:
 984              	.LBE257:
 985              		.loc 1 372 1 is_stmt 0 view .LVU337
 986 0030 1080BDE8 		pop	{r4, pc}
 987              	.LVL42:
 988              	.L32:
 989              	.LBB261:
 990              	.LBB256:
 991              		.loc 1 350 30 view .LVU338
 992 0034 343090E5 		ldr	r3, [r0, #52]
 993              		.loc 1 349 41 view .LVU339
 994 0038 0130D3E1 		bics	r3, r3, r1
 995 003c F9FFFF1A 		bne	.L28
 996              	.LVL43:
 997              	.LBB252:
 998              	.LBI252:
 999              		.loc 1 340 6 is_stmt 1 view .LVU340
 1000              	.LBB253:
 1001              		.loc 1 351 5 view .LVU341
 1002              		.loc 1 351 18 is_stmt 0 view .LVU342
 1003 0040 0030A0E3 		mov	r3, #0
 1004 0044 343080E5 		str	r3, [r0, #52]
 1005              		.loc 1 352 5 is_stmt 1 view .LVU343
 1006              		.loc 1 352 12 is_stmt 0 view .LVU344
 1007 0048 FEFFFFEB 		bl	chSchReadyI
 1008              	.LVL44:
 1009              		.loc 1 354 1 view .LVU345
 1010 004c F5FFFFEA 		b	.L28
 1011              	.LVL45:
 1012              	.L31:
 1013              		.loc 1 354 1 view .LVU346
 1014              	.LBE253:
 1015              	.LBE252:
 1016              		.loc 1 348 23 view .LVU347
 1017 0050 343090E5 		ldr	r3, [r0, #52]
 1018              		.loc 1 347 40 discriminator 1 view .LVU348
 1019 0054 030011E1 		tst	r1, r3
 1020 0058 F2FFFF0A 		beq	.L28
 1021              	.LVL46:
 1022              	.LBB255:
 1023              		.loc 1 340 6 is_stmt 1 view .LVU349
 1024              	.LBB254:
 1025              		.loc 1 351 5 view .LVU350
 1026              		.loc 1 351 18 is_stmt 0 view .LVU351
ARM GAS  /tmp/ccwxRkBW.s 			page 19


 1027 005c 0030A0E3 		mov	r3, #0
 1028 0060 343080E5 		str	r3, [r0, #52]
 1029              		.loc 1 352 5 is_stmt 1 view .LVU352
 1030              		.loc 1 352 12 is_stmt 0 view .LVU353
 1031 0064 FEFFFFEB 		bl	chSchReadyI
 1032              	.LVL47:
 1033              		.loc 1 352 12 view .LVU354
 1034 0068 EEFFFFEA 		b	.L28
 1035              	.LBE254:
 1036              	.LBE255:
 1037              	.LBE256:
 1038              	.LBE261:
 1039              		.cfi_endproc
 1040              	.LFE218:
 1041              		.size	chEvtSignal, .-chEvtSignal
 1042              		.section	.text.chEvtBroadcastFlagsI,"ax",%progbits
 1043              		.align	2
 1044              		.p2align 4,,15
 1045              		.global	chEvtBroadcastFlagsI
 1046              		.syntax unified
 1047              		.arm
 1048              		.type	chEvtBroadcastFlagsI, %function
 1049              	chEvtBroadcastFlagsI:
 1050              	.LVL48:
 1051              	.LFB219:
 1052              		.loc 1 391 68 is_stmt 1 view -0
 1053              		.cfi_startproc
 1054              		@ args = 0, pretend = 0, frame = 0
 1055              		@ frame_needed = 0, uses_anonymous_args = 0
 1056              		.loc 1 392 3 view .LVU356
 1057              		.loc 1 394 21 view .LVU357
 1058              		.loc 1 395 3 view .LVU358
 1059              		.loc 1 395 3 view .LVU359
 1060              		.loc 1 395 3 discriminator 5 view .LVU360
 1061              		.loc 1 397 3 view .LVU361
 1062              		.loc 1 391 68 is_stmt 0 view .LVU362
 1063 0000 F0412DE9 		push	{r4, r5, r6, r7, r8, lr}
 1064              		.cfi_def_cfa_offset 24
 1065              		.cfi_offset 4, -24
 1066              		.cfi_offset 5, -20
 1067              		.cfi_offset 6, -16
 1068              		.cfi_offset 7, -12
 1069              		.cfi_offset 8, -8
 1070              		.cfi_offset 14, -4
 1071              		.loc 1 397 7 view .LVU363
 1072 0004 004090E5 		ldr	r4, [r0]
 1073              	.LVL49:
 1074              		.loc 1 399 3 is_stmt 1 view .LVU364
 1075              		.loc 1 399 14 view .LVU365
 1076 0008 040050E1 		cmp	r0, r4
 1077 000c F081BD08 		popeq	{r4, r5, r6, r7, r8, pc}
 1078 0010 0070A0E1 		mov	r7, r0
 1079 0014 0150A0E1 		mov	r5, r1
 1080              	.LBB266:
 1081              	.LBB267:
 1082              	.LBB268:
 1083              	.LBB269:
ARM GAS  /tmp/ccwxRkBW.s 			page 20


 1084              		.loc 1 351 18 is_stmt 0 view .LVU366
 1085 0018 0060A0E3 		mov	r6, #0
 1086 001c 0B0000EA 		b	.L40
 1087              	.LVL50:
 1088              	.L35:
 1089              		.loc 1 351 18 view .LVU367
 1090              	.LBE269:
 1091              	.LBE268:
 1092              	.LBE267:
 1093              	.LBE266:
 1094              		.loc 1 406 7 is_stmt 1 view .LVU368
 1095              	.LBB274:
 1096              	.LBB272:
 1097              		.loc 1 345 16 is_stmt 0 view .LVU369
 1098 0020 090094E9 		ldmib	r4, {r0, r3}
 1099 0024 481090E5 		ldr	r1, [r0, #72]
 1100              		.loc 1 347 11 view .LVU370
 1101 0028 1C20D0E5 		ldrb	r2, [r0, #28]	@ zero_extendqisi2
 1102              		.loc 1 345 16 view .LVU371
 1103 002c 013083E1 		orr	r3, r3, r1
 1104              		.loc 1 347 6 view .LVU372
 1105 0030 0A0052E3 		cmp	r2, #10
 1106              		.loc 1 345 16 view .LVU373
 1107 0034 483080E5 		str	r3, [r0, #72]
 1108              		.loc 1 347 3 is_stmt 1 view .LVU374
 1109              		.loc 1 347 6 is_stmt 0 view .LVU375
 1110 0038 1600000A 		beq	.L46
 1111              		.loc 1 348 59 view .LVU376
 1112 003c 0B0052E3 		cmp	r2, #11
 1113 0040 1A00000A 		beq	.L47
 1114              	.L39:
 1115              		.loc 1 348 59 view .LVU377
 1116              	.LBE272:
 1117              	.LBE274:
 1118              		.loc 1 408 5 is_stmt 1 view .LVU378
 1119              		.loc 1 408 9 is_stmt 0 view .LVU379
 1120 0044 004094E5 		ldr	r4, [r4]
 1121              	.LVL51:
 1122              		.loc 1 399 14 is_stmt 1 view .LVU380
 1123 0048 040057E1 		cmp	r7, r4
 1124 004c F081BD08 		popeq	{r4, r5, r6, r7, r8, pc}
 1125              	.L40:
 1126              		.loc 1 401 5 view .LVU381
 1127              		.loc 1 401 16 is_stmt 0 view .LVU382
 1128 0050 0C3094E5 		ldr	r3, [r4, #12]
 1129              		.loc 1 404 8 view .LVU383
 1130 0054 000055E3 		cmp	r5, #0
 1131              		.loc 1 401 16 view .LVU384
 1132 0058 053083E1 		orr	r3, r3, r5
 1133 005c 0C3084E5 		str	r3, [r4, #12]
 1134              		.loc 1 404 5 is_stmt 1 view .LVU385
 1135              		.loc 1 404 8 is_stmt 0 view .LVU386
 1136 0060 EEFFFF0A 		beq	.L35
 1137              		.loc 1 408 5 is_stmt 1 view .LVU387
 1138              		.loc 1 405 17 is_stmt 0 view .LVU388
 1139 0064 103094E5 		ldr	r3, [r4, #16]
 1140              		.loc 1 404 36 discriminator 1 view .LVU389
ARM GAS  /tmp/ccwxRkBW.s 			page 21


 1141 0068 030015E1 		tst	r5, r3
 1142 006c EBFFFF1A 		bne	.L35
 1143              	.L48:
 1144              		.loc 1 408 9 view .LVU390
 1145 0070 004094E5 		ldr	r4, [r4]
 1146              	.LVL52:
 1147              		.loc 1 399 14 is_stmt 1 view .LVU391
 1148              		.loc 1 401 5 view .LVU392
 1149              		.loc 1 399 14 is_stmt 0 view .LVU393
 1150 0074 070054E1 		cmp	r4, r7
 1151 0078 F081BD08 		popeq	{r4, r5, r6, r7, r8, pc}
 1152              		.loc 1 401 16 view .LVU394
 1153 007c 0C3094E5 		ldr	r3, [r4, #12]
 1154 0080 053083E1 		orr	r3, r3, r5
 1155 0084 0C3084E5 		str	r3, [r4, #12]
 1156              		.loc 1 404 5 is_stmt 1 view .LVU395
 1157              		.loc 1 408 5 view .LVU396
 1158              		.loc 1 405 17 is_stmt 0 view .LVU397
 1159 0088 103094E5 		ldr	r3, [r4, #16]
 1160              		.loc 1 404 36 discriminator 1 view .LVU398
 1161 008c 030015E1 		tst	r5, r3
 1162 0090 E2FFFF1A 		bne	.L35
 1163 0094 F5FFFFEA 		b	.L48
 1164              	.L46:
 1165              	.LBB275:
 1166              	.LBB273:
 1167              		.loc 1 348 23 view .LVU399
 1168 0098 342090E5 		ldr	r2, [r0, #52]
 1169              		.loc 1 347 40 discriminator 1 view .LVU400
 1170 009c 020013E1 		tst	r3, r2
 1171 00a0 E7FFFF0A 		beq	.L39
 1172              	.L38:
 1173              	.LVL53:
 1174              	.LBB271:
 1175              	.LBI268:
 1176              		.loc 1 340 6 is_stmt 1 view .LVU401
 1177              	.LBB270:
 1178              		.loc 1 351 5 view .LVU402
 1179              		.loc 1 351 18 is_stmt 0 view .LVU403
 1180 00a4 346080E5 		str	r6, [r0, #52]
 1181              		.loc 1 352 5 is_stmt 1 view .LVU404
 1182              		.loc 1 352 12 is_stmt 0 view .LVU405
 1183 00a8 FEFFFFEB 		bl	chSchReadyI
 1184              	.LVL54:
 1185              		.loc 1 354 1 view .LVU406
 1186 00ac E4FFFFEA 		b	.L39
 1187              	.L47:
 1188              		.loc 1 354 1 view .LVU407
 1189              	.LBE270:
 1190              	.LBE271:
 1191              		.loc 1 350 30 view .LVU408
 1192 00b0 342090E5 		ldr	r2, [r0, #52]
 1193              		.loc 1 349 41 view .LVU409
 1194 00b4 0320D2E1 		bics	r2, r2, r3
 1195 00b8 E1FFFF1A 		bne	.L39
 1196 00bc F8FFFFEA 		b	.L38
 1197              	.LBE273:
ARM GAS  /tmp/ccwxRkBW.s 			page 22


 1198              	.LBE275:
 1199              		.cfi_endproc
 1200              	.LFE219:
 1201              		.size	chEvtBroadcastFlagsI, .-chEvtBroadcastFlagsI
 1202              		.section	.text.chEvtBroadcastFlags,"ax",%progbits
 1203              		.align	2
 1204              		.p2align 4,,15
 1205              		.global	chEvtBroadcastFlags
 1206              		.syntax unified
 1207              		.arm
 1208              		.type	chEvtBroadcastFlags, %function
 1209              	chEvtBroadcastFlags:
 1210              	.LVL55:
 1211              	.LFB220:
 1212              		.loc 1 425 67 is_stmt 1 view -0
 1213              		.cfi_startproc
 1214              		@ args = 0, pretend = 0, frame = 0
 1215              		@ frame_needed = 0, uses_anonymous_args = 0
 1216              		.loc 1 427 3 view .LVU411
 1217              	.LBB276:
 1218              	.LBI276:
 1219              		.loc 3 371 20 view .LVU412
 1220              		.loc 3 373 3 view .LVU413
 1221              	.LBB277:
 1222              	.LBI277:
 1223              		.loc 4 739 20 view .LVU414
 1224              	.LBB278:
 1225              		.loc 4 741 3 view .LVU415
 1226              	.LBE278:
 1227              	.LBE277:
 1228              	.LBE276:
 1229              		.loc 1 425 67 is_stmt 0 view .LVU416
 1230 0000 10402DE9 		push	{r4, lr}
 1231              		.cfi_def_cfa_offset 8
 1232              		.cfi_offset 4, -8
 1233              		.cfi_offset 14, -4
 1234              	.LBB281:
 1235              	.LBB280:
 1236              	.LBB279:
 1237              		.loc 4 741 3 view .LVU417
 1238              		.syntax divided
 1239              	@ 741 "../../../os/common/ports/ARMv7-R/chcore.h" 1
 1240 0004 80000CF1 		cpsid   i
 1241              	@ 0 "" 2
 1242              		.arm
 1243              		.syntax unified
 1244              	.LBE279:
 1245              	.LBE280:
 1246              		.loc 3 374 35 is_stmt 1 view .LVU418
 1247              		.loc 3 375 21 view .LVU419
 1248              	.LBE281:
 1249              		.loc 1 428 3 view .LVU420
 1250 0008 FEFFFFEB 		bl	chEvtBroadcastFlagsI
 1251              	.LVL56:
 1252              		.loc 1 429 3 view .LVU421
 1253 000c FEFFFFEB 		bl	chSchRescheduleS
 1254              	.LVL57:
ARM GAS  /tmp/ccwxRkBW.s 			page 23


 1255              		.loc 1 430 3 view .LVU422
 1256              	.LBB282:
 1257              	.LBI282:
 1258              		.loc 3 385 20 view .LVU423
 1259              	.LBB283:
 1260              		.loc 3 387 23 view .LVU424
 1261              		.loc 3 388 34 view .LVU425
 1262              		.loc 3 394 3 view .LVU426
 1263              		.loc 3 394 3 view .LVU427
 1264              		.loc 3 394 3 discriminator 7 view .LVU428
 1265              		.loc 3 398 3 view .LVU429
 1266              	.LBB284:
 1267              	.LBI284:
 1268              		.loc 4 751 20 view .LVU430
 1269              	.LBB285:
 1270              		.loc 4 756 3 view .LVU431
 1271              		.syntax divided
 1272              	@ 756 "../../../os/common/ports/ARMv7-R/chcore.h" 1
 1273 0010 C00008F1 		cpsie   if
 1274              	@ 0 "" 2
 1275              		.arm
 1276              		.syntax unified
 1277              	.LBE285:
 1278              	.LBE284:
 1279              	.LBE283:
 1280              	.LBE282:
 1281              		.loc 1 431 1 is_stmt 0 view .LVU432
 1282 0014 1080BDE8 		pop	{r4, pc}
 1283              		.cfi_endproc
 1284              	.LFE220:
 1285              		.size	chEvtBroadcastFlags, .-chEvtBroadcastFlags
 1286              		.section	.text.chEvtDispatch,"ax",%progbits
 1287              		.align	2
 1288              		.p2align 4,,15
 1289              		.global	chEvtDispatch
 1290              		.syntax unified
 1291              		.arm
 1292              		.type	chEvtDispatch, %function
 1293              	chEvtDispatch:
 1294              	.LVL58:
 1295              	.LFB221:
 1296              		.loc 1 442 69 is_stmt 1 view -0
 1297              		.cfi_startproc
 1298              		@ args = 0, pretend = 0, frame = 0
 1299              		@ frame_needed = 0, uses_anonymous_args = 0
 1300              		.loc 1 443 3 view .LVU434
 1301              		.loc 1 445 3 view .LVU435
 1302              		.loc 1 445 3 view .LVU436
 1303              		.loc 1 445 3 discriminator 5 view .LVU437
 1304              		.loc 1 447 3 view .LVU438
 1305              		.loc 1 448 3 view .LVU439
 1306              		.loc 1 448 17 view .LVU440
 1307              		.loc 1 442 69 is_stmt 0 view .LVU441
 1308 0000 F0412DE9 		push	{r4, r5, r6, r7, r8, lr}
 1309              		.cfi_def_cfa_offset 24
 1310              		.cfi_offset 4, -24
 1311              		.cfi_offset 5, -20
ARM GAS  /tmp/ccwxRkBW.s 			page 24


 1312              		.cfi_offset 6, -16
 1313              		.cfi_offset 7, -12
 1314              		.cfi_offset 8, -8
 1315              		.cfi_offset 14, -4
 1316              		.loc 1 448 17 view .LVU442
 1317 0004 005051E2 		subs	r5, r1, #0
 1318 0008 F081BD08 		popeq	{r4, r5, r6, r7, r8, pc}
 1319 000c 0060A0E1 		mov	r6, r0
 1320              		.loc 1 447 7 view .LVU443
 1321 0010 0040A0E3 		mov	r4, #0
 1322              		.loc 1 451 18 view .LVU444
 1323 0014 0170A0E3 		mov	r7, #1
 1324              	.LVL59:
 1325              	.L54:
 1326              		.loc 1 449 5 is_stmt 1 view .LVU445
 1327              		.loc 1 450 7 view .LVU446
 1328              		.loc 1 450 7 view .LVU447
 1329              		.loc 1 450 7 discriminator 5 view .LVU448
 1330              		.loc 1 451 7 view .LVU449
 1331              		.loc 1 454 5 view .LVU450
 1332              		.loc 1 449 36 is_stmt 0 view .LVU451
 1333 0018 3534A0E1 		lsr	r3, r5, r4
 1334              		.loc 1 449 8 view .LVU452
 1335 001c 010013E3 		tst	r3, #1
 1336 0020 0900000A 		beq	.L53
 1337              	.L64:
 1338              		.loc 1 452 7 view .LVU453
 1339 0024 0400A0E1 		mov	r0, r4
 1340 0028 043196E7 		ldr	r3, [r6, r4, lsl #2]
 1341              		.loc 1 451 14 view .LVU454
 1342 002c 1754C5E1 		bic	r5, r5, r7, lsl r4
 1343              	.LVL60:
 1344              		.loc 1 452 7 is_stmt 1 view .LVU455
 1345 0030 33FF2FE1 		blx	r3
 1346              	.LVL61:
 1347              		.loc 1 454 5 view .LVU456
 1348              		.loc 1 448 17 is_stmt 0 view .LVU457
 1349 0034 000055E3 		cmp	r5, #0
 1350              		.loc 1 454 8 view .LVU458
 1351 0038 014084E2 		add	r4, r4, #1
 1352              	.LVL62:
 1353              		.loc 1 448 17 is_stmt 1 view .LVU459
 1354 003c F081BD08 		popeq	{r4, r5, r6, r7, r8, pc}
 1355              		.loc 1 449 5 view .LVU460
 1356              		.loc 1 450 7 view .LVU461
 1357              		.loc 1 450 7 view .LVU462
 1358              		.loc 1 450 7 discriminator 5 view .LVU463
 1359              		.loc 1 451 7 view .LVU464
 1360              		.loc 1 454 5 view .LVU465
 1361              		.loc 1 449 36 is_stmt 0 view .LVU466
 1362 0040 3534A0E1 		lsr	r3, r5, r4
 1363              		.loc 1 449 8 view .LVU467
 1364 0044 010013E3 		tst	r3, #1
 1365 0048 F5FFFF1A 		bne	.L64
 1366              	.L53:
 1367              		.loc 1 454 8 view .LVU468
 1368 004c 014084E2 		add	r4, r4, #1
ARM GAS  /tmp/ccwxRkBW.s 			page 25


 1369              	.LVL63:
 1370              		.loc 1 448 17 is_stmt 1 view .LVU469
 1371              		.loc 1 448 17 is_stmt 0 view .LVU470
 1372 0050 F0FFFFEA 		b	.L54
 1373              		.cfi_endproc
 1374              	.LFE221:
 1375              		.size	chEvtDispatch, .-chEvtDispatch
 1376              		.section	.text.chEvtWaitOne,"ax",%progbits
 1377              		.align	2
 1378              		.p2align 4,,15
 1379              		.global	chEvtWaitOne
 1380              		.syntax unified
 1381              		.arm
 1382              		.type	chEvtWaitOne, %function
 1383              	chEvtWaitOne:
 1384              	.LVL64:
 1385              	.LFB222:
 1386              		.loc 1 477 46 is_stmt 1 view -0
 1387              		.cfi_startproc
 1388              		@ args = 0, pretend = 0, frame = 0
 1389              		@ frame_needed = 0, uses_anonymous_args = 0
 1390              		.loc 1 478 3 view .LVU472
 1391              	.LBB286:
 1392              	.LBI286:
 1393              		.loc 2 526 25 view .LVU473
 1394              	.LBB287:
 1395              		.loc 2 528 3 view .LVU474
 1396              		.loc 2 528 10 is_stmt 0 view .LVU475
 1397 0000 003000E3 		movw	r3, #:lower16:ch0
 1398 0004 003040E3 		movt	r3, #:upper16:ch0
 1399              	.LBE287:
 1400              	.LBE286:
 1401              		.loc 1 477 46 view .LVU476
 1402 0008 70402DE9 		push	{r4, r5, r6, lr}
 1403              		.cfi_def_cfa_offset 16
 1404              		.cfi_offset 4, -16
 1405              		.cfi_offset 5, -12
 1406              		.cfi_offset 6, -8
 1407              		.cfi_offset 14, -4
 1408              	.LBB289:
 1409              	.LBB288:
 1410              		.loc 2 528 10 view .LVU477
 1411 000c 0C5093E5 		ldr	r5, [r3, #12]
 1412              	.LVL65:
 1413              		.loc 2 528 10 view .LVU478
 1414              	.LBE288:
 1415              	.LBE289:
 1416              		.loc 1 479 3 is_stmt 1 view .LVU479
 1417              		.loc 1 481 3 view .LVU480
 1418              	.LBB290:
 1419              	.LBI290:
 1420              		.loc 3 371 20 view .LVU481
 1421              		.loc 3 373 3 view .LVU482
 1422              	.LBB291:
 1423              	.LBI291:
 1424              		.loc 4 739 20 view .LVU483
 1425              	.LBB292:
ARM GAS  /tmp/ccwxRkBW.s 			page 26


 1426              		.loc 4 741 3 view .LVU484
 1427              		.syntax divided
 1428              	@ 741 "../../../os/common/ports/ARMv7-R/chcore.h" 1
 1429 0010 80000CF1 		cpsid   i
 1430              	@ 0 "" 2
 1431              		.arm
 1432              		.syntax unified
 1433              	.LBE292:
 1434              	.LBE291:
 1435              		.loc 3 374 35 view .LVU485
 1436              		.loc 3 375 21 view .LVU486
 1437              	.LBE290:
 1438              		.loc 1 482 3 view .LVU487
 1439              		.loc 1 482 13 is_stmt 0 view .LVU488
 1440 0014 483095E5 		ldr	r3, [r5, #72]
 1441              	.LVL66:
 1442              		.loc 1 483 3 is_stmt 1 view .LVU489
 1443              		.loc 1 483 6 is_stmt 0 view .LVU490
 1444 0018 002013E0 		ands	r2, r3, r0
 1445 001c 0500000A 		beq	.L68
 1446              	.LVL67:
 1447              	.L66:
 1448              		.loc 1 488 3 is_stmt 1 view .LVU491
 1449              		.loc 1 488 5 is_stmt 0 view .LVU492
 1450 0020 000062E2 		rsb	r0, r2, #0
 1451 0024 020000E0 		and	r0, r0, r2
 1452              	.LVL68:
 1453              		.loc 1 489 3 is_stmt 1 view .LVU493
 1454              		.loc 1 489 20 is_stmt 0 view .LVU494
 1455 0028 0030C3E1 		bic	r3, r3, r0
 1456 002c 483085E5 		str	r3, [r5, #72]
 1457              		.loc 1 490 3 is_stmt 1 view .LVU495
 1458              	.LBB293:
 1459              	.LBI293:
 1460              		.loc 3 385 20 view .LVU496
 1461              	.LBB294:
 1462              		.loc 3 387 23 view .LVU497
 1463              		.loc 3 388 34 view .LVU498
 1464              		.loc 3 394 3 view .LVU499
 1465              		.loc 3 394 3 view .LVU500
 1466              		.loc 3 394 3 discriminator 7 view .LVU501
 1467              		.loc 3 398 3 view .LVU502
 1468              	.LBB295:
 1469              	.LBI295:
 1470              		.loc 4 751 20 view .LVU503
 1471              	.LBB296:
 1472              		.loc 4 756 3 view .LVU504
 1473              		.syntax divided
 1474              	@ 756 "../../../os/common/ports/ARMv7-R/chcore.h" 1
 1475 0030 C00008F1 		cpsie   if
 1476              	@ 0 "" 2
 1477              		.arm
 1478              		.syntax unified
 1479              	.LBE296:
 1480              	.LBE295:
 1481              	.LBE294:
 1482              	.LBE293:
ARM GAS  /tmp/ccwxRkBW.s 			page 27


 1483              		.loc 1 492 3 view .LVU505
 1484              		.loc 1 493 1 is_stmt 0 view .LVU506
 1485 0034 7080BDE8 		pop	{r4, r5, r6, pc}
 1486              	.LVL69:
 1487              	.L68:
 1488              		.loc 1 493 1 view .LVU507
 1489 0038 0040A0E1 		mov	r4, r0
 1490              		.loc 1 484 5 is_stmt 1 view .LVU508
 1491              		.loc 1 485 5 is_stmt 0 view .LVU509
 1492 003c 0A00A0E3 		mov	r0, #10
 1493              	.LVL70:
 1494              		.loc 1 484 22 view .LVU510
 1495 0040 344085E5 		str	r4, [r5, #52]
 1496              		.loc 1 485 5 is_stmt 1 view .LVU511
 1497 0044 FEFFFFEB 		bl	chSchGoSleepS
 1498              	.LVL71:
 1499              		.loc 1 486 5 view .LVU512
 1500              		.loc 1 486 15 is_stmt 0 view .LVU513
 1501 0048 483095E5 		ldr	r3, [r5, #72]
 1502              		.loc 1 486 7 view .LVU514
 1503 004c 042003E0 		and	r2, r3, r4
 1504              	.LVL72:
 1505              		.loc 1 486 7 view .LVU515
 1506 0050 F2FFFFEA 		b	.L66
 1507              		.cfi_endproc
 1508              	.LFE222:
 1509              		.size	chEvtWaitOne, .-chEvtWaitOne
 1510              		.section	.text.chEvtWaitAny,"ax",%progbits
 1511              		.align	2
 1512              		.p2align 4,,15
 1513              		.global	chEvtWaitAny
 1514              		.syntax unified
 1515              		.arm
 1516              		.type	chEvtWaitAny, %function
 1517              	chEvtWaitAny:
 1518              	.LVL73:
 1519              	.LFB223:
 1520              		.loc 1 507 46 is_stmt 1 view -0
 1521              		.cfi_startproc
 1522              		@ args = 0, pretend = 0, frame = 0
 1523              		@ frame_needed = 0, uses_anonymous_args = 0
 1524              		.loc 1 508 3 view .LVU517
 1525              	.LBB297:
 1526              	.LBI297:
 1527              		.loc 2 526 25 view .LVU518
 1528              	.LBB298:
 1529              		.loc 2 528 3 view .LVU519
 1530              		.loc 2 528 10 is_stmt 0 view .LVU520
 1531 0000 003000E3 		movw	r3, #:lower16:ch0
 1532 0004 003040E3 		movt	r3, #:upper16:ch0
 1533              	.LBE298:
 1534              	.LBE297:
 1535              		.loc 1 507 46 view .LVU521
 1536 0008 70402DE9 		push	{r4, r5, r6, lr}
 1537              		.cfi_def_cfa_offset 16
 1538              		.cfi_offset 4, -16
 1539              		.cfi_offset 5, -12
ARM GAS  /tmp/ccwxRkBW.s 			page 28


 1540              		.cfi_offset 6, -8
 1541              		.cfi_offset 14, -4
 1542              		.loc 1 507 46 view .LVU522
 1543 000c 0040A0E1 		mov	r4, r0
 1544              	.LBB300:
 1545              	.LBB299:
 1546              		.loc 2 528 10 view .LVU523
 1547 0010 0C5093E5 		ldr	r5, [r3, #12]
 1548              	.LVL74:
 1549              		.loc 2 528 10 view .LVU524
 1550              	.LBE299:
 1551              	.LBE300:
 1552              		.loc 1 509 3 is_stmt 1 view .LVU525
 1553              		.loc 1 511 3 view .LVU526
 1554              	.LBB301:
 1555              	.LBI301:
 1556              		.loc 3 371 20 view .LVU527
 1557              		.loc 3 373 3 view .LVU528
 1558              	.LBB302:
 1559              	.LBI302:
 1560              		.loc 4 739 20 view .LVU529
 1561              	.LBB303:
 1562              		.loc 4 741 3 view .LVU530
 1563              		.syntax divided
 1564              	@ 741 "../../../os/common/ports/ARMv7-R/chcore.h" 1
 1565 0014 80000CF1 		cpsid   i
 1566              	@ 0 "" 2
 1567              		.arm
 1568              		.syntax unified
 1569              	.LBE303:
 1570              	.LBE302:
 1571              		.loc 3 374 35 view .LVU531
 1572              		.loc 3 375 21 view .LVU532
 1573              	.LBE301:
 1574              		.loc 1 512 3 view .LVU533
 1575              		.loc 1 512 13 is_stmt 0 view .LVU534
 1576 0018 483095E5 		ldr	r3, [r5, #72]
 1577              	.LVL75:
 1578              		.loc 1 513 3 is_stmt 1 view .LVU535
 1579              		.loc 1 513 6 is_stmt 0 view .LVU536
 1580 001c 000013E0 		ands	r0, r3, r0
 1581              	.LVL76:
 1582              		.loc 1 513 6 view .LVU537
 1583 0020 0300000A 		beq	.L72
 1584              	.LVL77:
 1585              	.L70:
 1586              		.loc 1 518 3 is_stmt 1 view .LVU538
 1587              		.loc 1 518 20 is_stmt 0 view .LVU539
 1588 0024 0030C3E1 		bic	r3, r3, r0
 1589 0028 483085E5 		str	r3, [r5, #72]
 1590              		.loc 1 519 3 is_stmt 1 view .LVU540
 1591              	.LBB304:
 1592              	.LBI304:
 1593              		.loc 3 385 20 view .LVU541
 1594              	.LBB305:
 1595              		.loc 3 387 23 view .LVU542
 1596              		.loc 3 388 34 view .LVU543
ARM GAS  /tmp/ccwxRkBW.s 			page 29


 1597              		.loc 3 394 3 view .LVU544
 1598              		.loc 3 394 3 view .LVU545
 1599              		.loc 3 394 3 discriminator 7 view .LVU546
 1600              		.loc 3 398 3 view .LVU547
 1601              	.LBB306:
 1602              	.LBI306:
 1603              		.loc 4 751 20 view .LVU548
 1604              	.LBB307:
 1605              		.loc 4 756 3 view .LVU549
 1606              		.syntax divided
 1607              	@ 756 "../../../os/common/ports/ARMv7-R/chcore.h" 1
 1608 002c C00008F1 		cpsie   if
 1609              	@ 0 "" 2
 1610              		.arm
 1611              		.syntax unified
 1612              	.LBE307:
 1613              	.LBE306:
 1614              	.LBE305:
 1615              	.LBE304:
 1616              		.loc 1 521 3 view .LVU550
 1617              		.loc 1 522 1 is_stmt 0 view .LVU551
 1618 0030 7080BDE8 		pop	{r4, r5, r6, pc}
 1619              	.L72:
 1620              		.loc 1 514 5 is_stmt 1 view .LVU552
 1621              		.loc 1 515 5 is_stmt 0 view .LVU553
 1622 0034 0A00A0E3 		mov	r0, #10
 1623              	.LVL78:
 1624              		.loc 1 514 22 view .LVU554
 1625 0038 344085E5 		str	r4, [r5, #52]
 1626              		.loc 1 515 5 is_stmt 1 view .LVU555
 1627 003c FEFFFFEB 		bl	chSchGoSleepS
 1628              	.LVL79:
 1629              		.loc 1 516 5 view .LVU556
 1630              		.loc 1 516 15 is_stmt 0 view .LVU557
 1631 0040 483095E5 		ldr	r3, [r5, #72]
 1632              		.loc 1 516 7 view .LVU558
 1633 0044 040003E0 		and	r0, r3, r4
 1634              	.LVL80:
 1635              		.loc 1 516 7 view .LVU559
 1636 0048 F5FFFFEA 		b	.L70
 1637              		.cfi_endproc
 1638              	.LFE223:
 1639              		.size	chEvtWaitAny, .-chEvtWaitAny
 1640              		.section	.text.chEvtWaitAll,"ax",%progbits
 1641              		.align	2
 1642              		.p2align 4,,15
 1643              		.global	chEvtWaitAll
 1644              		.syntax unified
 1645              		.arm
 1646              		.type	chEvtWaitAll, %function
 1647              	chEvtWaitAll:
 1648              	.LVL81:
 1649              	.LFB224:
 1650              		.loc 1 535 46 is_stmt 1 view -0
 1651              		.cfi_startproc
 1652              		@ args = 0, pretend = 0, frame = 0
 1653              		@ frame_needed = 0, uses_anonymous_args = 0
ARM GAS  /tmp/ccwxRkBW.s 			page 30


 1654              		.loc 1 536 3 view .LVU561
 1655              	.LBB308:
 1656              	.LBI308:
 1657              		.loc 2 526 25 view .LVU562
 1658              	.LBB309:
 1659              		.loc 2 528 3 view .LVU563
 1660              		.loc 2 528 10 is_stmt 0 view .LVU564
 1661 0000 003000E3 		movw	r3, #:lower16:ch0
 1662 0004 003040E3 		movt	r3, #:upper16:ch0
 1663              	.LBE309:
 1664              	.LBE308:
 1665              		.loc 1 535 46 view .LVU565
 1666 0008 70402DE9 		push	{r4, r5, r6, lr}
 1667              		.cfi_def_cfa_offset 16
 1668              		.cfi_offset 4, -16
 1669              		.cfi_offset 5, -12
 1670              		.cfi_offset 6, -8
 1671              		.cfi_offset 14, -4
 1672              		.loc 1 535 46 view .LVU566
 1673 000c 0040A0E1 		mov	r4, r0
 1674              	.LBB311:
 1675              	.LBB310:
 1676              		.loc 2 528 10 view .LVU567
 1677 0010 0C5093E5 		ldr	r5, [r3, #12]
 1678              	.LVL82:
 1679              		.loc 2 528 10 view .LVU568
 1680              	.LBE310:
 1681              	.LBE311:
 1682              		.loc 1 538 3 is_stmt 1 view .LVU569
 1683              	.LBB312:
 1684              	.LBI312:
 1685              		.loc 3 371 20 view .LVU570
 1686              		.loc 3 373 3 view .LVU571
 1687              	.LBB313:
 1688              	.LBI313:
 1689              		.loc 4 739 20 view .LVU572
 1690              	.LBB314:
 1691              		.loc 4 741 3 view .LVU573
 1692              		.syntax divided
 1693              	@ 741 "../../../os/common/ports/ARMv7-R/chcore.h" 1
 1694 0014 80000CF1 		cpsid   i
 1695              	@ 0 "" 2
 1696              		.arm
 1697              		.syntax unified
 1698              	.LBE314:
 1699              	.LBE313:
 1700              		.loc 3 374 35 view .LVU574
 1701              		.loc 3 375 21 view .LVU575
 1702              	.LBE312:
 1703              		.loc 1 539 3 view .LVU576
 1704              		.loc 1 539 14 is_stmt 0 view .LVU577
 1705 0018 483095E5 		ldr	r3, [r5, #72]
 1706              		.loc 1 539 6 view .LVU578
 1707 001c 0320D0E1 		bics	r2, r0, r3
 1708 0020 0300000A 		beq	.L74
 1709              		.loc 1 540 5 is_stmt 1 view .LVU579
 1710              		.loc 1 541 5 is_stmt 0 view .LVU580
ARM GAS  /tmp/ccwxRkBW.s 			page 31


 1711 0024 0B00A0E3 		mov	r0, #11
 1712              	.LVL83:
 1713              		.loc 1 540 22 view .LVU581
 1714 0028 344085E5 		str	r4, [r5, #52]
 1715              		.loc 1 541 5 is_stmt 1 view .LVU582
 1716 002c FEFFFFEB 		bl	chSchGoSleepS
 1717              	.LVL84:
 1718              		.loc 1 543 9 is_stmt 0 view .LVU583
 1719 0030 483095E5 		ldr	r3, [r5, #72]
 1720              	.L74:
 1721              		.loc 1 543 3 is_stmt 1 view .LVU584
 1722              		.loc 1 543 20 is_stmt 0 view .LVU585
 1723 0034 0430C3E1 		bic	r3, r3, r4
 1724 0038 483085E5 		str	r3, [r5, #72]
 1725              		.loc 1 544 3 is_stmt 1 view .LVU586
 1726              	.LBB315:
 1727              	.LBI315:
 1728              		.loc 3 385 20 view .LVU587
 1729              	.LBB316:
 1730              		.loc 3 387 23 view .LVU588
 1731              		.loc 3 388 34 view .LVU589
 1732              		.loc 3 394 3 view .LVU590
 1733              		.loc 3 394 3 view .LVU591
 1734              		.loc 3 394 3 discriminator 7 view .LVU592
 1735              		.loc 3 398 3 view .LVU593
 1736              	.LBB317:
 1737              	.LBI317:
 1738              		.loc 4 751 20 view .LVU594
 1739              	.LBB318:
 1740              		.loc 4 756 3 view .LVU595
 1741              		.syntax divided
 1742              	@ 756 "../../../os/common/ports/ARMv7-R/chcore.h" 1
 1743 003c C00008F1 		cpsie   if
 1744              	@ 0 "" 2
 1745              		.arm
 1746              		.syntax unified
 1747              	.LBE318:
 1748              	.LBE317:
 1749              	.LBE316:
 1750              	.LBE315:
 1751              		.loc 1 546 3 view .LVU596
 1752              		.loc 1 547 1 is_stmt 0 view .LVU597
 1753 0040 0400A0E1 		mov	r0, r4
 1754 0044 7080BDE8 		pop	{r4, r5, r6, pc}
 1755              		.cfi_endproc
 1756              	.LFE224:
 1757              		.size	chEvtWaitAll, .-chEvtWaitAll
 1758              		.section	.text.chEvtWaitOneTimeout,"ax",%progbits
 1759              		.align	2
 1760              		.p2align 4,,15
 1761              		.global	chEvtWaitOneTimeout
 1762              		.syntax unified
 1763              		.arm
 1764              		.type	chEvtWaitOneTimeout, %function
 1765              	chEvtWaitOneTimeout:
 1766              	.LVL85:
 1767              	.LFB225:
ARM GAS  /tmp/ccwxRkBW.s 			page 32


 1768              		.loc 1 572 76 is_stmt 1 view -0
 1769              		.cfi_startproc
 1770              		@ args = 0, pretend = 0, frame = 0
 1771              		@ frame_needed = 0, uses_anonymous_args = 0
 1772              		.loc 1 573 3 view .LVU599
 1773              	.LBB319:
 1774              	.LBI319:
 1775              		.loc 2 526 25 view .LVU600
 1776              	.LBB320:
 1777              		.loc 2 528 3 view .LVU601
 1778              		.loc 2 528 10 is_stmt 0 view .LVU602
 1779 0000 003000E3 		movw	r3, #:lower16:ch0
 1780 0004 003040E3 		movt	r3, #:upper16:ch0
 1781              	.LBE320:
 1782              	.LBE319:
 1783              		.loc 1 572 76 view .LVU603
 1784 0008 70402DE9 		push	{r4, r5, r6, lr}
 1785              		.cfi_def_cfa_offset 16
 1786              		.cfi_offset 4, -16
 1787              		.cfi_offset 5, -12
 1788              		.cfi_offset 6, -8
 1789              		.cfi_offset 14, -4
 1790              	.LBB322:
 1791              	.LBB321:
 1792              		.loc 2 528 10 view .LVU604
 1793 000c 0C6093E5 		ldr	r6, [r3, #12]
 1794              	.LVL86:
 1795              		.loc 2 528 10 view .LVU605
 1796              	.LBE321:
 1797              	.LBE322:
 1798              		.loc 1 574 3 is_stmt 1 view .LVU606
 1799              		.loc 1 576 3 view .LVU607
 1800              	.LBB323:
 1801              	.LBI323:
 1802              		.loc 3 371 20 view .LVU608
 1803              		.loc 3 373 3 view .LVU609
 1804              	.LBB324:
 1805              	.LBI324:
 1806              		.loc 4 739 20 view .LVU610
 1807              	.LBB325:
 1808              		.loc 4 741 3 view .LVU611
 1809              		.syntax divided
 1810              	@ 741 "../../../os/common/ports/ARMv7-R/chcore.h" 1
 1811 0010 80000CF1 		cpsid   i
 1812              	@ 0 "" 2
 1813              		.arm
 1814              		.syntax unified
 1815              	.LBE325:
 1816              	.LBE324:
 1817              		.loc 3 374 35 view .LVU612
 1818              		.loc 3 375 21 view .LVU613
 1819              	.LBE323:
 1820              		.loc 1 577 3 view .LVU614
 1821              		.loc 1 577 13 is_stmt 0 view .LVU615
 1822 0014 483096E5 		ldr	r3, [r6, #72]
 1823              	.LVL87:
 1824              		.loc 1 578 3 is_stmt 1 view .LVU616
ARM GAS  /tmp/ccwxRkBW.s 			page 33


 1825              		.loc 1 578 6 is_stmt 0 view .LVU617
 1826 0018 005013E0 		ands	r5, r3, r0
 1827 001c 0C00001A 		bne	.L77
 1828              		.loc 1 579 5 is_stmt 1 view .LVU618
 1829              		.loc 1 579 8 is_stmt 0 view .LVU619
 1830 0020 000051E3 		cmp	r1, #0
 1831 0024 0200001A 		bne	.L78
 1832              	.LVL88:
 1833              	.L83:
 1834              		.loc 1 592 3 is_stmt 1 view .LVU620
 1835              	.LBB326:
 1836              	.LBI326:
 1837              		.loc 3 385 20 view .LVU621
 1838              	.LBB327:
 1839              		.loc 3 387 23 view .LVU622
 1840              		.loc 3 388 34 view .LVU623
 1841              		.loc 3 394 3 view .LVU624
 1842              		.loc 3 394 3 view .LVU625
 1843              		.loc 3 394 3 discriminator 7 view .LVU626
 1844              		.loc 3 398 3 view .LVU627
 1845              	.LBB328:
 1846              	.LBI328:
 1847              		.loc 4 751 20 view .LVU628
 1848              	.LBB329:
 1849              		.loc 4 756 3 view .LVU629
 1850              		.syntax divided
 1851              	@ 756 "../../../os/common/ports/ARMv7-R/chcore.h" 1
 1852 0028 C00008F1 		cpsie   if
 1853              	@ 0 "" 2
 1854              		.arm
 1855              		.syntax unified
 1856              	.LBE329:
 1857              	.LBE328:
 1858              	.LBE327:
 1859              	.LBE326:
 1860              		.loc 1 594 3 view .LVU630
 1861              		.loc 1 595 1 is_stmt 0 view .LVU631
 1862 002c 0500A0E1 		mov	r0, r5
 1863 0030 7080BDE8 		pop	{r4, r5, r6, pc}
 1864              	.LVL89:
 1865              	.L78:
 1866              		.loc 1 583 5 is_stmt 1 view .LVU632
 1867 0034 0040A0E1 		mov	r4, r0
 1868              		.loc 1 584 9 is_stmt 0 view .LVU633
 1869 0038 0A00A0E3 		mov	r0, #10
 1870              	.LVL90:
 1871              		.loc 1 583 22 view .LVU634
 1872 003c 344086E5 		str	r4, [r6, #52]
 1873              		.loc 1 584 5 is_stmt 1 view .LVU635
 1874              		.loc 1 584 9 is_stmt 0 view .LVU636
 1875 0040 FEFFFFEB 		bl	chSchGoSleepTimeoutS
 1876              	.LVL91:
 1877              		.loc 1 584 8 discriminator 1 view .LVU637
 1878 0044 000050E3 		cmp	r0, #0
 1879 0048 F6FFFFBA 		blt	.L83
 1880              		.loc 1 588 5 is_stmt 1 view .LVU638
 1881              		.loc 1 588 15 is_stmt 0 view .LVU639
ARM GAS  /tmp/ccwxRkBW.s 			page 34


 1882 004c 483096E5 		ldr	r3, [r6, #72]
 1883              		.loc 1 588 7 view .LVU640
 1884 0050 045003E0 		and	r5, r3, r4
 1885              	.LVL92:
 1886              	.L77:
 1887              		.loc 1 590 3 is_stmt 1 view .LVU641
 1888              		.loc 1 590 5 is_stmt 0 view .LVU642
 1889 0054 002065E2 		rsb	r2, r5, #0
 1890 0058 025005E0 		and	r5, r5, r2
 1891              	.LVL93:
 1892              		.loc 1 591 3 is_stmt 1 view .LVU643
 1893              		.loc 1 591 20 is_stmt 0 view .LVU644
 1894 005c 0530C3E1 		bic	r3, r3, r5
 1895 0060 483086E5 		str	r3, [r6, #72]
 1896 0064 EFFFFFEA 		b	.L83
 1897              		.cfi_endproc
 1898              	.LFE225:
 1899              		.size	chEvtWaitOneTimeout, .-chEvtWaitOneTimeout
 1900              		.section	.text.chEvtWaitAnyTimeout,"ax",%progbits
 1901              		.align	2
 1902              		.p2align 4,,15
 1903              		.global	chEvtWaitAnyTimeout
 1904              		.syntax unified
 1905              		.arm
 1906              		.type	chEvtWaitAnyTimeout, %function
 1907              	chEvtWaitAnyTimeout:
 1908              	.LVL94:
 1909              	.LFB226:
 1910              		.loc 1 614 76 is_stmt 1 view -0
 1911              		.cfi_startproc
 1912              		@ args = 0, pretend = 0, frame = 0
 1913              		@ frame_needed = 0, uses_anonymous_args = 0
 1914              		.loc 1 615 3 view .LVU646
 1915              	.LBB330:
 1916              	.LBI330:
 1917              		.loc 2 526 25 view .LVU647
 1918              	.LBB331:
 1919              		.loc 2 528 3 view .LVU648
 1920              		.loc 2 528 10 is_stmt 0 view .LVU649
 1921 0000 003000E3 		movw	r3, #:lower16:ch0
 1922 0004 003040E3 		movt	r3, #:upper16:ch0
 1923              	.LBE331:
 1924              	.LBE330:
 1925              		.loc 1 614 76 view .LVU650
 1926 0008 70402DE9 		push	{r4, r5, r6, lr}
 1927              		.cfi_def_cfa_offset 16
 1928              		.cfi_offset 4, -16
 1929              		.cfi_offset 5, -12
 1930              		.cfi_offset 6, -8
 1931              		.cfi_offset 14, -4
 1932              	.LBB333:
 1933              	.LBB332:
 1934              		.loc 2 528 10 view .LVU651
 1935 000c 0C5093E5 		ldr	r5, [r3, #12]
 1936              	.LVL95:
 1937              		.loc 2 528 10 view .LVU652
 1938              	.LBE332:
ARM GAS  /tmp/ccwxRkBW.s 			page 35


 1939              	.LBE333:
 1940              		.loc 1 616 3 is_stmt 1 view .LVU653
 1941              		.loc 1 618 3 view .LVU654
 1942              	.LBB334:
 1943              	.LBI334:
 1944              		.loc 3 371 20 view .LVU655
 1945              		.loc 3 373 3 view .LVU656
 1946              	.LBB335:
 1947              	.LBI335:
 1948              		.loc 4 739 20 view .LVU657
 1949              	.LBB336:
 1950              		.loc 4 741 3 view .LVU658
 1951              		.syntax divided
 1952              	@ 741 "../../../os/common/ports/ARMv7-R/chcore.h" 1
 1953 0010 80000CF1 		cpsid   i
 1954              	@ 0 "" 2
 1955              		.arm
 1956              		.syntax unified
 1957              	.LBE336:
 1958              	.LBE335:
 1959              		.loc 3 374 35 view .LVU659
 1960              		.loc 3 375 21 view .LVU660
 1961              	.LBE334:
 1962              		.loc 1 619 3 view .LVU661
 1963              		.loc 1 619 13 is_stmt 0 view .LVU662
 1964 0014 483095E5 		ldr	r3, [r5, #72]
 1965              	.LVL96:
 1966              		.loc 1 620 3 is_stmt 1 view .LVU663
 1967              		.loc 1 620 6 is_stmt 0 view .LVU664
 1968 0018 006013E0 		ands	r6, r3, r0
 1969 001c 0C00001A 		bne	.L85
 1970              		.loc 1 621 5 is_stmt 1 view .LVU665
 1971              		.loc 1 621 8 is_stmt 0 view .LVU666
 1972 0020 000051E3 		cmp	r1, #0
 1973 0024 0200001A 		bne	.L86
 1974              	.LVL97:
 1975              	.L91:
 1976              		.loc 1 633 3 is_stmt 1 view .LVU667
 1977              	.LBB337:
 1978              	.LBI337:
 1979              		.loc 3 385 20 view .LVU668
 1980              	.LBB338:
 1981              		.loc 3 387 23 view .LVU669
 1982              		.loc 3 388 34 view .LVU670
 1983              		.loc 3 394 3 view .LVU671
 1984              		.loc 3 394 3 view .LVU672
 1985              		.loc 3 394 3 discriminator 7 view .LVU673
 1986              		.loc 3 398 3 view .LVU674
 1987              	.LBB339:
 1988              	.LBI339:
 1989              		.loc 4 751 20 view .LVU675
 1990              	.LBB340:
 1991              		.loc 4 756 3 view .LVU676
 1992              		.syntax divided
 1993              	@ 756 "../../../os/common/ports/ARMv7-R/chcore.h" 1
 1994 0028 C00008F1 		cpsie   if
 1995              	@ 0 "" 2
ARM GAS  /tmp/ccwxRkBW.s 			page 36


 1996              		.arm
 1997              		.syntax unified
 1998              	.LBE340:
 1999              	.LBE339:
 2000              	.LBE338:
 2001              	.LBE337:
 2002              		.loc 1 635 3 view .LVU677
 2003              		.loc 1 636 1 is_stmt 0 view .LVU678
 2004 002c 0600A0E1 		mov	r0, r6
 2005 0030 7080BDE8 		pop	{r4, r5, r6, pc}
 2006              	.LVL98:
 2007              	.L86:
 2008              		.loc 1 625 5 is_stmt 1 view .LVU679
 2009 0034 0040A0E1 		mov	r4, r0
 2010              		.loc 1 626 9 is_stmt 0 view .LVU680
 2011 0038 0A00A0E3 		mov	r0, #10
 2012              	.LVL99:
 2013              		.loc 1 625 22 view .LVU681
 2014 003c 344085E5 		str	r4, [r5, #52]
 2015              		.loc 1 626 5 is_stmt 1 view .LVU682
 2016              		.loc 1 626 9 is_stmt 0 view .LVU683
 2017 0040 FEFFFFEB 		bl	chSchGoSleepTimeoutS
 2018              	.LVL100:
 2019              		.loc 1 626 8 discriminator 1 view .LVU684
 2020 0044 000050E3 		cmp	r0, #0
 2021 0048 F6FFFFBA 		blt	.L91
 2022              		.loc 1 630 5 is_stmt 1 view .LVU685
 2023              		.loc 1 630 15 is_stmt 0 view .LVU686
 2024 004c 483095E5 		ldr	r3, [r5, #72]
 2025              		.loc 1 630 7 view .LVU687
 2026 0050 046003E0 		and	r6, r3, r4
 2027              	.LVL101:
 2028              	.L85:
 2029              		.loc 1 632 3 is_stmt 1 view .LVU688
 2030              		.loc 1 632 20 is_stmt 0 view .LVU689
 2031 0054 0630C3E1 		bic	r3, r3, r6
 2032 0058 483085E5 		str	r3, [r5, #72]
 2033 005c F1FFFFEA 		b	.L91
 2034              		.cfi_endproc
 2035              	.LFE226:
 2036              		.size	chEvtWaitAnyTimeout, .-chEvtWaitAnyTimeout
 2037              		.section	.text.chEvtWaitAllTimeout,"ax",%progbits
 2038              		.align	2
 2039              		.p2align 4,,15
 2040              		.global	chEvtWaitAllTimeout
 2041              		.syntax unified
 2042              		.arm
 2043              		.type	chEvtWaitAllTimeout, %function
 2044              	chEvtWaitAllTimeout:
 2045              	.LVL102:
 2046              	.LFB227:
 2047              		.loc 1 654 76 is_stmt 1 view -0
 2048              		.cfi_startproc
 2049              		@ args = 0, pretend = 0, frame = 0
 2050              		@ frame_needed = 0, uses_anonymous_args = 0
 2051              		.loc 1 655 3 view .LVU691
 2052              	.LBB341:
ARM GAS  /tmp/ccwxRkBW.s 			page 37


 2053              	.LBI341:
 2054              		.loc 2 526 25 view .LVU692
 2055              	.LBB342:
 2056              		.loc 2 528 3 view .LVU693
 2057              		.loc 2 528 10 is_stmt 0 view .LVU694
 2058 0000 003000E3 		movw	r3, #:lower16:ch0
 2059 0004 003040E3 		movt	r3, #:upper16:ch0
 2060              	.LBE342:
 2061              	.LBE341:
 2062              		.loc 1 654 76 view .LVU695
 2063 0008 70402DE9 		push	{r4, r5, r6, lr}
 2064              		.cfi_def_cfa_offset 16
 2065              		.cfi_offset 4, -16
 2066              		.cfi_offset 5, -12
 2067              		.cfi_offset 6, -8
 2068              		.cfi_offset 14, -4
 2069              		.loc 1 654 76 view .LVU696
 2070 000c 0040A0E1 		mov	r4, r0
 2071              	.LBB344:
 2072              	.LBB343:
 2073              		.loc 2 528 10 view .LVU697
 2074 0010 0C5093E5 		ldr	r5, [r3, #12]
 2075              	.LVL103:
 2076              		.loc 2 528 10 view .LVU698
 2077              	.LBE343:
 2078              	.LBE344:
 2079              		.loc 1 657 3 is_stmt 1 view .LVU699
 2080              	.LBB345:
 2081              	.LBI345:
 2082              		.loc 3 371 20 view .LVU700
 2083              		.loc 3 373 3 view .LVU701
 2084              	.LBB346:
 2085              	.LBI346:
 2086              		.loc 4 739 20 view .LVU702
 2087              	.LBB347:
 2088              		.loc 4 741 3 view .LVU703
 2089              		.syntax divided
 2090              	@ 741 "../../../os/common/ports/ARMv7-R/chcore.h" 1
 2091 0014 80000CF1 		cpsid   i
 2092              	@ 0 "" 2
 2093              		.arm
 2094              		.syntax unified
 2095              	.LBE347:
 2096              	.LBE346:
 2097              		.loc 3 374 35 view .LVU704
 2098              		.loc 3 375 21 view .LVU705
 2099              	.LBE345:
 2100              		.loc 1 658 3 view .LVU706
 2101              		.loc 1 658 14 is_stmt 0 view .LVU707
 2102 0018 483095E5 		ldr	r3, [r5, #72]
 2103              		.loc 1 658 6 view .LVU708
 2104 001c 0300D4E1 		bics	r0, r4, r3
 2105              	.LVL104:
 2106              		.loc 1 658 6 view .LVU709
 2107 0020 0A00000A 		beq	.L93
 2108              		.loc 1 659 5 is_stmt 1 view .LVU710
 2109              		.loc 1 659 8 is_stmt 0 view .LVU711
ARM GAS  /tmp/ccwxRkBW.s 			page 38


 2110 0024 000051E3 		cmp	r1, #0
 2111 0028 0200001A 		bne	.L94
 2112              	.LVL105:
 2113              	.L96:
 2114              		.loc 1 665 7 is_stmt 1 view .LVU712
 2115              	.LBB348:
 2116              	.LBI348:
 2117              		.loc 3 385 20 view .LVU713
 2118              	.LBB349:
 2119              		.loc 3 387 23 view .LVU714
 2120              		.loc 3 388 34 view .LVU715
 2121              		.loc 3 394 3 view .LVU716
 2122              		.loc 3 394 3 view .LVU717
 2123              		.loc 3 394 3 discriminator 7 view .LVU718
 2124              		.loc 3 398 3 view .LVU719
 2125              	.LBB350:
 2126              	.LBI350:
 2127              		.loc 4 751 20 view .LVU720
 2128              	.LBB351:
 2129              		.loc 4 756 3 view .LVU721
 2130              		.syntax divided
 2131              	@ 756 "../../../os/common/ports/ARMv7-R/chcore.h" 1
 2132 002c C00008F1 		cpsie   if
 2133              	@ 0 "" 2
 2134              		.arm
 2135              		.syntax unified
 2136              	.LBE351:
 2137              	.LBE350:
 2138              	.LBE349:
 2139              	.LBE348:
 2140              		.loc 1 666 7 view .LVU722
 2141              		.loc 1 661 14 is_stmt 0 view .LVU723
 2142 0030 0000A0E3 		mov	r0, #0
 2143 0034 7080BDE8 		pop	{r4, r5, r6, pc}
 2144              	.LVL106:
 2145              	.L94:
 2146              		.loc 1 663 5 is_stmt 1 view .LVU724
 2147              		.loc 1 664 9 is_stmt 0 view .LVU725
 2148 0038 0B00A0E3 		mov	r0, #11
 2149              		.loc 1 663 22 view .LVU726
 2150 003c 344085E5 		str	r4, [r5, #52]
 2151              		.loc 1 664 5 is_stmt 1 view .LVU727
 2152              		.loc 1 664 9 is_stmt 0 view .LVU728
 2153 0040 FEFFFFEB 		bl	chSchGoSleepTimeoutS
 2154              	.LVL107:
 2155              		.loc 1 664 8 discriminator 1 view .LVU729
 2156 0044 000050E3 		cmp	r0, #0
 2157 0048 F7FFFFBA 		blt	.L96
 2158              		.loc 1 669 9 view .LVU730
 2159 004c 483095E5 		ldr	r3, [r5, #72]
 2160              	.L93:
 2161              		.loc 1 669 3 is_stmt 1 view .LVU731
 2162              		.loc 1 669 20 is_stmt 0 view .LVU732
 2163 0050 0430C3E1 		bic	r3, r3, r4
 2164 0054 483085E5 		str	r3, [r5, #72]
 2165              		.loc 1 670 3 is_stmt 1 view .LVU733
 2166              	.LBB352:
ARM GAS  /tmp/ccwxRkBW.s 			page 39


 2167              	.LBI352:
 2168              		.loc 3 385 20 view .LVU734
 2169              	.LBB353:
 2170              		.loc 3 387 23 view .LVU735
 2171              		.loc 3 388 34 view .LVU736
 2172              		.loc 3 394 3 view .LVU737
 2173              		.loc 3 394 3 view .LVU738
 2174              		.loc 3 394 3 discriminator 7 view .LVU739
 2175              		.loc 3 398 3 view .LVU740
 2176              	.LBB354:
 2177              	.LBI354:
 2178              		.loc 4 751 20 view .LVU741
 2179              	.LBB355:
 2180              		.loc 4 756 3 view .LVU742
 2181              		.syntax divided
 2182              	@ 756 "../../../os/common/ports/ARMv7-R/chcore.h" 1
 2183 0058 C00008F1 		cpsie   if
 2184              	@ 0 "" 2
 2185              		.arm
 2186              		.syntax unified
 2187              	.LBE355:
 2188              	.LBE354:
 2189              	.LBE353:
 2190              	.LBE352:
 2191              		.loc 1 672 3 view .LVU743
 2192              		.loc 1 672 10 is_stmt 0 view .LVU744
 2193 005c 0400A0E1 		mov	r0, r4
 2194              		.loc 1 673 1 view .LVU745
 2195 0060 7080BDE8 		pop	{r4, r5, r6, pc}
 2196              		.cfi_endproc
 2197              	.LFE227:
 2198              		.size	chEvtWaitAllTimeout, .-chEvtWaitAllTimeout
 2199              		.text
 2200              	.Letext0:
 2201              		.file 6 "/home/emirhan/Documents/gemstone/chibiOS-port/tools/arm-gnu-toolchain-13.3.rel1-x86_64-ar
 2202              		.file 7 "/home/emirhan/Documents/gemstone/chibiOS-port/tools/arm-gnu-toolchain-13.3.rel1-x86_64-ar
 2203              		.file 8 "../../../os/common/ports/ARM-common/include/chtypes.h"
 2204              		.file 9 "../../../os/rt/include/chearly.h"
 2205              		.file 10 "../../../os/rt/include/chobjects.h"
 2206              		.file 11 "../../../os/rt/include/chrfcu.h"
 2207              		.file 12 "../../../os/rt/include/chdebug.h"
 2208              		.file 13 "../../../os/rt/include/chtime.h"
 2209              		.file 14 "../../../os/rt/include/chlists.h"
 2210              		.file 15 "../../../os/rt/include/chsem.h"
 2211              		.file 16 "../../../os/rt/include/chmtx.h"
 2212              		.file 17 "../../../os/rt/include/chschd.h"
 2213              		.section	.debug_info,"",%progbits
 2214              	.Ldebug_info0:
 2215 0000 7F180000 		.4byte	0x187f
 2216 0004 0500     		.2byte	0x5
 2217 0006 01       		.byte	0x1
 2218 0007 04       		.byte	0x4
 2219 0008 00000000 		.4byte	.Ldebug_abbrev0
 2220 000c 39       		.uleb128 0x39
 2221 000d 4F050000 		.4byte	.LASF157
 2222 0011 1D       		.byte	0x1d
 2223 0012 79060000 		.4byte	.LASF158
ARM GAS  /tmp/ccwxRkBW.s 			page 40


 2224 0016 8A070000 		.4byte	.LASF159
 2225 001a F1000000 		.4byte	.LLRL77
 2226 001e 00000000 		.4byte	0
 2227 0022 00000000 		.4byte	.Ldebug_line0
 2228 0026 0C       		.uleb128 0xc
 2229 0027 08       		.byte	0x8
 2230 0028 07       		.byte	0x7
 2231 0029 F3010000 		.4byte	.LASF0
 2232 002d 0C       		.uleb128 0xc
 2233 002e 04       		.byte	0x4
 2234 002f 07       		.byte	0x7
 2235 0030 98000000 		.4byte	.LASF1
 2236 0034 3A       		.uleb128 0x3a
 2237 0035 04       		.byte	0x4
 2238 0036 05       		.byte	0x5
 2239 0037 696E7400 		.ascii	"int\000"
 2240 003b 0C       		.uleb128 0xc
 2241 003c 08       		.byte	0x8
 2242 003d 05       		.byte	0x5
 2243 003e 22040000 		.4byte	.LASF2
 2244 0042 0C       		.uleb128 0xc
 2245 0043 08       		.byte	0x8
 2246 0044 04       		.byte	0x4
 2247 0045 DC040000 		.4byte	.LASF3
 2248 0049 0C       		.uleb128 0xc
 2249 004a 01       		.byte	0x1
 2250 004b 06       		.byte	0x6
 2251 004c 19080000 		.4byte	.LASF4
 2252 0050 01       		.uleb128 0x1
 2253 0051 6A060000 		.4byte	.LASF8
 2254 0055 06       		.byte	0x6
 2255 0056 2B       		.byte	0x2b
 2256 0057 18       		.byte	0x18
 2257 0058 5C000000 		.4byte	0x5c
 2258 005c 0C       		.uleb128 0xc
 2259 005d 01       		.byte	0x1
 2260 005e 08       		.byte	0x8
 2261 005f 4B070000 		.4byte	.LASF5
 2262 0063 0C       		.uleb128 0xc
 2263 0064 02       		.byte	0x2
 2264 0065 05       		.byte	0x5
 2265 0066 15050000 		.4byte	.LASF6
 2266 006a 0C       		.uleb128 0xc
 2267 006b 02       		.byte	0x2
 2268 006c 07       		.byte	0x7
 2269 006d 2B080000 		.4byte	.LASF7
 2270 0071 01       		.uleb128 0x1
 2271 0072 D8000000 		.4byte	.LASF9
 2272 0076 06       		.byte	0x6
 2273 0077 4D       		.byte	0x4d
 2274 0078 18       		.byte	0x18
 2275 0079 7D000000 		.4byte	0x7d
 2276 007d 0C       		.uleb128 0xc
 2277 007e 04       		.byte	0x4
 2278 007f 05       		.byte	0x5
 2279 0080 3A050000 		.4byte	.LASF10
 2280 0084 01       		.uleb128 0x1
ARM GAS  /tmp/ccwxRkBW.s 			page 41


 2281 0085 59070000 		.4byte	.LASF11
 2282 0089 06       		.byte	0x6
 2283 008a 4F       		.byte	0x4f
 2284 008b 19       		.byte	0x19
 2285 008c 90000000 		.4byte	0x90
 2286 0090 0C       		.uleb128 0xc
 2287 0091 04       		.byte	0x4
 2288 0092 07       		.byte	0x7
 2289 0093 CB060000 		.4byte	.LASF12
 2290 0097 01       		.uleb128 0x1
 2291 0098 F8020000 		.4byte	.LASF13
 2292 009c 06       		.byte	0x6
 2293 009d 69       		.byte	0x69
 2294 009e 19       		.byte	0x19
 2295 009f 26000000 		.4byte	0x26
 2296 00a3 01       		.uleb128 0x1
 2297 00a4 F2040000 		.4byte	.LASF14
 2298 00a8 06       		.byte	0x6
 2299 00a9 E8       		.byte	0xe8
 2300 00aa 1A       		.byte	0x1a
 2301 00ab 2D000000 		.4byte	0x2d
 2302 00af 3B       		.uleb128 0x3b
 2303 00b0 04       		.byte	0x4
 2304 00b1 0C       		.uleb128 0xc
 2305 00b2 01       		.byte	0x1
 2306 00b3 08       		.byte	0x8
 2307 00b4 6B030000 		.4byte	.LASF15
 2308 00b8 0D       		.uleb128 0xd
 2309 00b9 B1000000 		.4byte	0xb1
 2310 00bd 05       		.uleb128 0x5
 2311 00be B8000000 		.4byte	0xb8
 2312 00c2 20       		.uleb128 0x20
 2313 00c3 BD000000 		.4byte	0xbd
 2314 00c7 01       		.uleb128 0x1
 2315 00c8 EB030000 		.4byte	.LASF16
 2316 00cc 07       		.byte	0x7
 2317 00cd 18       		.byte	0x18
 2318 00ce 13       		.byte	0x13
 2319 00cf 50000000 		.4byte	0x50
 2320 00d3 01       		.uleb128 0x1
 2321 00d4 05070000 		.4byte	.LASF17
 2322 00d8 07       		.byte	0x7
 2323 00d9 2C       		.byte	0x2c
 2324 00da 13       		.byte	0x13
 2325 00db 71000000 		.4byte	0x71
 2326 00df 01       		.uleb128 0x1
 2327 00e0 6E010000 		.4byte	.LASF18
 2328 00e4 07       		.byte	0x7
 2329 00e5 30       		.byte	0x30
 2330 00e6 14       		.byte	0x14
 2331 00e7 84000000 		.4byte	0x84
 2332 00eb 01       		.uleb128 0x1
 2333 00ec 5B060000 		.4byte	.LASF19
 2334 00f0 07       		.byte	0x7
 2335 00f1 3C       		.byte	0x3c
 2336 00f2 14       		.byte	0x14
 2337 00f3 97000000 		.4byte	0x97
ARM GAS  /tmp/ccwxRkBW.s 			page 42


 2338 00f7 20       		.uleb128 0x20
 2339 00f8 EB000000 		.4byte	0xeb
 2340 00fc 01       		.uleb128 0x1
 2341 00fd A5060000 		.4byte	.LASF20
 2342 0101 07       		.byte	0x7
 2343 0102 52       		.byte	0x52
 2344 0103 15       		.byte	0x15
 2345 0104 A3000000 		.4byte	0xa3
 2346 0108 01       		.uleb128 0x1
 2347 0109 3C000000 		.4byte	.LASF21
 2348 010d 08       		.byte	0x8
 2349 010e 47       		.byte	0x47
 2350 010f 1D       		.byte	0x1d
 2351 0110 EB000000 		.4byte	0xeb
 2352 0114 01       		.uleb128 0x1
 2353 0115 51020000 		.4byte	.LASF22
 2354 0119 09       		.byte	0x9
 2355 011a 4F       		.byte	0x4f
 2356 011b 19       		.byte	0x19
 2357 011c 08010000 		.4byte	0x108
 2358 0120 01       		.uleb128 0x1
 2359 0121 C1040000 		.4byte	.LASF23
 2360 0125 09       		.byte	0x9
 2361 0126 52       		.byte	0x52
 2362 0127 19       		.byte	0x19
 2363 0128 C7000000 		.4byte	0xc7
 2364 012c 01       		.uleb128 0x1
 2365 012d A6030000 		.4byte	.LASF24
 2366 0131 09       		.byte	0x9
 2367 0132 53       		.byte	0x53
 2368 0133 19       		.byte	0x19
 2369 0134 C7000000 		.4byte	0xc7
 2370 0138 01       		.uleb128 0x1
 2371 0139 C3060000 		.4byte	.LASF25
 2372 013d 09       		.byte	0x9
 2373 013e 54       		.byte	0x54
 2374 013f 19       		.byte	0x19
 2375 0140 C7000000 		.4byte	0xc7
 2376 0144 01       		.uleb128 0x1
 2377 0145 AB010000 		.4byte	.LASF26
 2378 0149 09       		.byte	0x9
 2379 014a 56       		.byte	0x56
 2380 014b 19       		.byte	0x19
 2381 014c DF000000 		.4byte	0xdf
 2382 0150 01       		.uleb128 0x1
 2383 0151 3F040000 		.4byte	.LASF27
 2384 0155 09       		.byte	0x9
 2385 0156 57       		.byte	0x57
 2386 0157 19       		.byte	0x19
 2387 0158 D3000000 		.4byte	0xd3
 2388 015c 01       		.uleb128 0x1
 2389 015d 83080000 		.4byte	.LASF28
 2390 0161 09       		.byte	0x9
 2391 0162 58       		.byte	0x58
 2392 0163 19       		.byte	0x19
 2393 0164 D3000000 		.4byte	0xd3
 2394 0168 01       		.uleb128 0x1
ARM GAS  /tmp/ccwxRkBW.s 			page 43


 2395 0169 92010000 		.4byte	.LASF29
 2396 016d 09       		.byte	0x9
 2397 016e 59       		.byte	0x59
 2398 016f 19       		.byte	0x19
 2399 0170 DF000000 		.4byte	0xdf
 2400 0174 01       		.uleb128 0x1
 2401 0175 9B040000 		.4byte	.LASF30
 2402 0179 09       		.byte	0x9
 2403 017a 5A       		.byte	0x5a
 2404 017b 19       		.byte	0x19
 2405 017c DF000000 		.4byte	0xdf
 2406 0180 01       		.uleb128 0x1
 2407 0181 4B020000 		.4byte	.LASF31
 2408 0185 09       		.byte	0x9
 2409 0186 5B       		.byte	0x5b
 2410 0187 19       		.byte	0x19
 2411 0188 D3000000 		.4byte	0xd3
 2412 018c 01       		.uleb128 0x1
 2413 018d 96080000 		.4byte	.LASF32
 2414 0191 09       		.byte	0x9
 2415 0192 7F       		.byte	0x7f
 2416 0193 12       		.byte	0x12
 2417 0194 2D000000 		.4byte	0x2d
 2418 0198 01       		.uleb128 0x1
 2419 0199 9F020000 		.4byte	.LASF33
 2420 019d 09       		.byte	0x9
 2421 019e 84       		.byte	0x84
 2422 019f 1A       		.byte	0x1a
 2423 01a0 A4010000 		.4byte	0x1a4
 2424 01a4 09       		.uleb128 0x9
 2425 01a5 FC030000 		.4byte	.LASF51
 2426 01a9 54       		.byte	0x54
 2427 01aa 0A       		.byte	0xa
 2428 01ab A6       		.byte	0xa6
 2429 01ac 08       		.byte	0x8
 2430 01ad AE020000 		.4byte	0x2ae
 2431 01b1 21       		.uleb128 0x21
 2432 01b2 68647200 		.ascii	"hdr\000"
 2433 01b6 0A       		.byte	0xa
 2434 01b7 B7       		.byte	0xb7
 2435 01b8 05       		.byte	0x5
 2436 01b9 15060000 		.4byte	0x615
 2437 01bd 00       		.byte	0
 2438 01be 21       		.uleb128 0x21
 2439 01bf 63747800 		.ascii	"ctx\000"
 2440 01c3 0A       		.byte	0xa
 2441 01c4 BB       		.byte	0xbb
 2442 01c5 21       		.byte	0x21
 2443 01c6 6E040000 		.4byte	0x46e
 2444 01ca 0C       		.byte	0xc
 2445 01cb 02       		.uleb128 0x2
 2446 01cc 75020000 		.4byte	.LASF34
 2447 01d0 0A       		.byte	0xa
 2448 01d1 BF       		.byte	0xbf
 2449 01d2 22       		.byte	0x22
 2450 01d3 03070000 		.4byte	0x703
 2451 01d7 10       		.byte	0x10
ARM GAS  /tmp/ccwxRkBW.s 			page 44


 2452 01d8 02       		.uleb128 0x2
 2453 01d9 9F030000 		.4byte	.LASF35
 2454 01dd 0A       		.byte	0xa
 2455 01de C5       		.byte	0xc5
 2456 01df 22       		.byte	0x22
 2457 01e0 08070000 		.4byte	0x708
 2458 01e4 14       		.byte	0x14
 2459 01e5 02       		.uleb128 0x2
 2460 01e6 2E060000 		.4byte	.LASF36
 2461 01ea 0A       		.byte	0xa
 2462 01eb CA       		.byte	0xca
 2463 01ec 21       		.byte	0x21
 2464 01ed 08070000 		.4byte	0x708
 2465 01f1 18       		.byte	0x18
 2466 01f2 02       		.uleb128 0x2
 2467 01f3 F7070000 		.4byte	.LASF37
 2468 01f7 0A       		.byte	0xa
 2469 01f8 CE       		.byte	0xce
 2470 01f9 21       		.byte	0x21
 2471 01fa 2C010000 		.4byte	0x12c
 2472 01fe 1C       		.byte	0x1c
 2473 01ff 02       		.uleb128 0x2
 2474 0200 6D000000 		.4byte	.LASF38
 2475 0204 0A       		.byte	0xa
 2476 0205 D2       		.byte	0xd2
 2477 0206 21       		.byte	0x21
 2478 0207 20010000 		.4byte	0x120
 2479 020b 1D       		.byte	0x1d
 2480 020c 02       		.uleb128 0x2
 2481 020d E2000000 		.4byte	.LASF39
 2482 0211 0A       		.byte	0xa
 2483 0212 D7       		.byte	0xd7
 2484 0213 21       		.byte	0x21
 2485 0214 38010000 		.4byte	0x138
 2486 0218 1E       		.byte	0x1e
 2487 0219 02       		.uleb128 0x2
 2488 021a 74060000 		.4byte	.LASF40
 2489 021e 0A       		.byte	0xa
 2490 021f DB       		.byte	0xdb
 2491 0220 22       		.byte	0x22
 2492 0221 BD000000 		.4byte	0xbd
 2493 0225 20       		.byte	0x20
 2494 0226 02       		.uleb128 0x2
 2495 0227 AF030000 		.4byte	.LASF41
 2496 022b 0A       		.byte	0xa
 2497 022c DF       		.byte	0xdf
 2498 022d 21       		.byte	0x21
 2499 022e BB040000 		.4byte	0x4bb
 2500 0232 24       		.byte	0x24
 2501 0233 02       		.uleb128 0x2
 2502 0234 34000000 		.4byte	.LASF42
 2503 0238 0A       		.byte	0xa
 2504 0239 E5       		.byte	0xe5
 2505 023a 21       		.byte	0x21
 2506 023b F9050000 		.4byte	0x5f9
 2507 023f 2C       		.byte	0x2c
 2508 0240 02       		.uleb128 0x2
ARM GAS  /tmp/ccwxRkBW.s 			page 45


 2509 0241 E0020000 		.4byte	.LASF43
 2510 0245 0A       		.byte	0xa
 2511 0246 EB       		.byte	0xeb
 2512 0247 22       		.byte	0x22
 2513 0248 AF000000 		.4byte	0xaf
 2514 024c 30       		.byte	0x30
 2515 024d 0A       		.uleb128 0xa
 2516 024e 7500     		.ascii	"u\000"
 2517 0250 0A       		.byte	0xa
 2518 0251 3601     		.2byte	0x136
 2519 0253 21       		.byte	0x21
 2520 0254 3B060000 		.4byte	0x63b
 2521 0258 34       		.byte	0x34
 2522 0259 04       		.uleb128 0x4
 2523 025a 64070000 		.4byte	.LASF44
 2524 025e 0A       		.byte	0xa
 2525 025f 3B01     		.2byte	0x13b
 2526 0261 21       		.byte	0x21
 2527 0262 8F040000 		.4byte	0x48f
 2528 0266 38       		.byte	0x38
 2529 0267 04       		.uleb128 0x4
 2530 0268 F3030000 		.4byte	.LASF45
 2531 026c 0A       		.byte	0xa
 2532 026d 4101     		.2byte	0x141
 2533 026f 21       		.byte	0x21
 2534 0270 BB040000 		.4byte	0x4bb
 2535 0274 3C       		.byte	0x3c
 2536 0275 04       		.uleb128 0x4
 2537 0276 8A010000 		.4byte	.LASF46
 2538 027a 0A       		.byte	0xa
 2539 027b 5301     		.2byte	0x153
 2540 027d 21       		.byte	0x21
 2541 027e 50010000 		.4byte	0x150
 2542 0282 44       		.byte	0x44
 2543 0283 04       		.uleb128 0x4
 2544 0284 8F000000 		.4byte	.LASF47
 2545 0288 0A       		.byte	0xa
 2546 0289 5901     		.2byte	0x159
 2547 028b 21       		.byte	0x21
 2548 028c 68010000 		.4byte	0x168
 2549 0290 48       		.byte	0x48
 2550 0291 04       		.uleb128 0x4
 2551 0292 7B020000 		.4byte	.LASF48
 2552 0296 0A       		.byte	0xa
 2553 0297 6001     		.2byte	0x160
 2554 0299 22       		.byte	0x22
 2555 029a FE060000 		.4byte	0x6fe
 2556 029e 4C       		.byte	0x4c
 2557 029f 04       		.uleb128 0x4
 2558 02a0 7D000000 		.4byte	.LASF49
 2559 02a4 0A       		.byte	0xa
 2560 02a5 6401     		.2byte	0x164
 2561 02a7 21       		.byte	0x21
 2562 02a8 44010000 		.4byte	0x144
 2563 02ac 50       		.byte	0x50
 2564 02ad 00       		.byte	0
 2565 02ae 01       		.uleb128 0x1
ARM GAS  /tmp/ccwxRkBW.s 			page 46


 2566 02af FD070000 		.4byte	.LASF50
 2567 02b3 09       		.byte	0x9
 2568 02b4 89       		.byte	0x89
 2569 02b5 1F       		.byte	0x1f
 2570 02b6 BA020000 		.4byte	0x2ba
 2571 02ba 1B       		.uleb128 0x1b
 2572 02bb 1B030000 		.4byte	.LASF52
 2573 02bf E8       		.byte	0xe8
 2574 02c0 0A       		.byte	0xa
 2575 02c1 A001     		.2byte	0x1a0
 2576 02c3 08       		.byte	0x8
 2577 02c4 47030000 		.4byte	0x347
 2578 02c8 04       		.uleb128 0x4
 2579 02c9 64060000 		.4byte	.LASF53
 2580 02cd 0A       		.byte	0xa
 2581 02ce A401     		.2byte	0x1a4
 2582 02d0 21       		.byte	0x21
 2583 02d1 38070000 		.4byte	0x738
 2584 02d5 00       		.byte	0
 2585 02d6 04       		.uleb128 0x4
 2586 02d7 FF000000 		.4byte	.LASF54
 2587 02db 0A       		.byte	0xa
 2588 02dc A801     		.2byte	0x1a8
 2589 02de 21       		.byte	0x21
 2590 02df B5050000 		.4byte	0x5b5
 2591 02e3 10       		.byte	0x10
 2592 02e4 04       		.uleb128 0x4
 2593 02e5 0B080000 		.4byte	.LASF55
 2594 02e9 0A       		.byte	0xa
 2595 02ea AF01     		.2byte	0x1af
 2596 02ec 21       		.byte	0x21
 2597 02ed DC050000 		.4byte	0x5dc
 2598 02f1 28       		.byte	0x28
 2599 02f2 04       		.uleb128 0x4
 2600 02f3 AA000000 		.4byte	.LASF56
 2601 02f7 0A       		.byte	0xa
 2602 02f8 B401     		.2byte	0x1b4
 2603 02fa 21       		.byte	0x21
 2604 02fb 8C010000 		.4byte	0x18c
 2605 02ff 30       		.byte	0x30
 2606 0300 04       		.uleb128 0x4
 2607 0301 9A020000 		.4byte	.LASF57
 2608 0305 0A       		.byte	0xa
 2609 0306 BA01     		.2byte	0x1ba
 2610 0308 21       		.byte	0x21
 2611 0309 6E030000 		.4byte	0x36e
 2612 030d 34       		.byte	0x34
 2613 030e 04       		.uleb128 0x4
 2614 030f 0E050000 		.4byte	.LASF58
 2615 0313 0A       		.byte	0xa
 2616 0314 BF01     		.2byte	0x1bf
 2617 0316 22       		.byte	0x22
 2618 0317 A8070000 		.4byte	0x7a8
 2619 031b 38       		.byte	0x38
 2620 031c 04       		.uleb128 0x4
 2621 031d D1040000 		.4byte	.LASF59
 2622 0321 0A       		.byte	0xa
ARM GAS  /tmp/ccwxRkBW.s 			page 47


 2623 0322 C301     		.2byte	0x1c3
 2624 0324 21       		.byte	0x21
 2625 0325 98010000 		.4byte	0x198
 2626 0329 3C       		.byte	0x3c
 2627 032a 04       		.uleb128 0x4
 2628 032b EC070000 		.4byte	.LASF60
 2629 032f 0A       		.byte	0xa
 2630 0330 C801     		.2byte	0x1c8
 2631 0332 21       		.byte	0x21
 2632 0333 98010000 		.4byte	0x198
 2633 0337 90       		.byte	0x90
 2634 0338 0A       		.uleb128 0xa
 2635 0339 64626700 		.ascii	"dbg\000"
 2636 033d 0A       		.byte	0xa
 2637 033e CD01     		.2byte	0x1cd
 2638 0340 21       		.byte	0x21
 2639 0341 95030000 		.4byte	0x395
 2640 0345 E4       		.byte	0xe4
 2641 0346 00       		.byte	0
 2642 0347 01       		.uleb128 0x1
 2643 0348 80030000 		.4byte	.LASF61
 2644 034c 0B       		.byte	0xb
 2645 034d 3E       		.byte	0x3e
 2646 034e 12       		.byte	0x12
 2647 034f DF000000 		.4byte	0xdf
 2648 0353 09       		.uleb128 0x9
 2649 0354 E7020000 		.4byte	.LASF62
 2650 0358 04       		.byte	0x4
 2651 0359 0B       		.byte	0xb
 2652 035a 43       		.byte	0x43
 2653 035b 10       		.byte	0x10
 2654 035c 6E030000 		.4byte	0x36e
 2655 0360 02       		.uleb128 0x2
 2656 0361 6C040000 		.4byte	.LASF63
 2657 0365 0B       		.byte	0xb
 2658 0366 47       		.byte	0x47
 2659 0367 21       		.byte	0x21
 2660 0368 47030000 		.4byte	0x347
 2661 036c 00       		.byte	0
 2662 036d 00       		.byte	0
 2663 036e 01       		.uleb128 0x1
 2664 036f 1A070000 		.4byte	.LASF64
 2665 0373 0B       		.byte	0xb
 2666 0374 48       		.byte	0x48
 2667 0375 03       		.byte	0x3
 2668 0376 53030000 		.4byte	0x353
 2669 037a 09       		.uleb128 0x9
 2670 037b 4B010000 		.4byte	.LASF65
 2671 037f 04       		.byte	0x4
 2672 0380 0C       		.byte	0xc
 2673 0381 3D       		.byte	0x3d
 2674 0382 10       		.byte	0x10
 2675 0383 95030000 		.4byte	0x395
 2676 0387 02       		.uleb128 0x2
 2677 0388 A8040000 		.4byte	.LASF66
 2678 038c 0C       		.byte	0xc
 2679 038d 45       		.byte	0x45
ARM GAS  /tmp/ccwxRkBW.s 			page 48


 2680 038e 24       		.byte	0x24
 2681 038f C2000000 		.4byte	0xc2
 2682 0393 00       		.byte	0
 2683 0394 00       		.byte	0
 2684 0395 01       		.uleb128 0x1
 2685 0396 13040000 		.4byte	.LASF67
 2686 039a 0C       		.byte	0xc
 2687 039b 50       		.byte	0x50
 2688 039c 03       		.byte	0x3
 2689 039d 7A030000 		.4byte	0x37a
 2690 03a1 01       		.uleb128 0x1
 2691 03a2 73000000 		.4byte	.LASF68
 2692 03a6 0D       		.byte	0xd
 2693 03a7 6C       		.byte	0x6c
 2694 03a8 12       		.byte	0x12
 2695 03a9 DF000000 		.4byte	0xdf
 2696 03ad 20       		.uleb128 0x20
 2697 03ae A1030000 		.4byte	0x3a1
 2698 03b2 01       		.uleb128 0x1
 2699 03b3 82040000 		.4byte	.LASF69
 2700 03b7 0D       		.byte	0xd
 2701 03b8 78       		.byte	0x78
 2702 03b9 12       		.byte	0x12
 2703 03ba DF000000 		.4byte	0xdf
 2704 03be 1B       		.uleb128 0x1b
 2705 03bf 43050000 		.4byte	.LASF70
 2706 03c3 A8       		.byte	0xa8
 2707 03c4 04       		.byte	0x4
 2708 03c5 0102     		.2byte	0x201
 2709 03c7 08       		.byte	0x8
 2710 03c8 5E040000 		.4byte	0x45e
 2711 03cc 0A       		.uleb128 0xa
 2712 03cd 6400     		.ascii	"d\000"
 2713 03cf 04       		.byte	0x4
 2714 03d0 0302     		.2byte	0x203
 2715 03d2 19       		.byte	0x19
 2716 03d3 5E040000 		.4byte	0x45e
 2717 03d7 00       		.byte	0
 2718 03d8 04       		.uleb128 0x4
 2719 03d9 ED010000 		.4byte	.LASF71
 2720 03dd 04       		.byte	0x4
 2721 03de 0402     		.2byte	0x204
 2722 03e0 19       		.byte	0x19
 2723 03e1 DF000000 		.4byte	0xdf
 2724 03e5 80       		.byte	0x80
 2725 03e6 0A       		.uleb128 0xa
 2726 03e7 723400   		.ascii	"r4\000"
 2727 03ea 04       		.byte	0x4
 2728 03eb 0602     		.2byte	0x206
 2729 03ed 19       		.byte	0x19
 2730 03ee DF000000 		.4byte	0xdf
 2731 03f2 84       		.byte	0x84
 2732 03f3 0A       		.uleb128 0xa
 2733 03f4 723500   		.ascii	"r5\000"
 2734 03f7 04       		.byte	0x4
 2735 03f8 0702     		.2byte	0x207
 2736 03fa 19       		.byte	0x19
ARM GAS  /tmp/ccwxRkBW.s 			page 49


 2737 03fb DF000000 		.4byte	0xdf
 2738 03ff 88       		.byte	0x88
 2739 0400 0A       		.uleb128 0xa
 2740 0401 723600   		.ascii	"r6\000"
 2741 0404 04       		.byte	0x4
 2742 0405 0802     		.2byte	0x208
 2743 0407 19       		.byte	0x19
 2744 0408 DF000000 		.4byte	0xdf
 2745 040c 8C       		.byte	0x8c
 2746 040d 0A       		.uleb128 0xa
 2747 040e 723700   		.ascii	"r7\000"
 2748 0411 04       		.byte	0x4
 2749 0412 0902     		.2byte	0x209
 2750 0414 19       		.byte	0x19
 2751 0415 DF000000 		.4byte	0xdf
 2752 0419 90       		.byte	0x90
 2753 041a 0A       		.uleb128 0xa
 2754 041b 723800   		.ascii	"r8\000"
 2755 041e 04       		.byte	0x4
 2756 041f 0A02     		.2byte	0x20a
 2757 0421 19       		.byte	0x19
 2758 0422 DF000000 		.4byte	0xdf
 2759 0426 94       		.byte	0x94
 2760 0427 0A       		.uleb128 0xa
 2761 0428 723900   		.ascii	"r9\000"
 2762 042b 04       		.byte	0x4
 2763 042c 0B02     		.2byte	0x20b
 2764 042e 19       		.byte	0x19
 2765 042f DF000000 		.4byte	0xdf
 2766 0433 98       		.byte	0x98
 2767 0434 0A       		.uleb128 0xa
 2768 0435 72313000 		.ascii	"r10\000"
 2769 0439 04       		.byte	0x4
 2770 043a 0C02     		.2byte	0x20c
 2771 043c 19       		.byte	0x19
 2772 043d DF000000 		.4byte	0xdf
 2773 0441 9C       		.byte	0x9c
 2774 0442 0A       		.uleb128 0xa
 2775 0443 72313100 		.ascii	"r11\000"
 2776 0447 04       		.byte	0x4
 2777 0448 0D02     		.2byte	0x20d
 2778 044a 19       		.byte	0x19
 2779 044b DF000000 		.4byte	0xdf
 2780 044f A0       		.byte	0xa0
 2781 0450 0A       		.uleb128 0xa
 2782 0451 6C7200   		.ascii	"lr\000"
 2783 0454 04       		.byte	0x4
 2784 0455 0E02     		.2byte	0x20e
 2785 0457 19       		.byte	0x19
 2786 0458 DF000000 		.4byte	0xdf
 2787 045c A4       		.byte	0xa4
 2788 045d 00       		.byte	0
 2789 045e 0F       		.uleb128 0xf
 2790 045f EB000000 		.4byte	0xeb
 2791 0463 6E040000 		.4byte	0x46e
 2792 0467 10       		.uleb128 0x10
 2793 0468 2D000000 		.4byte	0x2d
ARM GAS  /tmp/ccwxRkBW.s 			page 50


 2794 046c 0F       		.byte	0xf
 2795 046d 00       		.byte	0
 2796 046e 1B       		.uleb128 0x1b
 2797 046f 06010000 		.4byte	.LASF72
 2798 0473 04       		.byte	0x4
 2799 0474 04       		.byte	0x4
 2800 0475 1702     		.2byte	0x217
 2801 0477 08       		.byte	0x8
 2802 0478 8A040000 		.4byte	0x48a
 2803 047c 0A       		.uleb128 0xa
 2804 047d 737000   		.ascii	"sp\000"
 2805 0480 04       		.byte	0x4
 2806 0481 1802     		.2byte	0x218
 2807 0483 1A       		.byte	0x1a
 2808 0484 8A040000 		.4byte	0x48a
 2809 0488 00       		.byte	0
 2810 0489 00       		.byte	0
 2811 048a 05       		.uleb128 0x5
 2812 048b BE030000 		.4byte	0x3be
 2813 048f 01       		.uleb128 0x1
 2814 0490 E8040000 		.4byte	.LASF73
 2815 0494 0E       		.byte	0xe
 2816 0495 31       		.byte	0x31
 2817 0496 18       		.byte	0x18
 2818 0497 9B040000 		.4byte	0x49b
 2819 049b 09       		.uleb128 0x9
 2820 049c 37010000 		.4byte	.LASF74
 2821 04a0 04       		.byte	0x4
 2822 04a1 0E       		.byte	0xe
 2823 04a2 37       		.byte	0x37
 2824 04a3 08       		.byte	0x8
 2825 04a4 B6040000 		.4byte	0x4b6
 2826 04a8 02       		.uleb128 0x2
 2827 04a9 A5000000 		.4byte	.LASF75
 2828 04ad 0E       		.byte	0xe
 2829 04ae 38       		.byte	0x38
 2830 04af 1A       		.byte	0x1a
 2831 04b0 B6040000 		.4byte	0x4b6
 2832 04b4 00       		.byte	0
 2833 04b5 00       		.byte	0
 2834 04b6 05       		.uleb128 0x5
 2835 04b7 8F040000 		.4byte	0x48f
 2836 04bb 01       		.uleb128 0x1
 2837 04bc 90040000 		.4byte	.LASF76
 2838 04c0 0E       		.byte	0xe
 2839 04c1 3E       		.byte	0x3e
 2840 04c2 19       		.byte	0x19
 2841 04c3 C7040000 		.4byte	0x4c7
 2842 04c7 09       		.uleb128 0x9
 2843 04c8 3A070000 		.4byte	.LASF77
 2844 04cc 08       		.byte	0x8
 2845 04cd 0E       		.byte	0xe
 2846 04ce 44       		.byte	0x44
 2847 04cf 08       		.byte	0x8
 2848 04d0 EF040000 		.4byte	0x4ef
 2849 04d4 02       		.uleb128 0x2
 2850 04d5 A5000000 		.4byte	.LASF75
ARM GAS  /tmp/ccwxRkBW.s 			page 51


 2851 04d9 0E       		.byte	0xe
 2852 04da 45       		.byte	0x45
 2853 04db 1A       		.byte	0x1a
 2854 04dc EF040000 		.4byte	0x4ef
 2855 04e0 00       		.byte	0
 2856 04e1 02       		.uleb128 0x2
 2857 04e2 32010000 		.4byte	.LASF78
 2858 04e6 0E       		.byte	0xe
 2859 04e7 46       		.byte	0x46
 2860 04e8 1A       		.byte	0x1a
 2861 04e9 EF040000 		.4byte	0x4ef
 2862 04ed 04       		.byte	0x4
 2863 04ee 00       		.byte	0
 2864 04ef 05       		.uleb128 0x5
 2865 04f0 BB040000 		.4byte	0x4bb
 2866 04f4 01       		.uleb128 0x1
 2867 04f5 AF020000 		.4byte	.LASF79
 2868 04f9 0E       		.byte	0xe
 2869 04fa 4D       		.byte	0x4d
 2870 04fb 22       		.byte	0x22
 2871 04fc 00050000 		.4byte	0x500
 2872 0500 09       		.uleb128 0x9
 2873 0501 28070000 		.4byte	.LASF80
 2874 0505 0C       		.byte	0xc
 2875 0506 0E       		.byte	0xe
 2876 0507 54       		.byte	0x54
 2877 0508 08       		.byte	0x8
 2878 0509 35050000 		.4byte	0x535
 2879 050d 02       		.uleb128 0x2
 2880 050e A5000000 		.4byte	.LASF75
 2881 0512 0E       		.byte	0xe
 2882 0513 55       		.byte	0x55
 2883 0514 1A       		.byte	0x1a
 2884 0515 35050000 		.4byte	0x535
 2885 0519 00       		.byte	0
 2886 051a 02       		.uleb128 0x2
 2887 051b 32010000 		.4byte	.LASF78
 2888 051f 0E       		.byte	0xe
 2889 0520 56       		.byte	0x56
 2890 0521 1A       		.byte	0x1a
 2891 0522 35050000 		.4byte	0x535
 2892 0526 04       		.byte	0x4
 2893 0527 02       		.uleb128 0x2
 2894 0528 48030000 		.4byte	.LASF81
 2895 052c 0E       		.byte	0xe
 2896 052d 57       		.byte	0x57
 2897 052e 19       		.byte	0x19
 2898 052f 44010000 		.4byte	0x144
 2899 0533 08       		.byte	0x8
 2900 0534 00       		.byte	0
 2901 0535 05       		.uleb128 0x5
 2902 0536 F4040000 		.4byte	0x4f4
 2903 053a 01       		.uleb128 0x1
 2904 053b 70030000 		.4byte	.LASF82
 2905 053f 0E       		.byte	0xe
 2906 0540 5E       		.byte	0x5e
 2907 0541 1E       		.byte	0x1e
ARM GAS  /tmp/ccwxRkBW.s 			page 52


 2908 0542 46050000 		.4byte	0x546
 2909 0546 09       		.uleb128 0x9
 2910 0547 60010000 		.4byte	.LASF83
 2911 054b 0C       		.byte	0xc
 2912 054c 0E       		.byte	0xe
 2913 054d 63       		.byte	0x63
 2914 054e 08       		.byte	0x8
 2915 054f 7B050000 		.4byte	0x57b
 2916 0553 02       		.uleb128 0x2
 2917 0554 A5000000 		.4byte	.LASF75
 2918 0558 0E       		.byte	0xe
 2919 0559 64       		.byte	0x64
 2920 055a 1A       		.byte	0x1a
 2921 055b 7B050000 		.4byte	0x57b
 2922 055f 00       		.byte	0
 2923 0560 02       		.uleb128 0x2
 2924 0561 32010000 		.4byte	.LASF78
 2925 0565 0E       		.byte	0xe
 2926 0566 65       		.byte	0x65
 2927 0567 1A       		.byte	0x1a
 2928 0568 7B050000 		.4byte	0x57b
 2929 056c 04       		.byte	0x4
 2930 056d 02       		.uleb128 0x2
 2931 056e 25080000 		.4byte	.LASF84
 2932 0572 0E       		.byte	0xe
 2933 0573 66       		.byte	0x66
 2934 0574 19       		.byte	0x19
 2935 0575 B2030000 		.4byte	0x3b2
 2936 0579 08       		.byte	0x8
 2937 057a 00       		.byte	0
 2938 057b 05       		.uleb128 0x5
 2939 057c 3A050000 		.4byte	0x53a
 2940 0580 09       		.uleb128 0x9
 2941 0581 83020000 		.4byte	.LASF85
 2942 0585 18       		.byte	0x18
 2943 0586 0A       		.byte	0xa
 2944 0587 61       		.byte	0x61
 2945 0588 10       		.byte	0x10
 2946 0589 B5050000 		.4byte	0x5b5
 2947 058d 02       		.uleb128 0x2
 2948 058e 55060000 		.4byte	.LASF86
 2949 0592 0A       		.byte	0xa
 2950 0593 65       		.byte	0x65
 2951 0594 21       		.byte	0x21
 2952 0595 3A050000 		.4byte	0x53a
 2953 0599 00       		.byte	0
 2954 059a 02       		.uleb128 0x2
 2955 059b C9040000 		.4byte	.LASF87
 2956 059f 0A       		.byte	0xa
 2957 05a0 6A       		.byte	0x6a
 2958 05a1 21       		.byte	0x21
 2959 05a2 AD030000 		.4byte	0x3ad
 2960 05a6 0C       		.byte	0xc
 2961 05a7 02       		.uleb128 0x2
 2962 05a8 21010000 		.4byte	.LASF88
 2963 05ac 0A       		.byte	0xa
 2964 05ad 7E       		.byte	0x7e
ARM GAS  /tmp/ccwxRkBW.s 			page 53


 2965 05ae 21       		.byte	0x21
 2966 05af F7000000 		.4byte	0xf7
 2967 05b3 10       		.byte	0x10
 2968 05b4 00       		.byte	0
 2969 05b5 01       		.uleb128 0x1
 2970 05b6 6C070000 		.4byte	.LASF89
 2971 05ba 0A       		.byte	0xa
 2972 05bb 80       		.byte	0x80
 2973 05bc 03       		.byte	0x3
 2974 05bd 80050000 		.4byte	0x580
 2975 05c1 09       		.uleb128 0x9
 2976 05c2 4B000000 		.4byte	.LASF90
 2977 05c6 08       		.byte	0x8
 2978 05c7 0A       		.byte	0xa
 2979 05c8 85       		.byte	0x85
 2980 05c9 10       		.byte	0x10
 2981 05ca DC050000 		.4byte	0x5dc
 2982 05ce 02       		.uleb128 0x2
 2983 05cf FF060000 		.4byte	.LASF91
 2984 05d3 0A       		.byte	0xa
 2985 05d4 89       		.byte	0x89
 2986 05d5 21       		.byte	0x21
 2987 05d6 BB040000 		.4byte	0x4bb
 2988 05da 00       		.byte	0
 2989 05db 00       		.byte	0
 2990 05dc 01       		.uleb128 0x1
 2991 05dd 53040000 		.4byte	.LASF92
 2992 05e1 0A       		.byte	0xa
 2993 05e2 8A       		.byte	0x8a
 2994 05e3 03       		.byte	0x3
 2995 05e4 C1050000 		.4byte	0x5c1
 2996 05e8 01       		.uleb128 0x1
 2997 05e9 8C030000 		.4byte	.LASF93
 2998 05ed 0A       		.byte	0xa
 2999 05ee 8F       		.byte	0x8f
 3000 05ef 14       		.byte	0x14
 3001 05f0 F4050000 		.4byte	0x5f4
 3002 05f4 05       		.uleb128 0x5
 3003 05f5 98010000 		.4byte	0x198
 3004 05f9 01       		.uleb128 0x1
 3005 05fa 71040000 		.4byte	.LASF94
 3006 05fe 0A       		.byte	0xa
 3007 05ff 9E       		.byte	0x9e
 3008 0600 10       		.byte	0x10
 3009 0601 05060000 		.4byte	0x605
 3010 0605 05       		.uleb128 0x5
 3011 0606 0A060000 		.4byte	0x60a
 3012 060a 2A       		.uleb128 0x2a
 3013 060b 15060000 		.4byte	0x615
 3014 060f 16       		.uleb128 0x16
 3015 0610 F4050000 		.4byte	0x5f4
 3016 0614 00       		.byte	0
 3017 0615 2B       		.uleb128 0x2b
 3018 0616 0C       		.byte	0xc
 3019 0617 AA       		.byte	0xaa
 3020 0618 3B060000 		.4byte	0x63b
 3021 061c 22       		.uleb128 0x22
ARM GAS  /tmp/ccwxRkBW.s 			page 54


 3022 061d 5B010000 		.4byte	.LASF95
 3023 0621 AE       		.byte	0xae
 3024 0622 8F040000 		.4byte	0x48f
 3025 0626 22       		.uleb128 0x22
 3026 0627 FF060000 		.4byte	.LASF91
 3027 062b B2       		.byte	0xb2
 3028 062c BB040000 		.4byte	0x4bb
 3029 0630 22       		.uleb128 0x22
 3030 0631 44020000 		.4byte	.LASF96
 3031 0635 B6       		.byte	0xb6
 3032 0636 F4040000 		.4byte	0x4f4
 3033 063a 00       		.byte	0
 3034 063b 2B       		.uleb128 0x2b
 3035 063c 04       		.byte	0x4
 3036 063d FF       		.byte	0xff
 3037 063e 97060000 		.4byte	0x697
 3038 0642 14       		.uleb128 0x14
 3039 0643 A8020000 		.4byte	.LASF97
 3040 0647 0601     		.2byte	0x106
 3041 0649 21       		.byte	0x21
 3042 064a 50010000 		.4byte	0x150
 3043 064e 14       		.uleb128 0x14
 3044 064f 8D080000 		.4byte	.LASF98
 3045 0653 0D01     		.2byte	0x10d
 3046 0655 21       		.byte	0x21
 3047 0656 50010000 		.4byte	0x150
 3048 065a 14       		.uleb128 0x14
 3049 065b EE000000 		.4byte	.LASF99
 3050 065f 1401     		.2byte	0x114
 3051 0661 22       		.byte	0x22
 3052 0662 AF000000 		.4byte	0xaf
 3053 0666 14       		.uleb128 0x14
 3054 0667 13080000 		.4byte	.LASF100
 3055 066b 1B01     		.2byte	0x11b
 3056 066d 22       		.byte	0x22
 3057 066e 97060000 		.4byte	0x697
 3058 0672 14       		.uleb128 0x14
 3059 0673 21070000 		.4byte	.LASF101
 3060 0677 2301     		.2byte	0x123
 3061 0679 22       		.byte	0x22
 3062 067a C4060000 		.4byte	0x6c4
 3063 067e 14       		.uleb128 0x14
 3064 067f 1D000000 		.4byte	.LASF102
 3065 0683 2C01     		.2byte	0x12c
 3066 0685 22       		.byte	0x22
 3067 0686 FE060000 		.4byte	0x6fe
 3068 068a 14       		.uleb128 0x14
 3069 068b 2B010000 		.4byte	.LASF103
 3070 068f 3401     		.2byte	0x134
 3071 0691 21       		.byte	0x21
 3072 0692 68010000 		.4byte	0x168
 3073 0696 00       		.byte	0
 3074 0697 05       		.uleb128 0x5
 3075 0698 E8050000 		.4byte	0x5e8
 3076 069c 09       		.uleb128 0x9
 3077 069d 9E010000 		.4byte	.LASF104
 3078 06a1 0C       		.byte	0xc
ARM GAS  /tmp/ccwxRkBW.s 			page 55


 3079 06a2 0F       		.byte	0xf
 3080 06a3 33       		.byte	0x33
 3081 06a4 10       		.byte	0x10
 3082 06a5 C4060000 		.4byte	0x6c4
 3083 06a9 02       		.uleb128 0x2
 3084 06aa FF060000 		.4byte	.LASF91
 3085 06ae 0F       		.byte	0xf
 3086 06af 34       		.byte	0x34
 3087 06b0 19       		.byte	0x19
 3088 06b1 BB040000 		.4byte	0x4bb
 3089 06b5 00       		.byte	0
 3090 06b6 21       		.uleb128 0x21
 3091 06b7 636E7400 		.ascii	"cnt\000"
 3092 06bb 0F       		.byte	0xf
 3093 06bc 36       		.byte	0x36
 3094 06bd 19       		.byte	0x19
 3095 06be 80010000 		.4byte	0x180
 3096 06c2 08       		.byte	0x8
 3097 06c3 00       		.byte	0
 3098 06c4 05       		.uleb128 0x5
 3099 06c5 9C060000 		.4byte	0x69c
 3100 06c9 09       		.uleb128 0x9
 3101 06ca EF020000 		.4byte	.LASF105
 3102 06ce 10       		.byte	0x10
 3103 06cf 10       		.byte	0x10
 3104 06d0 38       		.byte	0x38
 3105 06d1 08       		.byte	0x8
 3106 06d2 FE060000 		.4byte	0x6fe
 3107 06d6 02       		.uleb128 0x2
 3108 06d7 FF060000 		.4byte	.LASF91
 3109 06db 10       		.byte	0x10
 3110 06dc 39       		.byte	0x39
 3111 06dd 19       		.byte	0x19
 3112 06de BB040000 		.4byte	0x4bb
 3113 06e2 00       		.byte	0
 3114 06e3 02       		.uleb128 0x2
 3115 06e4 75020000 		.4byte	.LASF34
 3116 06e8 10       		.byte	0x10
 3117 06e9 3B       		.byte	0x3b
 3118 06ea 1A       		.byte	0x1a
 3119 06eb F4050000 		.4byte	0x5f4
 3120 06ef 08       		.byte	0x8
 3121 06f0 02       		.uleb128 0x2
 3122 06f1 A5000000 		.4byte	.LASF75
 3123 06f5 10       		.byte	0x10
 3124 06f6 3D       		.byte	0x3d
 3125 06f7 1A       		.byte	0x1a
 3126 06f8 C6070000 		.4byte	0x7c6
 3127 06fc 0C       		.byte	0xc
 3128 06fd 00       		.byte	0
 3129 06fe 05       		.uleb128 0x5
 3130 06ff C9060000 		.4byte	0x6c9
 3131 0703 05       		.uleb128 0x5
 3132 0704 AE020000 		.4byte	0x2ae
 3133 0708 05       		.uleb128 0x5
 3134 0709 14010000 		.4byte	0x114
 3135 070d 1B       		.uleb128 0x1b
ARM GAS  /tmp/ccwxRkBW.s 			page 56


 3136 070e 13010000 		.4byte	.LASF106
 3137 0712 10       		.byte	0x10
 3138 0713 0A       		.byte	0xa
 3139 0714 7501     		.2byte	0x175
 3140 0716 10       		.byte	0x10
 3141 0717 38070000 		.4byte	0x738
 3142 071b 04       		.uleb128 0x4
 3143 071c 44020000 		.4byte	.LASF96
 3144 0720 0A       		.byte	0xa
 3145 0721 7A01     		.2byte	0x17a
 3146 0723 21       		.byte	0x21
 3147 0724 F4040000 		.4byte	0x4f4
 3148 0728 00       		.byte	0
 3149 0729 04       		.uleb128 0x4
 3150 072a 59080000 		.4byte	.LASF107
 3151 072e 0A       		.byte	0xa
 3152 072f 7E01     		.2byte	0x17e
 3153 0731 22       		.byte	0x22
 3154 0732 F4050000 		.4byte	0x5f4
 3155 0736 0C       		.byte	0xc
 3156 0737 00       		.byte	0
 3157 0738 2C       		.uleb128 0x2c
 3158 0739 DD060000 		.4byte	.LASF108
 3159 073d 7F01     		.2byte	0x17f
 3160 073f 0D070000 		.4byte	0x70d
 3161 0743 1B       		.uleb128 0x1b
 3162 0744 3F060000 		.4byte	.LASF109
 3163 0748 14       		.byte	0x14
 3164 0749 0A       		.byte	0xa
 3165 074a 8401     		.2byte	0x184
 3166 074c 10       		.byte	0x10
 3167 074d 98070000 		.4byte	0x798
 3168 0751 04       		.uleb128 0x4
 3169 0752 74060000 		.4byte	.LASF40
 3170 0756 0A       		.byte	0xa
 3171 0757 8801     		.2byte	0x188
 3172 0759 22       		.byte	0x22
 3173 075a BD000000 		.4byte	0xbd
 3174 075e 00       		.byte	0
 3175 075f 04       		.uleb128 0x4
 3176 0760 11000000 		.4byte	.LASF110
 3177 0764 0A       		.byte	0xa
 3178 0765 8C01     		.2byte	0x18c
 3179 0767 22       		.byte	0x22
 3180 0768 08070000 		.4byte	0x708
 3181 076c 04       		.byte	0x4
 3182 076d 04       		.uleb128 0x4
 3183 076e 34060000 		.4byte	.LASF111
 3184 0772 0A       		.byte	0xa
 3185 0773 9001     		.2byte	0x190
 3186 0775 22       		.byte	0x22
 3187 0776 08070000 		.4byte	0x708
 3188 077a 08       		.byte	0x8
 3189 077b 04       		.uleb128 0x4
 3190 077c B2040000 		.4byte	.LASF112
 3191 0780 0A       		.byte	0xa
 3192 0781 9501     		.2byte	0x195
ARM GAS  /tmp/ccwxRkBW.s 			page 57


 3193 0783 22       		.byte	0x22
 3194 0784 08070000 		.4byte	0x708
 3195 0788 0C       		.byte	0xc
 3196 0789 04       		.uleb128 0x4
 3197 078a 5E040000 		.4byte	.LASF113
 3198 078e 0A       		.byte	0xa
 3199 078f 9901     		.2byte	0x199
 3200 0791 22       		.byte	0x22
 3201 0792 08070000 		.4byte	0x708
 3202 0796 10       		.byte	0x10
 3203 0797 00       		.byte	0
 3204 0798 2C       		.uleb128 0x2c
 3205 0799 CB010000 		.4byte	.LASF114
 3206 079d 9B01     		.2byte	0x19b
 3207 079f 43070000 		.4byte	0x743
 3208 07a3 0D       		.uleb128 0xd
 3209 07a4 98070000 		.4byte	0x798
 3210 07a8 05       		.uleb128 0x5
 3211 07a9 A3070000 		.4byte	0x7a3
 3212 07ad 3C       		.uleb128 0x3c
 3213 07ae 63683000 		.ascii	"ch0\000"
 3214 07b2 03       		.byte	0x3
 3215 07b3 1E01     		.2byte	0x11e
 3216 07b5 16       		.byte	0x16
 3217 07b6 AE020000 		.4byte	0x2ae
 3218 07ba 01       		.uleb128 0x1
 3219 07bb 43070000 		.4byte	.LASF115
 3220 07bf 10       		.byte	0x10
 3221 07c0 33       		.byte	0x33
 3222 07c1 19       		.byte	0x19
 3223 07c2 C9060000 		.4byte	0x6c9
 3224 07c6 05       		.uleb128 0x5
 3225 07c7 BA070000 		.4byte	0x7ba
 3226 07cb 01       		.uleb128 0x1
 3227 07cc 00000000 		.4byte	.LASF116
 3228 07d0 05       		.byte	0x5
 3229 07d1 36       		.byte	0x36
 3230 07d2 1F       		.byte	0x1f
 3231 07d3 D7070000 		.4byte	0x7d7
 3232 07d7 09       		.uleb128 0x9
 3233 07d8 30040000 		.4byte	.LASF117
 3234 07dc 14       		.byte	0x14
 3235 07dd 05       		.byte	0x5
 3236 07de 3B       		.byte	0x3b
 3237 07df 08       		.byte	0x8
 3238 07e0 26080000 		.4byte	0x826
 3239 07e4 02       		.uleb128 0x2
 3240 07e5 A5000000 		.4byte	.LASF75
 3241 07e9 05       		.byte	0x5
 3242 07ea 3C       		.byte	0x3c
 3243 07eb 1A       		.byte	0x1a
 3244 07ec 26080000 		.4byte	0x826
 3245 07f0 00       		.byte	0
 3246 07f1 02       		.uleb128 0x2
 3247 07f2 57000000 		.4byte	.LASF118
 3248 07f6 05       		.byte	0x5
 3249 07f7 3F       		.byte	0x3f
ARM GAS  /tmp/ccwxRkBW.s 			page 58


 3250 07f8 1A       		.byte	0x1a
 3251 07f9 F4050000 		.4byte	0x5f4
 3252 07fd 04       		.byte	0x4
 3253 07fe 02       		.uleb128 0x2
 3254 07ff E7000000 		.4byte	.LASF119
 3255 0803 05       		.byte	0x5
 3256 0804 41       		.byte	0x41
 3257 0805 19       		.byte	0x19
 3258 0806 68010000 		.4byte	0x168
 3259 080a 08       		.byte	0x8
 3260 080b 02       		.uleb128 0x2
 3261 080c 6D000000 		.4byte	.LASF38
 3262 0810 05       		.byte	0x5
 3263 0811 43       		.byte	0x43
 3264 0812 19       		.byte	0x19
 3265 0813 74010000 		.4byte	0x174
 3266 0817 0C       		.byte	0xc
 3267 0818 02       		.uleb128 0x2
 3268 0819 1F050000 		.4byte	.LASF120
 3269 081d 05       		.byte	0x5
 3270 081e 45       		.byte	0x45
 3271 081f 19       		.byte	0x19
 3272 0820 74010000 		.4byte	0x174
 3273 0824 10       		.byte	0x10
 3274 0825 00       		.byte	0
 3275 0826 05       		.uleb128 0x5
 3276 0827 CB070000 		.4byte	0x7cb
 3277 082b 09       		.uleb128 0x9
 3278 082c 60000000 		.4byte	.LASF121
 3279 0830 04       		.byte	0x4
 3280 0831 05       		.byte	0x5
 3281 0832 4C       		.byte	0x4c
 3282 0833 10       		.byte	0x10
 3283 0834 46080000 		.4byte	0x846
 3284 0838 02       		.uleb128 0x2
 3285 0839 A5000000 		.4byte	.LASF75
 3286 083d 05       		.byte	0x5
 3287 083e 4D       		.byte	0x4d
 3288 083f 1A       		.byte	0x1a
 3289 0840 26080000 		.4byte	0x826
 3290 0844 00       		.byte	0
 3291 0845 00       		.byte	0
 3292 0846 01       		.uleb128 0x1
 3293 0847 35020000 		.4byte	.LASF122
 3294 084b 05       		.byte	0x5
 3295 084c 50       		.byte	0x50
 3296 084d 03       		.byte	0x3
 3297 084e 2B080000 		.4byte	0x82b
 3298 0852 01       		.uleb128 0x1
 3299 0853 DF030000 		.4byte	.LASF123
 3300 0857 05       		.byte	0x5
 3301 0858 55       		.byte	0x55
 3302 0859 10       		.byte	0x10
 3303 085a 63080000 		.4byte	0x863
 3304 085e 0D       		.uleb128 0xd
 3305 085f 52080000 		.4byte	0x852
 3306 0863 05       		.uleb128 0x5
ARM GAS  /tmp/ccwxRkBW.s 			page 59


 3307 0864 68080000 		.4byte	0x868
 3308 0868 2A       		.uleb128 0x2a
 3309 0869 73080000 		.4byte	0x873
 3310 086d 16       		.uleb128 0x16
 3311 086e 5C010000 		.4byte	0x15c
 3312 0872 00       		.byte	0
 3313 0873 0C       		.uleb128 0xc
 3314 0874 01       		.byte	0x1
 3315 0875 02       		.byte	0x2
 3316 0876 C3020000 		.4byte	.LASF124
 3317 087a 2D       		.uleb128 0x2d
 3318 087b EA060000 		.4byte	.LASF125
 3319 087f 91       		.byte	0x91
 3320 0880 09       		.byte	0x9
 3321 0881 50010000 		.4byte	0x150
 3322 0885 94080000 		.4byte	0x894
 3323 0889 16       		.uleb128 0x16
 3324 088a 2C010000 		.4byte	0x12c
 3325 088e 16       		.uleb128 0x16
 3326 088f B2030000 		.4byte	0x3b2
 3327 0893 00       		.byte	0
 3328 0894 3D       		.uleb128 0x3d
 3329 0895 97060000 		.4byte	.LASF141
 3330 0899 11       		.byte	0x11
 3331 089a 90       		.byte	0x90
 3332 089b 08       		.byte	0x8
 3333 089c A6080000 		.4byte	0x8a6
 3334 08a0 16       		.uleb128 0x16
 3335 08a1 2C010000 		.4byte	0x12c
 3336 08a5 00       		.byte	0
 3337 08a6 3E       		.uleb128 0x3e
 3338 08a7 0A030000 		.4byte	.LASF160
 3339 08ab 11       		.byte	0x11
 3340 08ac 93       		.byte	0x93
 3341 08ad 08       		.byte	0x8
 3342 08ae 2D       		.uleb128 0x2d
 3343 08af 3F010000 		.4byte	.LASF126
 3344 08b3 8F       		.byte	0x8f
 3345 08b4 0D       		.byte	0xd
 3346 08b5 F4050000 		.4byte	0x5f4
 3347 08b9 C3080000 		.4byte	0x8c3
 3348 08bd 16       		.uleb128 0x16
 3349 08be F4050000 		.4byte	0x5f4
 3350 08c2 00       		.byte	0
 3351 08c3 12       		.uleb128 0x12
 3352 08c4 B6030000 		.4byte	.LASF129
 3353 08c8 8E02     		.2byte	0x28e
 3354 08ca 0D       		.byte	0xd
 3355 08cb 68010000 		.4byte	0x168
 3356 08cf 00000000 		.4byte	.LFB227
 3357 08d3 64000000 		.4byte	.LFE227-.LFB227
 3358 08d7 01       		.uleb128 0x1
 3359 08d8 9C       		.byte	0x9c
 3360 08d9 C5090000 		.4byte	0x9c5
 3361 08dd 08       		.uleb128 0x8
 3362 08de E7000000 		.4byte	.LASF119
 3363 08e2 8E02     		.2byte	0x28e
ARM GAS  /tmp/ccwxRkBW.s 			page 60


 3364 08e4 2D       		.byte	0x2d
 3365 08e5 68010000 		.4byte	0x168
 3366 08e9 10000000 		.4byte	.LLST73
 3367 08ed 0C000000 		.4byte	.LVUS73
 3368 08f1 08       		.uleb128 0x8
 3369 08f2 82070000 		.4byte	.LASF127
 3370 08f6 8E02     		.2byte	0x28e
 3371 08f8 43       		.byte	0x43
 3372 08f9 B2030000 		.4byte	0x3b2
 3373 08fd 28000000 		.4byte	.LLST74
 3374 0901 20000000 		.4byte	.LVUS74
 3375 0905 13       		.uleb128 0x13
 3376 0906 03030000 		.4byte	.LASF128
 3377 090a 8F02     		.2byte	0x28f
 3378 090c 0D       		.byte	0xd
 3379 090d F4050000 		.4byte	0x5f4
 3380 0911 56000000 		.4byte	.LLST75
 3381 0915 54000000 		.4byte	.LVUS75
 3382 0919 11       		.uleb128 0x11
 3383 091a 1F170000 		.4byte	0x171f
 3384 091e 00000000 		.4byte	.LBI341
 3385 0922 02       		.byte	.LVU692
 3386 0923 E5000000 		.4byte	.LLRL76
 3387 0927 01       		.byte	0x1
 3388 0928 8F02     		.2byte	0x28f
 3389 092a 16       		.byte	0x16
 3390 092b 06       		.uleb128 0x6
 3391 092c 45170000 		.4byte	0x1745
 3392 0930 14000000 		.4byte	.LBI345
 3393 0934 02       		.byte	.LVU700
 3394 0935 14000000 		.4byte	.LBB345
 3395 0939 04000000 		.4byte	.LBE345-.LBB345
 3396 093d 9102     		.2byte	0x291
 3397 093f 03       		.byte	0x3
 3398 0940 59090000 		.4byte	0x959
 3399 0944 03       		.uleb128 0x3
 3400 0945 55170000 		.4byte	0x1755
 3401 0949 14000000 		.4byte	.LBI346
 3402 094d 04       		.byte	.LVU702
 3403 094e 14000000 		.4byte	.LBB346
 3404 0952 04000000 		.4byte	.LBE346-.LBB346
 3405 0956 7501     		.2byte	0x175
 3406 0958 00       		.byte	0
 3407 0959 06       		.uleb128 0x6
 3408 095a 2D170000 		.4byte	0x172d
 3409 095e 2C000000 		.4byte	.LBI348
 3410 0962 01       		.byte	.LVU713
 3411 0963 2C000000 		.4byte	.LBB348
 3412 0967 04000000 		.4byte	.LBE348-.LBB348
 3413 096b 9902     		.2byte	0x299
 3414 096d 07       		.byte	0x7
 3415 096e 87090000 		.4byte	0x987
 3416 0972 03       		.uleb128 0x3
 3417 0973 4D170000 		.4byte	0x174d
 3418 0977 2C000000 		.4byte	.LBI350
 3419 097b 08       		.byte	.LVU720
 3420 097c 2C000000 		.4byte	.LBB350
ARM GAS  /tmp/ccwxRkBW.s 			page 61


 3421 0980 04000000 		.4byte	.LBE350-.LBB350
 3422 0984 8E01     		.2byte	0x18e
 3423 0986 00       		.byte	0
 3424 0987 06       		.uleb128 0x6
 3425 0988 2D170000 		.4byte	0x172d
 3426 098c 58000000 		.4byte	.LBI352
 3427 0990 01       		.byte	.LVU734
 3428 0991 58000000 		.4byte	.LBB352
 3429 0995 04000000 		.4byte	.LBE352-.LBB352
 3430 0999 9E02     		.2byte	0x29e
 3431 099b 03       		.byte	0x3
 3432 099c B5090000 		.4byte	0x9b5
 3433 09a0 03       		.uleb128 0x3
 3434 09a1 4D170000 		.4byte	0x174d
 3435 09a5 58000000 		.4byte	.LBI354
 3436 09a9 08       		.byte	.LVU741
 3437 09aa 58000000 		.4byte	.LBB354
 3438 09ae 04000000 		.4byte	.LBE354-.LBB354
 3439 09b2 8E01     		.2byte	0x18e
 3440 09b4 00       		.byte	0
 3441 09b5 15       		.uleb128 0x15
 3442 09b6 44000000 		.4byte	.LVL107
 3443 09ba 7A080000 		.4byte	0x87a
 3444 09be 0B       		.uleb128 0xb
 3445 09bf 01       		.uleb128 0x1
 3446 09c0 50       		.byte	0x50
 3447 09c1 01       		.uleb128 0x1
 3448 09c2 3B       		.byte	0x3b
 3449 09c3 00       		.byte	0
 3450 09c4 00       		.byte	0
 3451 09c5 12       		.uleb128 0x12
 3452 09c6 26050000 		.4byte	.LASF130
 3453 09ca 6602     		.2byte	0x266
 3454 09cc 0D       		.byte	0xd
 3455 09cd 68010000 		.4byte	0x168
 3456 09d1 00000000 		.4byte	.LFB226
 3457 09d5 60000000 		.4byte	.LFE226-.LFB226
 3458 09d9 01       		.uleb128 0x1
 3459 09da 9C       		.byte	0x9c
 3460 09db AB0A0000 		.4byte	0xaab
 3461 09df 08       		.uleb128 0x8
 3462 09e0 E7000000 		.4byte	.LASF119
 3463 09e4 6602     		.2byte	0x266
 3464 09e6 2D       		.byte	0x2d
 3465 09e7 68010000 		.4byte	0x168
 3466 09eb 69000000 		.4byte	.LLST68
 3467 09ef 5F000000 		.4byte	.LVUS68
 3468 09f3 08       		.uleb128 0x8
 3469 09f4 82070000 		.4byte	.LASF127
 3470 09f8 6602     		.2byte	0x266
 3471 09fa 43       		.byte	0x43
 3472 09fb B2030000 		.4byte	0x3b2
 3473 09ff A2000000 		.4byte	.LLST69
 3474 0a03 9A000000 		.4byte	.LVUS69
 3475 0a07 13       		.uleb128 0x13
 3476 0a08 03030000 		.4byte	.LASF128
 3477 0a0c 6702     		.2byte	0x267
ARM GAS  /tmp/ccwxRkBW.s 			page 62


 3478 0a0e 0D       		.byte	0xd
 3479 0a0f F4050000 		.4byte	0x5f4
 3480 0a13 D0000000 		.4byte	.LLST70
 3481 0a17 CE000000 		.4byte	.LVUS70
 3482 0a1b 17       		.uleb128 0x17
 3483 0a1c 6D00     		.ascii	"m\000"
 3484 0a1e 6802     		.2byte	0x268
 3485 0a20 0F       		.byte	0xf
 3486 0a21 68010000 		.4byte	0x168
 3487 0a25 E1000000 		.4byte	.LLST71
 3488 0a29 D9000000 		.4byte	.LVUS71
 3489 0a2d 11       		.uleb128 0x11
 3490 0a2e 1F170000 		.4byte	0x171f
 3491 0a32 00000000 		.4byte	.LBI330
 3492 0a36 02       		.byte	.LVU647
 3493 0a37 D9000000 		.4byte	.LLRL72
 3494 0a3b 01       		.byte	0x1
 3495 0a3c 6702     		.2byte	0x267
 3496 0a3e 16       		.byte	0x16
 3497 0a3f 06       		.uleb128 0x6
 3498 0a40 45170000 		.4byte	0x1745
 3499 0a44 10000000 		.4byte	.LBI334
 3500 0a48 03       		.byte	.LVU655
 3501 0a49 10000000 		.4byte	.LBB334
 3502 0a4d 04000000 		.4byte	.LBE334-.LBB334
 3503 0a51 6A02     		.2byte	0x26a
 3504 0a53 03       		.byte	0x3
 3505 0a54 6D0A0000 		.4byte	0xa6d
 3506 0a58 03       		.uleb128 0x3
 3507 0a59 55170000 		.4byte	0x1755
 3508 0a5d 10000000 		.4byte	.LBI335
 3509 0a61 05       		.byte	.LVU657
 3510 0a62 10000000 		.4byte	.LBB335
 3511 0a66 04000000 		.4byte	.LBE335-.LBB335
 3512 0a6a 7501     		.2byte	0x175
 3513 0a6c 00       		.byte	0
 3514 0a6d 06       		.uleb128 0x6
 3515 0a6e 2D170000 		.4byte	0x172d
 3516 0a72 28000000 		.4byte	.LBI337
 3517 0a76 01       		.byte	.LVU668
 3518 0a77 28000000 		.4byte	.LBB337
 3519 0a7b 04000000 		.4byte	.LBE337-.LBB337
 3520 0a7f 7902     		.2byte	0x279
 3521 0a81 03       		.byte	0x3
 3522 0a82 9B0A0000 		.4byte	0xa9b
 3523 0a86 03       		.uleb128 0x3
 3524 0a87 4D170000 		.4byte	0x174d
 3525 0a8b 28000000 		.4byte	.LBI339
 3526 0a8f 08       		.byte	.LVU675
 3527 0a90 28000000 		.4byte	.LBB339
 3528 0a94 04000000 		.4byte	.LBE339-.LBB339
 3529 0a98 8E01     		.2byte	0x18e
 3530 0a9a 00       		.byte	0
 3531 0a9b 15       		.uleb128 0x15
 3532 0a9c 44000000 		.4byte	.LVL100
 3533 0aa0 7A080000 		.4byte	0x87a
 3534 0aa4 0B       		.uleb128 0xb
ARM GAS  /tmp/ccwxRkBW.s 			page 63


 3535 0aa5 01       		.uleb128 0x1
 3536 0aa6 50       		.byte	0x50
 3537 0aa7 01       		.uleb128 0x1
 3538 0aa8 3A       		.byte	0x3a
 3539 0aa9 00       		.byte	0
 3540 0aaa 00       		.byte	0
 3541 0aab 12       		.uleb128 0x12
 3542 0aac AF060000 		.4byte	.LASF131
 3543 0ab0 3C02     		.2byte	0x23c
 3544 0ab2 0D       		.byte	0xd
 3545 0ab3 68010000 		.4byte	0x168
 3546 0ab7 00000000 		.4byte	.LFB225
 3547 0abb 68000000 		.4byte	.LFE225-.LFB225
 3548 0abf 01       		.uleb128 0x1
 3549 0ac0 9C       		.byte	0x9c
 3550 0ac1 910B0000 		.4byte	0xb91
 3551 0ac5 08       		.uleb128 0x8
 3552 0ac6 E7000000 		.4byte	.LASF119
 3553 0aca 3C02     		.2byte	0x23c
 3554 0acc 2D       		.byte	0x2d
 3555 0acd 68010000 		.4byte	0x168
 3556 0ad1 14010000 		.4byte	.LLST63
 3557 0ad5 0A010000 		.4byte	.LVUS63
 3558 0ad9 08       		.uleb128 0x8
 3559 0ada 82070000 		.4byte	.LASF127
 3560 0ade 3C02     		.2byte	0x23c
 3561 0ae0 43       		.byte	0x43
 3562 0ae1 B2030000 		.4byte	0x3b2
 3563 0ae5 4D010000 		.4byte	.LLST64
 3564 0ae9 45010000 		.4byte	.LVUS64
 3565 0aed 13       		.uleb128 0x13
 3566 0aee 03030000 		.4byte	.LASF128
 3567 0af2 3D02     		.2byte	0x23d
 3568 0af4 0D       		.byte	0xd
 3569 0af5 F4050000 		.4byte	0x5f4
 3570 0af9 7B010000 		.4byte	.LLST65
 3571 0afd 79010000 		.4byte	.LVUS65
 3572 0b01 17       		.uleb128 0x17
 3573 0b02 6D00     		.ascii	"m\000"
 3574 0b04 3E02     		.2byte	0x23e
 3575 0b06 0F       		.byte	0xf
 3576 0b07 68010000 		.4byte	0x168
 3577 0b0b 8C010000 		.4byte	.LLST66
 3578 0b0f 84010000 		.4byte	.LVUS66
 3579 0b13 11       		.uleb128 0x11
 3580 0b14 1F170000 		.4byte	0x171f
 3581 0b18 00000000 		.4byte	.LBI319
 3582 0b1c 02       		.byte	.LVU600
 3583 0b1d CD000000 		.4byte	.LLRL67
 3584 0b21 01       		.byte	0x1
 3585 0b22 3D02     		.2byte	0x23d
 3586 0b24 16       		.byte	0x16
 3587 0b25 06       		.uleb128 0x6
 3588 0b26 45170000 		.4byte	0x1745
 3589 0b2a 10000000 		.4byte	.LBI323
 3590 0b2e 03       		.byte	.LVU608
 3591 0b2f 10000000 		.4byte	.LBB323
ARM GAS  /tmp/ccwxRkBW.s 			page 64


 3592 0b33 04000000 		.4byte	.LBE323-.LBB323
 3593 0b37 4002     		.2byte	0x240
 3594 0b39 03       		.byte	0x3
 3595 0b3a 530B0000 		.4byte	0xb53
 3596 0b3e 03       		.uleb128 0x3
 3597 0b3f 55170000 		.4byte	0x1755
 3598 0b43 10000000 		.4byte	.LBI324
 3599 0b47 05       		.byte	.LVU610
 3600 0b48 10000000 		.4byte	.LBB324
 3601 0b4c 04000000 		.4byte	.LBE324-.LBB324
 3602 0b50 7501     		.2byte	0x175
 3603 0b52 00       		.byte	0
 3604 0b53 06       		.uleb128 0x6
 3605 0b54 2D170000 		.4byte	0x172d
 3606 0b58 28000000 		.4byte	.LBI326
 3607 0b5c 01       		.byte	.LVU621
 3608 0b5d 28000000 		.4byte	.LBB326
 3609 0b61 04000000 		.4byte	.LBE326-.LBB326
 3610 0b65 5002     		.2byte	0x250
 3611 0b67 03       		.byte	0x3
 3612 0b68 810B0000 		.4byte	0xb81
 3613 0b6c 03       		.uleb128 0x3
 3614 0b6d 4D170000 		.4byte	0x174d
 3615 0b71 28000000 		.4byte	.LBI328
 3616 0b75 08       		.byte	.LVU628
 3617 0b76 28000000 		.4byte	.LBB328
 3618 0b7a 04000000 		.4byte	.LBE328-.LBB328
 3619 0b7e 8E01     		.2byte	0x18e
 3620 0b80 00       		.byte	0
 3621 0b81 15       		.uleb128 0x15
 3622 0b82 44000000 		.4byte	.LVL91
 3623 0b86 7A080000 		.4byte	0x87a
 3624 0b8a 0B       		.uleb128 0xb
 3625 0b8b 01       		.uleb128 0x1
 3626 0b8c 50       		.byte	0x50
 3627 0b8d 01       		.uleb128 0x1
 3628 0b8e 3A       		.byte	0x3a
 3629 0b8f 00       		.byte	0
 3630 0b90 00       		.byte	0
 3631 0b91 12       		.uleb128 0x12
 3632 0b92 0D070000 		.4byte	.LASF132
 3633 0b96 1702     		.2byte	0x217
 3634 0b98 0D       		.byte	0xd
 3635 0b99 68010000 		.4byte	0x168
 3636 0b9d 00000000 		.4byte	.LFB224
 3637 0ba1 48000000 		.4byte	.LFE224-.LFB224
 3638 0ba5 01       		.uleb128 0x1
 3639 0ba6 9C       		.byte	0x9c
 3640 0ba7 510C0000 		.4byte	0xc51
 3641 0bab 08       		.uleb128 0x8
 3642 0bac E7000000 		.4byte	.LASF119
 3643 0bb0 1702     		.2byte	0x217
 3644 0bb2 26       		.byte	0x26
 3645 0bb3 68010000 		.4byte	0x168
 3646 0bb7 B9010000 		.4byte	.LLST60
 3647 0bbb B5010000 		.4byte	.LVUS60
 3648 0bbf 13       		.uleb128 0x13
ARM GAS  /tmp/ccwxRkBW.s 			page 65


 3649 0bc0 03030000 		.4byte	.LASF128
 3650 0bc4 1802     		.2byte	0x218
 3651 0bc6 0D       		.byte	0xd
 3652 0bc7 F4050000 		.4byte	0x5f4
 3653 0bcb CB010000 		.4byte	.LLST61
 3654 0bcf C9010000 		.4byte	.LVUS61
 3655 0bd3 11       		.uleb128 0x11
 3656 0bd4 1F170000 		.4byte	0x171f
 3657 0bd8 00000000 		.4byte	.LBI308
 3658 0bdc 02       		.byte	.LVU562
 3659 0bdd C1000000 		.4byte	.LLRL62
 3660 0be1 01       		.byte	0x1
 3661 0be2 1802     		.2byte	0x218
 3662 0be4 16       		.byte	0x16
 3663 0be5 06       		.uleb128 0x6
 3664 0be6 45170000 		.4byte	0x1745
 3665 0bea 14000000 		.4byte	.LBI312
 3666 0bee 02       		.byte	.LVU570
 3667 0bef 14000000 		.4byte	.LBB312
 3668 0bf3 04000000 		.4byte	.LBE312-.LBB312
 3669 0bf7 1A02     		.2byte	0x21a
 3670 0bf9 03       		.byte	0x3
 3671 0bfa 130C0000 		.4byte	0xc13
 3672 0bfe 03       		.uleb128 0x3
 3673 0bff 55170000 		.4byte	0x1755
 3674 0c03 14000000 		.4byte	.LBI313
 3675 0c07 04       		.byte	.LVU572
 3676 0c08 14000000 		.4byte	.LBB313
 3677 0c0c 04000000 		.4byte	.LBE313-.LBB313
 3678 0c10 7501     		.2byte	0x175
 3679 0c12 00       		.byte	0
 3680 0c13 06       		.uleb128 0x6
 3681 0c14 2D170000 		.4byte	0x172d
 3682 0c18 3C000000 		.4byte	.LBI315
 3683 0c1c 01       		.byte	.LVU587
 3684 0c1d 3C000000 		.4byte	.LBB315
 3685 0c21 04000000 		.4byte	.LBE315-.LBB315
 3686 0c25 2002     		.2byte	0x220
 3687 0c27 03       		.byte	0x3
 3688 0c28 410C0000 		.4byte	0xc41
 3689 0c2c 03       		.uleb128 0x3
 3690 0c2d 4D170000 		.4byte	0x174d
 3691 0c31 3C000000 		.4byte	.LBI317
 3692 0c35 08       		.byte	.LVU594
 3693 0c36 3C000000 		.4byte	.LBB317
 3694 0c3a 04000000 		.4byte	.LBE317-.LBB317
 3695 0c3e 8E01     		.2byte	0x18e
 3696 0c40 00       		.byte	0
 3697 0c41 15       		.uleb128 0x15
 3698 0c42 30000000 		.4byte	.LVL84
 3699 0c46 94080000 		.4byte	0x894
 3700 0c4a 0B       		.uleb128 0xb
 3701 0c4b 01       		.uleb128 0x1
 3702 0c4c 50       		.byte	0x50
 3703 0c4d 01       		.uleb128 0x1
 3704 0c4e 3B       		.byte	0x3b
 3705 0c4f 00       		.byte	0
ARM GAS  /tmp/ccwxRkBW.s 			page 66


 3706 0c50 00       		.byte	0
 3707 0c51 12       		.uleb128 0x12
 3708 0c52 76080000 		.4byte	.LASF133
 3709 0c56 FB01     		.2byte	0x1fb
 3710 0c58 0D       		.byte	0xd
 3711 0c59 68010000 		.4byte	0x168
 3712 0c5d 00000000 		.4byte	.LFB223
 3713 0c61 4C000000 		.4byte	.LFE223-.LFB223
 3714 0c65 01       		.uleb128 0x1
 3715 0c66 9C       		.byte	0x9c
 3716 0c67 230D0000 		.4byte	0xd23
 3717 0c6b 08       		.uleb128 0x8
 3718 0c6c E7000000 		.4byte	.LASF119
 3719 0c70 FB01     		.2byte	0x1fb
 3720 0c72 26       		.byte	0x26
 3721 0c73 68010000 		.4byte	0x168
 3722 0c77 D8010000 		.4byte	.LLST56
 3723 0c7b D4010000 		.4byte	.LVUS56
 3724 0c7f 13       		.uleb128 0x13
 3725 0c80 03030000 		.4byte	.LASF128
 3726 0c84 FC01     		.2byte	0x1fc
 3727 0c86 0D       		.byte	0xd
 3728 0c87 F4050000 		.4byte	0x5f4
 3729 0c8b EA010000 		.4byte	.LLST57
 3730 0c8f E8010000 		.4byte	.LVUS57
 3731 0c93 17       		.uleb128 0x17
 3732 0c94 6D00     		.ascii	"m\000"
 3733 0c96 FD01     		.2byte	0x1fd
 3734 0c98 0F       		.byte	0xf
 3735 0c99 68010000 		.4byte	0x168
 3736 0c9d FB010000 		.4byte	.LLST58
 3737 0ca1 F3010000 		.4byte	.LVUS58
 3738 0ca5 11       		.uleb128 0x11
 3739 0ca6 1F170000 		.4byte	0x171f
 3740 0caa 00000000 		.4byte	.LBI297
 3741 0cae 02       		.byte	.LVU518
 3742 0caf B5000000 		.4byte	.LLRL59
 3743 0cb3 01       		.byte	0x1
 3744 0cb4 FC01     		.2byte	0x1fc
 3745 0cb6 16       		.byte	0x16
 3746 0cb7 06       		.uleb128 0x6
 3747 0cb8 45170000 		.4byte	0x1745
 3748 0cbc 14000000 		.4byte	.LBI301
 3749 0cc0 03       		.byte	.LVU527
 3750 0cc1 14000000 		.4byte	.LBB301
 3751 0cc5 04000000 		.4byte	.LBE301-.LBB301
 3752 0cc9 FF01     		.2byte	0x1ff
 3753 0ccb 03       		.byte	0x3
 3754 0ccc E50C0000 		.4byte	0xce5
 3755 0cd0 03       		.uleb128 0x3
 3756 0cd1 55170000 		.4byte	0x1755
 3757 0cd5 14000000 		.4byte	.LBI302
 3758 0cd9 05       		.byte	.LVU529
 3759 0cda 14000000 		.4byte	.LBB302
 3760 0cde 04000000 		.4byte	.LBE302-.LBB302
 3761 0ce2 7501     		.2byte	0x175
 3762 0ce4 00       		.byte	0
ARM GAS  /tmp/ccwxRkBW.s 			page 67


 3763 0ce5 06       		.uleb128 0x6
 3764 0ce6 2D170000 		.4byte	0x172d
 3765 0cea 2C000000 		.4byte	.LBI304
 3766 0cee 01       		.byte	.LVU541
 3767 0cef 2C000000 		.4byte	.LBB304
 3768 0cf3 04000000 		.4byte	.LBE304-.LBB304
 3769 0cf7 0702     		.2byte	0x207
 3770 0cf9 03       		.byte	0x3
 3771 0cfa 130D0000 		.4byte	0xd13
 3772 0cfe 03       		.uleb128 0x3
 3773 0cff 4D170000 		.4byte	0x174d
 3774 0d03 2C000000 		.4byte	.LBI306
 3775 0d07 08       		.byte	.LVU548
 3776 0d08 2C000000 		.4byte	.LBB306
 3777 0d0c 04000000 		.4byte	.LBE306-.LBB306
 3778 0d10 8E01     		.2byte	0x18e
 3779 0d12 00       		.byte	0
 3780 0d13 15       		.uleb128 0x15
 3781 0d14 40000000 		.4byte	.LVL79
 3782 0d18 94080000 		.4byte	0x894
 3783 0d1c 0B       		.uleb128 0xb
 3784 0d1d 01       		.uleb128 0x1
 3785 0d1e 50       		.byte	0x50
 3786 0d1f 01       		.uleb128 0x1
 3787 0d20 3A       		.byte	0x3a
 3788 0d21 00       		.byte	0
 3789 0d22 00       		.byte	0
 3790 0d23 12       		.uleb128 0x12
 3791 0d24 06040000 		.4byte	.LASF134
 3792 0d28 DD01     		.2byte	0x1dd
 3793 0d2a 0D       		.byte	0xd
 3794 0d2b 68010000 		.4byte	0x168
 3795 0d2f 00000000 		.4byte	.LFB222
 3796 0d33 54000000 		.4byte	.LFE222-.LFB222
 3797 0d37 01       		.uleb128 0x1
 3798 0d38 9C       		.byte	0x9c
 3799 0d39 F50D0000 		.4byte	0xdf5
 3800 0d3d 08       		.uleb128 0x8
 3801 0d3e E7000000 		.4byte	.LASF119
 3802 0d42 DD01     		.2byte	0x1dd
 3803 0d44 26       		.byte	0x26
 3804 0d45 68010000 		.4byte	0x168
 3805 0d49 27020000 		.4byte	.LLST52
 3806 0d4d 1F020000 		.4byte	.LVUS52
 3807 0d51 13       		.uleb128 0x13
 3808 0d52 03030000 		.4byte	.LASF128
 3809 0d56 DE01     		.2byte	0x1de
 3810 0d58 0D       		.byte	0xd
 3811 0d59 F4050000 		.4byte	0x5f4
 3812 0d5d 4C020000 		.4byte	.LLST53
 3813 0d61 4A020000 		.4byte	.LVUS53
 3814 0d65 17       		.uleb128 0x17
 3815 0d66 6D00     		.ascii	"m\000"
 3816 0d68 DF01     		.2byte	0x1df
 3817 0d6a 0F       		.byte	0xf
 3818 0d6b 68010000 		.4byte	0x168
 3819 0d6f 61020000 		.4byte	.LLST54
ARM GAS  /tmp/ccwxRkBW.s 			page 68


 3820 0d73 55020000 		.4byte	.LVUS54
 3821 0d77 11       		.uleb128 0x11
 3822 0d78 1F170000 		.4byte	0x171f
 3823 0d7c 00000000 		.4byte	.LBI286
 3824 0d80 02       		.byte	.LVU473
 3825 0d81 A9000000 		.4byte	.LLRL55
 3826 0d85 01       		.byte	0x1
 3827 0d86 DE01     		.2byte	0x1de
 3828 0d88 16       		.byte	0x16
 3829 0d89 06       		.uleb128 0x6
 3830 0d8a 45170000 		.4byte	0x1745
 3831 0d8e 10000000 		.4byte	.LBI290
 3832 0d92 03       		.byte	.LVU481
 3833 0d93 10000000 		.4byte	.LBB290
 3834 0d97 04000000 		.4byte	.LBE290-.LBB290
 3835 0d9b E101     		.2byte	0x1e1
 3836 0d9d 03       		.byte	0x3
 3837 0d9e B70D0000 		.4byte	0xdb7
 3838 0da2 03       		.uleb128 0x3
 3839 0da3 55170000 		.4byte	0x1755
 3840 0da7 10000000 		.4byte	.LBI291
 3841 0dab 05       		.byte	.LVU483
 3842 0dac 10000000 		.4byte	.LBB291
 3843 0db0 04000000 		.4byte	.LBE291-.LBB291
 3844 0db4 7501     		.2byte	0x175
 3845 0db6 00       		.byte	0
 3846 0db7 06       		.uleb128 0x6
 3847 0db8 2D170000 		.4byte	0x172d
 3848 0dbc 30000000 		.4byte	.LBI293
 3849 0dc0 01       		.byte	.LVU496
 3850 0dc1 30000000 		.4byte	.LBB293
 3851 0dc5 04000000 		.4byte	.LBE293-.LBB293
 3852 0dc9 EA01     		.2byte	0x1ea
 3853 0dcb 03       		.byte	0x3
 3854 0dcc E50D0000 		.4byte	0xde5
 3855 0dd0 03       		.uleb128 0x3
 3856 0dd1 4D170000 		.4byte	0x174d
 3857 0dd5 30000000 		.4byte	.LBI295
 3858 0dd9 08       		.byte	.LVU503
 3859 0dda 30000000 		.4byte	.LBB295
 3860 0dde 04000000 		.4byte	.LBE295-.LBB295
 3861 0de2 8E01     		.2byte	0x18e
 3862 0de4 00       		.byte	0
 3863 0de5 15       		.uleb128 0x15
 3864 0de6 48000000 		.4byte	.LVL71
 3865 0dea 94080000 		.4byte	0x894
 3866 0dee 0B       		.uleb128 0xb
 3867 0def 01       		.uleb128 0x1
 3868 0df0 50       		.byte	0x50
 3869 0df1 01       		.uleb128 0x1
 3870 0df2 3A       		.byte	0x3a
 3871 0df3 00       		.byte	0
 3872 0df4 00       		.byte	0
 3873 0df5 1D       		.uleb128 0x1d
 3874 0df6 45040000 		.4byte	.LASF136
 3875 0dfa BA01     		.2byte	0x1ba
 3876 0dfc 00000000 		.4byte	.LFB221
ARM GAS  /tmp/ccwxRkBW.s 			page 69


 3877 0e00 54000000 		.4byte	.LFE221-.LFB221
 3878 0e04 01       		.uleb128 0x1
 3879 0e05 9C       		.byte	0x9c
 3880 0e06 5C0E0000 		.4byte	0xe5c
 3881 0e0a 08       		.uleb128 0x8
 3882 0e0b 86000000 		.4byte	.LASF135
 3883 0e0f BA01     		.2byte	0x1ba
 3884 0e11 27       		.byte	0x27
 3885 0e12 5C0E0000 		.4byte	0xe5c
 3886 0e16 98020000 		.4byte	.LLST49
 3887 0e1a 94020000 		.4byte	.LVUS49
 3888 0e1e 08       		.uleb128 0x8
 3889 0e1f E7000000 		.4byte	.LASF119
 3890 0e23 BA01     		.2byte	0x1ba
 3891 0e25 3D       		.byte	0x3d
 3892 0e26 68010000 		.4byte	0x168
 3893 0e2a AC020000 		.4byte	.LLST50
 3894 0e2e A8020000 		.4byte	.LVUS50
 3895 0e32 17       		.uleb128 0x17
 3896 0e33 65696400 		.ascii	"eid\000"
 3897 0e37 BB01     		.2byte	0x1bb
 3898 0e39 0D       		.byte	0xd
 3899 0e3a 5C010000 		.4byte	0x15c
 3900 0e3e C0020000 		.4byte	.LLST51
 3901 0e42 BC020000 		.4byte	.LVUS51
 3902 0e46 0E       		.uleb128 0xe
 3903 0e47 61080000 		.4byte	.LASF139
 3904 0e4b 710E0000 		.4byte	0xe71
 3905 0e4f 3F       		.uleb128 0x3f
 3906 0e50 34000000 		.4byte	.LVL61
 3907 0e54 0B       		.uleb128 0xb
 3908 0e55 01       		.uleb128 0x1
 3909 0e56 50       		.byte	0x50
 3910 0e57 02       		.uleb128 0x2
 3911 0e58 74       		.byte	0x74
 3912 0e59 00       		.sleb128 0
 3913 0e5a 00       		.byte	0
 3914 0e5b 00       		.byte	0
 3915 0e5c 05       		.uleb128 0x5
 3916 0e5d 5E080000 		.4byte	0x85e
 3917 0e61 0F       		.uleb128 0xf
 3918 0e62 B8000000 		.4byte	0xb8
 3919 0e66 710E0000 		.4byte	0xe71
 3920 0e6a 10       		.uleb128 0x10
 3921 0e6b 2D000000 		.4byte	0x2d
 3922 0e6f 0D       		.byte	0xd
 3923 0e70 00       		.byte	0
 3924 0e71 0D       		.uleb128 0xd
 3925 0e72 610E0000 		.4byte	0xe61
 3926 0e76 1D       		.uleb128 0x1d
 3927 0e77 2A030000 		.4byte	.LASF137
 3928 0e7b A901     		.2byte	0x1a9
 3929 0e7d 00000000 		.4byte	.LFB220
 3930 0e81 18000000 		.4byte	.LFE220-.LFB220
 3931 0e85 01       		.uleb128 0x1
 3932 0e86 9C       		.byte	0x9c
 3933 0e87 3A0F0000 		.4byte	0xf3a
ARM GAS  /tmp/ccwxRkBW.s 			page 70


 3934 0e8b 1C       		.uleb128 0x1c
 3935 0e8c 65737000 		.ascii	"esp\000"
 3936 0e90 A901     		.2byte	0x1a9
 3937 0e92 2A       		.byte	0x2a
 3938 0e93 3A0F0000 		.4byte	0xf3a
 3939 0e97 D5020000 		.4byte	.LLST46
 3940 0e9b D1020000 		.4byte	.LVUS46
 3941 0e9f 08       		.uleb128 0x8
 3942 0ea0 6D000000 		.4byte	.LASF38
 3943 0ea4 A901     		.2byte	0x1a9
 3944 0ea6 3C       		.byte	0x3c
 3945 0ea7 74010000 		.4byte	0x174
 3946 0eab F2020000 		.4byte	.LLST47
 3947 0eaf EE020000 		.4byte	.LVUS47
 3948 0eb3 23       		.uleb128 0x23
 3949 0eb4 45170000 		.4byte	0x1745
 3950 0eb8 00000000 		.4byte	.LBI276
 3951 0ebc 02       		.byte	.LVU412
 3952 0ebd 9D000000 		.4byte	.LLRL48
 3953 0ec1 AB01     		.2byte	0x1ab
 3954 0ec3 DA0E0000 		.4byte	0xeda
 3955 0ec7 11       		.uleb128 0x11
 3956 0ec8 55170000 		.4byte	0x1755
 3957 0ecc 00000000 		.4byte	.LBI277
 3958 0ed0 04       		.byte	.LVU414
 3959 0ed1 9D000000 		.4byte	.LLRL48
 3960 0ed5 03       		.byte	0x3
 3961 0ed6 7501     		.2byte	0x175
 3962 0ed8 03       		.byte	0x3
 3963 0ed9 00       		.byte	0
 3964 0eda 06       		.uleb128 0x6
 3965 0edb 2D170000 		.4byte	0x172d
 3966 0edf 10000000 		.4byte	.LBI282
 3967 0ee3 01       		.byte	.LVU423
 3968 0ee4 10000000 		.4byte	.LBB282
 3969 0ee8 04000000 		.4byte	.LBE282-.LBB282
 3970 0eec AE01     		.2byte	0x1ae
 3971 0eee 03       		.byte	0x3
 3972 0eef 080F0000 		.4byte	0xf08
 3973 0ef3 03       		.uleb128 0x3
 3974 0ef4 4D170000 		.4byte	0x174d
 3975 0ef8 10000000 		.4byte	.LBI284
 3976 0efc 08       		.byte	.LVU430
 3977 0efd 10000000 		.4byte	.LBB284
 3978 0f01 04000000 		.4byte	.LBE284-.LBB284
 3979 0f05 8E01     		.2byte	0x18e
 3980 0f07 00       		.byte	0
 3981 0f08 2E       		.uleb128 0x2e
 3982 0f09 0C000000 		.4byte	.LVL56
 3983 0f0d 3F0F0000 		.4byte	0xf3f
 3984 0f11 300F0000 		.4byte	0xf30
 3985 0f15 0B       		.uleb128 0xb
 3986 0f16 01       		.uleb128 0x1
 3987 0f17 50       		.byte	0x50
 3988 0f18 09       		.uleb128 0x9
 3989 0f19 A3       		.byte	0xa3
 3990 0f1a 03       		.uleb128 0x3
ARM GAS  /tmp/ccwxRkBW.s 			page 71


 3991 0f1b A5       		.byte	0xa5
 3992 0f1c 00       		.uleb128 0
 3993 0f1d 26       		.uleb128 0x26
 3994 0f1e A8       		.byte	0xa8
 3995 0f1f 2D       		.uleb128 0x2d
 3996 0f20 A8       		.byte	0xa8
 3997 0f21 00       		.uleb128 0
 3998 0f22 0B       		.uleb128 0xb
 3999 0f23 01       		.uleb128 0x1
 4000 0f24 51       		.byte	0x51
 4001 0f25 09       		.uleb128 0x9
 4002 0f26 A3       		.byte	0xa3
 4003 0f27 03       		.uleb128 0x3
 4004 0f28 A5       		.byte	0xa5
 4005 0f29 01       		.uleb128 0x1
 4006 0f2a 26       		.uleb128 0x26
 4007 0f2b A8       		.byte	0xa8
 4008 0f2c 2D       		.uleb128 0x2d
 4009 0f2d A8       		.byte	0xa8
 4010 0f2e 00       		.uleb128 0
 4011 0f2f 00       		.byte	0
 4012 0f30 24       		.uleb128 0x24
 4013 0f31 10000000 		.4byte	.LVL57
 4014 0f35 A6080000 		.4byte	0x8a6
 4015 0f39 00       		.byte	0
 4016 0f3a 05       		.uleb128 0x5
 4017 0f3b 46080000 		.4byte	0x846
 4018 0f3f 1D       		.uleb128 0x1d
 4019 0f40 CA030000 		.4byte	.LASF138
 4020 0f44 8701     		.2byte	0x187
 4021 0f46 00000000 		.4byte	.LFB219
 4022 0f4a C0000000 		.4byte	.LFE219-.LFB219
 4023 0f4e 01       		.uleb128 0x1
 4024 0f4f 9C       		.byte	0x9c
 4025 0f50 E80F0000 		.4byte	0xfe8
 4026 0f54 1C       		.uleb128 0x1c
 4027 0f55 65737000 		.ascii	"esp\000"
 4028 0f59 8701     		.2byte	0x187
 4029 0f5b 2B       		.byte	0x2b
 4030 0f5c 3A0F0000 		.4byte	0xf3a
 4031 0f60 0F030000 		.4byte	.LLST40
 4032 0f64 0B030000 		.4byte	.LVUS40
 4033 0f68 08       		.uleb128 0x8
 4034 0f69 6D000000 		.4byte	.LASF38
 4035 0f6d 8701     		.2byte	0x187
 4036 0f6f 3D       		.byte	0x3d
 4037 0f70 74010000 		.4byte	0x174
 4038 0f74 24030000 		.4byte	.LLST41
 4039 0f78 20030000 		.4byte	.LVUS41
 4040 0f7c 17       		.uleb128 0x17
 4041 0f7d 656C7000 		.ascii	"elp\000"
 4042 0f81 8801     		.2byte	0x188
 4043 0f83 15       		.byte	0x15
 4044 0f84 26080000 		.4byte	0x826
 4045 0f88 37030000 		.4byte	.LLST42
 4046 0f8c 35030000 		.4byte	.LVUS42
 4047 0f90 0E       		.uleb128 0xe
ARM GAS  /tmp/ccwxRkBW.s 			page 72


 4048 0f91 61080000 		.4byte	.LASF139
 4049 0f95 F80F0000 		.4byte	0xff8
 4050 0f99 40       		.uleb128 0x40
 4051 0f9a 4C110000 		.4byte	0x114c
 4052 0f9e 7E000000 		.4byte	.LLRL43
 4053 0fa2 01       		.byte	0x1
 4054 0fa3 9601     		.2byte	0x196
 4055 0fa5 07       		.byte	0x7
 4056 0fa6 25       		.uleb128 0x25
 4057 0fa7 66110000 		.4byte	0x1166
 4058 0fab 25       		.uleb128 0x25
 4059 0fac 5A110000 		.4byte	0x115a
 4060 0fb0 18       		.uleb128 0x18
 4061 0fb1 7E000000 		.4byte	.LLRL43
 4062 0fb5 26       		.uleb128 0x26
 4063 0fb6 4C110000 		.4byte	0x114c
 4064 0fba A4000000 		.4byte	.LBI268
 4065 0fbe 00       		.byte	.LVU401
 4066 0fbf 8F000000 		.4byte	.LLRL44
 4067 0fc3 25       		.uleb128 0x25
 4068 0fc4 66110000 		.4byte	0x1166
 4069 0fc8 07       		.uleb128 0x7
 4070 0fc9 5A110000 		.4byte	0x115a
 4071 0fcd 43030000 		.4byte	.LLST45
 4072 0fd1 41030000 		.4byte	.LVUS45
 4073 0fd5 18       		.uleb128 0x18
 4074 0fd6 8F000000 		.4byte	.LLRL44
 4075 0fda 24       		.uleb128 0x24
 4076 0fdb AC000000 		.4byte	.LVL54
 4077 0fdf AE080000 		.4byte	0x8ae
 4078 0fe3 00       		.byte	0
 4079 0fe4 00       		.byte	0
 4080 0fe5 00       		.byte	0
 4081 0fe6 00       		.byte	0
 4082 0fe7 00       		.byte	0
 4083 0fe8 0F       		.uleb128 0xf
 4084 0fe9 B8000000 		.4byte	0xb8
 4085 0fed F80F0000 		.4byte	0xff8
 4086 0ff1 10       		.uleb128 0x10
 4087 0ff2 2D000000 		.4byte	0x2d
 4088 0ff6 14       		.byte	0x14
 4089 0ff7 00       		.byte	0
 4090 0ff8 0D       		.uleb128 0xd
 4091 0ff9 E80F0000 		.4byte	0xfe8
 4092 0ffd 1D       		.uleb128 0x1d
 4093 0ffe E0070000 		.4byte	.LASF140
 4094 1002 6C01     		.2byte	0x16c
 4095 1004 00000000 		.4byte	.LFB218
 4096 1008 6C000000 		.4byte	.LFE218-.LFB218
 4097 100c 01       		.uleb128 0x1
 4098 100d 9C       		.byte	0x9c
 4099 100e 37110000 		.4byte	0x1137
 4100 1012 1C       		.uleb128 0x1c
 4101 1013 747000   		.ascii	"tp\000"
 4102 1016 6C01     		.2byte	0x16c
 4103 1018 1C       		.byte	0x1c
 4104 1019 F4050000 		.4byte	0x5f4
ARM GAS  /tmp/ccwxRkBW.s 			page 73


 4105 101d 58030000 		.4byte	.LLST31
 4106 1021 4C030000 		.4byte	.LVUS31
 4107 1025 08       		.uleb128 0x8
 4108 1026 E7000000 		.4byte	.LASF119
 4109 102a 6C01     		.2byte	0x16c
 4110 102c 2C       		.byte	0x2c
 4111 102d 68010000 		.4byte	0x168
 4112 1031 9B030000 		.4byte	.LLST32
 4113 1035 97030000 		.4byte	.LVUS32
 4114 1039 0E       		.uleb128 0xe
 4115 103a 61080000 		.4byte	.LASF139
 4116 103e 47110000 		.4byte	0x1147
 4117 1042 23       		.uleb128 0x23
 4118 1043 45170000 		.4byte	0x1745
 4119 1047 00000000 		.4byte	.LBI244
 4120 104b 05       		.byte	.LVU302
 4121 104c 5A000000 		.4byte	.LLRL33
 4122 1050 7001     		.2byte	0x170
 4123 1052 69100000 		.4byte	0x1069
 4124 1056 11       		.uleb128 0x11
 4125 1057 55170000 		.4byte	0x1755
 4126 105b 00000000 		.4byte	.LBI245
 4127 105f 07       		.byte	.LVU304
 4128 1060 5A000000 		.4byte	.LLRL33
 4129 1064 03       		.byte	0x3
 4130 1065 7501     		.2byte	0x175
 4131 1067 03       		.byte	0x3
 4132 1068 00       		.byte	0
 4133 1069 23       		.uleb128 0x23
 4134 106a 4C110000 		.4byte	0x114c
 4135 106e 08000000 		.4byte	.LBI250
 4136 1072 03       		.byte	.LVU311
 4137 1073 66000000 		.4byte	.LLRL34
 4138 1077 7101     		.2byte	0x171
 4139 1079 FF100000 		.4byte	0x10ff
 4140 107d 07       		.uleb128 0x7
 4141 107e 66110000 		.4byte	0x1166
 4142 1082 BA030000 		.4byte	.LLST35
 4143 1086 B4030000 		.4byte	.LVUS35
 4144 108a 07       		.uleb128 0x7
 4145 108b 5A110000 		.4byte	0x115a
 4146 108f EB030000 		.4byte	.LLST36
 4147 1093 E1030000 		.4byte	.LVUS36
 4148 1097 18       		.uleb128 0x18
 4149 1098 66000000 		.4byte	.LLRL34
 4150 109c 26       		.uleb128 0x26
 4151 109d 4C110000 		.4byte	0x114c
 4152 10a1 40000000 		.4byte	.LBI252
 4153 10a5 00       		.byte	.LVU340
 4154 10a6 72000000 		.4byte	.LLRL37
 4155 10aa 07       		.uleb128 0x7
 4156 10ab 66110000 		.4byte	0x1166
 4157 10af 20040000 		.4byte	.LLST38
 4158 10b3 1C040000 		.4byte	.LVUS38
 4159 10b7 07       		.uleb128 0x7
 4160 10b8 5A110000 		.4byte	0x115a
 4161 10bc 4A040000 		.4byte	.LLST39
ARM GAS  /tmp/ccwxRkBW.s 			page 74


 4162 10c0 42040000 		.4byte	.LVUS39
 4163 10c4 18       		.uleb128 0x18
 4164 10c5 72000000 		.4byte	.LLRL37
 4165 10c9 2E       		.uleb128 0x2e
 4166 10ca 4C000000 		.4byte	.LVL44
 4167 10ce AE080000 		.4byte	0x8ae
 4168 10d2 E4100000 		.4byte	0x10e4
 4169 10d6 0B       		.uleb128 0xb
 4170 10d7 01       		.uleb128 0x1
 4171 10d8 50       		.byte	0x50
 4172 10d9 09       		.uleb128 0x9
 4173 10da A3       		.byte	0xa3
 4174 10db 03       		.uleb128 0x3
 4175 10dc A5       		.byte	0xa5
 4176 10dd 00       		.uleb128 0
 4177 10de 26       		.uleb128 0x26
 4178 10df A8       		.byte	0xa8
 4179 10e0 2D       		.uleb128 0x2d
 4180 10e1 A8       		.byte	0xa8
 4181 10e2 00       		.uleb128 0
 4182 10e3 00       		.byte	0
 4183 10e4 15       		.uleb128 0x15
 4184 10e5 68000000 		.4byte	.LVL47
 4185 10e9 AE080000 		.4byte	0x8ae
 4186 10ed 0B       		.uleb128 0xb
 4187 10ee 01       		.uleb128 0x1
 4188 10ef 50       		.byte	0x50
 4189 10f0 09       		.uleb128 0x9
 4190 10f1 A3       		.byte	0xa3
 4191 10f2 03       		.uleb128 0x3
 4192 10f3 A5       		.byte	0xa5
 4193 10f4 00       		.uleb128 0
 4194 10f5 26       		.uleb128 0x26
 4195 10f6 A8       		.byte	0xa8
 4196 10f7 2D       		.uleb128 0x2d
 4197 10f8 A8       		.byte	0xa8
 4198 10f9 00       		.uleb128 0
 4199 10fa 00       		.byte	0
 4200 10fb 00       		.byte	0
 4201 10fc 00       		.byte	0
 4202 10fd 00       		.byte	0
 4203 10fe 00       		.byte	0
 4204 10ff 06       		.uleb128 0x6
 4205 1100 2D170000 		.4byte	0x172d
 4206 1104 2C000000 		.4byte	.LBI257
 4207 1108 01       		.byte	.LVU328
 4208 1109 2C000000 		.4byte	.LBB257
 4209 110d 04000000 		.4byte	.LBE257-.LBB257
 4210 1111 7301     		.2byte	0x173
 4211 1113 03       		.byte	0x3
 4212 1114 2D110000 		.4byte	0x112d
 4213 1118 03       		.uleb128 0x3
 4214 1119 4D170000 		.4byte	0x174d
 4215 111d 2C000000 		.4byte	.LBI259
 4216 1121 08       		.byte	.LVU335
 4217 1122 2C000000 		.4byte	.LBB259
 4218 1126 04000000 		.4byte	.LBE259-.LBB259
ARM GAS  /tmp/ccwxRkBW.s 			page 75


 4219 112a 8E01     		.2byte	0x18e
 4220 112c 00       		.byte	0
 4221 112d 24       		.uleb128 0x24
 4222 112e 2C000000 		.4byte	.LVL41
 4223 1132 A6080000 		.4byte	0x8a6
 4224 1136 00       		.byte	0
 4225 1137 0F       		.uleb128 0xf
 4226 1138 B8000000 		.4byte	0xb8
 4227 113c 47110000 		.4byte	0x1147
 4228 1140 10       		.uleb128 0x10
 4229 1141 2D000000 		.4byte	0x2d
 4230 1145 0B       		.byte	0xb
 4231 1146 00       		.byte	0
 4232 1147 0D       		.uleb128 0xd
 4233 1148 37110000 		.4byte	0x1137
 4234 114c 41       		.uleb128 0x41
 4235 114d E0010000 		.4byte	.LASF142
 4236 1151 01       		.byte	0x1
 4237 1152 5401     		.2byte	0x154
 4238 1154 06       		.byte	0x6
 4239 1155 01       		.byte	0x1
 4240 1156 7D110000 		.4byte	0x117d
 4241 115a 42       		.uleb128 0x42
 4242 115b 747000   		.ascii	"tp\000"
 4243 115e 01       		.byte	0x1
 4244 115f 5401     		.2byte	0x154
 4245 1161 1D       		.byte	0x1d
 4246 1162 F4050000 		.4byte	0x5f4
 4247 1166 2F       		.uleb128 0x2f
 4248 1167 E7000000 		.4byte	.LASF119
 4249 116b 01       		.byte	0x1
 4250 116c 5401     		.2byte	0x154
 4251 116e 2D       		.byte	0x2d
 4252 116f 68010000 		.4byte	0x168
 4253 1173 0E       		.uleb128 0xe
 4254 1174 61080000 		.4byte	.LASF139
 4255 1178 8D110000 		.4byte	0x118d
 4256 117c 00       		.byte	0
 4257 117d 0F       		.uleb128 0xf
 4258 117e B8000000 		.4byte	0xb8
 4259 1182 8D110000 		.4byte	0x118d
 4260 1186 10       		.uleb128 0x10
 4261 1187 2D000000 		.4byte	0x2d
 4262 118b 0C       		.byte	0xc
 4263 118c 00       		.byte	0
 4264 118d 0D       		.uleb128 0xd
 4265 118e 7D110000 		.4byte	0x117d
 4266 1192 12       		.uleb128 0x12
 4267 1193 B2000000 		.4byte	.LASF143
 4268 1197 3B01     		.2byte	0x13b
 4269 1199 0E       		.byte	0xe
 4270 119a 74010000 		.4byte	0x174
 4271 119e 00000000 		.4byte	.LFB216
 4272 11a2 20000000 		.4byte	.LFE216-.LFB216
 4273 11a6 01       		.uleb128 0x1
 4274 11a7 9C       		.byte	0x9c
 4275 11a8 35120000 		.4byte	0x1235
ARM GAS  /tmp/ccwxRkBW.s 			page 76


 4276 11ac 1C       		.uleb128 0x1c
 4277 11ad 656C7000 		.ascii	"elp\000"
 4278 11b1 3B01     		.2byte	0x13b
 4279 11b3 36       		.byte	0x36
 4280 11b4 26080000 		.4byte	0x826
 4281 11b8 7A040000 		.4byte	.LLST24
 4282 11bc 76040000 		.4byte	.LVUS24
 4283 11c0 13       		.uleb128 0x13
 4284 11c1 6D000000 		.4byte	.LASF38
 4285 11c5 3C01     		.2byte	0x13c
 4286 11c7 10       		.byte	0x10
 4287 11c8 74010000 		.4byte	0x174
 4288 11cc 95040000 		.4byte	.LLST25
 4289 11d0 93040000 		.4byte	.LVUS25
 4290 11d4 0E       		.uleb128 0xe
 4291 11d5 61080000 		.4byte	.LASF139
 4292 11d9 45120000 		.4byte	0x1245
 4293 11dd 06       		.uleb128 0x6
 4294 11de 45170000 		.4byte	0x1745
 4295 11e2 00000000 		.4byte	.LBI220
 4296 11e6 06       		.byte	.LVU243
 4297 11e7 00000000 		.4byte	.LBB220
 4298 11eb 04000000 		.4byte	.LBE220-.LBB220
 4299 11ef 4001     		.2byte	0x140
 4300 11f1 03       		.byte	0x3
 4301 11f2 0B120000 		.4byte	0x120b
 4302 11f6 03       		.uleb128 0x3
 4303 11f7 55170000 		.4byte	0x1755
 4304 11fb 00000000 		.4byte	.LBI221
 4305 11ff 08       		.byte	.LVU245
 4306 1200 00000000 		.4byte	.LBB221
 4307 1204 04000000 		.4byte	.LBE221-.LBB221
 4308 1208 7501     		.2byte	0x175
 4309 120a 00       		.byte	0
 4310 120b 27       		.uleb128 0x27
 4311 120c 2D170000 		.4byte	0x172d
 4312 1210 10000000 		.4byte	.LBI223
 4313 1214 01       		.byte	.LVU255
 4314 1215 10000000 		.4byte	.LBB223
 4315 1219 04000000 		.4byte	.LBE223-.LBB223
 4316 121d 4301     		.2byte	0x143
 4317 121f 03       		.uleb128 0x3
 4318 1220 4D170000 		.4byte	0x174d
 4319 1224 10000000 		.4byte	.LBI225
 4320 1228 08       		.byte	.LVU262
 4321 1229 10000000 		.4byte	.LBB225
 4322 122d 04000000 		.4byte	.LBE225-.LBB225
 4323 1231 8E01     		.2byte	0x18e
 4324 1233 00       		.byte	0
 4325 1234 00       		.byte	0
 4326 1235 0F       		.uleb128 0xf
 4327 1236 B8000000 		.4byte	0xb8
 4328 123a 45120000 		.4byte	0x1245
 4329 123e 10       		.uleb128 0x10
 4330 123f 2D000000 		.4byte	0x2d
 4331 1243 15       		.byte	0x15
 4332 1244 00       		.byte	0
ARM GAS  /tmp/ccwxRkBW.s 			page 77


 4333 1245 0D       		.uleb128 0xd
 4334 1246 35120000 		.4byte	0x1235
 4335 124a 12       		.uleb128 0x12
 4336 124b C9020000 		.4byte	.LASF144
 4337 124f 2401     		.2byte	0x124
 4338 1251 0E       		.byte	0xe
 4339 1252 74010000 		.4byte	0x174
 4340 1256 00000000 		.4byte	.LFB215
 4341 125a 14000000 		.4byte	.LFE215-.LFB215
 4342 125e 01       		.uleb128 0x1
 4343 125f 9C       		.byte	0x9c
 4344 1260 91120000 		.4byte	0x1291
 4345 1264 1C       		.uleb128 0x1c
 4346 1265 656C7000 		.ascii	"elp\000"
 4347 1269 2401     		.2byte	0x124
 4348 126b 37       		.byte	0x37
 4349 126c 26080000 		.4byte	0x826
 4350 1270 A2040000 		.4byte	.LLST23
 4351 1274 9E040000 		.4byte	.LVUS23
 4352 1278 43       		.uleb128 0x43
 4353 1279 6D000000 		.4byte	.LASF38
 4354 127d 01       		.byte	0x1
 4355 127e 2501     		.2byte	0x125
 4356 1280 10       		.byte	0x10
 4357 1281 74010000 		.4byte	0x174
 4358 1285 01       		.uleb128 0x1
 4359 1286 52       		.byte	0x52
 4360 1287 0E       		.uleb128 0xe
 4361 1288 61080000 		.4byte	.LASF139
 4362 128c A1120000 		.4byte	0x12a1
 4363 1290 00       		.byte	0
 4364 1291 0F       		.uleb128 0xf
 4365 1292 B8000000 		.4byte	0xb8
 4366 1296 A1120000 		.4byte	0x12a1
 4367 129a 10       		.uleb128 0x10
 4368 129b 2D000000 		.4byte	0x2d
 4369 129f 16       		.byte	0x16
 4370 12a0 00       		.byte	0
 4371 12a1 0D       		.uleb128 0xd
 4372 12a2 91120000 		.4byte	0x1291
 4373 12a6 12       		.uleb128 0x12
 4374 12a7 0A020000 		.4byte	.LASF145
 4375 12ab 0F01     		.2byte	0x10f
 4376 12ad 0D       		.byte	0xd
 4377 12ae 68010000 		.4byte	0x168
 4378 12b2 00000000 		.4byte	.LFB214
 4379 12b6 24000000 		.4byte	.LFE214-.LFB214
 4380 12ba 01       		.uleb128 0x1
 4381 12bb 9C       		.byte	0x9c
 4382 12bc 67130000 		.4byte	0x1367
 4383 12c0 08       		.uleb128 0x8
 4384 12c1 E7000000 		.4byte	.LASF119
 4385 12c5 0F01     		.2byte	0x10f
 4386 12c7 28       		.byte	0x28
 4387 12c8 68010000 		.4byte	0x168
 4388 12cc BF040000 		.4byte	.LLST20
 4389 12d0 BB040000 		.4byte	.LVUS20
ARM GAS  /tmp/ccwxRkBW.s 			page 78


 4390 12d4 13       		.uleb128 0x13
 4391 12d5 4D030000 		.4byte	.LASF146
 4392 12d9 1001     		.2byte	0x110
 4393 12db 0F       		.byte	0xf
 4394 12dc 68010000 		.4byte	0x168
 4395 12e0 DA040000 		.4byte	.LLST21
 4396 12e4 D8040000 		.4byte	.LVUS21
 4397 12e8 06       		.uleb128 0x6
 4398 12e9 45170000 		.4byte	0x1745
 4399 12ed 00000000 		.4byte	.LBI211
 4400 12f1 03       		.byte	.LVU199
 4401 12f2 00000000 		.4byte	.LBB211
 4402 12f6 04000000 		.4byte	.LBE211-.LBB211
 4403 12fa 1201     		.2byte	0x112
 4404 12fc 03       		.byte	0x3
 4405 12fd 16130000 		.4byte	0x1316
 4406 1301 03       		.uleb128 0x3
 4407 1302 55170000 		.4byte	0x1755
 4408 1306 00000000 		.4byte	.LBI212
 4409 130a 05       		.byte	.LVU201
 4410 130b 00000000 		.4byte	.LBB212
 4411 130f 04000000 		.4byte	.LBE212-.LBB212
 4412 1313 7501     		.2byte	0x175
 4413 1315 00       		.byte	0
 4414 1316 06       		.uleb128 0x6
 4415 1317 FF160000 		.4byte	0x16ff
 4416 131b 04000000 		.4byte	.LBI214
 4417 131f 03       		.byte	.LVU206
 4418 1320 04000000 		.4byte	.LBB214
 4419 1324 18000000 		.4byte	.LBE214-.LBB214
 4420 1328 1301     		.2byte	0x113
 4421 132a 0C       		.byte	0xc
 4422 132b 3D130000 		.4byte	0x133d
 4423 132f 07       		.uleb128 0x7
 4424 1330 11170000 		.4byte	0x1711
 4425 1334 E7040000 		.4byte	.LLST22
 4426 1338 E3040000 		.4byte	.LVUS22
 4427 133c 00       		.byte	0
 4428 133d 27       		.uleb128 0x27
 4429 133e 2D170000 		.4byte	0x172d
 4430 1342 1C000000 		.4byte	.LBI216
 4431 1346 02       		.byte	.LVU213
 4432 1347 1C000000 		.4byte	.LBB216
 4433 134b 04000000 		.4byte	.LBE216-.LBB216
 4434 134f 1401     		.2byte	0x114
 4435 1351 03       		.uleb128 0x3
 4436 1352 4D170000 		.4byte	0x174d
 4437 1356 1C000000 		.4byte	.LBI218
 4438 135a 09       		.byte	.LVU220
 4439 135b 1C000000 		.4byte	.LBB218
 4440 135f 04000000 		.4byte	.LBE218-.LBB218
 4441 1363 8E01     		.2byte	0x18e
 4442 1365 00       		.byte	0
 4443 1366 00       		.byte	0
 4444 1367 44       		.uleb128 0x44
 4445 1368 54030000 		.4byte	.LASF147
 4446 136c 01       		.byte	0x1
ARM GAS  /tmp/ccwxRkBW.s 			page 79


 4447 136d FC       		.byte	0xfc
 4448 136e 0D       		.byte	0xd
 4449 136f 68010000 		.4byte	0x168
 4450 1373 00000000 		.4byte	.LFB213
 4451 1377 28000000 		.4byte	.LFE213-.LFB213
 4452 137b 01       		.uleb128 0x1
 4453 137c 9C       		.byte	0x9c
 4454 137d 50140000 		.4byte	0x1450
 4455 1381 45       		.uleb128 0x45
 4456 1382 E7000000 		.4byte	.LASF119
 4457 1386 01       		.byte	0x1
 4458 1387 FC       		.byte	0xfc
 4459 1388 30       		.byte	0x30
 4460 1389 68010000 		.4byte	0x168
 4461 138d 04050000 		.4byte	.LLST15
 4462 1391 00050000 		.4byte	.LVUS15
 4463 1395 30       		.uleb128 0x30
 4464 1396 6D00     		.ascii	"m\000"
 4465 1398 FD       		.byte	0xfd
 4466 1399 0F       		.byte	0xf
 4467 139a 68010000 		.4byte	0x168
 4468 139e 21050000 		.4byte	.LLST16
 4469 13a2 1D050000 		.4byte	.LVUS16
 4470 13a6 31       		.uleb128 0x31
 4471 13a7 45170000 		.4byte	0x1745
 4472 13ab 00000000 		.4byte	.LBI200
 4473 13af 03       		.byte	.LVU162
 4474 13b0 00000000 		.4byte	.LBB200
 4475 13b4 04000000 		.4byte	.LBE200-.LBB200
 4476 13b8 FF       		.byte	0xff
 4477 13b9 D2130000 		.4byte	0x13d2
 4478 13bd 03       		.uleb128 0x3
 4479 13be 55170000 		.4byte	0x1755
 4480 13c2 00000000 		.4byte	.LBI201
 4481 13c6 05       		.byte	.LVU164
 4482 13c7 00000000 		.4byte	.LBB201
 4483 13cb 04000000 		.4byte	.LBE201-.LBB201
 4484 13cf 7501     		.2byte	0x175
 4485 13d1 00       		.byte	0
 4486 13d2 06       		.uleb128 0x6
 4487 13d3 50140000 		.4byte	0x1450
 4488 13d7 04000000 		.4byte	.LBI203
 4489 13db 03       		.byte	.LVU169
 4490 13dc 04000000 		.4byte	.LBB203
 4491 13e0 18000000 		.4byte	.LBE203-.LBB203
 4492 13e4 0001     		.2byte	0x100
 4493 13e6 07       		.byte	0x7
 4494 13e7 26140000 		.4byte	0x1426
 4495 13eb 07       		.uleb128 0x7
 4496 13ec 61140000 		.4byte	0x1461
 4497 13f0 38050000 		.4byte	.LLST17
 4498 13f4 36050000 		.4byte	.LVUS17
 4499 13f8 19       		.uleb128 0x19
 4500 13f9 6C140000 		.4byte	0x146c
 4501 13fd 43050000 		.4byte	.LLST18
 4502 1401 41050000 		.4byte	.LVUS18
 4503 1405 19       		.uleb128 0x19
ARM GAS  /tmp/ccwxRkBW.s 			page 80


 4504 1406 76140000 		.4byte	0x1476
 4505 140a 4E050000 		.4byte	.LLST19
 4506 140e 4C050000 		.4byte	.LVUS19
 4507 1412 32       		.uleb128 0x32
 4508 1413 1F170000 		.4byte	0x171f
 4509 1417 04000000 		.4byte	.LBI205
 4510 141b 05       		.byte	.LVU171
 4511 141c 04000000 		.4byte	.LBB205
 4512 1420 0C000000 		.4byte	.LBE205-.LBB205
 4513 1424 E9       		.byte	0xe9
 4514 1425 00       		.byte	0
 4515 1426 27       		.uleb128 0x27
 4516 1427 2D170000 		.4byte	0x172d
 4517 142b 1C000000 		.4byte	.LBI207
 4518 142f 03       		.byte	.LVU184
 4519 1430 1C000000 		.4byte	.LBB207
 4520 1434 04000000 		.4byte	.LBE207-.LBB207
 4521 1438 0101     		.2byte	0x101
 4522 143a 03       		.uleb128 0x3
 4523 143b 4D170000 		.4byte	0x174d
 4524 143f 1C000000 		.4byte	.LBI209
 4525 1443 0A       		.byte	.LVU191
 4526 1444 1C000000 		.4byte	.LBB209
 4527 1448 04000000 		.4byte	.LBE209-.LBB209
 4528 144c 8E01     		.2byte	0x18e
 4529 144e 00       		.byte	0
 4530 144f 00       		.byte	0
 4531 1450 46       		.uleb128 0x46
 4532 1451 B3010000 		.4byte	.LASF148
 4533 1455 01       		.byte	0x1
 4534 1456 E8       		.byte	0xe8
 4535 1457 0D       		.byte	0xd
 4536 1458 68010000 		.4byte	0x168
 4537 145c 01       		.byte	0x1
 4538 145d 81140000 		.4byte	0x1481
 4539 1461 28       		.uleb128 0x28
 4540 1462 E7000000 		.4byte	.LASF119
 4541 1466 E8       		.byte	0xe8
 4542 1467 31       		.byte	0x31
 4543 1468 68010000 		.4byte	0x168
 4544 146c 33       		.uleb128 0x33
 4545 146d 03030000 		.4byte	.LASF128
 4546 1471 E9       		.byte	0xe9
 4547 1472 F4050000 		.4byte	0x5f4
 4548 1476 47       		.uleb128 0x47
 4549 1477 6D00     		.ascii	"m\000"
 4550 1479 01       		.byte	0x1
 4551 147a EA       		.byte	0xea
 4552 147b 0F       		.byte	0xf
 4553 147c 68010000 		.4byte	0x168
 4554 1480 00       		.byte	0
 4555 1481 1E       		.uleb128 0x1e
 4556 1482 C8000000 		.4byte	.LASF149
 4557 1486 CB       		.byte	0xcb
 4558 1487 00000000 		.4byte	.LFB211
 4559 148b 3C000000 		.4byte	.LFE211-.LFB211
 4560 148f 01       		.uleb128 0x1
ARM GAS  /tmp/ccwxRkBW.s 			page 81


 4561 1490 9C       		.byte	0x9c
 4562 1491 1C150000 		.4byte	0x151c
 4563 1495 1A       		.uleb128 0x1a
 4564 1496 65737000 		.ascii	"esp\000"
 4565 149a CB       		.byte	0xcb
 4566 149b 26       		.byte	0x26
 4567 149c 3A0F0000 		.4byte	0xf3a
 4568 14a0 01       		.uleb128 0x1
 4569 14a1 50       		.byte	0x50
 4570 14a2 1A       		.uleb128 0x1a
 4571 14a3 656C7000 		.ascii	"elp\000"
 4572 14a7 CB       		.byte	0xcb
 4573 14a8 3D       		.byte	0x3d
 4574 14a9 26080000 		.4byte	0x826
 4575 14ad 01       		.uleb128 0x1
 4576 14ae 51       		.byte	0x51
 4577 14af 30       		.uleb128 0x30
 4578 14b0 7000     		.ascii	"p\000"
 4579 14b2 CC       		.byte	0xcc
 4580 14b3 15       		.byte	0x15
 4581 14b4 26080000 		.4byte	0x826
 4582 14b8 64050000 		.4byte	.LLST9
 4583 14bc 5C050000 		.4byte	.LVUS9
 4584 14c0 0E       		.uleb128 0xe
 4585 14c1 61080000 		.4byte	.LASF139
 4586 14c5 2C150000 		.4byte	0x152c
 4587 14c9 34       		.uleb128 0x34
 4588 14ca 45170000 		.4byte	0x1745
 4589 14ce 00000000 		.4byte	.LBI184
 4590 14d2 07       		.byte	.LVU103
 4591 14d3 36000000 		.4byte	.LLRL10
 4592 14d7 D3       		.byte	0xd3
 4593 14d8 F1140000 		.4byte	0x14f1
 4594 14dc 03       		.uleb128 0x3
 4595 14dd 55170000 		.4byte	0x1755
 4596 14e1 00000000 		.4byte	.LBI186
 4597 14e5 09       		.byte	.LVU105
 4598 14e6 00000000 		.4byte	.LBB186
 4599 14ea 04000000 		.4byte	.LBE186-.LBB186
 4600 14ee 7501     		.2byte	0x175
 4601 14f0 00       		.byte	0
 4602 14f1 48       		.uleb128 0x48
 4603 14f2 2D170000 		.4byte	0x172d
 4604 14f6 24000000 		.4byte	.LBI190
 4605 14fa 01       		.byte	.LVU119
 4606 14fb 42000000 		.4byte	.LLRL11
 4607 14ff 01       		.byte	0x1
 4608 1500 DD       		.byte	0xdd
 4609 1501 03       		.byte	0x3
 4610 1502 18       		.uleb128 0x18
 4611 1503 42000000 		.4byte	.LLRL11
 4612 1507 11       		.uleb128 0x11
 4613 1508 4D170000 		.4byte	0x174d
 4614 150c 24000000 		.4byte	.LBI192
 4615 1510 08       		.byte	.LVU126
 4616 1511 42000000 		.4byte	.LLRL11
 4617 1515 03       		.byte	0x3
ARM GAS  /tmp/ccwxRkBW.s 			page 82


 4618 1516 8E01     		.2byte	0x18e
 4619 1518 03       		.byte	0x3
 4620 1519 00       		.byte	0
 4621 151a 00       		.byte	0
 4622 151b 00       		.byte	0
 4623 151c 0F       		.uleb128 0xf
 4624 151d B8000000 		.4byte	0xb8
 4625 1521 2C150000 		.4byte	0x152c
 4626 1525 10       		.uleb128 0x10
 4627 1526 2D000000 		.4byte	0x2d
 4628 152a 0F       		.byte	0xf
 4629 152b 00       		.byte	0
 4630 152c 0D       		.uleb128 0xd
 4631 152d 1C150000 		.4byte	0x151c
 4632 1531 1E       		.uleb128 0x1e
 4633 1532 3E080000 		.4byte	.LASF150
 4634 1536 B4       		.byte	0xb4
 4635 1537 00000000 		.4byte	.LFB210
 4636 153b 3C000000 		.4byte	.LFE210-.LFB210
 4637 153f 01       		.uleb128 0x1
 4638 1540 9C       		.byte	0x9c
 4639 1541 32160000 		.4byte	0x1632
 4640 1545 1A       		.uleb128 0x1a
 4641 1546 65737000 		.ascii	"esp\000"
 4642 154a B4       		.byte	0xb4
 4643 154b 31       		.byte	0x31
 4644 154c 3A0F0000 		.4byte	0xf3a
 4645 1550 01       		.uleb128 0x1
 4646 1551 50       		.byte	0x50
 4647 1552 1A       		.uleb128 0x1a
 4648 1553 656C7000 		.ascii	"elp\000"
 4649 1557 B5       		.byte	0xb5
 4650 1558 33       		.byte	0x33
 4651 1559 26080000 		.4byte	0x826
 4652 155d 01       		.uleb128 0x1
 4653 155e 51       		.byte	0x51
 4654 155f 35       		.uleb128 0x35
 4655 1560 E7000000 		.4byte	.LASF119
 4656 1564 B6       		.byte	0xb6
 4657 1565 2D       		.byte	0x2d
 4658 1566 68010000 		.4byte	0x168
 4659 156a 01       		.uleb128 0x1
 4660 156b 52       		.byte	0x52
 4661 156c 35       		.uleb128 0x35
 4662 156d 1F050000 		.4byte	.LASF120
 4663 1571 B7       		.byte	0xb7
 4664 1572 2E       		.byte	0x2e
 4665 1573 74010000 		.4byte	0x174
 4666 1577 01       		.uleb128 0x1
 4667 1578 53       		.byte	0x53
 4668 1579 34       		.uleb128 0x34
 4669 157a 45170000 		.4byte	0x1745
 4670 157e 00000000 		.4byte	.LBI166
 4671 1582 02       		.byte	.LVU49
 4672 1583 1B000000 		.4byte	.LLRL2
 4673 1587 B9       		.byte	0xb9
 4674 1588 9F150000 		.4byte	0x159f
ARM GAS  /tmp/ccwxRkBW.s 			page 83


 4675 158c 11       		.uleb128 0x11
 4676 158d 55170000 		.4byte	0x1755
 4677 1591 00000000 		.4byte	.LBI167
 4678 1595 04       		.byte	.LVU51
 4679 1596 1B000000 		.4byte	.LLRL2
 4680 159a 03       		.byte	0x3
 4681 159b 7501     		.2byte	0x175
 4682 159d 03       		.byte	0x3
 4683 159e 00       		.byte	0
 4684 159f 31       		.uleb128 0x31
 4685 15a0 32160000 		.4byte	0x1632
 4686 15a4 08000000 		.4byte	.LBI172
 4687 15a8 03       		.byte	.LVU58
 4688 15a9 08000000 		.4byte	.LBB172
 4689 15ad 2C000000 		.4byte	.LBE172-.LBB172
 4690 15b1 BA       		.byte	0xba
 4691 15b2 07160000 		.4byte	0x1607
 4692 15b6 07       		.uleb128 0x7
 4693 15b7 60160000 		.4byte	0x1660
 4694 15bb 80050000 		.4byte	.LLST3
 4695 15bf 7E050000 		.4byte	.LVUS3
 4696 15c3 07       		.uleb128 0x7
 4697 15c4 55160000 		.4byte	0x1655
 4698 15c8 8B050000 		.4byte	.LLST4
 4699 15cc 89050000 		.4byte	.LVUS4
 4700 15d0 07       		.uleb128 0x7
 4701 15d1 4A160000 		.4byte	0x164a
 4702 15d5 96050000 		.4byte	.LLST5
 4703 15d9 94050000 		.4byte	.LVUS5
 4704 15dd 07       		.uleb128 0x7
 4705 15de 3F160000 		.4byte	0x163f
 4706 15e2 A1050000 		.4byte	.LLST6
 4707 15e6 9F050000 		.4byte	.LVUS6
 4708 15ea 19       		.uleb128 0x19
 4709 15eb 6B160000 		.4byte	0x166b
 4710 15ef AC050000 		.4byte	.LLST7
 4711 15f3 AA050000 		.4byte	.LVUS7
 4712 15f7 36       		.uleb128 0x36
 4713 15f8 1F170000 		.4byte	0x171f
 4714 15fc 08000000 		.4byte	.LBI174
 4715 1600 05       		.byte	.LVU60
 4716 1601 27000000 		.4byte	.LLRL8
 4717 1605 98       		.byte	0x98
 4718 1606 00       		.byte	0
 4719 1607 49       		.uleb128 0x49
 4720 1608 2D170000 		.4byte	0x172d
 4721 160c 34000000 		.4byte	.LBI180
 4722 1610 02       		.byte	.LVU86
 4723 1611 34000000 		.4byte	.LBB180
 4724 1615 04000000 		.4byte	.LBE180-.LBB180
 4725 1619 01       		.byte	0x1
 4726 161a BB       		.byte	0xbb
 4727 161b 03       		.byte	0x3
 4728 161c 03       		.uleb128 0x3
 4729 161d 4D170000 		.4byte	0x174d
 4730 1621 34000000 		.4byte	.LBI182
 4731 1625 09       		.byte	.LVU93
ARM GAS  /tmp/ccwxRkBW.s 			page 84


 4732 1626 34000000 		.4byte	.LBB182
 4733 162a 04000000 		.4byte	.LBE182-.LBB182
 4734 162e 8E01     		.2byte	0x18e
 4735 1630 00       		.byte	0
 4736 1631 00       		.byte	0
 4737 1632 4A       		.uleb128 0x4a
 4738 1633 19020000 		.4byte	.LASF151
 4739 1637 01       		.byte	0x1
 4740 1638 94       		.byte	0x94
 4741 1639 06       		.byte	0x6
 4742 163a 01       		.byte	0x1
 4743 163b 7F160000 		.4byte	0x167f
 4744 163f 37       		.uleb128 0x37
 4745 1640 65737000 		.ascii	"esp\000"
 4746 1644 94       		.byte	0x94
 4747 1645 32       		.byte	0x32
 4748 1646 3A0F0000 		.4byte	0xf3a
 4749 164a 37       		.uleb128 0x37
 4750 164b 656C7000 		.ascii	"elp\000"
 4751 164f 95       		.byte	0x95
 4752 1650 34       		.byte	0x34
 4753 1651 26080000 		.4byte	0x826
 4754 1655 28       		.uleb128 0x28
 4755 1656 E7000000 		.4byte	.LASF119
 4756 165a 96       		.byte	0x96
 4757 165b 2E       		.byte	0x2e
 4758 165c 68010000 		.4byte	0x168
 4759 1660 28       		.uleb128 0x28
 4760 1661 1F050000 		.4byte	.LASF120
 4761 1665 97       		.byte	0x97
 4762 1666 2F       		.byte	0x2f
 4763 1667 74010000 		.4byte	0x174
 4764 166b 33       		.uleb128 0x33
 4765 166c 03030000 		.4byte	.LASF128
 4766 1670 98       		.byte	0x98
 4767 1671 F4050000 		.4byte	0x5f4
 4768 1675 0E       		.uleb128 0xe
 4769 1676 61080000 		.4byte	.LASF139
 4770 167a 8F160000 		.4byte	0x168f
 4771 167e 00       		.byte	0
 4772 167f 0F       		.uleb128 0xf
 4773 1680 B8000000 		.4byte	0xb8
 4774 1684 8F160000 		.4byte	0x168f
 4775 1688 10       		.uleb128 0x10
 4776 1689 2D000000 		.4byte	0x2d
 4777 168d 1B       		.byte	0x1b
 4778 168e 00       		.byte	0
 4779 168f 0D       		.uleb128 0xd
 4780 1690 7F160000 		.4byte	0x167f
 4781 1694 1E       		.uleb128 0x1e
 4782 1695 77010000 		.4byte	.LASF152
 4783 1699 78       		.byte	0x78
 4784 169a 00000000 		.4byte	.LFB208
 4785 169e 04000000 		.4byte	.LFE208-.LFB208
 4786 16a2 01       		.uleb128 0x1
 4787 16a3 9C       		.byte	0x9c
 4788 16a4 BF160000 		.4byte	0x16bf
ARM GAS  /tmp/ccwxRkBW.s 			page 85


 4789 16a8 1A       		.uleb128 0x1a
 4790 16a9 65737000 		.ascii	"esp\000"
 4791 16ad 78       		.byte	0x78
 4792 16ae 29       		.byte	0x29
 4793 16af 3A0F0000 		.4byte	0xf3a
 4794 16b3 01       		.uleb128 0x1
 4795 16b4 50       		.byte	0x50
 4796 16b5 0E       		.uleb128 0xe
 4797 16b6 61080000 		.4byte	.LASF139
 4798 16ba CF160000 		.4byte	0x16cf
 4799 16be 00       		.byte	0
 4800 16bf 0F       		.uleb128 0xf
 4801 16c0 B8000000 		.4byte	0xb8
 4802 16c4 CF160000 		.4byte	0x16cf
 4803 16c8 10       		.uleb128 0x10
 4804 16c9 2D000000 		.4byte	0x2d
 4805 16cd 12       		.byte	0x12
 4806 16ce 00       		.byte	0
 4807 16cf 0D       		.uleb128 0xd
 4808 16d0 BF160000 		.4byte	0x16bf
 4809 16d4 1E       		.uleb128 0x1e
 4810 16d5 FE040000 		.4byte	.LASF153
 4811 16d9 62       		.byte	0x62
 4812 16da 00000000 		.4byte	.LFB207
 4813 16de 08000000 		.4byte	.LFE207-.LFB207
 4814 16e2 01       		.uleb128 0x1
 4815 16e3 9C       		.byte	0x9c
 4816 16e4 FF160000 		.4byte	0x16ff
 4817 16e8 1A       		.uleb128 0x1a
 4818 16e9 65737000 		.ascii	"esp\000"
 4819 16ed 62       		.byte	0x62
 4820 16ee 26       		.byte	0x26
 4821 16ef 3A0F0000 		.4byte	0xf3a
 4822 16f3 01       		.uleb128 0x1
 4823 16f4 50       		.byte	0x50
 4824 16f5 0E       		.uleb128 0xe
 4825 16f6 61080000 		.4byte	.LASF139
 4826 16fa 2C150000 		.4byte	0x152c
 4827 16fe 00       		.byte	0
 4828 16ff 4B       		.uleb128 0x4b
 4829 1700 24000000 		.4byte	.LASF161
 4830 1704 05       		.byte	0x5
 4831 1705 0701     		.2byte	0x107
 4832 1707 1B       		.byte	0x1b
 4833 1708 68010000 		.4byte	0x168
 4834 170c 03       		.byte	0x3
 4835 170d 1F170000 		.4byte	0x171f
 4836 1711 2F       		.uleb128 0x2f
 4837 1712 E7000000 		.4byte	.LASF119
 4838 1716 05       		.byte	0x5
 4839 1717 0701     		.2byte	0x107
 4840 1719 37       		.byte	0x37
 4841 171a 68010000 		.4byte	0x168
 4842 171e 00       		.byte	0
 4843 171f 4C       		.uleb128 0x4c
 4844 1720 67020000 		.4byte	.LASF162
 4845 1724 02       		.byte	0x2
ARM GAS  /tmp/ccwxRkBW.s 			page 86


 4846 1725 0E02     		.2byte	0x20e
 4847 1727 19       		.byte	0x19
 4848 1728 F4050000 		.4byte	0x5f4
 4849 172c 03       		.byte	0x3
 4850 172d 4D       		.uleb128 0x4d
 4851 172e 5B020000 		.4byte	.LASF163
 4852 1732 03       		.byte	0x3
 4853 1733 8101     		.2byte	0x181
 4854 1735 14       		.byte	0x14
 4855 1736 03       		.byte	0x3
 4856 1737 45170000 		.4byte	0x1745
 4857 173b 0E       		.uleb128 0xe
 4858 173c 61080000 		.4byte	.LASF139
 4859 1740 47110000 		.4byte	0x1147
 4860 1744 00       		.byte	0
 4861 1745 29       		.uleb128 0x29
 4862 1746 3E030000 		.4byte	.LASF154
 4863 174a 03       		.byte	0x3
 4864 174b 7301     		.2byte	0x173
 4865 174d 29       		.uleb128 0x29
 4866 174e 6A080000 		.4byte	.LASF155
 4867 1752 04       		.byte	0x4
 4868 1753 EF02     		.2byte	0x2ef
 4869 1755 29       		.uleb128 0x29
 4870 1756 F5000000 		.4byte	.LASF156
 4871 175a 04       		.byte	0x4
 4872 175b E302     		.2byte	0x2e3
 4873 175d 38       		.uleb128 0x38
 4874 175e 32160000 		.4byte	0x1632
 4875 1762 00000000 		.4byte	.LFB209
 4876 1766 34000000 		.4byte	.LFE209-.LFB209
 4877 176a 01       		.uleb128 0x1
 4878 176b 9C       		.byte	0x9c
 4879 176c A9170000 		.4byte	0x17a9
 4880 1770 1F       		.uleb128 0x1f
 4881 1771 3F160000 		.4byte	0x163f
 4882 1775 01       		.uleb128 0x1
 4883 1776 50       		.byte	0x50
 4884 1777 1F       		.uleb128 0x1f
 4885 1778 4A160000 		.4byte	0x164a
 4886 177c 01       		.uleb128 0x1
 4887 177d 51       		.byte	0x51
 4888 177e 1F       		.uleb128 0x1f
 4889 177f 55160000 		.4byte	0x1655
 4890 1783 01       		.uleb128 0x1
 4891 1784 52       		.byte	0x52
 4892 1785 1F       		.uleb128 0x1f
 4893 1786 60160000 		.4byte	0x1660
 4894 178a 01       		.uleb128 0x1
 4895 178b 53       		.byte	0x53
 4896 178c 19       		.uleb128 0x19
 4897 178d 6B160000 		.4byte	0x166b
 4898 1791 B7050000 		.4byte	.LLST0
 4899 1795 B5050000 		.4byte	.LVUS0
 4900 1799 36       		.uleb128 0x36
 4901 179a 1F170000 		.4byte	0x171f
 4902 179e 00000000 		.4byte	.LBI160
ARM GAS  /tmp/ccwxRkBW.s 			page 87


 4903 17a2 02       		.byte	.LVU21
 4904 17a3 0C000000 		.4byte	.LLRL1
 4905 17a7 98       		.byte	0x98
 4906 17a8 00       		.byte	0
 4907 17a9 38       		.uleb128 0x38
 4908 17aa 50140000 		.4byte	0x1450
 4909 17ae 00000000 		.4byte	.LFB212
 4910 17b2 20000000 		.4byte	.LFE212-.LFB212
 4911 17b6 01       		.uleb128 0x1
 4912 17b7 9C       		.byte	0x9c
 4913 17b8 F7170000 		.4byte	0x17f7
 4914 17bc 07       		.uleb128 0x7
 4915 17bd 61140000 		.4byte	0x1461
 4916 17c1 C4050000 		.4byte	.LLST12
 4917 17c5 C0050000 		.4byte	.LVUS12
 4918 17c9 19       		.uleb128 0x19
 4919 17ca 6C140000 		.4byte	0x146c
 4920 17ce DF050000 		.4byte	.LLST13
 4921 17d2 DD050000 		.4byte	.LVUS13
 4922 17d6 19       		.uleb128 0x19
 4923 17d7 76140000 		.4byte	0x1476
 4924 17db EC050000 		.4byte	.LLST14
 4925 17df E8050000 		.4byte	.LVUS14
 4926 17e3 32       		.uleb128 0x32
 4927 17e4 1F170000 		.4byte	0x171f
 4928 17e8 00000000 		.4byte	.LBI198
 4929 17ec 02       		.byte	.LVU146
 4930 17ed 00000000 		.4byte	.LBB198
 4931 17f1 0C000000 		.4byte	.LBE198-.LBB198
 4932 17f5 E9       		.byte	0xe9
 4933 17f6 00       		.byte	0
 4934 17f7 4E       		.uleb128 0x4e
 4935 17f8 4C110000 		.4byte	0x114c
 4936 17fc 00000000 		.4byte	.LFB217
 4937 1800 50000000 		.4byte	.LFE217-.LFB217
 4938 1804 01       		.uleb128 0x1
 4939 1805 9C       		.byte	0x9c
 4940 1806 07       		.uleb128 0x7
 4941 1807 5A110000 		.4byte	0x115a
 4942 180b 09060000 		.4byte	.LLST26
 4943 180f 01060000 		.4byte	.LVUS26
 4944 1813 07       		.uleb128 0x7
 4945 1814 66110000 		.4byte	0x1166
 4946 1818 39060000 		.4byte	.LLST27
 4947 181c 35060000 		.4byte	.LVUS27
 4948 1820 26       		.uleb128 0x26
 4949 1821 4C110000 		.4byte	0x114c
 4950 1825 2C000000 		.4byte	.LBI229
 4951 1829 00       		.byte	.LVU283
 4952 182a 4E000000 		.4byte	.LLRL28
 4953 182e 07       		.uleb128 0x7
 4954 182f 66110000 		.4byte	0x1166
 4955 1833 56060000 		.4byte	.LLST29
 4956 1837 52060000 		.4byte	.LVUS29
 4957 183b 07       		.uleb128 0x7
 4958 183c 5A110000 		.4byte	0x115a
 4959 1840 80060000 		.4byte	.LLST30
ARM GAS  /tmp/ccwxRkBW.s 			page 88


 4960 1844 78060000 		.4byte	.LVUS30
 4961 1848 18       		.uleb128 0x18
 4962 1849 4E000000 		.4byte	.LLRL28
 4963 184d 4F       		.uleb128 0x4f
 4964 184e 38000000 		.4byte	.LVL34
 4965 1852 AE080000 		.4byte	0x8ae
 4966 1856 68180000 		.4byte	0x1868
 4967 185a 0B       		.uleb128 0xb
 4968 185b 01       		.uleb128 0x1
 4969 185c 50       		.byte	0x50
 4970 185d 09       		.uleb128 0x9
 4971 185e A3       		.byte	0xa3
 4972 185f 03       		.uleb128 0x3
 4973 1860 A5       		.byte	0xa5
 4974 1861 00       		.uleb128 0
 4975 1862 26       		.uleb128 0x26
 4976 1863 A8       		.byte	0xa8
 4977 1864 2D       		.uleb128 0x2d
 4978 1865 A8       		.byte	0xa8
 4979 1866 00       		.uleb128 0
 4980 1867 00       		.byte	0
 4981 1868 50       		.uleb128 0x50
 4982 1869 50000000 		.4byte	.LVL36
 4983 186d AE080000 		.4byte	0x8ae
 4984 1871 0B       		.uleb128 0xb
 4985 1872 01       		.uleb128 0x1
 4986 1873 50       		.byte	0x50
 4987 1874 09       		.uleb128 0x9
 4988 1875 A3       		.byte	0xa3
 4989 1876 03       		.uleb128 0x3
 4990 1877 A5       		.byte	0xa5
 4991 1878 00       		.uleb128 0
 4992 1879 26       		.uleb128 0x26
 4993 187a A8       		.byte	0xa8
 4994 187b 2D       		.uleb128 0x2d
 4995 187c A8       		.byte	0xa8
 4996 187d 00       		.uleb128 0
 4997 187e 00       		.byte	0
 4998 187f 00       		.byte	0
 4999 1880 00       		.byte	0
 5000 1881 00       		.byte	0
 5001 1882 00       		.byte	0
 5002              		.section	.debug_abbrev,"",%progbits
 5003              	.Ldebug_abbrev0:
 5004 0000 01       		.uleb128 0x1
 5005 0001 16       		.uleb128 0x16
 5006 0002 00       		.byte	0
 5007 0003 03       		.uleb128 0x3
 5008 0004 0E       		.uleb128 0xe
 5009 0005 3A       		.uleb128 0x3a
 5010 0006 0B       		.uleb128 0xb
 5011 0007 3B       		.uleb128 0x3b
 5012 0008 0B       		.uleb128 0xb
 5013 0009 39       		.uleb128 0x39
 5014 000a 0B       		.uleb128 0xb
 5015 000b 49       		.uleb128 0x49
 5016 000c 13       		.uleb128 0x13
ARM GAS  /tmp/ccwxRkBW.s 			page 89


 5017 000d 00       		.byte	0
 5018 000e 00       		.byte	0
 5019 000f 02       		.uleb128 0x2
 5020 0010 0D       		.uleb128 0xd
 5021 0011 00       		.byte	0
 5022 0012 03       		.uleb128 0x3
 5023 0013 0E       		.uleb128 0xe
 5024 0014 3A       		.uleb128 0x3a
 5025 0015 0B       		.uleb128 0xb
 5026 0016 3B       		.uleb128 0x3b
 5027 0017 0B       		.uleb128 0xb
 5028 0018 39       		.uleb128 0x39
 5029 0019 0B       		.uleb128 0xb
 5030 001a 49       		.uleb128 0x49
 5031 001b 13       		.uleb128 0x13
 5032 001c 38       		.uleb128 0x38
 5033 001d 0B       		.uleb128 0xb
 5034 001e 00       		.byte	0
 5035 001f 00       		.byte	0
 5036 0020 03       		.uleb128 0x3
 5037 0021 1D       		.uleb128 0x1d
 5038 0022 00       		.byte	0
 5039 0023 31       		.uleb128 0x31
 5040 0024 13       		.uleb128 0x13
 5041 0025 52       		.uleb128 0x52
 5042 0026 01       		.uleb128 0x1
 5043 0027 B842     		.uleb128 0x2138
 5044 0029 0B       		.uleb128 0xb
 5045 002a 11       		.uleb128 0x11
 5046 002b 01       		.uleb128 0x1
 5047 002c 12       		.uleb128 0x12
 5048 002d 06       		.uleb128 0x6
 5049 002e 58       		.uleb128 0x58
 5050 002f 21       		.uleb128 0x21
 5051 0030 03       		.sleb128 3
 5052 0031 59       		.uleb128 0x59
 5053 0032 05       		.uleb128 0x5
 5054 0033 57       		.uleb128 0x57
 5055 0034 21       		.uleb128 0x21
 5056 0035 03       		.sleb128 3
 5057 0036 00       		.byte	0
 5058 0037 00       		.byte	0
 5059 0038 04       		.uleb128 0x4
 5060 0039 0D       		.uleb128 0xd
 5061 003a 00       		.byte	0
 5062 003b 03       		.uleb128 0x3
 5063 003c 0E       		.uleb128 0xe
 5064 003d 3A       		.uleb128 0x3a
 5065 003e 0B       		.uleb128 0xb
 5066 003f 3B       		.uleb128 0x3b
 5067 0040 05       		.uleb128 0x5
 5068 0041 39       		.uleb128 0x39
 5069 0042 0B       		.uleb128 0xb
 5070 0043 49       		.uleb128 0x49
 5071 0044 13       		.uleb128 0x13
 5072 0045 38       		.uleb128 0x38
 5073 0046 0B       		.uleb128 0xb
ARM GAS  /tmp/ccwxRkBW.s 			page 90


 5074 0047 00       		.byte	0
 5075 0048 00       		.byte	0
 5076 0049 05       		.uleb128 0x5
 5077 004a 0F       		.uleb128 0xf
 5078 004b 00       		.byte	0
 5079 004c 0B       		.uleb128 0xb
 5080 004d 21       		.uleb128 0x21
 5081 004e 04       		.sleb128 4
 5082 004f 49       		.uleb128 0x49
 5083 0050 13       		.uleb128 0x13
 5084 0051 00       		.byte	0
 5085 0052 00       		.byte	0
 5086 0053 06       		.uleb128 0x6
 5087 0054 1D       		.uleb128 0x1d
 5088 0055 01       		.byte	0x1
 5089 0056 31       		.uleb128 0x31
 5090 0057 13       		.uleb128 0x13
 5091 0058 52       		.uleb128 0x52
 5092 0059 01       		.uleb128 0x1
 5093 005a B842     		.uleb128 0x2138
 5094 005c 0B       		.uleb128 0xb
 5095 005d 11       		.uleb128 0x11
 5096 005e 01       		.uleb128 0x1
 5097 005f 12       		.uleb128 0x12
 5098 0060 06       		.uleb128 0x6
 5099 0061 58       		.uleb128 0x58
 5100 0062 21       		.uleb128 0x21
 5101 0063 01       		.sleb128 1
 5102 0064 59       		.uleb128 0x59
 5103 0065 05       		.uleb128 0x5
 5104 0066 57       		.uleb128 0x57
 5105 0067 0B       		.uleb128 0xb
 5106 0068 01       		.uleb128 0x1
 5107 0069 13       		.uleb128 0x13
 5108 006a 00       		.byte	0
 5109 006b 00       		.byte	0
 5110 006c 07       		.uleb128 0x7
 5111 006d 05       		.uleb128 0x5
 5112 006e 00       		.byte	0
 5113 006f 31       		.uleb128 0x31
 5114 0070 13       		.uleb128 0x13
 5115 0071 02       		.uleb128 0x2
 5116 0072 17       		.uleb128 0x17
 5117 0073 B742     		.uleb128 0x2137
 5118 0075 17       		.uleb128 0x17
 5119 0076 00       		.byte	0
 5120 0077 00       		.byte	0
 5121 0078 08       		.uleb128 0x8
 5122 0079 05       		.uleb128 0x5
 5123 007a 00       		.byte	0
 5124 007b 03       		.uleb128 0x3
 5125 007c 0E       		.uleb128 0xe
 5126 007d 3A       		.uleb128 0x3a
 5127 007e 21       		.uleb128 0x21
 5128 007f 01       		.sleb128 1
 5129 0080 3B       		.uleb128 0x3b
 5130 0081 05       		.uleb128 0x5
ARM GAS  /tmp/ccwxRkBW.s 			page 91


 5131 0082 39       		.uleb128 0x39
 5132 0083 0B       		.uleb128 0xb
 5133 0084 49       		.uleb128 0x49
 5134 0085 13       		.uleb128 0x13
 5135 0086 02       		.uleb128 0x2
 5136 0087 17       		.uleb128 0x17
 5137 0088 B742     		.uleb128 0x2137
 5138 008a 17       		.uleb128 0x17
 5139 008b 00       		.byte	0
 5140 008c 00       		.byte	0
 5141 008d 09       		.uleb128 0x9
 5142 008e 13       		.uleb128 0x13
 5143 008f 01       		.byte	0x1
 5144 0090 03       		.uleb128 0x3
 5145 0091 0E       		.uleb128 0xe
 5146 0092 0B       		.uleb128 0xb
 5147 0093 0B       		.uleb128 0xb
 5148 0094 3A       		.uleb128 0x3a
 5149 0095 0B       		.uleb128 0xb
 5150 0096 3B       		.uleb128 0x3b
 5151 0097 0B       		.uleb128 0xb
 5152 0098 39       		.uleb128 0x39
 5153 0099 0B       		.uleb128 0xb
 5154 009a 01       		.uleb128 0x1
 5155 009b 13       		.uleb128 0x13
 5156 009c 00       		.byte	0
 5157 009d 00       		.byte	0
 5158 009e 0A       		.uleb128 0xa
 5159 009f 0D       		.uleb128 0xd
 5160 00a0 00       		.byte	0
 5161 00a1 03       		.uleb128 0x3
 5162 00a2 08       		.uleb128 0x8
 5163 00a3 3A       		.uleb128 0x3a
 5164 00a4 0B       		.uleb128 0xb
 5165 00a5 3B       		.uleb128 0x3b
 5166 00a6 05       		.uleb128 0x5
 5167 00a7 39       		.uleb128 0x39
 5168 00a8 0B       		.uleb128 0xb
 5169 00a9 49       		.uleb128 0x49
 5170 00aa 13       		.uleb128 0x13
 5171 00ab 38       		.uleb128 0x38
 5172 00ac 0B       		.uleb128 0xb
 5173 00ad 00       		.byte	0
 5174 00ae 00       		.byte	0
 5175 00af 0B       		.uleb128 0xb
 5176 00b0 49       		.uleb128 0x49
 5177 00b1 00       		.byte	0
 5178 00b2 02       		.uleb128 0x2
 5179 00b3 18       		.uleb128 0x18
 5180 00b4 7E       		.uleb128 0x7e
 5181 00b5 18       		.uleb128 0x18
 5182 00b6 00       		.byte	0
 5183 00b7 00       		.byte	0
 5184 00b8 0C       		.uleb128 0xc
 5185 00b9 24       		.uleb128 0x24
 5186 00ba 00       		.byte	0
 5187 00bb 0B       		.uleb128 0xb
ARM GAS  /tmp/ccwxRkBW.s 			page 92


 5188 00bc 0B       		.uleb128 0xb
 5189 00bd 3E       		.uleb128 0x3e
 5190 00be 0B       		.uleb128 0xb
 5191 00bf 03       		.uleb128 0x3
 5192 00c0 0E       		.uleb128 0xe
 5193 00c1 00       		.byte	0
 5194 00c2 00       		.byte	0
 5195 00c3 0D       		.uleb128 0xd
 5196 00c4 26       		.uleb128 0x26
 5197 00c5 00       		.byte	0
 5198 00c6 49       		.uleb128 0x49
 5199 00c7 13       		.uleb128 0x13
 5200 00c8 00       		.byte	0
 5201 00c9 00       		.byte	0
 5202 00ca 0E       		.uleb128 0xe
 5203 00cb 34       		.uleb128 0x34
 5204 00cc 00       		.byte	0
 5205 00cd 03       		.uleb128 0x3
 5206 00ce 0E       		.uleb128 0xe
 5207 00cf 49       		.uleb128 0x49
 5208 00d0 13       		.uleb128 0x13
 5209 00d1 34       		.uleb128 0x34
 5210 00d2 19       		.uleb128 0x19
 5211 00d3 00       		.byte	0
 5212 00d4 00       		.byte	0
 5213 00d5 0F       		.uleb128 0xf
 5214 00d6 01       		.uleb128 0x1
 5215 00d7 01       		.byte	0x1
 5216 00d8 49       		.uleb128 0x49
 5217 00d9 13       		.uleb128 0x13
 5218 00da 01       		.uleb128 0x1
 5219 00db 13       		.uleb128 0x13
 5220 00dc 00       		.byte	0
 5221 00dd 00       		.byte	0
 5222 00de 10       		.uleb128 0x10
 5223 00df 21       		.uleb128 0x21
 5224 00e0 00       		.byte	0
 5225 00e1 49       		.uleb128 0x49
 5226 00e2 13       		.uleb128 0x13
 5227 00e3 2F       		.uleb128 0x2f
 5228 00e4 0B       		.uleb128 0xb
 5229 00e5 00       		.byte	0
 5230 00e6 00       		.byte	0
 5231 00e7 11       		.uleb128 0x11
 5232 00e8 1D       		.uleb128 0x1d
 5233 00e9 00       		.byte	0
 5234 00ea 31       		.uleb128 0x31
 5235 00eb 13       		.uleb128 0x13
 5236 00ec 52       		.uleb128 0x52
 5237 00ed 01       		.uleb128 0x1
 5238 00ee B842     		.uleb128 0x2138
 5239 00f0 0B       		.uleb128 0xb
 5240 00f1 55       		.uleb128 0x55
 5241 00f2 17       		.uleb128 0x17
 5242 00f3 58       		.uleb128 0x58
 5243 00f4 0B       		.uleb128 0xb
 5244 00f5 59       		.uleb128 0x59
ARM GAS  /tmp/ccwxRkBW.s 			page 93


 5245 00f6 05       		.uleb128 0x5
 5246 00f7 57       		.uleb128 0x57
 5247 00f8 0B       		.uleb128 0xb
 5248 00f9 00       		.byte	0
 5249 00fa 00       		.byte	0
 5250 00fb 12       		.uleb128 0x12
 5251 00fc 2E       		.uleb128 0x2e
 5252 00fd 01       		.byte	0x1
 5253 00fe 3F       		.uleb128 0x3f
 5254 00ff 19       		.uleb128 0x19
 5255 0100 03       		.uleb128 0x3
 5256 0101 0E       		.uleb128 0xe
 5257 0102 3A       		.uleb128 0x3a
 5258 0103 21       		.uleb128 0x21
 5259 0104 01       		.sleb128 1
 5260 0105 3B       		.uleb128 0x3b
 5261 0106 05       		.uleb128 0x5
 5262 0107 39       		.uleb128 0x39
 5263 0108 0B       		.uleb128 0xb
 5264 0109 27       		.uleb128 0x27
 5265 010a 19       		.uleb128 0x19
 5266 010b 49       		.uleb128 0x49
 5267 010c 13       		.uleb128 0x13
 5268 010d 11       		.uleb128 0x11
 5269 010e 01       		.uleb128 0x1
 5270 010f 12       		.uleb128 0x12
 5271 0110 06       		.uleb128 0x6
 5272 0111 40       		.uleb128 0x40
 5273 0112 18       		.uleb128 0x18
 5274 0113 7A       		.uleb128 0x7a
 5275 0114 19       		.uleb128 0x19
 5276 0115 01       		.uleb128 0x1
 5277 0116 13       		.uleb128 0x13
 5278 0117 00       		.byte	0
 5279 0118 00       		.byte	0
 5280 0119 13       		.uleb128 0x13
 5281 011a 34       		.uleb128 0x34
 5282 011b 00       		.byte	0
 5283 011c 03       		.uleb128 0x3
 5284 011d 0E       		.uleb128 0xe
 5285 011e 3A       		.uleb128 0x3a
 5286 011f 21       		.uleb128 0x21
 5287 0120 01       		.sleb128 1
 5288 0121 3B       		.uleb128 0x3b
 5289 0122 05       		.uleb128 0x5
 5290 0123 39       		.uleb128 0x39
 5291 0124 0B       		.uleb128 0xb
 5292 0125 49       		.uleb128 0x49
 5293 0126 13       		.uleb128 0x13
 5294 0127 02       		.uleb128 0x2
 5295 0128 17       		.uleb128 0x17
 5296 0129 B742     		.uleb128 0x2137
 5297 012b 17       		.uleb128 0x17
 5298 012c 00       		.byte	0
 5299 012d 00       		.byte	0
 5300 012e 14       		.uleb128 0x14
 5301 012f 0D       		.uleb128 0xd
ARM GAS  /tmp/ccwxRkBW.s 			page 94


 5302 0130 00       		.byte	0
 5303 0131 03       		.uleb128 0x3
 5304 0132 0E       		.uleb128 0xe
 5305 0133 3A       		.uleb128 0x3a
 5306 0134 21       		.uleb128 0x21
 5307 0135 0A       		.sleb128 10
 5308 0136 3B       		.uleb128 0x3b
 5309 0137 05       		.uleb128 0x5
 5310 0138 39       		.uleb128 0x39
 5311 0139 0B       		.uleb128 0xb
 5312 013a 49       		.uleb128 0x49
 5313 013b 13       		.uleb128 0x13
 5314 013c 00       		.byte	0
 5315 013d 00       		.byte	0
 5316 013e 15       		.uleb128 0x15
 5317 013f 48       		.uleb128 0x48
 5318 0140 01       		.byte	0x1
 5319 0141 7D       		.uleb128 0x7d
 5320 0142 01       		.uleb128 0x1
 5321 0143 7F       		.uleb128 0x7f
 5322 0144 13       		.uleb128 0x13
 5323 0145 00       		.byte	0
 5324 0146 00       		.byte	0
 5325 0147 16       		.uleb128 0x16
 5326 0148 05       		.uleb128 0x5
 5327 0149 00       		.byte	0
 5328 014a 49       		.uleb128 0x49
 5329 014b 13       		.uleb128 0x13
 5330 014c 00       		.byte	0
 5331 014d 00       		.byte	0
 5332 014e 17       		.uleb128 0x17
 5333 014f 34       		.uleb128 0x34
 5334 0150 00       		.byte	0
 5335 0151 03       		.uleb128 0x3
 5336 0152 08       		.uleb128 0x8
 5337 0153 3A       		.uleb128 0x3a
 5338 0154 21       		.uleb128 0x21
 5339 0155 01       		.sleb128 1
 5340 0156 3B       		.uleb128 0x3b
 5341 0157 05       		.uleb128 0x5
 5342 0158 39       		.uleb128 0x39
 5343 0159 0B       		.uleb128 0xb
 5344 015a 49       		.uleb128 0x49
 5345 015b 13       		.uleb128 0x13
 5346 015c 02       		.uleb128 0x2
 5347 015d 17       		.uleb128 0x17
 5348 015e B742     		.uleb128 0x2137
 5349 0160 17       		.uleb128 0x17
 5350 0161 00       		.byte	0
 5351 0162 00       		.byte	0
 5352 0163 18       		.uleb128 0x18
 5353 0164 0B       		.uleb128 0xb
 5354 0165 01       		.byte	0x1
 5355 0166 55       		.uleb128 0x55
 5356 0167 17       		.uleb128 0x17
 5357 0168 00       		.byte	0
 5358 0169 00       		.byte	0
ARM GAS  /tmp/ccwxRkBW.s 			page 95


 5359 016a 19       		.uleb128 0x19
 5360 016b 34       		.uleb128 0x34
 5361 016c 00       		.byte	0
 5362 016d 31       		.uleb128 0x31
 5363 016e 13       		.uleb128 0x13
 5364 016f 02       		.uleb128 0x2
 5365 0170 17       		.uleb128 0x17
 5366 0171 B742     		.uleb128 0x2137
 5367 0173 17       		.uleb128 0x17
 5368 0174 00       		.byte	0
 5369 0175 00       		.byte	0
 5370 0176 1A       		.uleb128 0x1a
 5371 0177 05       		.uleb128 0x5
 5372 0178 00       		.byte	0
 5373 0179 03       		.uleb128 0x3
 5374 017a 08       		.uleb128 0x8
 5375 017b 3A       		.uleb128 0x3a
 5376 017c 21       		.uleb128 0x21
 5377 017d 01       		.sleb128 1
 5378 017e 3B       		.uleb128 0x3b
 5379 017f 0B       		.uleb128 0xb
 5380 0180 39       		.uleb128 0x39
 5381 0181 0B       		.uleb128 0xb
 5382 0182 49       		.uleb128 0x49
 5383 0183 13       		.uleb128 0x13
 5384 0184 02       		.uleb128 0x2
 5385 0185 18       		.uleb128 0x18
 5386 0186 00       		.byte	0
 5387 0187 00       		.byte	0
 5388 0188 1B       		.uleb128 0x1b
 5389 0189 13       		.uleb128 0x13
 5390 018a 01       		.byte	0x1
 5391 018b 03       		.uleb128 0x3
 5392 018c 0E       		.uleb128 0xe
 5393 018d 0B       		.uleb128 0xb
 5394 018e 0B       		.uleb128 0xb
 5395 018f 3A       		.uleb128 0x3a
 5396 0190 0B       		.uleb128 0xb
 5397 0191 3B       		.uleb128 0x3b
 5398 0192 05       		.uleb128 0x5
 5399 0193 39       		.uleb128 0x39
 5400 0194 0B       		.uleb128 0xb
 5401 0195 01       		.uleb128 0x1
 5402 0196 13       		.uleb128 0x13
 5403 0197 00       		.byte	0
 5404 0198 00       		.byte	0
 5405 0199 1C       		.uleb128 0x1c
 5406 019a 05       		.uleb128 0x5
 5407 019b 00       		.byte	0
 5408 019c 03       		.uleb128 0x3
 5409 019d 08       		.uleb128 0x8
 5410 019e 3A       		.uleb128 0x3a
 5411 019f 21       		.uleb128 0x21
 5412 01a0 01       		.sleb128 1
 5413 01a1 3B       		.uleb128 0x3b
 5414 01a2 05       		.uleb128 0x5
 5415 01a3 39       		.uleb128 0x39
ARM GAS  /tmp/ccwxRkBW.s 			page 96


 5416 01a4 0B       		.uleb128 0xb
 5417 01a5 49       		.uleb128 0x49
 5418 01a6 13       		.uleb128 0x13
 5419 01a7 02       		.uleb128 0x2
 5420 01a8 17       		.uleb128 0x17
 5421 01a9 B742     		.uleb128 0x2137
 5422 01ab 17       		.uleb128 0x17
 5423 01ac 00       		.byte	0
 5424 01ad 00       		.byte	0
 5425 01ae 1D       		.uleb128 0x1d
 5426 01af 2E       		.uleb128 0x2e
 5427 01b0 01       		.byte	0x1
 5428 01b1 3F       		.uleb128 0x3f
 5429 01b2 19       		.uleb128 0x19
 5430 01b3 03       		.uleb128 0x3
 5431 01b4 0E       		.uleb128 0xe
 5432 01b5 3A       		.uleb128 0x3a
 5433 01b6 21       		.uleb128 0x21
 5434 01b7 01       		.sleb128 1
 5435 01b8 3B       		.uleb128 0x3b
 5436 01b9 05       		.uleb128 0x5
 5437 01ba 39       		.uleb128 0x39
 5438 01bb 21       		.uleb128 0x21
 5439 01bc 06       		.sleb128 6
 5440 01bd 27       		.uleb128 0x27
 5441 01be 19       		.uleb128 0x19
 5442 01bf 11       		.uleb128 0x11
 5443 01c0 01       		.uleb128 0x1
 5444 01c1 12       		.uleb128 0x12
 5445 01c2 06       		.uleb128 0x6
 5446 01c3 40       		.uleb128 0x40
 5447 01c4 18       		.uleb128 0x18
 5448 01c5 7A       		.uleb128 0x7a
 5449 01c6 19       		.uleb128 0x19
 5450 01c7 01       		.uleb128 0x1
 5451 01c8 13       		.uleb128 0x13
 5452 01c9 00       		.byte	0
 5453 01ca 00       		.byte	0
 5454 01cb 1E       		.uleb128 0x1e
 5455 01cc 2E       		.uleb128 0x2e
 5456 01cd 01       		.byte	0x1
 5457 01ce 3F       		.uleb128 0x3f
 5458 01cf 19       		.uleb128 0x19
 5459 01d0 03       		.uleb128 0x3
 5460 01d1 0E       		.uleb128 0xe
 5461 01d2 3A       		.uleb128 0x3a
 5462 01d3 21       		.uleb128 0x21
 5463 01d4 01       		.sleb128 1
 5464 01d5 3B       		.uleb128 0x3b
 5465 01d6 0B       		.uleb128 0xb
 5466 01d7 39       		.uleb128 0x39
 5467 01d8 21       		.uleb128 0x21
 5468 01d9 06       		.sleb128 6
 5469 01da 27       		.uleb128 0x27
 5470 01db 19       		.uleb128 0x19
 5471 01dc 11       		.uleb128 0x11
 5472 01dd 01       		.uleb128 0x1
ARM GAS  /tmp/ccwxRkBW.s 			page 97


 5473 01de 12       		.uleb128 0x12
 5474 01df 06       		.uleb128 0x6
 5475 01e0 40       		.uleb128 0x40
 5476 01e1 18       		.uleb128 0x18
 5477 01e2 7A       		.uleb128 0x7a
 5478 01e3 19       		.uleb128 0x19
 5479 01e4 01       		.uleb128 0x1
 5480 01e5 13       		.uleb128 0x13
 5481 01e6 00       		.byte	0
 5482 01e7 00       		.byte	0
 5483 01e8 1F       		.uleb128 0x1f
 5484 01e9 05       		.uleb128 0x5
 5485 01ea 00       		.byte	0
 5486 01eb 31       		.uleb128 0x31
 5487 01ec 13       		.uleb128 0x13
 5488 01ed 02       		.uleb128 0x2
 5489 01ee 18       		.uleb128 0x18
 5490 01ef 00       		.byte	0
 5491 01f0 00       		.byte	0
 5492 01f1 20       		.uleb128 0x20
 5493 01f2 35       		.uleb128 0x35
 5494 01f3 00       		.byte	0
 5495 01f4 49       		.uleb128 0x49
 5496 01f5 13       		.uleb128 0x13
 5497 01f6 00       		.byte	0
 5498 01f7 00       		.byte	0
 5499 01f8 21       		.uleb128 0x21
 5500 01f9 0D       		.uleb128 0xd
 5501 01fa 00       		.byte	0
 5502 01fb 03       		.uleb128 0x3
 5503 01fc 08       		.uleb128 0x8
 5504 01fd 3A       		.uleb128 0x3a
 5505 01fe 0B       		.uleb128 0xb
 5506 01ff 3B       		.uleb128 0x3b
 5507 0200 0B       		.uleb128 0xb
 5508 0201 39       		.uleb128 0x39
 5509 0202 0B       		.uleb128 0xb
 5510 0203 49       		.uleb128 0x49
 5511 0204 13       		.uleb128 0x13
 5512 0205 38       		.uleb128 0x38
 5513 0206 0B       		.uleb128 0xb
 5514 0207 00       		.byte	0
 5515 0208 00       		.byte	0
 5516 0209 22       		.uleb128 0x22
 5517 020a 0D       		.uleb128 0xd
 5518 020b 00       		.byte	0
 5519 020c 03       		.uleb128 0x3
 5520 020d 0E       		.uleb128 0xe
 5521 020e 3A       		.uleb128 0x3a
 5522 020f 21       		.uleb128 0x21
 5523 0210 0A       		.sleb128 10
 5524 0211 3B       		.uleb128 0x3b
 5525 0212 0B       		.uleb128 0xb
 5526 0213 39       		.uleb128 0x39
 5527 0214 21       		.uleb128 0x21
 5528 0215 21       		.sleb128 33
 5529 0216 49       		.uleb128 0x49
ARM GAS  /tmp/ccwxRkBW.s 			page 98


 5530 0217 13       		.uleb128 0x13
 5531 0218 00       		.byte	0
 5532 0219 00       		.byte	0
 5533 021a 23       		.uleb128 0x23
 5534 021b 1D       		.uleb128 0x1d
 5535 021c 01       		.byte	0x1
 5536 021d 31       		.uleb128 0x31
 5537 021e 13       		.uleb128 0x13
 5538 021f 52       		.uleb128 0x52
 5539 0220 01       		.uleb128 0x1
 5540 0221 B842     		.uleb128 0x2138
 5541 0223 0B       		.uleb128 0xb
 5542 0224 55       		.uleb128 0x55
 5543 0225 17       		.uleb128 0x17
 5544 0226 58       		.uleb128 0x58
 5545 0227 21       		.uleb128 0x21
 5546 0228 01       		.sleb128 1
 5547 0229 59       		.uleb128 0x59
 5548 022a 05       		.uleb128 0x5
 5549 022b 57       		.uleb128 0x57
 5550 022c 21       		.uleb128 0x21
 5551 022d 03       		.sleb128 3
 5552 022e 01       		.uleb128 0x1
 5553 022f 13       		.uleb128 0x13
 5554 0230 00       		.byte	0
 5555 0231 00       		.byte	0
 5556 0232 24       		.uleb128 0x24
 5557 0233 48       		.uleb128 0x48
 5558 0234 00       		.byte	0
 5559 0235 7D       		.uleb128 0x7d
 5560 0236 01       		.uleb128 0x1
 5561 0237 7F       		.uleb128 0x7f
 5562 0238 13       		.uleb128 0x13
 5563 0239 00       		.byte	0
 5564 023a 00       		.byte	0
 5565 023b 25       		.uleb128 0x25
 5566 023c 05       		.uleb128 0x5
 5567 023d 00       		.byte	0
 5568 023e 31       		.uleb128 0x31
 5569 023f 13       		.uleb128 0x13
 5570 0240 00       		.byte	0
 5571 0241 00       		.byte	0
 5572 0242 26       		.uleb128 0x26
 5573 0243 1D       		.uleb128 0x1d
 5574 0244 01       		.byte	0x1
 5575 0245 31       		.uleb128 0x31
 5576 0246 13       		.uleb128 0x13
 5577 0247 52       		.uleb128 0x52
 5578 0248 01       		.uleb128 0x1
 5579 0249 B842     		.uleb128 0x2138
 5580 024b 0B       		.uleb128 0xb
 5581 024c 55       		.uleb128 0x55
 5582 024d 17       		.uleb128 0x17
 5583 024e 58       		.uleb128 0x58
 5584 024f 21       		.uleb128 0x21
 5585 0250 01       		.sleb128 1
 5586 0251 59       		.uleb128 0x59
ARM GAS  /tmp/ccwxRkBW.s 			page 99


 5587 0252 21       		.uleb128 0x21
 5588 0253 D402     		.sleb128 340
 5589 0255 57       		.uleb128 0x57
 5590 0256 21       		.uleb128 0x21
 5591 0257 06       		.sleb128 6
 5592 0258 00       		.byte	0
 5593 0259 00       		.byte	0
 5594 025a 27       		.uleb128 0x27
 5595 025b 1D       		.uleb128 0x1d
 5596 025c 01       		.byte	0x1
 5597 025d 31       		.uleb128 0x31
 5598 025e 13       		.uleb128 0x13
 5599 025f 52       		.uleb128 0x52
 5600 0260 01       		.uleb128 0x1
 5601 0261 B842     		.uleb128 0x2138
 5602 0263 0B       		.uleb128 0xb
 5603 0264 11       		.uleb128 0x11
 5604 0265 01       		.uleb128 0x1
 5605 0266 12       		.uleb128 0x12
 5606 0267 06       		.uleb128 0x6
 5607 0268 58       		.uleb128 0x58
 5608 0269 21       		.uleb128 0x21
 5609 026a 01       		.sleb128 1
 5610 026b 59       		.uleb128 0x59
 5611 026c 05       		.uleb128 0x5
 5612 026d 57       		.uleb128 0x57
 5613 026e 21       		.uleb128 0x21
 5614 026f 03       		.sleb128 3
 5615 0270 00       		.byte	0
 5616 0271 00       		.byte	0
 5617 0272 28       		.uleb128 0x28
 5618 0273 05       		.uleb128 0x5
 5619 0274 00       		.byte	0
 5620 0275 03       		.uleb128 0x3
 5621 0276 0E       		.uleb128 0xe
 5622 0277 3A       		.uleb128 0x3a
 5623 0278 21       		.uleb128 0x21
 5624 0279 01       		.sleb128 1
 5625 027a 3B       		.uleb128 0x3b
 5626 027b 0B       		.uleb128 0xb
 5627 027c 39       		.uleb128 0x39
 5628 027d 0B       		.uleb128 0xb
 5629 027e 49       		.uleb128 0x49
 5630 027f 13       		.uleb128 0x13
 5631 0280 00       		.byte	0
 5632 0281 00       		.byte	0
 5633 0282 29       		.uleb128 0x29
 5634 0283 2E       		.uleb128 0x2e
 5635 0284 00       		.byte	0
 5636 0285 03       		.uleb128 0x3
 5637 0286 0E       		.uleb128 0xe
 5638 0287 3A       		.uleb128 0x3a
 5639 0288 0B       		.uleb128 0xb
 5640 0289 3B       		.uleb128 0x3b
 5641 028a 05       		.uleb128 0x5
 5642 028b 39       		.uleb128 0x39
 5643 028c 21       		.uleb128 0x21
ARM GAS  /tmp/ccwxRkBW.s 			page 100


 5644 028d 14       		.sleb128 20
 5645 028e 27       		.uleb128 0x27
 5646 028f 19       		.uleb128 0x19
 5647 0290 20       		.uleb128 0x20
 5648 0291 21       		.uleb128 0x21
 5649 0292 03       		.sleb128 3
 5650 0293 00       		.byte	0
 5651 0294 00       		.byte	0
 5652 0295 2A       		.uleb128 0x2a
 5653 0296 15       		.uleb128 0x15
 5654 0297 01       		.byte	0x1
 5655 0298 27       		.uleb128 0x27
 5656 0299 19       		.uleb128 0x19
 5657 029a 01       		.uleb128 0x1
 5658 029b 13       		.uleb128 0x13
 5659 029c 00       		.byte	0
 5660 029d 00       		.byte	0
 5661 029e 2B       		.uleb128 0x2b
 5662 029f 17       		.uleb128 0x17
 5663 02a0 01       		.byte	0x1
 5664 02a1 0B       		.uleb128 0xb
 5665 02a2 0B       		.uleb128 0xb
 5666 02a3 3A       		.uleb128 0x3a
 5667 02a4 21       		.uleb128 0x21
 5668 02a5 0A       		.sleb128 10
 5669 02a6 3B       		.uleb128 0x3b
 5670 02a7 0B       		.uleb128 0xb
 5671 02a8 39       		.uleb128 0x39
 5672 02a9 21       		.uleb128 0x21
 5673 02aa 03       		.sleb128 3
 5674 02ab 01       		.uleb128 0x1
 5675 02ac 13       		.uleb128 0x13
 5676 02ad 00       		.byte	0
 5677 02ae 00       		.byte	0
 5678 02af 2C       		.uleb128 0x2c
 5679 02b0 16       		.uleb128 0x16
 5680 02b1 00       		.byte	0
 5681 02b2 03       		.uleb128 0x3
 5682 02b3 0E       		.uleb128 0xe
 5683 02b4 3A       		.uleb128 0x3a
 5684 02b5 21       		.uleb128 0x21
 5685 02b6 0A       		.sleb128 10
 5686 02b7 3B       		.uleb128 0x3b
 5687 02b8 05       		.uleb128 0x5
 5688 02b9 39       		.uleb128 0x39
 5689 02ba 21       		.uleb128 0x21
 5690 02bb 03       		.sleb128 3
 5691 02bc 49       		.uleb128 0x49
 5692 02bd 13       		.uleb128 0x13
 5693 02be 00       		.byte	0
 5694 02bf 00       		.byte	0
 5695 02c0 2D       		.uleb128 0x2d
 5696 02c1 2E       		.uleb128 0x2e
 5697 02c2 01       		.byte	0x1
 5698 02c3 3F       		.uleb128 0x3f
 5699 02c4 19       		.uleb128 0x19
 5700 02c5 03       		.uleb128 0x3
ARM GAS  /tmp/ccwxRkBW.s 			page 101


 5701 02c6 0E       		.uleb128 0xe
 5702 02c7 3A       		.uleb128 0x3a
 5703 02c8 21       		.uleb128 0x21
 5704 02c9 11       		.sleb128 17
 5705 02ca 3B       		.uleb128 0x3b
 5706 02cb 0B       		.uleb128 0xb
 5707 02cc 39       		.uleb128 0x39
 5708 02cd 0B       		.uleb128 0xb
 5709 02ce 27       		.uleb128 0x27
 5710 02cf 19       		.uleb128 0x19
 5711 02d0 49       		.uleb128 0x49
 5712 02d1 13       		.uleb128 0x13
 5713 02d2 3C       		.uleb128 0x3c
 5714 02d3 19       		.uleb128 0x19
 5715 02d4 01       		.uleb128 0x1
 5716 02d5 13       		.uleb128 0x13
 5717 02d6 00       		.byte	0
 5718 02d7 00       		.byte	0
 5719 02d8 2E       		.uleb128 0x2e
 5720 02d9 48       		.uleb128 0x48
 5721 02da 01       		.byte	0x1
 5722 02db 7D       		.uleb128 0x7d
 5723 02dc 01       		.uleb128 0x1
 5724 02dd 7F       		.uleb128 0x7f
 5725 02de 13       		.uleb128 0x13
 5726 02df 01       		.uleb128 0x1
 5727 02e0 13       		.uleb128 0x13
 5728 02e1 00       		.byte	0
 5729 02e2 00       		.byte	0
 5730 02e3 2F       		.uleb128 0x2f
 5731 02e4 05       		.uleb128 0x5
 5732 02e5 00       		.byte	0
 5733 02e6 03       		.uleb128 0x3
 5734 02e7 0E       		.uleb128 0xe
 5735 02e8 3A       		.uleb128 0x3a
 5736 02e9 0B       		.uleb128 0xb
 5737 02ea 3B       		.uleb128 0x3b
 5738 02eb 05       		.uleb128 0x5
 5739 02ec 39       		.uleb128 0x39
 5740 02ed 0B       		.uleb128 0xb
 5741 02ee 49       		.uleb128 0x49
 5742 02ef 13       		.uleb128 0x13
 5743 02f0 00       		.byte	0
 5744 02f1 00       		.byte	0
 5745 02f2 30       		.uleb128 0x30
 5746 02f3 34       		.uleb128 0x34
 5747 02f4 00       		.byte	0
 5748 02f5 03       		.uleb128 0x3
 5749 02f6 08       		.uleb128 0x8
 5750 02f7 3A       		.uleb128 0x3a
 5751 02f8 21       		.uleb128 0x21
 5752 02f9 01       		.sleb128 1
 5753 02fa 3B       		.uleb128 0x3b
 5754 02fb 0B       		.uleb128 0xb
 5755 02fc 39       		.uleb128 0x39
 5756 02fd 0B       		.uleb128 0xb
 5757 02fe 49       		.uleb128 0x49
ARM GAS  /tmp/ccwxRkBW.s 			page 102


 5758 02ff 13       		.uleb128 0x13
 5759 0300 02       		.uleb128 0x2
 5760 0301 17       		.uleb128 0x17
 5761 0302 B742     		.uleb128 0x2137
 5762 0304 17       		.uleb128 0x17
 5763 0305 00       		.byte	0
 5764 0306 00       		.byte	0
 5765 0307 31       		.uleb128 0x31
 5766 0308 1D       		.uleb128 0x1d
 5767 0309 01       		.byte	0x1
 5768 030a 31       		.uleb128 0x31
 5769 030b 13       		.uleb128 0x13
 5770 030c 52       		.uleb128 0x52
 5771 030d 01       		.uleb128 0x1
 5772 030e B842     		.uleb128 0x2138
 5773 0310 0B       		.uleb128 0xb
 5774 0311 11       		.uleb128 0x11
 5775 0312 01       		.uleb128 0x1
 5776 0313 12       		.uleb128 0x12
 5777 0314 06       		.uleb128 0x6
 5778 0315 58       		.uleb128 0x58
 5779 0316 21       		.uleb128 0x21
 5780 0317 01       		.sleb128 1
 5781 0318 59       		.uleb128 0x59
 5782 0319 0B       		.uleb128 0xb
 5783 031a 57       		.uleb128 0x57
 5784 031b 21       		.uleb128 0x21
 5785 031c 03       		.sleb128 3
 5786 031d 01       		.uleb128 0x1
 5787 031e 13       		.uleb128 0x13
 5788 031f 00       		.byte	0
 5789 0320 00       		.byte	0
 5790 0321 32       		.uleb128 0x32
 5791 0322 1D       		.uleb128 0x1d
 5792 0323 00       		.byte	0
 5793 0324 31       		.uleb128 0x31
 5794 0325 13       		.uleb128 0x13
 5795 0326 52       		.uleb128 0x52
 5796 0327 01       		.uleb128 0x1
 5797 0328 B842     		.uleb128 0x2138
 5798 032a 0B       		.uleb128 0xb
 5799 032b 11       		.uleb128 0x11
 5800 032c 01       		.uleb128 0x1
 5801 032d 12       		.uleb128 0x12
 5802 032e 06       		.uleb128 0x6
 5803 032f 58       		.uleb128 0x58
 5804 0330 21       		.uleb128 0x21
 5805 0331 01       		.sleb128 1
 5806 0332 59       		.uleb128 0x59
 5807 0333 0B       		.uleb128 0xb
 5808 0334 57       		.uleb128 0x57
 5809 0335 21       		.uleb128 0x21
 5810 0336 16       		.sleb128 22
 5811 0337 00       		.byte	0
 5812 0338 00       		.byte	0
 5813 0339 33       		.uleb128 0x33
 5814 033a 34       		.uleb128 0x34
ARM GAS  /tmp/ccwxRkBW.s 			page 103


 5815 033b 00       		.byte	0
 5816 033c 03       		.uleb128 0x3
 5817 033d 0E       		.uleb128 0xe
 5818 033e 3A       		.uleb128 0x3a
 5819 033f 21       		.uleb128 0x21
 5820 0340 01       		.sleb128 1
 5821 0341 3B       		.uleb128 0x3b
 5822 0342 0B       		.uleb128 0xb
 5823 0343 39       		.uleb128 0x39
 5824 0344 21       		.uleb128 0x21
 5825 0345 0D       		.sleb128 13
 5826 0346 49       		.uleb128 0x49
 5827 0347 13       		.uleb128 0x13
 5828 0348 00       		.byte	0
 5829 0349 00       		.byte	0
 5830 034a 34       		.uleb128 0x34
 5831 034b 1D       		.uleb128 0x1d
 5832 034c 01       		.byte	0x1
 5833 034d 31       		.uleb128 0x31
 5834 034e 13       		.uleb128 0x13
 5835 034f 52       		.uleb128 0x52
 5836 0350 01       		.uleb128 0x1
 5837 0351 B842     		.uleb128 0x2138
 5838 0353 0B       		.uleb128 0xb
 5839 0354 55       		.uleb128 0x55
 5840 0355 17       		.uleb128 0x17
 5841 0356 58       		.uleb128 0x58
 5842 0357 21       		.uleb128 0x21
 5843 0358 01       		.sleb128 1
 5844 0359 59       		.uleb128 0x59
 5845 035a 0B       		.uleb128 0xb
 5846 035b 57       		.uleb128 0x57
 5847 035c 21       		.uleb128 0x21
 5848 035d 03       		.sleb128 3
 5849 035e 01       		.uleb128 0x1
 5850 035f 13       		.uleb128 0x13
 5851 0360 00       		.byte	0
 5852 0361 00       		.byte	0
 5853 0362 35       		.uleb128 0x35
 5854 0363 05       		.uleb128 0x5
 5855 0364 00       		.byte	0
 5856 0365 03       		.uleb128 0x3
 5857 0366 0E       		.uleb128 0xe
 5858 0367 3A       		.uleb128 0x3a
 5859 0368 21       		.uleb128 0x21
 5860 0369 01       		.sleb128 1
 5861 036a 3B       		.uleb128 0x3b
 5862 036b 0B       		.uleb128 0xb
 5863 036c 39       		.uleb128 0x39
 5864 036d 0B       		.uleb128 0xb
 5865 036e 49       		.uleb128 0x49
 5866 036f 13       		.uleb128 0x13
 5867 0370 02       		.uleb128 0x2
 5868 0371 18       		.uleb128 0x18
 5869 0372 00       		.byte	0
 5870 0373 00       		.byte	0
 5871 0374 36       		.uleb128 0x36
ARM GAS  /tmp/ccwxRkBW.s 			page 104


 5872 0375 1D       		.uleb128 0x1d
 5873 0376 00       		.byte	0
 5874 0377 31       		.uleb128 0x31
 5875 0378 13       		.uleb128 0x13
 5876 0379 52       		.uleb128 0x52
 5877 037a 01       		.uleb128 0x1
 5878 037b B842     		.uleb128 0x2138
 5879 037d 0B       		.uleb128 0xb
 5880 037e 55       		.uleb128 0x55
 5881 037f 17       		.uleb128 0x17
 5882 0380 58       		.uleb128 0x58
 5883 0381 21       		.uleb128 0x21
 5884 0382 01       		.sleb128 1
 5885 0383 59       		.uleb128 0x59
 5886 0384 0B       		.uleb128 0xb
 5887 0385 57       		.uleb128 0x57
 5888 0386 21       		.uleb128 0x21
 5889 0387 16       		.sleb128 22
 5890 0388 00       		.byte	0
 5891 0389 00       		.byte	0
 5892 038a 37       		.uleb128 0x37
 5893 038b 05       		.uleb128 0x5
 5894 038c 00       		.byte	0
 5895 038d 03       		.uleb128 0x3
 5896 038e 08       		.uleb128 0x8
 5897 038f 3A       		.uleb128 0x3a
 5898 0390 21       		.uleb128 0x21
 5899 0391 01       		.sleb128 1
 5900 0392 3B       		.uleb128 0x3b
 5901 0393 0B       		.uleb128 0xb
 5902 0394 39       		.uleb128 0x39
 5903 0395 0B       		.uleb128 0xb
 5904 0396 49       		.uleb128 0x49
 5905 0397 13       		.uleb128 0x13
 5906 0398 00       		.byte	0
 5907 0399 00       		.byte	0
 5908 039a 38       		.uleb128 0x38
 5909 039b 2E       		.uleb128 0x2e
 5910 039c 01       		.byte	0x1
 5911 039d 31       		.uleb128 0x31
 5912 039e 13       		.uleb128 0x13
 5913 039f 11       		.uleb128 0x11
 5914 03a0 01       		.uleb128 0x1
 5915 03a1 12       		.uleb128 0x12
 5916 03a2 06       		.uleb128 0x6
 5917 03a3 40       		.uleb128 0x40
 5918 03a4 18       		.uleb128 0x18
 5919 03a5 7A       		.uleb128 0x7a
 5920 03a6 19       		.uleb128 0x19
 5921 03a7 01       		.uleb128 0x1
 5922 03a8 13       		.uleb128 0x13
 5923 03a9 00       		.byte	0
 5924 03aa 00       		.byte	0
 5925 03ab 39       		.uleb128 0x39
 5926 03ac 11       		.uleb128 0x11
 5927 03ad 01       		.byte	0x1
 5928 03ae 25       		.uleb128 0x25
ARM GAS  /tmp/ccwxRkBW.s 			page 105


 5929 03af 0E       		.uleb128 0xe
 5930 03b0 13       		.uleb128 0x13
 5931 03b1 0B       		.uleb128 0xb
 5932 03b2 03       		.uleb128 0x3
 5933 03b3 0E       		.uleb128 0xe
 5934 03b4 1B       		.uleb128 0x1b
 5935 03b5 0E       		.uleb128 0xe
 5936 03b6 55       		.uleb128 0x55
 5937 03b7 17       		.uleb128 0x17
 5938 03b8 11       		.uleb128 0x11
 5939 03b9 01       		.uleb128 0x1
 5940 03ba 10       		.uleb128 0x10
 5941 03bb 17       		.uleb128 0x17
 5942 03bc 00       		.byte	0
 5943 03bd 00       		.byte	0
 5944 03be 3A       		.uleb128 0x3a
 5945 03bf 24       		.uleb128 0x24
 5946 03c0 00       		.byte	0
 5947 03c1 0B       		.uleb128 0xb
 5948 03c2 0B       		.uleb128 0xb
 5949 03c3 3E       		.uleb128 0x3e
 5950 03c4 0B       		.uleb128 0xb
 5951 03c5 03       		.uleb128 0x3
 5952 03c6 08       		.uleb128 0x8
 5953 03c7 00       		.byte	0
 5954 03c8 00       		.byte	0
 5955 03c9 3B       		.uleb128 0x3b
 5956 03ca 0F       		.uleb128 0xf
 5957 03cb 00       		.byte	0
 5958 03cc 0B       		.uleb128 0xb
 5959 03cd 0B       		.uleb128 0xb
 5960 03ce 00       		.byte	0
 5961 03cf 00       		.byte	0
 5962 03d0 3C       		.uleb128 0x3c
 5963 03d1 34       		.uleb128 0x34
 5964 03d2 00       		.byte	0
 5965 03d3 03       		.uleb128 0x3
 5966 03d4 08       		.uleb128 0x8
 5967 03d5 3A       		.uleb128 0x3a
 5968 03d6 0B       		.uleb128 0xb
 5969 03d7 3B       		.uleb128 0x3b
 5970 03d8 05       		.uleb128 0x5
 5971 03d9 39       		.uleb128 0x39
 5972 03da 0B       		.uleb128 0xb
 5973 03db 49       		.uleb128 0x49
 5974 03dc 13       		.uleb128 0x13
 5975 03dd 3F       		.uleb128 0x3f
 5976 03de 19       		.uleb128 0x19
 5977 03df 3C       		.uleb128 0x3c
 5978 03e0 19       		.uleb128 0x19
 5979 03e1 00       		.byte	0
 5980 03e2 00       		.byte	0
 5981 03e3 3D       		.uleb128 0x3d
 5982 03e4 2E       		.uleb128 0x2e
 5983 03e5 01       		.byte	0x1
 5984 03e6 3F       		.uleb128 0x3f
 5985 03e7 19       		.uleb128 0x19
ARM GAS  /tmp/ccwxRkBW.s 			page 106


 5986 03e8 03       		.uleb128 0x3
 5987 03e9 0E       		.uleb128 0xe
 5988 03ea 3A       		.uleb128 0x3a
 5989 03eb 0B       		.uleb128 0xb
 5990 03ec 3B       		.uleb128 0x3b
 5991 03ed 0B       		.uleb128 0xb
 5992 03ee 39       		.uleb128 0x39
 5993 03ef 0B       		.uleb128 0xb
 5994 03f0 27       		.uleb128 0x27
 5995 03f1 19       		.uleb128 0x19
 5996 03f2 3C       		.uleb128 0x3c
 5997 03f3 19       		.uleb128 0x19
 5998 03f4 01       		.uleb128 0x1
 5999 03f5 13       		.uleb128 0x13
 6000 03f6 00       		.byte	0
 6001 03f7 00       		.byte	0
 6002 03f8 3E       		.uleb128 0x3e
 6003 03f9 2E       		.uleb128 0x2e
 6004 03fa 00       		.byte	0
 6005 03fb 3F       		.uleb128 0x3f
 6006 03fc 19       		.uleb128 0x19
 6007 03fd 03       		.uleb128 0x3
 6008 03fe 0E       		.uleb128 0xe
 6009 03ff 3A       		.uleb128 0x3a
 6010 0400 0B       		.uleb128 0xb
 6011 0401 3B       		.uleb128 0x3b
 6012 0402 0B       		.uleb128 0xb
 6013 0403 39       		.uleb128 0x39
 6014 0404 0B       		.uleb128 0xb
 6015 0405 27       		.uleb128 0x27
 6016 0406 19       		.uleb128 0x19
 6017 0407 3C       		.uleb128 0x3c
 6018 0408 19       		.uleb128 0x19
 6019 0409 00       		.byte	0
 6020 040a 00       		.byte	0
 6021 040b 3F       		.uleb128 0x3f
 6022 040c 48       		.uleb128 0x48
 6023 040d 01       		.byte	0x1
 6024 040e 7D       		.uleb128 0x7d
 6025 040f 01       		.uleb128 0x1
 6026 0410 00       		.byte	0
 6027 0411 00       		.byte	0
 6028 0412 40       		.uleb128 0x40
 6029 0413 1D       		.uleb128 0x1d
 6030 0414 01       		.byte	0x1
 6031 0415 31       		.uleb128 0x31
 6032 0416 13       		.uleb128 0x13
 6033 0417 55       		.uleb128 0x55
 6034 0418 17       		.uleb128 0x17
 6035 0419 58       		.uleb128 0x58
 6036 041a 0B       		.uleb128 0xb
 6037 041b 59       		.uleb128 0x59
 6038 041c 05       		.uleb128 0x5
 6039 041d 57       		.uleb128 0x57
 6040 041e 0B       		.uleb128 0xb
 6041 041f 00       		.byte	0
 6042 0420 00       		.byte	0
ARM GAS  /tmp/ccwxRkBW.s 			page 107


 6043 0421 41       		.uleb128 0x41
 6044 0422 2E       		.uleb128 0x2e
 6045 0423 01       		.byte	0x1
 6046 0424 3F       		.uleb128 0x3f
 6047 0425 19       		.uleb128 0x19
 6048 0426 03       		.uleb128 0x3
 6049 0427 0E       		.uleb128 0xe
 6050 0428 3A       		.uleb128 0x3a
 6051 0429 0B       		.uleb128 0xb
 6052 042a 3B       		.uleb128 0x3b
 6053 042b 05       		.uleb128 0x5
 6054 042c 39       		.uleb128 0x39
 6055 042d 0B       		.uleb128 0xb
 6056 042e 27       		.uleb128 0x27
 6057 042f 19       		.uleb128 0x19
 6058 0430 20       		.uleb128 0x20
 6059 0431 0B       		.uleb128 0xb
 6060 0432 01       		.uleb128 0x1
 6061 0433 13       		.uleb128 0x13
 6062 0434 00       		.byte	0
 6063 0435 00       		.byte	0
 6064 0436 42       		.uleb128 0x42
 6065 0437 05       		.uleb128 0x5
 6066 0438 00       		.byte	0
 6067 0439 03       		.uleb128 0x3
 6068 043a 08       		.uleb128 0x8
 6069 043b 3A       		.uleb128 0x3a
 6070 043c 0B       		.uleb128 0xb
 6071 043d 3B       		.uleb128 0x3b
 6072 043e 05       		.uleb128 0x5
 6073 043f 39       		.uleb128 0x39
 6074 0440 0B       		.uleb128 0xb
 6075 0441 49       		.uleb128 0x49
 6076 0442 13       		.uleb128 0x13
 6077 0443 00       		.byte	0
 6078 0444 00       		.byte	0
 6079 0445 43       		.uleb128 0x43
 6080 0446 34       		.uleb128 0x34
 6081 0447 00       		.byte	0
 6082 0448 03       		.uleb128 0x3
 6083 0449 0E       		.uleb128 0xe
 6084 044a 3A       		.uleb128 0x3a
 6085 044b 0B       		.uleb128 0xb
 6086 044c 3B       		.uleb128 0x3b
 6087 044d 05       		.uleb128 0x5
 6088 044e 39       		.uleb128 0x39
 6089 044f 0B       		.uleb128 0xb
 6090 0450 49       		.uleb128 0x49
 6091 0451 13       		.uleb128 0x13
 6092 0452 02       		.uleb128 0x2
 6093 0453 18       		.uleb128 0x18
 6094 0454 00       		.byte	0
 6095 0455 00       		.byte	0
 6096 0456 44       		.uleb128 0x44
 6097 0457 2E       		.uleb128 0x2e
 6098 0458 01       		.byte	0x1
 6099 0459 3F       		.uleb128 0x3f
ARM GAS  /tmp/ccwxRkBW.s 			page 108


 6100 045a 19       		.uleb128 0x19
 6101 045b 03       		.uleb128 0x3
 6102 045c 0E       		.uleb128 0xe
 6103 045d 3A       		.uleb128 0x3a
 6104 045e 0B       		.uleb128 0xb
 6105 045f 3B       		.uleb128 0x3b
 6106 0460 0B       		.uleb128 0xb
 6107 0461 39       		.uleb128 0x39
 6108 0462 0B       		.uleb128 0xb
 6109 0463 27       		.uleb128 0x27
 6110 0464 19       		.uleb128 0x19
 6111 0465 49       		.uleb128 0x49
 6112 0466 13       		.uleb128 0x13
 6113 0467 11       		.uleb128 0x11
 6114 0468 01       		.uleb128 0x1
 6115 0469 12       		.uleb128 0x12
 6116 046a 06       		.uleb128 0x6
 6117 046b 40       		.uleb128 0x40
 6118 046c 18       		.uleb128 0x18
 6119 046d 7A       		.uleb128 0x7a
 6120 046e 19       		.uleb128 0x19
 6121 046f 01       		.uleb128 0x1
 6122 0470 13       		.uleb128 0x13
 6123 0471 00       		.byte	0
 6124 0472 00       		.byte	0
 6125 0473 45       		.uleb128 0x45
 6126 0474 05       		.uleb128 0x5
 6127 0475 00       		.byte	0
 6128 0476 03       		.uleb128 0x3
 6129 0477 0E       		.uleb128 0xe
 6130 0478 3A       		.uleb128 0x3a
 6131 0479 0B       		.uleb128 0xb
 6132 047a 3B       		.uleb128 0x3b
 6133 047b 0B       		.uleb128 0xb
 6134 047c 39       		.uleb128 0x39
 6135 047d 0B       		.uleb128 0xb
 6136 047e 49       		.uleb128 0x49
 6137 047f 13       		.uleb128 0x13
 6138 0480 02       		.uleb128 0x2
 6139 0481 17       		.uleb128 0x17
 6140 0482 B742     		.uleb128 0x2137
 6141 0484 17       		.uleb128 0x17
 6142 0485 00       		.byte	0
 6143 0486 00       		.byte	0
 6144 0487 46       		.uleb128 0x46
 6145 0488 2E       		.uleb128 0x2e
 6146 0489 01       		.byte	0x1
 6147 048a 3F       		.uleb128 0x3f
 6148 048b 19       		.uleb128 0x19
 6149 048c 03       		.uleb128 0x3
 6150 048d 0E       		.uleb128 0xe
 6151 048e 3A       		.uleb128 0x3a
 6152 048f 0B       		.uleb128 0xb
 6153 0490 3B       		.uleb128 0x3b
 6154 0491 0B       		.uleb128 0xb
 6155 0492 39       		.uleb128 0x39
 6156 0493 0B       		.uleb128 0xb
ARM GAS  /tmp/ccwxRkBW.s 			page 109


 6157 0494 27       		.uleb128 0x27
 6158 0495 19       		.uleb128 0x19
 6159 0496 49       		.uleb128 0x49
 6160 0497 13       		.uleb128 0x13
 6161 0498 20       		.uleb128 0x20
 6162 0499 0B       		.uleb128 0xb
 6163 049a 01       		.uleb128 0x1
 6164 049b 13       		.uleb128 0x13
 6165 049c 00       		.byte	0
 6166 049d 00       		.byte	0
 6167 049e 47       		.uleb128 0x47
 6168 049f 34       		.uleb128 0x34
 6169 04a0 00       		.byte	0
 6170 04a1 03       		.uleb128 0x3
 6171 04a2 08       		.uleb128 0x8
 6172 04a3 3A       		.uleb128 0x3a
 6173 04a4 0B       		.uleb128 0xb
 6174 04a5 3B       		.uleb128 0x3b
 6175 04a6 0B       		.uleb128 0xb
 6176 04a7 39       		.uleb128 0x39
 6177 04a8 0B       		.uleb128 0xb
 6178 04a9 49       		.uleb128 0x49
 6179 04aa 13       		.uleb128 0x13
 6180 04ab 00       		.byte	0
 6181 04ac 00       		.byte	0
 6182 04ad 48       		.uleb128 0x48
 6183 04ae 1D       		.uleb128 0x1d
 6184 04af 01       		.byte	0x1
 6185 04b0 31       		.uleb128 0x31
 6186 04b1 13       		.uleb128 0x13
 6187 04b2 52       		.uleb128 0x52
 6188 04b3 01       		.uleb128 0x1
 6189 04b4 B842     		.uleb128 0x2138
 6190 04b6 0B       		.uleb128 0xb
 6191 04b7 55       		.uleb128 0x55
 6192 04b8 17       		.uleb128 0x17
 6193 04b9 58       		.uleb128 0x58
 6194 04ba 0B       		.uleb128 0xb
 6195 04bb 59       		.uleb128 0x59
 6196 04bc 0B       		.uleb128 0xb
 6197 04bd 57       		.uleb128 0x57
 6198 04be 0B       		.uleb128 0xb
 6199 04bf 00       		.byte	0
 6200 04c0 00       		.byte	0
 6201 04c1 49       		.uleb128 0x49
 6202 04c2 1D       		.uleb128 0x1d
 6203 04c3 01       		.byte	0x1
 6204 04c4 31       		.uleb128 0x31
 6205 04c5 13       		.uleb128 0x13
 6206 04c6 52       		.uleb128 0x52
 6207 04c7 01       		.uleb128 0x1
 6208 04c8 B842     		.uleb128 0x2138
 6209 04ca 0B       		.uleb128 0xb
 6210 04cb 11       		.uleb128 0x11
 6211 04cc 01       		.uleb128 0x1
 6212 04cd 12       		.uleb128 0x12
 6213 04ce 06       		.uleb128 0x6
ARM GAS  /tmp/ccwxRkBW.s 			page 110


 6214 04cf 58       		.uleb128 0x58
 6215 04d0 0B       		.uleb128 0xb
 6216 04d1 59       		.uleb128 0x59
 6217 04d2 0B       		.uleb128 0xb
 6218 04d3 57       		.uleb128 0x57
 6219 04d4 0B       		.uleb128 0xb
 6220 04d5 00       		.byte	0
 6221 04d6 00       		.byte	0
 6222 04d7 4A       		.uleb128 0x4a
 6223 04d8 2E       		.uleb128 0x2e
 6224 04d9 01       		.byte	0x1
 6225 04da 3F       		.uleb128 0x3f
 6226 04db 19       		.uleb128 0x19
 6227 04dc 03       		.uleb128 0x3
 6228 04dd 0E       		.uleb128 0xe
 6229 04de 3A       		.uleb128 0x3a
 6230 04df 0B       		.uleb128 0xb
 6231 04e0 3B       		.uleb128 0x3b
 6232 04e1 0B       		.uleb128 0xb
 6233 04e2 39       		.uleb128 0x39
 6234 04e3 0B       		.uleb128 0xb
 6235 04e4 27       		.uleb128 0x27
 6236 04e5 19       		.uleb128 0x19
 6237 04e6 20       		.uleb128 0x20
 6238 04e7 0B       		.uleb128 0xb
 6239 04e8 01       		.uleb128 0x1
 6240 04e9 13       		.uleb128 0x13
 6241 04ea 00       		.byte	0
 6242 04eb 00       		.byte	0
 6243 04ec 4B       		.uleb128 0x4b
 6244 04ed 2E       		.uleb128 0x2e
 6245 04ee 01       		.byte	0x1
 6246 04ef 03       		.uleb128 0x3
 6247 04f0 0E       		.uleb128 0xe
 6248 04f1 3A       		.uleb128 0x3a
 6249 04f2 0B       		.uleb128 0xb
 6250 04f3 3B       		.uleb128 0x3b
 6251 04f4 05       		.uleb128 0x5
 6252 04f5 39       		.uleb128 0x39
 6253 04f6 0B       		.uleb128 0xb
 6254 04f7 27       		.uleb128 0x27
 6255 04f8 19       		.uleb128 0x19
 6256 04f9 49       		.uleb128 0x49
 6257 04fa 13       		.uleb128 0x13
 6258 04fb 20       		.uleb128 0x20
 6259 04fc 0B       		.uleb128 0xb
 6260 04fd 01       		.uleb128 0x1
 6261 04fe 13       		.uleb128 0x13
 6262 04ff 00       		.byte	0
 6263 0500 00       		.byte	0
 6264 0501 4C       		.uleb128 0x4c
 6265 0502 2E       		.uleb128 0x2e
 6266 0503 00       		.byte	0
 6267 0504 03       		.uleb128 0x3
 6268 0505 0E       		.uleb128 0xe
 6269 0506 3A       		.uleb128 0x3a
 6270 0507 0B       		.uleb128 0xb
ARM GAS  /tmp/ccwxRkBW.s 			page 111


 6271 0508 3B       		.uleb128 0x3b
 6272 0509 05       		.uleb128 0x5
 6273 050a 39       		.uleb128 0x39
 6274 050b 0B       		.uleb128 0xb
 6275 050c 27       		.uleb128 0x27
 6276 050d 19       		.uleb128 0x19
 6277 050e 49       		.uleb128 0x49
 6278 050f 13       		.uleb128 0x13
 6279 0510 20       		.uleb128 0x20
 6280 0511 0B       		.uleb128 0xb
 6281 0512 00       		.byte	0
 6282 0513 00       		.byte	0
 6283 0514 4D       		.uleb128 0x4d
 6284 0515 2E       		.uleb128 0x2e
 6285 0516 01       		.byte	0x1
 6286 0517 03       		.uleb128 0x3
 6287 0518 0E       		.uleb128 0xe
 6288 0519 3A       		.uleb128 0x3a
 6289 051a 0B       		.uleb128 0xb
 6290 051b 3B       		.uleb128 0x3b
 6291 051c 05       		.uleb128 0x5
 6292 051d 39       		.uleb128 0x39
 6293 051e 0B       		.uleb128 0xb
 6294 051f 27       		.uleb128 0x27
 6295 0520 19       		.uleb128 0x19
 6296 0521 20       		.uleb128 0x20
 6297 0522 0B       		.uleb128 0xb
 6298 0523 01       		.uleb128 0x1
 6299 0524 13       		.uleb128 0x13
 6300 0525 00       		.byte	0
 6301 0526 00       		.byte	0
 6302 0527 4E       		.uleb128 0x4e
 6303 0528 2E       		.uleb128 0x2e
 6304 0529 01       		.byte	0x1
 6305 052a 31       		.uleb128 0x31
 6306 052b 13       		.uleb128 0x13
 6307 052c 11       		.uleb128 0x11
 6308 052d 01       		.uleb128 0x1
 6309 052e 12       		.uleb128 0x12
 6310 052f 06       		.uleb128 0x6
 6311 0530 40       		.uleb128 0x40
 6312 0531 18       		.uleb128 0x18
 6313 0532 7A       		.uleb128 0x7a
 6314 0533 19       		.uleb128 0x19
 6315 0534 00       		.byte	0
 6316 0535 00       		.byte	0
 6317 0536 4F       		.uleb128 0x4f
 6318 0537 48       		.uleb128 0x48
 6319 0538 01       		.byte	0x1
 6320 0539 7D       		.uleb128 0x7d
 6321 053a 01       		.uleb128 0x1
 6322 053b 8201     		.uleb128 0x82
 6323 053d 19       		.uleb128 0x19
 6324 053e 7F       		.uleb128 0x7f
 6325 053f 13       		.uleb128 0x13
 6326 0540 01       		.uleb128 0x1
 6327 0541 13       		.uleb128 0x13
ARM GAS  /tmp/ccwxRkBW.s 			page 112


 6328 0542 00       		.byte	0
 6329 0543 00       		.byte	0
 6330 0544 50       		.uleb128 0x50
 6331 0545 48       		.uleb128 0x48
 6332 0546 01       		.byte	0x1
 6333 0547 7D       		.uleb128 0x7d
 6334 0548 01       		.uleb128 0x1
 6335 0549 8201     		.uleb128 0x82
 6336 054b 19       		.uleb128 0x19
 6337 054c 7F       		.uleb128 0x7f
 6338 054d 13       		.uleb128 0x13
 6339 054e 00       		.byte	0
 6340 054f 00       		.byte	0
 6341 0550 00       		.byte	0
 6342              		.section	.debug_loclists,"",%progbits
 6343 0000 A8060000 		.4byte	.Ldebug_loc3-.Ldebug_loc2
 6344              	.Ldebug_loc2:
 6345 0004 0500     		.2byte	0x5
 6346 0006 04       		.byte	0x4
 6347 0007 00       		.byte	0
 6348 0008 00000000 		.4byte	0
 6349              	.Ldebug_loc0:
 6350              	.LVUS73:
 6351 000c 00       		.uleb128 0
 6352 000d 00       		.uleb128 .LVU709
 6353 000e 00       		.uleb128 .LVU709
 6354 000f 00       		.uleb128 0
 6355              	.LLST73:
 6356 0010 06       		.byte	0x6
 6357 0011 00000000 		.4byte	.LVL102
 6358 0015 04       		.byte	0x4
 6359 0016 00       		.uleb128 .LVL102-.LVL102
 6360 0017 20       		.uleb128 .LVL104-.LVL102
 6361 0018 01       		.uleb128 0x1
 6362 0019 50       		.byte	0x50
 6363 001a 04       		.byte	0x4
 6364 001b 20       		.uleb128 .LVL104-.LVL102
 6365 001c 64       		.uleb128 .LFE227-.LVL102
 6366 001d 01       		.uleb128 0x1
 6367 001e 54       		.byte	0x54
 6368 001f 00       		.byte	0
 6369              	.LVUS74:
 6370 0020 00       		.uleb128 0
 6371 0021 00       		.uleb128 .LVU712
 6372 0022 00       		.uleb128 .LVU712
 6373 0023 00       		.uleb128 .LVU724
 6374 0024 00       		.uleb128 .LVU724
 6375 0025 00       		.uleb128 .LVU729
 6376 0026 00       		.uleb128 .LVU729
 6377 0027 00       		.uleb128 0
 6378              	.LLST74:
 6379 0028 06       		.byte	0x6
 6380 0029 00000000 		.4byte	.LVL102
 6381 002d 04       		.byte	0x4
 6382 002e 00       		.uleb128 .LVL102-.LVL102
 6383 002f 2C       		.uleb128 .LVL105-.LVL102
 6384 0030 01       		.uleb128 0x1
ARM GAS  /tmp/ccwxRkBW.s 			page 113


 6385 0031 51       		.byte	0x51
 6386 0032 04       		.byte	0x4
 6387 0033 2C       		.uleb128 .LVL105-.LVL102
 6388 0034 38       		.uleb128 .LVL106-.LVL102
 6389 0035 0A       		.uleb128 0xa
 6390 0036 A3       		.byte	0xa3
 6391 0037 03       		.uleb128 0x3
 6392 0038 A5       		.byte	0xa5
 6393 0039 01       		.uleb128 0x1
 6394 003a 26       		.uleb128 0x26
 6395 003b A8       		.byte	0xa8
 6396 003c 2D       		.uleb128 0x2d
 6397 003d A8       		.byte	0xa8
 6398 003e 00       		.uleb128 0
 6399 003f 9F       		.byte	0x9f
 6400 0040 04       		.byte	0x4
 6401 0041 38       		.uleb128 .LVL106-.LVL102
 6402 0042 43       		.uleb128 .LVL107-1-.LVL102
 6403 0043 01       		.uleb128 0x1
 6404 0044 51       		.byte	0x51
 6405 0045 04       		.byte	0x4
 6406 0046 43       		.uleb128 .LVL107-1-.LVL102
 6407 0047 64       		.uleb128 .LFE227-.LVL102
 6408 0048 0A       		.uleb128 0xa
 6409 0049 A3       		.byte	0xa3
 6410 004a 03       		.uleb128 0x3
 6411 004b A5       		.byte	0xa5
 6412 004c 01       		.uleb128 0x1
 6413 004d 26       		.uleb128 0x26
 6414 004e A8       		.byte	0xa8
 6415 004f 2D       		.uleb128 0x2d
 6416 0050 A8       		.byte	0xa8
 6417 0051 00       		.uleb128 0
 6418 0052 9F       		.byte	0x9f
 6419 0053 00       		.byte	0
 6420              	.LVUS75:
 6421 0054 00       		.uleb128 .LVU698
 6422 0055 00       		.uleb128 0
 6423              	.LLST75:
 6424 0056 08       		.byte	0x8
 6425 0057 14000000 		.4byte	.LVL103
 6426 005b 50       		.uleb128 .LFE227-.LVL103
 6427 005c 01       		.uleb128 0x1
 6428 005d 55       		.byte	0x55
 6429 005e 00       		.byte	0
 6430              	.LVUS68:
 6431 005f 00       		.uleb128 0
 6432 0060 00       		.uleb128 .LVU667
 6433 0061 00       		.uleb128 .LVU667
 6434 0062 00       		.uleb128 .LVU679
 6435 0063 00       		.uleb128 .LVU679
 6436 0064 00       		.uleb128 .LVU681
 6437 0065 00       		.uleb128 .LVU681
 6438 0066 00       		.uleb128 .LVU688
 6439 0067 00       		.uleb128 .LVU688
 6440 0068 00       		.uleb128 0
 6441              	.LLST68:
ARM GAS  /tmp/ccwxRkBW.s 			page 114


 6442 0069 06       		.byte	0x6
 6443 006a 00000000 		.4byte	.LVL94
 6444 006e 04       		.byte	0x4
 6445 006f 00       		.uleb128 .LVL94-.LVL94
 6446 0070 28       		.uleb128 .LVL97-.LVL94
 6447 0071 01       		.uleb128 0x1
 6448 0072 50       		.byte	0x50
 6449 0073 04       		.byte	0x4
 6450 0074 28       		.uleb128 .LVL97-.LVL94
 6451 0075 34       		.uleb128 .LVL98-.LVL94
 6452 0076 0A       		.uleb128 0xa
 6453 0077 A3       		.byte	0xa3
 6454 0078 03       		.uleb128 0x3
 6455 0079 A5       		.byte	0xa5
 6456 007a 00       		.uleb128 0
 6457 007b 26       		.uleb128 0x26
 6458 007c A8       		.byte	0xa8
 6459 007d 2D       		.uleb128 0x2d
 6460 007e A8       		.byte	0xa8
 6461 007f 00       		.uleb128 0
 6462 0080 9F       		.byte	0x9f
 6463 0081 04       		.byte	0x4
 6464 0082 34       		.uleb128 .LVL98-.LVL94
 6465 0083 3C       		.uleb128 .LVL99-.LVL94
 6466 0084 01       		.uleb128 0x1
 6467 0085 50       		.byte	0x50
 6468 0086 04       		.byte	0x4
 6469 0087 3C       		.uleb128 .LVL99-.LVL94
 6470 0088 54       		.uleb128 .LVL101-.LVL94
 6471 0089 01       		.uleb128 0x1
 6472 008a 54       		.byte	0x54
 6473 008b 04       		.byte	0x4
 6474 008c 54       		.uleb128 .LVL101-.LVL94
 6475 008d 60       		.uleb128 .LFE226-.LVL94
 6476 008e 0A       		.uleb128 0xa
 6477 008f A3       		.byte	0xa3
 6478 0090 03       		.uleb128 0x3
 6479 0091 A5       		.byte	0xa5
 6480 0092 00       		.uleb128 0
 6481 0093 26       		.uleb128 0x26
 6482 0094 A8       		.byte	0xa8
 6483 0095 2D       		.uleb128 0x2d
 6484 0096 A8       		.byte	0xa8
 6485 0097 00       		.uleb128 0
 6486 0098 9F       		.byte	0x9f
 6487 0099 00       		.byte	0
 6488              	.LVUS69:
 6489 009a 00       		.uleb128 0
 6490 009b 00       		.uleb128 .LVU667
 6491 009c 00       		.uleb128 .LVU667
 6492 009d 00       		.uleb128 .LVU679
 6493 009e 00       		.uleb128 .LVU679
 6494 009f 00       		.uleb128 .LVU684
 6495 00a0 00       		.uleb128 .LVU684
 6496 00a1 00       		.uleb128 0
 6497              	.LLST69:
 6498 00a2 06       		.byte	0x6
ARM GAS  /tmp/ccwxRkBW.s 			page 115


 6499 00a3 00000000 		.4byte	.LVL94
 6500 00a7 04       		.byte	0x4
 6501 00a8 00       		.uleb128 .LVL94-.LVL94
 6502 00a9 28       		.uleb128 .LVL97-.LVL94
 6503 00aa 01       		.uleb128 0x1
 6504 00ab 51       		.byte	0x51
 6505 00ac 04       		.byte	0x4
 6506 00ad 28       		.uleb128 .LVL97-.LVL94
 6507 00ae 34       		.uleb128 .LVL98-.LVL94
 6508 00af 0A       		.uleb128 0xa
 6509 00b0 A3       		.byte	0xa3
 6510 00b1 03       		.uleb128 0x3
 6511 00b2 A5       		.byte	0xa5
 6512 00b3 01       		.uleb128 0x1
 6513 00b4 26       		.uleb128 0x26
 6514 00b5 A8       		.byte	0xa8
 6515 00b6 2D       		.uleb128 0x2d
 6516 00b7 A8       		.byte	0xa8
 6517 00b8 00       		.uleb128 0
 6518 00b9 9F       		.byte	0x9f
 6519 00ba 04       		.byte	0x4
 6520 00bb 34       		.uleb128 .LVL98-.LVL94
 6521 00bc 43       		.uleb128 .LVL100-1-.LVL94
 6522 00bd 01       		.uleb128 0x1
 6523 00be 51       		.byte	0x51
 6524 00bf 04       		.byte	0x4
 6525 00c0 43       		.uleb128 .LVL100-1-.LVL94
 6526 00c1 60       		.uleb128 .LFE226-.LVL94
 6527 00c2 0A       		.uleb128 0xa
 6528 00c3 A3       		.byte	0xa3
 6529 00c4 03       		.uleb128 0x3
 6530 00c5 A5       		.byte	0xa5
 6531 00c6 01       		.uleb128 0x1
 6532 00c7 26       		.uleb128 0x26
 6533 00c8 A8       		.byte	0xa8
 6534 00c9 2D       		.uleb128 0x2d
 6535 00ca A8       		.byte	0xa8
 6536 00cb 00       		.uleb128 0
 6537 00cc 9F       		.byte	0x9f
 6538 00cd 00       		.byte	0
 6539              	.LVUS70:
 6540 00ce 00       		.uleb128 .LVU652
 6541 00cf 00       		.uleb128 0
 6542              	.LLST70:
 6543 00d0 08       		.byte	0x8
 6544 00d1 10000000 		.4byte	.LVL95
 6545 00d5 50       		.uleb128 .LFE226-.LVL95
 6546 00d6 01       		.uleb128 0x1
 6547 00d7 55       		.byte	0x55
 6548 00d8 00       		.byte	0
 6549              	.LVUS71:
 6550 00d9 00       		.uleb128 .LVU663
 6551 00da 00       		.uleb128 .LVU667
 6552 00db 00       		.uleb128 .LVU679
 6553 00dc 00       		.uleb128 .LVU681
 6554 00dd 00       		.uleb128 .LVU681
 6555 00de 00       		.uleb128 .LVU684
ARM GAS  /tmp/ccwxRkBW.s 			page 116


 6556 00df 00       		.uleb128 .LVU688
 6557 00e0 00       		.uleb128 0
 6558              	.LLST71:
 6559 00e1 06       		.byte	0x6
 6560 00e2 18000000 		.4byte	.LVL96
 6561 00e6 04       		.byte	0x4
 6562 00e7 00       		.uleb128 .LVL96-.LVL96
 6563 00e8 10       		.uleb128 .LVL97-.LVL96
 6564 00e9 06       		.uleb128 0x6
 6565 00ea 73       		.byte	0x73
 6566 00eb 00       		.sleb128 0
 6567 00ec 70       		.byte	0x70
 6568 00ed 00       		.sleb128 0
 6569 00ee 1A       		.byte	0x1a
 6570 00ef 9F       		.byte	0x9f
 6571 00f0 04       		.byte	0x4
 6572 00f1 1C       		.uleb128 .LVL98-.LVL96
 6573 00f2 24       		.uleb128 .LVL99-.LVL96
 6574 00f3 06       		.uleb128 0x6
 6575 00f4 73       		.byte	0x73
 6576 00f5 00       		.sleb128 0
 6577 00f6 70       		.byte	0x70
 6578 00f7 00       		.sleb128 0
 6579 00f8 1A       		.byte	0x1a
 6580 00f9 9F       		.byte	0x9f
 6581 00fa 04       		.byte	0x4
 6582 00fb 24       		.uleb128 .LVL99-.LVL96
 6583 00fc 2B       		.uleb128 .LVL100-1-.LVL96
 6584 00fd 06       		.uleb128 0x6
 6585 00fe 73       		.byte	0x73
 6586 00ff 00       		.sleb128 0
 6587 0100 74       		.byte	0x74
 6588 0101 00       		.sleb128 0
 6589 0102 1A       		.byte	0x1a
 6590 0103 9F       		.byte	0x9f
 6591 0104 04       		.byte	0x4
 6592 0105 3C       		.uleb128 .LVL101-.LVL96
 6593 0106 48       		.uleb128 .LFE226-.LVL96
 6594 0107 01       		.uleb128 0x1
 6595 0108 56       		.byte	0x56
 6596 0109 00       		.byte	0
 6597              	.LVUS63:
 6598 010a 00       		.uleb128 0
 6599 010b 00       		.uleb128 .LVU620
 6600 010c 00       		.uleb128 .LVU620
 6601 010d 00       		.uleb128 .LVU632
 6602 010e 00       		.uleb128 .LVU632
 6603 010f 00       		.uleb128 .LVU634
 6604 0110 00       		.uleb128 .LVU634
 6605 0111 00       		.uleb128 .LVU641
 6606 0112 00       		.uleb128 .LVU641
 6607 0113 00       		.uleb128 0
 6608              	.LLST63:
 6609 0114 06       		.byte	0x6
 6610 0115 00000000 		.4byte	.LVL85
 6611 0119 04       		.byte	0x4
 6612 011a 00       		.uleb128 .LVL85-.LVL85
ARM GAS  /tmp/ccwxRkBW.s 			page 117


 6613 011b 28       		.uleb128 .LVL88-.LVL85
 6614 011c 01       		.uleb128 0x1
 6615 011d 50       		.byte	0x50
 6616 011e 04       		.byte	0x4
 6617 011f 28       		.uleb128 .LVL88-.LVL85
 6618 0120 34       		.uleb128 .LVL89-.LVL85
 6619 0121 0A       		.uleb128 0xa
 6620 0122 A3       		.byte	0xa3
 6621 0123 03       		.uleb128 0x3
 6622 0124 A5       		.byte	0xa5
 6623 0125 00       		.uleb128 0
 6624 0126 26       		.uleb128 0x26
 6625 0127 A8       		.byte	0xa8
 6626 0128 2D       		.uleb128 0x2d
 6627 0129 A8       		.byte	0xa8
 6628 012a 00       		.uleb128 0
 6629 012b 9F       		.byte	0x9f
 6630 012c 04       		.byte	0x4
 6631 012d 34       		.uleb128 .LVL89-.LVL85
 6632 012e 3C       		.uleb128 .LVL90-.LVL85
 6633 012f 01       		.uleb128 0x1
 6634 0130 50       		.byte	0x50
 6635 0131 04       		.byte	0x4
 6636 0132 3C       		.uleb128 .LVL90-.LVL85
 6637 0133 54       		.uleb128 .LVL92-.LVL85
 6638 0134 01       		.uleb128 0x1
 6639 0135 54       		.byte	0x54
 6640 0136 04       		.byte	0x4
 6641 0137 54       		.uleb128 .LVL92-.LVL85
 6642 0138 68       		.uleb128 .LFE225-.LVL85
 6643 0139 0A       		.uleb128 0xa
 6644 013a A3       		.byte	0xa3
 6645 013b 03       		.uleb128 0x3
 6646 013c A5       		.byte	0xa5
 6647 013d 00       		.uleb128 0
 6648 013e 26       		.uleb128 0x26
 6649 013f A8       		.byte	0xa8
 6650 0140 2D       		.uleb128 0x2d
 6651 0141 A8       		.byte	0xa8
 6652 0142 00       		.uleb128 0
 6653 0143 9F       		.byte	0x9f
 6654 0144 00       		.byte	0
 6655              	.LVUS64:
 6656 0145 00       		.uleb128 0
 6657 0146 00       		.uleb128 .LVU620
 6658 0147 00       		.uleb128 .LVU620
 6659 0148 00       		.uleb128 .LVU632
 6660 0149 00       		.uleb128 .LVU632
 6661 014a 00       		.uleb128 .LVU637
 6662 014b 00       		.uleb128 .LVU637
 6663 014c 00       		.uleb128 0
 6664              	.LLST64:
 6665 014d 06       		.byte	0x6
 6666 014e 00000000 		.4byte	.LVL85
 6667 0152 04       		.byte	0x4
 6668 0153 00       		.uleb128 .LVL85-.LVL85
 6669 0154 28       		.uleb128 .LVL88-.LVL85
ARM GAS  /tmp/ccwxRkBW.s 			page 118


 6670 0155 01       		.uleb128 0x1
 6671 0156 51       		.byte	0x51
 6672 0157 04       		.byte	0x4
 6673 0158 28       		.uleb128 .LVL88-.LVL85
 6674 0159 34       		.uleb128 .LVL89-.LVL85
 6675 015a 0A       		.uleb128 0xa
 6676 015b A3       		.byte	0xa3
 6677 015c 03       		.uleb128 0x3
 6678 015d A5       		.byte	0xa5
 6679 015e 01       		.uleb128 0x1
 6680 015f 26       		.uleb128 0x26
 6681 0160 A8       		.byte	0xa8
 6682 0161 2D       		.uleb128 0x2d
 6683 0162 A8       		.byte	0xa8
 6684 0163 00       		.uleb128 0
 6685 0164 9F       		.byte	0x9f
 6686 0165 04       		.byte	0x4
 6687 0166 34       		.uleb128 .LVL89-.LVL85
 6688 0167 43       		.uleb128 .LVL91-1-.LVL85
 6689 0168 01       		.uleb128 0x1
 6690 0169 51       		.byte	0x51
 6691 016a 04       		.byte	0x4
 6692 016b 43       		.uleb128 .LVL91-1-.LVL85
 6693 016c 68       		.uleb128 .LFE225-.LVL85
 6694 016d 0A       		.uleb128 0xa
 6695 016e A3       		.byte	0xa3
 6696 016f 03       		.uleb128 0x3
 6697 0170 A5       		.byte	0xa5
 6698 0171 01       		.uleb128 0x1
 6699 0172 26       		.uleb128 0x26
 6700 0173 A8       		.byte	0xa8
 6701 0174 2D       		.uleb128 0x2d
 6702 0175 A8       		.byte	0xa8
 6703 0176 00       		.uleb128 0
 6704 0177 9F       		.byte	0x9f
 6705 0178 00       		.byte	0
 6706              	.LVUS65:
 6707 0179 00       		.uleb128 .LVU605
 6708 017a 00       		.uleb128 0
 6709              	.LLST65:
 6710 017b 08       		.byte	0x8
 6711 017c 10000000 		.4byte	.LVL86
 6712 0180 58       		.uleb128 .LFE225-.LVL86
 6713 0181 01       		.uleb128 0x1
 6714 0182 56       		.byte	0x56
 6715 0183 00       		.byte	0
 6716              	.LVUS66:
 6717 0184 00       		.uleb128 .LVU616
 6718 0185 00       		.uleb128 .LVU620
 6719 0186 00       		.uleb128 .LVU632
 6720 0187 00       		.uleb128 .LVU634
 6721 0188 00       		.uleb128 .LVU634
 6722 0189 00       		.uleb128 .LVU637
 6723 018a 00       		.uleb128 .LVU641
 6724 018b 00       		.uleb128 0
 6725              	.LLST66:
 6726 018c 06       		.byte	0x6
ARM GAS  /tmp/ccwxRkBW.s 			page 119


 6727 018d 18000000 		.4byte	.LVL87
 6728 0191 04       		.byte	0x4
 6729 0192 00       		.uleb128 .LVL87-.LVL87
 6730 0193 10       		.uleb128 .LVL88-.LVL87
 6731 0194 06       		.uleb128 0x6
 6732 0195 73       		.byte	0x73
 6733 0196 00       		.sleb128 0
 6734 0197 70       		.byte	0x70
 6735 0198 00       		.sleb128 0
 6736 0199 1A       		.byte	0x1a
 6737 019a 9F       		.byte	0x9f
 6738 019b 04       		.byte	0x4
 6739 019c 1C       		.uleb128 .LVL89-.LVL87
 6740 019d 24       		.uleb128 .LVL90-.LVL87
 6741 019e 06       		.uleb128 0x6
 6742 019f 73       		.byte	0x73
 6743 01a0 00       		.sleb128 0
 6744 01a1 70       		.byte	0x70
 6745 01a2 00       		.sleb128 0
 6746 01a3 1A       		.byte	0x1a
 6747 01a4 9F       		.byte	0x9f
 6748 01a5 04       		.byte	0x4
 6749 01a6 24       		.uleb128 .LVL90-.LVL87
 6750 01a7 2B       		.uleb128 .LVL91-1-.LVL87
 6751 01a8 06       		.uleb128 0x6
 6752 01a9 73       		.byte	0x73
 6753 01aa 00       		.sleb128 0
 6754 01ab 74       		.byte	0x74
 6755 01ac 00       		.sleb128 0
 6756 01ad 1A       		.byte	0x1a
 6757 01ae 9F       		.byte	0x9f
 6758 01af 04       		.byte	0x4
 6759 01b0 3C       		.uleb128 .LVL92-.LVL87
 6760 01b1 50       		.uleb128 .LFE225-.LVL87
 6761 01b2 01       		.uleb128 0x1
 6762 01b3 55       		.byte	0x55
 6763 01b4 00       		.byte	0
 6764              	.LVUS60:
 6765 01b5 00       		.uleb128 0
 6766 01b6 00       		.uleb128 .LVU581
 6767 01b7 00       		.uleb128 .LVU581
 6768 01b8 00       		.uleb128 0
 6769              	.LLST60:
 6770 01b9 06       		.byte	0x6
 6771 01ba 00000000 		.4byte	.LVL81
 6772 01be 04       		.byte	0x4
 6773 01bf 00       		.uleb128 .LVL81-.LVL81
 6774 01c0 28       		.uleb128 .LVL83-.LVL81
 6775 01c1 01       		.uleb128 0x1
 6776 01c2 50       		.byte	0x50
 6777 01c3 04       		.byte	0x4
 6778 01c4 28       		.uleb128 .LVL83-.LVL81
 6779 01c5 48       		.uleb128 .LFE224-.LVL81
 6780 01c6 01       		.uleb128 0x1
 6781 01c7 54       		.byte	0x54
 6782 01c8 00       		.byte	0
 6783              	.LVUS61:
ARM GAS  /tmp/ccwxRkBW.s 			page 120


 6784 01c9 00       		.uleb128 .LVU568
 6785 01ca 00       		.uleb128 0
 6786              	.LLST61:
 6787 01cb 08       		.byte	0x8
 6788 01cc 14000000 		.4byte	.LVL82
 6789 01d0 34       		.uleb128 .LFE224-.LVL82
 6790 01d1 01       		.uleb128 0x1
 6791 01d2 55       		.byte	0x55
 6792 01d3 00       		.byte	0
 6793              	.LVUS56:
 6794 01d4 00       		.uleb128 0
 6795 01d5 00       		.uleb128 .LVU537
 6796 01d6 00       		.uleb128 .LVU537
 6797 01d7 00       		.uleb128 0
 6798              	.LLST56:
 6799 01d8 06       		.byte	0x6
 6800 01d9 00000000 		.4byte	.LVL73
 6801 01dd 04       		.byte	0x4
 6802 01de 00       		.uleb128 .LVL73-.LVL73
 6803 01df 20       		.uleb128 .LVL76-.LVL73
 6804 01e0 01       		.uleb128 0x1
 6805 01e1 50       		.byte	0x50
 6806 01e2 04       		.byte	0x4
 6807 01e3 20       		.uleb128 .LVL76-.LVL73
 6808 01e4 4C       		.uleb128 .LFE223-.LVL73
 6809 01e5 01       		.uleb128 0x1
 6810 01e6 54       		.byte	0x54
 6811 01e7 00       		.byte	0
 6812              	.LVUS57:
 6813 01e8 00       		.uleb128 .LVU524
 6814 01e9 00       		.uleb128 0
 6815              	.LLST57:
 6816 01ea 08       		.byte	0x8
 6817 01eb 14000000 		.4byte	.LVL74
 6818 01ef 38       		.uleb128 .LFE223-.LVL74
 6819 01f0 01       		.uleb128 0x1
 6820 01f1 55       		.byte	0x55
 6821 01f2 00       		.byte	0
 6822              	.LVUS58:
 6823 01f3 00       		.uleb128 .LVU535
 6824 01f4 00       		.uleb128 .LVU537
 6825 01f5 00       		.uleb128 .LVU537
 6826 01f6 00       		.uleb128 .LVU554
 6827 01f7 00       		.uleb128 .LVU554
 6828 01f8 00       		.uleb128 .LVU556
 6829 01f9 00       		.uleb128 .LVU559
 6830 01fa 00       		.uleb128 0
 6831              	.LLST58:
 6832 01fb 06       		.byte	0x6
 6833 01fc 1C000000 		.4byte	.LVL75
 6834 0200 04       		.byte	0x4
 6835 0201 00       		.uleb128 .LVL75-.LVL75
 6836 0202 04       		.uleb128 .LVL76-.LVL75
 6837 0203 06       		.uleb128 0x6
 6838 0204 73       		.byte	0x73
 6839 0205 00       		.sleb128 0
 6840 0206 70       		.byte	0x70
ARM GAS  /tmp/ccwxRkBW.s 			page 121


 6841 0207 00       		.sleb128 0
 6842 0208 1A       		.byte	0x1a
 6843 0209 9F       		.byte	0x9f
 6844 020a 04       		.byte	0x4
 6845 020b 04       		.uleb128 .LVL76-.LVL75
 6846 020c 1C       		.uleb128 .LVL78-.LVL75
 6847 020d 01       		.uleb128 0x1
 6848 020e 50       		.byte	0x50
 6849 020f 04       		.byte	0x4
 6850 0210 1C       		.uleb128 .LVL78-.LVL75
 6851 0211 23       		.uleb128 .LVL79-1-.LVL75
 6852 0212 06       		.uleb128 0x6
 6853 0213 73       		.byte	0x73
 6854 0214 00       		.sleb128 0
 6855 0215 74       		.byte	0x74
 6856 0216 00       		.sleb128 0
 6857 0217 1A       		.byte	0x1a
 6858 0218 9F       		.byte	0x9f
 6859 0219 04       		.byte	0x4
 6860 021a 2C       		.uleb128 .LVL80-.LVL75
 6861 021b 30       		.uleb128 .LFE223-.LVL75
 6862 021c 01       		.uleb128 0x1
 6863 021d 50       		.byte	0x50
 6864 021e 00       		.byte	0
 6865              	.LVUS52:
 6866 021f 00       		.uleb128 0
 6867 0220 00       		.uleb128 .LVU491
 6868 0221 00       		.uleb128 .LVU491
 6869 0222 00       		.uleb128 .LVU507
 6870 0223 00       		.uleb128 .LVU507
 6871 0224 00       		.uleb128 .LVU510
 6872 0225 00       		.uleb128 .LVU510
 6873 0226 00       		.uleb128 0
 6874              	.LLST52:
 6875 0227 06       		.byte	0x6
 6876 0228 00000000 		.4byte	.LVL64
 6877 022c 04       		.byte	0x4
 6878 022d 00       		.uleb128 .LVL64-.LVL64
 6879 022e 20       		.uleb128 .LVL67-.LVL64
 6880 022f 01       		.uleb128 0x1
 6881 0230 50       		.byte	0x50
 6882 0231 04       		.byte	0x4
 6883 0232 20       		.uleb128 .LVL67-.LVL64
 6884 0233 38       		.uleb128 .LVL69-.LVL64
 6885 0234 0A       		.uleb128 0xa
 6886 0235 A3       		.byte	0xa3
 6887 0236 03       		.uleb128 0x3
 6888 0237 A5       		.byte	0xa5
 6889 0238 00       		.uleb128 0
 6890 0239 26       		.uleb128 0x26
 6891 023a A8       		.byte	0xa8
 6892 023b 2D       		.uleb128 0x2d
 6893 023c A8       		.byte	0xa8
 6894 023d 00       		.uleb128 0
 6895 023e 9F       		.byte	0x9f
 6896 023f 04       		.byte	0x4
 6897 0240 38       		.uleb128 .LVL69-.LVL64
ARM GAS  /tmp/ccwxRkBW.s 			page 122


 6898 0241 40       		.uleb128 .LVL70-.LVL64
 6899 0242 01       		.uleb128 0x1
 6900 0243 50       		.byte	0x50
 6901 0244 04       		.byte	0x4
 6902 0245 40       		.uleb128 .LVL70-.LVL64
 6903 0246 54       		.uleb128 .LFE222-.LVL64
 6904 0247 01       		.uleb128 0x1
 6905 0248 54       		.byte	0x54
 6906 0249 00       		.byte	0
 6907              	.LVUS53:
 6908 024a 00       		.uleb128 .LVU478
 6909 024b 00       		.uleb128 0
 6910              	.LLST53:
 6911 024c 08       		.byte	0x8
 6912 024d 10000000 		.4byte	.LVL65
 6913 0251 44       		.uleb128 .LFE222-.LVL65
 6914 0252 01       		.uleb128 0x1
 6915 0253 55       		.byte	0x55
 6916 0254 00       		.byte	0
 6917              	.LVUS54:
 6918 0255 00       		.uleb128 .LVU489
 6919 0256 00       		.uleb128 .LVU491
 6920 0257 00       		.uleb128 .LVU491
 6921 0258 00       		.uleb128 .LVU493
 6922 0259 00       		.uleb128 .LVU493
 6923 025a 00       		.uleb128 .LVU507
 6924 025b 00       		.uleb128 .LVU507
 6925 025c 00       		.uleb128 .LVU510
 6926 025d 00       		.uleb128 .LVU510
 6927 025e 00       		.uleb128 .LVU512
 6928 025f 00       		.uleb128 .LVU515
 6929 0260 00       		.uleb128 0
 6930              	.LLST54:
 6931 0261 06       		.byte	0x6
 6932 0262 18000000 		.4byte	.LVL66
 6933 0266 04       		.byte	0x4
 6934 0267 00       		.uleb128 .LVL66-.LVL66
 6935 0268 08       		.uleb128 .LVL67-.LVL66
 6936 0269 06       		.uleb128 0x6
 6937 026a 73       		.byte	0x73
 6938 026b 00       		.sleb128 0
 6939 026c 70       		.byte	0x70
 6940 026d 00       		.sleb128 0
 6941 026e 1A       		.byte	0x1a
 6942 026f 9F       		.byte	0x9f
 6943 0270 04       		.byte	0x4
 6944 0271 08       		.uleb128 .LVL67-.LVL66
 6945 0272 10       		.uleb128 .LVL68-.LVL66
 6946 0273 01       		.uleb128 0x1
 6947 0274 52       		.byte	0x52
 6948 0275 04       		.byte	0x4
 6949 0276 10       		.uleb128 .LVL68-.LVL66
 6950 0277 20       		.uleb128 .LVL69-.LVL66
 6951 0278 01       		.uleb128 0x1
 6952 0279 50       		.byte	0x50
 6953 027a 04       		.byte	0x4
 6954 027b 20       		.uleb128 .LVL69-.LVL66
ARM GAS  /tmp/ccwxRkBW.s 			page 123


 6955 027c 28       		.uleb128 .LVL70-.LVL66
 6956 027d 06       		.uleb128 0x6
 6957 027e 73       		.byte	0x73
 6958 027f 00       		.sleb128 0
 6959 0280 70       		.byte	0x70
 6960 0281 00       		.sleb128 0
 6961 0282 1A       		.byte	0x1a
 6962 0283 9F       		.byte	0x9f
 6963 0284 04       		.byte	0x4
 6964 0285 28       		.uleb128 .LVL70-.LVL66
 6965 0286 2F       		.uleb128 .LVL71-1-.LVL66
 6966 0287 06       		.uleb128 0x6
 6967 0288 73       		.byte	0x73
 6968 0289 00       		.sleb128 0
 6969 028a 74       		.byte	0x74
 6970 028b 00       		.sleb128 0
 6971 028c 1A       		.byte	0x1a
 6972 028d 9F       		.byte	0x9f
 6973 028e 04       		.byte	0x4
 6974 028f 38       		.uleb128 .LVL72-.LVL66
 6975 0290 3C       		.uleb128 .LFE222-.LVL66
 6976 0291 01       		.uleb128 0x1
 6977 0292 52       		.byte	0x52
 6978 0293 00       		.byte	0
 6979              	.LVUS49:
 6980 0294 00       		.uleb128 0
 6981 0295 00       		.uleb128 .LVU445
 6982 0296 00       		.uleb128 .LVU445
 6983 0297 00       		.uleb128 0
 6984              	.LLST49:
 6985 0298 06       		.byte	0x6
 6986 0299 00000000 		.4byte	.LVL58
 6987 029d 04       		.byte	0x4
 6988 029e 00       		.uleb128 .LVL58-.LVL58
 6989 029f 18       		.uleb128 .LVL59-.LVL58
 6990 02a0 01       		.uleb128 0x1
 6991 02a1 50       		.byte	0x50
 6992 02a2 04       		.byte	0x4
 6993 02a3 18       		.uleb128 .LVL59-.LVL58
 6994 02a4 54       		.uleb128 .LFE221-.LVL58
 6995 02a5 01       		.uleb128 0x1
 6996 02a6 56       		.byte	0x56
 6997 02a7 00       		.byte	0
 6998              	.LVUS50:
 6999 02a8 00       		.uleb128 0
 7000 02a9 00       		.uleb128 .LVU445
 7001 02aa 00       		.uleb128 .LVU445
 7002 02ab 00       		.uleb128 0
 7003              	.LLST50:
 7004 02ac 06       		.byte	0x6
 7005 02ad 00000000 		.4byte	.LVL58
 7006 02b1 04       		.byte	0x4
 7007 02b2 00       		.uleb128 .LVL58-.LVL58
 7008 02b3 18       		.uleb128 .LVL59-.LVL58
 7009 02b4 01       		.uleb128 0x1
 7010 02b5 51       		.byte	0x51
 7011 02b6 04       		.byte	0x4
ARM GAS  /tmp/ccwxRkBW.s 			page 124


 7012 02b7 18       		.uleb128 .LVL59-.LVL58
 7013 02b8 54       		.uleb128 .LFE221-.LVL58
 7014 02b9 01       		.uleb128 0x1
 7015 02ba 55       		.byte	0x55
 7016 02bb 00       		.byte	0
 7017              	.LVUS51:
 7018 02bc 06       		.uleb128 .LVU439
 7019 02bd 00       		.uleb128 .LVU445
 7020 02be 00       		.uleb128 .LVU445
 7021 02bf 00       		.uleb128 0
 7022              	.LLST51:
 7023 02c0 06       		.byte	0x6
 7024 02c1 00000000 		.4byte	.LVL58
 7025 02c5 04       		.byte	0x4
 7026 02c6 00       		.uleb128 .LVL58-.LVL58
 7027 02c7 18       		.uleb128 .LVL59-.LVL58
 7028 02c8 02       		.uleb128 0x2
 7029 02c9 30       		.byte	0x30
 7030 02ca 9F       		.byte	0x9f
 7031 02cb 04       		.byte	0x4
 7032 02cc 18       		.uleb128 .LVL59-.LVL58
 7033 02cd 54       		.uleb128 .LFE221-.LVL58
 7034 02ce 01       		.uleb128 0x1
 7035 02cf 54       		.byte	0x54
 7036 02d0 00       		.byte	0
 7037              	.LVUS46:
 7038 02d1 00       		.uleb128 0
 7039 02d2 00       		.uleb128 .LVU421
 7040 02d3 00       		.uleb128 .LVU421
 7041 02d4 00       		.uleb128 0
 7042              	.LLST46:
 7043 02d5 06       		.byte	0x6
 7044 02d6 00000000 		.4byte	.LVL55
 7045 02da 04       		.byte	0x4
 7046 02db 00       		.uleb128 .LVL55-.LVL55
 7047 02dc 0B       		.uleb128 .LVL56-1-.LVL55
 7048 02dd 01       		.uleb128 0x1
 7049 02de 50       		.byte	0x50
 7050 02df 04       		.byte	0x4
 7051 02e0 0B       		.uleb128 .LVL56-1-.LVL55
 7052 02e1 18       		.uleb128 .LFE220-.LVL55
 7053 02e2 0A       		.uleb128 0xa
 7054 02e3 A3       		.byte	0xa3
 7055 02e4 03       		.uleb128 0x3
 7056 02e5 A5       		.byte	0xa5
 7057 02e6 00       		.uleb128 0
 7058 02e7 26       		.uleb128 0x26
 7059 02e8 A8       		.byte	0xa8
 7060 02e9 2D       		.uleb128 0x2d
 7061 02ea A8       		.byte	0xa8
 7062 02eb 00       		.uleb128 0
 7063 02ec 9F       		.byte	0x9f
 7064 02ed 00       		.byte	0
 7065              	.LVUS47:
 7066 02ee 00       		.uleb128 0
 7067 02ef 00       		.uleb128 .LVU421
 7068 02f0 00       		.uleb128 .LVU421
ARM GAS  /tmp/ccwxRkBW.s 			page 125


 7069 02f1 00       		.uleb128 0
 7070              	.LLST47:
 7071 02f2 06       		.byte	0x6
 7072 02f3 00000000 		.4byte	.LVL55
 7073 02f7 04       		.byte	0x4
 7074 02f8 00       		.uleb128 .LVL55-.LVL55
 7075 02f9 0B       		.uleb128 .LVL56-1-.LVL55
 7076 02fa 01       		.uleb128 0x1
 7077 02fb 51       		.byte	0x51
 7078 02fc 04       		.byte	0x4
 7079 02fd 0B       		.uleb128 .LVL56-1-.LVL55
 7080 02fe 18       		.uleb128 .LFE220-.LVL55
 7081 02ff 0A       		.uleb128 0xa
 7082 0300 A3       		.byte	0xa3
 7083 0301 03       		.uleb128 0x3
 7084 0302 A5       		.byte	0xa5
 7085 0303 01       		.uleb128 0x1
 7086 0304 26       		.uleb128 0x26
 7087 0305 A8       		.byte	0xa8
 7088 0306 2D       		.uleb128 0x2d
 7089 0307 A8       		.byte	0xa8
 7090 0308 00       		.uleb128 0
 7091 0309 9F       		.byte	0x9f
 7092 030a 00       		.byte	0
 7093              	.LVUS40:
 7094 030b 00       		.uleb128 0
 7095 030c 00       		.uleb128 .LVU367
 7096 030d 00       		.uleb128 .LVU367
 7097 030e 00       		.uleb128 0
 7098              	.LLST40:
 7099 030f 06       		.byte	0x6
 7100 0310 00000000 		.4byte	.LVL48
 7101 0314 04       		.byte	0x4
 7102 0315 00       		.uleb128 .LVL48-.LVL48
 7103 0316 20       		.uleb128 .LVL50-.LVL48
 7104 0317 01       		.uleb128 0x1
 7105 0318 50       		.byte	0x50
 7106 0319 04       		.byte	0x4
 7107 031a 20       		.uleb128 .LVL50-.LVL48
 7108 031b C001     		.uleb128 .LFE219-.LVL48
 7109 031d 01       		.uleb128 0x1
 7110 031e 57       		.byte	0x57
 7111 031f 00       		.byte	0
 7112              	.LVUS41:
 7113 0320 00       		.uleb128 0
 7114 0321 00       		.uleb128 .LVU367
 7115 0322 00       		.uleb128 .LVU367
 7116 0323 00       		.uleb128 0
 7117              	.LLST41:
 7118 0324 06       		.byte	0x6
 7119 0325 00000000 		.4byte	.LVL48
 7120 0329 04       		.byte	0x4
 7121 032a 00       		.uleb128 .LVL48-.LVL48
 7122 032b 20       		.uleb128 .LVL50-.LVL48
 7123 032c 01       		.uleb128 0x1
 7124 032d 51       		.byte	0x51
 7125 032e 04       		.byte	0x4
ARM GAS  /tmp/ccwxRkBW.s 			page 126


 7126 032f 20       		.uleb128 .LVL50-.LVL48
 7127 0330 C001     		.uleb128 .LFE219-.LVL48
 7128 0332 01       		.uleb128 0x1
 7129 0333 55       		.byte	0x55
 7130 0334 00       		.byte	0
 7131              	.LVUS42:
 7132 0335 00       		.uleb128 .LVU364
 7133 0336 00       		.uleb128 0
 7134              	.LLST42:
 7135 0337 08       		.byte	0x8
 7136 0338 08000000 		.4byte	.LVL49
 7137 033c B801     		.uleb128 .LFE219-.LVL49
 7138 033e 01       		.uleb128 0x1
 7139 033f 54       		.byte	0x54
 7140 0340 00       		.byte	0
 7141              	.LVUS45:
 7142 0341 00       		.uleb128 .LVU401
 7143 0342 00       		.uleb128 .LVU406
 7144              	.LLST45:
 7145 0343 08       		.byte	0x8
 7146 0344 A4000000 		.4byte	.LVL53
 7147 0348 07       		.uleb128 .LVL54-1-.LVL53
 7148 0349 01       		.uleb128 0x1
 7149 034a 50       		.byte	0x50
 7150 034b 00       		.byte	0
 7151              	.LVUS31:
 7152 034c 00       		.uleb128 0
 7153 034d 00       		.uleb128 .LVU325
 7154 034e 00       		.uleb128 .LVU325
 7155 034f 00       		.uleb128 .LVU338
 7156 0350 00       		.uleb128 .LVU338
 7157 0351 00       		.uleb128 .LVU345
 7158 0352 00       		.uleb128 .LVU345
 7159 0353 00       		.uleb128 .LVU346
 7160 0354 00       		.uleb128 .LVU346
 7161 0355 00       		.uleb128 .LVU354
 7162 0356 00       		.uleb128 .LVU354
 7163 0357 00       		.uleb128 0
 7164              	.LLST31:
 7165 0358 06       		.byte	0x6
 7166 0359 00000000 		.4byte	.LVL37
 7167 035d 04       		.byte	0x4
 7168 035e 00       		.uleb128 .LVL37-.LVL37
 7169 035f 28       		.uleb128 .LVL40-.LVL37
 7170 0360 01       		.uleb128 0x1
 7171 0361 50       		.byte	0x50
 7172 0362 04       		.byte	0x4
 7173 0363 28       		.uleb128 .LVL40-.LVL37
 7174 0364 34       		.uleb128 .LVL42-.LVL37
 7175 0365 0A       		.uleb128 0xa
 7176 0366 A3       		.byte	0xa3
 7177 0367 03       		.uleb128 0x3
 7178 0368 A5       		.byte	0xa5
 7179 0369 00       		.uleb128 0
 7180 036a 26       		.uleb128 0x26
 7181 036b A8       		.byte	0xa8
 7182 036c 2D       		.uleb128 0x2d
ARM GAS  /tmp/ccwxRkBW.s 			page 127


 7183 036d A8       		.byte	0xa8
 7184 036e 00       		.uleb128 0
 7185 036f 9F       		.byte	0x9f
 7186 0370 04       		.byte	0x4
 7187 0371 34       		.uleb128 .LVL42-.LVL37
 7188 0372 4B       		.uleb128 .LVL44-1-.LVL37
 7189 0373 01       		.uleb128 0x1
 7190 0374 50       		.byte	0x50
 7191 0375 04       		.byte	0x4
 7192 0376 4B       		.uleb128 .LVL44-1-.LVL37
 7193 0377 50       		.uleb128 .LVL45-.LVL37
 7194 0378 0A       		.uleb128 0xa
 7195 0379 A3       		.byte	0xa3
 7196 037a 03       		.uleb128 0x3
 7197 037b A5       		.byte	0xa5
 7198 037c 00       		.uleb128 0
 7199 037d 26       		.uleb128 0x26
 7200 037e A8       		.byte	0xa8
 7201 037f 2D       		.uleb128 0x2d
 7202 0380 A8       		.byte	0xa8
 7203 0381 00       		.uleb128 0
 7204 0382 9F       		.byte	0x9f
 7205 0383 04       		.byte	0x4
 7206 0384 50       		.uleb128 .LVL45-.LVL37
 7207 0385 67       		.uleb128 .LVL47-1-.LVL37
 7208 0386 01       		.uleb128 0x1
 7209 0387 50       		.byte	0x50
 7210 0388 04       		.byte	0x4
 7211 0389 67       		.uleb128 .LVL47-1-.LVL37
 7212 038a 6C       		.uleb128 .LFE218-.LVL37
 7213 038b 0A       		.uleb128 0xa
 7214 038c A3       		.byte	0xa3
 7215 038d 03       		.uleb128 0x3
 7216 038e A5       		.byte	0xa5
 7217 038f 00       		.uleb128 0
 7218 0390 26       		.uleb128 0x26
 7219 0391 A8       		.byte	0xa8
 7220 0392 2D       		.uleb128 0x2d
 7221 0393 A8       		.byte	0xa8
 7222 0394 00       		.uleb128 0
 7223 0395 9F       		.byte	0x9f
 7224 0396 00       		.byte	0
 7225              	.LVUS32:
 7226 0397 00       		.uleb128 0
 7227 0398 00       		.uleb128 .LVU320
 7228 0399 00       		.uleb128 .LVU320
 7229 039a 00       		.uleb128 0
 7230              	.LLST32:
 7231 039b 06       		.byte	0x6
 7232 039c 00000000 		.4byte	.LVL37
 7233 03a0 04       		.byte	0x4
 7234 03a1 00       		.uleb128 .LVL37-.LVL37
 7235 03a2 14       		.uleb128 .LVL39-.LVL37
 7236 03a3 01       		.uleb128 0x1
 7237 03a4 51       		.byte	0x51
 7238 03a5 04       		.byte	0x4
 7239 03a6 14       		.uleb128 .LVL39-.LVL37
ARM GAS  /tmp/ccwxRkBW.s 			page 128


 7240 03a7 6C       		.uleb128 .LFE218-.LVL37
 7241 03a8 0A       		.uleb128 0xa
 7242 03a9 A3       		.byte	0xa3
 7243 03aa 03       		.uleb128 0x3
 7244 03ab A5       		.byte	0xa5
 7245 03ac 01       		.uleb128 0x1
 7246 03ad 26       		.uleb128 0x26
 7247 03ae A8       		.byte	0xa8
 7248 03af 2D       		.uleb128 0x2d
 7249 03b0 A8       		.byte	0xa8
 7250 03b1 00       		.uleb128 0
 7251 03b2 9F       		.byte	0x9f
 7252 03b3 00       		.byte	0
 7253              	.LVUS35:
 7254 03b4 03       		.uleb128 .LVU311
 7255 03b5 00       		.uleb128 .LVU320
 7256 03b6 00       		.uleb128 .LVU320
 7257 03b7 00       		.uleb128 .LVU325
 7258 03b8 00       		.uleb128 .LVU338
 7259 03b9 00       		.uleb128 0
 7260              	.LLST35:
 7261 03ba 06       		.byte	0x6
 7262 03bb 08000000 		.4byte	.LVL38
 7263 03bf 04       		.byte	0x4
 7264 03c0 00       		.uleb128 .LVL38-.LVL38
 7265 03c1 0C       		.uleb128 .LVL39-.LVL38
 7266 03c2 01       		.uleb128 0x1
 7267 03c3 51       		.byte	0x51
 7268 03c4 04       		.byte	0x4
 7269 03c5 0C       		.uleb128 .LVL39-.LVL38
 7270 03c6 20       		.uleb128 .LVL40-.LVL38
 7271 03c7 0A       		.uleb128 0xa
 7272 03c8 A3       		.byte	0xa3
 7273 03c9 03       		.uleb128 0x3
 7274 03ca A5       		.byte	0xa5
 7275 03cb 01       		.uleb128 0x1
 7276 03cc 26       		.uleb128 0x26
 7277 03cd A8       		.byte	0xa8
 7278 03ce 2D       		.uleb128 0x2d
 7279 03cf A8       		.byte	0xa8
 7280 03d0 00       		.uleb128 0
 7281 03d1 9F       		.byte	0x9f
 7282 03d2 04       		.byte	0x4
 7283 03d3 2C       		.uleb128 .LVL42-.LVL38
 7284 03d4 64       		.uleb128 .LFE218-.LVL38
 7285 03d5 0A       		.uleb128 0xa
 7286 03d6 A3       		.byte	0xa3
 7287 03d7 03       		.uleb128 0x3
 7288 03d8 A5       		.byte	0xa5
 7289 03d9 01       		.uleb128 0x1
 7290 03da 26       		.uleb128 0x26
 7291 03db A8       		.byte	0xa8
 7292 03dc 2D       		.uleb128 0x2d
 7293 03dd A8       		.byte	0xa8
 7294 03de 00       		.uleb128 0
 7295 03df 9F       		.byte	0x9f
 7296 03e0 00       		.byte	0
ARM GAS  /tmp/ccwxRkBW.s 			page 129


 7297              	.LVUS36:
 7298 03e1 03       		.uleb128 .LVU311
 7299 03e2 00       		.uleb128 .LVU325
 7300 03e3 00       		.uleb128 .LVU338
 7301 03e4 00       		.uleb128 .LVU345
 7302 03e5 00       		.uleb128 .LVU345
 7303 03e6 00       		.uleb128 .LVU346
 7304 03e7 00       		.uleb128 .LVU346
 7305 03e8 00       		.uleb128 .LVU354
 7306 03e9 00       		.uleb128 .LVU354
 7307 03ea 00       		.uleb128 0
 7308              	.LLST36:
 7309 03eb 06       		.byte	0x6
 7310 03ec 08000000 		.4byte	.LVL38
 7311 03f0 04       		.byte	0x4
 7312 03f1 00       		.uleb128 .LVL38-.LVL38
 7313 03f2 20       		.uleb128 .LVL40-.LVL38
 7314 03f3 01       		.uleb128 0x1
 7315 03f4 50       		.byte	0x50
 7316 03f5 04       		.byte	0x4
 7317 03f6 2C       		.uleb128 .LVL42-.LVL38
 7318 03f7 43       		.uleb128 .LVL44-1-.LVL38
 7319 03f8 01       		.uleb128 0x1
 7320 03f9 50       		.byte	0x50
 7321 03fa 04       		.byte	0x4
 7322 03fb 43       		.uleb128 .LVL44-1-.LVL38
 7323 03fc 48       		.uleb128 .LVL45-.LVL38
 7324 03fd 0A       		.uleb128 0xa
 7325 03fe A3       		.byte	0xa3
 7326 03ff 03       		.uleb128 0x3
 7327 0400 A5       		.byte	0xa5
 7328 0401 00       		.uleb128 0
 7329 0402 26       		.uleb128 0x26
 7330 0403 A8       		.byte	0xa8
 7331 0404 2D       		.uleb128 0x2d
 7332 0405 A8       		.byte	0xa8
 7333 0406 00       		.uleb128 0
 7334 0407 9F       		.byte	0x9f
 7335 0408 04       		.byte	0x4
 7336 0409 48       		.uleb128 .LVL45-.LVL38
 7337 040a 5F       		.uleb128 .LVL47-1-.LVL38
 7338 040b 01       		.uleb128 0x1
 7339 040c 50       		.byte	0x50
 7340 040d 04       		.byte	0x4
 7341 040e 5F       		.uleb128 .LVL47-1-.LVL38
 7342 040f 64       		.uleb128 .LFE218-.LVL38
 7343 0410 0A       		.uleb128 0xa
 7344 0411 A3       		.byte	0xa3
 7345 0412 03       		.uleb128 0x3
 7346 0413 A5       		.byte	0xa5
 7347 0414 00       		.uleb128 0
 7348 0415 26       		.uleb128 0x26
 7349 0416 A8       		.byte	0xa8
 7350 0417 2D       		.uleb128 0x2d
 7351 0418 A8       		.byte	0xa8
 7352 0419 00       		.uleb128 0
 7353 041a 9F       		.byte	0x9f
ARM GAS  /tmp/ccwxRkBW.s 			page 130


 7354 041b 00       		.byte	0
 7355              	.LVUS38:
 7356 041c 01       		.uleb128 .LVU341
 7357 041d 00       		.uleb128 .LVU345
 7358 041e 01       		.uleb128 .LVU350
 7359 041f 00       		.uleb128 .LVU354
 7360              	.LLST38:
 7361 0420 06       		.byte	0x6
 7362 0421 40000000 		.4byte	.LVL43
 7363 0425 04       		.byte	0x4
 7364 0426 00       		.uleb128 .LVL43-.LVL43
 7365 0427 0C       		.uleb128 .LVL44-.LVL43
 7366 0428 0A       		.uleb128 0xa
 7367 0429 A3       		.byte	0xa3
 7368 042a 03       		.uleb128 0x3
 7369 042b A5       		.byte	0xa5
 7370 042c 01       		.uleb128 0x1
 7371 042d 26       		.uleb128 0x26
 7372 042e A8       		.byte	0xa8
 7373 042f 2D       		.uleb128 0x2d
 7374 0430 A8       		.byte	0xa8
 7375 0431 00       		.uleb128 0
 7376 0432 9F       		.byte	0x9f
 7377 0433 04       		.byte	0x4
 7378 0434 1C       		.uleb128 .LVL46-.LVL43
 7379 0435 28       		.uleb128 .LVL47-.LVL43
 7380 0436 0A       		.uleb128 0xa
 7381 0437 A3       		.byte	0xa3
 7382 0438 03       		.uleb128 0x3
 7383 0439 A5       		.byte	0xa5
 7384 043a 01       		.uleb128 0x1
 7385 043b 26       		.uleb128 0x26
 7386 043c A8       		.byte	0xa8
 7387 043d 2D       		.uleb128 0x2d
 7388 043e A8       		.byte	0xa8
 7389 043f 00       		.uleb128 0
 7390 0440 9F       		.byte	0x9f
 7391 0441 00       		.byte	0
 7392              	.LVUS39:
 7393 0442 00       		.uleb128 .LVU340
 7394 0443 00       		.uleb128 .LVU345
 7395 0444 00       		.uleb128 .LVU345
 7396 0445 00       		.uleb128 .LVU345
 7397 0446 00       		.uleb128 .LVU349
 7398 0447 00       		.uleb128 .LVU354
 7399 0448 00       		.uleb128 .LVU354
 7400 0449 00       		.uleb128 .LVU354
 7401              	.LLST39:
 7402 044a 06       		.byte	0x6
 7403 044b 40000000 		.4byte	.LVL43
 7404 044f 04       		.byte	0x4
 7405 0450 00       		.uleb128 .LVL43-.LVL43
 7406 0451 0B       		.uleb128 .LVL44-1-.LVL43
 7407 0452 01       		.uleb128 0x1
 7408 0453 50       		.byte	0x50
 7409 0454 04       		.byte	0x4
 7410 0455 0B       		.uleb128 .LVL44-1-.LVL43
ARM GAS  /tmp/ccwxRkBW.s 			page 131


 7411 0456 0C       		.uleb128 .LVL44-.LVL43
 7412 0457 0A       		.uleb128 0xa
 7413 0458 A3       		.byte	0xa3
 7414 0459 03       		.uleb128 0x3
 7415 045a A5       		.byte	0xa5
 7416 045b 00       		.uleb128 0
 7417 045c 26       		.uleb128 0x26
 7418 045d A8       		.byte	0xa8
 7419 045e 2D       		.uleb128 0x2d
 7420 045f A8       		.byte	0xa8
 7421 0460 00       		.uleb128 0
 7422 0461 9F       		.byte	0x9f
 7423 0462 04       		.byte	0x4
 7424 0463 1C       		.uleb128 .LVL46-.LVL43
 7425 0464 27       		.uleb128 .LVL47-1-.LVL43
 7426 0465 01       		.uleb128 0x1
 7427 0466 50       		.byte	0x50
 7428 0467 04       		.byte	0x4
 7429 0468 27       		.uleb128 .LVL47-1-.LVL43
 7430 0469 28       		.uleb128 .LVL47-.LVL43
 7431 046a 0A       		.uleb128 0xa
 7432 046b A3       		.byte	0xa3
 7433 046c 03       		.uleb128 0x3
 7434 046d A5       		.byte	0xa5
 7435 046e 00       		.uleb128 0
 7436 046f 26       		.uleb128 0x26
 7437 0470 A8       		.byte	0xa8
 7438 0471 2D       		.uleb128 0x2d
 7439 0472 A8       		.byte	0xa8
 7440 0473 00       		.uleb128 0
 7441 0474 9F       		.byte	0x9f
 7442 0475 00       		.byte	0
 7443              	.LVUS24:
 7444 0476 00       		.uleb128 0
 7445 0477 00       		.uleb128 .LVU266
 7446 0478 00       		.uleb128 .LVU266
 7447 0479 00       		.uleb128 0
 7448              	.LLST24:
 7449 047a 06       		.byte	0x6
 7450 047b 00000000 		.4byte	.LVL28
 7451 047f 04       		.byte	0x4
 7452 0480 00       		.uleb128 .LVL28-.LVL28
 7453 0481 18       		.uleb128 .LVL30-.LVL28
 7454 0482 01       		.uleb128 0x1
 7455 0483 50       		.byte	0x50
 7456 0484 04       		.byte	0x4
 7457 0485 18       		.uleb128 .LVL30-.LVL28
 7458 0486 20       		.uleb128 .LFE216-.LVL28
 7459 0487 0A       		.uleb128 0xa
 7460 0488 A3       		.byte	0xa3
 7461 0489 03       		.uleb128 0x3
 7462 048a A5       		.byte	0xa5
 7463 048b 00       		.uleb128 0
 7464 048c 26       		.uleb128 0x26
 7465 048d A8       		.byte	0xa8
 7466 048e 2D       		.uleb128 0x2d
 7467 048f A8       		.byte	0xa8
ARM GAS  /tmp/ccwxRkBW.s 			page 132


 7468 0490 00       		.uleb128 0
 7469 0491 9F       		.byte	0x9f
 7470 0492 00       		.byte	0
 7471              	.LVUS25:
 7472 0493 00       		.uleb128 .LVU252
 7473 0494 00       		.uleb128 0
 7474              	.LLST25:
 7475 0495 08       		.byte	0x8
 7476 0496 0C000000 		.4byte	.LVL29
 7477 049a 14       		.uleb128 .LFE216-.LVL29
 7478 049b 01       		.uleb128 0x1
 7479 049c 52       		.byte	0x52
 7480 049d 00       		.byte	0
 7481              	.LVUS23:
 7482 049e 00       		.uleb128 0
 7483 049f 00       		.uleb128 .LVU236
 7484 04a0 00       		.uleb128 .LVU236
 7485 04a1 00       		.uleb128 0
 7486              	.LLST23:
 7487 04a2 06       		.byte	0x6
 7488 04a3 00000000 		.4byte	.LVL26
 7489 04a7 04       		.byte	0x4
 7490 04a8 00       		.uleb128 .LVL26-.LVL26
 7491 04a9 10       		.uleb128 .LVL27-.LVL26
 7492 04aa 01       		.uleb128 0x1
 7493 04ab 50       		.byte	0x50
 7494 04ac 04       		.byte	0x4
 7495 04ad 10       		.uleb128 .LVL27-.LVL26
 7496 04ae 14       		.uleb128 .LFE215-.LVL26
 7497 04af 0A       		.uleb128 0xa
 7498 04b0 A3       		.byte	0xa3
 7499 04b1 03       		.uleb128 0x3
 7500 04b2 A5       		.byte	0xa5
 7501 04b3 00       		.uleb128 0
 7502 04b4 26       		.uleb128 0x26
 7503 04b5 A8       		.byte	0xa8
 7504 04b6 2D       		.uleb128 0x2d
 7505 04b7 A8       		.byte	0xa8
 7506 04b8 00       		.uleb128 0
 7507 04b9 9F       		.byte	0x9f
 7508 04ba 00       		.byte	0
 7509              	.LVUS20:
 7510 04bb 00       		.uleb128 0
 7511 04bc 00       		.uleb128 .LVU210
 7512 04bd 00       		.uleb128 .LVU210
 7513 04be 00       		.uleb128 0
 7514              	.LLST20:
 7515 04bf 06       		.byte	0x6
 7516 04c0 00000000 		.4byte	.LVL22
 7517 04c4 04       		.byte	0x4
 7518 04c5 00       		.uleb128 .LVL22-.LVL22
 7519 04c6 18       		.uleb128 .LVL24-.LVL22
 7520 04c7 01       		.uleb128 0x1
 7521 04c8 50       		.byte	0x50
 7522 04c9 04       		.byte	0x4
 7523 04ca 18       		.uleb128 .LVL24-.LVL22
 7524 04cb 24       		.uleb128 .LFE214-.LVL22
ARM GAS  /tmp/ccwxRkBW.s 			page 133


 7525 04cc 0A       		.uleb128 0xa
 7526 04cd A3       		.byte	0xa3
 7527 04ce 03       		.uleb128 0x3
 7528 04cf A5       		.byte	0xa5
 7529 04d0 00       		.uleb128 0
 7530 04d1 26       		.uleb128 0x26
 7531 04d2 A8       		.byte	0xa8
 7532 04d3 2D       		.uleb128 0x2d
 7533 04d4 A8       		.byte	0xa8
 7534 04d5 00       		.uleb128 0
 7535 04d6 9F       		.byte	0x9f
 7536 04d7 00       		.byte	0
 7537              	.LVUS21:
 7538 04d8 00       		.uleb128 .LVU211
 7539 04d9 00       		.uleb128 0
 7540              	.LLST21:
 7541 04da 08       		.byte	0x8
 7542 04db 1C000000 		.4byte	.LVL25
 7543 04df 08       		.uleb128 .LFE214-.LVL25
 7544 04e0 01       		.uleb128 0x1
 7545 04e1 50       		.byte	0x50
 7546 04e2 00       		.byte	0
 7547              	.LVUS22:
 7548 04e3 03       		.uleb128 .LVU206
 7549 04e4 00       		.uleb128 .LVU210
 7550 04e5 00       		.uleb128 .LVU210
 7551 04e6 00       		.uleb128 .LVU211
 7552              	.LLST22:
 7553 04e7 06       		.byte	0x6
 7554 04e8 04000000 		.4byte	.LVL23
 7555 04ec 04       		.byte	0x4
 7556 04ed 00       		.uleb128 .LVL23-.LVL23
 7557 04ee 14       		.uleb128 .LVL24-.LVL23
 7558 04ef 01       		.uleb128 0x1
 7559 04f0 50       		.byte	0x50
 7560 04f1 04       		.byte	0x4
 7561 04f2 14       		.uleb128 .LVL24-.LVL23
 7562 04f3 18       		.uleb128 .LVL25-.LVL23
 7563 04f4 0A       		.uleb128 0xa
 7564 04f5 A3       		.byte	0xa3
 7565 04f6 03       		.uleb128 0x3
 7566 04f7 A5       		.byte	0xa5
 7567 04f8 00       		.uleb128 0
 7568 04f9 26       		.uleb128 0x26
 7569 04fa A8       		.byte	0xa8
 7570 04fb 2D       		.uleb128 0x2d
 7571 04fc A8       		.byte	0xa8
 7572 04fd 00       		.uleb128 0
 7573 04fe 9F       		.byte	0x9f
 7574 04ff 00       		.byte	0
 7575              	.LVUS15:
 7576 0500 00       		.uleb128 0
 7577 0501 00       		.uleb128 .LVU195
 7578 0502 00       		.uleb128 .LVU195
 7579 0503 00       		.uleb128 0
 7580              	.LLST15:
 7581 0504 06       		.byte	0x6
ARM GAS  /tmp/ccwxRkBW.s 			page 134


 7582 0505 00000000 		.4byte	.LVL16
 7583 0509 04       		.byte	0x4
 7584 050a 00       		.uleb128 .LVL16-.LVL16
 7585 050b 24       		.uleb128 .LVL21-.LVL16
 7586 050c 01       		.uleb128 0x1
 7587 050d 50       		.byte	0x50
 7588 050e 04       		.byte	0x4
 7589 050f 24       		.uleb128 .LVL21-.LVL16
 7590 0510 28       		.uleb128 .LFE213-.LVL16
 7591 0511 0A       		.uleb128 0xa
 7592 0512 A3       		.byte	0xa3
 7593 0513 03       		.uleb128 0x3
 7594 0514 A5       		.byte	0xa5
 7595 0515 00       		.uleb128 0
 7596 0516 26       		.uleb128 0x26
 7597 0517 A8       		.byte	0xa8
 7598 0518 2D       		.uleb128 0x2d
 7599 0519 A8       		.byte	0xa8
 7600 051a 00       		.uleb128 0
 7601 051b 9F       		.byte	0x9f
 7602 051c 00       		.byte	0
 7603              	.LVUS16:
 7604 051d 01       		.uleb128 .LVU182
 7605 051e 00       		.uleb128 .LVU195
 7606 051f 00       		.uleb128 .LVU195
 7607 0520 00       		.uleb128 0
 7608              	.LLST16:
 7609 0521 06       		.byte	0x6
 7610 0522 1C000000 		.4byte	.LVL20
 7611 0526 04       		.byte	0x4
 7612 0527 00       		.uleb128 .LVL20-.LVL20
 7613 0528 08       		.uleb128 .LVL21-.LVL20
 7614 0529 06       		.uleb128 0x6
 7615 052a 70       		.byte	0x70
 7616 052b 00       		.sleb128 0
 7617 052c 73       		.byte	0x73
 7618 052d 00       		.sleb128 0
 7619 052e 1A       		.byte	0x1a
 7620 052f 9F       		.byte	0x9f
 7621 0530 04       		.byte	0x4
 7622 0531 08       		.uleb128 .LVL21-.LVL20
 7623 0532 0C       		.uleb128 .LFE213-.LVL20
 7624 0533 01       		.uleb128 0x1
 7625 0534 50       		.byte	0x50
 7626 0535 00       		.byte	0
 7627              	.LVUS17:
 7628 0536 03       		.uleb128 .LVU169
 7629 0537 01       		.uleb128 .LVU182
 7630              	.LLST17:
 7631 0538 08       		.byte	0x8
 7632 0539 04000000 		.4byte	.LVL17
 7633 053d 18       		.uleb128 .LVL20-.LVL17
 7634 053e 01       		.uleb128 0x1
 7635 053f 50       		.byte	0x50
 7636 0540 00       		.byte	0
 7637              	.LVUS18:
 7638 0541 00       		.uleb128 .LVU174
ARM GAS  /tmp/ccwxRkBW.s 			page 135


 7639 0542 00       		.uleb128 0
 7640              	.LLST18:
 7641 0543 08       		.byte	0x8
 7642 0544 10000000 		.4byte	.LVL18
 7643 0548 18       		.uleb128 .LFE213-.LVL18
 7644 0549 01       		.uleb128 0x1
 7645 054a 52       		.byte	0x52
 7646 054b 00       		.byte	0
 7647              	.LVUS19:
 7648 054c 00       		.uleb128 .LVU179
 7649 054d 01       		.uleb128 .LVU182
 7650              	.LLST19:
 7651 054e 08       		.byte	0x8
 7652 054f 14000000 		.4byte	.LVL19
 7653 0553 08       		.uleb128 .LVL20-.LVL19
 7654 0554 06       		.uleb128 0x6
 7655 0555 70       		.byte	0x70
 7656 0556 00       		.sleb128 0
 7657 0557 73       		.byte	0x73
 7658 0558 00       		.sleb128 0
 7659 0559 1A       		.byte	0x1a
 7660 055a 9F       		.byte	0x9f
 7661 055b 00       		.byte	0
 7662              	.LVUS9:
 7663 055c 06       		.uleb128 .LVU102
 7664 055d 00       		.uleb128 .LVU112
 7665 055e 00       		.uleb128 .LVU112
 7666 055f 00       		.uleb128 .LVU114
 7667 0560 01       		.uleb128 .LVU115
 7668 0561 00       		.uleb128 .LVU117
 7669 0562 00       		.uleb128 .LVU117
 7670 0563 00       		.uleb128 0
 7671              	.LLST9:
 7672 0564 06       		.byte	0x6
 7673 0565 00000000 		.4byte	.LVL8
 7674 0569 04       		.byte	0x4
 7675 056a 00       		.uleb128 .LVL8-.LVL8
 7676 056b 0C       		.uleb128 .LVL9-.LVL8
 7677 056c 01       		.uleb128 0x1
 7678 056d 50       		.byte	0x50
 7679 056e 04       		.byte	0x4
 7680 056f 0C       		.uleb128 .LVL9-.LVL8
 7681 0570 14       		.uleb128 .LVL10-.LVL8
 7682 0571 01       		.uleb128 0x1
 7683 0572 52       		.byte	0x52
 7684 0573 04       		.byte	0x4
 7685 0574 14       		.uleb128 .LVL10-.LVL8
 7686 0575 1C       		.uleb128 .LVL11-.LVL8
 7687 0576 01       		.uleb128 0x1
 7688 0577 53       		.byte	0x53
 7689 0578 04       		.byte	0x4
 7690 0579 1C       		.uleb128 .LVL11-.LVL8
 7691 057a 3C       		.uleb128 .LFE211-.LVL8
 7692 057b 01       		.uleb128 0x1
 7693 057c 52       		.byte	0x52
 7694 057d 00       		.byte	0
 7695              	.LVUS3:
ARM GAS  /tmp/ccwxRkBW.s 			page 136


 7696 057e 03       		.uleb128 .LVU58
 7697 057f 00       		.uleb128 .LVU84
 7698              	.LLST3:
 7699 0580 08       		.byte	0x8
 7700 0581 08000000 		.4byte	.LVL5
 7701 0585 2C       		.uleb128 .LVL7-.LVL5
 7702 0586 01       		.uleb128 0x1
 7703 0587 53       		.byte	0x53
 7704 0588 00       		.byte	0
 7705              	.LVUS4:
 7706 0589 03       		.uleb128 .LVU58
 7707 058a 00       		.uleb128 .LVU84
 7708              	.LLST4:
 7709 058b 08       		.byte	0x8
 7710 058c 08000000 		.4byte	.LVL5
 7711 0590 2C       		.uleb128 .LVL7-.LVL5
 7712 0591 01       		.uleb128 0x1
 7713 0592 52       		.byte	0x52
 7714 0593 00       		.byte	0
 7715              	.LVUS5:
 7716 0594 03       		.uleb128 .LVU58
 7717 0595 00       		.uleb128 .LVU84
 7718              	.LLST5:
 7719 0596 08       		.byte	0x8
 7720 0597 08000000 		.4byte	.LVL5
 7721 059b 2C       		.uleb128 .LVL7-.LVL5
 7722 059c 01       		.uleb128 0x1
 7723 059d 51       		.byte	0x51
 7724 059e 00       		.byte	0
 7725              	.LVUS6:
 7726 059f 03       		.uleb128 .LVU58
 7727 05a0 00       		.uleb128 .LVU84
 7728              	.LLST6:
 7729 05a1 08       		.byte	0x8
 7730 05a2 08000000 		.4byte	.LVL5
 7731 05a6 2C       		.uleb128 .LVL7-.LVL5
 7732 05a7 01       		.uleb128 0x1
 7733 05a8 50       		.byte	0x50
 7734 05a9 00       		.byte	0
 7735              	.LVUS7:
 7736 05aa 00       		.uleb128 .LVU67
 7737 05ab 00       		.uleb128 0
 7738              	.LLST7:
 7739 05ac 08       		.byte	0x8
 7740 05ad 1C000000 		.4byte	.LVL6
 7741 05b1 20       		.uleb128 .LFE210-.LVL6
 7742 05b2 01       		.uleb128 0x1
 7743 05b3 5C       		.byte	0x5c
 7744 05b4 00       		.byte	0
 7745              	.LVUS0:
 7746 05b5 00       		.uleb128 .LVU29
 7747 05b6 00       		.uleb128 0
 7748              	.LLST0:
 7749 05b7 08       		.byte	0x8
 7750 05b8 18000000 		.4byte	.LVL3
 7751 05bc 1C       		.uleb128 .LFE209-.LVL3
 7752 05bd 01       		.uleb128 0x1
ARM GAS  /tmp/ccwxRkBW.s 			page 137


 7753 05be 5C       		.byte	0x5c
 7754 05bf 00       		.byte	0
 7755              	.LVUS12:
 7756 05c0 00       		.uleb128 0
 7757 05c1 00       		.uleb128 .LVU158
 7758 05c2 00       		.uleb128 .LVU158
 7759 05c3 00       		.uleb128 0
 7760              	.LLST12:
 7761 05c4 06       		.byte	0x6
 7762 05c5 00000000 		.4byte	.LVL12
 7763 05c9 04       		.byte	0x4
 7764 05ca 00       		.uleb128 .LVL12-.LVL12
 7765 05cb 1C       		.uleb128 .LVL15-.LVL12
 7766 05cc 01       		.uleb128 0x1
 7767 05cd 50       		.byte	0x50
 7768 05ce 04       		.byte	0x4
 7769 05cf 1C       		.uleb128 .LVL15-.LVL12
 7770 05d0 20       		.uleb128 .LFE212-.LVL12
 7771 05d1 0A       		.uleb128 0xa
 7772 05d2 A3       		.byte	0xa3
 7773 05d3 03       		.uleb128 0x3
 7774 05d4 A5       		.byte	0xa5
 7775 05d5 00       		.uleb128 0
 7776 05d6 26       		.uleb128 0x26
 7777 05d7 A8       		.byte	0xa8
 7778 05d8 2D       		.uleb128 0x2d
 7779 05d9 A8       		.byte	0xa8
 7780 05da 00       		.uleb128 0
 7781 05db 9F       		.byte	0x9f
 7782 05dc 00       		.byte	0
 7783              	.LVUS13:
 7784 05dd 00       		.uleb128 .LVU149
 7785 05de 00       		.uleb128 0
 7786              	.LLST13:
 7787 05df 08       		.byte	0x8
 7788 05e0 0C000000 		.4byte	.LVL13
 7789 05e4 14       		.uleb128 .LFE212-.LVL13
 7790 05e5 01       		.uleb128 0x1
 7791 05e6 53       		.byte	0x53
 7792 05e7 00       		.byte	0
 7793              	.LVUS14:
 7794 05e8 00       		.uleb128 .LVU154
 7795 05e9 00       		.uleb128 .LVU158
 7796 05ea 00       		.uleb128 .LVU158
 7797 05eb 00       		.uleb128 0
 7798              	.LLST14:
 7799 05ec 06       		.byte	0x6
 7800 05ed 10000000 		.4byte	.LVL14
 7801 05f1 04       		.byte	0x4
 7802 05f2 00       		.uleb128 .LVL14-.LVL14
 7803 05f3 0C       		.uleb128 .LVL15-.LVL14
 7804 05f4 06       		.uleb128 0x6
 7805 05f5 72       		.byte	0x72
 7806 05f6 00       		.sleb128 0
 7807 05f7 70       		.byte	0x70
 7808 05f8 00       		.sleb128 0
 7809 05f9 1A       		.byte	0x1a
ARM GAS  /tmp/ccwxRkBW.s 			page 138


 7810 05fa 9F       		.byte	0x9f
 7811 05fb 04       		.byte	0x4
 7812 05fc 0C       		.uleb128 .LVL15-.LVL14
 7813 05fd 10       		.uleb128 .LFE212-.LVL14
 7814 05fe 01       		.uleb128 0x1
 7815 05ff 50       		.byte	0x50
 7816 0600 00       		.byte	0
 7817              	.LVUS26:
 7818 0601 00       		.uleb128 0
 7819 0602 00       		.uleb128 .LVU288
 7820 0603 00       		.uleb128 .LVU288
 7821 0604 00       		.uleb128 .LVU288
 7822 0605 00       		.uleb128 .LVU288
 7823 0606 00       		.uleb128 .LVU296
 7824 0607 00       		.uleb128 .LVU296
 7825 0608 00       		.uleb128 0
 7826              	.LLST26:
 7827 0609 06       		.byte	0x6
 7828 060a 00000000 		.4byte	.LVL31
 7829 060e 04       		.byte	0x4
 7830 060f 00       		.uleb128 .LVL31-.LVL31
 7831 0610 37       		.uleb128 .LVL34-1-.LVL31
 7832 0611 01       		.uleb128 0x1
 7833 0612 50       		.byte	0x50
 7834 0613 04       		.byte	0x4
 7835 0614 37       		.uleb128 .LVL34-1-.LVL31
 7836 0615 38       		.uleb128 .LVL34-.LVL31
 7837 0616 0A       		.uleb128 0xa
 7838 0617 A3       		.byte	0xa3
 7839 0618 03       		.uleb128 0x3
 7840 0619 A5       		.byte	0xa5
 7841 061a 00       		.uleb128 0
 7842 061b 26       		.uleb128 0x26
 7843 061c A8       		.byte	0xa8
 7844 061d 2D       		.uleb128 0x2d
 7845 061e A8       		.byte	0xa8
 7846 061f 00       		.uleb128 0
 7847 0620 9F       		.byte	0x9f
 7848 0621 04       		.byte	0x4
 7849 0622 38       		.uleb128 .LVL34-.LVL31
 7850 0623 4F       		.uleb128 .LVL36-1-.LVL31
 7851 0624 01       		.uleb128 0x1
 7852 0625 50       		.byte	0x50
 7853 0626 04       		.byte	0x4
 7854 0627 4F       		.uleb128 .LVL36-1-.LVL31
 7855 0628 50       		.uleb128 .LFE217-.LVL31
 7856 0629 0A       		.uleb128 0xa
 7857 062a A3       		.byte	0xa3
 7858 062b 03       		.uleb128 0x3
 7859 062c A5       		.byte	0xa5
 7860 062d 00       		.uleb128 0
 7861 062e 26       		.uleb128 0x26
 7862 062f A8       		.byte	0xa8
 7863 0630 2D       		.uleb128 0x2d
 7864 0631 A8       		.byte	0xa8
 7865 0632 00       		.uleb128 0
 7866 0633 9F       		.byte	0x9f
ARM GAS  /tmp/ccwxRkBW.s 			page 139


 7867 0634 00       		.byte	0
 7868              	.LVUS27:
 7869 0635 00       		.uleb128 0
 7870 0636 00       		.uleb128 .LVU276
 7871 0637 00       		.uleb128 .LVU276
 7872 0638 00       		.uleb128 0
 7873              	.LLST27:
 7874 0639 06       		.byte	0x6
 7875 063a 00000000 		.4byte	.LVL31
 7876 063e 04       		.byte	0x4
 7877 063f 00       		.uleb128 .LVL31-.LVL31
 7878 0640 0C       		.uleb128 .LVL32-.LVL31
 7879 0641 01       		.uleb128 0x1
 7880 0642 51       		.byte	0x51
 7881 0643 04       		.byte	0x4
 7882 0644 0C       		.uleb128 .LVL32-.LVL31
 7883 0645 50       		.uleb128 .LFE217-.LVL31
 7884 0646 0A       		.uleb128 0xa
 7885 0647 A3       		.byte	0xa3
 7886 0648 03       		.uleb128 0x3
 7887 0649 A5       		.byte	0xa5
 7888 064a 01       		.uleb128 0x1
 7889 064b 26       		.uleb128 0x26
 7890 064c A8       		.byte	0xa8
 7891 064d 2D       		.uleb128 0x2d
 7892 064e A8       		.byte	0xa8
 7893 064f 00       		.uleb128 0
 7894 0650 9F       		.byte	0x9f
 7895 0651 00       		.byte	0
 7896              	.LVUS29:
 7897 0652 01       		.uleb128 .LVU284
 7898 0653 00       		.uleb128 .LVU288
 7899 0654 01       		.uleb128 .LVU292
 7900 0655 00       		.uleb128 0
 7901              	.LLST29:
 7902 0656 06       		.byte	0x6
 7903 0657 2C000000 		.4byte	.LVL33
 7904 065b 04       		.byte	0x4
 7905 065c 00       		.uleb128 .LVL33-.LVL33
 7906 065d 0C       		.uleb128 .LVL34-.LVL33
 7907 065e 0A       		.uleb128 0xa
 7908 065f A3       		.byte	0xa3
 7909 0660 03       		.uleb128 0x3
 7910 0661 A5       		.byte	0xa5
 7911 0662 01       		.uleb128 0x1
 7912 0663 26       		.uleb128 0x26
 7913 0664 A8       		.byte	0xa8
 7914 0665 2D       		.uleb128 0x2d
 7915 0666 A8       		.byte	0xa8
 7916 0667 00       		.uleb128 0
 7917 0668 9F       		.byte	0x9f
 7918 0669 04       		.byte	0x4
 7919 066a 18       		.uleb128 .LVL35-.LVL33
 7920 066b 24       		.uleb128 .LFE217-.LVL33
 7921 066c 0A       		.uleb128 0xa
 7922 066d A3       		.byte	0xa3
 7923 066e 03       		.uleb128 0x3
ARM GAS  /tmp/ccwxRkBW.s 			page 140


 7924 066f A5       		.byte	0xa5
 7925 0670 01       		.uleb128 0x1
 7926 0671 26       		.uleb128 0x26
 7927 0672 A8       		.byte	0xa8
 7928 0673 2D       		.uleb128 0x2d
 7929 0674 A8       		.byte	0xa8
 7930 0675 00       		.uleb128 0
 7931 0676 9F       		.byte	0x9f
 7932 0677 00       		.byte	0
 7933              	.LVUS30:
 7934 0678 00       		.uleb128 .LVU283
 7935 0679 00       		.uleb128 .LVU288
 7936 067a 00       		.uleb128 .LVU288
 7937 067b 00       		.uleb128 .LVU288
 7938 067c 00       		.uleb128 .LVU291
 7939 067d 00       		.uleb128 .LVU296
 7940 067e 00       		.uleb128 .LVU296
 7941 067f 00       		.uleb128 0
 7942              	.LLST30:
 7943 0680 06       		.byte	0x6
 7944 0681 2C000000 		.4byte	.LVL33
 7945 0685 04       		.byte	0x4
 7946 0686 00       		.uleb128 .LVL33-.LVL33
 7947 0687 0B       		.uleb128 .LVL34-1-.LVL33
 7948 0688 01       		.uleb128 0x1
 7949 0689 50       		.byte	0x50
 7950 068a 04       		.byte	0x4
 7951 068b 0B       		.uleb128 .LVL34-1-.LVL33
 7952 068c 0C       		.uleb128 .LVL34-.LVL33
 7953 068d 0A       		.uleb128 0xa
 7954 068e A3       		.byte	0xa3
 7955 068f 03       		.uleb128 0x3
 7956 0690 A5       		.byte	0xa5
 7957 0691 00       		.uleb128 0
 7958 0692 26       		.uleb128 0x26
 7959 0693 A8       		.byte	0xa8
 7960 0694 2D       		.uleb128 0x2d
 7961 0695 A8       		.byte	0xa8
 7962 0696 00       		.uleb128 0
 7963 0697 9F       		.byte	0x9f
 7964 0698 04       		.byte	0x4
 7965 0699 18       		.uleb128 .LVL35-.LVL33
 7966 069a 23       		.uleb128 .LVL36-1-.LVL33
 7967 069b 01       		.uleb128 0x1
 7968 069c 50       		.byte	0x50
 7969 069d 04       		.byte	0x4
 7970 069e 23       		.uleb128 .LVL36-1-.LVL33
 7971 069f 24       		.uleb128 .LFE217-.LVL33
 7972 06a0 0A       		.uleb128 0xa
 7973 06a1 A3       		.byte	0xa3
 7974 06a2 03       		.uleb128 0x3
 7975 06a3 A5       		.byte	0xa5
 7976 06a4 00       		.uleb128 0
 7977 06a5 26       		.uleb128 0x26
 7978 06a6 A8       		.byte	0xa8
 7979 06a7 2D       		.uleb128 0x2d
 7980 06a8 A8       		.byte	0xa8
ARM GAS  /tmp/ccwxRkBW.s 			page 141


 7981 06a9 00       		.uleb128 0
 7982 06aa 9F       		.byte	0x9f
 7983 06ab 00       		.byte	0
 7984              	.Ldebug_loc3:
 7985              		.section	.debug_aranges,"",%progbits
 7986 0000 BC000000 		.4byte	0xbc
 7987 0004 0200     		.2byte	0x2
 7988 0006 00000000 		.4byte	.Ldebug_info0
 7989 000a 04       		.byte	0x4
 7990 000b 00       		.byte	0
 7991 000c 0000     		.2byte	0
 7992 000e 0000     		.2byte	0
 7993 0010 00000000 		.4byte	.LFB207
 7994 0014 08000000 		.4byte	.LFE207-.LFB207
 7995 0018 00000000 		.4byte	.LFB208
 7996 001c 04000000 		.4byte	.LFE208-.LFB208
 7997 0020 00000000 		.4byte	.LFB209
 7998 0024 34000000 		.4byte	.LFE209-.LFB209
 7999 0028 00000000 		.4byte	.LFB210
 8000 002c 3C000000 		.4byte	.LFE210-.LFB210
 8001 0030 00000000 		.4byte	.LFB211
 8002 0034 3C000000 		.4byte	.LFE211-.LFB211
 8003 0038 00000000 		.4byte	.LFB212
 8004 003c 20000000 		.4byte	.LFE212-.LFB212
 8005 0040 00000000 		.4byte	.LFB213
 8006 0044 28000000 		.4byte	.LFE213-.LFB213
 8007 0048 00000000 		.4byte	.LFB214
 8008 004c 24000000 		.4byte	.LFE214-.LFB214
 8009 0050 00000000 		.4byte	.LFB215
 8010 0054 14000000 		.4byte	.LFE215-.LFB215
 8011 0058 00000000 		.4byte	.LFB216
 8012 005c 20000000 		.4byte	.LFE216-.LFB216
 8013 0060 00000000 		.4byte	.LFB217
 8014 0064 50000000 		.4byte	.LFE217-.LFB217
 8015 0068 00000000 		.4byte	.LFB218
 8016 006c 6C000000 		.4byte	.LFE218-.LFB218
 8017 0070 00000000 		.4byte	.LFB219
 8018 0074 C0000000 		.4byte	.LFE219-.LFB219
 8019 0078 00000000 		.4byte	.LFB220
 8020 007c 18000000 		.4byte	.LFE220-.LFB220
 8021 0080 00000000 		.4byte	.LFB221
 8022 0084 54000000 		.4byte	.LFE221-.LFB221
 8023 0088 00000000 		.4byte	.LFB222
 8024 008c 54000000 		.4byte	.LFE222-.LFB222
 8025 0090 00000000 		.4byte	.LFB223
 8026 0094 4C000000 		.4byte	.LFE223-.LFB223
 8027 0098 00000000 		.4byte	.LFB224
 8028 009c 48000000 		.4byte	.LFE224-.LFB224
 8029 00a0 00000000 		.4byte	.LFB225
 8030 00a4 68000000 		.4byte	.LFE225-.LFB225
 8031 00a8 00000000 		.4byte	.LFB226
 8032 00ac 60000000 		.4byte	.LFE226-.LFB226
 8033 00b0 00000000 		.4byte	.LFB227
 8034 00b4 64000000 		.4byte	.LFE227-.LFB227
 8035 00b8 00000000 		.4byte	0
 8036 00bc 00000000 		.4byte	0
 8037              		.section	.debug_rnglists,"",%progbits
ARM GAS  /tmp/ccwxRkBW.s 			page 142


 8038              	.Ldebug_ranges0:
 8039 0000 6D010000 		.4byte	.Ldebug_ranges3-.Ldebug_ranges2
 8040              	.Ldebug_ranges2:
 8041 0004 0500     		.2byte	0x5
 8042 0006 04       		.byte	0x4
 8043 0007 00       		.byte	0
 8044 0008 00000000 		.4byte	0
 8045              	.LLRL1:
 8046 000c 05       		.byte	0x5
 8047 000d 00000000 		.4byte	.LBB160
 8048 0011 04       		.byte	0x4
 8049 0012 00       		.uleb128 .LBB160-.LBB160
 8050 0013 04       		.uleb128 .LBE160-.LBB160
 8051 0014 04       		.byte	0x4
 8052 0015 0C       		.uleb128 .LBB164-.LBB160
 8053 0016 10       		.uleb128 .LBE164-.LBB160
 8054 0017 04       		.byte	0x4
 8055 0018 14       		.uleb128 .LBB165-.LBB160
 8056 0019 18       		.uleb128 .LBE165-.LBB160
 8057 001a 00       		.byte	0
 8058              	.LLRL2:
 8059 001b 05       		.byte	0x5
 8060 001c 00000000 		.4byte	.LBB166
 8061 0020 04       		.byte	0x4
 8062 0021 00       		.uleb128 .LBB166-.LBB166
 8063 0022 00       		.uleb128 .LBE166-.LBB166
 8064 0023 04       		.byte	0x4
 8065 0024 04       		.uleb128 .LBB171-.LBB166
 8066 0025 08       		.uleb128 .LBE171-.LBB166
 8067 0026 00       		.byte	0
 8068              	.LLRL8:
 8069 0027 05       		.byte	0x5
 8070 0028 08000000 		.4byte	.LBB174
 8071 002c 04       		.byte	0x4
 8072 002d 00       		.uleb128 .LBB174-.LBB174
 8073 002e 04       		.uleb128 .LBE174-.LBB174
 8074 002f 04       		.byte	0x4
 8075 0030 08       		.uleb128 .LBB178-.LBB174
 8076 0031 0C       		.uleb128 .LBE178-.LBB174
 8077 0032 04       		.byte	0x4
 8078 0033 10       		.uleb128 .LBB179-.LBB174
 8079 0034 14       		.uleb128 .LBE179-.LBB174
 8080 0035 00       		.byte	0
 8081              	.LLRL10:
 8082 0036 05       		.byte	0x5
 8083 0037 00000000 		.4byte	.LBB184
 8084 003b 04       		.byte	0x4
 8085 003c 00       		.uleb128 .LBB184-.LBB184
 8086 003d 04       		.uleb128 .LBE184-.LBB184
 8087 003e 04       		.byte	0x4
 8088 003f 08       		.uleb128 .LBB189-.LBB184
 8089 0040 0C       		.uleb128 .LBE189-.LBB184
 8090 0041 00       		.byte	0
 8091              	.LLRL11:
 8092 0042 05       		.byte	0x5
 8093 0043 24000000 		.4byte	.LBB190
 8094 0047 04       		.byte	0x4
ARM GAS  /tmp/ccwxRkBW.s 			page 143


 8095 0048 00       		.uleb128 .LBB190-.LBB190
 8096 0049 04       		.uleb128 .LBE190-.LBB190
 8097 004a 04       		.byte	0x4
 8098 004b 10       		.uleb128 .LBB197-.LBB190
 8099 004c 14       		.uleb128 .LBE197-.LBB190
 8100 004d 00       		.byte	0
 8101              	.LLRL28:
 8102 004e 05       		.byte	0x5
 8103 004f 2C000000 		.4byte	.LBB229
 8104 0053 04       		.byte	0x4
 8105 0054 00       		.uleb128 .LBB229-.LBB229
 8106 0055 0C       		.uleb128 .LBE229-.LBB229
 8107 0056 04       		.byte	0x4
 8108 0057 18       		.uleb128 .LBB232-.LBB229
 8109 0058 24       		.uleb128 .LBE232-.LBB229
 8110 0059 00       		.byte	0
 8111              	.LLRL33:
 8112 005a 05       		.byte	0x5
 8113 005b 00000000 		.4byte	.LBB244
 8114 005f 04       		.byte	0x4
 8115 0060 00       		.uleb128 .LBB244-.LBB244
 8116 0061 00       		.uleb128 .LBE244-.LBB244
 8117 0062 04       		.byte	0x4
 8118 0063 04       		.uleb128 .LBB249-.LBB244
 8119 0064 08       		.uleb128 .LBE249-.LBB244
 8120 0065 00       		.byte	0
 8121              	.LLRL34:
 8122 0066 05       		.byte	0x5
 8123 0067 08000000 		.4byte	.LBB250
 8124 006b 04       		.byte	0x4
 8125 006c 00       		.uleb128 .LBB250-.LBB250
 8126 006d 20       		.uleb128 .LBE250-.LBB250
 8127 006e 04       		.byte	0x4
 8128 006f 2C       		.uleb128 .LBB261-.LBB250
 8129 0070 64       		.uleb128 .LBE261-.LBB250
 8130 0071 00       		.byte	0
 8131              	.LLRL37:
 8132 0072 05       		.byte	0x5
 8133 0073 40000000 		.4byte	.LBB252
 8134 0077 04       		.byte	0x4
 8135 0078 00       		.uleb128 .LBB252-.LBB252
 8136 0079 10       		.uleb128 .LBE252-.LBB252
 8137 007a 04       		.byte	0x4
 8138 007b 1C       		.uleb128 .LBB255-.LBB252
 8139 007c 2C       		.uleb128 .LBE255-.LBB252
 8140 007d 00       		.byte	0
 8141              	.LLRL43:
 8142 007e 05       		.byte	0x5
 8143 007f 18000000 		.4byte	.LBB266
 8144 0083 04       		.byte	0x4
 8145 0084 00       		.uleb128 .LBB266-.LBB266
 8146 0085 08       		.uleb128 .LBE266-.LBB266
 8147 0086 04       		.byte	0x4
 8148 0087 08       		.uleb128 .LBB274-.LBB266
 8149 0088 2C       		.uleb128 .LBE274-.LBB266
 8150 0089 04       		.byte	0x4
 8151 008a 8001     		.uleb128 .LBB275-.LBB266
ARM GAS  /tmp/ccwxRkBW.s 			page 144


 8152 008c A801     		.uleb128 .LBE275-.LBB266
 8153 008e 00       		.byte	0
 8154              	.LLRL44:
 8155 008f 05       		.byte	0x5
 8156 0090 18000000 		.4byte	.LBB268
 8157 0094 04       		.byte	0x4
 8158 0095 00       		.uleb128 .LBB268-.LBB268
 8159 0096 08       		.uleb128 .LBE268-.LBB268
 8160 0097 04       		.byte	0x4
 8161 0098 8C01     		.uleb128 .LBB271-.LBB268
 8162 009a 9801     		.uleb128 .LBE271-.LBB268
 8163 009c 00       		.byte	0
 8164              	.LLRL48:
 8165 009d 05       		.byte	0x5
 8166 009e 00000000 		.4byte	.LBB276
 8167 00a2 04       		.byte	0x4
 8168 00a3 00       		.uleb128 .LBB276-.LBB276
 8169 00a4 00       		.uleb128 .LBE276-.LBB276
 8170 00a5 04       		.byte	0x4
 8171 00a6 04       		.uleb128 .LBB281-.LBB276
 8172 00a7 08       		.uleb128 .LBE281-.LBB276
 8173 00a8 00       		.byte	0
 8174              	.LLRL55:
 8175 00a9 05       		.byte	0x5
 8176 00aa 00000000 		.4byte	.LBB286
 8177 00ae 04       		.byte	0x4
 8178 00af 00       		.uleb128 .LBB286-.LBB286
 8179 00b0 08       		.uleb128 .LBE286-.LBB286
 8180 00b1 04       		.byte	0x4
 8181 00b2 0C       		.uleb128 .LBB289-.LBB286
 8182 00b3 10       		.uleb128 .LBE289-.LBB286
 8183 00b4 00       		.byte	0
 8184              	.LLRL59:
 8185 00b5 05       		.byte	0x5
 8186 00b6 00000000 		.4byte	.LBB297
 8187 00ba 04       		.byte	0x4
 8188 00bb 00       		.uleb128 .LBB297-.LBB297
 8189 00bc 08       		.uleb128 .LBE297-.LBB297
 8190 00bd 04       		.byte	0x4
 8191 00be 10       		.uleb128 .LBB300-.LBB297
 8192 00bf 14       		.uleb128 .LBE300-.LBB297
 8193 00c0 00       		.byte	0
 8194              	.LLRL62:
 8195 00c1 05       		.byte	0x5
 8196 00c2 00000000 		.4byte	.LBB308
 8197 00c6 04       		.byte	0x4
 8198 00c7 00       		.uleb128 .LBB308-.LBB308
 8199 00c8 08       		.uleb128 .LBE308-.LBB308
 8200 00c9 04       		.byte	0x4
 8201 00ca 10       		.uleb128 .LBB311-.LBB308
 8202 00cb 14       		.uleb128 .LBE311-.LBB308
 8203 00cc 00       		.byte	0
 8204              	.LLRL67:
 8205 00cd 05       		.byte	0x5
 8206 00ce 00000000 		.4byte	.LBB319
 8207 00d2 04       		.byte	0x4
 8208 00d3 00       		.uleb128 .LBB319-.LBB319
ARM GAS  /tmp/ccwxRkBW.s 			page 145


 8209 00d4 08       		.uleb128 .LBE319-.LBB319
 8210 00d5 04       		.byte	0x4
 8211 00d6 0C       		.uleb128 .LBB322-.LBB319
 8212 00d7 10       		.uleb128 .LBE322-.LBB319
 8213 00d8 00       		.byte	0
 8214              	.LLRL72:
 8215 00d9 05       		.byte	0x5
 8216 00da 00000000 		.4byte	.LBB330
 8217 00de 04       		.byte	0x4
 8218 00df 00       		.uleb128 .LBB330-.LBB330
 8219 00e0 08       		.uleb128 .LBE330-.LBB330
 8220 00e1 04       		.byte	0x4
 8221 00e2 0C       		.uleb128 .LBB333-.LBB330
 8222 00e3 10       		.uleb128 .LBE333-.LBB330
 8223 00e4 00       		.byte	0
 8224              	.LLRL76:
 8225 00e5 05       		.byte	0x5
 8226 00e6 00000000 		.4byte	.LBB341
 8227 00ea 04       		.byte	0x4
 8228 00eb 00       		.uleb128 .LBB341-.LBB341
 8229 00ec 08       		.uleb128 .LBE341-.LBB341
 8230 00ed 04       		.byte	0x4
 8231 00ee 10       		.uleb128 .LBB344-.LBB341
 8232 00ef 14       		.uleb128 .LBE344-.LBB341
 8233 00f0 00       		.byte	0
 8234              	.LLRL77:
 8235 00f1 07       		.byte	0x7
 8236 00f2 00000000 		.4byte	.LFB207
 8237 00f6 08       		.uleb128 .LFE207-.LFB207
 8238 00f7 07       		.byte	0x7
 8239 00f8 00000000 		.4byte	.LFB208
 8240 00fc 04       		.uleb128 .LFE208-.LFB208
 8241 00fd 07       		.byte	0x7
 8242 00fe 00000000 		.4byte	.LFB209
 8243 0102 34       		.uleb128 .LFE209-.LFB209
 8244 0103 07       		.byte	0x7
 8245 0104 00000000 		.4byte	.LFB210
 8246 0108 3C       		.uleb128 .LFE210-.LFB210
 8247 0109 07       		.byte	0x7
 8248 010a 00000000 		.4byte	.LFB211
 8249 010e 3C       		.uleb128 .LFE211-.LFB211
 8250 010f 07       		.byte	0x7
 8251 0110 00000000 		.4byte	.LFB212
 8252 0114 20       		.uleb128 .LFE212-.LFB212
 8253 0115 07       		.byte	0x7
 8254 0116 00000000 		.4byte	.LFB213
 8255 011a 28       		.uleb128 .LFE213-.LFB213
 8256 011b 07       		.byte	0x7
 8257 011c 00000000 		.4byte	.LFB214
 8258 0120 24       		.uleb128 .LFE214-.LFB214
 8259 0121 07       		.byte	0x7
 8260 0122 00000000 		.4byte	.LFB215
 8261 0126 14       		.uleb128 .LFE215-.LFB215
 8262 0127 07       		.byte	0x7
 8263 0128 00000000 		.4byte	.LFB216
 8264 012c 20       		.uleb128 .LFE216-.LFB216
 8265 012d 07       		.byte	0x7
ARM GAS  /tmp/ccwxRkBW.s 			page 146


 8266 012e 00000000 		.4byte	.LFB217
 8267 0132 50       		.uleb128 .LFE217-.LFB217
 8268 0133 07       		.byte	0x7
 8269 0134 00000000 		.4byte	.LFB218
 8270 0138 6C       		.uleb128 .LFE218-.LFB218
 8271 0139 07       		.byte	0x7
 8272 013a 00000000 		.4byte	.LFB219
 8273 013e C001     		.uleb128 .LFE219-.LFB219
 8274 0140 07       		.byte	0x7
 8275 0141 00000000 		.4byte	.LFB220
 8276 0145 18       		.uleb128 .LFE220-.LFB220
 8277 0146 07       		.byte	0x7
 8278 0147 00000000 		.4byte	.LFB221
 8279 014b 54       		.uleb128 .LFE221-.LFB221
 8280 014c 07       		.byte	0x7
 8281 014d 00000000 		.4byte	.LFB222
 8282 0151 54       		.uleb128 .LFE222-.LFB222
 8283 0152 07       		.byte	0x7
 8284 0153 00000000 		.4byte	.LFB223
 8285 0157 4C       		.uleb128 .LFE223-.LFB223
 8286 0158 07       		.byte	0x7
 8287 0159 00000000 		.4byte	.LFB224
 8288 015d 48       		.uleb128 .LFE224-.LFB224
 8289 015e 07       		.byte	0x7
 8290 015f 00000000 		.4byte	.LFB225
 8291 0163 68       		.uleb128 .LFE225-.LFB225
 8292 0164 07       		.byte	0x7
 8293 0165 00000000 		.4byte	.LFB226
 8294 0169 60       		.uleb128 .LFE226-.LFB226
 8295 016a 07       		.byte	0x7
 8296 016b 00000000 		.4byte	.LFB227
 8297 016f 64       		.uleb128 .LFE227-.LFB227
 8298 0170 00       		.byte	0
 8299              	.Ldebug_ranges3:
 8300              		.section	.debug_line,"",%progbits
 8301              	.Ldebug_line0:
 8302 0000 AC0F0000 		.section	.debug_str,"MS",%progbits,1
 8302      03006C02 
 8302      00000201 
 8302      FB0E0D00 
 8302      01010101 
 8303              	.LASF116:
 8304 0000 6576656E 		.ascii	"event_listener_t\000"
 8304      745F6C69 
 8304      7374656E 
 8304      65725F74 
 8304      00
 8305              	.LASF110:
 8306 0011 63737461 		.ascii	"cstack_base\000"
 8306      636B5F62 
 8306      61736500 
 8307              	.LASF102:
 8308 001d 77746D74 		.ascii	"wtmtxp\000"
 8308      787000
 8309              	.LASF161:
 8310 0024 63684576 		.ascii	"chEvtAddEventsI\000"
 8310      74416464 
ARM GAS  /tmp/ccwxRkBW.s 			page 147


 8310      4576656E 
 8310      74734900 
 8311              	.LASF42:
 8312 0034 64697370 		.ascii	"dispose\000"
 8312      6F736500 
 8313              	.LASF21:
 8314 003c 706F7274 		.ascii	"port_stkline_t\000"
 8314      5F73746B 
 8314      6C696E65 
 8314      5F7400
 8315              	.LASF90:
 8316 004b 63685F72 		.ascii	"ch_registry\000"
 8316      65676973 
 8316      74727900 
 8317              	.LASF118:
 8318 0057 6C697374 		.ascii	"listener\000"
 8318      656E6572 
 8318      00
 8319              	.LASF121:
 8320 0060 6576656E 		.ascii	"event_source\000"
 8320      745F736F 
 8320      75726365 
 8320      00
 8321              	.LASF38:
 8322 006d 666C6167 		.ascii	"flags\000"
 8322      7300
 8323              	.LASF68:
 8324 0073 73797374 		.ascii	"systime_t\000"
 8324      696D655F 
 8324      7400
 8325              	.LASF49:
 8326 007d 7265616C 		.ascii	"realprio\000"
 8326      7072696F 
 8326      00
 8327              	.LASF135:
 8328 0086 68616E64 		.ascii	"handlers\000"
 8328      6C657273 
 8328      00
 8329              	.LASF47:
 8330 008f 6570656E 		.ascii	"epending\000"
 8330      64696E67 
 8330      00
 8331              	.LASF1:
 8332 0098 756E7369 		.ascii	"unsigned int\000"
 8332      676E6564 
 8332      20696E74 
 8332      00
 8333              	.LASF75:
 8334 00a5 6E657874 		.ascii	"next\000"
 8334      00
 8335              	.LASF56:
 8336 00aa 636F7265 		.ascii	"core_id\000"
 8336      5F696400 
 8337              	.LASF143:
 8338 00b2 63684576 		.ascii	"chEvtGetAndClearFlags\000"
 8338      74476574 
 8338      416E6443 
ARM GAS  /tmp/ccwxRkBW.s 			page 148


 8338      6C656172 
 8338      466C6167 
 8339              	.LASF149:
 8340 00c8 63684576 		.ascii	"chEvtUnregister\000"
 8340      74556E72 
 8340      65676973 
 8340      74657200 
 8341              	.LASF9:
 8342 00d8 5F5F696E 		.ascii	"__int32_t\000"
 8342      7433325F 
 8342      7400
 8343              	.LASF39:
 8344 00e2 72656673 		.ascii	"refs\000"
 8344      00
 8345              	.LASF119:
 8346 00e7 6576656E 		.ascii	"events\000"
 8346      747300
 8347              	.LASF99:
 8348 00ee 77746F62 		.ascii	"wtobjp\000"
 8348      6A7000
 8349              	.LASF156:
 8350 00f5 706F7274 		.ascii	"port_lock\000"
 8350      5F6C6F63 
 8350      6B00
 8351              	.LASF54:
 8352 00ff 76746C69 		.ascii	"vtlist\000"
 8352      737400
 8353              	.LASF72:
 8354 0106 706F7274 		.ascii	"port_context\000"
 8354      5F636F6E 
 8354      74657874 
 8354      00
 8355              	.LASF106:
 8356 0113 63685F72 		.ascii	"ch_ready_list\000"
 8356      65616479 
 8356      5F6C6973 
 8356      7400
 8357              	.LASF88:
 8358 0121 6C617374 		.ascii	"laststamp\000"
 8358      7374616D 
 8358      7000
 8359              	.LASF103:
 8360 012b 65776D61 		.ascii	"ewmask\000"
 8360      736B00
 8361              	.LASF78:
 8362 0132 70726576 		.ascii	"prev\000"
 8362      00
 8363              	.LASF74:
 8364 0137 63685F6C 		.ascii	"ch_list\000"
 8364      69737400 
 8365              	.LASF126:
 8366 013f 63685363 		.ascii	"chSchReadyI\000"
 8366      68526561 
 8366      64794900 
 8367              	.LASF65:
 8368 014b 63685F73 		.ascii	"ch_system_debug\000"
 8368      79737465 
ARM GAS  /tmp/ccwxRkBW.s 			page 149


 8368      6D5F6465 
 8368      62756700 
 8369              	.LASF95:
 8370 015b 6C697374 		.ascii	"list\000"
 8370      00
 8371              	.LASF83:
 8372 0160 63685F64 		.ascii	"ch_delta_list\000"
 8372      656C7461 
 8372      5F6C6973 
 8372      7400
 8373              	.LASF18:
 8374 016e 75696E74 		.ascii	"uint32_t\000"
 8374      33325F74 
 8374      00
 8375              	.LASF152:
 8376 0177 63684576 		.ascii	"chEvtObjectDispose\000"
 8376      744F626A 
 8376      65637444 
 8376      6973706F 
 8376      736500
 8377              	.LASF46:
 8378 018a 73656E74 		.ascii	"sentmsg\000"
 8378      6D736700 
 8379              	.LASF29:
 8380 0192 6576656E 		.ascii	"eventmask_t\000"
 8380      746D6173 
 8380      6B5F7400 
 8381              	.LASF104:
 8382 019e 63685F73 		.ascii	"ch_semaphore\000"
 8382      656D6170 
 8382      686F7265 
 8382      00
 8383              	.LASF26:
 8384 01ab 74707269 		.ascii	"tprio_t\000"
 8384      6F5F7400 
 8385              	.LASF148:
 8386 01b3 63684576 		.ascii	"chEvtGetAndClearEventsI\000"
 8386      74476574 
 8386      416E6443 
 8386      6C656172 
 8386      4576656E 
 8387              	.LASF114:
 8388 01cb 6F735F69 		.ascii	"os_instance_config_t\000"
 8388      6E737461 
 8388      6E63655F 
 8388      636F6E66 
 8388      69675F74 
 8389              	.LASF142:
 8390 01e0 63684576 		.ascii	"chEvtSignalI\000"
 8390      74536967 
 8390      6E616C49 
 8390      00
 8391              	.LASF71:
 8392 01ed 66707363 		.ascii	"fpscr\000"
 8392      7200
 8393              	.LASF0:
 8394 01f3 6C6F6E67 		.ascii	"long long unsigned int\000"
ARM GAS  /tmp/ccwxRkBW.s 			page 150


 8394      206C6F6E 
 8394      6720756E 
 8394      7369676E 
 8394      65642069 
 8395              	.LASF145:
 8396 020a 63684576 		.ascii	"chEvtAddEvents\000"
 8396      74416464 
 8396      4576656E 
 8396      747300
 8397              	.LASF151:
 8398 0219 63684576 		.ascii	"chEvtRegisterMaskWithFlagsI\000"
 8398      74526567 
 8398      69737465 
 8398      724D6173 
 8398      6B576974 
 8399              	.LASF122:
 8400 0235 6576656E 		.ascii	"event_source_t\000"
 8400      745F736F 
 8400      75726365 
 8400      5F7400
 8401              	.LASF96:
 8402 0244 70717565 		.ascii	"pqueue\000"
 8402      756500
 8403              	.LASF31:
 8404 024b 636E745F 		.ascii	"cnt_t\000"
 8404      7400
 8405              	.LASF22:
 8406 0251 73746B6C 		.ascii	"stkline_t\000"
 8406      696E655F 
 8406      7400
 8407              	.LASF163:
 8408 025b 63685379 		.ascii	"chSysUnlock\000"
 8408      73556E6C 
 8408      6F636B00 
 8409              	.LASF162:
 8410 0267 63685468 		.ascii	"chThdGetSelfX\000"
 8410      64476574 
 8410      53656C66 
 8410      5800
 8411              	.LASF34:
 8412 0275 6F776E65 		.ascii	"owner\000"
 8412      7200
 8413              	.LASF48:
 8414 027b 6D74786C 		.ascii	"mtxlist\000"
 8414      69737400 
 8415              	.LASF85:
 8416 0283 63685F76 		.ascii	"ch_virtual_timers_list\000"
 8416      69727475 
 8416      616C5F74 
 8416      696D6572 
 8416      735F6C69 
 8417              	.LASF57:
 8418 029a 72666375 		.ascii	"rfcu\000"
 8418      00
 8419              	.LASF33:
 8420 029f 74687265 		.ascii	"thread_t\000"
 8420      61645F74 
ARM GAS  /tmp/ccwxRkBW.s 			page 151


 8420      00
 8421              	.LASF97:
 8422 02a8 7264796D 		.ascii	"rdymsg\000"
 8422      736700
 8423              	.LASF79:
 8424 02af 63685F70 		.ascii	"ch_priority_queue_t\000"
 8424      72696F72 
 8424      6974795F 
 8424      71756575 
 8424      655F7400 
 8425              	.LASF124:
 8426 02c3 5F426F6F 		.ascii	"_Bool\000"
 8426      6C00
 8427              	.LASF144:
 8428 02c9 63684576 		.ascii	"chEvtGetAndClearFlagsI\000"
 8428      74476574 
 8428      416E6443 
 8428      6C656172 
 8428      466C6167 
 8429              	.LASF43:
 8430 02e0 6F626A65 		.ascii	"object\000"
 8430      637400
 8431              	.LASF62:
 8432 02e7 63685F72 		.ascii	"ch_rfcu\000"
 8432      66637500 
 8433              	.LASF105:
 8434 02ef 63685F6D 		.ascii	"ch_mutex\000"
 8434      75746578 
 8434      00
 8435              	.LASF13:
 8436 02f8 5F5F7569 		.ascii	"__uint64_t\000"
 8436      6E743634 
 8436      5F7400
 8437              	.LASF128:
 8438 0303 63757272 		.ascii	"currtp\000"
 8438      747000
 8439              	.LASF160:
 8440 030a 63685363 		.ascii	"chSchRescheduleS\000"
 8440      68526573 
 8440      63686564 
 8440      756C6553 
 8440      00
 8441              	.LASF52:
 8442 031b 63685F6F 		.ascii	"ch_os_instance\000"
 8442      735F696E 
 8442      7374616E 
 8442      636500
 8443              	.LASF137:
 8444 032a 63684576 		.ascii	"chEvtBroadcastFlags\000"
 8444      7442726F 
 8444      61646361 
 8444      7374466C 
 8444      61677300 
 8445              	.LASF154:
 8446 033e 63685379 		.ascii	"chSysLock\000"
 8446      734C6F63 
 8446      6B00
ARM GAS  /tmp/ccwxRkBW.s 			page 152


 8447              	.LASF81:
 8448 0348 7072696F 		.ascii	"prio\000"
 8448      00
 8449              	.LASF146:
 8450 034d 6E657765 		.ascii	"newevt\000"
 8450      767400
 8451              	.LASF147:
 8452 0354 63684576 		.ascii	"chEvtGetAndClearEvents\000"
 8452      74476574 
 8452      416E6443 
 8452      6C656172 
 8452      4576656E 
 8453              	.LASF15:
 8454 036b 63686172 		.ascii	"char\000"
 8454      00
 8455              	.LASF82:
 8456 0370 63685F64 		.ascii	"ch_delta_list_t\000"
 8456      656C7461 
 8456      5F6C6973 
 8456      745F7400 
 8457              	.LASF61:
 8458 0380 72666375 		.ascii	"rfcu_mask_t\000"
 8458      5F6D6173 
 8458      6B5F7400 
 8459              	.LASF93:
 8460 038c 74687265 		.ascii	"thread_reference_t\000"
 8460      61645F72 
 8460      65666572 
 8460      656E6365 
 8460      5F7400
 8461              	.LASF35:
 8462 039f 77616261 		.ascii	"wabase\000"
 8462      736500
 8463              	.LASF24:
 8464 03a6 74737461 		.ascii	"tstate_t\000"
 8464      74655F74 
 8464      00
 8465              	.LASF41:
 8466 03af 72717565 		.ascii	"rqueue\000"
 8466      756500
 8467              	.LASF129:
 8468 03b6 63684576 		.ascii	"chEvtWaitAllTimeout\000"
 8468      74576169 
 8468      74416C6C 
 8468      54696D65 
 8468      6F757400 
 8469              	.LASF138:
 8470 03ca 63684576 		.ascii	"chEvtBroadcastFlagsI\000"
 8470      7442726F 
 8470      61646361 
 8470      7374466C 
 8470      61677349 
 8471              	.LASF123:
 8472 03df 65766861 		.ascii	"evhandler_t\000"
 8472      6E646C65 
 8472      725F7400 
 8473              	.LASF16:
ARM GAS  /tmp/ccwxRkBW.s 			page 153


 8474 03eb 75696E74 		.ascii	"uint8_t\000"
 8474      385F7400 
 8475              	.LASF45:
 8476 03f3 6D736771 		.ascii	"msgqueue\000"
 8476      75657565 
 8476      00
 8477              	.LASF51:
 8478 03fc 63685F74 		.ascii	"ch_thread\000"
 8478      68726561 
 8478      6400
 8479              	.LASF134:
 8480 0406 63684576 		.ascii	"chEvtWaitOne\000"
 8480      74576169 
 8480      744F6E65 
 8480      00
 8481              	.LASF67:
 8482 0413 73797374 		.ascii	"system_debug_t\000"
 8482      656D5F64 
 8482      65627567 
 8482      5F7400
 8483              	.LASF2:
 8484 0422 6C6F6E67 		.ascii	"long long int\000"
 8484      206C6F6E 
 8484      6720696E 
 8484      7400
 8485              	.LASF117:
 8486 0430 6576656E 		.ascii	"event_listener\000"
 8486      745F6C69 
 8486      7374656E 
 8486      657200
 8487              	.LASF27:
 8488 043f 6D73675F 		.ascii	"msg_t\000"
 8488      7400
 8489              	.LASF136:
 8490 0445 63684576 		.ascii	"chEvtDispatch\000"
 8490      74446973 
 8490      70617463 
 8490      6800
 8491              	.LASF92:
 8492 0453 72656769 		.ascii	"registry_t\000"
 8492      73747279 
 8492      5F7400
 8493              	.LASF113:
 8494 045e 69646C65 		.ascii	"idlestack_end\000"
 8494      73746163 
 8494      6B5F656E 
 8494      6400
 8495              	.LASF63:
 8496 046c 6D61736B 		.ascii	"mask\000"
 8496      00
 8497              	.LASF94:
 8498 0471 74687265 		.ascii	"thread_dispose_t\000"
 8498      61645F64 
 8498      6973706F 
 8498      73655F74 
 8498      00
 8499              	.LASF69:
ARM GAS  /tmp/ccwxRkBW.s 			page 154


 8500 0482 73797369 		.ascii	"sysinterval_t\000"
 8500      6E746572 
 8500      76616C5F 
 8500      7400
 8501              	.LASF76:
 8502 0490 63685F71 		.ascii	"ch_queue_t\000"
 8502      75657565 
 8502      5F7400
 8503              	.LASF30:
 8504 049b 6576656E 		.ascii	"eventflags_t\000"
 8504      74666C61 
 8504      67735F74 
 8504      00
 8505              	.LASF66:
 8506 04a8 70616E69 		.ascii	"panic_msg\000"
 8506      635F6D73 
 8506      6700
 8507              	.LASF112:
 8508 04b2 69646C65 		.ascii	"idlestack_base\000"
 8508      73746163 
 8508      6B5F6261 
 8508      736500
 8509              	.LASF23:
 8510 04c1 746D6F64 		.ascii	"tmode_t\000"
 8510      655F7400 
 8511              	.LASF87:
 8512 04c9 73797374 		.ascii	"systime\000"
 8512      696D6500 
 8513              	.LASF59:
 8514 04d1 69646C65 		.ascii	"idlethread\000"
 8514      74687265 
 8514      616400
 8515              	.LASF3:
 8516 04dc 6C6F6E67 		.ascii	"long double\000"
 8516      20646F75 
 8516      626C6500 
 8517              	.LASF73:
 8518 04e8 63685F6C 		.ascii	"ch_list_t\000"
 8518      6973745F 
 8518      7400
 8519              	.LASF14:
 8520 04f2 5F5F7569 		.ascii	"__uintptr_t\000"
 8520      6E747074 
 8520      725F7400 
 8521              	.LASF153:
 8522 04fe 63684576 		.ascii	"chEvtObjectInit\000"
 8522      744F626A 
 8522      65637449 
 8522      6E697400 
 8523              	.LASF58:
 8524 050e 636F6E66 		.ascii	"config\000"
 8524      696700
 8525              	.LASF6:
 8526 0515 73686F72 		.ascii	"short int\000"
 8526      7420696E 
 8526      7400
 8527              	.LASF120:
ARM GAS  /tmp/ccwxRkBW.s 			page 155


 8528 051f 77666C61 		.ascii	"wflags\000"
 8528      677300
 8529              	.LASF130:
 8530 0526 63684576 		.ascii	"chEvtWaitAnyTimeout\000"
 8530      74576169 
 8530      74416E79 
 8530      54696D65 
 8530      6F757400 
 8531              	.LASF10:
 8532 053a 6C6F6E67 		.ascii	"long int\000"
 8532      20696E74 
 8532      00
 8533              	.LASF70:
 8534 0543 706F7274 		.ascii	"port_intctx\000"
 8534      5F696E74 
 8534      63747800 
 8535              	.LASF157:
 8536 054f 474E5520 		.ascii	"GNU C17 13.3.1 20240614 -mcpu=cortex-r8 -mfloat-abi"
 8536      43313720 
 8536      31332E33 
 8536      2E312032 
 8536      30323430 
 8537 0582 3D686172 		.ascii	"=hard -mfpu=vfpv3-d16 -mno-thumb-interwork -marm -m"
 8537      64202D6D 
 8537      6670753D 
 8537      76667076 
 8537      332D6431 
 8538 05b5 61726368 		.ascii	"arch=armv7-r+fp+idiv -ggdb -O2 -fomit-frame-pointer"
 8538      3D61726D 
 8538      76372D72 
 8538      2B66702B 
 8538      69646976 
 8539 05e8 202D6661 		.ascii	" -falign-functions=16 -ffunction-sections -fdata-se"
 8539      6C69676E 
 8539      2D66756E 
 8539      6374696F 
 8539      6E733D31 
 8540 061b 6374696F 		.ascii	"ctions -fno-common\000"
 8540      6E73202D 
 8540      666E6F2D 
 8540      636F6D6D 
 8540      6F6E00
 8541              	.LASF36:
 8542 062e 7761656E 		.ascii	"waend\000"
 8542      6400
 8543              	.LASF111:
 8544 0634 63737461 		.ascii	"cstack_end\000"
 8544      636B5F65 
 8544      6E6400
 8545              	.LASF109:
 8546 063f 63685F6F 		.ascii	"ch_os_instance_config\000"
 8546      735F696E 
 8546      7374616E 
 8546      63655F63 
 8546      6F6E6669 
 8547              	.LASF86:
 8548 0655 646C6973 		.ascii	"dlist\000"
ARM GAS  /tmp/ccwxRkBW.s 			page 156


 8548      7400
 8549              	.LASF19:
 8550 065b 75696E74 		.ascii	"uint64_t\000"
 8550      36345F74 
 8550      00
 8551              	.LASF53:
 8552 0664 726C6973 		.ascii	"rlist\000"
 8552      7400
 8553              	.LASF8:
 8554 066a 5F5F7569 		.ascii	"__uint8_t\000"
 8554      6E74385F 
 8554      7400
 8555              	.LASF40:
 8556 0674 6E616D65 		.ascii	"name\000"
 8556      00
 8557              	.LASF158:
 8558 0679 2E2E2F2E 		.ascii	"../../../os/rt/src/chevents.c\000"
 8558      2E2F2E2E 
 8558      2F6F732F 
 8558      72742F73 
 8558      72632F63 
 8559              	.LASF141:
 8560 0697 63685363 		.ascii	"chSchGoSleepS\000"
 8560      68476F53 
 8560      6C656570 
 8560      5300
 8561              	.LASF20:
 8562 06a5 75696E74 		.ascii	"uintptr_t\000"
 8562      7074725F 
 8562      7400
 8563              	.LASF131:
 8564 06af 63684576 		.ascii	"chEvtWaitOneTimeout\000"
 8564      74576169 
 8564      744F6E65 
 8564      54696D65 
 8564      6F757400 
 8565              	.LASF25:
 8566 06c3 74726566 		.ascii	"trefs_t\000"
 8566      735F7400 
 8567              	.LASF12:
 8568 06cb 6C6F6E67 		.ascii	"long unsigned int\000"
 8568      20756E73 
 8568      69676E65 
 8568      6420696E 
 8568      7400
 8569              	.LASF108:
 8570 06dd 72656164 		.ascii	"ready_list_t\000"
 8570      795F6C69 
 8570      73745F74 
 8570      00
 8571              	.LASF125:
 8572 06ea 63685363 		.ascii	"chSchGoSleepTimeoutS\000"
 8572      68476F53 
 8572      6C656570 
 8572      54696D65 
 8572      6F757453 
 8573              	.LASF91:
ARM GAS  /tmp/ccwxRkBW.s 			page 157


 8574 06ff 71756575 		.ascii	"queue\000"
 8574      6500
 8575              	.LASF17:
 8576 0705 696E7433 		.ascii	"int32_t\000"
 8576      325F7400 
 8577              	.LASF132:
 8578 070d 63684576 		.ascii	"chEvtWaitAll\000"
 8578      74576169 
 8578      74416C6C 
 8578      00
 8579              	.LASF64:
 8580 071a 72666375 		.ascii	"rfcu_t\000"
 8580      5F7400
 8581              	.LASF101:
 8582 0721 77747365 		.ascii	"wtsemp\000"
 8582      6D7000
 8583              	.LASF80:
 8584 0728 63685F70 		.ascii	"ch_priority_queue\000"
 8584      72696F72 
 8584      6974795F 
 8584      71756575 
 8584      6500
 8585              	.LASF77:
 8586 073a 63685F71 		.ascii	"ch_queue\000"
 8586      75657565 
 8586      00
 8587              	.LASF115:
 8588 0743 6D757465 		.ascii	"mutex_t\000"
 8588      785F7400 
 8589              	.LASF5:
 8590 074b 756E7369 		.ascii	"unsigned char\000"
 8590      676E6564 
 8590      20636861 
 8590      7200
 8591              	.LASF11:
 8592 0759 5F5F7569 		.ascii	"__uint32_t\000"
 8592      6E743332 
 8592      5F7400
 8593              	.LASF44:
 8594 0764 77616974 		.ascii	"waiting\000"
 8594      696E6700 
 8595              	.LASF89:
 8596 076c 76697274 		.ascii	"virtual_timers_list_t\000"
 8596      75616C5F 
 8596      74696D65 
 8596      72735F6C 
 8596      6973745F 
 8597              	.LASF127:
 8598 0782 74696D65 		.ascii	"timeout\000"
 8598      6F757400 
 8599              	.LASF159:
 8600 078a 2F686F6D 		.ascii	"/home/emirhan/Documents/gemstone/chibiOS-port/Chibi"
 8600      652F656D 
 8600      69726861 
 8600      6E2F446F 
 8600      63756D65 
 8601 07bd 4F532F64 		.ascii	"OS/demos/various/RT-ARMCR8-GENERIC\000"
ARM GAS  /tmp/ccwxRkBW.s 			page 158


 8601      656D6F73 
 8601      2F766172 
 8601      696F7573 
 8601      2F52542D 
 8602              	.LASF140:
 8603 07e0 63684576 		.ascii	"chEvtSignal\000"
 8603      74536967 
 8603      6E616C00 
 8604              	.LASF60:
 8605 07ec 6D61696E 		.ascii	"mainthread\000"
 8605      74687265 
 8605      616400
 8606              	.LASF37:
 8607 07f7 73746174 		.ascii	"state\000"
 8607      6500
 8608              	.LASF50:
 8609 07fd 6F735F69 		.ascii	"os_instance_t\000"
 8609      6E737461 
 8609      6E63655F 
 8609      7400
 8610              	.LASF55:
 8611 080b 7265676C 		.ascii	"reglist\000"
 8611      69737400 
 8612              	.LASF100:
 8613 0813 77747472 		.ascii	"wttrp\000"
 8613      7000
 8614              	.LASF4:
 8615 0819 7369676E 		.ascii	"signed char\000"
 8615      65642063 
 8615      68617200 
 8616              	.LASF84:
 8617 0825 64656C74 		.ascii	"delta\000"
 8617      6100
 8618              	.LASF7:
 8619 082b 73686F72 		.ascii	"short unsigned int\000"
 8619      7420756E 
 8619      7369676E 
 8619      65642069 
 8619      6E7400
 8620              	.LASF150:
 8621 083e 63684576 		.ascii	"chEvtRegisterMaskWithFlags\000"
 8621      74526567 
 8621      69737465 
 8621      724D6173 
 8621      6B576974 
 8622              	.LASF107:
 8623 0859 63757272 		.ascii	"current\000"
 8623      656E7400 
 8624              	.LASF139:
 8625 0861 5F5F6675 		.ascii	"__func__\000"
 8625      6E635F5F 
 8625      00
 8626              	.LASF155:
 8627 086a 706F7274 		.ascii	"port_unlock\000"
 8627      5F756E6C 
 8627      6F636B00 
 8628              	.LASF133:
ARM GAS  /tmp/ccwxRkBW.s 			page 159


 8629 0876 63684576 		.ascii	"chEvtWaitAny\000"
 8629      74576169 
 8629      74416E79 
 8629      00
 8630              	.LASF28:
 8631 0883 6576656E 		.ascii	"eventid_t\000"
 8631      7469645F 
 8631      7400
 8632              	.LASF98:
 8633 088d 65786974 		.ascii	"exitcode\000"
 8633      636F6465 
 8633      00
 8634              	.LASF32:
 8635 0896 636F7265 		.ascii	"core_id_t\000"
 8635      5F69645F 
 8635      7400
 8636              		.ident	"GCC: (Arm GNU Toolchain 13.3.Rel1 (Build arm-13.24)) 13.3.1 20240614"
ARM GAS  /tmp/ccwxRkBW.s 			page 160


DEFINED SYMBOLS
                            *ABS*:00000000 chevents.c
     /tmp/ccwxRkBW.s:21     .text.chEvtObjectInit:00000000 $a
     /tmp/ccwxRkBW.s:27     .text.chEvtObjectInit:00000000 chEvtObjectInit
     /tmp/ccwxRkBW.s:47     .text.chEvtObjectDispose:00000000 $a
     /tmp/ccwxRkBW.s:53     .text.chEvtObjectDispose:00000000 chEvtObjectDispose
     /tmp/ccwxRkBW.s:77     .text.chEvtRegisterMaskWithFlagsI:00000000 $a
     /tmp/ccwxRkBW.s:83     .text.chEvtRegisterMaskWithFlagsI:00000000 chEvtRegisterMaskWithFlagsI
     /tmp/ccwxRkBW.s:152    .text.chEvtRegisterMaskWithFlags:00000000 $a
     /tmp/ccwxRkBW.s:158    .text.chEvtRegisterMaskWithFlags:00000000 chEvtRegisterMaskWithFlags
     /tmp/ccwxRkBW.s:292    .text.chEvtUnregister:00000000 $a
     /tmp/ccwxRkBW.s:298    .text.chEvtUnregister:00000000 chEvtUnregister
     /tmp/ccwxRkBW.s:425    .text.chEvtGetAndClearEventsI:00000000 $a
     /tmp/ccwxRkBW.s:431    .text.chEvtGetAndClearEventsI:00000000 chEvtGetAndClearEventsI
     /tmp/ccwxRkBW.s:473    .text.chEvtGetAndClearEvents:00000000 $a
     /tmp/ccwxRkBW.s:479    .text.chEvtGetAndClearEvents:00000000 chEvtGetAndClearEvents
     /tmp/ccwxRkBW.s:580    .text.chEvtAddEvents:00000000 $a
     /tmp/ccwxRkBW.s:586    .text.chEvtAddEvents:00000000 chEvtAddEvents
     /tmp/ccwxRkBW.s:671    .text.chEvtGetAndClearFlagsI:00000000 $a
     /tmp/ccwxRkBW.s:677    .text.chEvtGetAndClearFlagsI:00000000 chEvtGetAndClearFlagsI
     /tmp/ccwxRkBW.s:707    .text.chEvtGetAndClearFlags:00000000 $a
     /tmp/ccwxRkBW.s:713    .text.chEvtGetAndClearFlags:00000000 chEvtGetAndClearFlags
     /tmp/ccwxRkBW.s:792    .text.chEvtSignalI:00000000 $a
     /tmp/ccwxRkBW.s:798    .text.chEvtSignalI:00000000 chEvtSignalI
     /tmp/ccwxRkBW.s:874    .text.chEvtSignal:00000000 $a
     /tmp/ccwxRkBW.s:880    .text.chEvtSignal:00000000 chEvtSignal
     /tmp/ccwxRkBW.s:1043   .text.chEvtBroadcastFlagsI:00000000 $a
     /tmp/ccwxRkBW.s:1049   .text.chEvtBroadcastFlagsI:00000000 chEvtBroadcastFlagsI
     /tmp/ccwxRkBW.s:1203   .text.chEvtBroadcastFlags:00000000 $a
     /tmp/ccwxRkBW.s:1209   .text.chEvtBroadcastFlags:00000000 chEvtBroadcastFlags
     /tmp/ccwxRkBW.s:1287   .text.chEvtDispatch:00000000 $a
     /tmp/ccwxRkBW.s:1293   .text.chEvtDispatch:00000000 chEvtDispatch
     /tmp/ccwxRkBW.s:1377   .text.chEvtWaitOne:00000000 $a
     /tmp/ccwxRkBW.s:1383   .text.chEvtWaitOne:00000000 chEvtWaitOne
     /tmp/ccwxRkBW.s:1511   .text.chEvtWaitAny:00000000 $a
     /tmp/ccwxRkBW.s:1517   .text.chEvtWaitAny:00000000 chEvtWaitAny
     /tmp/ccwxRkBW.s:1641   .text.chEvtWaitAll:00000000 $a
     /tmp/ccwxRkBW.s:1647   .text.chEvtWaitAll:00000000 chEvtWaitAll
     /tmp/ccwxRkBW.s:1759   .text.chEvtWaitOneTimeout:00000000 $a
     /tmp/ccwxRkBW.s:1765   .text.chEvtWaitOneTimeout:00000000 chEvtWaitOneTimeout
     /tmp/ccwxRkBW.s:1901   .text.chEvtWaitAnyTimeout:00000000 $a
     /tmp/ccwxRkBW.s:1907   .text.chEvtWaitAnyTimeout:00000000 chEvtWaitAnyTimeout
     /tmp/ccwxRkBW.s:2038   .text.chEvtWaitAllTimeout:00000000 $a
     /tmp/ccwxRkBW.s:2044   .text.chEvtWaitAllTimeout:00000000 chEvtWaitAllTimeout

UNDEFINED SYMBOLS
ch0
chSchReadyI
chSchRescheduleS
chSchGoSleepS
chSchGoSleepTimeoutS
