ARM GAS  /tmp/ccWbXyoS.s 			page 1


   1              		.cpu cortex-r8
   2              		.arch armv7-r
   3              		.fpu vfpv3-d16
   4              		.arch_extension idiv
   5              		.eabi_attribute 28, 1
   6              		.eabi_attribute 20, 1
   7              		.eabi_attribute 21, 1
   8              		.eabi_attribute 23, 3
   9              		.eabi_attribute 24, 1
  10              		.eabi_attribute 25, 1
  11              		.eabi_attribute 26, 1
  12              		.eabi_attribute 30, 2
  13              		.eabi_attribute 34, 1
  14              		.eabi_attribute 18, 4
  15              		.file	"chmboxes.c"
  16              		.text
  17              	.Ltext0:
  18              		.cfi_sections	.debug_frame
  19              		.file 1 "../../../os/oslib/src/chmboxes.c"
  20              		.section	.text.chMBObjectInit,"ax",%progbits
  21              		.align	2
  22              		.p2align 4,,15
  23              		.global	chMBObjectInit
  24              		.syntax unified
  25              		.arm
  26              		.type	chMBObjectInit, %function
  27              	chMBObjectInit:
  28              	.LVL0:
  29              	.LFB207:
  30              		.loc 1 88 59 view -0
  31              		.cfi_startproc
  32              		@ args = 0, pretend = 0, frame = 0
  33              		@ frame_needed = 0, uses_anonymous_args = 0
  34              		.loc 1 90 3 view .LVU1
  35              		.loc 1 90 3 view .LVU2
  36              		.loc 1 90 3 discriminator 7 view .LVU3
  37              		.loc 1 92 3 view .LVU4
  38              		.loc 1 96 15 is_stmt 0 view .LVU5
  39 0000 0030A0E3 		mov	r3, #0
  40              		.loc 1 88 59 view .LVU6
  41 0004 10402DE9 		push	{r4, lr}
  42              		.cfi_def_cfa_offset 8
  43              		.cfi_offset 4, -8
  44              		.cfi_offset 14, -4
  45              		.loc 1 88 59 view .LVU7
  46 0008 0040A0E1 		mov	r4, r0
  47              		.loc 1 93 17 view .LVU8
  48 000c 022181E0 		add	r2, r1, r2, lsl #2
  49              	.LVL1:
  50              		.loc 1 94 15 view .LVU9
  51 0010 0C1080E5 		str	r1, [r0, #12]
  52              		.loc 1 95 15 view .LVU10
  53 0014 081080E5 		str	r1, [r0, #8]
  54              		.loc 1 96 15 view .LVU11
  55 0018 103080E5 		str	r3, [r0, #16]
  56              		.loc 1 97 15 view .LVU12
  57 001c 1430C0E5 		strb	r3, [r0, #20]
ARM GAS  /tmp/ccWbXyoS.s 			page 2


  58              		.loc 1 93 15 view .LVU13
  59 0020 060080E8 		stm	r0, {r1, r2}
  60              		.loc 1 94 3 is_stmt 1 view .LVU14
  61              		.loc 1 95 3 view .LVU15
  62              		.loc 1 96 3 view .LVU16
  63              		.loc 1 97 3 view .LVU17
  64              		.loc 1 98 3 view .LVU18
  65 0024 180080E2 		add	r0, r0, #24
  66              	.LVL2:
  67              		.loc 1 98 3 is_stmt 0 view .LVU19
  68 0028 FEFFFFEB 		bl	chThdQueueObjectInit
  69              	.LVL3:
  70              		.loc 1 99 3 is_stmt 1 view .LVU20
  71 002c 200084E2 		add	r0, r4, #32
  72              		.loc 1 100 1 is_stmt 0 view .LVU21
  73 0030 1040BDE8 		pop	{r4, lr}
  74              		.cfi_restore 14
  75              		.cfi_restore 4
  76              		.cfi_def_cfa_offset 0
  77              	.LVL4:
  78              		.loc 1 99 3 view .LVU22
  79 0034 FEFFFFEA 		b	chThdQueueObjectInit
  80              	.LVL5:
  81              		.loc 1 99 3 view .LVU23
  82              		.cfi_endproc
  83              	.LFE207:
  84              		.size	chMBObjectInit, .-chMBObjectInit
  85              		.section	.text.chMBObjectDispose,"ax",%progbits
  86              		.align	2
  87              		.p2align 4,,15
  88              		.global	chMBObjectDispose
  89              		.syntax unified
  90              		.arm
  91              		.type	chMBObjectDispose, %function
  92              	chMBObjectDispose:
  93              	.LVL6:
  94              	.LFB208:
  95              		.loc 1 117 40 is_stmt 1 view -0
  96              		.cfi_startproc
  97              		@ args = 0, pretend = 0, frame = 0
  98              		@ frame_needed = 0, uses_anonymous_args = 0
  99              		.loc 1 119 3 view .LVU25
 100              		.loc 1 119 3 view .LVU26
 101              		.loc 1 119 3 discriminator 5 view .LVU27
 102              		.loc 1 120 3 view .LVU28
 103              		.loc 1 120 3 view .LVU29
 104              		.loc 1 120 3 discriminator 5 view .LVU30
 105              		.loc 1 122 3 view .LVU31
 106              		.loc 1 117 40 is_stmt 0 view .LVU32
 107 0000 10402DE9 		push	{r4, lr}
 108              		.cfi_def_cfa_offset 8
 109              		.cfi_offset 4, -8
 110              		.cfi_offset 14, -4
 111              		.loc 1 117 40 view .LVU33
 112 0004 0040A0E1 		mov	r4, r0
 113              		.loc 1 122 3 view .LVU34
 114 0008 200080E2 		add	r0, r0, #32
ARM GAS  /tmp/ccWbXyoS.s 			page 3


 115              	.LVL7:
 116              		.loc 1 122 3 view .LVU35
 117 000c FEFFFFEB 		bl	chThdQueueObjectDispose
 118              	.LVL8:
 119              		.loc 1 123 3 is_stmt 1 view .LVU36
 120 0010 180084E2 		add	r0, r4, #24
 121              		.loc 1 128 1 is_stmt 0 view .LVU37
 122 0014 1040BDE8 		pop	{r4, lr}
 123              		.cfi_restore 14
 124              		.cfi_restore 4
 125              		.cfi_def_cfa_offset 0
 126              	.LVL9:
 127              		.loc 1 123 3 view .LVU38
 128 0018 FEFFFFEA 		b	chThdQueueObjectDispose
 129              	.LVL10:
 130              		.loc 1 123 3 view .LVU39
 131              		.cfi_endproc
 132              	.LFE208:
 133              		.size	chMBObjectDispose, .-chMBObjectDispose
 134              		.section	.text.chMBReset,"ax",%progbits
 135              		.align	2
 136              		.p2align 4,,15
 137              		.global	chMBReset
 138              		.syntax unified
 139              		.arm
 140              		.type	chMBReset, %function
 141              	chMBReset:
 142              	.LVL11:
 143              	.LFB209:
 144              		.loc 1 142 32 is_stmt 1 view -0
 145              		.cfi_startproc
 146              		@ args = 0, pretend = 0, frame = 0
 147              		@ frame_needed = 0, uses_anonymous_args = 0
 148              		.loc 1 144 3 view .LVU41
 149              	.LBB79:
 150              	.LBI79:
 151              		.file 2 "../../../os/rt/include/chsys.h"
 152              		.loc 2 371 20 view .LVU42
 153              		.loc 2 373 3 view .LVU43
 154              	.LBB80:
 155              	.LBI80:
 156              		.file 3 "../../../os/common/ports/ARMv7-R/chcore.h"
 157              		.loc 3 739 20 view .LVU44
 158              	.LBB81:
 159              		.loc 3 741 3 view .LVU45
 160              	.LBE81:
 161              	.LBE80:
 162              	.LBE79:
 163              		.loc 1 142 32 is_stmt 0 view .LVU46
 164 0000 10402DE9 		push	{r4, lr}
 165              		.cfi_def_cfa_offset 8
 166              		.cfi_offset 4, -8
 167              		.cfi_offset 14, -4
 168              		.loc 1 142 32 view .LVU47
 169 0004 0040A0E1 		mov	r4, r0
 170              	.LBB84:
 171              	.LBB83:
ARM GAS  /tmp/ccWbXyoS.s 			page 4


 172              	.LBB82:
 173              		.loc 3 741 3 view .LVU48
 174              		.syntax divided
 175              	@ 741 "../../../os/common/ports/ARMv7-R/chcore.h" 1
 176 0008 80000CF1 		cpsid   i
 177              	@ 0 "" 2
 178              		.arm
 179              		.syntax unified
 180              	.LBE82:
 181              	.LBE83:
 182              		.loc 2 374 35 is_stmt 1 view .LVU49
 183              		.loc 2 375 21 view .LVU50
 184              	.LBE84:
 185              		.loc 1 145 3 view .LVU51
 186              	.LVL12:
 187              	.LBB85:
 188              	.LBI85:
 189              		.loc 1 162 6 view .LVU52
 190              	.LBB86:
 191              		.loc 1 164 21 view .LVU53
 192              		.loc 1 165 3 view .LVU54
 193              		.loc 1 165 3 view .LVU55
 194              		.loc 1 165 3 discriminator 5 view .LVU56
 195              		.loc 1 167 3 view .LVU57
 196              		.loc 1 169 14 is_stmt 0 view .LVU58
 197 000c 00C0A0E3 		mov	ip, #0
 198              		.loc 1 170 14 view .LVU59
 199 0010 0120A0E3 		mov	r2, #1
 200 0014 003090E5 		ldr	r3, [r0]
 201              		.loc 1 168 3 is_stmt 1 view .LVU60
 202              		.loc 1 171 3 is_stmt 0 view .LVU61
 203 0018 0110E0E3 		mvn	r1, #1
 204              		.loc 1 167 14 view .LVU62
 205 001c 083080E5 		str	r3, [r0, #8]
 206 0020 0C3080E5 		str	r3, [r0, #12]
 207              		.loc 1 169 3 is_stmt 1 view .LVU63
 208              		.loc 1 169 14 is_stmt 0 view .LVU64
 209 0024 10C084E5 		str	ip, [r4, #16]
 210              		.loc 1 170 3 is_stmt 1 view .LVU65
 211              		.loc 1 170 14 is_stmt 0 view .LVU66
 212 0028 1420C4E5 		strb	r2, [r4, #20]
 213              		.loc 1 171 3 is_stmt 1 view .LVU67
 214 002c 180080E2 		add	r0, r0, #24
 215              	.LVL13:
 216              		.loc 1 171 3 is_stmt 0 view .LVU68
 217 0030 FEFFFFEB 		bl	chThdDequeueAllI
 218              	.LVL14:
 219              		.loc 1 172 3 is_stmt 1 view .LVU69
 220 0034 0110E0E3 		mvn	r1, #1
 221 0038 200084E2 		add	r0, r4, #32
 222 003c FEFFFFEB 		bl	chThdDequeueAllI
 223              	.LVL15:
 224              		.loc 1 172 3 is_stmt 0 view .LVU70
 225              	.LBE86:
 226              	.LBE85:
 227              		.loc 1 146 3 is_stmt 1 view .LVU71
 228 0040 FEFFFFEB 		bl	chSchRescheduleS
ARM GAS  /tmp/ccWbXyoS.s 			page 5


 229              	.LVL16:
 230              		.loc 1 147 3 view .LVU72
 231              	.LBB87:
 232              	.LBI87:
 233              		.loc 2 385 20 view .LVU73
 234              	.LBB88:
 235              		.loc 2 387 23 view .LVU74
 236              		.loc 2 388 34 view .LVU75
 237              		.loc 2 394 3 view .LVU76
 238              		.loc 2 394 3 view .LVU77
 239              		.loc 2 394 3 discriminator 7 view .LVU78
 240              		.loc 2 398 3 view .LVU79
 241              	.LBB89:
 242              	.LBI89:
 243              		.loc 3 751 20 view .LVU80
 244              	.LBB90:
 245              		.loc 3 756 3 view .LVU81
 246              		.syntax divided
 247              	@ 756 "../../../os/common/ports/ARMv7-R/chcore.h" 1
 248 0044 C00008F1 		cpsie   if
 249              	@ 0 "" 2
 250              		.arm
 251              		.syntax unified
 252              	.LBE90:
 253              	.LBE89:
 254              	.LBE88:
 255              	.LBE87:
 256              		.loc 1 148 1 is_stmt 0 view .LVU82
 257 0048 1080BDE8 		pop	{r4, pc}
 258              		.cfi_endproc
 259              	.LFE209:
 260              		.size	chMBReset, .-chMBReset
 261              		.section	.text.chMBResetI,"ax",%progbits
 262              		.align	2
 263              		.p2align 4,,15
 264              		.global	chMBResetI
 265              		.syntax unified
 266              		.arm
 267              		.type	chMBResetI, %function
 268              	chMBResetI:
 269              	.LVL17:
 270              	.LFB210:
 271              		.loc 1 162 33 is_stmt 1 view -0
 272              		.cfi_startproc
 273              		@ args = 0, pretend = 0, frame = 0
 274              		@ frame_needed = 0, uses_anonymous_args = 0
 275              		.loc 1 164 21 view .LVU84
 276              		.loc 1 165 3 view .LVU85
 277              		.loc 1 165 3 view .LVU86
 278              		.loc 1 165 3 discriminator 5 view .LVU87
 279              		.loc 1 167 3 view .LVU88
 280              		.loc 1 162 33 is_stmt 0 view .LVU89
 281 0000 10402DE9 		push	{r4, lr}
 282              		.cfi_def_cfa_offset 8
 283              		.cfi_offset 4, -8
 284              		.cfi_offset 14, -4
 285              		.loc 1 169 14 view .LVU90
ARM GAS  /tmp/ccWbXyoS.s 			page 6


 286 0004 00C0A0E3 		mov	ip, #0
 287              		.loc 1 162 33 view .LVU91
 288 0008 0040A0E1 		mov	r4, r0
 289              		.loc 1 170 14 view .LVU92
 290 000c 0120A0E3 		mov	r2, #1
 291 0010 003090E5 		ldr	r3, [r0]
 292              		.loc 1 168 3 is_stmt 1 view .LVU93
 293              		.loc 1 169 14 is_stmt 0 view .LVU94
 294 0014 10C080E5 		str	ip, [r0, #16]
 295              		.loc 1 170 14 view .LVU95
 296 0018 1420C0E5 		strb	r2, [r0, #20]
 297              		.loc 1 171 3 view .LVU96
 298 001c 0110E0E3 		mvn	r1, #1
 299 0020 180080E2 		add	r0, r0, #24
 300              	.LVL18:
 301              		.loc 1 167 14 view .LVU97
 302 0024 083084E5 		str	r3, [r4, #8]
 303 0028 0C3084E5 		str	r3, [r4, #12]
 304              		.loc 1 169 3 is_stmt 1 view .LVU98
 305              		.loc 1 170 3 view .LVU99
 306              		.loc 1 171 3 view .LVU100
 307 002c FEFFFFEB 		bl	chThdDequeueAllI
 308              	.LVL19:
 309              		.loc 1 172 3 view .LVU101
 310 0030 200084E2 		add	r0, r4, #32
 311              		.loc 1 173 1 is_stmt 0 view .LVU102
 312 0034 1040BDE8 		pop	{r4, lr}
 313              		.cfi_restore 14
 314              		.cfi_restore 4
 315              		.cfi_def_cfa_offset 0
 316              	.LVL20:
 317              		.loc 1 172 3 view .LVU103
 318 0038 0110E0E3 		mvn	r1, #1
 319 003c FEFFFFEA 		b	chThdDequeueAllI
 320              	.LVL21:
 321              		.loc 1 172 3 view .LVU104
 322              		.cfi_endproc
 323              	.LFE210:
 324              		.size	chMBResetI, .-chMBResetI
 325              		.section	.text.chMBPostTimeoutS,"ax",%progbits
 326              		.align	2
 327              		.p2align 4,,15
 328              		.global	chMBPostTimeoutS
 329              		.syntax unified
 330              		.arm
 331              		.type	chMBPostTimeoutS, %function
 332              	chMBPostTimeoutS:
 333              	.LVL22:
 334              	.LFB212:
 335              		.loc 1 221 74 is_stmt 1 view -0
 336              		.cfi_startproc
 337              		@ args = 0, pretend = 0, frame = 0
 338              		@ frame_needed = 0, uses_anonymous_args = 0
 339              		.loc 1 222 3 view .LVU106
 340              		.loc 1 224 21 view .LVU107
 341              		.loc 1 225 3 view .LVU108
 342              		.loc 1 225 3 view .LVU109
ARM GAS  /tmp/ccWbXyoS.s 			page 7


 343              		.loc 1 221 74 is_stmt 0 view .LVU110
 344 0000 F0412DE9 		push	{r4, r5, r6, r7, r8, lr}
 345              		.cfi_def_cfa_offset 24
 346              		.cfi_offset 4, -24
 347              		.cfi_offset 5, -20
 348              		.cfi_offset 6, -16
 349              		.cfi_offset 7, -12
 350              		.cfi_offset 8, -8
 351              		.cfi_offset 14, -4
 352              		.loc 1 221 74 view .LVU111
 353 0004 0040A0E1 		mov	r4, r0
 354 0008 0170A0E1 		mov	r7, r1
 355 000c 0250A0E1 		mov	r5, r2
 356              		.loc 1 249 14 view .LVU112
 357 0010 186080E2 		add	r6, r0, #24
 358 0014 0A0000EA 		b	.L14
 359              	.LVL23:
 360              	.L21:
 361              	.LBB91:
 362              	.LBB92:
 363              	.LBB93:
 364              		.file 4 "../../../os/oslib/include/chmboxes.h"
 365              		.loc 4 140 22 view .LVU113
 366 0018 041094E5 		ldr	r1, [r4, #4]
 367              		.loc 4 140 33 view .LVU114
 368 001c 002094E5 		ldr	r2, [r4]
 369              	.LVL24:
 370              		.loc 4 140 33 view .LVU115
 371              	.LBE93:
 372              	.LBE92:
 373              	.LBB96:
 374              	.LBI96:
 375              		.loc 4 152 22 is_stmt 1 view .LVU116
 376              	.LBB97:
 377              		.loc 4 154 21 view .LVU117
 378              		.loc 4 156 3 view .LVU118
 379              		.loc 4 156 13 is_stmt 0 view .LVU119
 380 0020 103094E5 		ldr	r3, [r4, #16]
 381              	.LVL25:
 382              		.loc 4 156 13 view .LVU120
 383              	.LBE97:
 384              	.LBE96:
 385              	.LBB98:
 386              	.LBB94:
 387              		.loc 4 140 28 view .LVU121
 388 0024 020041E0 		sub	r0, r1, r2
 389              	.LBE94:
 390              	.LBE98:
 391              	.LBE91:
 392              		.loc 1 234 8 discriminator 1 view .LVU122
 393 0028 400153E1 		cmp	r3, r0, asr #2
 394 002c 0900001A 		bne	.L20
 395              		.loc 1 249 14 view .LVU123
 396 0030 0510A0E1 		mov	r1, r5
 397 0034 0600A0E1 		mov	r0, r6
 398 0038 FEFFFFEB 		bl	chThdEnqueueTimeoutS
 399              	.LVL26:
ARM GAS  /tmp/ccWbXyoS.s 			page 8


 400              		.loc 1 250 19 is_stmt 1 view .LVU124
 401 003c 000050E3 		cmp	r0, #0
 402              		.loc 1 250 19 is_stmt 0 view .LVU125
 403 0040 F081BD18 		popne	{r4, r5, r6, r7, r8, pc}
 404              	.LVL27:
 405              	.L14:
 406              		.loc 1 225 3 is_stmt 1 discriminator 5 view .LVU126
 407              		.loc 1 227 3 view .LVU127
 408              		.loc 1 229 5 view .LVU128
 409              		.loc 1 234 5 view .LVU129
 410              	.LBB100:
 411              	.LBI91:
 412              		.loc 4 167 22 view .LVU130
 413              		.loc 4 169 21 view .LVU131
 414              		.loc 4 171 3 view .LVU132
 415              	.LBB99:
 416              	.LBI92:
 417              		.loc 4 136 22 view .LVU133
 418              	.LBB95:
 419              		.loc 4 140 3 view .LVU134
 420              	.LBE95:
 421              	.LBE99:
 422              	.LBE100:
 423              		.loc 1 249 5 view .LVU135
 424              		.loc 1 229 8 is_stmt 0 view .LVU136
 425 0044 1430D4E5 		ldrb	r3, [r4, #20]	@ zero_extendqisi2
 426 0048 000053E3 		cmp	r3, #0
 427 004c F1FFFF0A 		beq	.L21
 428              		.loc 1 230 14 view .LVU137
 429 0050 0100E0E3 		mvn	r0, #1
 430              		.loc 1 253 1 view .LVU138
 431 0054 F081BDE8 		pop	{r4, r5, r6, r7, r8, pc}
 432              	.LVL28:
 433              	.L20:
 434              		.loc 1 235 7 is_stmt 1 view .LVU139
 435              		.loc 1 235 11 is_stmt 0 view .LVU140
 436 0058 080094E5 		ldr	r0, [r4, #8]
 437              		.loc 1 239 15 view .LVU141
 438 005c 013083E2 		add	r3, r3, #1
 439              		.loc 1 235 18 view .LVU142
 440 0060 04C080E2 		add	ip, r0, #4
 441 0064 08C084E5 		str	ip, [r4, #8]
 442              		.loc 1 236 10 view .LVU143
 443 0068 01005CE1 		cmp	ip, r1
 444              		.loc 1 235 21 view .LVU144
 445 006c 007080E5 		str	r7, [r0]
 446              		.loc 1 236 7 is_stmt 1 view .LVU145
 447              		.loc 1 237 20 is_stmt 0 view .LVU146
 448 0070 08209435 		ldrcc	r2, [r4, #8]
 449              		.loc 1 242 7 view .LVU147
 450 0074 200084E2 		add	r0, r4, #32
 451 0078 0010A0E3 		mov	r1, #0
 452 007c 082084E5 		str	r2, [r4, #8]
 453              		.loc 1 239 7 is_stmt 1 view .LVU148
 454              		.loc 1 239 15 is_stmt 0 view .LVU149
 455 0080 103084E5 		str	r3, [r4, #16]
 456              		.loc 1 242 7 is_stmt 1 view .LVU150
ARM GAS  /tmp/ccWbXyoS.s 			page 9


 457 0084 FEFFFFEB 		bl	chThdDequeueNextI
 458              	.LVL29:
 459              		.loc 1 243 7 view .LVU151
 460 0088 FEFFFFEB 		bl	chSchRescheduleS
 461              	.LVL30:
 462              		.loc 1 245 7 view .LVU152
 463              		.loc 1 245 14 is_stmt 0 view .LVU153
 464 008c 0000A0E3 		mov	r0, #0
 465 0090 F081BDE8 		pop	{r4, r5, r6, r7, r8, pc}
 466              		.cfi_endproc
 467              	.LFE212:
 468              		.size	chMBPostTimeoutS, .-chMBPostTimeoutS
 469              		.section	.text.chMBPostTimeout,"ax",%progbits
 470              		.align	2
 471              		.p2align 4,,15
 472              		.global	chMBPostTimeout
 473              		.syntax unified
 474              		.arm
 475              		.type	chMBPostTimeout, %function
 476              	chMBPostTimeout:
 477              	.LVL31:
 478              	.LFB211:
 479              		.loc 1 193 73 is_stmt 1 view -0
 480              		.cfi_startproc
 481              		@ args = 0, pretend = 0, frame = 0
 482              		@ frame_needed = 0, uses_anonymous_args = 0
 483              		.loc 1 194 3 view .LVU155
 484              		.loc 1 196 3 view .LVU156
 485              	.LBB101:
 486              	.LBI101:
 487              		.loc 2 371 20 view .LVU157
 488              		.loc 2 373 3 view .LVU158
 489              	.LBB102:
 490              	.LBI102:
 491              		.loc 3 739 20 view .LVU159
 492              	.LBB103:
 493              		.loc 3 741 3 view .LVU160
 494              	.LBE103:
 495              	.LBE102:
 496              	.LBE101:
 497              		.loc 1 193 73 is_stmt 0 view .LVU161
 498 0000 10402DE9 		push	{r4, lr}
 499              		.cfi_def_cfa_offset 8
 500              		.cfi_offset 4, -8
 501              		.cfi_offset 14, -4
 502              	.LBB106:
 503              	.LBB105:
 504              	.LBB104:
 505              		.loc 3 741 3 view .LVU162
 506              		.syntax divided
 507              	@ 741 "../../../os/common/ports/ARMv7-R/chcore.h" 1
 508 0004 80000CF1 		cpsid   i
 509              	@ 0 "" 2
 510              		.arm
 511              		.syntax unified
 512              	.LBE104:
 513              	.LBE105:
ARM GAS  /tmp/ccWbXyoS.s 			page 10


 514              		.loc 2 374 35 is_stmt 1 view .LVU163
 515              		.loc 2 375 21 view .LVU164
 516              	.LBE106:
 517              		.loc 1 197 3 view .LVU165
 518              		.loc 1 197 12 is_stmt 0 view .LVU166
 519 0008 FEFFFFEB 		bl	chMBPostTimeoutS
 520              	.LVL32:
 521              		.loc 1 198 3 is_stmt 1 view .LVU167
 522              	.LBB107:
 523              	.LBI107:
 524              		.loc 2 385 20 view .LVU168
 525              	.LBB108:
 526              		.loc 2 387 23 view .LVU169
 527              		.loc 2 388 34 view .LVU170
 528              		.loc 2 394 3 view .LVU171
 529              		.loc 2 394 3 view .LVU172
 530              		.loc 2 394 3 discriminator 7 view .LVU173
 531              		.loc 2 398 3 view .LVU174
 532              	.LBB109:
 533              	.LBI109:
 534              		.loc 3 751 20 view .LVU175
 535              	.LBB110:
 536              		.loc 3 756 3 view .LVU176
 537              		.syntax divided
 538              	@ 756 "../../../os/common/ports/ARMv7-R/chcore.h" 1
 539 000c C00008F1 		cpsie   if
 540              	@ 0 "" 2
 541              		.arm
 542              		.syntax unified
 543              	.LBE110:
 544              	.LBE109:
 545              	.LBE108:
 546              	.LBE107:
 547              		.loc 1 200 3 view .LVU177
 548              		.loc 1 201 1 is_stmt 0 view .LVU178
 549 0010 1080BDE8 		pop	{r4, pc}
 550              		.cfi_endproc
 551              	.LFE211:
 552              		.size	chMBPostTimeout, .-chMBPostTimeout
 553              		.section	.text.chMBPostI,"ax",%progbits
 554              		.align	2
 555              		.p2align 4,,15
 556              		.global	chMBPostI
 557              		.syntax unified
 558              		.arm
 559              		.type	chMBPostI, %function
 560              	chMBPostI:
 561              	.LVL33:
 562              	.LFB213:
 563              		.loc 1 270 44 is_stmt 1 view -0
 564              		.cfi_startproc
 565              		@ args = 0, pretend = 0, frame = 0
 566              		@ frame_needed = 0, uses_anonymous_args = 0
 567              		.loc 1 272 21 view .LVU180
 568              		.loc 1 273 3 view .LVU181
 569              		.loc 1 273 3 view .LVU182
 570              		.loc 1 273 3 discriminator 5 view .LVU183
ARM GAS  /tmp/ccWbXyoS.s 			page 11


 571              		.loc 1 276 3 view .LVU184
 572              		.loc 1 276 6 is_stmt 0 view .LVU185
 573 0000 1430D0E5 		ldrb	r3, [r0, #20]	@ zero_extendqisi2
 574 0004 000053E3 		cmp	r3, #0
 575 0008 1500001A 		bne	.L27
 576              		.loc 1 281 3 is_stmt 1 view .LVU186
 577              	.LVL34:
 578              	.LBB111:
 579              	.LBI111:
 580              		.loc 4 167 22 view .LVU187
 581              		.loc 4 169 21 view .LVU188
 582              		.loc 4 171 3 view .LVU189
 583              	.LBB112:
 584              	.LBI112:
 585              		.loc 4 136 22 view .LVU190
 586              	.LBB113:
 587              		.loc 4 140 3 view .LVU191
 588              		.loc 4 140 33 is_stmt 0 view .LVU192
 589 000c 041090E8 		ldm	r0, {r2, ip}
 590              	.LVL35:
 591              		.loc 4 140 33 view .LVU193
 592              	.LBE113:
 593              	.LBE112:
 594              	.LBB115:
 595              	.LBI115:
 596              		.loc 4 152 22 is_stmt 1 view .LVU194
 597              	.LBB116:
 598              		.loc 4 154 21 view .LVU195
 599              		.loc 4 156 3 view .LVU196
 600              		.loc 4 156 13 is_stmt 0 view .LVU197
 601 0010 103090E5 		ldr	r3, [r0, #16]
 602              	.LVL36:
 603              		.loc 4 156 13 view .LVU198
 604              	.LBE116:
 605              	.LBE115:
 606              	.LBE111:
 607              		.loc 1 270 44 view .LVU199
 608 0014 10402DE9 		push	{r4, lr}
 609              		.cfi_def_cfa_offset 8
 610              		.cfi_offset 4, -8
 611              		.cfi_offset 14, -4
 612              	.LBB118:
 613              	.LBB117:
 614              	.LBB114:
 615              		.loc 4 140 28 view .LVU200
 616 0018 02E04CE0 		sub	lr, ip, r2
 617              	.LBE114:
 618              	.LBE117:
 619              	.LBE118:
 620              		.loc 1 281 6 discriminator 1 view .LVU201
 621 001c 4E0153E1 		cmp	r3, lr, asr #2
 622 0020 0D00000A 		beq	.L28
 623              		.loc 1 282 5 is_stmt 1 view .LVU202
 624              		.loc 1 282 9 is_stmt 0 view .LVU203
 625 0024 08E090E5 		ldr	lr, [r0, #8]
 626              		.loc 1 286 13 view .LVU204
 627 0028 013083E2 		add	r3, r3, #1
ARM GAS  /tmp/ccWbXyoS.s 			page 12


 628              		.loc 1 282 16 view .LVU205
 629 002c 04408EE2 		add	r4, lr, #4
 630 0030 084080E5 		str	r4, [r0, #8]
 631              		.loc 1 283 8 view .LVU206
 632 0034 0C0054E1 		cmp	r4, ip
 633              		.loc 1 282 19 view .LVU207
 634 0038 00108EE5 		str	r1, [lr]
 635              		.loc 1 283 5 is_stmt 1 view .LVU208
 636              		.loc 1 284 18 is_stmt 0 view .LVU209
 637 003c 08209035 		ldrcc	r2, [r0, #8]
 638              		.loc 1 286 13 view .LVU210
 639 0040 103080E5 		str	r3, [r0, #16]
 640 0044 082080E5 		str	r2, [r0, #8]
 641              		.loc 1 286 5 is_stmt 1 view .LVU211
 642              		.loc 1 289 5 view .LVU212
 643 0048 0010A0E3 		mov	r1, #0
 644              	.LVL37:
 645              		.loc 1 289 5 is_stmt 0 view .LVU213
 646 004c 200080E2 		add	r0, r0, #32
 647              	.LVL38:
 648              		.loc 1 289 5 view .LVU214
 649 0050 FEFFFFEB 		bl	chThdDequeueNextI
 650              	.LVL39:
 651              		.loc 1 291 5 is_stmt 1 view .LVU215
 652              		.loc 1 291 12 is_stmt 0 view .LVU216
 653 0054 0000A0E3 		mov	r0, #0
 654 0058 1080BDE8 		pop	{r4, pc}
 655              	.LVL40:
 656              	.L28:
 657              		.loc 1 295 10 view .LVU217
 658 005c 0000E0E3 		mvn	r0, #0
 659              	.LVL41:
 660              		.loc 1 296 1 view .LVU218
 661 0060 1080BDE8 		pop	{r4, pc}
 662              	.LVL42:
 663              	.L27:
 664              		.cfi_def_cfa_offset 0
 665              		.cfi_restore 4
 666              		.cfi_restore 14
 667              		.loc 1 277 12 view .LVU219
 668 0064 0100E0E3 		mvn	r0, #1
 669              	.LVL43:
 670              		.loc 1 296 1 view .LVU220
 671 0068 1EFF2FE1 		bx	lr
 672              		.cfi_endproc
 673              	.LFE213:
 674              		.size	chMBPostI, .-chMBPostI
 675              		.section	.text.chMBPostAheadTimeoutS,"ax",%progbits
 676              		.align	2
 677              		.p2align 4,,15
 678              		.global	chMBPostAheadTimeoutS
 679              		.syntax unified
 680              		.arm
 681              		.type	chMBPostAheadTimeoutS, %function
 682              	chMBPostAheadTimeoutS:
 683              	.LVL44:
 684              	.LFB215:
ARM GAS  /tmp/ccWbXyoS.s 			page 13


 685              		.loc 1 344 79 is_stmt 1 view -0
 686              		.cfi_startproc
 687              		@ args = 0, pretend = 0, frame = 0
 688              		@ frame_needed = 0, uses_anonymous_args = 0
 689              		.loc 1 345 3 view .LVU222
 690              		.loc 1 347 21 view .LVU223
 691              		.loc 1 348 3 view .LVU224
 692              		.loc 1 348 3 view .LVU225
 693              		.loc 1 344 79 is_stmt 0 view .LVU226
 694 0000 F0412DE9 		push	{r4, r5, r6, r7, r8, lr}
 695              		.cfi_def_cfa_offset 24
 696              		.cfi_offset 4, -24
 697              		.cfi_offset 5, -20
 698              		.cfi_offset 6, -16
 699              		.cfi_offset 7, -12
 700              		.cfi_offset 8, -8
 701              		.cfi_offset 14, -4
 702              		.loc 1 344 79 view .LVU227
 703 0004 0040A0E1 		mov	r4, r0
 704 0008 0160A0E1 		mov	r6, r1
 705 000c 0250A0E1 		mov	r5, r2
 706              		.loc 1 372 14 view .LVU228
 707 0010 187080E2 		add	r7, r0, #24
 708 0014 0A0000EA 		b	.L37
 709              	.LVL45:
 710              	.L45:
 711              	.LBB119:
 712              	.LBB120:
 713              	.LBB121:
 714              		.loc 4 140 22 view .LVU229
 715 0018 041094E5 		ldr	r1, [r4, #4]
 716              		.loc 4 140 33 view .LVU230
 717 001c 002094E5 		ldr	r2, [r4]
 718              	.LVL46:
 719              		.loc 4 140 33 view .LVU231
 720              	.LBE121:
 721              	.LBE120:
 722              	.LBB124:
 723              	.LBI124:
 724              		.loc 4 152 22 is_stmt 1 view .LVU232
 725              	.LBB125:
 726              		.loc 4 154 21 view .LVU233
 727              		.loc 4 156 3 view .LVU234
 728              		.loc 4 156 13 is_stmt 0 view .LVU235
 729 0020 103094E5 		ldr	r3, [r4, #16]
 730              	.LVL47:
 731              		.loc 4 156 13 view .LVU236
 732              	.LBE125:
 733              	.LBE124:
 734              	.LBB126:
 735              	.LBB122:
 736              		.loc 4 140 28 view .LVU237
 737 0024 020041E0 		sub	r0, r1, r2
 738              	.LBE122:
 739              	.LBE126:
 740              	.LBE119:
 741              		.loc 1 357 8 discriminator 1 view .LVU238
ARM GAS  /tmp/ccWbXyoS.s 			page 14


 742 0028 400153E1 		cmp	r3, r0, asr #2
 743 002c 0900001A 		bne	.L44
 744              		.loc 1 372 14 view .LVU239
 745 0030 0510A0E1 		mov	r1, r5
 746 0034 0700A0E1 		mov	r0, r7
 747 0038 FEFFFFEB 		bl	chThdEnqueueTimeoutS
 748              	.LVL48:
 749              		.loc 1 373 19 is_stmt 1 view .LVU240
 750 003c 000050E3 		cmp	r0, #0
 751              		.loc 1 373 19 is_stmt 0 view .LVU241
 752 0040 F081BD18 		popne	{r4, r5, r6, r7, r8, pc}
 753              	.LVL49:
 754              	.L37:
 755              		.loc 1 348 3 is_stmt 1 discriminator 5 view .LVU242
 756              		.loc 1 350 3 view .LVU243
 757              		.loc 1 352 5 view .LVU244
 758              		.loc 1 357 5 view .LVU245
 759              	.LBB128:
 760              	.LBI119:
 761              		.loc 4 167 22 view .LVU246
 762              		.loc 4 169 21 view .LVU247
 763              		.loc 4 171 3 view .LVU248
 764              	.LBB127:
 765              	.LBI120:
 766              		.loc 4 136 22 view .LVU249
 767              	.LBB123:
 768              		.loc 4 140 3 view .LVU250
 769              	.LBE123:
 770              	.LBE127:
 771              	.LBE128:
 772              		.loc 1 372 5 view .LVU251
 773              		.loc 1 352 8 is_stmt 0 view .LVU252
 774 0044 1430D4E5 		ldrb	r3, [r4, #20]	@ zero_extendqisi2
 775 0048 000053E3 		cmp	r3, #0
 776 004c F1FFFF0A 		beq	.L45
 777              		.loc 1 353 14 view .LVU253
 778 0050 0100E0E3 		mvn	r0, #1
 779              		.loc 1 376 1 view .LVU254
 780 0054 F081BDE8 		pop	{r4, r5, r6, r7, r8, pc}
 781              	.LVL50:
 782              	.L44:
 783              		.loc 1 358 7 is_stmt 1 view .LVU255
 784              		.loc 1 358 11 is_stmt 0 view .LVU256
 785 0058 0C0094E5 		ldr	r0, [r4, #12]
 786              		.loc 1 362 15 view .LVU257
 787 005c 013083E2 		add	r3, r3, #1
 788              		.loc 1 358 11 view .LVU258
 789 0060 040040E2 		sub	r0, r0, #4
 790              		.loc 1 358 10 view .LVU259
 791 0064 020050E1 		cmp	r0, r2
 792              		.loc 1 359 9 is_stmt 1 view .LVU260
 793              		.loc 1 359 31 is_stmt 0 view .LVU261
 794 0068 04004132 		subcc	r0, r1, #4
 795              		.loc 1 358 10 view .LVU262
 796 006c 0C0084E5 		str	r0, [r4, #12]
 797              		.loc 1 361 7 is_stmt 1 view .LVU263
 798              		.loc 1 365 7 is_stmt 0 view .LVU264
ARM GAS  /tmp/ccWbXyoS.s 			page 15


 799 0070 0010A0E3 		mov	r1, #0
 800              		.loc 1 361 19 view .LVU265
 801 0074 006080E5 		str	r6, [r0]
 802              		.loc 1 362 7 is_stmt 1 view .LVU266
 803              		.loc 1 365 7 is_stmt 0 view .LVU267
 804 0078 200084E2 		add	r0, r4, #32
 805              		.loc 1 362 15 view .LVU268
 806 007c 103084E5 		str	r3, [r4, #16]
 807              		.loc 1 365 7 is_stmt 1 view .LVU269
 808 0080 FEFFFFEB 		bl	chThdDequeueNextI
 809              	.LVL51:
 810              		.loc 1 366 7 view .LVU270
 811 0084 FEFFFFEB 		bl	chSchRescheduleS
 812              	.LVL52:
 813              		.loc 1 368 7 view .LVU271
 814              		.loc 1 368 14 is_stmt 0 view .LVU272
 815 0088 0000A0E3 		mov	r0, #0
 816 008c F081BDE8 		pop	{r4, r5, r6, r7, r8, pc}
 817              		.cfi_endproc
 818              	.LFE215:
 819              		.size	chMBPostAheadTimeoutS, .-chMBPostAheadTimeoutS
 820              		.section	.text.chMBPostAheadTimeout,"ax",%progbits
 821              		.align	2
 822              		.p2align 4,,15
 823              		.global	chMBPostAheadTimeout
 824              		.syntax unified
 825              		.arm
 826              		.type	chMBPostAheadTimeout, %function
 827              	chMBPostAheadTimeout:
 828              	.LVL53:
 829              	.LFB214:
 830              		.loc 1 316 78 is_stmt 1 view -0
 831              		.cfi_startproc
 832              		@ args = 0, pretend = 0, frame = 0
 833              		@ frame_needed = 0, uses_anonymous_args = 0
 834              		.loc 1 317 3 view .LVU274
 835              		.loc 1 319 3 view .LVU275
 836              	.LBB129:
 837              	.LBI129:
 838              		.loc 2 371 20 view .LVU276
 839              		.loc 2 373 3 view .LVU277
 840              	.LBB130:
 841              	.LBI130:
 842              		.loc 3 739 20 view .LVU278
 843              	.LBB131:
 844              		.loc 3 741 3 view .LVU279
 845              	.LBE131:
 846              	.LBE130:
 847              	.LBE129:
 848              		.loc 1 316 78 is_stmt 0 view .LVU280
 849 0000 10402DE9 		push	{r4, lr}
 850              		.cfi_def_cfa_offset 8
 851              		.cfi_offset 4, -8
 852              		.cfi_offset 14, -4
 853              	.LBB134:
 854              	.LBB133:
 855              	.LBB132:
ARM GAS  /tmp/ccWbXyoS.s 			page 16


 856              		.loc 3 741 3 view .LVU281
 857              		.syntax divided
 858              	@ 741 "../../../os/common/ports/ARMv7-R/chcore.h" 1
 859 0004 80000CF1 		cpsid   i
 860              	@ 0 "" 2
 861              		.arm
 862              		.syntax unified
 863              	.LBE132:
 864              	.LBE133:
 865              		.loc 2 374 35 is_stmt 1 view .LVU282
 866              		.loc 2 375 21 view .LVU283
 867              	.LBE134:
 868              		.loc 1 320 3 view .LVU284
 869              		.loc 1 320 12 is_stmt 0 view .LVU285
 870 0008 FEFFFFEB 		bl	chMBPostAheadTimeoutS
 871              	.LVL54:
 872              		.loc 1 321 3 is_stmt 1 view .LVU286
 873              	.LBB135:
 874              	.LBI135:
 875              		.loc 2 385 20 view .LVU287
 876              	.LBB136:
 877              		.loc 2 387 23 view .LVU288
 878              		.loc 2 388 34 view .LVU289
 879              		.loc 2 394 3 view .LVU290
 880              		.loc 2 394 3 view .LVU291
 881              		.loc 2 394 3 discriminator 7 view .LVU292
 882              		.loc 2 398 3 view .LVU293
 883              	.LBB137:
 884              	.LBI137:
 885              		.loc 3 751 20 view .LVU294
 886              	.LBB138:
 887              		.loc 3 756 3 view .LVU295
 888              		.syntax divided
 889              	@ 756 "../../../os/common/ports/ARMv7-R/chcore.h" 1
 890 000c C00008F1 		cpsie   if
 891              	@ 0 "" 2
 892              		.arm
 893              		.syntax unified
 894              	.LBE138:
 895              	.LBE137:
 896              	.LBE136:
 897              	.LBE135:
 898              		.loc 1 323 3 view .LVU296
 899              		.loc 1 324 1 is_stmt 0 view .LVU297
 900 0010 1080BDE8 		pop	{r4, pc}
 901              		.cfi_endproc
 902              	.LFE214:
 903              		.size	chMBPostAheadTimeout, .-chMBPostAheadTimeout
 904              		.section	.text.chMBPostAheadI,"ax",%progbits
 905              		.align	2
 906              		.p2align 4,,15
 907              		.global	chMBPostAheadI
 908              		.syntax unified
 909              		.arm
 910              		.type	chMBPostAheadI, %function
 911              	chMBPostAheadI:
 912              	.LVL55:
ARM GAS  /tmp/ccWbXyoS.s 			page 17


 913              	.LFB216:
 914              		.loc 1 393 49 is_stmt 1 view -0
 915              		.cfi_startproc
 916              		@ args = 0, pretend = 0, frame = 0
 917              		@ frame_needed = 0, uses_anonymous_args = 0
 918              		.loc 1 395 21 view .LVU299
 919              		.loc 1 396 3 view .LVU300
 920              		.loc 1 396 3 view .LVU301
 921              		.loc 1 396 3 discriminator 5 view .LVU302
 922              		.loc 1 399 3 view .LVU303
 923              		.loc 1 399 6 is_stmt 0 view .LVU304
 924 0000 1420D0E5 		ldrb	r2, [r0, #20]	@ zero_extendqisi2
 925 0004 000052E3 		cmp	r2, #0
 926 0008 1600001A 		bne	.L51
 927              		.loc 1 404 3 is_stmt 1 view .LVU305
 928              	.LVL56:
 929              	.LBB139:
 930              	.LBI139:
 931              		.loc 4 167 22 view .LVU306
 932              		.loc 4 169 21 view .LVU307
 933              		.loc 4 171 3 view .LVU308
 934              	.LBB140:
 935              	.LBI140:
 936              		.loc 4 136 22 view .LVU309
 937              	.LBB141:
 938              		.loc 4 140 3 view .LVU310
 939 000c 0030A0E1 		mov	r3, r0
 940              	.LBE141:
 941              	.LBE140:
 942              	.LBE139:
 943              		.loc 1 393 49 is_stmt 0 view .LVU311
 944 0010 10402DE9 		push	{r4, lr}
 945              		.cfi_def_cfa_offset 8
 946              		.cfi_offset 4, -8
 947              		.cfi_offset 14, -4
 948 0014 01E0A0E1 		mov	lr, r1
 949              	.LBB148:
 950              	.LBB144:
 951              	.LBB142:
 952              		.loc 4 140 33 view .LVU312
 953 0018 021090E8 		ldm	r0, {r1, ip}
 954              	.LVL57:
 955              		.loc 4 140 33 view .LVU313
 956              	.LBE142:
 957              	.LBE144:
 958              	.LBB145:
 959              	.LBI145:
 960              		.loc 4 152 22 is_stmt 1 view .LVU314
 961              	.LBB146:
 962              		.loc 4 154 21 view .LVU315
 963              		.loc 4 156 3 view .LVU316
 964              		.loc 4 156 13 is_stmt 0 view .LVU317
 965 001c 100090E5 		ldr	r0, [r0, #16]
 966              	.LVL58:
 967              		.loc 4 156 13 view .LVU318
 968              	.LBE146:
 969              	.LBE145:
ARM GAS  /tmp/ccWbXyoS.s 			page 18


 970              	.LBB147:
 971              	.LBB143:
 972              		.loc 4 140 28 view .LVU319
 973 0020 01204CE0 		sub	r2, ip, r1
 974              	.LBE143:
 975              	.LBE147:
 976              	.LBE148:
 977              		.loc 1 404 6 discriminator 1 view .LVU320
 978 0024 420150E1 		cmp	r0, r2, asr #2
 979 0028 0C00000A 		beq	.L52
 980              		.loc 1 405 5 is_stmt 1 view .LVU321
 981              		.loc 1 405 9 is_stmt 0 view .LVU322
 982 002c 0C2093E5 		ldr	r2, [r3, #12]
 983 0030 042042E2 		sub	r2, r2, #4
 984              		.loc 1 405 8 view .LVU323
 985 0034 010052E1 		cmp	r2, r1
 986              		.loc 1 406 7 is_stmt 1 view .LVU324
 987              		.loc 1 406 29 is_stmt 0 view .LVU325
 988 0038 04204C32 		subcc	r2, ip, #4
 989              		.loc 1 409 13 view .LVU326
 990 003c 01C080E2 		add	ip, r0, #1
 991              		.loc 1 405 8 view .LVU327
 992 0040 0C2083E5 		str	r2, [r3, #12]
 993              		.loc 1 408 5 is_stmt 1 view .LVU328
 994              		.loc 1 412 5 is_stmt 0 view .LVU329
 995 0044 200083E2 		add	r0, r3, #32
 996              		.loc 1 408 17 view .LVU330
 997 0048 00E082E5 		str	lr, [r2]
 998              		.loc 1 409 5 is_stmt 1 view .LVU331
 999              		.loc 1 412 5 is_stmt 0 view .LVU332
 1000 004c 0010A0E3 		mov	r1, #0
 1001              		.loc 1 409 13 view .LVU333
 1002 0050 10C083E5 		str	ip, [r3, #16]
 1003              		.loc 1 412 5 is_stmt 1 view .LVU334
 1004 0054 FEFFFFEB 		bl	chThdDequeueNextI
 1005              	.LVL59:
 1006              		.loc 1 414 5 view .LVU335
 1007              		.loc 1 414 12 is_stmt 0 view .LVU336
 1008 0058 0000A0E3 		mov	r0, #0
 1009 005c 1080BDE8 		pop	{r4, pc}
 1010              	.LVL60:
 1011              	.L52:
 1012              		.loc 1 418 10 view .LVU337
 1013 0060 0000E0E3 		mvn	r0, #0
 1014              		.loc 1 419 1 view .LVU338
 1015 0064 1080BDE8 		pop	{r4, pc}
 1016              	.LVL61:
 1017              	.L51:
 1018              		.cfi_def_cfa_offset 0
 1019              		.cfi_restore 4
 1020              		.cfi_restore 14
 1021              		.loc 1 400 12 view .LVU339
 1022 0068 0100E0E3 		mvn	r0, #1
 1023              	.LVL62:
 1024              		.loc 1 419 1 view .LVU340
 1025 006c 1EFF2FE1 		bx	lr
 1026              		.cfi_endproc
ARM GAS  /tmp/ccWbXyoS.s 			page 19


 1027              	.LFE216:
 1028              		.size	chMBPostAheadI, .-chMBPostAheadI
 1029              		.section	.text.chMBFetchTimeoutS,"ax",%progbits
 1030              		.align	2
 1031              		.p2align 4,,15
 1032              		.global	chMBFetchTimeoutS
 1033              		.syntax unified
 1034              		.arm
 1035              		.type	chMBFetchTimeoutS, %function
 1036              	chMBFetchTimeoutS:
 1037              	.LVL63:
 1038              	.LFB218:
 1039              		.loc 1 467 77 is_stmt 1 view -0
 1040              		.cfi_startproc
 1041              		@ args = 0, pretend = 0, frame = 0
 1042              		@ frame_needed = 0, uses_anonymous_args = 0
 1043              		.loc 1 468 3 view .LVU342
 1044              		.loc 1 470 21 view .LVU343
 1045              		.loc 1 471 3 view .LVU344
 1046              		.loc 1 471 3 view .LVU345
 1047              		.loc 1 467 77 is_stmt 0 view .LVU346
 1048 0000 F0412DE9 		push	{r4, r5, r6, r7, r8, lr}
 1049              		.cfi_def_cfa_offset 24
 1050              		.cfi_offset 4, -24
 1051              		.cfi_offset 5, -20
 1052              		.cfi_offset 6, -16
 1053              		.cfi_offset 7, -12
 1054              		.cfi_offset 8, -8
 1055              		.cfi_offset 14, -4
 1056              		.loc 1 467 77 view .LVU347
 1057 0004 0040A0E1 		mov	r4, r0
 1058 0008 0160A0E1 		mov	r6, r1
 1059 000c 0250A0E1 		mov	r5, r2
 1060              		.loc 1 495 14 view .LVU348
 1061 0010 207080E2 		add	r7, r0, #32
 1062 0014 070000EA 		b	.L62
 1063              	.LVL64:
 1064              	.L69:
 1065              	.LBB149:
 1066              	.LBB150:
 1067              		.loc 4 156 13 view .LVU349
 1068 0018 103094E5 		ldr	r3, [r4, #16]
 1069              	.LVL65:
 1070              		.loc 4 156 13 view .LVU350
 1071              	.LBE150:
 1072              	.LBE149:
 1073              		.loc 1 480 8 discriminator 1 view .LVU351
 1074 001c 000053E3 		cmp	r3, #0
 1075 0020 0900001A 		bne	.L68
 1076              		.loc 1 495 14 view .LVU352
 1077 0024 0510A0E1 		mov	r1, r5
 1078 0028 0700A0E1 		mov	r0, r7
 1079 002c FEFFFFEB 		bl	chThdEnqueueTimeoutS
 1080              	.LVL66:
 1081              		.loc 1 496 19 is_stmt 1 view .LVU353
 1082 0030 000050E3 		cmp	r0, #0
 1083              		.loc 1 496 19 is_stmt 0 view .LVU354
ARM GAS  /tmp/ccWbXyoS.s 			page 20


 1084 0034 F081BD18 		popne	{r4, r5, r6, r7, r8, pc}
 1085              	.LVL67:
 1086              	.L62:
 1087              		.loc 1 471 3 is_stmt 1 discriminator 5 view .LVU355
 1088              		.loc 1 473 3 view .LVU356
 1089              		.loc 1 475 5 view .LVU357
 1090              		.loc 1 480 5 view .LVU358
 1091              	.LBB152:
 1092              	.LBI149:
 1093              		.loc 4 152 22 view .LVU359
 1094              	.LBB151:
 1095              		.loc 4 154 21 view .LVU360
 1096              		.loc 4 156 3 view .LVU361
 1097              	.LBE151:
 1098              	.LBE152:
 1099              		.loc 1 495 5 view .LVU362
 1100              		.loc 1 475 8 is_stmt 0 view .LVU363
 1101 0038 1430D4E5 		ldrb	r3, [r4, #20]	@ zero_extendqisi2
 1102 003c 000053E3 		cmp	r3, #0
 1103 0040 F4FFFF0A 		beq	.L69
 1104              		.loc 1 476 14 view .LVU364
 1105 0044 0100E0E3 		mvn	r0, #1
 1106              		.loc 1 499 1 view .LVU365
 1107 0048 F081BDE8 		pop	{r4, r5, r6, r7, r8, pc}
 1108              	.LVL68:
 1109              	.L68:
 1110              		.loc 1 481 7 is_stmt 1 view .LVU366
 1111              		.loc 1 481 19 is_stmt 0 view .LVU367
 1112 004c 0C1094E5 		ldr	r1, [r4, #12]
 1113              		.loc 1 485 15 view .LVU368
 1114 0050 013043E2 		sub	r3, r3, #1
 1115              		.loc 1 481 26 view .LVU369
 1116 0054 042081E2 		add	r2, r1, #4
 1117              		.loc 1 481 15 view .LVU370
 1118 0058 001091E5 		ldr	r1, [r1]
 1119              		.loc 1 481 26 view .LVU371
 1120 005c 0C2084E5 		str	r2, [r4, #12]
 1121              		.loc 1 481 13 view .LVU372
 1122 0060 001086E5 		str	r1, [r6]
 1123              		.loc 1 482 7 is_stmt 1 view .LVU373
 1124              		.loc 1 482 10 is_stmt 0 view .LVU374
 1125 0064 041094E5 		ldr	r1, [r4, #4]
 1126              		.loc 1 488 7 view .LVU375
 1127 0068 180084E2 		add	r0, r4, #24
 1128              		.loc 1 482 10 view .LVU376
 1129 006c 010052E1 		cmp	r2, r1
 1130              		.loc 1 483 9 is_stmt 1 view .LVU377
 1131              		.loc 1 485 7 view .LVU378
 1132              		.loc 1 483 20 is_stmt 0 view .LVU379
 1133 0070 00209425 		ldrcs	r2, [r4]
 1134              		.loc 1 488 7 view .LVU380
 1135 0074 0010A0E3 		mov	r1, #0
 1136              		.loc 1 483 20 view .LVU381
 1137 0078 0C208425 		strcs	r2, [r4, #12]
 1138              		.loc 1 485 15 view .LVU382
 1139 007c 103084E5 		str	r3, [r4, #16]
 1140              		.loc 1 488 7 is_stmt 1 view .LVU383
ARM GAS  /tmp/ccWbXyoS.s 			page 21


 1141 0080 FEFFFFEB 		bl	chThdDequeueNextI
 1142              	.LVL69:
 1143              		.loc 1 489 7 view .LVU384
 1144 0084 FEFFFFEB 		bl	chSchRescheduleS
 1145              	.LVL70:
 1146              		.loc 1 491 7 view .LVU385
 1147              		.loc 1 491 14 is_stmt 0 view .LVU386
 1148 0088 0000A0E3 		mov	r0, #0
 1149 008c F081BDE8 		pop	{r4, r5, r6, r7, r8, pc}
 1150              		.cfi_endproc
 1151              	.LFE218:
 1152              		.size	chMBFetchTimeoutS, .-chMBFetchTimeoutS
 1153              		.section	.text.chMBFetchTimeout,"ax",%progbits
 1154              		.align	2
 1155              		.p2align 4,,15
 1156              		.global	chMBFetchTimeout
 1157              		.syntax unified
 1158              		.arm
 1159              		.type	chMBFetchTimeout, %function
 1160              	chMBFetchTimeout:
 1161              	.LVL71:
 1162              	.LFB217:
 1163              		.loc 1 439 76 is_stmt 1 view -0
 1164              		.cfi_startproc
 1165              		@ args = 0, pretend = 0, frame = 0
 1166              		@ frame_needed = 0, uses_anonymous_args = 0
 1167              		.loc 1 440 3 view .LVU388
 1168              		.loc 1 442 3 view .LVU389
 1169              	.LBB153:
 1170              	.LBI153:
 1171              		.loc 2 371 20 view .LVU390
 1172              		.loc 2 373 3 view .LVU391
 1173              	.LBB154:
 1174              	.LBI154:
 1175              		.loc 3 739 20 view .LVU392
 1176              	.LBB155:
 1177              		.loc 3 741 3 view .LVU393
 1178              	.LBE155:
 1179              	.LBE154:
 1180              	.LBE153:
 1181              		.loc 1 439 76 is_stmt 0 view .LVU394
 1182 0000 10402DE9 		push	{r4, lr}
 1183              		.cfi_def_cfa_offset 8
 1184              		.cfi_offset 4, -8
 1185              		.cfi_offset 14, -4
 1186              	.LBB158:
 1187              	.LBB157:
 1188              	.LBB156:
 1189              		.loc 3 741 3 view .LVU395
 1190              		.syntax divided
 1191              	@ 741 "../../../os/common/ports/ARMv7-R/chcore.h" 1
 1192 0004 80000CF1 		cpsid   i
 1193              	@ 0 "" 2
 1194              		.arm
 1195              		.syntax unified
 1196              	.LBE156:
 1197              	.LBE157:
ARM GAS  /tmp/ccWbXyoS.s 			page 22


 1198              		.loc 2 374 35 is_stmt 1 view .LVU396
 1199              		.loc 2 375 21 view .LVU397
 1200              	.LBE158:
 1201              		.loc 1 443 3 view .LVU398
 1202              		.loc 1 443 12 is_stmt 0 view .LVU399
 1203 0008 FEFFFFEB 		bl	chMBFetchTimeoutS
 1204              	.LVL72:
 1205              		.loc 1 444 3 is_stmt 1 view .LVU400
 1206              	.LBB159:
 1207              	.LBI159:
 1208              		.loc 2 385 20 view .LVU401
 1209              	.LBB160:
 1210              		.loc 2 387 23 view .LVU402
 1211              		.loc 2 388 34 view .LVU403
 1212              		.loc 2 394 3 view .LVU404
 1213              		.loc 2 394 3 view .LVU405
 1214              		.loc 2 394 3 discriminator 7 view .LVU406
 1215              		.loc 2 398 3 view .LVU407
 1216              	.LBB161:
 1217              	.LBI161:
 1218              		.loc 3 751 20 view .LVU408
 1219              	.LBB162:
 1220              		.loc 3 756 3 view .LVU409
 1221              		.syntax divided
 1222              	@ 756 "../../../os/common/ports/ARMv7-R/chcore.h" 1
 1223 000c C00008F1 		cpsie   if
 1224              	@ 0 "" 2
 1225              		.arm
 1226              		.syntax unified
 1227              	.LBE162:
 1228              	.LBE161:
 1229              	.LBE160:
 1230              	.LBE159:
 1231              		.loc 1 446 3 view .LVU410
 1232              		.loc 1 447 1 is_stmt 0 view .LVU411
 1233 0010 1080BDE8 		pop	{r4, pc}
 1234              		.cfi_endproc
 1235              	.LFE217:
 1236              		.size	chMBFetchTimeout, .-chMBFetchTimeout
 1237              		.section	.text.chMBFetchI,"ax",%progbits
 1238              		.align	2
 1239              		.p2align 4,,15
 1240              		.global	chMBFetchI
 1241              		.syntax unified
 1242              		.arm
 1243              		.type	chMBFetchI, %function
 1244              	chMBFetchI:
 1245              	.LVL73:
 1246              	.LFB219:
 1247              		.loc 1 516 47 is_stmt 1 view -0
 1248              		.cfi_startproc
 1249              		@ args = 0, pretend = 0, frame = 0
 1250              		@ frame_needed = 0, uses_anonymous_args = 0
 1251              		.loc 1 518 21 view .LVU413
 1252              		.loc 1 519 3 view .LVU414
 1253              		.loc 1 519 3 view .LVU415
 1254              		.loc 1 519 3 discriminator 5 view .LVU416
ARM GAS  /tmp/ccWbXyoS.s 			page 23


 1255              		.loc 1 522 3 view .LVU417
 1256              		.loc 1 522 6 is_stmt 0 view .LVU418
 1257 0000 1430D0E5 		ldrb	r3, [r0, #20]	@ zero_extendqisi2
 1258 0004 000053E3 		cmp	r3, #0
 1259 0008 1500001A 		bne	.L75
 1260              		.loc 1 527 3 is_stmt 1 view .LVU419
 1261              	.LVL74:
 1262              	.LBB163:
 1263              	.LBI163:
 1264              		.loc 4 152 22 view .LVU420
 1265              	.LBB164:
 1266              		.loc 4 154 21 view .LVU421
 1267              		.loc 4 156 3 view .LVU422
 1268              		.loc 4 156 13 is_stmt 0 view .LVU423
 1269 000c 103090E5 		ldr	r3, [r0, #16]
 1270              	.LVL75:
 1271              		.loc 4 156 13 view .LVU424
 1272              	.LBE164:
 1273              	.LBE163:
 1274              		.loc 1 527 6 discriminator 1 view .LVU425
 1275 0010 000053E3 		cmp	r3, #0
 1276 0014 1000000A 		beq	.L76
 1277              		.loc 1 528 5 is_stmt 1 view .LVU426
 1278              		.loc 1 528 17 is_stmt 0 view .LVU427
 1279 0018 0CC090E5 		ldr	ip, [r0, #12]
 1280              		.loc 1 516 47 view .LVU428
 1281 001c 10402DE9 		push	{r4, lr}
 1282              		.cfi_def_cfa_offset 8
 1283              		.cfi_offset 4, -8
 1284              		.cfi_offset 14, -4
 1285              		.loc 1 528 24 view .LVU429
 1286 0020 04208CE2 		add	r2, ip, #4
 1287              		.loc 1 528 13 view .LVU430
 1288 0024 00C09CE5 		ldr	ip, [ip]
 1289              		.loc 1 528 24 view .LVU431
 1290 0028 0C2080E5 		str	r2, [r0, #12]
 1291              		.loc 1 528 11 view .LVU432
 1292 002c 00C081E5 		str	ip, [r1]
 1293              		.loc 1 529 5 is_stmt 1 view .LVU433
 1294              		.loc 1 529 8 is_stmt 0 view .LVU434
 1295 0030 041090E5 		ldr	r1, [r0, #4]
 1296              	.LVL76:
 1297              		.loc 1 532 13 view .LVU435
 1298 0034 013043E2 		sub	r3, r3, #1
 1299              		.loc 1 529 8 view .LVU436
 1300 0038 010052E1 		cmp	r2, r1
 1301              		.loc 1 530 7 is_stmt 1 view .LVU437
 1302              		.loc 1 532 5 view .LVU438
 1303              		.loc 1 530 18 is_stmt 0 view .LVU439
 1304 003c 00209025 		ldrcs	r2, [r0]
 1305              		.loc 1 532 13 view .LVU440
 1306 0040 103080E5 		str	r3, [r0, #16]
 1307              		.loc 1 535 5 is_stmt 1 view .LVU441
 1308              		.loc 1 530 18 is_stmt 0 view .LVU442
 1309 0044 0C208025 		strcs	r2, [r0, #12]
 1310              		.loc 1 535 5 view .LVU443
 1311 0048 0010A0E3 		mov	r1, #0
ARM GAS  /tmp/ccWbXyoS.s 			page 24


 1312 004c 180080E2 		add	r0, r0, #24
 1313              	.LVL77:
 1314              		.loc 1 535 5 view .LVU444
 1315 0050 FEFFFFEB 		bl	chThdDequeueNextI
 1316              	.LVL78:
 1317              		.loc 1 537 5 is_stmt 1 view .LVU445
 1318              		.loc 1 537 12 is_stmt 0 view .LVU446
 1319 0054 0000A0E3 		mov	r0, #0
 1320              		.loc 1 542 1 view .LVU447
 1321 0058 1080BDE8 		pop	{r4, pc}
 1322              	.LVL79:
 1323              	.L76:
 1324              		.cfi_def_cfa_offset 0
 1325              		.cfi_restore 4
 1326              		.cfi_restore 14
 1327              		.loc 1 541 10 view .LVU448
 1328 005c 0000E0E3 		mvn	r0, #0
 1329              	.LVL80:
 1330              		.loc 1 542 1 view .LVU449
 1331 0060 1EFF2FE1 		bx	lr
 1332              	.LVL81:
 1333              	.L75:
 1334              		.loc 1 523 12 view .LVU450
 1335 0064 0100E0E3 		mvn	r0, #1
 1336              	.LVL82:
 1337              		.loc 1 523 12 view .LVU451
 1338 0068 1EFF2FE1 		bx	lr
 1339              		.cfi_endproc
 1340              	.LFE219:
 1341              		.size	chMBFetchI, .-chMBFetchI
 1342              		.text
 1343              	.Letext0:
 1344              		.file 5 "/home/emirhan/Documents/gemstone/chibiOS-port/tools/arm-gnu-toolchain-13.3.rel1-x86_64-ar
 1345              		.file 6 "/home/emirhan/Documents/gemstone/chibiOS-port/tools/arm-gnu-toolchain-13.3.rel1-x86_64-ar
 1346              		.file 7 "/home/emirhan/Documents/gemstone/chibiOS-port/tools/arm-gnu-toolchain-13.3.rel1-x86_64-ar
 1347              		.file 8 "../../../os/rt/include/chearly.h"
 1348              		.file 9 "../../../os/rt/include/chtime.h"
 1349              		.file 10 "../../../os/rt/include/chlists.h"
 1350              		.file 11 "../../../os/rt/include/chobjects.h"
 1351              		.file 12 "../../../os/rt/include/chthreads.h"
 1352              		.file 13 "../../../os/rt/include/chschd.h"
 1353              		.section	.debug_info,"",%progbits
 1354              	.Ldebug_info0:
 1355 0000 520D0000 		.4byte	0xd52
 1356 0004 0500     		.2byte	0x5
 1357 0006 01       		.byte	0x1
 1358 0007 04       		.byte	0x4
 1359 0008 00000000 		.4byte	.Ldebug_abbrev0
 1360 000c 26       		.uleb128 0x26
 1361 000d 15000000 		.4byte	.LASF58
 1362 0011 1D       		.byte	0x1d
 1363 0012 0C020000 		.4byte	.LASF59
 1364 0016 69020000 		.4byte	.LASF60
 1365 001a B1000000 		.4byte	.LLRL64
 1366 001e 00000000 		.4byte	0
 1367 0022 00000000 		.4byte	.Ldebug_line0
 1368 0026 03       		.uleb128 0x3
ARM GAS  /tmp/ccWbXyoS.s 			page 25


 1369 0027 08       		.byte	0x8
 1370 0028 07       		.byte	0x7
 1371 0029 D5020000 		.4byte	.LASF0
 1372 002d 03       		.uleb128 0x3
 1373 002e 04       		.byte	0x4
 1374 002f 07       		.byte	0x7
 1375 0030 F5020000 		.4byte	.LASF1
 1376 0034 27       		.uleb128 0x27
 1377 0035 04       		.byte	0x4
 1378 0036 05       		.byte	0x5
 1379 0037 696E7400 		.ascii	"int\000"
 1380 003b 05       		.uleb128 0x5
 1381 003c 0F010000 		.4byte	.LASF8
 1382 0040 05       		.byte	0x5
 1383 0041 D6       		.byte	0xd6
 1384 0042 17       		.byte	0x17
 1385 0043 2D000000 		.4byte	0x2d
 1386 0047 03       		.uleb128 0x3
 1387 0048 08       		.byte	0x8
 1388 0049 05       		.byte	0x5
 1389 004a D1010000 		.4byte	.LASF2
 1390 004e 03       		.uleb128 0x3
 1391 004f 08       		.byte	0x8
 1392 0050 04       		.byte	0x4
 1393 0051 47020000 		.4byte	.LASF3
 1394 0055 03       		.uleb128 0x3
 1395 0056 01       		.byte	0x1
 1396 0057 06       		.byte	0x6
 1397 0058 C9020000 		.4byte	.LASF4
 1398 005c 03       		.uleb128 0x3
 1399 005d 01       		.byte	0x1
 1400 005e 08       		.byte	0x8
 1401 005f 33020000 		.4byte	.LASF5
 1402 0063 03       		.uleb128 0x3
 1403 0064 02       		.byte	0x2
 1404 0065 05       		.byte	0x5
 1405 0066 05010000 		.4byte	.LASF6
 1406 006a 03       		.uleb128 0x3
 1407 006b 02       		.byte	0x2
 1408 006c 07       		.byte	0x7
 1409 006d 16030000 		.4byte	.LASF7
 1410 0071 05       		.uleb128 0x5
 1411 0072 E5030000 		.4byte	.LASF9
 1412 0076 06       		.byte	0x6
 1413 0077 4D       		.byte	0x4d
 1414 0078 18       		.byte	0x18
 1415 0079 7D000000 		.4byte	0x7d
 1416 007d 03       		.uleb128 0x3
 1417 007e 04       		.byte	0x4
 1418 007f 05       		.byte	0x5
 1419 0080 03020000 		.4byte	.LASF10
 1420 0084 05       		.uleb128 0x5
 1421 0085 C8030000 		.4byte	.LASF11
 1422 0089 06       		.byte	0x6
 1423 008a 4F       		.byte	0x4f
 1424 008b 19       		.byte	0x19
 1425 008c 90000000 		.4byte	0x90
ARM GAS  /tmp/ccWbXyoS.s 			page 26


 1426 0090 03       		.uleb128 0x3
 1427 0091 04       		.byte	0x4
 1428 0092 07       		.byte	0x7
 1429 0093 A9030000 		.4byte	.LASF12
 1430 0097 03       		.uleb128 0x3
 1431 0098 01       		.byte	0x1
 1432 0099 08       		.byte	0x8
 1433 009a 29030000 		.4byte	.LASF13
 1434 009e 08       		.uleb128 0x8
 1435 009f 97000000 		.4byte	0x97
 1436 00a3 05       		.uleb128 0x5
 1437 00a4 2E030000 		.4byte	.LASF14
 1438 00a8 07       		.byte	0x7
 1439 00a9 2C       		.byte	0x2c
 1440 00aa 13       		.byte	0x13
 1441 00ab 71000000 		.4byte	0x71
 1442 00af 05       		.uleb128 0x5
 1443 00b0 EC020000 		.4byte	.LASF15
 1444 00b4 07       		.byte	0x7
 1445 00b5 30       		.byte	0x30
 1446 00b6 14       		.byte	0x14
 1447 00b7 84000000 		.4byte	0x84
 1448 00bb 05       		.uleb128 0x5
 1449 00bc 40040000 		.4byte	.LASF16
 1450 00c0 08       		.byte	0x8
 1451 00c1 57       		.byte	0x57
 1452 00c2 19       		.byte	0x19
 1453 00c3 A3000000 		.4byte	0xa3
 1454 00c7 05       		.uleb128 0x5
 1455 00c8 52030000 		.4byte	.LASF17
 1456 00cc 09       		.byte	0x9
 1457 00cd 78       		.byte	0x78
 1458 00ce 12       		.byte	0x12
 1459 00cf AF000000 		.4byte	0xaf
 1460 00d3 05       		.uleb128 0x5
 1461 00d4 B6010000 		.4byte	.LASF18
 1462 00d8 0A       		.byte	0xa
 1463 00d9 3E       		.byte	0x3e
 1464 00da 19       		.byte	0x19
 1465 00db DF000000 		.4byte	0xdf
 1466 00df 22       		.uleb128 0x22
 1467 00e0 70010000 		.4byte	.LASF21
 1468 00e4 0A       		.byte	0xa
 1469 00e5 44       		.byte	0x44
 1470 00e6 08       		.byte	0x8
 1471 00e7 06010000 		.4byte	0x106
 1472 00eb 0B       		.uleb128 0xb
 1473 00ec 4E040000 		.4byte	.LASF19
 1474 00f0 0A       		.byte	0xa
 1475 00f1 45       		.byte	0x45
 1476 00f2 1A       		.byte	0x1a
 1477 00f3 06010000 		.4byte	0x106
 1478 00f7 00       		.byte	0
 1479 00f8 0B       		.uleb128 0xb
 1480 00f9 34040000 		.4byte	.LASF20
 1481 00fd 0A       		.byte	0xa
 1482 00fe 46       		.byte	0x46
ARM GAS  /tmp/ccWbXyoS.s 			page 27


 1483 00ff 1A       		.byte	0x1a
 1484 0100 06010000 		.4byte	0x106
 1485 0104 04       		.byte	0x4
 1486 0105 00       		.byte	0
 1487 0106 13       		.uleb128 0x13
 1488 0107 D3000000 		.4byte	0xd3
 1489 010b 22       		.uleb128 0x22
 1490 010c A5010000 		.4byte	.LASF22
 1491 0110 0B       		.byte	0xb
 1492 0111 94       		.byte	0x94
 1493 0112 10       		.byte	0x10
 1494 0113 25010000 		.4byte	0x125
 1495 0117 0B       		.uleb128 0xb
 1496 0118 41020000 		.4byte	.LASF23
 1497 011c 0B       		.byte	0xb
 1498 011d 98       		.byte	0x98
 1499 011e 21       		.byte	0x21
 1500 011f D3000000 		.4byte	0xd3
 1501 0123 00       		.byte	0
 1502 0124 00       		.byte	0
 1503 0125 05       		.uleb128 0x5
 1504 0126 05000000 		.4byte	.LASF24
 1505 012a 0B       		.byte	0xb
 1506 012b 99       		.byte	0x99
 1507 012c 03       		.byte	0x3
 1508 012d 0B010000 		.4byte	0x10b
 1509 0131 28       		.uleb128 0x28
 1510 0132 28       		.byte	0x28
 1511 0133 04       		.byte	0x4
 1512 0134 33       		.byte	0x33
 1513 0135 09       		.byte	0x9
 1514 0136 9D010000 		.4byte	0x19d
 1515 013a 0B       		.uleb128 0xb
 1516 013b 8D030000 		.4byte	.LASF25
 1517 013f 04       		.byte	0x4
 1518 0140 34       		.byte	0x34
 1519 0141 1A       		.byte	0x1a
 1520 0142 9D010000 		.4byte	0x19d
 1521 0146 00       		.byte	0
 1522 0147 14       		.uleb128 0x14
 1523 0148 746F7000 		.ascii	"top\000"
 1524 014c 36       		.byte	0x36
 1525 014d 1A       		.byte	0x1a
 1526 014e 9D010000 		.4byte	0x19d
 1527 0152 04       		.byte	0x4
 1528 0153 0B       		.uleb128 0xb
 1529 0154 C1010000 		.4byte	.LASF26
 1530 0158 04       		.byte	0x4
 1531 0159 38       		.byte	0x38
 1532 015a 1A       		.byte	0x1a
 1533 015b 9D010000 		.4byte	0x19d
 1534 015f 08       		.byte	0x8
 1535 0160 0B       		.uleb128 0xb
 1536 0161 2D020000 		.4byte	.LASF27
 1537 0165 04       		.byte	0x4
 1538 0166 39       		.byte	0x39
 1539 0167 1A       		.byte	0x1a
ARM GAS  /tmp/ccWbXyoS.s 			page 28


 1540 0168 9D010000 		.4byte	0x19d
 1541 016c 0C       		.byte	0xc
 1542 016d 14       		.uleb128 0x14
 1543 016e 636E7400 		.ascii	"cnt\000"
 1544 0172 3A       		.byte	0x3a
 1545 0173 19       		.byte	0x19
 1546 0174 3B000000 		.4byte	0x3b
 1547 0178 10       		.byte	0x10
 1548 0179 0B       		.uleb128 0xb
 1549 017a DF030000 		.4byte	.LASF28
 1550 017e 04       		.byte	0x4
 1551 017f 3B       		.byte	0x3b
 1552 0180 19       		.byte	0x19
 1553 0181 A2010000 		.4byte	0x1a2
 1554 0185 14       		.byte	0x14
 1555 0186 14       		.uleb128 0x14
 1556 0187 717700   		.ascii	"qw\000"
 1557 018a 3C       		.byte	0x3c
 1558 018b 19       		.byte	0x19
 1559 018c 25010000 		.4byte	0x125
 1560 0190 18       		.byte	0x18
 1561 0191 14       		.uleb128 0x14
 1562 0192 717200   		.ascii	"qr\000"
 1563 0195 3D       		.byte	0x3d
 1564 0196 19       		.byte	0x19
 1565 0197 25010000 		.4byte	0x125
 1566 019b 20       		.byte	0x20
 1567 019c 00       		.byte	0
 1568 019d 13       		.uleb128 0x13
 1569 019e BB000000 		.4byte	0xbb
 1570 01a2 03       		.uleb128 0x3
 1571 01a3 01       		.byte	0x1
 1572 01a4 02       		.byte	0x2
 1573 01a5 40030000 		.4byte	.LASF29
 1574 01a9 05       		.uleb128 0x5
 1575 01aa 36030000 		.4byte	.LASF30
 1576 01ae 04       		.byte	0x4
 1577 01af 3E       		.byte	0x3e
 1578 01b0 03       		.byte	0x3
 1579 01b1 31010000 		.4byte	0x131
 1580 01b5 08       		.uleb128 0x8
 1581 01b6 A9010000 		.4byte	0x1a9
 1582 01ba 29       		.uleb128 0x29
 1583 01bb DF010000 		.4byte	.LASF61
 1584 01bf 0C       		.byte	0xc
 1585 01c0 D801     		.2byte	0x1d8
 1586 01c2 09       		.byte	0x9
 1587 01c3 BB000000 		.4byte	0xbb
 1588 01c7 D6010000 		.4byte	0x1d6
 1589 01cb 0A       		.uleb128 0xa
 1590 01cc D6010000 		.4byte	0x1d6
 1591 01d0 0A       		.uleb128 0xa
 1592 01d1 C7000000 		.4byte	0xc7
 1593 01d5 00       		.byte	0
 1594 01d6 13       		.uleb128 0x13
 1595 01d7 25010000 		.4byte	0x125
 1596 01db 15       		.uleb128 0x15
ARM GAS  /tmp/ccWbXyoS.s 			page 29


 1597 01dc 12040000 		.4byte	.LASF31
 1598 01e0 D901     		.2byte	0x1d9
 1599 01e2 F1010000 		.4byte	0x1f1
 1600 01e6 0A       		.uleb128 0xa
 1601 01e7 D6010000 		.4byte	0x1d6
 1602 01eb 0A       		.uleb128 0xa
 1603 01ec BB000000 		.4byte	0xbb
 1604 01f0 00       		.byte	0
 1605 01f1 15       		.uleb128 0x15
 1606 01f2 3A010000 		.4byte	.LASF32
 1607 01f6 DA01     		.2byte	0x1da
 1608 01f8 07020000 		.4byte	0x207
 1609 01fc 0A       		.uleb128 0xa
 1610 01fd D6010000 		.4byte	0x1d6
 1611 0201 0A       		.uleb128 0xa
 1612 0202 BB000000 		.4byte	0xbb
 1613 0206 00       		.byte	0
 1614 0207 2A       		.uleb128 0x2a
 1615 0208 4B010000 		.4byte	.LASF62
 1616 020c 0D       		.byte	0xd
 1617 020d 93       		.byte	0x93
 1618 020e 08       		.byte	0x8
 1619 020f 15       		.uleb128 0x15
 1620 0210 75030000 		.4byte	.LASF33
 1621 0214 D701     		.2byte	0x1d7
 1622 0216 20020000 		.4byte	0x220
 1623 021a 0A       		.uleb128 0xa
 1624 021b D6010000 		.4byte	0x1d6
 1625 021f 00       		.byte	0
 1626 0220 15       		.uleb128 0x15
 1627 0221 60030000 		.4byte	.LASF34
 1628 0225 D601     		.2byte	0x1d6
 1629 0227 31020000 		.4byte	0x231
 1630 022b 0A       		.uleb128 0xa
 1631 022c D6010000 		.4byte	0x1d6
 1632 0230 00       		.byte	0
 1633 0231 0C       		.uleb128 0xc
 1634 0232 02030000 		.4byte	.LASF36
 1635 0236 0402     		.2byte	0x204
 1636 0238 BB000000 		.4byte	0xbb
 1637 023c 00000000 		.4byte	.LFB219
 1638 0240 6C000000 		.4byte	.LFE219-.LFB219
 1639 0244 01       		.uleb128 0x1
 1640 0245 9C       		.byte	0x9c
 1641 0246 C1020000 		.4byte	0x2c1
 1642 024a 04       		.uleb128 0x4
 1643 024b 6D627000 		.ascii	"mbp\000"
 1644 024f 0402     		.2byte	0x204
 1645 0251 1D       		.byte	0x1d
 1646 0252 C1020000 		.4byte	0x2c1
 1647 0256 1A000000 		.4byte	.LLST61
 1648 025a 0C000000 		.4byte	.LVUS61
 1649 025e 0D       		.uleb128 0xd
 1650 025f 00000000 		.4byte	.LASF35
 1651 0263 0402     		.2byte	0x204
 1652 0265 29       		.byte	0x29
 1653 0266 9D010000 		.4byte	0x19d
ARM GAS  /tmp/ccWbXyoS.s 			page 30


 1654 026a 66000000 		.4byte	.LLST62
 1655 026e 60000000 		.4byte	.LVUS62
 1656 0272 06       		.uleb128 0x6
 1657 0273 0D030000 		.4byte	.LASF39
 1658 0277 D6020000 		.4byte	0x2d6
 1659 027b 1C       		.uleb128 0x1c
 1660 027c 840C0000 		.4byte	0xc84
 1661 0280 0C000000 		.4byte	.LBI163
 1662 0284 01       		.byte	.LVU420
 1663 0285 0C000000 		.4byte	.LBB163
 1664 0289 04000000 		.4byte	.LBE163-.LBB163
 1665 028d 0F02     		.2byte	0x20f
 1666 028f 07       		.byte	0x7
 1667 0290 A2020000 		.4byte	0x2a2
 1668 0294 02       		.uleb128 0x2
 1669 0295 920C0000 		.4byte	0xc92
 1670 0299 86000000 		.4byte	.LLST63
 1671 029d 84000000 		.4byte	.LVUS63
 1672 02a1 00       		.byte	0
 1673 02a2 0E       		.uleb128 0xe
 1674 02a3 54000000 		.4byte	.LVL78
 1675 02a7 DB010000 		.4byte	0x1db
 1676 02ab 01       		.uleb128 0x1
 1677 02ac 01       		.uleb128 0x1
 1678 02ad 50       		.byte	0x50
 1679 02ae 0B       		.uleb128 0xb
 1680 02af A3       		.byte	0xa3
 1681 02b0 03       		.uleb128 0x3
 1682 02b1 A5       		.byte	0xa5
 1683 02b2 00       		.uleb128 0
 1684 02b3 26       		.uleb128 0x26
 1685 02b4 A8       		.byte	0xa8
 1686 02b5 2D       		.uleb128 0x2d
 1687 02b6 A8       		.byte	0xa8
 1688 02b7 00       		.uleb128 0
 1689 02b8 23       		.byte	0x23
 1690 02b9 18       		.uleb128 0x18
 1691 02ba 01       		.uleb128 0x1
 1692 02bb 01       		.uleb128 0x1
 1693 02bc 51       		.byte	0x51
 1694 02bd 01       		.uleb128 0x1
 1695 02be 30       		.byte	0x30
 1696 02bf 00       		.byte	0
 1697 02c0 00       		.byte	0
 1698 02c1 13       		.uleb128 0x13
 1699 02c2 A9010000 		.4byte	0x1a9
 1700 02c6 0F       		.uleb128 0xf
 1701 02c7 9E000000 		.4byte	0x9e
 1702 02cb D6020000 		.4byte	0x2d6
 1703 02cf 10       		.uleb128 0x10
 1704 02d0 2D000000 		.4byte	0x2d
 1705 02d4 0A       		.byte	0xa
 1706 02d5 00       		.byte	0
 1707 02d6 08       		.uleb128 0x8
 1708 02d7 C6020000 		.4byte	0x2c6
 1709 02db 0C       		.uleb128 0xc
 1710 02dc EF030000 		.4byte	.LASF37
ARM GAS  /tmp/ccWbXyoS.s 			page 31


 1711 02e0 D301     		.2byte	0x1d3
 1712 02e2 BB000000 		.4byte	0xbb
 1713 02e6 00000000 		.4byte	.LFB218
 1714 02ea 90000000 		.4byte	.LFE218-.LFB218
 1715 02ee 01       		.uleb128 0x1
 1716 02ef 9C       		.byte	0x9c
 1717 02f0 AC030000 		.4byte	0x3ac
 1718 02f4 04       		.uleb128 0x4
 1719 02f5 6D627000 		.ascii	"mbp\000"
 1720 02f9 D301     		.2byte	0x1d3
 1721 02fb 24       		.byte	0x24
 1722 02fc C1020000 		.4byte	0x2c1
 1723 0300 93000000 		.4byte	.LLST50
 1724 0304 8F000000 		.4byte	.LVUS50
 1725 0308 0D       		.uleb128 0xd
 1726 0309 00000000 		.4byte	.LASF35
 1727 030d D301     		.2byte	0x1d3
 1728 030f 30       		.byte	0x30
 1729 0310 9D010000 		.4byte	0x19d
 1730 0314 A8000000 		.4byte	.LLST51
 1731 0318 A4000000 		.4byte	.LVUS51
 1732 031c 0D       		.uleb128 0xd
 1733 031d 46040000 		.4byte	.LASF38
 1734 0321 D301     		.2byte	0x1d3
 1735 0323 44       		.byte	0x44
 1736 0324 C7000000 		.4byte	0xc7
 1737 0328 BD000000 		.4byte	.LLST52
 1738 032c B9000000 		.4byte	.LVUS52
 1739 0330 16       		.uleb128 0x16
 1740 0331 39040000 		.4byte	.LASF41
 1741 0335 D401     		.2byte	0x1d4
 1742 0337 BB000000 		.4byte	0xbb
 1743 033b D0000000 		.4byte	.LLST53
 1744 033f CE000000 		.4byte	.LVUS53
 1745 0343 06       		.uleb128 0x6
 1746 0344 0D030000 		.4byte	.LASF39
 1747 0348 BC030000 		.4byte	0x3bc
 1748 034c 12       		.uleb128 0x12
 1749 034d 840C0000 		.4byte	0xc84
 1750 0351 38000000 		.4byte	.LBI149
 1751 0355 04       		.byte	.LVU359
 1752 0356 99000000 		.4byte	.LLRL54
 1753 035a E001     		.2byte	0x1e0
 1754 035c 09       		.byte	0x9
 1755 035d 6F030000 		.4byte	0x36f
 1756 0361 02       		.uleb128 0x2
 1757 0362 920C0000 		.4byte	0xc92
 1758 0366 DD000000 		.4byte	.LLST55
 1759 036a D9000000 		.4byte	.LVUS55
 1760 036e 00       		.byte	0
 1761 036f 07       		.uleb128 0x7
 1762 0370 30000000 		.4byte	.LVL66
 1763 0374 BA010000 		.4byte	0x1ba
 1764 0378 89030000 		.4byte	0x389
 1765 037c 01       		.uleb128 0x1
 1766 037d 01       		.uleb128 0x1
 1767 037e 50       		.byte	0x50
ARM GAS  /tmp/ccWbXyoS.s 			page 32


 1768 037f 02       		.uleb128 0x2
 1769 0380 77       		.byte	0x77
 1770 0381 00       		.sleb128 0
 1771 0382 01       		.uleb128 0x1
 1772 0383 01       		.uleb128 0x1
 1773 0384 51       		.byte	0x51
 1774 0385 02       		.uleb128 0x2
 1775 0386 75       		.byte	0x75
 1776 0387 00       		.sleb128 0
 1777 0388 00       		.byte	0
 1778 0389 07       		.uleb128 0x7
 1779 038a 84000000 		.4byte	.LVL69
 1780 038e DB010000 		.4byte	0x1db
 1781 0392 A2030000 		.4byte	0x3a2
 1782 0396 01       		.uleb128 0x1
 1783 0397 01       		.uleb128 0x1
 1784 0398 50       		.byte	0x50
 1785 0399 02       		.uleb128 0x2
 1786 039a 74       		.byte	0x74
 1787 039b 18       		.sleb128 24
 1788 039c 01       		.uleb128 0x1
 1789 039d 01       		.uleb128 0x1
 1790 039e 51       		.byte	0x51
 1791 039f 01       		.uleb128 0x1
 1792 03a0 30       		.byte	0x30
 1793 03a1 00       		.byte	0
 1794 03a2 17       		.uleb128 0x17
 1795 03a3 88000000 		.4byte	.LVL70
 1796 03a7 07020000 		.4byte	0x207
 1797 03ab 00       		.byte	0
 1798 03ac 0F       		.uleb128 0xf
 1799 03ad 9E000000 		.4byte	0x9e
 1800 03b1 BC030000 		.4byte	0x3bc
 1801 03b5 10       		.uleb128 0x10
 1802 03b6 2D000000 		.4byte	0x2d
 1803 03ba 11       		.byte	0x11
 1804 03bb 00       		.byte	0
 1805 03bc 08       		.uleb128 0x8
 1806 03bd AC030000 		.4byte	0x3ac
 1807 03c1 0C       		.uleb128 0xc
 1808 03c2 F4000000 		.4byte	.LASF40
 1809 03c6 B701     		.2byte	0x1b7
 1810 03c8 BB000000 		.4byte	0xbb
 1811 03cc 00000000 		.4byte	.LFB217
 1812 03d0 14000000 		.4byte	.LFE217-.LFB217
 1813 03d4 01       		.uleb128 0x1
 1814 03d5 9C       		.byte	0x9c
 1815 03d6 AB040000 		.4byte	0x4ab
 1816 03da 04       		.uleb128 0x4
 1817 03db 6D627000 		.ascii	"mbp\000"
 1818 03df B701     		.2byte	0x1b7
 1819 03e1 23       		.byte	0x23
 1820 03e2 C1020000 		.4byte	0x2c1
 1821 03e6 F1000000 		.4byte	.LLST56
 1822 03ea ED000000 		.4byte	.LVUS56
 1823 03ee 0D       		.uleb128 0xd
 1824 03ef 00000000 		.4byte	.LASF35
ARM GAS  /tmp/ccWbXyoS.s 			page 33


 1825 03f3 B701     		.2byte	0x1b7
 1826 03f5 2F       		.byte	0x2f
 1827 03f6 9D010000 		.4byte	0x19d
 1828 03fa 0E010000 		.4byte	.LLST57
 1829 03fe 0A010000 		.4byte	.LVUS57
 1830 0402 0D       		.uleb128 0xd
 1831 0403 46040000 		.4byte	.LASF38
 1832 0407 B701     		.2byte	0x1b7
 1833 0409 43       		.byte	0x43
 1834 040a C7000000 		.4byte	0xc7
 1835 040e 2B010000 		.4byte	.LLST58
 1836 0412 27010000 		.4byte	.LVUS58
 1837 0416 16       		.uleb128 0x16
 1838 0417 39040000 		.4byte	.LASF41
 1839 041b B801     		.2byte	0x1b8
 1840 041d BB000000 		.4byte	0xbb
 1841 0421 46010000 		.4byte	.LLST59
 1842 0425 44010000 		.4byte	.LVUS59
 1843 0429 12       		.uleb128 0x12
 1844 042a E70C0000 		.4byte	0xce7
 1845 042e 00000000 		.4byte	.LBI153
 1846 0432 03       		.byte	.LVU390
 1847 0433 A5000000 		.4byte	.LLRL60
 1848 0437 BA01     		.2byte	0x1ba
 1849 0439 03       		.byte	0x3
 1850 043a 4D040000 		.4byte	0x44d
 1851 043e 18       		.uleb128 0x18
 1852 043f F70C0000 		.4byte	0xcf7
 1853 0443 00000000 		.4byte	.LBI154
 1854 0447 05       		.byte	.LVU392
 1855 0448 A5000000 		.4byte	.LLRL60
 1856 044c 00       		.byte	0
 1857 044d 1C       		.uleb128 0x1c
 1858 044e BA0C0000 		.4byte	0xcba
 1859 0452 0C000000 		.4byte	.LBI159
 1860 0456 01       		.byte	.LVU401
 1861 0457 0C000000 		.4byte	.LBB159
 1862 045b 04000000 		.4byte	.LBE159-.LBB159
 1863 045f BC01     		.2byte	0x1bc
 1864 0461 03       		.byte	0x3
 1865 0462 79040000 		.4byte	0x479
 1866 0466 19       		.uleb128 0x19
 1867 0467 EF0C0000 		.4byte	0xcef
 1868 046b 0C000000 		.4byte	.LBI161
 1869 046f 08       		.byte	.LVU408
 1870 0470 0C000000 		.4byte	.LBB161
 1871 0474 04000000 		.4byte	.LBE161-.LBB161
 1872 0478 00       		.byte	0
 1873 0479 0E       		.uleb128 0xe
 1874 047a 0C000000 		.4byte	.LVL72
 1875 047e DB020000 		.4byte	0x2db
 1876 0482 01       		.uleb128 0x1
 1877 0483 01       		.uleb128 0x1
 1878 0484 50       		.byte	0x50
 1879 0485 09       		.uleb128 0x9
 1880 0486 A3       		.byte	0xa3
 1881 0487 03       		.uleb128 0x3
ARM GAS  /tmp/ccWbXyoS.s 			page 34


 1882 0488 A5       		.byte	0xa5
 1883 0489 00       		.uleb128 0
 1884 048a 26       		.uleb128 0x26
 1885 048b A8       		.byte	0xa8
 1886 048c 2D       		.uleb128 0x2d
 1887 048d A8       		.byte	0xa8
 1888 048e 00       		.uleb128 0
 1889 048f 01       		.uleb128 0x1
 1890 0490 01       		.uleb128 0x1
 1891 0491 51       		.byte	0x51
 1892 0492 09       		.uleb128 0x9
 1893 0493 A3       		.byte	0xa3
 1894 0494 03       		.uleb128 0x3
 1895 0495 A5       		.byte	0xa5
 1896 0496 01       		.uleb128 0x1
 1897 0497 26       		.uleb128 0x26
 1898 0498 A8       		.byte	0xa8
 1899 0499 2D       		.uleb128 0x2d
 1900 049a A8       		.byte	0xa8
 1901 049b 00       		.uleb128 0
 1902 049c 01       		.uleb128 0x1
 1903 049d 01       		.uleb128 0x1
 1904 049e 52       		.byte	0x52
 1905 049f 09       		.uleb128 0x9
 1906 04a0 A3       		.byte	0xa3
 1907 04a1 03       		.uleb128 0x3
 1908 04a2 A5       		.byte	0xa5
 1909 04a3 02       		.uleb128 0x2
 1910 04a4 26       		.uleb128 0x26
 1911 04a5 A8       		.byte	0xa8
 1912 04a6 2D       		.uleb128 0x2d
 1913 04a7 A8       		.byte	0xa8
 1914 04a8 00       		.uleb128 0
 1915 04a9 00       		.byte	0
 1916 04aa 00       		.byte	0
 1917 04ab 0C       		.uleb128 0xc
 1918 04ac 8B010000 		.4byte	.LASF42
 1919 04b0 8901     		.2byte	0x189
 1920 04b2 BB000000 		.4byte	0xbb
 1921 04b6 00000000 		.4byte	.LFB216
 1922 04ba 70000000 		.4byte	.LFE216-.LFB216
 1923 04be 01       		.uleb128 0x1
 1924 04bf 9C       		.byte	0x9c
 1925 04c0 7A050000 		.4byte	0x57a
 1926 04c4 04       		.uleb128 0x4
 1927 04c5 6D627000 		.ascii	"mbp\000"
 1928 04c9 8901     		.2byte	0x189
 1929 04cb 21       		.byte	0x21
 1930 04cc C1020000 		.4byte	0x2c1
 1931 04d0 5B010000 		.4byte	.LLST43
 1932 04d4 4F010000 		.4byte	.LVUS43
 1933 04d8 04       		.uleb128 0x4
 1934 04d9 6D736700 		.ascii	"msg\000"
 1935 04dd 8901     		.2byte	0x189
 1936 04df 2C       		.byte	0x2c
 1937 04e0 BB000000 		.4byte	0xbb
 1938 04e4 9B010000 		.4byte	.LLST44
ARM GAS  /tmp/ccWbXyoS.s 			page 35


 1939 04e8 91010000 		.4byte	.LVUS44
 1940 04ec 06       		.uleb128 0x6
 1941 04ed 0D030000 		.4byte	.LASF39
 1942 04f1 8A050000 		.4byte	0x58a
 1943 04f5 12       		.uleb128 0x12
 1944 04f6 640C0000 		.4byte	0xc64
 1945 04fa 0C000000 		.4byte	.LBI139
 1946 04fe 01       		.byte	.LVU306
 1947 04ff 7E000000 		.4byte	.LLRL45
 1948 0503 9401     		.2byte	0x194
 1949 0505 07       		.byte	0x7
 1950 0506 5B050000 		.4byte	0x55b
 1951 050a 02       		.uleb128 0x2
 1952 050b 720C0000 		.4byte	0xc72
 1953 050f C5010000 		.4byte	.LLST46
 1954 0513 C3010000 		.4byte	.LVUS46
 1955 0517 11       		.uleb128 0x11
 1956 0518 9F0C0000 		.4byte	0xc9f
 1957 051c 0C000000 		.4byte	.LBI140
 1958 0520 04       		.byte	.LVU309
 1959 0521 8A000000 		.4byte	.LLRL47
 1960 0525 04       		.byte	0x4
 1961 0526 AB       		.byte	0xab
 1962 0527 0A       		.byte	0xa
 1963 0528 3A050000 		.4byte	0x53a
 1964 052c 02       		.uleb128 0x2
 1965 052d AD0C0000 		.4byte	0xcad
 1966 0531 D0010000 		.4byte	.LLST48
 1967 0535 CE010000 		.4byte	.LVUS48
 1968 0539 00       		.byte	0
 1969 053a 1A       		.uleb128 0x1a
 1970 053b 840C0000 		.4byte	0xc84
 1971 053f 1C000000 		.4byte	.LBI145
 1972 0543 01       		.byte	.LVU314
 1973 0544 1C000000 		.4byte	.LBB145
 1974 0548 04000000 		.4byte	.LBE145-.LBB145
 1975 054c 02       		.uleb128 0x2
 1976 054d 920C0000 		.4byte	0xc92
 1977 0551 DB010000 		.4byte	.LLST49
 1978 0555 D9010000 		.4byte	.LVUS49
 1979 0559 00       		.byte	0
 1980 055a 00       		.byte	0
 1981 055b 0E       		.uleb128 0xe
 1982 055c 58000000 		.4byte	.LVL59
 1983 0560 DB010000 		.4byte	0x1db
 1984 0564 01       		.uleb128 0x1
 1985 0565 01       		.uleb128 0x1
 1986 0566 50       		.byte	0x50
 1987 0567 0B       		.uleb128 0xb
 1988 0568 A3       		.byte	0xa3
 1989 0569 03       		.uleb128 0x3
 1990 056a A5       		.byte	0xa5
 1991 056b 00       		.uleb128 0
 1992 056c 26       		.uleb128 0x26
 1993 056d A8       		.byte	0xa8
 1994 056e 2D       		.uleb128 0x2d
 1995 056f A8       		.byte	0xa8
ARM GAS  /tmp/ccWbXyoS.s 			page 36


 1996 0570 00       		.uleb128 0
 1997 0571 23       		.byte	0x23
 1998 0572 20       		.uleb128 0x20
 1999 0573 01       		.uleb128 0x1
 2000 0574 01       		.uleb128 0x1
 2001 0575 51       		.byte	0x51
 2002 0576 01       		.uleb128 0x1
 2003 0577 30       		.byte	0x30
 2004 0578 00       		.byte	0
 2005 0579 00       		.byte	0
 2006 057a 0F       		.uleb128 0xf
 2007 057b 9E000000 		.4byte	0x9e
 2008 057f 8A050000 		.4byte	0x58a
 2009 0583 10       		.uleb128 0x10
 2010 0584 2D000000 		.4byte	0x2d
 2011 0588 0E       		.byte	0xe
 2012 0589 00       		.byte	0
 2013 058a 08       		.uleb128 0x8
 2014 058b 7A050000 		.4byte	0x57a
 2015 058f 0C       		.uleb128 0xc
 2016 0590 53020000 		.4byte	.LASF43
 2017 0594 5801     		.2byte	0x158
 2018 0596 BB000000 		.4byte	0xbb
 2019 059a 00000000 		.4byte	.LFB215
 2020 059e 90000000 		.4byte	.LFE215-.LFB215
 2021 05a2 01       		.uleb128 0x1
 2022 05a3 9C       		.byte	0x9c
 2023 05a4 A3060000 		.4byte	0x6a3
 2024 05a8 04       		.uleb128 0x4
 2025 05a9 6D627000 		.ascii	"mbp\000"
 2026 05ad 5801     		.2byte	0x158
 2027 05af 28       		.byte	0x28
 2028 05b0 C1020000 		.4byte	0x2c1
 2029 05b4 E8010000 		.4byte	.LLST29
 2030 05b8 E4010000 		.4byte	.LVUS29
 2031 05bc 04       		.uleb128 0x4
 2032 05bd 6D736700 		.ascii	"msg\000"
 2033 05c1 5801     		.2byte	0x158
 2034 05c3 33       		.byte	0x33
 2035 05c4 BB000000 		.4byte	0xbb
 2036 05c8 FD010000 		.4byte	.LLST30
 2037 05cc F9010000 		.4byte	.LVUS30
 2038 05d0 0D       		.uleb128 0xd
 2039 05d1 46040000 		.4byte	.LASF38
 2040 05d5 5801     		.2byte	0x158
 2041 05d7 46       		.byte	0x46
 2042 05d8 C7000000 		.4byte	0xc7
 2043 05dc 12020000 		.4byte	.LLST31
 2044 05e0 0E020000 		.4byte	.LVUS31
 2045 05e4 16       		.uleb128 0x16
 2046 05e5 39040000 		.4byte	.LASF41
 2047 05e9 5901     		.2byte	0x159
 2048 05eb BB000000 		.4byte	0xbb
 2049 05ef 25020000 		.4byte	.LLST32
 2050 05f3 23020000 		.4byte	.LVUS32
 2051 05f7 06       		.uleb128 0x6
 2052 05f8 0D030000 		.4byte	.LASF39
ARM GAS  /tmp/ccWbXyoS.s 			page 37


 2053 05fc B3060000 		.4byte	0x6b3
 2054 0600 12       		.uleb128 0x12
 2055 0601 640C0000 		.4byte	0xc64
 2056 0605 44000000 		.4byte	.LBI119
 2057 0609 04       		.byte	.LVU246
 2058 060a 57000000 		.4byte	.LLRL33
 2059 060e 6501     		.2byte	0x165
 2060 0610 09       		.byte	0x9
 2061 0611 66060000 		.4byte	0x666
 2062 0615 02       		.uleb128 0x2
 2063 0616 720C0000 		.4byte	0xc72
 2064 061a 32020000 		.4byte	.LLST34
 2065 061e 2E020000 		.4byte	.LVUS34
 2066 0622 11       		.uleb128 0x11
 2067 0623 9F0C0000 		.4byte	0xc9f
 2068 0627 44000000 		.4byte	.LBI120
 2069 062b 07       		.byte	.LVU249
 2070 062c 63000000 		.4byte	.LLRL35
 2071 0630 04       		.byte	0x4
 2072 0631 AB       		.byte	0xab
 2073 0632 0A       		.byte	0xa
 2074 0633 45060000 		.4byte	0x645
 2075 0637 02       		.uleb128 0x2
 2076 0638 AD0C0000 		.4byte	0xcad
 2077 063c 46020000 		.4byte	.LLST36
 2078 0640 42020000 		.4byte	.LVUS36
 2079 0644 00       		.byte	0
 2080 0645 1A       		.uleb128 0x1a
 2081 0646 840C0000 		.4byte	0xc84
 2082 064a 20000000 		.4byte	.LBI124
 2083 064e 01       		.byte	.LVU232
 2084 064f 20000000 		.4byte	.LBB124
 2085 0653 04000000 		.4byte	.LBE124-.LBB124
 2086 0657 02       		.uleb128 0x2
 2087 0658 920C0000 		.4byte	0xc92
 2088 065c 58020000 		.4byte	.LLST37
 2089 0660 56020000 		.4byte	.LVUS37
 2090 0664 00       		.byte	0
 2091 0665 00       		.byte	0
 2092 0666 07       		.uleb128 0x7
 2093 0667 3C000000 		.4byte	.LVL48
 2094 066b BA010000 		.4byte	0x1ba
 2095 066f 80060000 		.4byte	0x680
 2096 0673 01       		.uleb128 0x1
 2097 0674 01       		.uleb128 0x1
 2098 0675 50       		.byte	0x50
 2099 0676 02       		.uleb128 0x2
 2100 0677 77       		.byte	0x77
 2101 0678 00       		.sleb128 0
 2102 0679 01       		.uleb128 0x1
 2103 067a 01       		.uleb128 0x1
 2104 067b 51       		.byte	0x51
 2105 067c 02       		.uleb128 0x2
 2106 067d 75       		.byte	0x75
 2107 067e 00       		.sleb128 0
 2108 067f 00       		.byte	0
 2109 0680 07       		.uleb128 0x7
ARM GAS  /tmp/ccWbXyoS.s 			page 38


 2110 0681 84000000 		.4byte	.LVL51
 2111 0685 DB010000 		.4byte	0x1db
 2112 0689 99060000 		.4byte	0x699
 2113 068d 01       		.uleb128 0x1
 2114 068e 01       		.uleb128 0x1
 2115 068f 50       		.byte	0x50
 2116 0690 02       		.uleb128 0x2
 2117 0691 74       		.byte	0x74
 2118 0692 20       		.sleb128 32
 2119 0693 01       		.uleb128 0x1
 2120 0694 01       		.uleb128 0x1
 2121 0695 51       		.byte	0x51
 2122 0696 01       		.uleb128 0x1
 2123 0697 30       		.byte	0x30
 2124 0698 00       		.byte	0
 2125 0699 17       		.uleb128 0x17
 2126 069a 88000000 		.4byte	.LVL52
 2127 069e 07020000 		.4byte	0x207
 2128 06a2 00       		.byte	0
 2129 06a3 0F       		.uleb128 0xf
 2130 06a4 9E000000 		.4byte	0x9e
 2131 06a8 B3060000 		.4byte	0x6b3
 2132 06ac 10       		.uleb128 0x10
 2133 06ad 2D000000 		.4byte	0x2d
 2134 06b1 15       		.byte	0x15
 2135 06b2 00       		.byte	0
 2136 06b3 08       		.uleb128 0x8
 2137 06b4 A3060000 		.4byte	0x6a3
 2138 06b8 0C       		.uleb128 0xc
 2139 06b9 94030000 		.4byte	.LASF44
 2140 06bd 3C01     		.2byte	0x13c
 2141 06bf BB000000 		.4byte	0xbb
 2142 06c3 00000000 		.4byte	.LFB214
 2143 06c7 14000000 		.4byte	.LFE214-.LFB214
 2144 06cb 01       		.uleb128 0x1
 2145 06cc 9C       		.byte	0x9c
 2146 06cd A2070000 		.4byte	0x7a2
 2147 06d1 04       		.uleb128 0x4
 2148 06d2 6D627000 		.ascii	"mbp\000"
 2149 06d6 3C01     		.2byte	0x13c
 2150 06d8 27       		.byte	0x27
 2151 06d9 C1020000 		.4byte	0x2c1
 2152 06dd 65020000 		.4byte	.LLST38
 2153 06e1 61020000 		.4byte	.LVUS38
 2154 06e5 04       		.uleb128 0x4
 2155 06e6 6D736700 		.ascii	"msg\000"
 2156 06ea 3C01     		.2byte	0x13c
 2157 06ec 32       		.byte	0x32
 2158 06ed BB000000 		.4byte	0xbb
 2159 06f1 82020000 		.4byte	.LLST39
 2160 06f5 7E020000 		.4byte	.LVUS39
 2161 06f9 0D       		.uleb128 0xd
 2162 06fa 46040000 		.4byte	.LASF38
 2163 06fe 3C01     		.2byte	0x13c
 2164 0700 45       		.byte	0x45
 2165 0701 C7000000 		.4byte	0xc7
 2166 0705 9F020000 		.4byte	.LLST40
ARM GAS  /tmp/ccWbXyoS.s 			page 39


 2167 0709 9B020000 		.4byte	.LVUS40
 2168 070d 16       		.uleb128 0x16
 2169 070e 39040000 		.4byte	.LASF41
 2170 0712 3D01     		.2byte	0x13d
 2171 0714 BB000000 		.4byte	0xbb
 2172 0718 BA020000 		.4byte	.LLST41
 2173 071c B8020000 		.4byte	.LVUS41
 2174 0720 12       		.uleb128 0x12
 2175 0721 E70C0000 		.4byte	0xce7
 2176 0725 00000000 		.4byte	.LBI129
 2177 0729 03       		.byte	.LVU276
 2178 072a 72000000 		.4byte	.LLRL42
 2179 072e 3F01     		.2byte	0x13f
 2180 0730 03       		.byte	0x3
 2181 0731 44070000 		.4byte	0x744
 2182 0735 18       		.uleb128 0x18
 2183 0736 F70C0000 		.4byte	0xcf7
 2184 073a 00000000 		.4byte	.LBI130
 2185 073e 05       		.byte	.LVU278
 2186 073f 72000000 		.4byte	.LLRL42
 2187 0743 00       		.byte	0
 2188 0744 1C       		.uleb128 0x1c
 2189 0745 BA0C0000 		.4byte	0xcba
 2190 0749 0C000000 		.4byte	.LBI135
 2191 074d 01       		.byte	.LVU287
 2192 074e 0C000000 		.4byte	.LBB135
 2193 0752 04000000 		.4byte	.LBE135-.LBB135
 2194 0756 4101     		.2byte	0x141
 2195 0758 03       		.byte	0x3
 2196 0759 70070000 		.4byte	0x770
 2197 075d 19       		.uleb128 0x19
 2198 075e EF0C0000 		.4byte	0xcef
 2199 0762 0C000000 		.4byte	.LBI137
 2200 0766 08       		.byte	.LVU294
 2201 0767 0C000000 		.4byte	.LBB137
 2202 076b 04000000 		.4byte	.LBE137-.LBB137
 2203 076f 00       		.byte	0
 2204 0770 0E       		.uleb128 0xe
 2205 0771 0C000000 		.4byte	.LVL54
 2206 0775 8F050000 		.4byte	0x58f
 2207 0779 01       		.uleb128 0x1
 2208 077a 01       		.uleb128 0x1
 2209 077b 50       		.byte	0x50
 2210 077c 09       		.uleb128 0x9
 2211 077d A3       		.byte	0xa3
 2212 077e 03       		.uleb128 0x3
 2213 077f A5       		.byte	0xa5
 2214 0780 00       		.uleb128 0
 2215 0781 26       		.uleb128 0x26
 2216 0782 A8       		.byte	0xa8
 2217 0783 2D       		.uleb128 0x2d
 2218 0784 A8       		.byte	0xa8
 2219 0785 00       		.uleb128 0
 2220 0786 01       		.uleb128 0x1
 2221 0787 01       		.uleb128 0x1
 2222 0788 51       		.byte	0x51
 2223 0789 09       		.uleb128 0x9
ARM GAS  /tmp/ccWbXyoS.s 			page 40


 2224 078a A3       		.byte	0xa3
 2225 078b 03       		.uleb128 0x3
 2226 078c A5       		.byte	0xa5
 2227 078d 01       		.uleb128 0x1
 2228 078e 26       		.uleb128 0x26
 2229 078f A8       		.byte	0xa8
 2230 0790 2D       		.uleb128 0x2d
 2231 0791 A8       		.byte	0xa8
 2232 0792 00       		.uleb128 0
 2233 0793 01       		.uleb128 0x1
 2234 0794 01       		.uleb128 0x1
 2235 0795 52       		.byte	0x52
 2236 0796 09       		.uleb128 0x9
 2237 0797 A3       		.byte	0xa3
 2238 0798 03       		.uleb128 0x3
 2239 0799 A5       		.byte	0xa5
 2240 079a 02       		.uleb128 0x2
 2241 079b 26       		.uleb128 0x26
 2242 079c A8       		.byte	0xa8
 2243 079d 2D       		.uleb128 0x2d
 2244 079e A8       		.byte	0xa8
 2245 079f 00       		.uleb128 0
 2246 07a0 00       		.byte	0
 2247 07a1 00       		.byte	0
 2248 07a2 0C       		.uleb128 0xc
 2249 07a3 BF020000 		.4byte	.LASF45
 2250 07a7 0E01     		.2byte	0x10e
 2251 07a9 BB000000 		.4byte	0xbb
 2252 07ad 00000000 		.4byte	.LFB213
 2253 07b1 6C000000 		.4byte	.LFE213-.LFB213
 2254 07b5 01       		.uleb128 0x1
 2255 07b6 9C       		.byte	0x9c
 2256 07b7 71080000 		.4byte	0x871
 2257 07bb 04       		.uleb128 0x4
 2258 07bc 6D627000 		.ascii	"mbp\000"
 2259 07c0 0E01     		.2byte	0x10e
 2260 07c2 1C       		.byte	0x1c
 2261 07c3 C1020000 		.4byte	0x2c1
 2262 07c7 D1020000 		.4byte	.LLST22
 2263 07cb C3020000 		.4byte	.LVUS22
 2264 07cf 04       		.uleb128 0x4
 2265 07d0 6D736700 		.ascii	"msg\000"
 2266 07d4 0E01     		.2byte	0x10e
 2267 07d6 27       		.byte	0x27
 2268 07d7 BB000000 		.4byte	0xbb
 2269 07db 1D030000 		.4byte	.LLST23
 2270 07df 17030000 		.4byte	.LVUS23
 2271 07e3 06       		.uleb128 0x6
 2272 07e4 0D030000 		.4byte	.LASF39
 2273 07e8 81080000 		.4byte	0x881
 2274 07ec 12       		.uleb128 0x12
 2275 07ed 640C0000 		.4byte	0xc64
 2276 07f1 0C000000 		.4byte	.LBI111
 2277 07f5 01       		.byte	.LVU187
 2278 07f6 3F000000 		.4byte	.LLRL24
 2279 07fa 1901     		.2byte	0x119
 2280 07fc 07       		.byte	0x7
ARM GAS  /tmp/ccWbXyoS.s 			page 41


 2281 07fd 52080000 		.4byte	0x852
 2282 0801 02       		.uleb128 0x2
 2283 0802 720C0000 		.4byte	0xc72
 2284 0806 3D030000 		.4byte	.LLST25
 2285 080a 3B030000 		.4byte	.LVUS25
 2286 080e 11       		.uleb128 0x11
 2287 080f 9F0C0000 		.4byte	0xc9f
 2288 0813 0C000000 		.4byte	.LBI112
 2289 0817 04       		.byte	.LVU190
 2290 0818 4B000000 		.4byte	.LLRL26
 2291 081c 04       		.byte	0x4
 2292 081d AB       		.byte	0xab
 2293 081e 0A       		.byte	0xa
 2294 081f 31080000 		.4byte	0x831
 2295 0823 02       		.uleb128 0x2
 2296 0824 AD0C0000 		.4byte	0xcad
 2297 0828 48030000 		.4byte	.LLST27
 2298 082c 46030000 		.4byte	.LVUS27
 2299 0830 00       		.byte	0
 2300 0831 1A       		.uleb128 0x1a
 2301 0832 840C0000 		.4byte	0xc84
 2302 0836 10000000 		.4byte	.LBI115
 2303 083a 01       		.byte	.LVU194
 2304 083b 10000000 		.4byte	.LBB115
 2305 083f 04000000 		.4byte	.LBE115-.LBB115
 2306 0843 02       		.uleb128 0x2
 2307 0844 920C0000 		.4byte	0xc92
 2308 0848 53030000 		.4byte	.LLST28
 2309 084c 51030000 		.4byte	.LVUS28
 2310 0850 00       		.byte	0
 2311 0851 00       		.byte	0
 2312 0852 0E       		.uleb128 0xe
 2313 0853 54000000 		.4byte	.LVL39
 2314 0857 DB010000 		.4byte	0x1db
 2315 085b 01       		.uleb128 0x1
 2316 085c 01       		.uleb128 0x1
 2317 085d 50       		.byte	0x50
 2318 085e 0B       		.uleb128 0xb
 2319 085f A3       		.byte	0xa3
 2320 0860 03       		.uleb128 0x3
 2321 0861 A5       		.byte	0xa5
 2322 0862 00       		.uleb128 0
 2323 0863 26       		.uleb128 0x26
 2324 0864 A8       		.byte	0xa8
 2325 0865 2D       		.uleb128 0x2d
 2326 0866 A8       		.byte	0xa8
 2327 0867 00       		.uleb128 0
 2328 0868 23       		.byte	0x23
 2329 0869 20       		.uleb128 0x20
 2330 086a 01       		.uleb128 0x1
 2331 086b 01       		.uleb128 0x1
 2332 086c 51       		.byte	0x51
 2333 086d 01       		.uleb128 0x1
 2334 086e 30       		.byte	0x30
 2335 086f 00       		.byte	0
 2336 0870 00       		.byte	0
 2337 0871 0F       		.uleb128 0xf
ARM GAS  /tmp/ccWbXyoS.s 			page 42


 2338 0872 9E000000 		.4byte	0x9e
 2339 0876 81080000 		.4byte	0x881
 2340 087a 10       		.uleb128 0x10
 2341 087b 2D000000 		.4byte	0x2d
 2342 087f 09       		.byte	0x9
 2343 0880 00       		.byte	0
 2344 0881 08       		.uleb128 0x8
 2345 0882 71080000 		.4byte	0x871
 2346 0886 23       		.uleb128 0x23
 2347 0887 01040000 		.4byte	.LASF46
 2348 088b DD       		.byte	0xdd
 2349 088c BB000000 		.4byte	0xbb
 2350 0890 00000000 		.4byte	.LFB212
 2351 0894 94000000 		.4byte	.LFE212-.LFB212
 2352 0898 01       		.uleb128 0x1
 2353 0899 9C       		.byte	0x9c
 2354 089a 95090000 		.4byte	0x995
 2355 089e 09       		.uleb128 0x9
 2356 089f 6D627000 		.ascii	"mbp\000"
 2357 08a3 DD       		.byte	0xdd
 2358 08a4 23       		.byte	0x23
 2359 08a5 C1020000 		.4byte	0x2c1
 2360 08a9 60030000 		.4byte	.LLST8
 2361 08ad 5C030000 		.4byte	.LVUS8
 2362 08b1 09       		.uleb128 0x9
 2363 08b2 6D736700 		.ascii	"msg\000"
 2364 08b6 DD       		.byte	0xdd
 2365 08b7 2E       		.byte	0x2e
 2366 08b8 BB000000 		.4byte	0xbb
 2367 08bc 75030000 		.4byte	.LLST9
 2368 08c0 71030000 		.4byte	.LVUS9
 2369 08c4 24       		.uleb128 0x24
 2370 08c5 46040000 		.4byte	.LASF38
 2371 08c9 DD       		.byte	0xdd
 2372 08ca 41       		.byte	0x41
 2373 08cb C7000000 		.4byte	0xc7
 2374 08cf 8A030000 		.4byte	.LLST10
 2375 08d3 86030000 		.4byte	.LVUS10
 2376 08d7 25       		.uleb128 0x25
 2377 08d8 39040000 		.4byte	.LASF41
 2378 08dc DE       		.byte	0xde
 2379 08dd BB000000 		.4byte	0xbb
 2380 08e1 9D030000 		.4byte	.LLST11
 2381 08e5 9B030000 		.4byte	.LVUS11
 2382 08e9 06       		.uleb128 0x6
 2383 08ea 0D030000 		.4byte	.LASF39
 2384 08ee A5090000 		.4byte	0x9a5
 2385 08f2 11       		.uleb128 0x11
 2386 08f3 640C0000 		.4byte	0xc64
 2387 08f7 44000000 		.4byte	.LBI91
 2388 08fb 04       		.byte	.LVU130
 2389 08fc 18000000 		.4byte	.LLRL12
 2390 0900 01       		.byte	0x1
 2391 0901 EA       		.byte	0xea
 2392 0902 09       		.byte	0x9
 2393 0903 58090000 		.4byte	0x958
 2394 0907 02       		.uleb128 0x2
ARM GAS  /tmp/ccWbXyoS.s 			page 43


 2395 0908 720C0000 		.4byte	0xc72
 2396 090c AA030000 		.4byte	.LLST13
 2397 0910 A6030000 		.4byte	.LVUS13
 2398 0914 11       		.uleb128 0x11
 2399 0915 9F0C0000 		.4byte	0xc9f
 2400 0919 44000000 		.4byte	.LBI92
 2401 091d 07       		.byte	.LVU133
 2402 091e 24000000 		.4byte	.LLRL14
 2403 0922 04       		.byte	0x4
 2404 0923 AB       		.byte	0xab
 2405 0924 0A       		.byte	0xa
 2406 0925 37090000 		.4byte	0x937
 2407 0929 02       		.uleb128 0x2
 2408 092a AD0C0000 		.4byte	0xcad
 2409 092e BE030000 		.4byte	.LLST15
 2410 0932 BA030000 		.4byte	.LVUS15
 2411 0936 00       		.byte	0
 2412 0937 1A       		.uleb128 0x1a
 2413 0938 840C0000 		.4byte	0xc84
 2414 093c 20000000 		.4byte	.LBI96
 2415 0940 01       		.byte	.LVU116
 2416 0941 20000000 		.4byte	.LBB96
 2417 0945 04000000 		.4byte	.LBE96-.LBB96
 2418 0949 02       		.uleb128 0x2
 2419 094a 920C0000 		.4byte	0xc92
 2420 094e D0030000 		.4byte	.LLST16
 2421 0952 CE030000 		.4byte	.LVUS16
 2422 0956 00       		.byte	0
 2423 0957 00       		.byte	0
 2424 0958 07       		.uleb128 0x7
 2425 0959 3C000000 		.4byte	.LVL26
 2426 095d BA010000 		.4byte	0x1ba
 2427 0961 72090000 		.4byte	0x972
 2428 0965 01       		.uleb128 0x1
 2429 0966 01       		.uleb128 0x1
 2430 0967 50       		.byte	0x50
 2431 0968 02       		.uleb128 0x2
 2432 0969 76       		.byte	0x76
 2433 096a 00       		.sleb128 0
 2434 096b 01       		.uleb128 0x1
 2435 096c 01       		.uleb128 0x1
 2436 096d 51       		.byte	0x51
 2437 096e 02       		.uleb128 0x2
 2438 096f 75       		.byte	0x75
 2439 0970 00       		.sleb128 0
 2440 0971 00       		.byte	0
 2441 0972 07       		.uleb128 0x7
 2442 0973 88000000 		.4byte	.LVL29
 2443 0977 DB010000 		.4byte	0x1db
 2444 097b 8B090000 		.4byte	0x98b
 2445 097f 01       		.uleb128 0x1
 2446 0980 01       		.uleb128 0x1
 2447 0981 50       		.byte	0x50
 2448 0982 02       		.uleb128 0x2
 2449 0983 74       		.byte	0x74
 2450 0984 20       		.sleb128 32
 2451 0985 01       		.uleb128 0x1
ARM GAS  /tmp/ccWbXyoS.s 			page 44


 2452 0986 01       		.uleb128 0x1
 2453 0987 51       		.byte	0x51
 2454 0988 01       		.uleb128 0x1
 2455 0989 30       		.byte	0x30
 2456 098a 00       		.byte	0
 2457 098b 17       		.uleb128 0x17
 2458 098c 8C000000 		.4byte	.LVL30
 2459 0990 07020000 		.4byte	0x207
 2460 0994 00       		.byte	0
 2461 0995 0F       		.uleb128 0xf
 2462 0996 9E000000 		.4byte	0x9e
 2463 099a A5090000 		.4byte	0x9a5
 2464 099e 10       		.uleb128 0x10
 2465 099f 2D000000 		.4byte	0x2d
 2466 09a3 10       		.byte	0x10
 2467 09a4 00       		.byte	0
 2468 09a5 08       		.uleb128 0x8
 2469 09a6 95090000 		.4byte	0x995
 2470 09aa 23       		.uleb128 0x23
 2471 09ab 24040000 		.4byte	.LASF47
 2472 09af C1       		.byte	0xc1
 2473 09b0 BB000000 		.4byte	0xbb
 2474 09b4 00000000 		.4byte	.LFB211
 2475 09b8 14000000 		.4byte	.LFE211-.LFB211
 2476 09bc 01       		.uleb128 0x1
 2477 09bd 9C       		.byte	0x9c
 2478 09be 8D0A0000 		.4byte	0xa8d
 2479 09c2 09       		.uleb128 0x9
 2480 09c3 6D627000 		.ascii	"mbp\000"
 2481 09c7 C1       		.byte	0xc1
 2482 09c8 22       		.byte	0x22
 2483 09c9 C1020000 		.4byte	0x2c1
 2484 09cd DD030000 		.4byte	.LLST17
 2485 09d1 D9030000 		.4byte	.LVUS17
 2486 09d5 09       		.uleb128 0x9
 2487 09d6 6D736700 		.ascii	"msg\000"
 2488 09da C1       		.byte	0xc1
 2489 09db 2D       		.byte	0x2d
 2490 09dc BB000000 		.4byte	0xbb
 2491 09e0 FA030000 		.4byte	.LLST18
 2492 09e4 F6030000 		.4byte	.LVUS18
 2493 09e8 24       		.uleb128 0x24
 2494 09e9 46040000 		.4byte	.LASF38
 2495 09ed C1       		.byte	0xc1
 2496 09ee 40       		.byte	0x40
 2497 09ef C7000000 		.4byte	0xc7
 2498 09f3 17040000 		.4byte	.LLST19
 2499 09f7 13040000 		.4byte	.LVUS19
 2500 09fb 25       		.uleb128 0x25
 2501 09fc 39040000 		.4byte	.LASF41
 2502 0a00 C2       		.byte	0xc2
 2503 0a01 BB000000 		.4byte	0xbb
 2504 0a05 32040000 		.4byte	.LLST20
 2505 0a09 30040000 		.4byte	.LVUS20
 2506 0a0d 11       		.uleb128 0x11
 2507 0a0e E70C0000 		.4byte	0xce7
 2508 0a12 00000000 		.4byte	.LBI101
ARM GAS  /tmp/ccWbXyoS.s 			page 45


 2509 0a16 03       		.byte	.LVU157
 2510 0a17 33000000 		.4byte	.LLRL21
 2511 0a1b 01       		.byte	0x1
 2512 0a1c C4       		.byte	0xc4
 2513 0a1d 03       		.byte	0x3
 2514 0a1e 310A0000 		.4byte	0xa31
 2515 0a22 18       		.uleb128 0x18
 2516 0a23 F70C0000 		.4byte	0xcf7
 2517 0a27 00000000 		.4byte	.LBI102
 2518 0a2b 05       		.byte	.LVU159
 2519 0a2c 33000000 		.4byte	.LLRL21
 2520 0a30 00       		.byte	0
 2521 0a31 1D       		.uleb128 0x1d
 2522 0a32 BA0C0000 		.4byte	0xcba
 2523 0a36 0C000000 		.4byte	.LBI107
 2524 0a3a 01       		.byte	.LVU168
 2525 0a3b 0C000000 		.4byte	.LBB107
 2526 0a3f 04000000 		.4byte	.LBE107-.LBB107
 2527 0a43 C6       		.byte	0xc6
 2528 0a44 5B0A0000 		.4byte	0xa5b
 2529 0a48 19       		.uleb128 0x19
 2530 0a49 EF0C0000 		.4byte	0xcef
 2531 0a4d 0C000000 		.4byte	.LBI109
 2532 0a51 08       		.byte	.LVU175
 2533 0a52 0C000000 		.4byte	.LBB109
 2534 0a56 04000000 		.4byte	.LBE109-.LBB109
 2535 0a5a 00       		.byte	0
 2536 0a5b 0E       		.uleb128 0xe
 2537 0a5c 0C000000 		.4byte	.LVL32
 2538 0a60 86080000 		.4byte	0x886
 2539 0a64 01       		.uleb128 0x1
 2540 0a65 01       		.uleb128 0x1
 2541 0a66 50       		.byte	0x50
 2542 0a67 09       		.uleb128 0x9
 2543 0a68 A3       		.byte	0xa3
 2544 0a69 03       		.uleb128 0x3
 2545 0a6a A5       		.byte	0xa5
 2546 0a6b 00       		.uleb128 0
 2547 0a6c 26       		.uleb128 0x26
 2548 0a6d A8       		.byte	0xa8
 2549 0a6e 2D       		.uleb128 0x2d
 2550 0a6f A8       		.byte	0xa8
 2551 0a70 00       		.uleb128 0
 2552 0a71 01       		.uleb128 0x1
 2553 0a72 01       		.uleb128 0x1
 2554 0a73 51       		.byte	0x51
 2555 0a74 09       		.uleb128 0x9
 2556 0a75 A3       		.byte	0xa3
 2557 0a76 03       		.uleb128 0x3
 2558 0a77 A5       		.byte	0xa5
 2559 0a78 01       		.uleb128 0x1
 2560 0a79 26       		.uleb128 0x26
 2561 0a7a A8       		.byte	0xa8
 2562 0a7b 2D       		.uleb128 0x2d
 2563 0a7c A8       		.byte	0xa8
 2564 0a7d 00       		.uleb128 0
 2565 0a7e 01       		.uleb128 0x1
ARM GAS  /tmp/ccWbXyoS.s 			page 46


 2566 0a7f 01       		.uleb128 0x1
 2567 0a80 52       		.byte	0x52
 2568 0a81 09       		.uleb128 0x9
 2569 0a82 A3       		.byte	0xa3
 2570 0a83 03       		.uleb128 0x3
 2571 0a84 A5       		.byte	0xa5
 2572 0a85 02       		.uleb128 0x2
 2573 0a86 26       		.uleb128 0x26
 2574 0a87 A8       		.byte	0xa8
 2575 0a88 2D       		.uleb128 0x2d
 2576 0a89 A8       		.byte	0xa8
 2577 0a8a 00       		.uleb128 0
 2578 0a8b 00       		.byte	0
 2579 0a8c 00       		.byte	0
 2580 0a8d 2B       		.uleb128 0x2b
 2581 0a8e 9A010000 		.4byte	.LASF48
 2582 0a92 01       		.byte	0x1
 2583 0a93 A2       		.byte	0xa2
 2584 0a94 06       		.byte	0x6
 2585 0a95 01       		.byte	0x1
 2586 0a96 B00A0000 		.4byte	0xab0
 2587 0a9a 1B       		.uleb128 0x1b
 2588 0a9b 6D627000 		.ascii	"mbp\000"
 2589 0a9f 01       		.byte	0x1
 2590 0aa0 A2       		.byte	0xa2
 2591 0aa1 1C       		.byte	0x1c
 2592 0aa2 C1020000 		.4byte	0x2c1
 2593 0aa6 06       		.uleb128 0x6
 2594 0aa7 0D030000 		.4byte	.LASF39
 2595 0aab D6020000 		.4byte	0x2d6
 2596 0aaf 00       		.byte	0
 2597 0ab0 1E       		.uleb128 0x1e
 2598 0ab1 C7010000 		.4byte	.LASF49
 2599 0ab5 8E       		.byte	0x8e
 2600 0ab6 00000000 		.4byte	.LFB209
 2601 0aba 4C000000 		.4byte	.LFE209-.LFB209
 2602 0abe 01       		.uleb128 0x1
 2603 0abf 9C       		.byte	0x9c
 2604 0ac0 840B0000 		.4byte	0xb84
 2605 0ac4 09       		.uleb128 0x9
 2606 0ac5 6D627000 		.ascii	"mbp\000"
 2607 0ac9 8E       		.byte	0x8e
 2608 0aca 1B       		.byte	0x1b
 2609 0acb C1020000 		.4byte	0x2c1
 2610 0acf 3F040000 		.4byte	.LLST4
 2611 0ad3 3B040000 		.4byte	.LVUS4
 2612 0ad7 11       		.uleb128 0x11
 2613 0ad8 E70C0000 		.4byte	0xce7
 2614 0adc 00000000 		.4byte	.LBI79
 2615 0ae0 02       		.byte	.LVU42
 2616 0ae1 0C000000 		.4byte	.LLRL5
 2617 0ae5 01       		.byte	0x1
 2618 0ae6 90       		.byte	0x90
 2619 0ae7 03       		.byte	0x3
 2620 0ae8 FB0A0000 		.4byte	0xafb
 2621 0aec 18       		.uleb128 0x18
 2622 0aed F70C0000 		.4byte	0xcf7
ARM GAS  /tmp/ccWbXyoS.s 			page 47


 2623 0af1 00000000 		.4byte	.LBI80
 2624 0af5 04       		.byte	.LVU44
 2625 0af6 0C000000 		.4byte	.LLRL5
 2626 0afa 00       		.byte	0
 2627 0afb 1D       		.uleb128 0x1d
 2628 0afc 8D0A0000 		.4byte	0xa8d
 2629 0b00 0C000000 		.4byte	.LBI85
 2630 0b04 03       		.byte	.LVU52
 2631 0b05 0C000000 		.4byte	.LBB85
 2632 0b09 34000000 		.4byte	.LBE85-.LBB85
 2633 0b0d 91       		.byte	0x91
 2634 0b0e 500B0000 		.4byte	0xb50
 2635 0b12 02       		.uleb128 0x2
 2636 0b13 9A0A0000 		.4byte	0xa9a
 2637 0b17 53040000 		.4byte	.LLST6
 2638 0b1b 4F040000 		.4byte	.LVUS6
 2639 0b1f 07       		.uleb128 0x7
 2640 0b20 34000000 		.4byte	.LVL14
 2641 0b24 F1010000 		.4byte	0x1f1
 2642 0b28 390B0000 		.4byte	0xb39
 2643 0b2c 01       		.uleb128 0x1
 2644 0b2d 01       		.uleb128 0x1
 2645 0b2e 50       		.byte	0x50
 2646 0b2f 02       		.uleb128 0x2
 2647 0b30 74       		.byte	0x74
 2648 0b31 18       		.sleb128 24
 2649 0b32 01       		.uleb128 0x1
 2650 0b33 01       		.uleb128 0x1
 2651 0b34 51       		.byte	0x51
 2652 0b35 02       		.uleb128 0x2
 2653 0b36 09       		.byte	0x9
 2654 0b37 FE       		.byte	0xfe
 2655 0b38 00       		.byte	0
 2656 0b39 0E       		.uleb128 0xe
 2657 0b3a 40000000 		.4byte	.LVL15
 2658 0b3e F1010000 		.4byte	0x1f1
 2659 0b42 01       		.uleb128 0x1
 2660 0b43 01       		.uleb128 0x1
 2661 0b44 50       		.byte	0x50
 2662 0b45 02       		.uleb128 0x2
 2663 0b46 74       		.byte	0x74
 2664 0b47 20       		.sleb128 32
 2665 0b48 01       		.uleb128 0x1
 2666 0b49 01       		.uleb128 0x1
 2667 0b4a 51       		.byte	0x51
 2668 0b4b 02       		.uleb128 0x2
 2669 0b4c 09       		.byte	0x9
 2670 0b4d FE       		.byte	0xfe
 2671 0b4e 00       		.byte	0
 2672 0b4f 00       		.byte	0
 2673 0b50 1D       		.uleb128 0x1d
 2674 0b51 BA0C0000 		.4byte	0xcba
 2675 0b55 44000000 		.4byte	.LBI87
 2676 0b59 01       		.byte	.LVU73
 2677 0b5a 44000000 		.4byte	.LBB87
 2678 0b5e 04000000 		.4byte	.LBE87-.LBB87
 2679 0b62 93       		.byte	0x93
ARM GAS  /tmp/ccWbXyoS.s 			page 48


 2680 0b63 7A0B0000 		.4byte	0xb7a
 2681 0b67 19       		.uleb128 0x19
 2682 0b68 EF0C0000 		.4byte	0xcef
 2683 0b6c 44000000 		.4byte	.LBI89
 2684 0b70 08       		.byte	.LVU80
 2685 0b71 44000000 		.4byte	.LBB89
 2686 0b75 04000000 		.4byte	.LBE89-.LBB89
 2687 0b79 00       		.byte	0
 2688 0b7a 17       		.uleb128 0x17
 2689 0b7b 44000000 		.4byte	.LVL16
 2690 0b7f 07020000 		.4byte	0x207
 2691 0b83 00       		.byte	0
 2692 0b84 1E       		.uleb128 0x1e
 2693 0b85 79010000 		.4byte	.LASF50
 2694 0b89 75       		.byte	0x75
 2695 0b8a 00000000 		.4byte	.LFB208
 2696 0b8e 1C000000 		.4byte	.LFE208-.LFB208
 2697 0b92 01       		.uleb128 0x1
 2698 0b93 9C       		.byte	0x9c
 2699 0b94 E20B0000 		.4byte	0xbe2
 2700 0b98 09       		.uleb128 0x9
 2701 0b99 6D627000 		.ascii	"mbp\000"
 2702 0b9d 75       		.byte	0x75
 2703 0b9e 23       		.byte	0x23
 2704 0b9f C1020000 		.4byte	0x2c1
 2705 0ba3 6B040000 		.4byte	.LLST3
 2706 0ba7 63040000 		.4byte	.LVUS3
 2707 0bab 06       		.uleb128 0x6
 2708 0bac 0D030000 		.4byte	.LASF39
 2709 0bb0 BC030000 		.4byte	0x3bc
 2710 0bb4 07       		.uleb128 0x7
 2711 0bb5 10000000 		.4byte	.LVL8
 2712 0bb9 0F020000 		.4byte	0x20f
 2713 0bbd C80B0000 		.4byte	0xbc8
 2714 0bc1 01       		.uleb128 0x1
 2715 0bc2 01       		.uleb128 0x1
 2716 0bc3 50       		.byte	0x50
 2717 0bc4 02       		.uleb128 0x2
 2718 0bc5 74       		.byte	0x74
 2719 0bc6 20       		.sleb128 32
 2720 0bc7 00       		.byte	0
 2721 0bc8 1F       		.uleb128 0x1f
 2722 0bc9 1C000000 		.4byte	.LVL10
 2723 0bcd 0F020000 		.4byte	0x20f
 2724 0bd1 01       		.uleb128 0x1
 2725 0bd2 01       		.uleb128 0x1
 2726 0bd3 50       		.byte	0x50
 2727 0bd4 0B       		.uleb128 0xb
 2728 0bd5 A3       		.byte	0xa3
 2729 0bd6 03       		.uleb128 0x3
 2730 0bd7 A5       		.byte	0xa5
 2731 0bd8 00       		.uleb128 0
 2732 0bd9 26       		.uleb128 0x26
 2733 0bda A8       		.byte	0xa8
 2734 0bdb 2D       		.uleb128 0x2d
 2735 0bdc A8       		.byte	0xa8
 2736 0bdd 00       		.uleb128 0
ARM GAS  /tmp/ccWbXyoS.s 			page 49


 2737 0bde 23       		.byte	0x23
 2738 0bdf 18       		.uleb128 0x18
 2739 0be0 00       		.byte	0
 2740 0be1 00       		.byte	0
 2741 0be2 1E       		.uleb128 0x1e
 2742 0be3 F4010000 		.4byte	.LASF51
 2743 0be7 58       		.byte	0x58
 2744 0be8 00000000 		.4byte	.LFB207
 2745 0bec 38000000 		.4byte	.LFE207-.LFB207
 2746 0bf0 01       		.uleb128 0x1
 2747 0bf1 9C       		.byte	0x9c
 2748 0bf2 640C0000 		.4byte	0xc64
 2749 0bf6 09       		.uleb128 0x9
 2750 0bf7 6D627000 		.ascii	"mbp\000"
 2751 0bfb 58       		.byte	0x58
 2752 0bfc 20       		.byte	0x20
 2753 0bfd C1020000 		.4byte	0x2c1
 2754 0c01 98040000 		.4byte	.LLST0
 2755 0c05 90040000 		.4byte	.LVUS0
 2756 0c09 09       		.uleb128 0x9
 2757 0c0a 62756600 		.ascii	"buf\000"
 2758 0c0e 58       		.byte	0x58
 2759 0c0f 2C       		.byte	0x2c
 2760 0c10 9D010000 		.4byte	0x19d
 2761 0c14 C1040000 		.4byte	.LLST1
 2762 0c18 BD040000 		.4byte	.LVUS1
 2763 0c1c 09       		.uleb128 0x9
 2764 0c1d 6E00     		.ascii	"n\000"
 2765 0c1f 58       		.byte	0x58
 2766 0c20 38       		.byte	0x38
 2767 0c21 3B000000 		.4byte	0x3b
 2768 0c25 DE040000 		.4byte	.LLST2
 2769 0c29 DA040000 		.4byte	.LVUS2
 2770 0c2d 06       		.uleb128 0x6
 2771 0c2e 0D030000 		.4byte	.LASF39
 2772 0c32 8A050000 		.4byte	0x58a
 2773 0c36 07       		.uleb128 0x7
 2774 0c37 2C000000 		.4byte	.LVL3
 2775 0c3b 20020000 		.4byte	0x220
 2776 0c3f 4A0C0000 		.4byte	0xc4a
 2777 0c43 01       		.uleb128 0x1
 2778 0c44 01       		.uleb128 0x1
 2779 0c45 50       		.byte	0x50
 2780 0c46 02       		.uleb128 0x2
 2781 0c47 74       		.byte	0x74
 2782 0c48 18       		.sleb128 24
 2783 0c49 00       		.byte	0
 2784 0c4a 1F       		.uleb128 0x1f
 2785 0c4b 38000000 		.4byte	.LVL5
 2786 0c4f 20020000 		.4byte	0x220
 2787 0c53 01       		.uleb128 0x1
 2788 0c54 01       		.uleb128 0x1
 2789 0c55 50       		.byte	0x50
 2790 0c56 0B       		.uleb128 0xb
 2791 0c57 A3       		.byte	0xa3
 2792 0c58 03       		.uleb128 0x3
 2793 0c59 A5       		.byte	0xa5
ARM GAS  /tmp/ccWbXyoS.s 			page 50


 2794 0c5a 00       		.uleb128 0
 2795 0c5b 26       		.uleb128 0x26
 2796 0c5c A8       		.byte	0xa8
 2797 0c5d 2D       		.uleb128 0x2d
 2798 0c5e A8       		.byte	0xa8
 2799 0c5f 00       		.uleb128 0
 2800 0c60 23       		.byte	0x23
 2801 0c61 20       		.uleb128 0x20
 2802 0c62 00       		.byte	0
 2803 0c63 00       		.byte	0
 2804 0c64 20       		.uleb128 0x20
 2805 0c65 16010000 		.4byte	.LASF52
 2806 0c69 A7       		.byte	0xa7
 2807 0c6a 3B000000 		.4byte	0x3b
 2808 0c6e 7F0C0000 		.4byte	0xc7f
 2809 0c72 1B       		.uleb128 0x1b
 2810 0c73 6D627000 		.ascii	"mbp\000"
 2811 0c77 04       		.byte	0x4
 2812 0c78 A7       		.byte	0xa7
 2813 0c79 39       		.byte	0x39
 2814 0c7a 7F0C0000 		.4byte	0xc7f
 2815 0c7e 00       		.byte	0
 2816 0c7f 13       		.uleb128 0x13
 2817 0c80 B5010000 		.4byte	0x1b5
 2818 0c84 20       		.uleb128 0x20
 2819 0c85 28010000 		.4byte	.LASF53
 2820 0c89 98       		.byte	0x98
 2821 0c8a 3B000000 		.4byte	0x3b
 2822 0c8e 9F0C0000 		.4byte	0xc9f
 2823 0c92 1B       		.uleb128 0x1b
 2824 0c93 6D627000 		.ascii	"mbp\000"
 2825 0c97 04       		.byte	0x4
 2826 0c98 98       		.byte	0x98
 2827 0c99 39       		.byte	0x39
 2828 0c9a 7F0C0000 		.4byte	0xc7f
 2829 0c9e 00       		.byte	0
 2830 0c9f 20       		.uleb128 0x20
 2831 0ca0 BB030000 		.4byte	.LASF54
 2832 0ca4 88       		.byte	0x88
 2833 0ca5 3B000000 		.4byte	0x3b
 2834 0ca9 BA0C0000 		.4byte	0xcba
 2835 0cad 1B       		.uleb128 0x1b
 2836 0cae 6D627000 		.ascii	"mbp\000"
 2837 0cb2 04       		.byte	0x4
 2838 0cb3 88       		.byte	0x88
 2839 0cb4 34       		.byte	0x34
 2840 0cb5 7F0C0000 		.4byte	0xc7f
 2841 0cb9 00       		.byte	0
 2842 0cba 2C       		.uleb128 0x2c
 2843 0cbb D3030000 		.4byte	.LASF63
 2844 0cbf 02       		.byte	0x2
 2845 0cc0 8101     		.2byte	0x181
 2846 0cc2 14       		.byte	0x14
 2847 0cc3 03       		.byte	0x3
 2848 0cc4 D20C0000 		.4byte	0xcd2
 2849 0cc8 06       		.uleb128 0x6
 2850 0cc9 0D030000 		.4byte	.LASF39
ARM GAS  /tmp/ccWbXyoS.s 			page 51


 2851 0ccd E20C0000 		.4byte	0xce2
 2852 0cd1 00       		.byte	0
 2853 0cd2 0F       		.uleb128 0xf
 2854 0cd3 9E000000 		.4byte	0x9e
 2855 0cd7 E20C0000 		.4byte	0xce2
 2856 0cdb 10       		.uleb128 0x10
 2857 0cdc 2D000000 		.4byte	0x2d
 2858 0ce0 0B       		.byte	0xb
 2859 0ce1 00       		.byte	0
 2860 0ce2 08       		.uleb128 0x8
 2861 0ce3 D20C0000 		.4byte	0xcd2
 2862 0ce7 21       		.uleb128 0x21
 2863 0ce8 66010000 		.4byte	.LASF55
 2864 0cec 02       		.byte	0x2
 2865 0ced 7301     		.2byte	0x173
 2866 0cef 21       		.uleb128 0x21
 2867 0cf0 46030000 		.4byte	.LASF56
 2868 0cf4 03       		.byte	0x3
 2869 0cf5 EF02     		.2byte	0x2ef
 2870 0cf7 21       		.uleb128 0x21
 2871 0cf8 5C010000 		.4byte	.LASF57
 2872 0cfc 03       		.byte	0x3
 2873 0cfd E302     		.2byte	0x2e3
 2874 0cff 2D       		.uleb128 0x2d
 2875 0d00 8D0A0000 		.4byte	0xa8d
 2876 0d04 00000000 		.4byte	.LFB210
 2877 0d08 40000000 		.4byte	.LFE210-.LFB210
 2878 0d0c 01       		.uleb128 0x1
 2879 0d0d 9C       		.byte	0x9c
 2880 0d0e 02       		.uleb128 0x2
 2881 0d0f 9A0A0000 		.4byte	0xa9a
 2882 0d13 FF040000 		.4byte	.LLST7
 2883 0d17 F7040000 		.4byte	.LVUS7
 2884 0d1b 07       		.uleb128 0x7
 2885 0d1c 30000000 		.4byte	.LVL19
 2886 0d20 F1010000 		.4byte	0x1f1
 2887 0d24 350D0000 		.4byte	0xd35
 2888 0d28 01       		.uleb128 0x1
 2889 0d29 01       		.uleb128 0x1
 2890 0d2a 50       		.byte	0x50
 2891 0d2b 02       		.uleb128 0x2
 2892 0d2c 74       		.byte	0x74
 2893 0d2d 18       		.sleb128 24
 2894 0d2e 01       		.uleb128 0x1
 2895 0d2f 01       		.uleb128 0x1
 2896 0d30 51       		.byte	0x51
 2897 0d31 02       		.uleb128 0x2
 2898 0d32 09       		.byte	0x9
 2899 0d33 FE       		.byte	0xfe
 2900 0d34 00       		.byte	0
 2901 0d35 1F       		.uleb128 0x1f
 2902 0d36 40000000 		.4byte	.LVL21
 2903 0d3a F1010000 		.4byte	0x1f1
 2904 0d3e 01       		.uleb128 0x1
 2905 0d3f 01       		.uleb128 0x1
 2906 0d40 50       		.byte	0x50
 2907 0d41 0B       		.uleb128 0xb
ARM GAS  /tmp/ccWbXyoS.s 			page 52


 2908 0d42 A3       		.byte	0xa3
 2909 0d43 03       		.uleb128 0x3
 2910 0d44 A5       		.byte	0xa5
 2911 0d45 00       		.uleb128 0
 2912 0d46 26       		.uleb128 0x26
 2913 0d47 A8       		.byte	0xa8
 2914 0d48 2D       		.uleb128 0x2d
 2915 0d49 A8       		.byte	0xa8
 2916 0d4a 00       		.uleb128 0
 2917 0d4b 23       		.byte	0x23
 2918 0d4c 20       		.uleb128 0x20
 2919 0d4d 01       		.uleb128 0x1
 2920 0d4e 01       		.uleb128 0x1
 2921 0d4f 51       		.byte	0x51
 2922 0d50 02       		.uleb128 0x2
 2923 0d51 09       		.byte	0x9
 2924 0d52 FE       		.byte	0xfe
 2925 0d53 00       		.byte	0
 2926 0d54 00       		.byte	0
 2927 0d55 00       		.byte	0
 2928              		.section	.debug_abbrev,"",%progbits
 2929              	.Ldebug_abbrev0:
 2930 0000 01       		.uleb128 0x1
 2931 0001 49       		.uleb128 0x49
 2932 0002 00       		.byte	0
 2933 0003 02       		.uleb128 0x2
 2934 0004 18       		.uleb128 0x18
 2935 0005 7E       		.uleb128 0x7e
 2936 0006 18       		.uleb128 0x18
 2937 0007 00       		.byte	0
 2938 0008 00       		.byte	0
 2939 0009 02       		.uleb128 0x2
 2940 000a 05       		.uleb128 0x5
 2941 000b 00       		.byte	0
 2942 000c 31       		.uleb128 0x31
 2943 000d 13       		.uleb128 0x13
 2944 000e 02       		.uleb128 0x2
 2945 000f 17       		.uleb128 0x17
 2946 0010 B742     		.uleb128 0x2137
 2947 0012 17       		.uleb128 0x17
 2948 0013 00       		.byte	0
 2949 0014 00       		.byte	0
 2950 0015 03       		.uleb128 0x3
 2951 0016 24       		.uleb128 0x24
 2952 0017 00       		.byte	0
 2953 0018 0B       		.uleb128 0xb
 2954 0019 0B       		.uleb128 0xb
 2955 001a 3E       		.uleb128 0x3e
 2956 001b 0B       		.uleb128 0xb
 2957 001c 03       		.uleb128 0x3
 2958 001d 0E       		.uleb128 0xe
 2959 001e 00       		.byte	0
 2960 001f 00       		.byte	0
 2961 0020 04       		.uleb128 0x4
 2962 0021 05       		.uleb128 0x5
 2963 0022 00       		.byte	0
 2964 0023 03       		.uleb128 0x3
ARM GAS  /tmp/ccWbXyoS.s 			page 53


 2965 0024 08       		.uleb128 0x8
 2966 0025 3A       		.uleb128 0x3a
 2967 0026 21       		.uleb128 0x21
 2968 0027 01       		.sleb128 1
 2969 0028 3B       		.uleb128 0x3b
 2970 0029 05       		.uleb128 0x5
 2971 002a 39       		.uleb128 0x39
 2972 002b 0B       		.uleb128 0xb
 2973 002c 49       		.uleb128 0x49
 2974 002d 13       		.uleb128 0x13
 2975 002e 02       		.uleb128 0x2
 2976 002f 17       		.uleb128 0x17
 2977 0030 B742     		.uleb128 0x2137
 2978 0032 17       		.uleb128 0x17
 2979 0033 00       		.byte	0
 2980 0034 00       		.byte	0
 2981 0035 05       		.uleb128 0x5
 2982 0036 16       		.uleb128 0x16
 2983 0037 00       		.byte	0
 2984 0038 03       		.uleb128 0x3
 2985 0039 0E       		.uleb128 0xe
 2986 003a 3A       		.uleb128 0x3a
 2987 003b 0B       		.uleb128 0xb
 2988 003c 3B       		.uleb128 0x3b
 2989 003d 0B       		.uleb128 0xb
 2990 003e 39       		.uleb128 0x39
 2991 003f 0B       		.uleb128 0xb
 2992 0040 49       		.uleb128 0x49
 2993 0041 13       		.uleb128 0x13
 2994 0042 00       		.byte	0
 2995 0043 00       		.byte	0
 2996 0044 06       		.uleb128 0x6
 2997 0045 34       		.uleb128 0x34
 2998 0046 00       		.byte	0
 2999 0047 03       		.uleb128 0x3
 3000 0048 0E       		.uleb128 0xe
 3001 0049 49       		.uleb128 0x49
 3002 004a 13       		.uleb128 0x13
 3003 004b 34       		.uleb128 0x34
 3004 004c 19       		.uleb128 0x19
 3005 004d 00       		.byte	0
 3006 004e 00       		.byte	0
 3007 004f 07       		.uleb128 0x7
 3008 0050 48       		.uleb128 0x48
 3009 0051 01       		.byte	0x1
 3010 0052 7D       		.uleb128 0x7d
 3011 0053 01       		.uleb128 0x1
 3012 0054 7F       		.uleb128 0x7f
 3013 0055 13       		.uleb128 0x13
 3014 0056 01       		.uleb128 0x1
 3015 0057 13       		.uleb128 0x13
 3016 0058 00       		.byte	0
 3017 0059 00       		.byte	0
 3018 005a 08       		.uleb128 0x8
 3019 005b 26       		.uleb128 0x26
 3020 005c 00       		.byte	0
 3021 005d 49       		.uleb128 0x49
ARM GAS  /tmp/ccWbXyoS.s 			page 54


 3022 005e 13       		.uleb128 0x13
 3023 005f 00       		.byte	0
 3024 0060 00       		.byte	0
 3025 0061 09       		.uleb128 0x9
 3026 0062 05       		.uleb128 0x5
 3027 0063 00       		.byte	0
 3028 0064 03       		.uleb128 0x3
 3029 0065 08       		.uleb128 0x8
 3030 0066 3A       		.uleb128 0x3a
 3031 0067 21       		.uleb128 0x21
 3032 0068 01       		.sleb128 1
 3033 0069 3B       		.uleb128 0x3b
 3034 006a 0B       		.uleb128 0xb
 3035 006b 39       		.uleb128 0x39
 3036 006c 0B       		.uleb128 0xb
 3037 006d 49       		.uleb128 0x49
 3038 006e 13       		.uleb128 0x13
 3039 006f 02       		.uleb128 0x2
 3040 0070 17       		.uleb128 0x17
 3041 0071 B742     		.uleb128 0x2137
 3042 0073 17       		.uleb128 0x17
 3043 0074 00       		.byte	0
 3044 0075 00       		.byte	0
 3045 0076 0A       		.uleb128 0xa
 3046 0077 05       		.uleb128 0x5
 3047 0078 00       		.byte	0
 3048 0079 49       		.uleb128 0x49
 3049 007a 13       		.uleb128 0x13
 3050 007b 00       		.byte	0
 3051 007c 00       		.byte	0
 3052 007d 0B       		.uleb128 0xb
 3053 007e 0D       		.uleb128 0xd
 3054 007f 00       		.byte	0
 3055 0080 03       		.uleb128 0x3
 3056 0081 0E       		.uleb128 0xe
 3057 0082 3A       		.uleb128 0x3a
 3058 0083 0B       		.uleb128 0xb
 3059 0084 3B       		.uleb128 0x3b
 3060 0085 0B       		.uleb128 0xb
 3061 0086 39       		.uleb128 0x39
 3062 0087 0B       		.uleb128 0xb
 3063 0088 49       		.uleb128 0x49
 3064 0089 13       		.uleb128 0x13
 3065 008a 38       		.uleb128 0x38
 3066 008b 0B       		.uleb128 0xb
 3067 008c 00       		.byte	0
 3068 008d 00       		.byte	0
 3069 008e 0C       		.uleb128 0xc
 3070 008f 2E       		.uleb128 0x2e
 3071 0090 01       		.byte	0x1
 3072 0091 3F       		.uleb128 0x3f
 3073 0092 19       		.uleb128 0x19
 3074 0093 03       		.uleb128 0x3
 3075 0094 0E       		.uleb128 0xe
 3076 0095 3A       		.uleb128 0x3a
 3077 0096 21       		.uleb128 0x21
 3078 0097 01       		.sleb128 1
ARM GAS  /tmp/ccWbXyoS.s 			page 55


 3079 0098 3B       		.uleb128 0x3b
 3080 0099 05       		.uleb128 0x5
 3081 009a 39       		.uleb128 0x39
 3082 009b 21       		.uleb128 0x21
 3083 009c 07       		.sleb128 7
 3084 009d 27       		.uleb128 0x27
 3085 009e 19       		.uleb128 0x19
 3086 009f 49       		.uleb128 0x49
 3087 00a0 13       		.uleb128 0x13
 3088 00a1 11       		.uleb128 0x11
 3089 00a2 01       		.uleb128 0x1
 3090 00a3 12       		.uleb128 0x12
 3091 00a4 06       		.uleb128 0x6
 3092 00a5 40       		.uleb128 0x40
 3093 00a6 18       		.uleb128 0x18
 3094 00a7 7A       		.uleb128 0x7a
 3095 00a8 19       		.uleb128 0x19
 3096 00a9 01       		.uleb128 0x1
 3097 00aa 13       		.uleb128 0x13
 3098 00ab 00       		.byte	0
 3099 00ac 00       		.byte	0
 3100 00ad 0D       		.uleb128 0xd
 3101 00ae 05       		.uleb128 0x5
 3102 00af 00       		.byte	0
 3103 00b0 03       		.uleb128 0x3
 3104 00b1 0E       		.uleb128 0xe
 3105 00b2 3A       		.uleb128 0x3a
 3106 00b3 21       		.uleb128 0x21
 3107 00b4 01       		.sleb128 1
 3108 00b5 3B       		.uleb128 0x3b
 3109 00b6 05       		.uleb128 0x5
 3110 00b7 39       		.uleb128 0x39
 3111 00b8 0B       		.uleb128 0xb
 3112 00b9 49       		.uleb128 0x49
 3113 00ba 13       		.uleb128 0x13
 3114 00bb 02       		.uleb128 0x2
 3115 00bc 17       		.uleb128 0x17
 3116 00bd B742     		.uleb128 0x2137
 3117 00bf 17       		.uleb128 0x17
 3118 00c0 00       		.byte	0
 3119 00c1 00       		.byte	0
 3120 00c2 0E       		.uleb128 0xe
 3121 00c3 48       		.uleb128 0x48
 3122 00c4 01       		.byte	0x1
 3123 00c5 7D       		.uleb128 0x7d
 3124 00c6 01       		.uleb128 0x1
 3125 00c7 7F       		.uleb128 0x7f
 3126 00c8 13       		.uleb128 0x13
 3127 00c9 00       		.byte	0
 3128 00ca 00       		.byte	0
 3129 00cb 0F       		.uleb128 0xf
 3130 00cc 01       		.uleb128 0x1
 3131 00cd 01       		.byte	0x1
 3132 00ce 49       		.uleb128 0x49
 3133 00cf 13       		.uleb128 0x13
 3134 00d0 01       		.uleb128 0x1
 3135 00d1 13       		.uleb128 0x13
ARM GAS  /tmp/ccWbXyoS.s 			page 56


 3136 00d2 00       		.byte	0
 3137 00d3 00       		.byte	0
 3138 00d4 10       		.uleb128 0x10
 3139 00d5 21       		.uleb128 0x21
 3140 00d6 00       		.byte	0
 3141 00d7 49       		.uleb128 0x49
 3142 00d8 13       		.uleb128 0x13
 3143 00d9 2F       		.uleb128 0x2f
 3144 00da 0B       		.uleb128 0xb
 3145 00db 00       		.byte	0
 3146 00dc 00       		.byte	0
 3147 00dd 11       		.uleb128 0x11
 3148 00de 1D       		.uleb128 0x1d
 3149 00df 01       		.byte	0x1
 3150 00e0 31       		.uleb128 0x31
 3151 00e1 13       		.uleb128 0x13
 3152 00e2 52       		.uleb128 0x52
 3153 00e3 01       		.uleb128 0x1
 3154 00e4 B842     		.uleb128 0x2138
 3155 00e6 0B       		.uleb128 0xb
 3156 00e7 55       		.uleb128 0x55
 3157 00e8 17       		.uleb128 0x17
 3158 00e9 58       		.uleb128 0x58
 3159 00ea 0B       		.uleb128 0xb
 3160 00eb 59       		.uleb128 0x59
 3161 00ec 0B       		.uleb128 0xb
 3162 00ed 57       		.uleb128 0x57
 3163 00ee 0B       		.uleb128 0xb
 3164 00ef 01       		.uleb128 0x1
 3165 00f0 13       		.uleb128 0x13
 3166 00f1 00       		.byte	0
 3167 00f2 00       		.byte	0
 3168 00f3 12       		.uleb128 0x12
 3169 00f4 1D       		.uleb128 0x1d
 3170 00f5 01       		.byte	0x1
 3171 00f6 31       		.uleb128 0x31
 3172 00f7 13       		.uleb128 0x13
 3173 00f8 52       		.uleb128 0x52
 3174 00f9 01       		.uleb128 0x1
 3175 00fa B842     		.uleb128 0x2138
 3176 00fc 0B       		.uleb128 0xb
 3177 00fd 55       		.uleb128 0x55
 3178 00fe 17       		.uleb128 0x17
 3179 00ff 58       		.uleb128 0x58
 3180 0100 21       		.uleb128 0x21
 3181 0101 01       		.sleb128 1
 3182 0102 59       		.uleb128 0x59
 3183 0103 05       		.uleb128 0x5
 3184 0104 57       		.uleb128 0x57
 3185 0105 0B       		.uleb128 0xb
 3186 0106 01       		.uleb128 0x1
 3187 0107 13       		.uleb128 0x13
 3188 0108 00       		.byte	0
 3189 0109 00       		.byte	0
 3190 010a 13       		.uleb128 0x13
 3191 010b 0F       		.uleb128 0xf
 3192 010c 00       		.byte	0
ARM GAS  /tmp/ccWbXyoS.s 			page 57


 3193 010d 0B       		.uleb128 0xb
 3194 010e 21       		.uleb128 0x21
 3195 010f 04       		.sleb128 4
 3196 0110 49       		.uleb128 0x49
 3197 0111 13       		.uleb128 0x13
 3198 0112 00       		.byte	0
 3199 0113 00       		.byte	0
 3200 0114 14       		.uleb128 0x14
 3201 0115 0D       		.uleb128 0xd
 3202 0116 00       		.byte	0
 3203 0117 03       		.uleb128 0x3
 3204 0118 08       		.uleb128 0x8
 3205 0119 3A       		.uleb128 0x3a
 3206 011a 21       		.uleb128 0x21
 3207 011b 04       		.sleb128 4
 3208 011c 3B       		.uleb128 0x3b
 3209 011d 0B       		.uleb128 0xb
 3210 011e 39       		.uleb128 0x39
 3211 011f 0B       		.uleb128 0xb
 3212 0120 49       		.uleb128 0x49
 3213 0121 13       		.uleb128 0x13
 3214 0122 38       		.uleb128 0x38
 3215 0123 0B       		.uleb128 0xb
 3216 0124 00       		.byte	0
 3217 0125 00       		.byte	0
 3218 0126 15       		.uleb128 0x15
 3219 0127 2E       		.uleb128 0x2e
 3220 0128 01       		.byte	0x1
 3221 0129 3F       		.uleb128 0x3f
 3222 012a 19       		.uleb128 0x19
 3223 012b 03       		.uleb128 0x3
 3224 012c 0E       		.uleb128 0xe
 3225 012d 3A       		.uleb128 0x3a
 3226 012e 21       		.uleb128 0x21
 3227 012f 0C       		.sleb128 12
 3228 0130 3B       		.uleb128 0x3b
 3229 0131 05       		.uleb128 0x5
 3230 0132 39       		.uleb128 0x39
 3231 0133 21       		.uleb128 0x21
 3232 0134 08       		.sleb128 8
 3233 0135 27       		.uleb128 0x27
 3234 0136 19       		.uleb128 0x19
 3235 0137 3C       		.uleb128 0x3c
 3236 0138 19       		.uleb128 0x19
 3237 0139 01       		.uleb128 0x1
 3238 013a 13       		.uleb128 0x13
 3239 013b 00       		.byte	0
 3240 013c 00       		.byte	0
 3241 013d 16       		.uleb128 0x16
 3242 013e 34       		.uleb128 0x34
 3243 013f 00       		.byte	0
 3244 0140 03       		.uleb128 0x3
 3245 0141 0E       		.uleb128 0xe
 3246 0142 3A       		.uleb128 0x3a
 3247 0143 21       		.uleb128 0x21
 3248 0144 01       		.sleb128 1
 3249 0145 3B       		.uleb128 0x3b
ARM GAS  /tmp/ccWbXyoS.s 			page 58


 3250 0146 05       		.uleb128 0x5
 3251 0147 39       		.uleb128 0x39
 3252 0148 21       		.uleb128 0x21
 3253 0149 09       		.sleb128 9
 3254 014a 49       		.uleb128 0x49
 3255 014b 13       		.uleb128 0x13
 3256 014c 02       		.uleb128 0x2
 3257 014d 17       		.uleb128 0x17
 3258 014e B742     		.uleb128 0x2137
 3259 0150 17       		.uleb128 0x17
 3260 0151 00       		.byte	0
 3261 0152 00       		.byte	0
 3262 0153 17       		.uleb128 0x17
 3263 0154 48       		.uleb128 0x48
 3264 0155 00       		.byte	0
 3265 0156 7D       		.uleb128 0x7d
 3266 0157 01       		.uleb128 0x1
 3267 0158 7F       		.uleb128 0x7f
 3268 0159 13       		.uleb128 0x13
 3269 015a 00       		.byte	0
 3270 015b 00       		.byte	0
 3271 015c 18       		.uleb128 0x18
 3272 015d 1D       		.uleb128 0x1d
 3273 015e 00       		.byte	0
 3274 015f 31       		.uleb128 0x31
 3275 0160 13       		.uleb128 0x13
 3276 0161 52       		.uleb128 0x52
 3277 0162 01       		.uleb128 0x1
 3278 0163 B842     		.uleb128 0x2138
 3279 0165 0B       		.uleb128 0xb
 3280 0166 55       		.uleb128 0x55
 3281 0167 17       		.uleb128 0x17
 3282 0168 58       		.uleb128 0x58
 3283 0169 21       		.uleb128 0x21
 3284 016a 02       		.sleb128 2
 3285 016b 59       		.uleb128 0x59
 3286 016c 21       		.uleb128 0x21
 3287 016d F502     		.sleb128 373
 3288 016f 57       		.uleb128 0x57
 3289 0170 21       		.uleb128 0x21
 3290 0171 03       		.sleb128 3
 3291 0172 00       		.byte	0
 3292 0173 00       		.byte	0
 3293 0174 19       		.uleb128 0x19
 3294 0175 1D       		.uleb128 0x1d
 3295 0176 00       		.byte	0
 3296 0177 31       		.uleb128 0x31
 3297 0178 13       		.uleb128 0x13
 3298 0179 52       		.uleb128 0x52
 3299 017a 01       		.uleb128 0x1
 3300 017b B842     		.uleb128 0x2138
 3301 017d 0B       		.uleb128 0xb
 3302 017e 11       		.uleb128 0x11
 3303 017f 01       		.uleb128 0x1
 3304 0180 12       		.uleb128 0x12
 3305 0181 06       		.uleb128 0x6
 3306 0182 58       		.uleb128 0x58
ARM GAS  /tmp/ccWbXyoS.s 			page 59


 3307 0183 21       		.uleb128 0x21
 3308 0184 02       		.sleb128 2
 3309 0185 59       		.uleb128 0x59
 3310 0186 21       		.uleb128 0x21
 3311 0187 8E03     		.sleb128 398
 3312 0189 57       		.uleb128 0x57
 3313 018a 21       		.uleb128 0x21
 3314 018b 03       		.sleb128 3
 3315 018c 00       		.byte	0
 3316 018d 00       		.byte	0
 3317 018e 1A       		.uleb128 0x1a
 3318 018f 1D       		.uleb128 0x1d
 3319 0190 01       		.byte	0x1
 3320 0191 31       		.uleb128 0x31
 3321 0192 13       		.uleb128 0x13
 3322 0193 52       		.uleb128 0x52
 3323 0194 01       		.uleb128 0x1
 3324 0195 B842     		.uleb128 0x2138
 3325 0197 0B       		.uleb128 0xb
 3326 0198 11       		.uleb128 0x11
 3327 0199 01       		.uleb128 0x1
 3328 019a 12       		.uleb128 0x12
 3329 019b 06       		.uleb128 0x6
 3330 019c 58       		.uleb128 0x58
 3331 019d 21       		.uleb128 0x21
 3332 019e 04       		.sleb128 4
 3333 019f 59       		.uleb128 0x59
 3334 01a0 21       		.uleb128 0x21
 3335 01a1 AB01     		.sleb128 171
 3336 01a3 57       		.uleb128 0x57
 3337 01a4 21       		.uleb128 0x21
 3338 01a5 1E       		.sleb128 30
 3339 01a6 00       		.byte	0
 3340 01a7 00       		.byte	0
 3341 01a8 1B       		.uleb128 0x1b
 3342 01a9 05       		.uleb128 0x5
 3343 01aa 00       		.byte	0
 3344 01ab 03       		.uleb128 0x3
 3345 01ac 08       		.uleb128 0x8
 3346 01ad 3A       		.uleb128 0x3a
 3347 01ae 0B       		.uleb128 0xb
 3348 01af 3B       		.uleb128 0x3b
 3349 01b0 0B       		.uleb128 0xb
 3350 01b1 39       		.uleb128 0x39
 3351 01b2 0B       		.uleb128 0xb
 3352 01b3 49       		.uleb128 0x49
 3353 01b4 13       		.uleb128 0x13
 3354 01b5 00       		.byte	0
 3355 01b6 00       		.byte	0
 3356 01b7 1C       		.uleb128 0x1c
 3357 01b8 1D       		.uleb128 0x1d
 3358 01b9 01       		.byte	0x1
 3359 01ba 31       		.uleb128 0x31
 3360 01bb 13       		.uleb128 0x13
 3361 01bc 52       		.uleb128 0x52
 3362 01bd 01       		.uleb128 0x1
 3363 01be B842     		.uleb128 0x2138
ARM GAS  /tmp/ccWbXyoS.s 			page 60


 3364 01c0 0B       		.uleb128 0xb
 3365 01c1 11       		.uleb128 0x11
 3366 01c2 01       		.uleb128 0x1
 3367 01c3 12       		.uleb128 0x12
 3368 01c4 06       		.uleb128 0x6
 3369 01c5 58       		.uleb128 0x58
 3370 01c6 21       		.uleb128 0x21
 3371 01c7 01       		.sleb128 1
 3372 01c8 59       		.uleb128 0x59
 3373 01c9 05       		.uleb128 0x5
 3374 01ca 57       		.uleb128 0x57
 3375 01cb 0B       		.uleb128 0xb
 3376 01cc 01       		.uleb128 0x1
 3377 01cd 13       		.uleb128 0x13
 3378 01ce 00       		.byte	0
 3379 01cf 00       		.byte	0
 3380 01d0 1D       		.uleb128 0x1d
 3381 01d1 1D       		.uleb128 0x1d
 3382 01d2 01       		.byte	0x1
 3383 01d3 31       		.uleb128 0x31
 3384 01d4 13       		.uleb128 0x13
 3385 01d5 52       		.uleb128 0x52
 3386 01d6 01       		.uleb128 0x1
 3387 01d7 B842     		.uleb128 0x2138
 3388 01d9 0B       		.uleb128 0xb
 3389 01da 11       		.uleb128 0x11
 3390 01db 01       		.uleb128 0x1
 3391 01dc 12       		.uleb128 0x12
 3392 01dd 06       		.uleb128 0x6
 3393 01de 58       		.uleb128 0x58
 3394 01df 21       		.uleb128 0x21
 3395 01e0 01       		.sleb128 1
 3396 01e1 59       		.uleb128 0x59
 3397 01e2 0B       		.uleb128 0xb
 3398 01e3 57       		.uleb128 0x57
 3399 01e4 21       		.uleb128 0x21
 3400 01e5 03       		.sleb128 3
 3401 01e6 01       		.uleb128 0x1
 3402 01e7 13       		.uleb128 0x13
 3403 01e8 00       		.byte	0
 3404 01e9 00       		.byte	0
 3405 01ea 1E       		.uleb128 0x1e
 3406 01eb 2E       		.uleb128 0x2e
 3407 01ec 01       		.byte	0x1
 3408 01ed 3F       		.uleb128 0x3f
 3409 01ee 19       		.uleb128 0x19
 3410 01ef 03       		.uleb128 0x3
 3411 01f0 0E       		.uleb128 0xe
 3412 01f1 3A       		.uleb128 0x3a
 3413 01f2 21       		.uleb128 0x21
 3414 01f3 01       		.sleb128 1
 3415 01f4 3B       		.uleb128 0x3b
 3416 01f5 0B       		.uleb128 0xb
 3417 01f6 39       		.uleb128 0x39
 3418 01f7 21       		.uleb128 0x21
 3419 01f8 06       		.sleb128 6
 3420 01f9 27       		.uleb128 0x27
ARM GAS  /tmp/ccWbXyoS.s 			page 61


 3421 01fa 19       		.uleb128 0x19
 3422 01fb 11       		.uleb128 0x11
 3423 01fc 01       		.uleb128 0x1
 3424 01fd 12       		.uleb128 0x12
 3425 01fe 06       		.uleb128 0x6
 3426 01ff 40       		.uleb128 0x40
 3427 0200 18       		.uleb128 0x18
 3428 0201 7A       		.uleb128 0x7a
 3429 0202 19       		.uleb128 0x19
 3430 0203 01       		.uleb128 0x1
 3431 0204 13       		.uleb128 0x13
 3432 0205 00       		.byte	0
 3433 0206 00       		.byte	0
 3434 0207 1F       		.uleb128 0x1f
 3435 0208 48       		.uleb128 0x48
 3436 0209 01       		.byte	0x1
 3437 020a 7D       		.uleb128 0x7d
 3438 020b 01       		.uleb128 0x1
 3439 020c 8201     		.uleb128 0x82
 3440 020e 19       		.uleb128 0x19
 3441 020f 7F       		.uleb128 0x7f
 3442 0210 13       		.uleb128 0x13
 3443 0211 00       		.byte	0
 3444 0212 00       		.byte	0
 3445 0213 20       		.uleb128 0x20
 3446 0214 2E       		.uleb128 0x2e
 3447 0215 01       		.byte	0x1
 3448 0216 03       		.uleb128 0x3
 3449 0217 0E       		.uleb128 0xe
 3450 0218 3A       		.uleb128 0x3a
 3451 0219 21       		.uleb128 0x21
 3452 021a 04       		.sleb128 4
 3453 021b 3B       		.uleb128 0x3b
 3454 021c 0B       		.uleb128 0xb
 3455 021d 39       		.uleb128 0x39
 3456 021e 21       		.uleb128 0x21
 3457 021f 16       		.sleb128 22
 3458 0220 27       		.uleb128 0x27
 3459 0221 19       		.uleb128 0x19
 3460 0222 49       		.uleb128 0x49
 3461 0223 13       		.uleb128 0x13
 3462 0224 20       		.uleb128 0x20
 3463 0225 21       		.uleb128 0x21
 3464 0226 03       		.sleb128 3
 3465 0227 01       		.uleb128 0x1
 3466 0228 13       		.uleb128 0x13
 3467 0229 00       		.byte	0
 3468 022a 00       		.byte	0
 3469 022b 21       		.uleb128 0x21
 3470 022c 2E       		.uleb128 0x2e
 3471 022d 00       		.byte	0
 3472 022e 03       		.uleb128 0x3
 3473 022f 0E       		.uleb128 0xe
 3474 0230 3A       		.uleb128 0x3a
 3475 0231 0B       		.uleb128 0xb
 3476 0232 3B       		.uleb128 0x3b
 3477 0233 05       		.uleb128 0x5
ARM GAS  /tmp/ccWbXyoS.s 			page 62


 3478 0234 39       		.uleb128 0x39
 3479 0235 21       		.uleb128 0x21
 3480 0236 14       		.sleb128 20
 3481 0237 27       		.uleb128 0x27
 3482 0238 19       		.uleb128 0x19
 3483 0239 20       		.uleb128 0x20
 3484 023a 21       		.uleb128 0x21
 3485 023b 03       		.sleb128 3
 3486 023c 00       		.byte	0
 3487 023d 00       		.byte	0
 3488 023e 22       		.uleb128 0x22
 3489 023f 13       		.uleb128 0x13
 3490 0240 01       		.byte	0x1
 3491 0241 03       		.uleb128 0x3
 3492 0242 0E       		.uleb128 0xe
 3493 0243 0B       		.uleb128 0xb
 3494 0244 21       		.uleb128 0x21
 3495 0245 08       		.sleb128 8
 3496 0246 3A       		.uleb128 0x3a
 3497 0247 0B       		.uleb128 0xb
 3498 0248 3B       		.uleb128 0x3b
 3499 0249 0B       		.uleb128 0xb
 3500 024a 39       		.uleb128 0x39
 3501 024b 0B       		.uleb128 0xb
 3502 024c 01       		.uleb128 0x1
 3503 024d 13       		.uleb128 0x13
 3504 024e 00       		.byte	0
 3505 024f 00       		.byte	0
 3506 0250 23       		.uleb128 0x23
 3507 0251 2E       		.uleb128 0x2e
 3508 0252 01       		.byte	0x1
 3509 0253 3F       		.uleb128 0x3f
 3510 0254 19       		.uleb128 0x19
 3511 0255 03       		.uleb128 0x3
 3512 0256 0E       		.uleb128 0xe
 3513 0257 3A       		.uleb128 0x3a
 3514 0258 21       		.uleb128 0x21
 3515 0259 01       		.sleb128 1
 3516 025a 3B       		.uleb128 0x3b
 3517 025b 0B       		.uleb128 0xb
 3518 025c 39       		.uleb128 0x39
 3519 025d 21       		.uleb128 0x21
 3520 025e 07       		.sleb128 7
 3521 025f 27       		.uleb128 0x27
 3522 0260 19       		.uleb128 0x19
 3523 0261 49       		.uleb128 0x49
 3524 0262 13       		.uleb128 0x13
 3525 0263 11       		.uleb128 0x11
 3526 0264 01       		.uleb128 0x1
 3527 0265 12       		.uleb128 0x12
 3528 0266 06       		.uleb128 0x6
 3529 0267 40       		.uleb128 0x40
 3530 0268 18       		.uleb128 0x18
 3531 0269 7A       		.uleb128 0x7a
 3532 026a 19       		.uleb128 0x19
 3533 026b 01       		.uleb128 0x1
 3534 026c 13       		.uleb128 0x13
ARM GAS  /tmp/ccWbXyoS.s 			page 63


 3535 026d 00       		.byte	0
 3536 026e 00       		.byte	0
 3537 026f 24       		.uleb128 0x24
 3538 0270 05       		.uleb128 0x5
 3539 0271 00       		.byte	0
 3540 0272 03       		.uleb128 0x3
 3541 0273 0E       		.uleb128 0xe
 3542 0274 3A       		.uleb128 0x3a
 3543 0275 21       		.uleb128 0x21
 3544 0276 01       		.sleb128 1
 3545 0277 3B       		.uleb128 0x3b
 3546 0278 0B       		.uleb128 0xb
 3547 0279 39       		.uleb128 0x39
 3548 027a 0B       		.uleb128 0xb
 3549 027b 49       		.uleb128 0x49
 3550 027c 13       		.uleb128 0x13
 3551 027d 02       		.uleb128 0x2
 3552 027e 17       		.uleb128 0x17
 3553 027f B742     		.uleb128 0x2137
 3554 0281 17       		.uleb128 0x17
 3555 0282 00       		.byte	0
 3556 0283 00       		.byte	0
 3557 0284 25       		.uleb128 0x25
 3558 0285 34       		.uleb128 0x34
 3559 0286 00       		.byte	0
 3560 0287 03       		.uleb128 0x3
 3561 0288 0E       		.uleb128 0xe
 3562 0289 3A       		.uleb128 0x3a
 3563 028a 21       		.uleb128 0x21
 3564 028b 01       		.sleb128 1
 3565 028c 3B       		.uleb128 0x3b
 3566 028d 0B       		.uleb128 0xb
 3567 028e 39       		.uleb128 0x39
 3568 028f 21       		.uleb128 0x21
 3569 0290 09       		.sleb128 9
 3570 0291 49       		.uleb128 0x49
 3571 0292 13       		.uleb128 0x13
 3572 0293 02       		.uleb128 0x2
 3573 0294 17       		.uleb128 0x17
 3574 0295 B742     		.uleb128 0x2137
 3575 0297 17       		.uleb128 0x17
 3576 0298 00       		.byte	0
 3577 0299 00       		.byte	0
 3578 029a 26       		.uleb128 0x26
 3579 029b 11       		.uleb128 0x11
 3580 029c 01       		.byte	0x1
 3581 029d 25       		.uleb128 0x25
 3582 029e 0E       		.uleb128 0xe
 3583 029f 13       		.uleb128 0x13
 3584 02a0 0B       		.uleb128 0xb
 3585 02a1 03       		.uleb128 0x3
 3586 02a2 0E       		.uleb128 0xe
 3587 02a3 1B       		.uleb128 0x1b
 3588 02a4 0E       		.uleb128 0xe
 3589 02a5 55       		.uleb128 0x55
 3590 02a6 17       		.uleb128 0x17
 3591 02a7 11       		.uleb128 0x11
ARM GAS  /tmp/ccWbXyoS.s 			page 64


 3592 02a8 01       		.uleb128 0x1
 3593 02a9 10       		.uleb128 0x10
 3594 02aa 17       		.uleb128 0x17
 3595 02ab 00       		.byte	0
 3596 02ac 00       		.byte	0
 3597 02ad 27       		.uleb128 0x27
 3598 02ae 24       		.uleb128 0x24
 3599 02af 00       		.byte	0
 3600 02b0 0B       		.uleb128 0xb
 3601 02b1 0B       		.uleb128 0xb
 3602 02b2 3E       		.uleb128 0x3e
 3603 02b3 0B       		.uleb128 0xb
 3604 02b4 03       		.uleb128 0x3
 3605 02b5 08       		.uleb128 0x8
 3606 02b6 00       		.byte	0
 3607 02b7 00       		.byte	0
 3608 02b8 28       		.uleb128 0x28
 3609 02b9 13       		.uleb128 0x13
 3610 02ba 01       		.byte	0x1
 3611 02bb 0B       		.uleb128 0xb
 3612 02bc 0B       		.uleb128 0xb
 3613 02bd 3A       		.uleb128 0x3a
 3614 02be 0B       		.uleb128 0xb
 3615 02bf 3B       		.uleb128 0x3b
 3616 02c0 0B       		.uleb128 0xb
 3617 02c1 39       		.uleb128 0x39
 3618 02c2 0B       		.uleb128 0xb
 3619 02c3 01       		.uleb128 0x1
 3620 02c4 13       		.uleb128 0x13
 3621 02c5 00       		.byte	0
 3622 02c6 00       		.byte	0
 3623 02c7 29       		.uleb128 0x29
 3624 02c8 2E       		.uleb128 0x2e
 3625 02c9 01       		.byte	0x1
 3626 02ca 3F       		.uleb128 0x3f
 3627 02cb 19       		.uleb128 0x19
 3628 02cc 03       		.uleb128 0x3
 3629 02cd 0E       		.uleb128 0xe
 3630 02ce 3A       		.uleb128 0x3a
 3631 02cf 0B       		.uleb128 0xb
 3632 02d0 3B       		.uleb128 0x3b
 3633 02d1 05       		.uleb128 0x5
 3634 02d2 39       		.uleb128 0x39
 3635 02d3 0B       		.uleb128 0xb
 3636 02d4 27       		.uleb128 0x27
 3637 02d5 19       		.uleb128 0x19
 3638 02d6 49       		.uleb128 0x49
 3639 02d7 13       		.uleb128 0x13
 3640 02d8 3C       		.uleb128 0x3c
 3641 02d9 19       		.uleb128 0x19
 3642 02da 01       		.uleb128 0x1
 3643 02db 13       		.uleb128 0x13
 3644 02dc 00       		.byte	0
 3645 02dd 00       		.byte	0
 3646 02de 2A       		.uleb128 0x2a
 3647 02df 2E       		.uleb128 0x2e
 3648 02e0 00       		.byte	0
ARM GAS  /tmp/ccWbXyoS.s 			page 65


 3649 02e1 3F       		.uleb128 0x3f
 3650 02e2 19       		.uleb128 0x19
 3651 02e3 03       		.uleb128 0x3
 3652 02e4 0E       		.uleb128 0xe
 3653 02e5 3A       		.uleb128 0x3a
 3654 02e6 0B       		.uleb128 0xb
 3655 02e7 3B       		.uleb128 0x3b
 3656 02e8 0B       		.uleb128 0xb
 3657 02e9 39       		.uleb128 0x39
 3658 02ea 0B       		.uleb128 0xb
 3659 02eb 27       		.uleb128 0x27
 3660 02ec 19       		.uleb128 0x19
 3661 02ed 3C       		.uleb128 0x3c
 3662 02ee 19       		.uleb128 0x19
 3663 02ef 00       		.byte	0
 3664 02f0 00       		.byte	0
 3665 02f1 2B       		.uleb128 0x2b
 3666 02f2 2E       		.uleb128 0x2e
 3667 02f3 01       		.byte	0x1
 3668 02f4 3F       		.uleb128 0x3f
 3669 02f5 19       		.uleb128 0x19
 3670 02f6 03       		.uleb128 0x3
 3671 02f7 0E       		.uleb128 0xe
 3672 02f8 3A       		.uleb128 0x3a
 3673 02f9 0B       		.uleb128 0xb
 3674 02fa 3B       		.uleb128 0x3b
 3675 02fb 0B       		.uleb128 0xb
 3676 02fc 39       		.uleb128 0x39
 3677 02fd 0B       		.uleb128 0xb
 3678 02fe 27       		.uleb128 0x27
 3679 02ff 19       		.uleb128 0x19
 3680 0300 20       		.uleb128 0x20
 3681 0301 0B       		.uleb128 0xb
 3682 0302 01       		.uleb128 0x1
 3683 0303 13       		.uleb128 0x13
 3684 0304 00       		.byte	0
 3685 0305 00       		.byte	0
 3686 0306 2C       		.uleb128 0x2c
 3687 0307 2E       		.uleb128 0x2e
 3688 0308 01       		.byte	0x1
 3689 0309 03       		.uleb128 0x3
 3690 030a 0E       		.uleb128 0xe
 3691 030b 3A       		.uleb128 0x3a
 3692 030c 0B       		.uleb128 0xb
 3693 030d 3B       		.uleb128 0x3b
 3694 030e 05       		.uleb128 0x5
 3695 030f 39       		.uleb128 0x39
 3696 0310 0B       		.uleb128 0xb
 3697 0311 27       		.uleb128 0x27
 3698 0312 19       		.uleb128 0x19
 3699 0313 20       		.uleb128 0x20
 3700 0314 0B       		.uleb128 0xb
 3701 0315 01       		.uleb128 0x1
 3702 0316 13       		.uleb128 0x13
 3703 0317 00       		.byte	0
 3704 0318 00       		.byte	0
 3705 0319 2D       		.uleb128 0x2d
ARM GAS  /tmp/ccWbXyoS.s 			page 66


 3706 031a 2E       		.uleb128 0x2e
 3707 031b 01       		.byte	0x1
 3708 031c 31       		.uleb128 0x31
 3709 031d 13       		.uleb128 0x13
 3710 031e 11       		.uleb128 0x11
 3711 031f 01       		.uleb128 0x1
 3712 0320 12       		.uleb128 0x12
 3713 0321 06       		.uleb128 0x6
 3714 0322 40       		.uleb128 0x40
 3715 0323 18       		.uleb128 0x18
 3716 0324 7A       		.uleb128 0x7a
 3717 0325 19       		.uleb128 0x19
 3718 0326 00       		.byte	0
 3719 0327 00       		.byte	0
 3720 0328 00       		.byte	0
 3721              		.section	.debug_loclists,"",%progbits
 3722 0000 20050000 		.4byte	.Ldebug_loc3-.Ldebug_loc2
 3723              	.Ldebug_loc2:
 3724 0004 0500     		.2byte	0x5
 3725 0006 04       		.byte	0x4
 3726 0007 00       		.byte	0
 3727 0008 00000000 		.4byte	0
 3728              	.Ldebug_loc0:
 3729              	.LVUS61:
 3730 000c 00       		.uleb128 0
 3731 000d 00       		.uleb128 .LVU444
 3732 000e 00       		.uleb128 .LVU444
 3733 000f 00       		.uleb128 .LVU445
 3734 0010 00       		.uleb128 .LVU445
 3735 0011 00       		.uleb128 .LVU448
 3736 0012 00       		.uleb128 .LVU448
 3737 0013 00       		.uleb128 .LVU449
 3738 0014 00       		.uleb128 .LVU449
 3739 0015 00       		.uleb128 .LVU450
 3740 0016 00       		.uleb128 .LVU450
 3741 0017 00       		.uleb128 .LVU451
 3742 0018 00       		.uleb128 .LVU451
 3743 0019 00       		.uleb128 0
 3744              	.LLST61:
 3745 001a 06       		.byte	0x6
 3746 001b 00000000 		.4byte	.LVL73
 3747 001f 04       		.byte	0x4
 3748 0020 00       		.uleb128 .LVL73-.LVL73
 3749 0021 50       		.uleb128 .LVL77-.LVL73
 3750 0022 01       		.uleb128 0x1
 3751 0023 50       		.byte	0x50
 3752 0024 04       		.byte	0x4
 3753 0025 50       		.uleb128 .LVL77-.LVL73
 3754 0026 53       		.uleb128 .LVL78-1-.LVL73
 3755 0027 03       		.uleb128 0x3
 3756 0028 70       		.byte	0x70
 3757 0029 68       		.sleb128 -24
 3758 002a 9F       		.byte	0x9f
 3759 002b 04       		.byte	0x4
 3760 002c 53       		.uleb128 .LVL78-1-.LVL73
 3761 002d 5C       		.uleb128 .LVL79-.LVL73
 3762 002e 0A       		.uleb128 0xa
ARM GAS  /tmp/ccWbXyoS.s 			page 67


 3763 002f A3       		.byte	0xa3
 3764 0030 03       		.uleb128 0x3
 3765 0031 A5       		.byte	0xa5
 3766 0032 00       		.uleb128 0
 3767 0033 26       		.uleb128 0x26
 3768 0034 A8       		.byte	0xa8
 3769 0035 2D       		.uleb128 0x2d
 3770 0036 A8       		.byte	0xa8
 3771 0037 00       		.uleb128 0
 3772 0038 9F       		.byte	0x9f
 3773 0039 04       		.byte	0x4
 3774 003a 5C       		.uleb128 .LVL79-.LVL73
 3775 003b 60       		.uleb128 .LVL80-.LVL73
 3776 003c 01       		.uleb128 0x1
 3777 003d 50       		.byte	0x50
 3778 003e 04       		.byte	0x4
 3779 003f 60       		.uleb128 .LVL80-.LVL73
 3780 0040 64       		.uleb128 .LVL81-.LVL73
 3781 0041 0A       		.uleb128 0xa
 3782 0042 A3       		.byte	0xa3
 3783 0043 03       		.uleb128 0x3
 3784 0044 A5       		.byte	0xa5
 3785 0045 00       		.uleb128 0
 3786 0046 26       		.uleb128 0x26
 3787 0047 A8       		.byte	0xa8
 3788 0048 2D       		.uleb128 0x2d
 3789 0049 A8       		.byte	0xa8
 3790 004a 00       		.uleb128 0
 3791 004b 9F       		.byte	0x9f
 3792 004c 04       		.byte	0x4
 3793 004d 64       		.uleb128 .LVL81-.LVL73
 3794 004e 68       		.uleb128 .LVL82-.LVL73
 3795 004f 01       		.uleb128 0x1
 3796 0050 50       		.byte	0x50
 3797 0051 04       		.byte	0x4
 3798 0052 68       		.uleb128 .LVL82-.LVL73
 3799 0053 6C       		.uleb128 .LFE219-.LVL73
 3800 0054 0A       		.uleb128 0xa
 3801 0055 A3       		.byte	0xa3
 3802 0056 03       		.uleb128 0x3
 3803 0057 A5       		.byte	0xa5
 3804 0058 00       		.uleb128 0
 3805 0059 26       		.uleb128 0x26
 3806 005a A8       		.byte	0xa8
 3807 005b 2D       		.uleb128 0x2d
 3808 005c A8       		.byte	0xa8
 3809 005d 00       		.uleb128 0
 3810 005e 9F       		.byte	0x9f
 3811 005f 00       		.byte	0
 3812              	.LVUS62:
 3813 0060 00       		.uleb128 0
 3814 0061 00       		.uleb128 .LVU435
 3815 0062 00       		.uleb128 .LVU435
 3816 0063 00       		.uleb128 .LVU448
 3817 0064 00       		.uleb128 .LVU448
 3818 0065 00       		.uleb128 0
 3819              	.LLST62:
ARM GAS  /tmp/ccWbXyoS.s 			page 68


 3820 0066 06       		.byte	0x6
 3821 0067 00000000 		.4byte	.LVL73
 3822 006b 04       		.byte	0x4
 3823 006c 00       		.uleb128 .LVL73-.LVL73
 3824 006d 34       		.uleb128 .LVL76-.LVL73
 3825 006e 01       		.uleb128 0x1
 3826 006f 51       		.byte	0x51
 3827 0070 04       		.byte	0x4
 3828 0071 34       		.uleb128 .LVL76-.LVL73
 3829 0072 5C       		.uleb128 .LVL79-.LVL73
 3830 0073 0A       		.uleb128 0xa
 3831 0074 A3       		.byte	0xa3
 3832 0075 03       		.uleb128 0x3
 3833 0076 A5       		.byte	0xa5
 3834 0077 01       		.uleb128 0x1
 3835 0078 26       		.uleb128 0x26
 3836 0079 A8       		.byte	0xa8
 3837 007a 2D       		.uleb128 0x2d
 3838 007b A8       		.byte	0xa8
 3839 007c 00       		.uleb128 0
 3840 007d 9F       		.byte	0x9f
 3841 007e 04       		.byte	0x4
 3842 007f 5C       		.uleb128 .LVL79-.LVL73
 3843 0080 6C       		.uleb128 .LFE219-.LVL73
 3844 0081 01       		.uleb128 0x1
 3845 0082 51       		.byte	0x51
 3846 0083 00       		.byte	0
 3847              	.LVUS63:
 3848 0084 01       		.uleb128 .LVU420
 3849 0085 00       		.uleb128 .LVU424
 3850              	.LLST63:
 3851 0086 08       		.byte	0x8
 3852 0087 0C000000 		.4byte	.LVL74
 3853 008b 04       		.uleb128 .LVL75-.LVL74
 3854 008c 01       		.uleb128 0x1
 3855 008d 50       		.byte	0x50
 3856 008e 00       		.byte	0
 3857              	.LVUS50:
 3858 008f 00       		.uleb128 0
 3859 0090 00       		.uleb128 .LVU349
 3860 0091 00       		.uleb128 .LVU349
 3861 0092 00       		.uleb128 0
 3862              	.LLST50:
 3863 0093 06       		.byte	0x6
 3864 0094 00000000 		.4byte	.LVL63
 3865 0098 04       		.byte	0x4
 3866 0099 00       		.uleb128 .LVL63-.LVL63
 3867 009a 18       		.uleb128 .LVL64-.LVL63
 3868 009b 01       		.uleb128 0x1
 3869 009c 50       		.byte	0x50
 3870 009d 04       		.byte	0x4
 3871 009e 18       		.uleb128 .LVL64-.LVL63
 3872 009f 9001     		.uleb128 .LFE218-.LVL63
 3873 00a1 01       		.uleb128 0x1
 3874 00a2 54       		.byte	0x54
 3875 00a3 00       		.byte	0
 3876              	.LVUS51:
ARM GAS  /tmp/ccWbXyoS.s 			page 69


 3877 00a4 00       		.uleb128 0
 3878 00a5 00       		.uleb128 .LVU349
 3879 00a6 00       		.uleb128 .LVU349
 3880 00a7 00       		.uleb128 0
 3881              	.LLST51:
 3882 00a8 06       		.byte	0x6
 3883 00a9 00000000 		.4byte	.LVL63
 3884 00ad 04       		.byte	0x4
 3885 00ae 00       		.uleb128 .LVL63-.LVL63
 3886 00af 18       		.uleb128 .LVL64-.LVL63
 3887 00b0 01       		.uleb128 0x1
 3888 00b1 51       		.byte	0x51
 3889 00b2 04       		.byte	0x4
 3890 00b3 18       		.uleb128 .LVL64-.LVL63
 3891 00b4 9001     		.uleb128 .LFE218-.LVL63
 3892 00b6 01       		.uleb128 0x1
 3893 00b7 56       		.byte	0x56
 3894 00b8 00       		.byte	0
 3895              	.LVUS52:
 3896 00b9 00       		.uleb128 0
 3897 00ba 00       		.uleb128 .LVU349
 3898 00bb 00       		.uleb128 .LVU349
 3899 00bc 00       		.uleb128 0
 3900              	.LLST52:
 3901 00bd 06       		.byte	0x6
 3902 00be 00000000 		.4byte	.LVL63
 3903 00c2 04       		.byte	0x4
 3904 00c3 00       		.uleb128 .LVL63-.LVL63
 3905 00c4 18       		.uleb128 .LVL64-.LVL63
 3906 00c5 01       		.uleb128 0x1
 3907 00c6 52       		.byte	0x52
 3908 00c7 04       		.byte	0x4
 3909 00c8 18       		.uleb128 .LVL64-.LVL63
 3910 00c9 9001     		.uleb128 .LFE218-.LVL63
 3911 00cb 01       		.uleb128 0x1
 3912 00cc 55       		.byte	0x55
 3913 00cd 00       		.byte	0
 3914              	.LVUS53:
 3915 00ce 00       		.uleb128 .LVU353
 3916 00cf 00       		.uleb128 .LVU355
 3917              	.LLST53:
 3918 00d0 08       		.byte	0x8
 3919 00d1 30000000 		.4byte	.LVL66
 3920 00d5 08       		.uleb128 .LVL67-.LVL66
 3921 00d6 01       		.uleb128 0x1
 3922 00d7 50       		.byte	0x50
 3923 00d8 00       		.byte	0
 3924              	.LVUS55:
 3925 00d9 00       		.uleb128 .LVU349
 3926 00da 00       		.uleb128 .LVU350
 3927 00db 04       		.uleb128 .LVU359
 3928 00dc 00       		.uleb128 .LVU366
 3929              	.LLST55:
 3930 00dd 06       		.byte	0x6
 3931 00de 18000000 		.4byte	.LVL64
 3932 00e2 04       		.byte	0x4
 3933 00e3 00       		.uleb128 .LVL64-.LVL64
ARM GAS  /tmp/ccWbXyoS.s 			page 70


 3934 00e4 04       		.uleb128 .LVL65-.LVL64
 3935 00e5 01       		.uleb128 0x1
 3936 00e6 54       		.byte	0x54
 3937 00e7 04       		.byte	0x4
 3938 00e8 20       		.uleb128 .LVL67-.LVL64
 3939 00e9 34       		.uleb128 .LVL68-.LVL64
 3940 00ea 01       		.uleb128 0x1
 3941 00eb 54       		.byte	0x54
 3942 00ec 00       		.byte	0
 3943              	.LVUS56:
 3944 00ed 00       		.uleb128 0
 3945 00ee 00       		.uleb128 .LVU400
 3946 00ef 00       		.uleb128 .LVU400
 3947 00f0 00       		.uleb128 0
 3948              	.LLST56:
 3949 00f1 06       		.byte	0x6
 3950 00f2 00000000 		.4byte	.LVL71
 3951 00f6 04       		.byte	0x4
 3952 00f7 00       		.uleb128 .LVL71-.LVL71
 3953 00f8 0B       		.uleb128 .LVL72-1-.LVL71
 3954 00f9 01       		.uleb128 0x1
 3955 00fa 50       		.byte	0x50
 3956 00fb 04       		.byte	0x4
 3957 00fc 0B       		.uleb128 .LVL72-1-.LVL71
 3958 00fd 14       		.uleb128 .LFE217-.LVL71
 3959 00fe 0A       		.uleb128 0xa
 3960 00ff A3       		.byte	0xa3
 3961 0100 03       		.uleb128 0x3
 3962 0101 A5       		.byte	0xa5
 3963 0102 00       		.uleb128 0
 3964 0103 26       		.uleb128 0x26
 3965 0104 A8       		.byte	0xa8
 3966 0105 2D       		.uleb128 0x2d
 3967 0106 A8       		.byte	0xa8
 3968 0107 00       		.uleb128 0
 3969 0108 9F       		.byte	0x9f
 3970 0109 00       		.byte	0
 3971              	.LVUS57:
 3972 010a 00       		.uleb128 0
 3973 010b 00       		.uleb128 .LVU400
 3974 010c 00       		.uleb128 .LVU400
 3975 010d 00       		.uleb128 0
 3976              	.LLST57:
 3977 010e 06       		.byte	0x6
 3978 010f 00000000 		.4byte	.LVL71
 3979 0113 04       		.byte	0x4
 3980 0114 00       		.uleb128 .LVL71-.LVL71
 3981 0115 0B       		.uleb128 .LVL72-1-.LVL71
 3982 0116 01       		.uleb128 0x1
 3983 0117 51       		.byte	0x51
 3984 0118 04       		.byte	0x4
 3985 0119 0B       		.uleb128 .LVL72-1-.LVL71
 3986 011a 14       		.uleb128 .LFE217-.LVL71
 3987 011b 0A       		.uleb128 0xa
 3988 011c A3       		.byte	0xa3
 3989 011d 03       		.uleb128 0x3
 3990 011e A5       		.byte	0xa5
ARM GAS  /tmp/ccWbXyoS.s 			page 71


 3991 011f 01       		.uleb128 0x1
 3992 0120 26       		.uleb128 0x26
 3993 0121 A8       		.byte	0xa8
 3994 0122 2D       		.uleb128 0x2d
 3995 0123 A8       		.byte	0xa8
 3996 0124 00       		.uleb128 0
 3997 0125 9F       		.byte	0x9f
 3998 0126 00       		.byte	0
 3999              	.LVUS58:
 4000 0127 00       		.uleb128 0
 4001 0128 00       		.uleb128 .LVU400
 4002 0129 00       		.uleb128 .LVU400
 4003 012a 00       		.uleb128 0
 4004              	.LLST58:
 4005 012b 06       		.byte	0x6
 4006 012c 00000000 		.4byte	.LVL71
 4007 0130 04       		.byte	0x4
 4008 0131 00       		.uleb128 .LVL71-.LVL71
 4009 0132 0B       		.uleb128 .LVL72-1-.LVL71
 4010 0133 01       		.uleb128 0x1
 4011 0134 52       		.byte	0x52
 4012 0135 04       		.byte	0x4
 4013 0136 0B       		.uleb128 .LVL72-1-.LVL71
 4014 0137 14       		.uleb128 .LFE217-.LVL71
 4015 0138 0A       		.uleb128 0xa
 4016 0139 A3       		.byte	0xa3
 4017 013a 03       		.uleb128 0x3
 4018 013b A5       		.byte	0xa5
 4019 013c 02       		.uleb128 0x2
 4020 013d 26       		.uleb128 0x26
 4021 013e A8       		.byte	0xa8
 4022 013f 2D       		.uleb128 0x2d
 4023 0140 A8       		.byte	0xa8
 4024 0141 00       		.uleb128 0
 4025 0142 9F       		.byte	0x9f
 4026 0143 00       		.byte	0
 4027              	.LVUS59:
 4028 0144 00       		.uleb128 .LVU400
 4029 0145 00       		.uleb128 0
 4030              	.LLST59:
 4031 0146 08       		.byte	0x8
 4032 0147 0C000000 		.4byte	.LVL72
 4033 014b 08       		.uleb128 .LFE217-.LVL72
 4034 014c 01       		.uleb128 0x1
 4035 014d 50       		.byte	0x50
 4036 014e 00       		.byte	0
 4037              	.LVUS43:
 4038 014f 00       		.uleb128 0
 4039 0150 00       		.uleb128 .LVU318
 4040 0151 00       		.uleb128 .LVU318
 4041 0152 00       		.uleb128 .LVU335
 4042 0153 00       		.uleb128 .LVU335
 4043 0154 00       		.uleb128 .LVU337
 4044 0155 00       		.uleb128 .LVU337
 4045 0156 00       		.uleb128 .LVU339
 4046 0157 00       		.uleb128 .LVU339
 4047 0158 00       		.uleb128 .LVU340
ARM GAS  /tmp/ccWbXyoS.s 			page 72


 4048 0159 00       		.uleb128 .LVU340
 4049 015a 00       		.uleb128 0
 4050              	.LLST43:
 4051 015b 06       		.byte	0x6
 4052 015c 00000000 		.4byte	.LVL55
 4053 0160 04       		.byte	0x4
 4054 0161 00       		.uleb128 .LVL55-.LVL55
 4055 0162 20       		.uleb128 .LVL58-.LVL55
 4056 0163 01       		.uleb128 0x1
 4057 0164 50       		.byte	0x50
 4058 0165 04       		.byte	0x4
 4059 0166 20       		.uleb128 .LVL58-.LVL55
 4060 0167 57       		.uleb128 .LVL59-1-.LVL55
 4061 0168 01       		.uleb128 0x1
 4062 0169 53       		.byte	0x53
 4063 016a 04       		.byte	0x4
 4064 016b 57       		.uleb128 .LVL59-1-.LVL55
 4065 016c 60       		.uleb128 .LVL60-.LVL55
 4066 016d 0A       		.uleb128 0xa
 4067 016e A3       		.byte	0xa3
 4068 016f 03       		.uleb128 0x3
 4069 0170 A5       		.byte	0xa5
 4070 0171 00       		.uleb128 0
 4071 0172 26       		.uleb128 0x26
 4072 0173 A8       		.byte	0xa8
 4073 0174 2D       		.uleb128 0x2d
 4074 0175 A8       		.byte	0xa8
 4075 0176 00       		.uleb128 0
 4076 0177 9F       		.byte	0x9f
 4077 0178 04       		.byte	0x4
 4078 0179 60       		.uleb128 .LVL60-.LVL55
 4079 017a 68       		.uleb128 .LVL61-.LVL55
 4080 017b 01       		.uleb128 0x1
 4081 017c 53       		.byte	0x53
 4082 017d 04       		.byte	0x4
 4083 017e 68       		.uleb128 .LVL61-.LVL55
 4084 017f 6C       		.uleb128 .LVL62-.LVL55
 4085 0180 01       		.uleb128 0x1
 4086 0181 50       		.byte	0x50
 4087 0182 04       		.byte	0x4
 4088 0183 6C       		.uleb128 .LVL62-.LVL55
 4089 0184 70       		.uleb128 .LFE216-.LVL55
 4090 0185 0A       		.uleb128 0xa
 4091 0186 A3       		.byte	0xa3
 4092 0187 03       		.uleb128 0x3
 4093 0188 A5       		.byte	0xa5
 4094 0189 00       		.uleb128 0
 4095 018a 26       		.uleb128 0x26
 4096 018b A8       		.byte	0xa8
 4097 018c 2D       		.uleb128 0x2d
 4098 018d A8       		.byte	0xa8
 4099 018e 00       		.uleb128 0
 4100 018f 9F       		.byte	0x9f
 4101 0190 00       		.byte	0
 4102              	.LVUS44:
 4103 0191 00       		.uleb128 0
 4104 0192 00       		.uleb128 .LVU313
ARM GAS  /tmp/ccWbXyoS.s 			page 73


 4105 0193 00       		.uleb128 .LVU313
 4106 0194 00       		.uleb128 .LVU335
 4107 0195 00       		.uleb128 .LVU335
 4108 0196 00       		.uleb128 .LVU337
 4109 0197 00       		.uleb128 .LVU337
 4110 0198 00       		.uleb128 .LVU339
 4111 0199 00       		.uleb128 .LVU339
 4112 019a 00       		.uleb128 0
 4113              	.LLST44:
 4114 019b 06       		.byte	0x6
 4115 019c 00000000 		.4byte	.LVL55
 4116 01a0 04       		.byte	0x4
 4117 01a1 00       		.uleb128 .LVL55-.LVL55
 4118 01a2 1C       		.uleb128 .LVL57-.LVL55
 4119 01a3 01       		.uleb128 0x1
 4120 01a4 51       		.byte	0x51
 4121 01a5 04       		.byte	0x4
 4122 01a6 1C       		.uleb128 .LVL57-.LVL55
 4123 01a7 57       		.uleb128 .LVL59-1-.LVL55
 4124 01a8 01       		.uleb128 0x1
 4125 01a9 5E       		.byte	0x5e
 4126 01aa 04       		.byte	0x4
 4127 01ab 57       		.uleb128 .LVL59-1-.LVL55
 4128 01ac 60       		.uleb128 .LVL60-.LVL55
 4129 01ad 0A       		.uleb128 0xa
 4130 01ae A3       		.byte	0xa3
 4131 01af 03       		.uleb128 0x3
 4132 01b0 A5       		.byte	0xa5
 4133 01b1 01       		.uleb128 0x1
 4134 01b2 26       		.uleb128 0x26
 4135 01b3 A8       		.byte	0xa8
 4136 01b4 2D       		.uleb128 0x2d
 4137 01b5 A8       		.byte	0xa8
 4138 01b6 00       		.uleb128 0
 4139 01b7 9F       		.byte	0x9f
 4140 01b8 04       		.byte	0x4
 4141 01b9 60       		.uleb128 .LVL60-.LVL55
 4142 01ba 68       		.uleb128 .LVL61-.LVL55
 4143 01bb 01       		.uleb128 0x1
 4144 01bc 5E       		.byte	0x5e
 4145 01bd 04       		.byte	0x4
 4146 01be 68       		.uleb128 .LVL61-.LVL55
 4147 01bf 70       		.uleb128 .LFE216-.LVL55
 4148 01c0 01       		.uleb128 0x1
 4149 01c1 51       		.byte	0x51
 4150 01c2 00       		.byte	0
 4151              	.LVUS46:
 4152 01c3 01       		.uleb128 .LVU306
 4153 01c4 00       		.uleb128 .LVU318
 4154              	.LLST46:
 4155 01c5 08       		.byte	0x8
 4156 01c6 0C000000 		.4byte	.LVL56
 4157 01ca 14       		.uleb128 .LVL58-.LVL56
 4158 01cb 01       		.uleb128 0x1
 4159 01cc 50       		.byte	0x50
 4160 01cd 00       		.byte	0
 4161              	.LVUS48:
ARM GAS  /tmp/ccWbXyoS.s 			page 74


 4162 01ce 04       		.uleb128 .LVU309
 4163 01cf 00       		.uleb128 .LVU313
 4164              	.LLST48:
 4165 01d0 08       		.byte	0x8
 4166 01d1 0C000000 		.4byte	.LVL56
 4167 01d5 10       		.uleb128 .LVL57-.LVL56
 4168 01d6 01       		.uleb128 0x1
 4169 01d7 50       		.byte	0x50
 4170 01d8 00       		.byte	0
 4171              	.LVUS49:
 4172 01d9 00       		.uleb128 .LVU313
 4173 01da 00       		.uleb128 .LVU318
 4174              	.LLST49:
 4175 01db 08       		.byte	0x8
 4176 01dc 1C000000 		.4byte	.LVL57
 4177 01e0 04       		.uleb128 .LVL58-.LVL57
 4178 01e1 01       		.uleb128 0x1
 4179 01e2 50       		.byte	0x50
 4180 01e3 00       		.byte	0
 4181              	.LVUS29:
 4182 01e4 00       		.uleb128 0
 4183 01e5 00       		.uleb128 .LVU229
 4184 01e6 00       		.uleb128 .LVU229
 4185 01e7 00       		.uleb128 0
 4186              	.LLST29:
 4187 01e8 06       		.byte	0x6
 4188 01e9 00000000 		.4byte	.LVL44
 4189 01ed 04       		.byte	0x4
 4190 01ee 00       		.uleb128 .LVL44-.LVL44
 4191 01ef 18       		.uleb128 .LVL45-.LVL44
 4192 01f0 01       		.uleb128 0x1
 4193 01f1 50       		.byte	0x50
 4194 01f2 04       		.byte	0x4
 4195 01f3 18       		.uleb128 .LVL45-.LVL44
 4196 01f4 9001     		.uleb128 .LFE215-.LVL44
 4197 01f6 01       		.uleb128 0x1
 4198 01f7 54       		.byte	0x54
 4199 01f8 00       		.byte	0
 4200              	.LVUS30:
 4201 01f9 00       		.uleb128 0
 4202 01fa 00       		.uleb128 .LVU229
 4203 01fb 00       		.uleb128 .LVU229
 4204 01fc 00       		.uleb128 0
 4205              	.LLST30:
 4206 01fd 06       		.byte	0x6
 4207 01fe 00000000 		.4byte	.LVL44
 4208 0202 04       		.byte	0x4
 4209 0203 00       		.uleb128 .LVL44-.LVL44
 4210 0204 18       		.uleb128 .LVL45-.LVL44
 4211 0205 01       		.uleb128 0x1
 4212 0206 51       		.byte	0x51
 4213 0207 04       		.byte	0x4
 4214 0208 18       		.uleb128 .LVL45-.LVL44
 4215 0209 9001     		.uleb128 .LFE215-.LVL44
 4216 020b 01       		.uleb128 0x1
 4217 020c 56       		.byte	0x56
 4218 020d 00       		.byte	0
ARM GAS  /tmp/ccWbXyoS.s 			page 75


 4219              	.LVUS31:
 4220 020e 00       		.uleb128 0
 4221 020f 00       		.uleb128 .LVU229
 4222 0210 00       		.uleb128 .LVU229
 4223 0211 00       		.uleb128 0
 4224              	.LLST31:
 4225 0212 06       		.byte	0x6
 4226 0213 00000000 		.4byte	.LVL44
 4227 0217 04       		.byte	0x4
 4228 0218 00       		.uleb128 .LVL44-.LVL44
 4229 0219 18       		.uleb128 .LVL45-.LVL44
 4230 021a 01       		.uleb128 0x1
 4231 021b 52       		.byte	0x52
 4232 021c 04       		.byte	0x4
 4233 021d 18       		.uleb128 .LVL45-.LVL44
 4234 021e 9001     		.uleb128 .LFE215-.LVL44
 4235 0220 01       		.uleb128 0x1
 4236 0221 55       		.byte	0x55
 4237 0222 00       		.byte	0
 4238              	.LVUS32:
 4239 0223 00       		.uleb128 .LVU240
 4240 0224 00       		.uleb128 .LVU242
 4241              	.LLST32:
 4242 0225 08       		.byte	0x8
 4243 0226 3C000000 		.4byte	.LVL48
 4244 022a 08       		.uleb128 .LVL49-.LVL48
 4245 022b 01       		.uleb128 0x1
 4246 022c 50       		.byte	0x50
 4247 022d 00       		.byte	0
 4248              	.LVUS34:
 4249 022e 00       		.uleb128 .LVU229
 4250 022f 00       		.uleb128 .LVU236
 4251 0230 04       		.uleb128 .LVU246
 4252 0231 00       		.uleb128 .LVU255
 4253              	.LLST34:
 4254 0232 06       		.byte	0x6
 4255 0233 18000000 		.4byte	.LVL45
 4256 0237 04       		.byte	0x4
 4257 0238 00       		.uleb128 .LVL45-.LVL45
 4258 0239 0C       		.uleb128 .LVL47-.LVL45
 4259 023a 01       		.uleb128 0x1
 4260 023b 54       		.byte	0x54
 4261 023c 04       		.byte	0x4
 4262 023d 2C       		.uleb128 .LVL49-.LVL45
 4263 023e 40       		.uleb128 .LVL50-.LVL45
 4264 023f 01       		.uleb128 0x1
 4265 0240 54       		.byte	0x54
 4266 0241 00       		.byte	0
 4267              	.LVUS36:
 4268 0242 00       		.uleb128 .LVU229
 4269 0243 00       		.uleb128 .LVU231
 4270 0244 07       		.uleb128 .LVU249
 4271 0245 00       		.uleb128 .LVU255
 4272              	.LLST36:
 4273 0246 06       		.byte	0x6
 4274 0247 18000000 		.4byte	.LVL45
 4275 024b 04       		.byte	0x4
ARM GAS  /tmp/ccWbXyoS.s 			page 76


 4276 024c 00       		.uleb128 .LVL45-.LVL45
 4277 024d 08       		.uleb128 .LVL46-.LVL45
 4278 024e 01       		.uleb128 0x1
 4279 024f 54       		.byte	0x54
 4280 0250 04       		.byte	0x4
 4281 0251 2C       		.uleb128 .LVL49-.LVL45
 4282 0252 40       		.uleb128 .LVL50-.LVL45
 4283 0253 01       		.uleb128 0x1
 4284 0254 54       		.byte	0x54
 4285 0255 00       		.byte	0
 4286              	.LVUS37:
 4287 0256 00       		.uleb128 .LVU231
 4288 0257 00       		.uleb128 .LVU236
 4289              	.LLST37:
 4290 0258 08       		.byte	0x8
 4291 0259 20000000 		.4byte	.LVL46
 4292 025d 04       		.uleb128 .LVL47-.LVL46
 4293 025e 01       		.uleb128 0x1
 4294 025f 54       		.byte	0x54
 4295 0260 00       		.byte	0
 4296              	.LVUS38:
 4297 0261 00       		.uleb128 0
 4298 0262 00       		.uleb128 .LVU286
 4299 0263 00       		.uleb128 .LVU286
 4300 0264 00       		.uleb128 0
 4301              	.LLST38:
 4302 0265 06       		.byte	0x6
 4303 0266 00000000 		.4byte	.LVL53
 4304 026a 04       		.byte	0x4
 4305 026b 00       		.uleb128 .LVL53-.LVL53
 4306 026c 0B       		.uleb128 .LVL54-1-.LVL53
 4307 026d 01       		.uleb128 0x1
 4308 026e 50       		.byte	0x50
 4309 026f 04       		.byte	0x4
 4310 0270 0B       		.uleb128 .LVL54-1-.LVL53
 4311 0271 14       		.uleb128 .LFE214-.LVL53
 4312 0272 0A       		.uleb128 0xa
 4313 0273 A3       		.byte	0xa3
 4314 0274 03       		.uleb128 0x3
 4315 0275 A5       		.byte	0xa5
 4316 0276 00       		.uleb128 0
 4317 0277 26       		.uleb128 0x26
 4318 0278 A8       		.byte	0xa8
 4319 0279 2D       		.uleb128 0x2d
 4320 027a A8       		.byte	0xa8
 4321 027b 00       		.uleb128 0
 4322 027c 9F       		.byte	0x9f
 4323 027d 00       		.byte	0
 4324              	.LVUS39:
 4325 027e 00       		.uleb128 0
 4326 027f 00       		.uleb128 .LVU286
 4327 0280 00       		.uleb128 .LVU286
 4328 0281 00       		.uleb128 0
 4329              	.LLST39:
 4330 0282 06       		.byte	0x6
 4331 0283 00000000 		.4byte	.LVL53
 4332 0287 04       		.byte	0x4
ARM GAS  /tmp/ccWbXyoS.s 			page 77


 4333 0288 00       		.uleb128 .LVL53-.LVL53
 4334 0289 0B       		.uleb128 .LVL54-1-.LVL53
 4335 028a 01       		.uleb128 0x1
 4336 028b 51       		.byte	0x51
 4337 028c 04       		.byte	0x4
 4338 028d 0B       		.uleb128 .LVL54-1-.LVL53
 4339 028e 14       		.uleb128 .LFE214-.LVL53
 4340 028f 0A       		.uleb128 0xa
 4341 0290 A3       		.byte	0xa3
 4342 0291 03       		.uleb128 0x3
 4343 0292 A5       		.byte	0xa5
 4344 0293 01       		.uleb128 0x1
 4345 0294 26       		.uleb128 0x26
 4346 0295 A8       		.byte	0xa8
 4347 0296 2D       		.uleb128 0x2d
 4348 0297 A8       		.byte	0xa8
 4349 0298 00       		.uleb128 0
 4350 0299 9F       		.byte	0x9f
 4351 029a 00       		.byte	0
 4352              	.LVUS40:
 4353 029b 00       		.uleb128 0
 4354 029c 00       		.uleb128 .LVU286
 4355 029d 00       		.uleb128 .LVU286
 4356 029e 00       		.uleb128 0
 4357              	.LLST40:
 4358 029f 06       		.byte	0x6
 4359 02a0 00000000 		.4byte	.LVL53
 4360 02a4 04       		.byte	0x4
 4361 02a5 00       		.uleb128 .LVL53-.LVL53
 4362 02a6 0B       		.uleb128 .LVL54-1-.LVL53
 4363 02a7 01       		.uleb128 0x1
 4364 02a8 52       		.byte	0x52
 4365 02a9 04       		.byte	0x4
 4366 02aa 0B       		.uleb128 .LVL54-1-.LVL53
 4367 02ab 14       		.uleb128 .LFE214-.LVL53
 4368 02ac 0A       		.uleb128 0xa
 4369 02ad A3       		.byte	0xa3
 4370 02ae 03       		.uleb128 0x3
 4371 02af A5       		.byte	0xa5
 4372 02b0 02       		.uleb128 0x2
 4373 02b1 26       		.uleb128 0x26
 4374 02b2 A8       		.byte	0xa8
 4375 02b3 2D       		.uleb128 0x2d
 4376 02b4 A8       		.byte	0xa8
 4377 02b5 00       		.uleb128 0
 4378 02b6 9F       		.byte	0x9f
 4379 02b7 00       		.byte	0
 4380              	.LVUS41:
 4381 02b8 00       		.uleb128 .LVU286
 4382 02b9 00       		.uleb128 0
 4383              	.LLST41:
 4384 02ba 08       		.byte	0x8
 4385 02bb 0C000000 		.4byte	.LVL54
 4386 02bf 08       		.uleb128 .LFE214-.LVL54
 4387 02c0 01       		.uleb128 0x1
 4388 02c1 50       		.byte	0x50
 4389 02c2 00       		.byte	0
ARM GAS  /tmp/ccWbXyoS.s 			page 78


 4390              	.LVUS22:
 4391 02c3 00       		.uleb128 0
 4392 02c4 00       		.uleb128 .LVU214
 4393 02c5 00       		.uleb128 .LVU214
 4394 02c6 00       		.uleb128 .LVU215
 4395 02c7 00       		.uleb128 .LVU215
 4396 02c8 00       		.uleb128 .LVU217
 4397 02c9 00       		.uleb128 .LVU217
 4398 02ca 00       		.uleb128 .LVU218
 4399 02cb 00       		.uleb128 .LVU218
 4400 02cc 00       		.uleb128 .LVU219
 4401 02cd 00       		.uleb128 .LVU219
 4402 02ce 00       		.uleb128 .LVU220
 4403 02cf 00       		.uleb128 .LVU220
 4404 02d0 00       		.uleb128 0
 4405              	.LLST22:
 4406 02d1 06       		.byte	0x6
 4407 02d2 00000000 		.4byte	.LVL33
 4408 02d6 04       		.byte	0x4
 4409 02d7 00       		.uleb128 .LVL33-.LVL33
 4410 02d8 50       		.uleb128 .LVL38-.LVL33
 4411 02d9 01       		.uleb128 0x1
 4412 02da 50       		.byte	0x50
 4413 02db 04       		.byte	0x4
 4414 02dc 50       		.uleb128 .LVL38-.LVL33
 4415 02dd 53       		.uleb128 .LVL39-1-.LVL33
 4416 02de 03       		.uleb128 0x3
 4417 02df 70       		.byte	0x70
 4418 02e0 60       		.sleb128 -32
 4419 02e1 9F       		.byte	0x9f
 4420 02e2 04       		.byte	0x4
 4421 02e3 53       		.uleb128 .LVL39-1-.LVL33
 4422 02e4 5C       		.uleb128 .LVL40-.LVL33
 4423 02e5 0A       		.uleb128 0xa
 4424 02e6 A3       		.byte	0xa3
 4425 02e7 03       		.uleb128 0x3
 4426 02e8 A5       		.byte	0xa5
 4427 02e9 00       		.uleb128 0
 4428 02ea 26       		.uleb128 0x26
 4429 02eb A8       		.byte	0xa8
 4430 02ec 2D       		.uleb128 0x2d
 4431 02ed A8       		.byte	0xa8
 4432 02ee 00       		.uleb128 0
 4433 02ef 9F       		.byte	0x9f
 4434 02f0 04       		.byte	0x4
 4435 02f1 5C       		.uleb128 .LVL40-.LVL33
 4436 02f2 60       		.uleb128 .LVL41-.LVL33
 4437 02f3 01       		.uleb128 0x1
 4438 02f4 50       		.byte	0x50
 4439 02f5 04       		.byte	0x4
 4440 02f6 60       		.uleb128 .LVL41-.LVL33
 4441 02f7 64       		.uleb128 .LVL42-.LVL33
 4442 02f8 0A       		.uleb128 0xa
 4443 02f9 A3       		.byte	0xa3
 4444 02fa 03       		.uleb128 0x3
 4445 02fb A5       		.byte	0xa5
 4446 02fc 00       		.uleb128 0
ARM GAS  /tmp/ccWbXyoS.s 			page 79


 4447 02fd 26       		.uleb128 0x26
 4448 02fe A8       		.byte	0xa8
 4449 02ff 2D       		.uleb128 0x2d
 4450 0300 A8       		.byte	0xa8
 4451 0301 00       		.uleb128 0
 4452 0302 9F       		.byte	0x9f
 4453 0303 04       		.byte	0x4
 4454 0304 64       		.uleb128 .LVL42-.LVL33
 4455 0305 68       		.uleb128 .LVL43-.LVL33
 4456 0306 01       		.uleb128 0x1
 4457 0307 50       		.byte	0x50
 4458 0308 04       		.byte	0x4
 4459 0309 68       		.uleb128 .LVL43-.LVL33
 4460 030a 6C       		.uleb128 .LFE213-.LVL33
 4461 030b 0A       		.uleb128 0xa
 4462 030c A3       		.byte	0xa3
 4463 030d 03       		.uleb128 0x3
 4464 030e A5       		.byte	0xa5
 4465 030f 00       		.uleb128 0
 4466 0310 26       		.uleb128 0x26
 4467 0311 A8       		.byte	0xa8
 4468 0312 2D       		.uleb128 0x2d
 4469 0313 A8       		.byte	0xa8
 4470 0314 00       		.uleb128 0
 4471 0315 9F       		.byte	0x9f
 4472 0316 00       		.byte	0
 4473              	.LVUS23:
 4474 0317 00       		.uleb128 0
 4475 0318 00       		.uleb128 .LVU213
 4476 0319 00       		.uleb128 .LVU213
 4477 031a 00       		.uleb128 .LVU217
 4478 031b 00       		.uleb128 .LVU217
 4479 031c 00       		.uleb128 0
 4480              	.LLST23:
 4481 031d 06       		.byte	0x6
 4482 031e 00000000 		.4byte	.LVL33
 4483 0322 04       		.byte	0x4
 4484 0323 00       		.uleb128 .LVL33-.LVL33
 4485 0324 4C       		.uleb128 .LVL37-.LVL33
 4486 0325 01       		.uleb128 0x1
 4487 0326 51       		.byte	0x51
 4488 0327 04       		.byte	0x4
 4489 0328 4C       		.uleb128 .LVL37-.LVL33
 4490 0329 5C       		.uleb128 .LVL40-.LVL33
 4491 032a 0A       		.uleb128 0xa
 4492 032b A3       		.byte	0xa3
 4493 032c 03       		.uleb128 0x3
 4494 032d A5       		.byte	0xa5
 4495 032e 01       		.uleb128 0x1
 4496 032f 26       		.uleb128 0x26
 4497 0330 A8       		.byte	0xa8
 4498 0331 2D       		.uleb128 0x2d
 4499 0332 A8       		.byte	0xa8
 4500 0333 00       		.uleb128 0
 4501 0334 9F       		.byte	0x9f
 4502 0335 04       		.byte	0x4
 4503 0336 5C       		.uleb128 .LVL40-.LVL33
ARM GAS  /tmp/ccWbXyoS.s 			page 80


 4504 0337 6C       		.uleb128 .LFE213-.LVL33
 4505 0338 01       		.uleb128 0x1
 4506 0339 51       		.byte	0x51
 4507 033a 00       		.byte	0
 4508              	.LVUS25:
 4509 033b 01       		.uleb128 .LVU187
 4510 033c 00       		.uleb128 .LVU198
 4511              	.LLST25:
 4512 033d 08       		.byte	0x8
 4513 033e 0C000000 		.4byte	.LVL34
 4514 0342 08       		.uleb128 .LVL36-.LVL34
 4515 0343 01       		.uleb128 0x1
 4516 0344 50       		.byte	0x50
 4517 0345 00       		.byte	0
 4518              	.LVUS27:
 4519 0346 04       		.uleb128 .LVU190
 4520 0347 00       		.uleb128 .LVU193
 4521              	.LLST27:
 4522 0348 08       		.byte	0x8
 4523 0349 0C000000 		.4byte	.LVL34
 4524 034d 04       		.uleb128 .LVL35-.LVL34
 4525 034e 01       		.uleb128 0x1
 4526 034f 50       		.byte	0x50
 4527 0350 00       		.byte	0
 4528              	.LVUS28:
 4529 0351 00       		.uleb128 .LVU193
 4530 0352 00       		.uleb128 .LVU198
 4531              	.LLST28:
 4532 0353 08       		.byte	0x8
 4533 0354 10000000 		.4byte	.LVL35
 4534 0358 04       		.uleb128 .LVL36-.LVL35
 4535 0359 01       		.uleb128 0x1
 4536 035a 50       		.byte	0x50
 4537 035b 00       		.byte	0
 4538              	.LVUS8:
 4539 035c 00       		.uleb128 0
 4540 035d 00       		.uleb128 .LVU113
 4541 035e 00       		.uleb128 .LVU113
 4542 035f 00       		.uleb128 0
 4543              	.LLST8:
 4544 0360 06       		.byte	0x6
 4545 0361 00000000 		.4byte	.LVL22
 4546 0365 04       		.byte	0x4
 4547 0366 00       		.uleb128 .LVL22-.LVL22
 4548 0367 18       		.uleb128 .LVL23-.LVL22
 4549 0368 01       		.uleb128 0x1
 4550 0369 50       		.byte	0x50
 4551 036a 04       		.byte	0x4
 4552 036b 18       		.uleb128 .LVL23-.LVL22
 4553 036c 9401     		.uleb128 .LFE212-.LVL22
 4554 036e 01       		.uleb128 0x1
 4555 036f 54       		.byte	0x54
 4556 0370 00       		.byte	0
 4557              	.LVUS9:
 4558 0371 00       		.uleb128 0
 4559 0372 00       		.uleb128 .LVU113
 4560 0373 00       		.uleb128 .LVU113
ARM GAS  /tmp/ccWbXyoS.s 			page 81


 4561 0374 00       		.uleb128 0
 4562              	.LLST9:
 4563 0375 06       		.byte	0x6
 4564 0376 00000000 		.4byte	.LVL22
 4565 037a 04       		.byte	0x4
 4566 037b 00       		.uleb128 .LVL22-.LVL22
 4567 037c 18       		.uleb128 .LVL23-.LVL22
 4568 037d 01       		.uleb128 0x1
 4569 037e 51       		.byte	0x51
 4570 037f 04       		.byte	0x4
 4571 0380 18       		.uleb128 .LVL23-.LVL22
 4572 0381 9401     		.uleb128 .LFE212-.LVL22
 4573 0383 01       		.uleb128 0x1
 4574 0384 57       		.byte	0x57
 4575 0385 00       		.byte	0
 4576              	.LVUS10:
 4577 0386 00       		.uleb128 0
 4578 0387 00       		.uleb128 .LVU113
 4579 0388 00       		.uleb128 .LVU113
 4580 0389 00       		.uleb128 0
 4581              	.LLST10:
 4582 038a 06       		.byte	0x6
 4583 038b 00000000 		.4byte	.LVL22
 4584 038f 04       		.byte	0x4
 4585 0390 00       		.uleb128 .LVL22-.LVL22
 4586 0391 18       		.uleb128 .LVL23-.LVL22
 4587 0392 01       		.uleb128 0x1
 4588 0393 52       		.byte	0x52
 4589 0394 04       		.byte	0x4
 4590 0395 18       		.uleb128 .LVL23-.LVL22
 4591 0396 9401     		.uleb128 .LFE212-.LVL22
 4592 0398 01       		.uleb128 0x1
 4593 0399 55       		.byte	0x55
 4594 039a 00       		.byte	0
 4595              	.LVUS11:
 4596 039b 00       		.uleb128 .LVU124
 4597 039c 00       		.uleb128 .LVU126
 4598              	.LLST11:
 4599 039d 08       		.byte	0x8
 4600 039e 3C000000 		.4byte	.LVL26
 4601 03a2 08       		.uleb128 .LVL27-.LVL26
 4602 03a3 01       		.uleb128 0x1
 4603 03a4 50       		.byte	0x50
 4604 03a5 00       		.byte	0
 4605              	.LVUS13:
 4606 03a6 00       		.uleb128 .LVU113
 4607 03a7 00       		.uleb128 .LVU120
 4608 03a8 04       		.uleb128 .LVU130
 4609 03a9 00       		.uleb128 .LVU139
 4610              	.LLST13:
 4611 03aa 06       		.byte	0x6
 4612 03ab 18000000 		.4byte	.LVL23
 4613 03af 04       		.byte	0x4
 4614 03b0 00       		.uleb128 .LVL23-.LVL23
 4615 03b1 0C       		.uleb128 .LVL25-.LVL23
 4616 03b2 01       		.uleb128 0x1
 4617 03b3 54       		.byte	0x54
ARM GAS  /tmp/ccWbXyoS.s 			page 82


 4618 03b4 04       		.byte	0x4
 4619 03b5 2C       		.uleb128 .LVL27-.LVL23
 4620 03b6 40       		.uleb128 .LVL28-.LVL23
 4621 03b7 01       		.uleb128 0x1
 4622 03b8 54       		.byte	0x54
 4623 03b9 00       		.byte	0
 4624              	.LVUS15:
 4625 03ba 00       		.uleb128 .LVU113
 4626 03bb 00       		.uleb128 .LVU115
 4627 03bc 07       		.uleb128 .LVU133
 4628 03bd 00       		.uleb128 .LVU139
 4629              	.LLST15:
 4630 03be 06       		.byte	0x6
 4631 03bf 18000000 		.4byte	.LVL23
 4632 03c3 04       		.byte	0x4
 4633 03c4 00       		.uleb128 .LVL23-.LVL23
 4634 03c5 08       		.uleb128 .LVL24-.LVL23
 4635 03c6 01       		.uleb128 0x1
 4636 03c7 54       		.byte	0x54
 4637 03c8 04       		.byte	0x4
 4638 03c9 2C       		.uleb128 .LVL27-.LVL23
 4639 03ca 40       		.uleb128 .LVL28-.LVL23
 4640 03cb 01       		.uleb128 0x1
 4641 03cc 54       		.byte	0x54
 4642 03cd 00       		.byte	0
 4643              	.LVUS16:
 4644 03ce 00       		.uleb128 .LVU115
 4645 03cf 00       		.uleb128 .LVU120
 4646              	.LLST16:
 4647 03d0 08       		.byte	0x8
 4648 03d1 20000000 		.4byte	.LVL24
 4649 03d5 04       		.uleb128 .LVL25-.LVL24
 4650 03d6 01       		.uleb128 0x1
 4651 03d7 54       		.byte	0x54
 4652 03d8 00       		.byte	0
 4653              	.LVUS17:
 4654 03d9 00       		.uleb128 0
 4655 03da 00       		.uleb128 .LVU167
 4656 03db 00       		.uleb128 .LVU167
 4657 03dc 00       		.uleb128 0
 4658              	.LLST17:
 4659 03dd 06       		.byte	0x6
 4660 03de 00000000 		.4byte	.LVL31
 4661 03e2 04       		.byte	0x4
 4662 03e3 00       		.uleb128 .LVL31-.LVL31
 4663 03e4 0B       		.uleb128 .LVL32-1-.LVL31
 4664 03e5 01       		.uleb128 0x1
 4665 03e6 50       		.byte	0x50
 4666 03e7 04       		.byte	0x4
 4667 03e8 0B       		.uleb128 .LVL32-1-.LVL31
 4668 03e9 14       		.uleb128 .LFE211-.LVL31
 4669 03ea 0A       		.uleb128 0xa
 4670 03eb A3       		.byte	0xa3
 4671 03ec 03       		.uleb128 0x3
 4672 03ed A5       		.byte	0xa5
 4673 03ee 00       		.uleb128 0
 4674 03ef 26       		.uleb128 0x26
ARM GAS  /tmp/ccWbXyoS.s 			page 83


 4675 03f0 A8       		.byte	0xa8
 4676 03f1 2D       		.uleb128 0x2d
 4677 03f2 A8       		.byte	0xa8
 4678 03f3 00       		.uleb128 0
 4679 03f4 9F       		.byte	0x9f
 4680 03f5 00       		.byte	0
 4681              	.LVUS18:
 4682 03f6 00       		.uleb128 0
 4683 03f7 00       		.uleb128 .LVU167
 4684 03f8 00       		.uleb128 .LVU167
 4685 03f9 00       		.uleb128 0
 4686              	.LLST18:
 4687 03fa 06       		.byte	0x6
 4688 03fb 00000000 		.4byte	.LVL31
 4689 03ff 04       		.byte	0x4
 4690 0400 00       		.uleb128 .LVL31-.LVL31
 4691 0401 0B       		.uleb128 .LVL32-1-.LVL31
 4692 0402 01       		.uleb128 0x1
 4693 0403 51       		.byte	0x51
 4694 0404 04       		.byte	0x4
 4695 0405 0B       		.uleb128 .LVL32-1-.LVL31
 4696 0406 14       		.uleb128 .LFE211-.LVL31
 4697 0407 0A       		.uleb128 0xa
 4698 0408 A3       		.byte	0xa3
 4699 0409 03       		.uleb128 0x3
 4700 040a A5       		.byte	0xa5
 4701 040b 01       		.uleb128 0x1
 4702 040c 26       		.uleb128 0x26
 4703 040d A8       		.byte	0xa8
 4704 040e 2D       		.uleb128 0x2d
 4705 040f A8       		.byte	0xa8
 4706 0410 00       		.uleb128 0
 4707 0411 9F       		.byte	0x9f
 4708 0412 00       		.byte	0
 4709              	.LVUS19:
 4710 0413 00       		.uleb128 0
 4711 0414 00       		.uleb128 .LVU167
 4712 0415 00       		.uleb128 .LVU167
 4713 0416 00       		.uleb128 0
 4714              	.LLST19:
 4715 0417 06       		.byte	0x6
 4716 0418 00000000 		.4byte	.LVL31
 4717 041c 04       		.byte	0x4
 4718 041d 00       		.uleb128 .LVL31-.LVL31
 4719 041e 0B       		.uleb128 .LVL32-1-.LVL31
 4720 041f 01       		.uleb128 0x1
 4721 0420 52       		.byte	0x52
 4722 0421 04       		.byte	0x4
 4723 0422 0B       		.uleb128 .LVL32-1-.LVL31
 4724 0423 14       		.uleb128 .LFE211-.LVL31
 4725 0424 0A       		.uleb128 0xa
 4726 0425 A3       		.byte	0xa3
 4727 0426 03       		.uleb128 0x3
 4728 0427 A5       		.byte	0xa5
 4729 0428 02       		.uleb128 0x2
 4730 0429 26       		.uleb128 0x26
 4731 042a A8       		.byte	0xa8
ARM GAS  /tmp/ccWbXyoS.s 			page 84


 4732 042b 2D       		.uleb128 0x2d
 4733 042c A8       		.byte	0xa8
 4734 042d 00       		.uleb128 0
 4735 042e 9F       		.byte	0x9f
 4736 042f 00       		.byte	0
 4737              	.LVUS20:
 4738 0430 00       		.uleb128 .LVU167
 4739 0431 00       		.uleb128 0
 4740              	.LLST20:
 4741 0432 08       		.byte	0x8
 4742 0433 0C000000 		.4byte	.LVL32
 4743 0437 08       		.uleb128 .LFE211-.LVL32
 4744 0438 01       		.uleb128 0x1
 4745 0439 50       		.byte	0x50
 4746 043a 00       		.byte	0
 4747              	.LVUS4:
 4748 043b 00       		.uleb128 0
 4749 043c 00       		.uleb128 .LVU68
 4750 043d 00       		.uleb128 .LVU68
 4751 043e 00       		.uleb128 0
 4752              	.LLST4:
 4753 043f 06       		.byte	0x6
 4754 0440 00000000 		.4byte	.LVL11
 4755 0444 04       		.byte	0x4
 4756 0445 00       		.uleb128 .LVL11-.LVL11
 4757 0446 30       		.uleb128 .LVL13-.LVL11
 4758 0447 01       		.uleb128 0x1
 4759 0448 50       		.byte	0x50
 4760 0449 04       		.byte	0x4
 4761 044a 30       		.uleb128 .LVL13-.LVL11
 4762 044b 4C       		.uleb128 .LFE209-.LVL11
 4763 044c 01       		.uleb128 0x1
 4764 044d 54       		.byte	0x54
 4765 044e 00       		.byte	0
 4766              	.LVUS6:
 4767 044f 03       		.uleb128 .LVU52
 4768 0450 00       		.uleb128 .LVU68
 4769 0451 00       		.uleb128 .LVU68
 4770 0452 00       		.uleb128 .LVU70
 4771              	.LLST6:
 4772 0453 06       		.byte	0x6
 4773 0454 0C000000 		.4byte	.LVL12
 4774 0458 04       		.byte	0x4
 4775 0459 00       		.uleb128 .LVL12-.LVL12
 4776 045a 24       		.uleb128 .LVL13-.LVL12
 4777 045b 01       		.uleb128 0x1
 4778 045c 50       		.byte	0x50
 4779 045d 04       		.byte	0x4
 4780 045e 24       		.uleb128 .LVL13-.LVL12
 4781 045f 34       		.uleb128 .LVL15-.LVL12
 4782 0460 01       		.uleb128 0x1
 4783 0461 54       		.byte	0x54
 4784 0462 00       		.byte	0
 4785              	.LVUS3:
 4786 0463 00       		.uleb128 0
 4787 0464 00       		.uleb128 .LVU35
 4788 0465 00       		.uleb128 .LVU35
ARM GAS  /tmp/ccWbXyoS.s 			page 85


 4789 0466 00       		.uleb128 .LVU38
 4790 0467 00       		.uleb128 .LVU38
 4791 0468 00       		.uleb128 .LVU39
 4792 0469 00       		.uleb128 .LVU39
 4793 046a 00       		.uleb128 0
 4794              	.LLST3:
 4795 046b 06       		.byte	0x6
 4796 046c 00000000 		.4byte	.LVL6
 4797 0470 04       		.byte	0x4
 4798 0471 00       		.uleb128 .LVL6-.LVL6
 4799 0472 0C       		.uleb128 .LVL7-.LVL6
 4800 0473 01       		.uleb128 0x1
 4801 0474 50       		.byte	0x50
 4802 0475 04       		.byte	0x4
 4803 0476 0C       		.uleb128 .LVL7-.LVL6
 4804 0477 18       		.uleb128 .LVL9-.LVL6
 4805 0478 01       		.uleb128 0x1
 4806 0479 54       		.byte	0x54
 4807 047a 04       		.byte	0x4
 4808 047b 18       		.uleb128 .LVL9-.LVL6
 4809 047c 1B       		.uleb128 .LVL10-1-.LVL6
 4810 047d 03       		.uleb128 0x3
 4811 047e 70       		.byte	0x70
 4812 047f 68       		.sleb128 -24
 4813 0480 9F       		.byte	0x9f
 4814 0481 04       		.byte	0x4
 4815 0482 1B       		.uleb128 .LVL10-1-.LVL6
 4816 0483 1C       		.uleb128 .LFE208-.LVL6
 4817 0484 0A       		.uleb128 0xa
 4818 0485 A3       		.byte	0xa3
 4819 0486 03       		.uleb128 0x3
 4820 0487 A5       		.byte	0xa5
 4821 0488 00       		.uleb128 0
 4822 0489 26       		.uleb128 0x26
 4823 048a A8       		.byte	0xa8
 4824 048b 2D       		.uleb128 0x2d
 4825 048c A8       		.byte	0xa8
 4826 048d 00       		.uleb128 0
 4827 048e 9F       		.byte	0x9f
 4828 048f 00       		.byte	0
 4829              	.LVUS0:
 4830 0490 00       		.uleb128 0
 4831 0491 00       		.uleb128 .LVU19
 4832 0492 00       		.uleb128 .LVU19
 4833 0493 00       		.uleb128 .LVU22
 4834 0494 00       		.uleb128 .LVU22
 4835 0495 00       		.uleb128 .LVU23
 4836 0496 00       		.uleb128 .LVU23
 4837 0497 00       		.uleb128 0
 4838              	.LLST0:
 4839 0498 06       		.byte	0x6
 4840 0499 00000000 		.4byte	.LVL0
 4841 049d 04       		.byte	0x4
 4842 049e 00       		.uleb128 .LVL0-.LVL0
 4843 049f 28       		.uleb128 .LVL2-.LVL0
 4844 04a0 01       		.uleb128 0x1
 4845 04a1 50       		.byte	0x50
ARM GAS  /tmp/ccWbXyoS.s 			page 86


 4846 04a2 04       		.byte	0x4
 4847 04a3 28       		.uleb128 .LVL2-.LVL0
 4848 04a4 34       		.uleb128 .LVL4-.LVL0
 4849 04a5 01       		.uleb128 0x1
 4850 04a6 54       		.byte	0x54
 4851 04a7 04       		.byte	0x4
 4852 04a8 34       		.uleb128 .LVL4-.LVL0
 4853 04a9 37       		.uleb128 .LVL5-1-.LVL0
 4854 04aa 03       		.uleb128 0x3
 4855 04ab 70       		.byte	0x70
 4856 04ac 60       		.sleb128 -32
 4857 04ad 9F       		.byte	0x9f
 4858 04ae 04       		.byte	0x4
 4859 04af 37       		.uleb128 .LVL5-1-.LVL0
 4860 04b0 38       		.uleb128 .LFE207-.LVL0
 4861 04b1 0A       		.uleb128 0xa
 4862 04b2 A3       		.byte	0xa3
 4863 04b3 03       		.uleb128 0x3
 4864 04b4 A5       		.byte	0xa5
 4865 04b5 00       		.uleb128 0
 4866 04b6 26       		.uleb128 0x26
 4867 04b7 A8       		.byte	0xa8
 4868 04b8 2D       		.uleb128 0x2d
 4869 04b9 A8       		.byte	0xa8
 4870 04ba 00       		.uleb128 0
 4871 04bb 9F       		.byte	0x9f
 4872 04bc 00       		.byte	0
 4873              	.LVUS1:
 4874 04bd 00       		.uleb128 0
 4875 04be 00       		.uleb128 .LVU20
 4876 04bf 00       		.uleb128 .LVU20
 4877 04c0 00       		.uleb128 0
 4878              	.LLST1:
 4879 04c1 06       		.byte	0x6
 4880 04c2 00000000 		.4byte	.LVL0
 4881 04c6 04       		.byte	0x4
 4882 04c7 00       		.uleb128 .LVL0-.LVL0
 4883 04c8 2B       		.uleb128 .LVL3-1-.LVL0
 4884 04c9 01       		.uleb128 0x1
 4885 04ca 51       		.byte	0x51
 4886 04cb 04       		.byte	0x4
 4887 04cc 2B       		.uleb128 .LVL3-1-.LVL0
 4888 04cd 38       		.uleb128 .LFE207-.LVL0
 4889 04ce 0A       		.uleb128 0xa
 4890 04cf A3       		.byte	0xa3
 4891 04d0 03       		.uleb128 0x3
 4892 04d1 A5       		.byte	0xa5
 4893 04d2 01       		.uleb128 0x1
 4894 04d3 26       		.uleb128 0x26
 4895 04d4 A8       		.byte	0xa8
 4896 04d5 2D       		.uleb128 0x2d
 4897 04d6 A8       		.byte	0xa8
 4898 04d7 00       		.uleb128 0
 4899 04d8 9F       		.byte	0x9f
 4900 04d9 00       		.byte	0
 4901              	.LVUS2:
 4902 04da 00       		.uleb128 0
ARM GAS  /tmp/ccWbXyoS.s 			page 87


 4903 04db 00       		.uleb128 .LVU9
 4904 04dc 00       		.uleb128 .LVU9
 4905 04dd 00       		.uleb128 0
 4906              	.LLST2:
 4907 04de 06       		.byte	0x6
 4908 04df 00000000 		.4byte	.LVL0
 4909 04e3 04       		.byte	0x4
 4910 04e4 00       		.uleb128 .LVL0-.LVL0
 4911 04e5 10       		.uleb128 .LVL1-.LVL0
 4912 04e6 01       		.uleb128 0x1
 4913 04e7 52       		.byte	0x52
 4914 04e8 04       		.byte	0x4
 4915 04e9 10       		.uleb128 .LVL1-.LVL0
 4916 04ea 38       		.uleb128 .LFE207-.LVL0
 4917 04eb 0A       		.uleb128 0xa
 4918 04ec A3       		.byte	0xa3
 4919 04ed 03       		.uleb128 0x3
 4920 04ee A5       		.byte	0xa5
 4921 04ef 02       		.uleb128 0x2
 4922 04f0 26       		.uleb128 0x26
 4923 04f1 A8       		.byte	0xa8
 4924 04f2 2D       		.uleb128 0x2d
 4925 04f3 A8       		.byte	0xa8
 4926 04f4 00       		.uleb128 0
 4927 04f5 9F       		.byte	0x9f
 4928 04f6 00       		.byte	0
 4929              	.LVUS7:
 4930 04f7 00       		.uleb128 0
 4931 04f8 00       		.uleb128 .LVU97
 4932 04f9 00       		.uleb128 .LVU97
 4933 04fa 00       		.uleb128 .LVU103
 4934 04fb 00       		.uleb128 .LVU103
 4935 04fc 00       		.uleb128 .LVU104
 4936 04fd 00       		.uleb128 .LVU104
 4937 04fe 00       		.uleb128 0
 4938              	.LLST7:
 4939 04ff 06       		.byte	0x6
 4940 0500 00000000 		.4byte	.LVL17
 4941 0504 04       		.byte	0x4
 4942 0505 00       		.uleb128 .LVL17-.LVL17
 4943 0506 24       		.uleb128 .LVL18-.LVL17
 4944 0507 01       		.uleb128 0x1
 4945 0508 50       		.byte	0x50
 4946 0509 04       		.byte	0x4
 4947 050a 24       		.uleb128 .LVL18-.LVL17
 4948 050b 38       		.uleb128 .LVL20-.LVL17
 4949 050c 01       		.uleb128 0x1
 4950 050d 54       		.byte	0x54
 4951 050e 04       		.byte	0x4
 4952 050f 38       		.uleb128 .LVL20-.LVL17
 4953 0510 3F       		.uleb128 .LVL21-1-.LVL17
 4954 0511 03       		.uleb128 0x3
 4955 0512 70       		.byte	0x70
 4956 0513 60       		.sleb128 -32
 4957 0514 9F       		.byte	0x9f
 4958 0515 04       		.byte	0x4
 4959 0516 3F       		.uleb128 .LVL21-1-.LVL17
ARM GAS  /tmp/ccWbXyoS.s 			page 88


 4960 0517 40       		.uleb128 .LFE210-.LVL17
 4961 0518 0A       		.uleb128 0xa
 4962 0519 A3       		.byte	0xa3
 4963 051a 03       		.uleb128 0x3
 4964 051b A5       		.byte	0xa5
 4965 051c 00       		.uleb128 0
 4966 051d 26       		.uleb128 0x26
 4967 051e A8       		.byte	0xa8
 4968 051f 2D       		.uleb128 0x2d
 4969 0520 A8       		.byte	0xa8
 4970 0521 00       		.uleb128 0
 4971 0522 9F       		.byte	0x9f
 4972 0523 00       		.byte	0
 4973              	.Ldebug_loc3:
 4974              		.section	.debug_aranges,"",%progbits
 4975 0000 7C000000 		.4byte	0x7c
 4976 0004 0200     		.2byte	0x2
 4977 0006 00000000 		.4byte	.Ldebug_info0
 4978 000a 04       		.byte	0x4
 4979 000b 00       		.byte	0
 4980 000c 0000     		.2byte	0
 4981 000e 0000     		.2byte	0
 4982 0010 00000000 		.4byte	.LFB207
 4983 0014 38000000 		.4byte	.LFE207-.LFB207
 4984 0018 00000000 		.4byte	.LFB208
 4985 001c 1C000000 		.4byte	.LFE208-.LFB208
 4986 0020 00000000 		.4byte	.LFB209
 4987 0024 4C000000 		.4byte	.LFE209-.LFB209
 4988 0028 00000000 		.4byte	.LFB210
 4989 002c 40000000 		.4byte	.LFE210-.LFB210
 4990 0030 00000000 		.4byte	.LFB212
 4991 0034 94000000 		.4byte	.LFE212-.LFB212
 4992 0038 00000000 		.4byte	.LFB211
 4993 003c 14000000 		.4byte	.LFE211-.LFB211
 4994 0040 00000000 		.4byte	.LFB213
 4995 0044 6C000000 		.4byte	.LFE213-.LFB213
 4996 0048 00000000 		.4byte	.LFB215
 4997 004c 90000000 		.4byte	.LFE215-.LFB215
 4998 0050 00000000 		.4byte	.LFB214
 4999 0054 14000000 		.4byte	.LFE214-.LFB214
 5000 0058 00000000 		.4byte	.LFB216
 5001 005c 70000000 		.4byte	.LFE216-.LFB216
 5002 0060 00000000 		.4byte	.LFB218
 5003 0064 90000000 		.4byte	.LFE218-.LFB218
 5004 0068 00000000 		.4byte	.LFB217
 5005 006c 14000000 		.4byte	.LFE217-.LFB217
 5006 0070 00000000 		.4byte	.LFB219
 5007 0074 6C000000 		.4byte	.LFE219-.LFB219
 5008 0078 00000000 		.4byte	0
 5009 007c 00000000 		.4byte	0
 5010              		.section	.debug_rnglists,"",%progbits
 5011              	.Ldebug_ranges0:
 5012 0000 FF000000 		.4byte	.Ldebug_ranges3-.Ldebug_ranges2
 5013              	.Ldebug_ranges2:
 5014 0004 0500     		.2byte	0x5
 5015 0006 04       		.byte	0x4
 5016 0007 00       		.byte	0
ARM GAS  /tmp/ccWbXyoS.s 			page 89


 5017 0008 00000000 		.4byte	0
 5018              	.LLRL5:
 5019 000c 05       		.byte	0x5
 5020 000d 00000000 		.4byte	.LBB79
 5021 0011 04       		.byte	0x4
 5022 0012 00       		.uleb128 .LBB79-.LBB79
 5023 0013 00       		.uleb128 .LBE79-.LBB79
 5024 0014 04       		.byte	0x4
 5025 0015 08       		.uleb128 .LBB84-.LBB79
 5026 0016 0C       		.uleb128 .LBE84-.LBB79
 5027 0017 00       		.byte	0
 5028              	.LLRL12:
 5029 0018 05       		.byte	0x5
 5030 0019 18000000 		.4byte	.LBB91
 5031 001d 04       		.byte	0x4
 5032 001e 00       		.uleb128 .LBB91-.LBB91
 5033 001f 10       		.uleb128 .LBE91-.LBB91
 5034 0020 04       		.byte	0x4
 5035 0021 2C       		.uleb128 .LBB100-.LBB91
 5036 0022 2C       		.uleb128 .LBE100-.LBB91
 5037 0023 00       		.byte	0
 5038              	.LLRL14:
 5039 0024 05       		.byte	0x5
 5040 0025 18000000 		.4byte	.LBB92
 5041 0029 04       		.byte	0x4
 5042 002a 00       		.uleb128 .LBB92-.LBB92
 5043 002b 08       		.uleb128 .LBE92-.LBB92
 5044 002c 04       		.byte	0x4
 5045 002d 0C       		.uleb128 .LBB98-.LBB92
 5046 002e 10       		.uleb128 .LBE98-.LBB92
 5047 002f 04       		.byte	0x4
 5048 0030 2C       		.uleb128 .LBB99-.LBB92
 5049 0031 2C       		.uleb128 .LBE99-.LBB92
 5050 0032 00       		.byte	0
 5051              	.LLRL21:
 5052 0033 05       		.byte	0x5
 5053 0034 00000000 		.4byte	.LBB101
 5054 0038 04       		.byte	0x4
 5055 0039 00       		.uleb128 .LBB101-.LBB101
 5056 003a 00       		.uleb128 .LBE101-.LBB101
 5057 003b 04       		.byte	0x4
 5058 003c 04       		.uleb128 .LBB106-.LBB101
 5059 003d 08       		.uleb128 .LBE106-.LBB101
 5060 003e 00       		.byte	0
 5061              	.LLRL24:
 5062 003f 05       		.byte	0x5
 5063 0040 0C000000 		.4byte	.LBB111
 5064 0044 04       		.byte	0x4
 5065 0045 00       		.uleb128 .LBB111-.LBB111
 5066 0046 08       		.uleb128 .LBE111-.LBB111
 5067 0047 04       		.byte	0x4
 5068 0048 0C       		.uleb128 .LBB118-.LBB111
 5069 0049 10       		.uleb128 .LBE118-.LBB111
 5070 004a 00       		.byte	0
 5071              	.LLRL26:
 5072 004b 05       		.byte	0x5
 5073 004c 0C000000 		.4byte	.LBB112
ARM GAS  /tmp/ccWbXyoS.s 			page 90


 5074 0050 04       		.byte	0x4
 5075 0051 00       		.uleb128 .LBB112-.LBB112
 5076 0052 04       		.uleb128 .LBE112-.LBB112
 5077 0053 04       		.byte	0x4
 5078 0054 0C       		.uleb128 .LBB117-.LBB112
 5079 0055 10       		.uleb128 .LBE117-.LBB112
 5080 0056 00       		.byte	0
 5081              	.LLRL33:
 5082 0057 05       		.byte	0x5
 5083 0058 18000000 		.4byte	.LBB119
 5084 005c 04       		.byte	0x4
 5085 005d 00       		.uleb128 .LBB119-.LBB119
 5086 005e 10       		.uleb128 .LBE119-.LBB119
 5087 005f 04       		.byte	0x4
 5088 0060 2C       		.uleb128 .LBB128-.LBB119
 5089 0061 2C       		.uleb128 .LBE128-.LBB119
 5090 0062 00       		.byte	0
 5091              	.LLRL35:
 5092 0063 05       		.byte	0x5
 5093 0064 18000000 		.4byte	.LBB120
 5094 0068 04       		.byte	0x4
 5095 0069 00       		.uleb128 .LBB120-.LBB120
 5096 006a 08       		.uleb128 .LBE120-.LBB120
 5097 006b 04       		.byte	0x4
 5098 006c 0C       		.uleb128 .LBB126-.LBB120
 5099 006d 10       		.uleb128 .LBE126-.LBB120
 5100 006e 04       		.byte	0x4
 5101 006f 2C       		.uleb128 .LBB127-.LBB120
 5102 0070 2C       		.uleb128 .LBE127-.LBB120
 5103 0071 00       		.byte	0
 5104              	.LLRL42:
 5105 0072 05       		.byte	0x5
 5106 0073 00000000 		.4byte	.LBB129
 5107 0077 04       		.byte	0x4
 5108 0078 00       		.uleb128 .LBB129-.LBB129
 5109 0079 00       		.uleb128 .LBE129-.LBB129
 5110 007a 04       		.byte	0x4
 5111 007b 04       		.uleb128 .LBB134-.LBB129
 5112 007c 08       		.uleb128 .LBE134-.LBB129
 5113 007d 00       		.byte	0
 5114              	.LLRL45:
 5115 007e 05       		.byte	0x5
 5116 007f 0C000000 		.4byte	.LBB139
 5117 0083 04       		.byte	0x4
 5118 0084 00       		.uleb128 .LBB139-.LBB139
 5119 0085 04       		.uleb128 .LBE139-.LBB139
 5120 0086 04       		.byte	0x4
 5121 0087 0C       		.uleb128 .LBB148-.LBB139
 5122 0088 18       		.uleb128 .LBE148-.LBB139
 5123 0089 00       		.byte	0
 5124              	.LLRL47:
 5125 008a 05       		.byte	0x5
 5126 008b 0C000000 		.4byte	.LBB140
 5127 008f 04       		.byte	0x4
 5128 0090 00       		.uleb128 .LBB140-.LBB140
 5129 0091 04       		.uleb128 .LBE140-.LBB140
 5130 0092 04       		.byte	0x4
ARM GAS  /tmp/ccWbXyoS.s 			page 91


 5131 0093 0C       		.uleb128 .LBB144-.LBB140
 5132 0094 10       		.uleb128 .LBE144-.LBB140
 5133 0095 04       		.byte	0x4
 5134 0096 14       		.uleb128 .LBB147-.LBB140
 5135 0097 18       		.uleb128 .LBE147-.LBB140
 5136 0098 00       		.byte	0
 5137              	.LLRL54:
 5138 0099 05       		.byte	0x5
 5139 009a 18000000 		.4byte	.LBB149
 5140 009e 04       		.byte	0x4
 5141 009f 00       		.uleb128 .LBB149-.LBB149
 5142 00a0 04       		.uleb128 .LBE149-.LBB149
 5143 00a1 04       		.byte	0x4
 5144 00a2 20       		.uleb128 .LBB152-.LBB149
 5145 00a3 20       		.uleb128 .LBE152-.LBB149
 5146 00a4 00       		.byte	0
 5147              	.LLRL60:
 5148 00a5 05       		.byte	0x5
 5149 00a6 00000000 		.4byte	.LBB153
 5150 00aa 04       		.byte	0x4
 5151 00ab 00       		.uleb128 .LBB153-.LBB153
 5152 00ac 00       		.uleb128 .LBE153-.LBB153
 5153 00ad 04       		.byte	0x4
 5154 00ae 04       		.uleb128 .LBB158-.LBB153
 5155 00af 08       		.uleb128 .LBE158-.LBB153
 5156 00b0 00       		.byte	0
 5157              	.LLRL64:
 5158 00b1 07       		.byte	0x7
 5159 00b2 00000000 		.4byte	.LFB207
 5160 00b6 38       		.uleb128 .LFE207-.LFB207
 5161 00b7 07       		.byte	0x7
 5162 00b8 00000000 		.4byte	.LFB208
 5163 00bc 1C       		.uleb128 .LFE208-.LFB208
 5164 00bd 07       		.byte	0x7
 5165 00be 00000000 		.4byte	.LFB209
 5166 00c2 4C       		.uleb128 .LFE209-.LFB209
 5167 00c3 07       		.byte	0x7
 5168 00c4 00000000 		.4byte	.LFB210
 5169 00c8 40       		.uleb128 .LFE210-.LFB210
 5170 00c9 07       		.byte	0x7
 5171 00ca 00000000 		.4byte	.LFB212
 5172 00ce 9401     		.uleb128 .LFE212-.LFB212
 5173 00d0 07       		.byte	0x7
 5174 00d1 00000000 		.4byte	.LFB211
 5175 00d5 14       		.uleb128 .LFE211-.LFB211
 5176 00d6 07       		.byte	0x7
 5177 00d7 00000000 		.4byte	.LFB213
 5178 00db 6C       		.uleb128 .LFE213-.LFB213
 5179 00dc 07       		.byte	0x7
 5180 00dd 00000000 		.4byte	.LFB215
 5181 00e1 9001     		.uleb128 .LFE215-.LFB215
 5182 00e3 07       		.byte	0x7
 5183 00e4 00000000 		.4byte	.LFB214
 5184 00e8 14       		.uleb128 .LFE214-.LFB214
 5185 00e9 07       		.byte	0x7
 5186 00ea 00000000 		.4byte	.LFB216
 5187 00ee 70       		.uleb128 .LFE216-.LFB216
ARM GAS  /tmp/ccWbXyoS.s 			page 92


 5188 00ef 07       		.byte	0x7
 5189 00f0 00000000 		.4byte	.LFB218
 5190 00f4 9001     		.uleb128 .LFE218-.LFB218
 5191 00f6 07       		.byte	0x7
 5192 00f7 00000000 		.4byte	.LFB217
 5193 00fb 14       		.uleb128 .LFE217-.LFB217
 5194 00fc 07       		.byte	0x7
 5195 00fd 00000000 		.4byte	.LFB219
 5196 0101 6C       		.uleb128 .LFE219-.LFB219
 5197 0102 00       		.byte	0
 5198              	.Ldebug_ranges3:
 5199              		.section	.debug_line,"",%progbits
 5200              	.Ldebug_line0:
 5201 0000 260A0000 		.section	.debug_str,"MS",%progbits,1
 5201      0300B702 
 5201      00000201 
 5201      FB0E0D00 
 5201      01010101 
 5202              	.LASF35:
 5203 0000 6D736770 		.ascii	"msgp\000"
 5203      00
 5204              	.LASF24:
 5205 0005 74687265 		.ascii	"threads_queue_t\000"
 5205      6164735F 
 5205      71756575 
 5205      655F7400 
 5206              	.LASF58:
 5207 0015 474E5520 		.ascii	"GNU C17 13.3.1 20240614 -mcpu=cortex-r8 -mfloat-abi"
 5207      43313720 
 5207      31332E33 
 5207      2E312032 
 5207      30323430 
 5208 0048 3D686172 		.ascii	"=hard -mfpu=vfpv3-d16 -mno-thumb-interwork -marm -m"
 5208      64202D6D 
 5208      6670753D 
 5208      76667076 
 5208      332D6431 
 5209 007b 61726368 		.ascii	"arch=armv7-r+fp+idiv -ggdb -O2 -fomit-frame-pointer"
 5209      3D61726D 
 5209      76372D72 
 5209      2B66702B 
 5209      69646976 
 5210 00ae 202D6661 		.ascii	" -falign-functions=16 -ffunction-sections -fdata-se"
 5210      6C69676E 
 5210      2D66756E 
 5210      6374696F 
 5210      6E733D31 
 5211 00e1 6374696F 		.ascii	"ctions -fno-common\000"
 5211      6E73202D 
 5211      666E6F2D 
 5211      636F6D6D 
 5211      6F6E00
 5212              	.LASF40:
 5213 00f4 63684D42 		.ascii	"chMBFetchTimeout\000"
 5213      46657463 
 5213      6854696D 
 5213      656F7574 
ARM GAS  /tmp/ccWbXyoS.s 			page 93


 5213      00
 5214              	.LASF6:
 5215 0105 73686F72 		.ascii	"short int\000"
 5215      7420696E 
 5215      7400
 5216              	.LASF8:
 5217 010f 73697A65 		.ascii	"size_t\000"
 5217      5F7400
 5218              	.LASF52:
 5219 0116 63684D42 		.ascii	"chMBGetFreeCountI\000"
 5219      47657446 
 5219      72656543 
 5219      6F756E74 
 5219      4900
 5220              	.LASF53:
 5221 0128 63684D42 		.ascii	"chMBGetUsedCountI\000"
 5221      47657455 
 5221      73656443 
 5221      6F756E74 
 5221      4900
 5222              	.LASF32:
 5223 013a 63685468 		.ascii	"chThdDequeueAllI\000"
 5223      64446571 
 5223      75657565 
 5223      416C6C49 
 5223      00
 5224              	.LASF62:
 5225 014b 63685363 		.ascii	"chSchRescheduleS\000"
 5225      68526573 
 5225      63686564 
 5225      756C6553 
 5225      00
 5226              	.LASF57:
 5227 015c 706F7274 		.ascii	"port_lock\000"
 5227      5F6C6F63 
 5227      6B00
 5228              	.LASF55:
 5229 0166 63685379 		.ascii	"chSysLock\000"
 5229      734C6F63 
 5229      6B00
 5230              	.LASF21:
 5231 0170 63685F71 		.ascii	"ch_queue\000"
 5231      75657565 
 5231      00
 5232              	.LASF50:
 5233 0179 63684D42 		.ascii	"chMBObjectDispose\000"
 5233      4F626A65 
 5233      63744469 
 5233      73706F73 
 5233      6500
 5234              	.LASF42:
 5235 018b 63684D42 		.ascii	"chMBPostAheadI\000"
 5235      506F7374 
 5235      41686561 
 5235      644900
 5236              	.LASF48:
 5237 019a 63684D42 		.ascii	"chMBResetI\000"
ARM GAS  /tmp/ccWbXyoS.s 			page 94


 5237      52657365 
 5237      744900
 5238              	.LASF22:
 5239 01a5 63685F74 		.ascii	"ch_threads_queue\000"
 5239      68726561 
 5239      64735F71 
 5239      75657565 
 5239      00
 5240              	.LASF18:
 5241 01b6 63685F71 		.ascii	"ch_queue_t\000"
 5241      75657565 
 5241      5F7400
 5242              	.LASF26:
 5243 01c1 77727074 		.ascii	"wrptr\000"
 5243      7200
 5244              	.LASF49:
 5245 01c7 63684D42 		.ascii	"chMBReset\000"
 5245      52657365 
 5245      7400
 5246              	.LASF2:
 5247 01d1 6C6F6E67 		.ascii	"long long int\000"
 5247      206C6F6E 
 5247      6720696E 
 5247      7400
 5248              	.LASF61:
 5249 01df 63685468 		.ascii	"chThdEnqueueTimeoutS\000"
 5249      64456E71 
 5249      75657565 
 5249      54696D65 
 5249      6F757453 
 5250              	.LASF51:
 5251 01f4 63684D42 		.ascii	"chMBObjectInit\000"
 5251      4F626A65 
 5251      6374496E 
 5251      697400
 5252              	.LASF10:
 5253 0203 6C6F6E67 		.ascii	"long int\000"
 5253      20696E74 
 5253      00
 5254              	.LASF59:
 5255 020c 2E2E2F2E 		.ascii	"../../../os/oslib/src/chmboxes.c\000"
 5255      2E2F2E2E 
 5255      2F6F732F 
 5255      6F736C69 
 5255      622F7372 
 5256              	.LASF27:
 5257 022d 72647074 		.ascii	"rdptr\000"
 5257      7200
 5258              	.LASF5:
 5259 0233 756E7369 		.ascii	"unsigned char\000"
 5259      676E6564 
 5259      20636861 
 5259      7200
 5260              	.LASF23:
 5261 0241 71756575 		.ascii	"queue\000"
 5261      6500
 5262              	.LASF3:
ARM GAS  /tmp/ccWbXyoS.s 			page 95


 5263 0247 6C6F6E67 		.ascii	"long double\000"
 5263      20646F75 
 5263      626C6500 
 5264              	.LASF43:
 5265 0253 63684D42 		.ascii	"chMBPostAheadTimeoutS\000"
 5265      506F7374 
 5265      41686561 
 5265      6454696D 
 5265      656F7574 
 5266              	.LASF60:
 5267 0269 2F686F6D 		.ascii	"/home/emirhan/Documents/gemstone/chibiOS-port/Chibi"
 5267      652F656D 
 5267      69726861 
 5267      6E2F446F 
 5267      63756D65 
 5268 029c 4F532F64 		.ascii	"OS/demos/various/RT-ARMCR8-GENERIC\000"
 5268      656D6F73 
 5268      2F766172 
 5268      696F7573 
 5268      2F52542D 
 5269              	.LASF45:
 5270 02bf 63684D42 		.ascii	"chMBPostI\000"
 5270      506F7374 
 5270      4900
 5271              	.LASF4:
 5272 02c9 7369676E 		.ascii	"signed char\000"
 5272      65642063 
 5272      68617200 
 5273              	.LASF0:
 5274 02d5 6C6F6E67 		.ascii	"long long unsigned int\000"
 5274      206C6F6E 
 5274      6720756E 
 5274      7369676E 
 5274      65642069 
 5275              	.LASF15:
 5276 02ec 75696E74 		.ascii	"uint32_t\000"
 5276      33325F74 
 5276      00
 5277              	.LASF1:
 5278 02f5 756E7369 		.ascii	"unsigned int\000"
 5278      676E6564 
 5278      20696E74 
 5278      00
 5279              	.LASF36:
 5280 0302 63684D42 		.ascii	"chMBFetchI\000"
 5280      46657463 
 5280      684900
 5281              	.LASF39:
 5282 030d 5F5F6675 		.ascii	"__func__\000"
 5282      6E635F5F 
 5282      00
 5283              	.LASF7:
 5284 0316 73686F72 		.ascii	"short unsigned int\000"
 5284      7420756E 
 5284      7369676E 
 5284      65642069 
 5284      6E7400
ARM GAS  /tmp/ccWbXyoS.s 			page 96


 5285              	.LASF13:
 5286 0329 63686172 		.ascii	"char\000"
 5286      00
 5287              	.LASF14:
 5288 032e 696E7433 		.ascii	"int32_t\000"
 5288      325F7400 
 5289              	.LASF30:
 5290 0336 6D61696C 		.ascii	"mailbox_t\000"
 5290      626F785F 
 5290      7400
 5291              	.LASF29:
 5292 0340 5F426F6F 		.ascii	"_Bool\000"
 5292      6C00
 5293              	.LASF56:
 5294 0346 706F7274 		.ascii	"port_unlock\000"
 5294      5F756E6C 
 5294      6F636B00 
 5295              	.LASF17:
 5296 0352 73797369 		.ascii	"sysinterval_t\000"
 5296      6E746572 
 5296      76616C5F 
 5296      7400
 5297              	.LASF34:
 5298 0360 63685468 		.ascii	"chThdQueueObjectInit\000"
 5298      64517565 
 5298      75654F62 
 5298      6A656374 
 5298      496E6974 
 5299              	.LASF33:
 5300 0375 63685468 		.ascii	"chThdQueueObjectDispose\000"
 5300      64517565 
 5300      75654F62 
 5300      6A656374 
 5300      44697370 
 5301              	.LASF25:
 5302 038d 62756666 		.ascii	"buffer\000"
 5302      657200
 5303              	.LASF44:
 5304 0394 63684D42 		.ascii	"chMBPostAheadTimeout\000"
 5304      506F7374 
 5304      41686561 
 5304      6454696D 
 5304      656F7574 
 5305              	.LASF12:
 5306 03a9 6C6F6E67 		.ascii	"long unsigned int\000"
 5306      20756E73 
 5306      69676E65 
 5306      6420696E 
 5306      7400
 5307              	.LASF54:
 5308 03bb 63684D42 		.ascii	"chMBGetSizeI\000"
 5308      47657453 
 5308      697A6549 
 5308      00
 5309              	.LASF11:
 5310 03c8 5F5F7569 		.ascii	"__uint32_t\000"
 5310      6E743332 
ARM GAS  /tmp/ccWbXyoS.s 			page 97


 5310      5F7400
 5311              	.LASF63:
 5312 03d3 63685379 		.ascii	"chSysUnlock\000"
 5312      73556E6C 
 5312      6F636B00 
 5313              	.LASF28:
 5314 03df 72657365 		.ascii	"reset\000"
 5314      7400
 5315              	.LASF9:
 5316 03e5 5F5F696E 		.ascii	"__int32_t\000"
 5316      7433325F 
 5316      7400
 5317              	.LASF37:
 5318 03ef 63684D42 		.ascii	"chMBFetchTimeoutS\000"
 5318      46657463 
 5318      6854696D 
 5318      656F7574 
 5318      5300
 5319              	.LASF46:
 5320 0401 63684D42 		.ascii	"chMBPostTimeoutS\000"
 5320      506F7374 
 5320      54696D65 
 5320      6F757453 
 5320      00
 5321              	.LASF31:
 5322 0412 63685468 		.ascii	"chThdDequeueNextI\000"
 5322      64446571 
 5322      75657565 
 5322      4E657874 
 5322      4900
 5323              	.LASF47:
 5324 0424 63684D42 		.ascii	"chMBPostTimeout\000"
 5324      506F7374 
 5324      54696D65 
 5324      6F757400 
 5325              	.LASF20:
 5326 0434 70726576 		.ascii	"prev\000"
 5326      00
 5327              	.LASF41:
 5328 0439 7264796D 		.ascii	"rdymsg\000"
 5328      736700
 5329              	.LASF16:
 5330 0440 6D73675F 		.ascii	"msg_t\000"
 5330      7400
 5331              	.LASF38:
 5332 0446 74696D65 		.ascii	"timeout\000"
 5332      6F757400 
 5333              	.LASF19:
 5334 044e 6E657874 		.ascii	"next\000"
 5334      00
 5335              		.ident	"GCC: (Arm GNU Toolchain 13.3.Rel1 (Build arm-13.24)) 13.3.1 20240614"
ARM GAS  /tmp/ccWbXyoS.s 			page 98


DEFINED SYMBOLS
                            *ABS*:00000000 chmboxes.c
     /tmp/ccWbXyoS.s:21     .text.chMBObjectInit:00000000 $a
     /tmp/ccWbXyoS.s:27     .text.chMBObjectInit:00000000 chMBObjectInit
     /tmp/ccWbXyoS.s:86     .text.chMBObjectDispose:00000000 $a
     /tmp/ccWbXyoS.s:92     .text.chMBObjectDispose:00000000 chMBObjectDispose
     /tmp/ccWbXyoS.s:135    .text.chMBReset:00000000 $a
     /tmp/ccWbXyoS.s:141    .text.chMBReset:00000000 chMBReset
     /tmp/ccWbXyoS.s:262    .text.chMBResetI:00000000 $a
     /tmp/ccWbXyoS.s:268    .text.chMBResetI:00000000 chMBResetI
     /tmp/ccWbXyoS.s:326    .text.chMBPostTimeoutS:00000000 $a
     /tmp/ccWbXyoS.s:332    .text.chMBPostTimeoutS:00000000 chMBPostTimeoutS
     /tmp/ccWbXyoS.s:470    .text.chMBPostTimeout:00000000 $a
     /tmp/ccWbXyoS.s:476    .text.chMBPostTimeout:00000000 chMBPostTimeout
     /tmp/ccWbXyoS.s:554    .text.chMBPostI:00000000 $a
     /tmp/ccWbXyoS.s:560    .text.chMBPostI:00000000 chMBPostI
     /tmp/ccWbXyoS.s:676    .text.chMBPostAheadTimeoutS:00000000 $a
     /tmp/ccWbXyoS.s:682    .text.chMBPostAheadTimeoutS:00000000 chMBPostAheadTimeoutS
     /tmp/ccWbXyoS.s:821    .text.chMBPostAheadTimeout:00000000 $a
     /tmp/ccWbXyoS.s:827    .text.chMBPostAheadTimeout:00000000 chMBPostAheadTimeout
     /tmp/ccWbXyoS.s:905    .text.chMBPostAheadI:00000000 $a
     /tmp/ccWbXyoS.s:911    .text.chMBPostAheadI:00000000 chMBPostAheadI
     /tmp/ccWbXyoS.s:1030   .text.chMBFetchTimeoutS:00000000 $a
     /tmp/ccWbXyoS.s:1036   .text.chMBFetchTimeoutS:00000000 chMBFetchTimeoutS
     /tmp/ccWbXyoS.s:1154   .text.chMBFetchTimeout:00000000 $a
     /tmp/ccWbXyoS.s:1160   .text.chMBFetchTimeout:00000000 chMBFetchTimeout
     /tmp/ccWbXyoS.s:1238   .text.chMBFetchI:00000000 $a
     /tmp/ccWbXyoS.s:1244   .text.chMBFetchI:00000000 chMBFetchI

UNDEFINED SYMBOLS
chThdQueueObjectInit
chThdQueueObjectDispose
chThdDequeueAllI
chSchRescheduleS
chThdEnqueueTimeoutS
chThdDequeueNextI
