ARM GAS  /tmp/cc2vUB2H.s 			page 1


   1              		.cpu cortex-r8
   2              		.arch armv7-r
   3              		.fpu vfpv3-d16
   4              		.arch_extension idiv
   5              		.eabi_attribute 28, 1
   6              		.eabi_attribute 20, 1
   7              		.eabi_attribute 21, 1
   8              		.eabi_attribute 23, 3
   9              		.eabi_attribute 24, 1
  10              		.eabi_attribute 25, 1
  11              		.eabi_attribute 26, 1
  12              		.eabi_attribute 30, 2
  13              		.eabi_attribute 34, 1
  14              		.eabi_attribute 18, 4
  15              		.file	"chmempools.c"
  16              		.text
  17              	.Ltext0:
  18              		.cfi_sections	.debug_frame
  19              		.file 1 "../../../os/oslib/src/chmempools.c"
  20              		.section	.text.chPoolObjectInitAligned,"ax",%progbits
  21              		.align	2
  22              		.p2align 4,,15
  23              		.global	chPoolObjectInitAligned
  24              		.syntax unified
  25              		.arm
  26              		.type	chPoolObjectInitAligned, %function
  27              	chPoolObjectInitAligned:
  28              	.LVL0:
  29              	.LFB207:
  30              		.loc 1 79 69 view -0
  31              		.cfi_startproc
  32              		@ args = 0, pretend = 0, frame = 0
  33              		@ frame_needed = 0, uses_anonymous_args = 0
  34              		@ link register save eliminated.
  35              		.loc 1 81 3 view .LVU1
  36              		.loc 1 81 3 view .LVU2
  37              		.loc 1 81 3 discriminator 19 view .LVU3
  38              		.loc 1 86 3 view .LVU4
  39              		.loc 1 86 12 is_stmt 0 view .LVU5
  40 0000 00C0A0E3 		mov	ip, #0
  41              		.loc 1 89 16 view .LVU6
  42 0004 0E0080E9 		stmib	r0, {r1, r2, r3}
  43              		.loc 1 86 12 view .LVU7
  44 0008 00C080E5 		str	ip, [r0]
  45              		.loc 1 87 3 is_stmt 1 view .LVU8
  46              		.loc 1 90 1 is_stmt 0 view .LVU9
  47 000c 1EFF2FE1 		bx	lr
  48              		.cfi_endproc
  49              	.LFE207:
  50              		.size	chPoolObjectInitAligned, .-chPoolObjectInitAligned
  51              		.section	.text.chPoolObjectDispose,"ax",%progbits
  52              		.align	2
  53              		.p2align 4,,15
  54              		.global	chPoolObjectDispose
  55              		.syntax unified
  56              		.arm
  57              		.type	chPoolObjectDispose, %function
ARM GAS  /tmp/cc2vUB2H.s 			page 2


  58              	chPoolObjectDispose:
  59              	.LVL1:
  60              	.LFB208:
  61              		.loc 1 107 45 is_stmt 1 view -0
  62              		.cfi_startproc
  63              		@ args = 0, pretend = 0, frame = 0
  64              		@ frame_needed = 0, uses_anonymous_args = 0
  65              		@ link register save eliminated.
  66              		.loc 1 109 3 view .LVU11
  67              		.loc 1 109 3 view .LVU12
  68              		.loc 1 109 3 discriminator 5 view .LVU13
  69              		.loc 1 114 1 is_stmt 0 view .LVU14
  70 0000 1EFF2FE1 		bx	lr
  71              		.cfi_endproc
  72              	.LFE208:
  73              		.size	chPoolObjectDispose, .-chPoolObjectDispose
  74              		.section	.text.chPoolLoadArray,"ax",%progbits
  75              		.align	2
  76              		.p2align 4,,15
  77              		.global	chPoolLoadArray
  78              		.syntax unified
  79              		.arm
  80              		.type	chPoolLoadArray, %function
  81              	chPoolLoadArray:
  82              	.LVL2:
  83              	.LFB209:
  84              		.loc 1 131 60 is_stmt 1 view -0
  85              		.cfi_startproc
  86              		@ args = 0, pretend = 0, frame = 0
  87              		@ frame_needed = 0, uses_anonymous_args = 0
  88              		@ link register save eliminated.
  89              		.loc 1 133 3 view .LVU16
  90              		.loc 1 133 3 view .LVU17
  91              		.loc 1 133 3 discriminator 5 view .LVU18
  92              		.loc 1 135 3 view .LVU19
  93              		.loc 1 135 12 is_stmt 0 view .LVU20
  94 0000 000052E3 		cmp	r2, #0
  95              		.loc 1 135 12 is_stmt 1 view .LVU21
  96 0004 1EFF2F01 		bxeq	lr
  97              	.LVL3:
  98              	.L6:
  99              		.loc 1 136 5 view .LVU22
 100              	.LBB75:
 101              	.LBI75:
 102              		.file 2 "../../../os/oslib/include/chmempools.h"
 103              		.loc 2 211 20 view .LVU23
 104              		.loc 2 213 3 view .LVU24
 105              	.LBB76:
 106              	.LBI76:
 107              		.loc 1 232 6 view .LVU25
 108              		.loc 1 234 3 view .LVU26
 109              	.LBB77:
 110              	.LBI77:
 111              		.file 3 "../../../os/rt/include/chsys.h"
 112              		.loc 3 371 20 view .LVU27
 113              		.loc 3 373 3 view .LVU28
 114              	.LBB78:
ARM GAS  /tmp/cc2vUB2H.s 			page 3


 115              	.LBI78:
 116              		.file 4 "../../../os/common/ports/ARMv7-R/chcore.h"
 117              		.loc 4 739 20 view .LVU29
 118              	.LBB79:
 119              		.loc 4 741 3 view .LVU30
 120              		.syntax divided
 121              	@ 741 "../../../os/common/ports/ARMv7-R/chcore.h" 1
 122 0008 80000CF1 		cpsid   i
 123              	@ 0 "" 2
 124              		.arm
 125              		.syntax unified
 126              	.LBE79:
 127              	.LBE78:
 128              		.loc 3 374 35 view .LVU31
 129              		.loc 3 375 21 view .LVU32
 130              	.LBE77:
 131              		.loc 1 235 3 view .LVU33
 132              	.LVL4:
 133              	.LBB80:
 134              	.LBI80:
 135              		.loc 1 208 6 view .LVU34
 136              	.LBB81:
 137              		.loc 1 209 3 view .LVU35
 138              		.loc 1 211 21 view .LVU36
 139              		.loc 1 212 3 view .LVU37
 140              		.loc 1 212 3 view .LVU38
 141              		.loc 1 212 3 discriminator 7 view .LVU39
 142              		.loc 1 216 3 view .LVU40
 143              		.loc 1 216 13 is_stmt 0 view .LVU41
 144 000c 003090E5 		ldr	r3, [r0]
 145 0010 003081E5 		str	r3, [r1]
 146              		.loc 1 217 3 is_stmt 1 view .LVU42
 147              		.loc 1 217 12 is_stmt 0 view .LVU43
 148 0014 001080E5 		str	r1, [r0]
 149              	.LVL5:
 150              		.loc 1 217 12 view .LVU44
 151              	.LBE81:
 152              	.LBE80:
 153              		.loc 1 236 3 is_stmt 1 view .LVU45
 154              	.LBB82:
 155              	.LBI82:
 156              		.loc 3 385 20 view .LVU46
 157              	.LBB83:
 158              		.loc 3 387 23 view .LVU47
 159              		.loc 3 388 34 view .LVU48
 160              		.loc 3 394 3 view .LVU49
 161              		.loc 3 394 3 view .LVU50
 162              		.loc 3 394 3 discriminator 7 view .LVU51
 163              		.loc 3 398 3 view .LVU52
 164              	.LBB84:
 165              	.LBI84:
 166              		.loc 4 751 20 view .LVU53
 167              	.LBB85:
 168              		.loc 4 756 3 view .LVU54
 169              		.syntax divided
 170              	@ 756 "../../../os/common/ports/ARMv7-R/chcore.h" 1
 171 0018 C00008F1 		cpsie   if
ARM GAS  /tmp/cc2vUB2H.s 			page 4


 172              	@ 0 "" 2
 173              	.LVL6:
 174              		.loc 4 756 3 is_stmt 0 view .LVU55
 175              		.arm
 176              		.syntax unified
 177              	.LBE85:
 178              	.LBE84:
 179              	.LBE83:
 180              	.LBE82:
 181              	.LBE76:
 182              	.LBE75:
 183              		.loc 1 138 5 is_stmt 1 view .LVU56
 184              		.loc 1 138 7 is_stmt 0 view .LVU57
 185 001c 043090E5 		ldr	r3, [r0, #4]
 186              		.loc 1 135 12 view .LVU58
 187 0020 012052E2 		subs	r2, r2, #1
 188              	.LVL7:
 189              		.loc 1 138 7 view .LVU59
 190 0024 031081E0 		add	r1, r1, r3
 191              	.LVL8:
 192              		.loc 1 140 5 is_stmt 1 view .LVU60
 193              		.loc 1 135 12 view .LVU61
 194 0028 F6FFFF1A 		bne	.L6
 195 002c 1EFF2FE1 		bx	lr
 196              		.cfi_endproc
 197              	.LFE209:
 198              		.size	chPoolLoadArray, .-chPoolLoadArray
 199              		.section	.text.chPoolAllocI,"ax",%progbits
 200              		.align	2
 201              		.p2align 4,,15
 202              		.global	chPoolAllocI
 203              		.syntax unified
 204              		.arm
 205              		.type	chPoolAllocI, %function
 206              	chPoolAllocI:
 207              	.LVL9:
 208              	.LFB210:
 209              		.loc 1 154 39 view -0
 210              		.cfi_startproc
 211              		@ args = 0, pretend = 0, frame = 0
 212              		@ frame_needed = 0, uses_anonymous_args = 0
 213              		@ link register save eliminated.
 214              		.loc 1 155 3 view .LVU63
 215              		.loc 1 157 21 view .LVU64
 216              		.loc 1 158 3 view .LVU65
 217              		.loc 1 158 3 view .LVU66
 218              		.loc 1 158 3 discriminator 5 view .LVU67
 219              		.loc 1 160 3 view .LVU68
 220              		.loc 1 154 39 is_stmt 0 view .LVU69
 221 0000 0030A0E1 		mov	r3, r0
 222              		.loc 1 160 8 view .LVU70
 223 0004 000090E5 		ldr	r0, [r0]
 224              	.LVL10:
 225              		.loc 1 162 3 is_stmt 1 view .LVU71
 226              		.loc 1 162 6 is_stmt 0 view .LVU72
 227 0008 000050E3 		cmp	r0, #0
 228 000c 0200000A 		beq	.L12
ARM GAS  /tmp/cc2vUB2H.s 			page 5


 229              		.loc 1 163 5 is_stmt 1 view .LVU73
 230              		.loc 1 163 14 is_stmt 0 view .LVU74
 231 0010 002090E5 		ldr	r2, [r0]
 232 0014 002083E5 		str	r2, [r3]
 233 0018 1EFF2FE1 		bx	lr
 234              	.L12:
 235              	.LVL11:
 236              	.LBB88:
 237              	.LBI88:
 238              		.loc 1 154 7 is_stmt 1 view .LVU75
 239              	.LBB89:
 240              		.loc 1 165 8 view .LVU76
 241              		.loc 1 165 14 is_stmt 0 view .LVU77
 242 001c 0C2093E5 		ldr	r2, [r3, #12]
 243              		.loc 1 165 11 view .LVU78
 244 0020 000052E3 		cmp	r2, #0
 245 0024 1EFF2F01 		bxeq	lr
 246              		.loc 1 166 5 is_stmt 1 view .LVU79
 247              		.loc 1 166 12 is_stmt 0 view .LVU80
 248 0028 D400C3E1 		ldrd	r0, [r3, #4]
 249              	.LVL12:
 250              		.loc 1 166 12 view .LVU81
 251 002c 12FF2FE1 		bx	r2
 252              	.LVL13:
 253              		.loc 1 166 12 view .LVU82
 254              	.LBE89:
 255              	.LBE88:
 256              		.cfi_endproc
 257              	.LFE210:
 258              		.size	chPoolAllocI, .-chPoolAllocI
 259              		.section	.text.chPoolAlloc,"ax",%progbits
 260              		.align	2
 261              		.p2align 4,,15
 262              		.global	chPoolAlloc
 263              		.syntax unified
 264              		.arm
 265              		.type	chPoolAlloc, %function
 266              	chPoolAlloc:
 267              	.LVL14:
 268              	.LFB211:
 269              		.loc 1 186 38 is_stmt 1 view -0
 270              		.cfi_startproc
 271              		@ args = 0, pretend = 0, frame = 0
 272              		@ frame_needed = 0, uses_anonymous_args = 0
 273              		.loc 1 187 3 view .LVU84
 274              		.loc 1 189 3 view .LVU85
 275              	.LBB101:
 276              	.LBI101:
 277              		.loc 3 371 20 view .LVU86
 278              		.loc 3 373 3 view .LVU87
 279              	.LBB102:
 280              	.LBI102:
 281              		.loc 4 739 20 view .LVU88
 282              	.LBB103:
 283              		.loc 4 741 3 view .LVU89
 284              	.LBE103:
 285              	.LBE102:
ARM GAS  /tmp/cc2vUB2H.s 			page 6


 286              	.LBE101:
 287              		.loc 1 186 38 is_stmt 0 view .LVU90
 288 0000 0030A0E1 		mov	r3, r0
 289              	.LBB106:
 290              	.LBB105:
 291              	.LBB104:
 292              		.loc 4 741 3 view .LVU91
 293              		.syntax divided
 294              	@ 741 "../../../os/common/ports/ARMv7-R/chcore.h" 1
 295 0004 80000CF1 		cpsid   i
 296              	@ 0 "" 2
 297              		.arm
 298              		.syntax unified
 299              	.LBE104:
 300              	.LBE105:
 301              		.loc 3 374 35 is_stmt 1 view .LVU92
 302              		.loc 3 375 21 view .LVU93
 303              	.LBE106:
 304              		.loc 1 190 3 view .LVU94
 305              	.LVL15:
 306              	.LBB107:
 307              	.LBI107:
 308              		.loc 1 154 7 view .LVU95
 309              	.LBB108:
 310              		.loc 1 155 3 view .LVU96
 311              		.loc 1 157 21 view .LVU97
 312              		.loc 1 158 3 view .LVU98
 313              		.loc 1 158 3 view .LVU99
 314              		.loc 1 158 3 discriminator 5 view .LVU100
 315              		.loc 1 160 3 view .LVU101
 316              		.loc 1 160 8 is_stmt 0 view .LVU102
 317 0008 000090E5 		ldr	r0, [r0]
 318              	.LVL16:
 319              		.loc 1 162 3 is_stmt 1 view .LVU103
 320              		.loc 1 162 6 is_stmt 0 view .LVU104
 321 000c 000050E3 		cmp	r0, #0
 322 0010 0300000A 		beq	.L18
 323              		.loc 1 163 5 is_stmt 1 view .LVU105
 324              		.loc 1 163 14 is_stmt 0 view .LVU106
 325 0014 002090E5 		ldr	r2, [r0]
 326 0018 002083E5 		str	r2, [r3]
 327              	.L24:
 328              		.loc 1 168 5 is_stmt 1 discriminator 5 view .LVU107
 329              		.loc 1 173 3 view .LVU108
 330              	.LVL17:
 331              		.loc 1 173 3 is_stmt 0 view .LVU109
 332              	.LBE108:
 333              	.LBE107:
 334              		.loc 1 191 3 is_stmt 1 view .LVU110
 335              	.LBB115:
 336              	.LBI115:
 337              		.loc 3 385 20 view .LVU111
 338              	.LBB116:
 339              		.loc 3 387 23 view .LVU112
 340              		.loc 3 388 34 view .LVU113
 341              		.loc 3 394 3 view .LVU114
 342              		.loc 3 394 3 view .LVU115
ARM GAS  /tmp/cc2vUB2H.s 			page 7


 343              		.loc 3 394 3 discriminator 7 view .LVU116
 344              		.loc 3 398 3 view .LVU117
 345              	.LBB117:
 346              	.LBI117:
 347              		.loc 4 751 20 view .LVU118
 348              	.LBB118:
 349              		.loc 4 756 3 view .LVU119
 350              		.syntax divided
 351              	@ 756 "../../../os/common/ports/ARMv7-R/chcore.h" 1
 352 001c C00008F1 		cpsie   if
 353              	@ 0 "" 2
 354              		.arm
 355              		.syntax unified
 356              	.LBE118:
 357              	.LBE117:
 358              	.LBE116:
 359              	.LBE115:
 360              		.loc 1 193 3 view .LVU120
 361              		.loc 1 194 1 is_stmt 0 view .LVU121
 362 0020 1EFF2FE1 		bx	lr
 363              	.LVL18:
 364              	.L18:
 365              	.LBB122:
 366              	.LBB113:
 367              	.LBB109:
 368              	.LBI109:
 369              		.loc 1 154 7 is_stmt 1 view .LVU122
 370              	.LBB110:
 371              		.loc 1 165 8 view .LVU123
 372              		.loc 1 165 14 is_stmt 0 view .LVU124
 373 0024 0C2093E5 		ldr	r2, [r3, #12]
 374              		.loc 1 165 11 view .LVU125
 375 0028 000052E3 		cmp	r2, #0
 376 002c FAFFFF0A 		beq	.L24
 377              		.loc 1 166 5 is_stmt 1 view .LVU126
 378              		.loc 1 166 12 is_stmt 0 view .LVU127
 379 0030 D400C3E1 		ldrd	r0, [r3, #4]
 380              	.LVL19:
 381              		.loc 1 166 12 view .LVU128
 382              	.LBE110:
 383              	.LBE109:
 384              	.LBE113:
 385              	.LBE122:
 386              		.loc 1 186 38 view .LVU129
 387 0034 10402DE9 		push	{r4, lr}
 388              		.cfi_def_cfa_offset 8
 389              		.cfi_offset 4, -8
 390              		.cfi_offset 14, -4
 391              	.LBB123:
 392              	.LBB114:
 393              	.LBB112:
 394              	.LBB111:
 395              		.loc 1 166 12 view .LVU130
 396 0038 32FF2FE1 		blx	r2
 397              	.LVL20:
 398              		.loc 1 168 5 is_stmt 1 view .LVU131
 399              		.loc 1 168 5 view .LVU132
ARM GAS  /tmp/cc2vUB2H.s 			page 8


 400              		.loc 1 168 5 is_stmt 0 view .LVU133
 401              	.LBE111:
 402              	.LBE112:
 403              		.loc 1 168 5 is_stmt 1 discriminator 5 view .LVU134
 404              		.loc 1 173 3 view .LVU135
 405              		.loc 1 173 3 is_stmt 0 view .LVU136
 406              	.LBE114:
 407              	.LBE123:
 408              		.loc 1 191 3 is_stmt 1 view .LVU137
 409              	.LBB124:
 410              		.loc 3 385 20 view .LVU138
 411              	.LBB121:
 412              		.loc 3 387 23 view .LVU139
 413              		.loc 3 388 34 view .LVU140
 414              		.loc 3 394 3 view .LVU141
 415              		.loc 3 394 3 view .LVU142
 416              		.loc 3 394 3 discriminator 7 view .LVU143
 417              		.loc 3 398 3 view .LVU144
 418              	.LBB120:
 419              		.loc 4 751 20 view .LVU145
 420              	.LBB119:
 421              		.loc 4 756 3 view .LVU146
 422              		.syntax divided
 423              	@ 756 "../../../os/common/ports/ARMv7-R/chcore.h" 1
 424 003c C00008F1 		cpsie   if
 425              	@ 0 "" 2
 426              		.arm
 427              		.syntax unified
 428              	.LBE119:
 429              	.LBE120:
 430              	.LBE121:
 431              	.LBE124:
 432              		.loc 1 193 3 view .LVU147
 433              		.loc 1 194 1 is_stmt 0 view .LVU148
 434 0040 1080BDE8 		pop	{r4, pc}
 435              		.cfi_endproc
 436              	.LFE211:
 437              		.size	chPoolAlloc, .-chPoolAlloc
 438              		.section	.text.chPoolFreeI,"ax",%progbits
 439              		.align	2
 440              		.p2align 4,,15
 441              		.global	chPoolFreeI
 442              		.syntax unified
 443              		.arm
 444              		.type	chPoolFreeI, %function
 445              	chPoolFreeI:
 446              	.LVL21:
 447              	.LFB212:
 448              		.loc 1 208 49 is_stmt 1 view -0
 449              		.cfi_startproc
 450              		@ args = 0, pretend = 0, frame = 0
 451              		@ frame_needed = 0, uses_anonymous_args = 0
 452              		@ link register save eliminated.
 453              		.loc 1 209 3 view .LVU150
 454              		.loc 1 211 21 view .LVU151
 455              		.loc 1 212 3 view .LVU152
 456              		.loc 1 212 3 view .LVU153
ARM GAS  /tmp/cc2vUB2H.s 			page 9


 457              		.loc 1 212 3 discriminator 7 view .LVU154
 458              		.loc 1 216 3 view .LVU155
 459              		.loc 1 216 13 is_stmt 0 view .LVU156
 460 0000 003090E5 		ldr	r3, [r0]
 461 0004 003081E5 		str	r3, [r1]
 462              		.loc 1 217 3 is_stmt 1 view .LVU157
 463              		.loc 1 217 12 is_stmt 0 view .LVU158
 464 0008 001080E5 		str	r1, [r0]
 465              		.loc 1 218 1 view .LVU159
 466 000c 1EFF2FE1 		bx	lr
 467              		.cfi_endproc
 468              	.LFE212:
 469              		.size	chPoolFreeI, .-chPoolFreeI
 470              		.section	.text.chPoolFree,"ax",%progbits
 471              		.align	2
 472              		.p2align 4,,15
 473              		.global	chPoolFree
 474              		.syntax unified
 475              		.arm
 476              		.type	chPoolFree, %function
 477              	chPoolFree:
 478              	.LVL22:
 479              	.LFB213:
 480              		.loc 1 232 48 is_stmt 1 view -0
 481              		.cfi_startproc
 482              		@ args = 0, pretend = 0, frame = 0
 483              		@ frame_needed = 0, uses_anonymous_args = 0
 484              		@ link register save eliminated.
 485              		.loc 1 234 3 view .LVU161
 486              	.LBB125:
 487              	.LBI125:
 488              		.loc 3 371 20 view .LVU162
 489              		.loc 3 373 3 view .LVU163
 490              	.LBB126:
 491              	.LBI126:
 492              		.loc 4 739 20 view .LVU164
 493              	.LBB127:
 494              		.loc 4 741 3 view .LVU165
 495              		.syntax divided
 496              	@ 741 "../../../os/common/ports/ARMv7-R/chcore.h" 1
 497 0000 80000CF1 		cpsid   i
 498              	@ 0 "" 2
 499              		.arm
 500              		.syntax unified
 501              	.LBE127:
 502              	.LBE126:
 503              		.loc 3 374 35 view .LVU166
 504              		.loc 3 375 21 view .LVU167
 505              	.LBE125:
 506              		.loc 1 235 3 view .LVU168
 507              	.LVL23:
 508              	.LBB128:
 509              	.LBI128:
 510              		.loc 1 208 6 view .LVU169
 511              	.LBB129:
 512              		.loc 1 209 3 view .LVU170
 513              		.loc 1 211 21 view .LVU171
ARM GAS  /tmp/cc2vUB2H.s 			page 10


 514              		.loc 1 212 3 view .LVU172
 515              		.loc 1 212 3 view .LVU173
 516              		.loc 1 212 3 discriminator 7 view .LVU174
 517              		.loc 1 216 3 view .LVU175
 518              		.loc 1 216 13 is_stmt 0 view .LVU176
 519 0004 003090E5 		ldr	r3, [r0]
 520 0008 003081E5 		str	r3, [r1]
 521              		.loc 1 217 3 is_stmt 1 view .LVU177
 522              		.loc 1 217 12 is_stmt 0 view .LVU178
 523 000c 001080E5 		str	r1, [r0]
 524              	.LVL24:
 525              		.loc 1 217 12 view .LVU179
 526              	.LBE129:
 527              	.LBE128:
 528              		.loc 1 236 3 is_stmt 1 view .LVU180
 529              	.LBB130:
 530              	.LBI130:
 531              		.loc 3 385 20 view .LVU181
 532              	.LBB131:
 533              		.loc 3 387 23 view .LVU182
 534              		.loc 3 388 34 view .LVU183
 535              		.loc 3 394 3 view .LVU184
 536              		.loc 3 394 3 view .LVU185
 537              		.loc 3 394 3 discriminator 7 view .LVU186
 538              		.loc 3 398 3 view .LVU187
 539              	.LBB132:
 540              	.LBI132:
 541              		.loc 4 751 20 view .LVU188
 542              	.LBB133:
 543              		.loc 4 756 3 view .LVU189
 544              		.syntax divided
 545              	@ 756 "../../../os/common/ports/ARMv7-R/chcore.h" 1
 546 0010 C00008F1 		cpsie   if
 547              	@ 0 "" 2
 548              		.arm
 549              		.syntax unified
 550              	.LBE133:
 551              	.LBE132:
 552              	.LBE131:
 553              	.LBE130:
 554              		.loc 1 237 1 is_stmt 0 view .LVU190
 555 0014 1EFF2FE1 		bx	lr
 556              		.cfi_endproc
 557              	.LFE213:
 558              		.size	chPoolFree, .-chPoolFree
 559              		.section	.text.chGuardedPoolObjectInitAligned,"ax",%progbits
 560              		.align	2
 561              		.p2align 4,,15
 562              		.global	chGuardedPoolObjectInitAligned
 563              		.syntax unified
 564              		.arm
 565              		.type	chGuardedPoolObjectInitAligned, %function
 566              	chGuardedPoolObjectInitAligned:
 567              	.LVL25:
 568              	.LFB214:
 569              		.loc 1 253 53 is_stmt 1 view -0
 570              		.cfi_startproc
ARM GAS  /tmp/cc2vUB2H.s 			page 11


 571              		@ args = 0, pretend = 0, frame = 0
 572              		@ frame_needed = 0, uses_anonymous_args = 0
 573              		.loc 1 255 3 view .LVU192
 574              		.loc 1 253 53 is_stmt 0 view .LVU193
 575 0000 04E02DE5 		str	lr, [sp, #-4]!
 576              		.cfi_def_cfa_offset 4
 577              		.cfi_offset 14, -4
 578              	.LBB134:
 579              	.LBB135:
 580              		.loc 1 86 12 view .LVU194
 581 0004 00C0A0E3 		mov	ip, #0
 582              	.LBE135:
 583              	.LBE134:
 584              		.loc 1 253 53 view .LVU195
 585 0008 01E0A0E1 		mov	lr, r1
 586              	.LVL26:
 587              	.LBB138:
 588              	.LBI134:
 589              		.loc 1 78 6 is_stmt 1 view .LVU196
 590              	.LBB136:
 591              		.loc 1 81 3 view .LVU197
 592              		.loc 1 81 3 view .LVU198
 593              		.loc 1 81 3 discriminator 19 view .LVU199
 594              		.loc 1 86 3 view .LVU200
 595              		.loc 1 86 12 is_stmt 0 view .LVU201
 596 000c 0CC080E5 		str	ip, [r0, #12]
 597              		.loc 1 87 3 is_stmt 1 view .LVU202
 598              		.loc 1 87 19 is_stmt 0 view .LVU203
 599 0010 10E080E5 		str	lr, [r0, #16]
 600              		.loc 1 88 3 is_stmt 1 view .LVU204
 601              	.LBE136:
 602              	.LBE138:
 603              		.loc 1 256 3 is_stmt 0 view .LVU205
 604 0014 0C10A0E1 		mov	r1, ip
 605              	.LVL27:
 606              		.loc 1 257 1 view .LVU206
 607 0018 04E09DE4 		ldr	lr, [sp], #4
 608              		.cfi_restore 14
 609              		.cfi_def_cfa_offset 0
 610              	.LVL28:
 611              	.LBB139:
 612              	.LBB137:
 613              		.loc 1 88 13 view .LVU207
 614 001c 142080E5 		str	r2, [r0, #20]
 615              		.loc 1 89 3 is_stmt 1 view .LVU208
 616              		.loc 1 89 16 is_stmt 0 view .LVU209
 617 0020 18C080E5 		str	ip, [r0, #24]
 618              	.LVL29:
 619              		.loc 1 89 16 view .LVU210
 620              	.LBE137:
 621              	.LBE139:
 622              		.loc 1 256 3 is_stmt 1 view .LVU211
 623 0024 FEFFFFEA 		b	chSemObjectInit
 624              	.LVL30:
 625              		.loc 1 256 3 is_stmt 0 view .LVU212
 626              		.cfi_endproc
 627              	.LFE214:
ARM GAS  /tmp/cc2vUB2H.s 			page 12


 628              		.size	chGuardedPoolObjectInitAligned, .-chGuardedPoolObjectInitAligned
 629              		.section	.text.chGuardedPoolObjectDispose,"ax",%progbits
 630              		.align	2
 631              		.p2align 4,,15
 632              		.global	chGuardedPoolObjectDispose
 633              		.syntax unified
 634              		.arm
 635              		.type	chGuardedPoolObjectDispose, %function
 636              	chGuardedPoolObjectDispose:
 637              	.LVL31:
 638              	.LFB215:
 639              		.loc 1 274 61 is_stmt 1 view -0
 640              		.cfi_startproc
 641              		@ args = 0, pretend = 0, frame = 0
 642              		@ frame_needed = 0, uses_anonymous_args = 0
 643              		@ link register save eliminated.
 644              		.loc 1 276 3 view .LVU214
 645              		.loc 1 276 3 view .LVU215
 646              		.loc 1 276 3 discriminator 5 view .LVU216
 647              		.loc 1 278 3 view .LVU217
 648              		.loc 1 279 3 view .LVU218
 649 0000 FEFFFFEA 		b	chSemObjectDispose
 650              	.LVL32:
 651              		.loc 1 279 3 is_stmt 0 view .LVU219
 652              		.cfi_endproc
 653              	.LFE215:
 654              		.size	chGuardedPoolObjectDispose, .-chGuardedPoolObjectDispose
 655              		.section	.text.chGuardedPoolLoadArray,"ax",%progbits
 656              		.align	2
 657              		.p2align 4,,15
 658              		.global	chGuardedPoolLoadArray
 659              		.syntax unified
 660              		.arm
 661              		.type	chGuardedPoolLoadArray, %function
 662              	chGuardedPoolLoadArray:
 663              	.LVL33:
 664              	.LFB216:
 665              		.loc 1 295 76 is_stmt 1 view -0
 666              		.cfi_startproc
 667              		@ args = 0, pretend = 0, frame = 0
 668              		@ frame_needed = 0, uses_anonymous_args = 0
 669              		.loc 1 297 3 view .LVU221
 670              		.loc 1 297 3 view .LVU222
 671              		.loc 1 297 3 discriminator 5 view .LVU223
 672              		.loc 1 299 3 view .LVU224
 673              		.loc 1 295 76 is_stmt 0 view .LVU225
 674 0000 70402DE9 		push	{r4, r5, r6, lr}
 675              		.cfi_def_cfa_offset 16
 676              		.cfi_offset 4, -16
 677              		.cfi_offset 5, -12
 678              		.cfi_offset 6, -8
 679              		.cfi_offset 14, -4
 680              		.loc 1 299 12 view .LVU226
 681 0004 006052E2 		subs	r6, r2, #0
 682              		.loc 1 299 12 is_stmt 1 view .LVU227
 683 0008 7080BD08 		popeq	{r4, r5, r6, pc}
 684 000c 0050A0E1 		mov	r5, r0
ARM GAS  /tmp/cc2vUB2H.s 			page 13


 685 0010 0140A0E1 		mov	r4, r1
 686              	.LVL34:
 687              	.L34:
 688              		.loc 1 300 5 view .LVU228
 689              	.LBB155:
 690              	.LBI155:
 691              		.loc 2 341 20 view .LVU229
 692              		.loc 2 343 3 view .LVU230
 693              	.LBB156:
 694              	.LBI156:
 695              		.loc 1 371 6 view .LVU231
 696              	.LBB157:
 697              		.loc 1 373 3 view .LVU232
 698              	.LBB158:
 699              	.LBI158:
 700              		.loc 3 371 20 view .LVU233
 701              		.loc 3 373 3 view .LVU234
 702              	.LBB159:
 703              	.LBI159:
 704              		.loc 4 739 20 view .LVU235
 705              	.LBB160:
 706              		.loc 4 741 3 view .LVU236
 707              		.syntax divided
 708              	@ 741 "../../../os/common/ports/ARMv7-R/chcore.h" 1
 709 0014 80000CF1 		cpsid   i
 710              	@ 0 "" 2
 711              		.arm
 712              		.syntax unified
 713              	.LBE160:
 714              	.LBE159:
 715              		.loc 3 374 35 view .LVU237
 716              		.loc 3 375 21 view .LVU238
 717              	.LBE158:
 718              		.loc 1 374 3 view .LVU239
 719              	.LVL35:
 720              	.LBB161:
 721              	.LBI161:
 722              		.loc 2 303 20 view .LVU240
 723              	.LBB162:
 724              		.loc 2 305 3 view .LVU241
 725              	.LBB163:
 726              	.LBI163:
 727              		.loc 1 208 6 view .LVU242
 728              	.LBB164:
 729              		.loc 1 209 3 view .LVU243
 730              		.loc 1 211 21 view .LVU244
 731              		.loc 1 212 3 view .LVU245
 732              		.loc 1 212 3 view .LVU246
 733              		.loc 1 212 3 discriminator 7 view .LVU247
 734              		.loc 1 216 3 view .LVU248
 735              		.loc 1 216 13 is_stmt 0 view .LVU249
 736 0018 0C3095E5 		ldr	r3, [r5, #12]
 737              	.LBE164:
 738              	.LBE163:
 739              		.loc 2 306 3 view .LVU250
 740 001c 0500A0E1 		mov	r0, r5
 741              	.LBB166:
ARM GAS  /tmp/cc2vUB2H.s 			page 14


 742              	.LBB165:
 743              		.loc 1 216 13 view .LVU251
 744 0020 003084E5 		str	r3, [r4]
 745              		.loc 1 217 3 is_stmt 1 view .LVU252
 746              		.loc 1 217 12 is_stmt 0 view .LVU253
 747 0024 0C4085E5 		str	r4, [r5, #12]
 748              	.LVL36:
 749              		.loc 1 217 12 view .LVU254
 750              	.LBE165:
 751              	.LBE166:
 752              		.loc 2 306 3 is_stmt 1 view .LVU255
 753 0028 FEFFFFEB 		bl	chSemSignalI
 754              	.LVL37:
 755              		.loc 2 306 3 is_stmt 0 view .LVU256
 756              	.LBE162:
 757              	.LBE161:
 758              		.loc 1 375 3 is_stmt 1 view .LVU257
 759 002c FEFFFFEB 		bl	chSchRescheduleS
 760              	.LVL38:
 761              		.loc 1 376 3 view .LVU258
 762              	.LBB167:
 763              	.LBI167:
 764              		.loc 3 385 20 view .LVU259
 765              	.LBB168:
 766              		.loc 3 387 23 view .LVU260
 767              		.loc 3 388 34 view .LVU261
 768              		.loc 3 394 3 view .LVU262
 769              		.loc 3 394 3 view .LVU263
 770              		.loc 3 394 3 discriminator 7 view .LVU264
 771              		.loc 3 398 3 view .LVU265
 772              	.LBB169:
 773              	.LBI169:
 774              		.loc 4 751 20 view .LVU266
 775              	.LBB170:
 776              		.loc 4 756 3 view .LVU267
 777              		.syntax divided
 778              	@ 756 "../../../os/common/ports/ARMv7-R/chcore.h" 1
 779 0030 C00008F1 		cpsie   if
 780              	@ 0 "" 2
 781              	.LVL39:
 782              		.loc 4 756 3 is_stmt 0 view .LVU268
 783              		.arm
 784              		.syntax unified
 785              	.LBE170:
 786              	.LBE169:
 787              	.LBE168:
 788              	.LBE167:
 789              	.LBE157:
 790              	.LBE156:
 791              	.LBE155:
 792              		.loc 1 302 5 is_stmt 1 view .LVU269
 793              		.loc 1 302 7 is_stmt 0 view .LVU270
 794 0034 103095E5 		ldr	r3, [r5, #16]
 795              		.loc 1 299 12 view .LVU271
 796 0038 016056E2 		subs	r6, r6, #1
 797              	.LVL40:
 798              		.loc 1 302 7 view .LVU272
ARM GAS  /tmp/cc2vUB2H.s 			page 15


 799 003c 034084E0 		add	r4, r4, r3
 800              	.LVL41:
 801              		.loc 1 304 5 is_stmt 1 view .LVU273
 802              		.loc 1 299 12 view .LVU274
 803 0040 F3FFFF1A 		bne	.L34
 804 0044 7080BDE8 		pop	{r4, r5, r6, pc}
 805              		.cfi_endproc
 806              	.LFE216:
 807              		.size	chGuardedPoolLoadArray, .-chGuardedPoolLoadArray
 808              		.section	.text.chGuardedPoolAllocTimeoutS,"ax",%progbits
 809              		.align	2
 810              		.p2align 4,,15
 811              		.global	chGuardedPoolAllocTimeoutS
 812              		.syntax unified
 813              		.arm
 814              		.type	chGuardedPoolAllocTimeoutS, %function
 815              	chGuardedPoolAllocTimeoutS:
 816              	.LVL42:
 817              	.LFB217:
 818              		.loc 1 323 57 view -0
 819              		.cfi_startproc
 820              		@ args = 0, pretend = 0, frame = 0
 821              		@ frame_needed = 0, uses_anonymous_args = 0
 822              		.loc 1 324 3 view .LVU276
 823              		.loc 1 326 3 view .LVU277
 824              		.loc 1 323 57 is_stmt 0 view .LVU278
 825 0000 10402DE9 		push	{r4, lr}
 826              		.cfi_def_cfa_offset 8
 827              		.cfi_offset 4, -8
 828              		.cfi_offset 14, -4
 829              		.loc 1 323 57 view .LVU279
 830 0004 0040A0E1 		mov	r4, r0
 831              		.loc 1 326 9 view .LVU280
 832 0008 FEFFFFEB 		bl	chSemWaitTimeoutS
 833              	.LVL43:
 834              		.loc 1 327 3 is_stmt 1 view .LVU281
 835              		.loc 1 327 6 is_stmt 0 view .LVU282
 836 000c 000050E3 		cmp	r0, #0
 837 0010 0B00001A 		bne	.L43
 838              		.loc 1 331 3 is_stmt 1 view .LVU283
 839              	.LVL44:
 840              	.LBB175:
 841              	.LBI175:
 842              		.loc 1 154 7 view .LVU284
 843              	.LBB176:
 844              		.loc 1 155 3 view .LVU285
 845              		.loc 1 157 21 view .LVU286
 846              		.loc 1 158 3 view .LVU287
 847              		.loc 1 158 3 view .LVU288
 848              		.loc 1 158 3 discriminator 5 view .LVU289
 849              		.loc 1 160 3 view .LVU290
 850              		.loc 1 160 8 is_stmt 0 view .LVU291
 851 0014 0C0094E5 		ldr	r0, [r4, #12]
 852              	.LVL45:
 853              		.loc 1 162 3 is_stmt 1 view .LVU292
 854              		.loc 1 162 6 is_stmt 0 view .LVU293
 855 0018 000050E3 		cmp	r0, #0
ARM GAS  /tmp/cc2vUB2H.s 			page 16


 856 001c 0200000A 		beq	.L42
 857              		.loc 1 163 5 is_stmt 1 view .LVU294
 858              		.loc 1 163 14 is_stmt 0 view .LVU295
 859 0020 003090E5 		ldr	r3, [r0]
 860 0024 0C3084E5 		str	r3, [r4, #12]
 861 0028 1080BDE8 		pop	{r4, pc}
 862              	.L42:
 863              	.LVL46:
 864              	.LBB177:
 865              	.LBI177:
 866              		.loc 1 154 7 is_stmt 1 view .LVU296
 867              	.LBB178:
 868              		.loc 1 165 8 view .LVU297
 869              		.loc 1 165 14 is_stmt 0 view .LVU298
 870 002c 183094E5 		ldr	r3, [r4, #24]
 871              		.loc 1 165 11 view .LVU299
 872 0030 000053E3 		cmp	r3, #0
 873 0034 1080BD08 		popeq	{r4, pc}
 874              		.loc 1 166 5 is_stmt 1 view .LVU300
 875              		.loc 1 166 12 is_stmt 0 view .LVU301
 876 0038 D001C4E1 		ldrd	r0, [r4, #16]
 877              	.LVL47:
 878              		.loc 1 166 12 view .LVU302
 879              	.LBE178:
 880              	.LBE177:
 881              	.LBE176:
 882              	.LBE175:
 883              		.loc 1 332 1 view .LVU303
 884 003c 1040BDE8 		pop	{r4, lr}
 885              		.cfi_remember_state
 886              		.cfi_restore 14
 887              		.cfi_restore 4
 888              		.cfi_def_cfa_offset 0
 889              	.LVL48:
 890              	.LBB182:
 891              	.LBB181:
 892              	.LBB180:
 893              	.LBB179:
 894              		.loc 1 166 12 view .LVU304
 895 0040 13FF2FE1 		bx	r3
 896              	.LVL49:
 897              	.L43:
 898              		.cfi_restore_state
 899              		.loc 1 166 12 view .LVU305
 900              	.LBE179:
 901              	.LBE180:
 902              	.LBE181:
 903              	.LBE182:
 904              		.loc 1 328 12 view .LVU306
 905 0044 0000A0E3 		mov	r0, #0
 906              	.LVL50:
 907              		.loc 1 332 1 view .LVU307
 908 0048 1080BDE8 		pop	{r4, pc}
 909              		.cfi_endproc
 910              	.LFE217:
 911              		.size	chGuardedPoolAllocTimeoutS, .-chGuardedPoolAllocTimeoutS
 912              		.section	.text.chGuardedPoolAllocTimeout,"ax",%progbits
ARM GAS  /tmp/cc2vUB2H.s 			page 17


 913              		.align	2
 914              		.p2align 4,,15
 915              		.global	chGuardedPoolAllocTimeout
 916              		.syntax unified
 917              		.arm
 918              		.type	chGuardedPoolAllocTimeout, %function
 919              	chGuardedPoolAllocTimeout:
 920              	.LVL51:
 921              	.LFB218:
 922              		.loc 1 349 56 is_stmt 1 view -0
 923              		.cfi_startproc
 924              		@ args = 0, pretend = 0, frame = 0
 925              		@ frame_needed = 0, uses_anonymous_args = 0
 926              		.loc 1 349 56 is_stmt 0 view .LVU309
 927 0000 10402DE9 		push	{r4, lr}
 928              		.cfi_def_cfa_offset 8
 929              		.cfi_offset 4, -8
 930              		.cfi_offset 14, -4
 931              		.loc 1 349 56 view .LVU310
 932 0004 0040A0E1 		mov	r4, r0
 933              		.loc 1 350 3 is_stmt 1 view .LVU311
 934              		.loc 1 352 3 view .LVU312
 935              	.LBB196:
 936              	.LBI196:
 937              		.loc 3 371 20 view .LVU313
 938              		.loc 3 373 3 view .LVU314
 939              	.LBB197:
 940              	.LBI197:
 941              		.loc 4 739 20 view .LVU315
 942              	.LBB198:
 943              		.loc 4 741 3 view .LVU316
 944              		.syntax divided
 945              	@ 741 "../../../os/common/ports/ARMv7-R/chcore.h" 1
 946 0008 80000CF1 		cpsid   i
 947              	@ 0 "" 2
 948              		.arm
 949              		.syntax unified
 950              	.LBE198:
 951              	.LBE197:
 952              		.loc 3 374 35 view .LVU317
 953              		.loc 3 375 21 view .LVU318
 954              	.LBE196:
 955              		.loc 1 353 3 view .LVU319
 956              	.LVL52:
 957              	.LBB199:
 958              	.LBI199:
 959              		.loc 1 322 7 view .LVU320
 960              	.LBB200:
 961              		.loc 1 324 3 view .LVU321
 962              		.loc 1 326 3 view .LVU322
 963              		.loc 1 326 9 is_stmt 0 view .LVU323
 964 000c FEFFFFEB 		bl	chSemWaitTimeoutS
 965              	.LVL53:
 966              		.loc 1 327 3 is_stmt 1 view .LVU324
 967              		.loc 1 327 6 is_stmt 0 view .LVU325
 968 0010 000050E3 		cmp	r0, #0
 969              		.loc 1 328 12 view .LVU326
ARM GAS  /tmp/cc2vUB2H.s 			page 18


 970 0014 0000A013 		movne	r0, #0
 971              	.LVL54:
 972              		.loc 1 327 6 view .LVU327
 973 0018 0400001A 		bne	.L49
 974              		.loc 1 331 3 is_stmt 1 view .LVU328
 975              	.LVL55:
 976              	.LBB201:
 977              	.LBI201:
 978              		.loc 1 154 7 view .LVU329
 979              	.LBB202:
 980              		.loc 1 155 3 view .LVU330
 981              		.loc 1 157 21 view .LVU331
 982              		.loc 1 158 3 view .LVU332
 983              		.loc 1 158 3 view .LVU333
 984              		.loc 1 158 3 discriminator 5 view .LVU334
 985              		.loc 1 160 3 view .LVU335
 986              		.loc 1 160 8 is_stmt 0 view .LVU336
 987 001c 0C0094E5 		ldr	r0, [r4, #12]
 988              	.LVL56:
 989              		.loc 1 162 3 is_stmt 1 view .LVU337
 990              		.loc 1 162 6 is_stmt 0 view .LVU338
 991 0020 000050E3 		cmp	r0, #0
 992 0024 0300000A 		beq	.L50
 993              		.loc 1 163 5 is_stmt 1 view .LVU339
 994              		.loc 1 163 14 is_stmt 0 view .LVU340
 995 0028 003090E5 		ldr	r3, [r0]
 996 002c 0C3084E5 		str	r3, [r4, #12]
 997              	.LVL57:
 998              	.L49:
 999              		.loc 1 163 14 view .LVU341
 1000              	.LBE202:
 1001              	.LBE201:
 1002              	.LBE200:
 1003              	.LBE199:
 1004              		.loc 1 354 3 is_stmt 1 view .LVU342
 1005              	.LBB208:
 1006              	.LBI208:
 1007              		.loc 3 385 20 view .LVU343
 1008              	.LBB209:
 1009              		.loc 3 387 23 view .LVU344
 1010              		.loc 3 388 34 view .LVU345
 1011              		.loc 3 394 3 view .LVU346
 1012              		.loc 3 394 3 view .LVU347
 1013              		.loc 3 394 3 discriminator 7 view .LVU348
 1014              		.loc 3 398 3 view .LVU349
 1015              	.LBB210:
 1016              	.LBI210:
 1017              		.loc 4 751 20 view .LVU350
 1018              	.LBB211:
 1019              		.loc 4 756 3 view .LVU351
 1020              		.syntax divided
 1021              	@ 756 "../../../os/common/ports/ARMv7-R/chcore.h" 1
 1022 0030 C00008F1 		cpsie   if
 1023              	@ 0 "" 2
 1024              		.arm
 1025              		.syntax unified
 1026              	.LBE211:
ARM GAS  /tmp/cc2vUB2H.s 			page 19


 1027              	.LBE210:
 1028              	.LBE209:
 1029              	.LBE208:
 1030              		.loc 1 356 3 view .LVU352
 1031              		.loc 1 357 1 is_stmt 0 view .LVU353
 1032 0034 1080BDE8 		pop	{r4, pc}
 1033              	.LVL58:
 1034              	.L50:
 1035              	.LBB215:
 1036              	.LBB207:
 1037              	.LBB206:
 1038              	.LBB205:
 1039              	.LBB203:
 1040              	.LBI203:
 1041              		.loc 1 154 7 is_stmt 1 view .LVU354
 1042              	.LBB204:
 1043              		.loc 1 165 8 view .LVU355
 1044              		.loc 1 165 14 is_stmt 0 view .LVU356
 1045 0038 183094E5 		ldr	r3, [r4, #24]
 1046              		.loc 1 165 11 view .LVU357
 1047 003c 000053E3 		cmp	r3, #0
 1048 0040 FAFFFF0A 		beq	.L49
 1049              		.loc 1 166 5 is_stmt 1 view .LVU358
 1050              		.loc 1 166 12 is_stmt 0 view .LVU359
 1051 0044 D001C4E1 		ldrd	r0, [r4, #16]
 1052              	.LVL59:
 1053              		.loc 1 166 12 view .LVU360
 1054 0048 33FF2FE1 		blx	r3
 1055              	.LVL60:
 1056              		.loc 1 168 5 is_stmt 1 view .LVU361
 1057              		.loc 1 168 5 view .LVU362
 1058              		.loc 1 168 5 is_stmt 0 view .LVU363
 1059              	.LBE204:
 1060              	.LBE203:
 1061              	.LBE205:
 1062              	.LBE206:
 1063              	.LBE207:
 1064              	.LBE215:
 1065              		.loc 1 354 3 is_stmt 1 view .LVU364
 1066              	.LBB216:
 1067              		.loc 3 385 20 view .LVU365
 1068              	.LBB214:
 1069              		.loc 3 387 23 view .LVU366
 1070              		.loc 3 388 34 view .LVU367
 1071              		.loc 3 394 3 view .LVU368
 1072              		.loc 3 394 3 view .LVU369
 1073              		.loc 3 394 3 discriminator 7 view .LVU370
 1074              		.loc 3 398 3 view .LVU371
 1075              	.LBB213:
 1076              		.loc 4 751 20 view .LVU372
 1077              	.LBB212:
 1078              		.loc 4 756 3 view .LVU373
 1079              		.syntax divided
 1080              	@ 756 "../../../os/common/ports/ARMv7-R/chcore.h" 1
 1081 004c C00008F1 		cpsie   if
 1082              	@ 0 "" 2
 1083              		.arm
ARM GAS  /tmp/cc2vUB2H.s 			page 20


 1084              		.syntax unified
 1085              	.LBE212:
 1086              	.LBE213:
 1087              	.LBE214:
 1088              	.LBE216:
 1089              		.loc 1 356 3 view .LVU374
 1090              		.loc 1 357 1 is_stmt 0 view .LVU375
 1091 0050 1080BDE8 		pop	{r4, pc}
 1092              		.cfi_endproc
 1093              	.LFE218:
 1094              		.size	chGuardedPoolAllocTimeout, .-chGuardedPoolAllocTimeout
 1095              		.section	.text.chGuardedPoolFree,"ax",%progbits
 1096              		.align	2
 1097              		.p2align 4,,15
 1098              		.global	chGuardedPoolFree
 1099              		.syntax unified
 1100              		.arm
 1101              		.type	chGuardedPoolFree, %function
 1102              	chGuardedPoolFree:
 1103              	.LVL61:
 1104              	.LFB219:
 1105              		.loc 1 371 64 is_stmt 1 view -0
 1106              		.cfi_startproc
 1107              		@ args = 0, pretend = 0, frame = 0
 1108              		@ frame_needed = 0, uses_anonymous_args = 0
 1109              		.loc 1 373 3 view .LVU377
 1110              	.LBB217:
 1111              	.LBI217:
 1112              		.loc 3 371 20 view .LVU378
 1113              		.loc 3 373 3 view .LVU379
 1114              	.LBB218:
 1115              	.LBI218:
 1116              		.loc 4 739 20 view .LVU380
 1117              	.LBB219:
 1118              		.loc 4 741 3 view .LVU381
 1119              	.LBE219:
 1120              	.LBE218:
 1121              	.LBE217:
 1122              		.loc 1 371 64 is_stmt 0 view .LVU382
 1123 0000 10402DE9 		push	{r4, lr}
 1124              		.cfi_def_cfa_offset 8
 1125              		.cfi_offset 4, -8
 1126              		.cfi_offset 14, -4
 1127              	.LBB222:
 1128              	.LBB221:
 1129              	.LBB220:
 1130              		.loc 4 741 3 view .LVU383
 1131              		.syntax divided
 1132              	@ 741 "../../../os/common/ports/ARMv7-R/chcore.h" 1
 1133 0004 80000CF1 		cpsid   i
 1134              	@ 0 "" 2
 1135              		.arm
 1136              		.syntax unified
 1137              	.LBE220:
 1138              	.LBE221:
 1139              		.loc 3 374 35 is_stmt 1 view .LVU384
 1140              		.loc 3 375 21 view .LVU385
ARM GAS  /tmp/cc2vUB2H.s 			page 21


 1141              	.LBE222:
 1142              		.loc 1 374 3 view .LVU386
 1143              	.LVL62:
 1144              	.LBB223:
 1145              	.LBI223:
 1146              		.loc 2 303 20 view .LVU387
 1147              	.LBB224:
 1148              		.loc 2 305 3 view .LVU388
 1149              	.LBB225:
 1150              	.LBI225:
 1151              		.loc 1 208 6 view .LVU389
 1152              	.LBB226:
 1153              		.loc 1 209 3 view .LVU390
 1154              		.loc 1 211 21 view .LVU391
 1155              		.loc 1 212 3 view .LVU392
 1156              		.loc 1 212 3 view .LVU393
 1157              		.loc 1 212 3 discriminator 7 view .LVU394
 1158              		.loc 1 216 3 view .LVU395
 1159              		.loc 1 216 13 is_stmt 0 view .LVU396
 1160 0008 0C2090E5 		ldr	r2, [r0, #12]
 1161 000c 002081E5 		str	r2, [r1]
 1162              		.loc 1 217 3 is_stmt 1 view .LVU397
 1163              		.loc 1 217 12 is_stmt 0 view .LVU398
 1164 0010 0C1080E5 		str	r1, [r0, #12]
 1165              	.LVL63:
 1166              		.loc 1 217 12 view .LVU399
 1167              	.LBE226:
 1168              	.LBE225:
 1169              		.loc 2 306 3 is_stmt 1 view .LVU400
 1170 0014 FEFFFFEB 		bl	chSemSignalI
 1171              	.LVL64:
 1172              		.loc 2 306 3 is_stmt 0 view .LVU401
 1173              	.LBE224:
 1174              	.LBE223:
 1175              		.loc 1 375 3 is_stmt 1 view .LVU402
 1176 0018 FEFFFFEB 		bl	chSchRescheduleS
 1177              	.LVL65:
 1178              		.loc 1 376 3 view .LVU403
 1179              	.LBB227:
 1180              	.LBI227:
 1181              		.loc 3 385 20 view .LVU404
 1182              	.LBB228:
 1183              		.loc 3 387 23 view .LVU405
 1184              		.loc 3 388 34 view .LVU406
 1185              		.loc 3 394 3 view .LVU407
 1186              		.loc 3 394 3 view .LVU408
 1187              		.loc 3 394 3 discriminator 7 view .LVU409
 1188              		.loc 3 398 3 view .LVU410
 1189              	.LBB229:
 1190              	.LBI229:
 1191              		.loc 4 751 20 view .LVU411
 1192              	.LBB230:
 1193              		.loc 4 756 3 view .LVU412
 1194              		.syntax divided
 1195              	@ 756 "../../../os/common/ports/ARMv7-R/chcore.h" 1
 1196 001c C00008F1 		cpsie   if
 1197              	@ 0 "" 2
ARM GAS  /tmp/cc2vUB2H.s 			page 22


 1198              		.arm
 1199              		.syntax unified
 1200              	.LBE230:
 1201              	.LBE229:
 1202              	.LBE228:
 1203              	.LBE227:
 1204              		.loc 1 377 1 is_stmt 0 view .LVU413
 1205 0020 1080BDE8 		pop	{r4, pc}
 1206              		.cfi_endproc
 1207              	.LFE219:
 1208              		.size	chGuardedPoolFree, .-chGuardedPoolFree
 1209              		.text
 1210              	.Letext0:
 1211              		.file 5 "/home/emirhan/Documents/gemstone/chibiOS-port/tools/arm-gnu-toolchain-13.3.rel1-x86_64-ar
 1212              		.file 6 "/home/emirhan/Documents/gemstone/chibiOS-port/tools/arm-gnu-toolchain-13.3.rel1-x86_64-ar
 1213              		.file 7 "/home/emirhan/Documents/gemstone/chibiOS-port/tools/arm-gnu-toolchain-13.3.rel1-x86_64-ar
 1214              		.file 8 "../../../os/rt/include/chearly.h"
 1215              		.file 9 "../../../os/rt/include/chtime.h"
 1216              		.file 10 "../../../os/rt/include/chlists.h"
 1217              		.file 11 "../../../os/rt/include/chsem.h"
 1218              		.file 12 "../../../os/oslib/include/chmemcore.h"
 1219              		.file 13 "../../../os/rt/include/chschd.h"
 1220              		.section	.debug_info,"",%progbits
 1221              	.Ldebug_info0:
 1222 0000 B90E0000 		.4byte	0xeb9
 1223 0004 0500     		.2byte	0x5
 1224 0006 01       		.byte	0x1
 1225 0007 04       		.byte	0x4
 1226 0008 00000000 		.4byte	.Ldebug_abbrev0
 1227 000c 2E       		.uleb128 0x2e
 1228 000d 00000000 		.4byte	.LASF65
 1229 0011 1D       		.byte	0x1d
 1230 0012 7E040000 		.4byte	.LASF66
 1231 0016 3D020000 		.4byte	.LASF67
 1232 001a 99000000 		.4byte	.LLRL77
 1233 001e 00000000 		.4byte	0
 1234 0022 00000000 		.4byte	.Ldebug_line0
 1235 0026 04       		.uleb128 0x4
 1236 0027 08       		.byte	0x8
 1237 0028 07       		.byte	0x7
 1238 0029 B7020000 		.4byte	.LASF0
 1239 002d 04       		.uleb128 0x4
 1240 002e 04       		.byte	0x4
 1241 002f 07       		.byte	0x7
 1242 0030 5E040000 		.4byte	.LASF1
 1243 0034 2F       		.uleb128 0x2f
 1244 0035 04       		.byte	0x4
 1245 0036 05       		.byte	0x5
 1246 0037 696E7400 		.ascii	"int\000"
 1247 003b 02       		.uleb128 0x2
 1248 003c E9000000 		.4byte	.LASF5
 1249 0040 05       		.byte	0x5
 1250 0041 D6       		.byte	0xd6
 1251 0042 17       		.byte	0x17
 1252 0043 2D000000 		.4byte	0x2d
 1253 0047 04       		.uleb128 0x4
 1254 0048 08       		.byte	0x8
ARM GAS  /tmp/cc2vUB2H.s 			page 23


 1255 0049 05       		.byte	0x5
 1256 004a 82010000 		.4byte	.LASF2
 1257 004e 04       		.uleb128 0x4
 1258 004f 08       		.byte	0x8
 1259 0050 04       		.byte	0x4
 1260 0051 17020000 		.4byte	.LASF3
 1261 0055 04       		.uleb128 0x4
 1262 0056 01       		.byte	0x1
 1263 0057 06       		.byte	0x6
 1264 0058 AB020000 		.4byte	.LASF4
 1265 005c 02       		.uleb128 0x2
 1266 005d DE010000 		.4byte	.LASF6
 1267 0061 06       		.byte	0x6
 1268 0062 2B       		.byte	0x2b
 1269 0063 18       		.byte	0x18
 1270 0064 68000000 		.4byte	0x68
 1271 0068 04       		.uleb128 0x4
 1272 0069 01       		.byte	0x1
 1273 006a 08       		.byte	0x8
 1274 006b E8010000 		.4byte	.LASF7
 1275 006f 04       		.uleb128 0x4
 1276 0070 02       		.byte	0x2
 1277 0071 05       		.byte	0x5
 1278 0072 DF000000 		.4byte	.LASF8
 1279 0076 04       		.uleb128 0x4
 1280 0077 02       		.byte	0x2
 1281 0078 07       		.byte	0x7
 1282 0079 3D030000 		.4byte	.LASF9
 1283 007d 02       		.uleb128 0x2
 1284 007e 0A040000 		.4byte	.LASF10
 1285 0082 06       		.byte	0x6
 1286 0083 4D       		.byte	0x4d
 1287 0084 18       		.byte	0x18
 1288 0085 89000000 		.4byte	0x89
 1289 0089 04       		.uleb128 0x4
 1290 008a 04       		.byte	0x4
 1291 008b 05       		.byte	0x5
 1292 008c CA010000 		.4byte	.LASF11
 1293 0090 02       		.uleb128 0x2
 1294 0091 CA030000 		.4byte	.LASF12
 1295 0095 06       		.byte	0x6
 1296 0096 4F       		.byte	0x4f
 1297 0097 19       		.byte	0x19
 1298 0098 9C000000 		.4byte	0x9c
 1299 009c 04       		.uleb128 0x4
 1300 009d 04       		.byte	0x4
 1301 009e 07       		.byte	0x7
 1302 009f AB030000 		.4byte	.LASF13
 1303 00a3 30       		.uleb128 0x30
 1304 00a4 04       		.byte	0x4
 1305 00a5 04       		.uleb128 0x4
 1306 00a6 01       		.byte	0x1
 1307 00a7 08       		.byte	0x8
 1308 00a8 0B030000 		.4byte	.LASF14
 1309 00ac 09       		.uleb128 0x9
 1310 00ad A5000000 		.4byte	0xa5
 1311 00b1 02       		.uleb128 0x2
ARM GAS  /tmp/cc2vUB2H.s 			page 24


 1312 00b2 5C010000 		.4byte	.LASF15
 1313 00b6 07       		.byte	0x7
 1314 00b7 18       		.byte	0x18
 1315 00b8 13       		.byte	0x13
 1316 00b9 5C000000 		.4byte	0x5c
 1317 00bd 02       		.uleb128 0x2
 1318 00be 23030000 		.4byte	.LASF16
 1319 00c2 07       		.byte	0x7
 1320 00c3 2C       		.byte	0x2c
 1321 00c4 13       		.byte	0x13
 1322 00c5 7D000000 		.4byte	0x7d
 1323 00c9 02       		.uleb128 0x2
 1324 00ca CE020000 		.4byte	.LASF17
 1325 00ce 07       		.byte	0x7
 1326 00cf 30       		.byte	0x30
 1327 00d0 14       		.byte	0x14
 1328 00d1 90000000 		.4byte	0x90
 1329 00d5 02       		.uleb128 0x2
 1330 00d6 6B040000 		.4byte	.LASF18
 1331 00da 08       		.byte	0x8
 1332 00db 57       		.byte	0x57
 1333 00dc 19       		.byte	0x19
 1334 00dd BD000000 		.4byte	0xbd
 1335 00e1 02       		.uleb128 0x2
 1336 00e2 37030000 		.4byte	.LASF19
 1337 00e6 08       		.byte	0x8
 1338 00e7 5B       		.byte	0x5b
 1339 00e8 19       		.byte	0x19
 1340 00e9 BD000000 		.4byte	0xbd
 1341 00ed 02       		.uleb128 0x2
 1342 00ee 6B030000 		.4byte	.LASF20
 1343 00f2 09       		.byte	0x9
 1344 00f3 78       		.byte	0x78
 1345 00f4 12       		.byte	0x12
 1346 00f5 C9000000 		.4byte	0xc9
 1347 00f9 02       		.uleb128 0x2
 1348 00fa 77010000 		.4byte	.LASF21
 1349 00fe 0A       		.byte	0xa
 1350 00ff 3E       		.byte	0x3e
 1351 0100 19       		.byte	0x19
 1352 0101 05010000 		.4byte	0x105
 1353 0105 1E       		.uleb128 0x1e
 1354 0106 1F040000 		.4byte	.LASF24
 1355 010a 08       		.byte	0x8
 1356 010b 0A       		.byte	0xa
 1357 010c 44       		.byte	0x44
 1358 010d 08       		.byte	0x8
 1359 010e 2D010000 		.4byte	0x12d
 1360 0112 05       		.uleb128 0x5
 1361 0113 79040000 		.4byte	.LASF22
 1362 0117 0A       		.byte	0xa
 1363 0118 45       		.byte	0x45
 1364 0119 1A       		.byte	0x1a
 1365 011a 2D010000 		.4byte	0x12d
 1366 011e 00       		.byte	0
 1367 011f 05       		.uleb128 0x5
 1368 0120 59040000 		.4byte	.LASF23
ARM GAS  /tmp/cc2vUB2H.s 			page 25


 1369 0124 0A       		.byte	0xa
 1370 0125 46       		.byte	0x46
 1371 0126 1A       		.byte	0x1a
 1372 0127 2D010000 		.4byte	0x12d
 1373 012b 04       		.byte	0x4
 1374 012c 00       		.byte	0
 1375 012d 10       		.uleb128 0x10
 1376 012e F9000000 		.4byte	0xf9
 1377 0132 1E       		.uleb128 0x1e
 1378 0133 FD030000 		.4byte	.LASF25
 1379 0137 0C       		.byte	0xc
 1380 0138 0B       		.byte	0xb
 1381 0139 33       		.byte	0x33
 1382 013a 10       		.byte	0x10
 1383 013b 59010000 		.4byte	0x159
 1384 013f 05       		.uleb128 0x5
 1385 0140 11020000 		.4byte	.LASF26
 1386 0144 0B       		.byte	0xb
 1387 0145 34       		.byte	0x34
 1388 0146 19       		.byte	0x19
 1389 0147 F9000000 		.4byte	0xf9
 1390 014b 00       		.byte	0
 1391 014c 24       		.uleb128 0x24
 1392 014d 636E7400 		.ascii	"cnt\000"
 1393 0151 0B       		.byte	0xb
 1394 0152 36       		.byte	0x36
 1395 0153 E1000000 		.4byte	0xe1
 1396 0157 08       		.byte	0x8
 1397 0158 00       		.byte	0
 1398 0159 02       		.uleb128 0x2
 1399 015a 93020000 		.4byte	.LASF27
 1400 015e 0B       		.byte	0xb
 1401 015f 37       		.byte	0x37
 1402 0160 03       		.byte	0x3
 1403 0161 32010000 		.4byte	0x132
 1404 0165 04       		.uleb128 0x4
 1405 0166 01       		.byte	0x1
 1406 0167 02       		.byte	0x2
 1407 0168 50030000 		.4byte	.LASF28
 1408 016c 02       		.uleb128 0x2
 1409 016d E1020000 		.4byte	.LASF29
 1410 0171 0C       		.byte	0xc
 1411 0172 46       		.byte	0x46
 1412 0173 11       		.byte	0x11
 1413 0174 78010000 		.4byte	0x178
 1414 0178 10       		.uleb128 0x10
 1415 0179 7D010000 		.4byte	0x17d
 1416 017d 31       		.uleb128 0x31
 1417 017e A3000000 		.4byte	0xa3
 1418 0182 91010000 		.4byte	0x191
 1419 0186 0A       		.uleb128 0xa
 1420 0187 3B000000 		.4byte	0x3b
 1421 018b 0A       		.uleb128 0xa
 1422 018c 2D000000 		.4byte	0x2d
 1423 0190 00       		.byte	0
 1424 0191 1E       		.uleb128 0x1e
 1425 0192 9F030000 		.4byte	.LASF30
ARM GAS  /tmp/cc2vUB2H.s 			page 26


 1426 0196 04       		.byte	0x4
 1427 0197 02       		.byte	0x2
 1428 0198 37       		.byte	0x37
 1429 0199 08       		.byte	0x8
 1430 019a AC010000 		.4byte	0x1ac
 1431 019e 05       		.uleb128 0x5
 1432 019f 79040000 		.4byte	.LASF22
 1433 01a3 02       		.byte	0x2
 1434 01a4 38       		.byte	0x38
 1435 01a5 1A       		.byte	0x1a
 1436 01a6 AC010000 		.4byte	0x1ac
 1437 01aa 00       		.byte	0
 1438 01ab 00       		.byte	0
 1439 01ac 10       		.uleb128 0x10
 1440 01ad 91010000 		.4byte	0x191
 1441 01b1 25       		.uleb128 0x25
 1442 01b2 10       		.byte	0x10
 1443 01b3 3F       		.byte	0x3f
 1444 01b4 ED010000 		.4byte	0x1ed
 1445 01b8 05       		.uleb128 0x5
 1446 01b9 79040000 		.4byte	.LASF22
 1447 01bd 02       		.byte	0x2
 1448 01be 40       		.byte	0x40
 1449 01bf 1A       		.byte	0x1a
 1450 01c0 AC010000 		.4byte	0x1ac
 1451 01c4 00       		.byte	0
 1452 01c5 05       		.uleb128 0x5
 1453 01c6 2B030000 		.4byte	.LASF31
 1454 01ca 02       		.byte	0x2
 1455 01cb 41       		.byte	0x41
 1456 01cc 19       		.byte	0x19
 1457 01cd 3B000000 		.4byte	0x3b
 1458 01d1 04       		.byte	0x4
 1459 01d2 05       		.uleb128 0x5
 1460 01d3 14040000 		.4byte	.LASF32
 1461 01d7 02       		.byte	0x2
 1462 01d8 43       		.byte	0x43
 1463 01d9 19       		.byte	0x19
 1464 01da 2D000000 		.4byte	0x2d
 1465 01de 08       		.byte	0x8
 1466 01df 05       		.uleb128 0x5
 1467 01e0 62030000 		.4byte	.LASF33
 1468 01e4 02       		.byte	0x2
 1469 01e5 44       		.byte	0x44
 1470 01e6 19       		.byte	0x19
 1471 01e7 6C010000 		.4byte	0x16c
 1472 01eb 0C       		.byte	0xc
 1473 01ec 00       		.byte	0
 1474 01ed 02       		.uleb128 0x2
 1475 01ee 79030000 		.4byte	.LASF34
 1476 01f2 02       		.byte	0x2
 1477 01f3 46       		.byte	0x46
 1478 01f4 03       		.byte	0x3
 1479 01f5 B1010000 		.4byte	0x1b1
 1480 01f9 25       		.uleb128 0x25
 1481 01fa 1C       		.byte	0x1c
 1482 01fb 4C       		.byte	0x4c
ARM GAS  /tmp/cc2vUB2H.s 			page 27


 1483 01fc 1A020000 		.4byte	0x21a
 1484 0200 24       		.uleb128 0x24
 1485 0201 73656D00 		.ascii	"sem\000"
 1486 0205 02       		.byte	0x2
 1487 0206 4D       		.byte	0x4d
 1488 0207 59010000 		.4byte	0x159
 1489 020b 00       		.byte	0
 1490 020c 05       		.uleb128 0x5
 1491 020d 54040000 		.4byte	.LASF35
 1492 0211 02       		.byte	0x2
 1493 0212 4F       		.byte	0x4f
 1494 0213 19       		.byte	0x19
 1495 0214 ED010000 		.4byte	0x1ed
 1496 0218 0C       		.byte	0xc
 1497 0219 00       		.byte	0
 1498 021a 02       		.uleb128 0x2
 1499 021b A2010000 		.4byte	.LASF36
 1500 021f 02       		.byte	0x2
 1501 0220 50       		.byte	0x50
 1502 0221 03       		.byte	0x3
 1503 0222 F9010000 		.4byte	0x1f9
 1504 0226 1F       		.uleb128 0x1f
 1505 0227 28040000 		.4byte	.LASF37
 1506 022b 63       		.byte	0x63
 1507 022c 36020000 		.4byte	0x236
 1508 0230 0A       		.uleb128 0xa
 1509 0231 36020000 		.4byte	0x236
 1510 0235 00       		.byte	0
 1511 0236 10       		.uleb128 0x10
 1512 0237 59010000 		.4byte	0x159
 1513 023b 32       		.uleb128 0x32
 1514 023c 10010000 		.4byte	.LASF68
 1515 0240 0D       		.byte	0xd
 1516 0241 93       		.byte	0x93
 1517 0242 08       		.byte	0x8
 1518 0243 33       		.uleb128 0x33
 1519 0244 B8010000 		.4byte	.LASF43
 1520 0248 0B       		.byte	0xb
 1521 0249 61       		.byte	0x61
 1522 024a 09       		.byte	0x9
 1523 024b D5000000 		.4byte	0xd5
 1524 024f 5E020000 		.4byte	0x25e
 1525 0253 0A       		.uleb128 0xa
 1526 0254 36020000 		.4byte	0x236
 1527 0258 0A       		.uleb128 0xa
 1528 0259 ED000000 		.4byte	0xed
 1529 025d 00       		.byte	0
 1530 025e 1F       		.uleb128 0x1f
 1531 025f 64010000 		.4byte	.LASF38
 1532 0263 5B       		.byte	0x5b
 1533 0264 6E020000 		.4byte	0x26e
 1534 0268 0A       		.uleb128 0xa
 1535 0269 36020000 		.4byte	0x236
 1536 026d 00       		.byte	0
 1537 026e 1F       		.uleb128 0x1f
 1538 026f F0000000 		.4byte	.LASF39
 1539 0273 5A       		.byte	0x5a
ARM GAS  /tmp/cc2vUB2H.s 			page 28


 1540 0274 83020000 		.4byte	0x283
 1541 0278 0A       		.uleb128 0xa
 1542 0279 36020000 		.4byte	0x236
 1543 027d 0A       		.uleb128 0xa
 1544 027e E1000000 		.4byte	0xe1
 1545 0282 00       		.byte	0
 1546 0283 34       		.uleb128 0x34
 1547 0284 90010000 		.4byte	.LASF40
 1548 0288 01       		.byte	0x1
 1549 0289 7301     		.2byte	0x173
 1550 028b 06       		.byte	0x6
 1551 028c 01       		.byte	0x1
 1552 028d AC020000 		.4byte	0x2ac
 1553 0291 16       		.uleb128 0x16
 1554 0292 676D7000 		.ascii	"gmp\000"
 1555 0296 01       		.byte	0x1
 1556 0297 7301     		.2byte	0x173
 1557 0299 2F       		.byte	0x2f
 1558 029a AC020000 		.4byte	0x2ac
 1559 029e 17       		.uleb128 0x17
 1560 029f 1A040000 		.4byte	.LASF41
 1561 02a3 01       		.byte	0x1
 1562 02a4 7301     		.2byte	0x173
 1563 02a6 3A       		.byte	0x3a
 1564 02a7 A3000000 		.4byte	0xa3
 1565 02ab 00       		.byte	0
 1566 02ac 10       		.uleb128 0x10
 1567 02ad 1A020000 		.4byte	0x21a
 1568 02b1 35       		.uleb128 0x35
 1569 02b2 23020000 		.4byte	.LASF52
 1570 02b6 01       		.byte	0x1
 1571 02b7 5C01     		.2byte	0x15c
 1572 02b9 07       		.byte	0x7
 1573 02ba A3000000 		.4byte	0xa3
 1574 02be 00000000 		.4byte	.LFB218
 1575 02c2 54000000 		.4byte	.LFE218-.LFB218
 1576 02c6 01       		.uleb128 0x1
 1577 02c7 9C       		.byte	0x9c
 1578 02c8 28040000 		.4byte	0x428
 1579 02cc 14       		.uleb128 0x14
 1580 02cd 676D7000 		.ascii	"gmp\000"
 1581 02d1 5C01     		.2byte	0x15c
 1582 02d3 38       		.byte	0x38
 1583 02d4 AC020000 		.4byte	0x2ac
 1584 02d8 10000000 		.4byte	.LLST56
 1585 02dc 0C000000 		.4byte	.LVUS56
 1586 02e0 36       		.uleb128 0x36
 1587 02e1 71040000 		.4byte	.LASF42
 1588 02e5 01       		.byte	0x1
 1589 02e6 5D01     		.2byte	0x15d
 1590 02e8 2F       		.byte	0x2f
 1591 02e9 ED000000 		.4byte	0xed
 1592 02ed 24000000 		.4byte	.LLST57
 1593 02f1 20000000 		.4byte	.LVUS57
 1594 02f5 37       		.uleb128 0x37
 1595 02f6 7000     		.ascii	"p\000"
 1596 02f8 01       		.byte	0x1
ARM GAS  /tmp/cc2vUB2H.s 			page 29


 1597 02f9 5E01     		.2byte	0x15e
 1598 02fb 09       		.byte	0x9
 1599 02fc A3000000 		.4byte	0xa3
 1600 0300 41000000 		.4byte	.LLST58
 1601 0304 3D000000 		.4byte	.LVUS58
 1602 0308 0D       		.uleb128 0xd
 1603 0309 4D0B0000 		.4byte	0xb4d
 1604 030d 08000000 		.4byte	.LBI196
 1605 0311 02       		.byte	.LVU313
 1606 0312 08000000 		.4byte	.LBB196
 1607 0316 04000000 		.4byte	.LBE196-.LBB196
 1608 031a 01       		.byte	0x1
 1609 031b 6001     		.2byte	0x160
 1610 031d 36030000 		.4byte	0x336
 1611 0321 0B       		.uleb128 0xb
 1612 0322 5D0B0000 		.4byte	0xb5d
 1613 0326 08000000 		.4byte	.LBI197
 1614 032a 04       		.byte	.LVU315
 1615 032b 08000000 		.4byte	.LBB197
 1616 032f 04000000 		.4byte	.LBE197-.LBB197
 1617 0333 7501     		.2byte	0x175
 1618 0335 00       		.byte	0
 1619 0336 15       		.uleb128 0x15
 1620 0337 28040000 		.4byte	0x428
 1621 033b 0C000000 		.4byte	.LBI199
 1622 033f 03       		.byte	.LVU320
 1623 0340 69000000 		.4byte	.LLRL59
 1624 0344 01       		.byte	0x1
 1625 0345 6101     		.2byte	0x161
 1626 0347 07       		.byte	0x7
 1627 0348 FE030000 		.4byte	0x3fe
 1628 034c 01       		.uleb128 0x1
 1629 034d 47040000 		.4byte	0x447
 1630 0351 57000000 		.4byte	.LLST60
 1631 0355 51000000 		.4byte	.LVUS60
 1632 0359 01       		.uleb128 0x1
 1633 035a 3A040000 		.4byte	0x43a
 1634 035e 84000000 		.4byte	.LLST61
 1635 0362 7E000000 		.4byte	.LVUS61
 1636 0366 06       		.uleb128 0x6
 1637 0367 69000000 		.4byte	.LLRL59
 1638 036b 03       		.uleb128 0x3
 1639 036c 54040000 		.4byte	0x454
 1640 0370 9B000000 		.4byte	.LLST62
 1641 0374 99000000 		.4byte	.LVUS62
 1642 0378 15       		.uleb128 0x15
 1643 0379 9A080000 		.4byte	0x89a
 1644 037d 1C000000 		.4byte	.LBI201
 1645 0381 01       		.byte	.LVU329
 1646 0382 75000000 		.4byte	.LLRL63
 1647 0386 01       		.byte	0x1
 1648 0387 4B01     		.2byte	0x14b
 1649 0389 0A       		.byte	0xa
 1650 038a DF030000 		.4byte	0x3df
 1651 038e 01       		.uleb128 0x1
 1652 038f AB080000 		.4byte	0x8ab
 1653 0393 A8000000 		.4byte	.LLST64
ARM GAS  /tmp/cc2vUB2H.s 			page 30


 1654 0397 A4000000 		.4byte	.LVUS64
 1655 039b 06       		.uleb128 0x6
 1656 039c 75000000 		.4byte	.LLRL63
 1657 03a0 03       		.uleb128 0x3
 1658 03a1 B6080000 		.4byte	0x8b6
 1659 03a5 C2000000 		.4byte	.LLST65
 1660 03a9 BC000000 		.4byte	.LVUS65
 1661 03ad 11       		.uleb128 0x11
 1662 03ae 9A080000 		.4byte	0x89a
 1663 03b2 38000000 		.4byte	.LBI203
 1664 03b6 00       		.byte	.LVU354
 1665 03b7 38000000 		.4byte	.LBB203
 1666 03bb 14000000 		.4byte	.LBE203-.LBB203
 1667 03bf 01       		.byte	0x1
 1668 03c0 9A       		.byte	0x9a
 1669 03c1 07       		.byte	0x7
 1670 03c2 01       		.uleb128 0x1
 1671 03c3 AB080000 		.4byte	0x8ab
 1672 03c7 DA000000 		.4byte	.LLST66
 1673 03cb D8000000 		.4byte	.LVUS66
 1674 03cf 03       		.uleb128 0x3
 1675 03d0 B6080000 		.4byte	0x8b6
 1676 03d4 E7000000 		.4byte	.LLST67
 1677 03d8 E5000000 		.4byte	.LVUS67
 1678 03dc 00       		.byte	0
 1679 03dd 00       		.byte	0
 1680 03de 00       		.byte	0
 1681 03df 18       		.uleb128 0x18
 1682 03e0 10000000 		.4byte	.LVL53
 1683 03e4 43020000 		.4byte	0x243
 1684 03e8 07       		.uleb128 0x7
 1685 03e9 01       		.uleb128 0x1
 1686 03ea 50       		.byte	0x50
 1687 03eb 02       		.uleb128 0x2
 1688 03ec 74       		.byte	0x74
 1689 03ed 00       		.sleb128 0
 1690 03ee 07       		.uleb128 0x7
 1691 03ef 01       		.uleb128 0x1
 1692 03f0 51       		.byte	0x51
 1693 03f1 09       		.uleb128 0x9
 1694 03f2 A3       		.byte	0xa3
 1695 03f3 03       		.uleb128 0x3
 1696 03f4 A5       		.byte	0xa5
 1697 03f5 01       		.uleb128 0x1
 1698 03f6 26       		.uleb128 0x26
 1699 03f7 A8       		.byte	0xa8
 1700 03f8 2D       		.uleb128 0x2d
 1701 03f9 A8       		.byte	0xa8
 1702 03fa 00       		.uleb128 0
 1703 03fb 00       		.byte	0
 1704 03fc 00       		.byte	0
 1705 03fd 00       		.byte	0
 1706 03fe 38       		.uleb128 0x38
 1707 03ff 370B0000 		.4byte	0xb37
 1708 0403 30000000 		.4byte	.LBI208
 1709 0407 02       		.byte	.LVU343
 1710 0408 81000000 		.4byte	.LLRL68
ARM GAS  /tmp/cc2vUB2H.s 			page 31


 1711 040c 01       		.byte	0x1
 1712 040d 6201     		.2byte	0x162
 1713 040f 03       		.byte	0x3
 1714 0410 06       		.uleb128 0x6
 1715 0411 81000000 		.4byte	.LLRL68
 1716 0415 19       		.uleb128 0x19
 1717 0416 550B0000 		.4byte	0xb55
 1718 041a 30000000 		.4byte	.LBI210
 1719 041e 09       		.byte	.LVU350
 1720 041f 81000000 		.4byte	.LLRL68
 1721 0423 8E01     		.2byte	0x18e
 1722 0425 00       		.byte	0
 1723 0426 00       		.byte	0
 1724 0427 00       		.byte	0
 1725 0428 39       		.uleb128 0x39
 1726 0429 41010000 		.4byte	.LASF44
 1727 042d 01       		.byte	0x1
 1728 042e 4201     		.2byte	0x142
 1729 0430 07       		.byte	0x7
 1730 0431 A3000000 		.4byte	0xa3
 1731 0435 01       		.byte	0x1
 1732 0436 62040000 		.4byte	0x462
 1733 043a 16       		.uleb128 0x16
 1734 043b 676D7000 		.ascii	"gmp\000"
 1735 043f 01       		.byte	0x1
 1736 0440 4201     		.2byte	0x142
 1737 0442 39       		.byte	0x39
 1738 0443 AC020000 		.4byte	0x2ac
 1739 0447 17       		.uleb128 0x17
 1740 0448 71040000 		.4byte	.LASF42
 1741 044c 01       		.byte	0x1
 1742 044d 4301     		.2byte	0x143
 1743 044f 30       		.byte	0x30
 1744 0450 ED000000 		.4byte	0xed
 1745 0454 3A       		.uleb128 0x3a
 1746 0455 6D736700 		.ascii	"msg\000"
 1747 0459 01       		.byte	0x1
 1748 045a 4401     		.2byte	0x144
 1749 045c 09       		.byte	0x9
 1750 045d D5000000 		.4byte	0xd5
 1751 0461 00       		.byte	0
 1752 0462 26       		.uleb128 0x26
 1753 0463 E6030000 		.4byte	.LASF45
 1754 0467 2701     		.2byte	0x127
 1755 0469 00000000 		.4byte	.LFB216
 1756 046d 48000000 		.4byte	.LFE216-.LFB216
 1757 0471 01       		.uleb128 0x1
 1758 0472 9C       		.byte	0x9c
 1759 0473 08060000 		.4byte	0x608
 1760 0477 14       		.uleb128 0x14
 1761 0478 676D7000 		.ascii	"gmp\000"
 1762 047c 2701     		.2byte	0x127
 1763 047e 34       		.byte	0x34
 1764 047f AC020000 		.4byte	0x2ac
 1765 0483 F4000000 		.4byte	.LLST35
 1766 0487 F0000000 		.4byte	.LVUS35
 1767 048b 14       		.uleb128 0x14
ARM GAS  /tmp/cc2vUB2H.s 			page 32


 1768 048c 7000     		.ascii	"p\000"
 1769 048e 2701     		.2byte	0x127
 1770 0490 3F       		.byte	0x3f
 1771 0491 A3000000 		.4byte	0xa3
 1772 0495 08010000 		.4byte	.LLST36
 1773 0499 04010000 		.4byte	.LVUS36
 1774 049d 14       		.uleb128 0x14
 1775 049e 6E00     		.ascii	"n\000"
 1776 04a0 2701     		.2byte	0x127
 1777 04a2 49       		.byte	0x49
 1778 04a3 3B000000 		.4byte	0x3b
 1779 04a7 1E010000 		.4byte	.LLST37
 1780 04ab 18010000 		.4byte	.LVUS37
 1781 04af 0C       		.uleb128 0xc
 1782 04b0 EE020000 		.4byte	.LASF47
 1783 04b4 18060000 		.4byte	0x618
 1784 04b8 27       		.uleb128 0x27
 1785 04b9 C40A0000 		.4byte	0xac4
 1786 04bd 14000000 		.4byte	.LBI155
 1787 04c1 01       		.byte	.LVU229
 1788 04c2 14000000 		.4byte	.LBB155
 1789 04c6 20000000 		.4byte	.LBE155-.LBB155
 1790 04ca 01       		.byte	0x1
 1791 04cb 2C01     		.2byte	0x12c
 1792 04cd 05       		.byte	0x5
 1793 04ce 01       		.uleb128 0x1
 1794 04cf DD0A0000 		.4byte	0xadd
 1795 04d3 37010000 		.4byte	.LLST38
 1796 04d7 35010000 		.4byte	.LVUS38
 1797 04db 01       		.uleb128 0x1
 1798 04dc D00A0000 		.4byte	0xad0
 1799 04e0 42010000 		.4byte	.LLST39
 1800 04e4 40010000 		.4byte	.LVUS39
 1801 04e8 27       		.uleb128 0x27
 1802 04e9 83020000 		.4byte	0x283
 1803 04ed 14000000 		.4byte	.LBI156
 1804 04f1 03       		.byte	.LVU231
 1805 04f2 14000000 		.4byte	.LBB156
 1806 04f6 20000000 		.4byte	.LBE156-.LBB156
 1807 04fa 02       		.byte	0x2
 1808 04fb 5701     		.2byte	0x157
 1809 04fd 03       		.byte	0x3
 1810 04fe 01       		.uleb128 0x1
 1811 04ff 9E020000 		.4byte	0x29e
 1812 0503 4D010000 		.4byte	.LLST40
 1813 0507 4B010000 		.4byte	.LVUS40
 1814 050b 01       		.uleb128 0x1
 1815 050c 91020000 		.4byte	0x291
 1816 0510 58010000 		.4byte	.LLST41
 1817 0514 56010000 		.4byte	.LVUS41
 1818 0518 0D       		.uleb128 0xd
 1819 0519 4D0B0000 		.4byte	0xb4d
 1820 051d 14000000 		.4byte	.LBI158
 1821 0521 05       		.byte	.LVU233
 1822 0522 14000000 		.4byte	.LBB158
 1823 0526 04000000 		.4byte	.LBE158-.LBB158
 1824 052a 01       		.byte	0x1
ARM GAS  /tmp/cc2vUB2H.s 			page 33


 1825 052b 7501     		.2byte	0x175
 1826 052d 46050000 		.4byte	0x546
 1827 0531 0B       		.uleb128 0xb
 1828 0532 5D0B0000 		.4byte	0xb5d
 1829 0536 14000000 		.4byte	.LBI159
 1830 053a 07       		.byte	.LVU235
 1831 053b 14000000 		.4byte	.LBB159
 1832 053f 04000000 		.4byte	.LBE159-.LBB159
 1833 0543 7501     		.2byte	0x175
 1834 0545 00       		.byte	0
 1835 0546 0D       		.uleb128 0xd
 1836 0547 EB0A0000 		.4byte	0xaeb
 1837 054b 18000000 		.4byte	.LBI161
 1838 054f 03       		.byte	.LVU240
 1839 0550 18000000 		.4byte	.LBB161
 1840 0554 14000000 		.4byte	.LBE161-.LBB161
 1841 0558 01       		.byte	0x1
 1842 0559 7601     		.2byte	0x176
 1843 055b CE050000 		.4byte	0x5ce
 1844 055f 01       		.uleb128 0x1
 1845 0560 040B0000 		.4byte	0xb04
 1846 0564 63010000 		.4byte	.LLST42
 1847 0568 61010000 		.4byte	.LVUS42
 1848 056c 01       		.uleb128 0x1
 1849 056d F70A0000 		.4byte	0xaf7
 1850 0571 6E010000 		.4byte	.LLST43
 1851 0575 6C010000 		.4byte	.LVUS43
 1852 0579 15       		.uleb128 0x15
 1853 057a 5B070000 		.4byte	0x75b
 1854 057e 18000000 		.4byte	.LBI163
 1855 0582 05       		.byte	.LVU242
 1856 0583 45000000 		.4byte	.LLRL44
 1857 0587 02       		.byte	0x2
 1858 0588 3101     		.2byte	0x131
 1859 058a 03       		.byte	0x3
 1860 058b BD050000 		.4byte	0x5bd
 1861 058f 01       		.uleb128 0x1
 1862 0590 70070000 		.4byte	0x770
 1863 0594 79010000 		.4byte	.LLST45
 1864 0598 77010000 		.4byte	.LVUS45
 1865 059c 01       		.uleb128 0x1
 1866 059d 65070000 		.4byte	0x765
 1867 05a1 84010000 		.4byte	.LLST46
 1868 05a5 82010000 		.4byte	.LVUS46
 1869 05a9 06       		.uleb128 0x6
 1870 05aa 45000000 		.4byte	.LLRL44
 1871 05ae 03       		.uleb128 0x3
 1872 05af 7C070000 		.4byte	0x77c
 1873 05b3 91010000 		.4byte	.LLST47
 1874 05b7 8F010000 		.4byte	.LVUS47
 1875 05bb 00       		.byte	0
 1876 05bc 00       		.byte	0
 1877 05bd 18       		.uleb128 0x18
 1878 05be 2C000000 		.4byte	.LVL37
 1879 05c2 26020000 		.4byte	0x226
 1880 05c6 07       		.uleb128 0x7
 1881 05c7 01       		.uleb128 0x1
ARM GAS  /tmp/cc2vUB2H.s 			page 34


 1882 05c8 50       		.byte	0x50
 1883 05c9 02       		.uleb128 0x2
 1884 05ca 75       		.byte	0x75
 1885 05cb 00       		.sleb128 0
 1886 05cc 00       		.byte	0
 1887 05cd 00       		.byte	0
 1888 05ce 0D       		.uleb128 0xd
 1889 05cf 370B0000 		.4byte	0xb37
 1890 05d3 30000000 		.4byte	.LBI167
 1891 05d7 01       		.byte	.LVU259
 1892 05d8 30000000 		.4byte	.LBB167
 1893 05dc 04000000 		.4byte	.LBE167-.LBB167
 1894 05e0 01       		.byte	0x1
 1895 05e1 7801     		.2byte	0x178
 1896 05e3 FC050000 		.4byte	0x5fc
 1897 05e7 0B       		.uleb128 0xb
 1898 05e8 550B0000 		.4byte	0xb55
 1899 05ec 30000000 		.4byte	.LBI169
 1900 05f0 08       		.byte	.LVU266
 1901 05f1 30000000 		.4byte	.LBB169
 1902 05f5 04000000 		.4byte	.LBE169-.LBB169
 1903 05f9 8E01     		.2byte	0x18e
 1904 05fb 00       		.byte	0
 1905 05fc 28       		.uleb128 0x28
 1906 05fd 30000000 		.4byte	.LVL38
 1907 0601 3B020000 		.4byte	0x23b
 1908 0605 00       		.byte	0
 1909 0606 00       		.byte	0
 1910 0607 00       		.byte	0
 1911 0608 0E       		.uleb128 0xe
 1912 0609 AC000000 		.4byte	0xac
 1913 060d 18060000 		.4byte	0x618
 1914 0611 0F       		.uleb128 0xf
 1915 0612 2D000000 		.4byte	0x2d
 1916 0616 16       		.byte	0x16
 1917 0617 00       		.byte	0
 1918 0618 09       		.uleb128 0x9
 1919 0619 08060000 		.4byte	0x608
 1920 061d 26       		.uleb128 0x26
 1921 061e F6010000 		.4byte	.LASF46
 1922 0622 1201     		.2byte	0x112
 1923 0624 00000000 		.4byte	.LFB215
 1924 0628 04000000 		.4byte	.LFE215-.LFB215
 1925 062c 01       		.uleb128 0x1
 1926 062d 9C       		.byte	0x9c
 1927 062e 67060000 		.4byte	0x667
 1928 0632 14       		.uleb128 0x14
 1929 0633 676D7000 		.ascii	"gmp\000"
 1930 0637 1201     		.2byte	0x112
 1931 0639 38       		.byte	0x38
 1932 063a AC020000 		.4byte	0x2ac
 1933 063e 9E010000 		.4byte	.LLST34
 1934 0642 9A010000 		.4byte	.LVUS34
 1935 0646 0C       		.uleb128 0xc
 1936 0647 EE020000 		.4byte	.LASF47
 1937 064b 77060000 		.4byte	0x677
 1938 064f 29       		.uleb128 0x29
ARM GAS  /tmp/cc2vUB2H.s 			page 35


 1939 0650 04000000 		.4byte	.LVL32
 1940 0654 5E020000 		.4byte	0x25e
 1941 0658 07       		.uleb128 0x7
 1942 0659 01       		.uleb128 0x1
 1943 065a 50       		.byte	0x50
 1944 065b 09       		.uleb128 0x9
 1945 065c A3       		.byte	0xa3
 1946 065d 03       		.uleb128 0x3
 1947 065e A5       		.byte	0xa5
 1948 065f 00       		.uleb128 0
 1949 0660 26       		.uleb128 0x26
 1950 0661 A8       		.byte	0xa8
 1951 0662 2D       		.uleb128 0x2d
 1952 0663 A8       		.byte	0xa8
 1953 0664 00       		.uleb128 0
 1954 0665 00       		.byte	0
 1955 0666 00       		.byte	0
 1956 0667 0E       		.uleb128 0xe
 1957 0668 AC000000 		.4byte	0xac
 1958 066c 77060000 		.4byte	0x677
 1959 0670 0F       		.uleb128 0xf
 1960 0671 2D000000 		.4byte	0x2d
 1961 0675 1A       		.byte	0x1a
 1962 0676 00       		.byte	0
 1963 0677 09       		.uleb128 0x9
 1964 0678 67060000 		.4byte	0x667
 1965 067c 2A       		.uleb128 0x2a
 1966 067d 35040000 		.4byte	.LASF48
 1967 0681 FB       		.byte	0xfb
 1968 0682 00000000 		.4byte	.LFB214
 1969 0686 28000000 		.4byte	.LFE214-.LFB214
 1970 068a 01       		.uleb128 0x1
 1971 068b 9C       		.byte	0x9c
 1972 068c 34070000 		.4byte	0x734
 1973 0690 1A       		.uleb128 0x1a
 1974 0691 676D7000 		.ascii	"gmp\000"
 1975 0695 FB       		.byte	0xfb
 1976 0696 3C       		.byte	0x3c
 1977 0697 AC020000 		.4byte	0x2ac
 1978 069b BB010000 		.4byte	.LLST26
 1979 069f B7010000 		.4byte	.LVUS26
 1980 06a3 2B       		.uleb128 0x2b
 1981 06a4 D5030000 		.4byte	.LASF49
 1982 06a8 FC       		.byte	0xfc
 1983 06a9 2C       		.byte	0x2c
 1984 06aa 3B000000 		.4byte	0x3b
 1985 06ae DC010000 		.4byte	.LLST27
 1986 06b2 D4010000 		.4byte	.LVUS27
 1987 06b6 2B       		.uleb128 0x2b
 1988 06b7 14040000 		.4byte	.LASF32
 1989 06bb FD       		.byte	0xfd
 1990 06bc 2E       		.byte	0x2e
 1991 06bd 2D000000 		.4byte	0x2d
 1992 06c1 04020000 		.4byte	.LLST28
 1993 06c5 00020000 		.4byte	.LVUS28
 1994 06c9 20       		.uleb128 0x20
 1995 06ca 6C0A0000 		.4byte	0xa6c
ARM GAS  /tmp/cc2vUB2H.s 			page 36


 1996 06ce 0C000000 		.4byte	.LBI134
 1997 06d2 00       		.byte	.LVU196
 1998 06d3 36000000 		.4byte	.LLRL29
 1999 06d7 FF       		.byte	0xff
 2000 06d8 03       		.byte	0x3
 2001 06d9 17070000 		.4byte	0x717
 2002 06dd 01       		.uleb128 0x1
 2003 06de 990A0000 		.4byte	0xa99
 2004 06e2 1F020000 		.4byte	.LLST30
 2005 06e6 1D020000 		.4byte	.LVUS30
 2006 06ea 01       		.uleb128 0x1
 2007 06eb 8D0A0000 		.4byte	0xa8d
 2008 06ef 2B020000 		.4byte	.LLST31
 2009 06f3 29020000 		.4byte	.LVUS31
 2010 06f7 01       		.uleb128 0x1
 2011 06f8 810A0000 		.4byte	0xa81
 2012 06fc 3A020000 		.4byte	.LLST32
 2013 0700 34020000 		.4byte	.LVUS32
 2014 0704 01       		.uleb128 0x1
 2015 0705 760A0000 		.4byte	0xa76
 2016 0709 52020000 		.4byte	.LLST33
 2017 070d 50020000 		.4byte	.LVUS33
 2018 0711 3B       		.uleb128 0x3b
 2019 0712 36000000 		.4byte	.LLRL29
 2020 0716 00       		.byte	0
 2021 0717 29       		.uleb128 0x29
 2022 0718 28000000 		.4byte	.LVL30
 2023 071c 6E020000 		.4byte	0x26e
 2024 0720 07       		.uleb128 0x7
 2025 0721 01       		.uleb128 0x1
 2026 0722 50       		.byte	0x50
 2027 0723 09       		.uleb128 0x9
 2028 0724 A3       		.byte	0xa3
 2029 0725 03       		.uleb128 0x3
 2030 0726 A5       		.byte	0xa5
 2031 0727 00       		.uleb128 0
 2032 0728 26       		.uleb128 0x26
 2033 0729 A8       		.byte	0xa8
 2034 072a 2D       		.uleb128 0x2d
 2035 072b A8       		.byte	0xa8
 2036 072c 00       		.uleb128 0
 2037 072d 07       		.uleb128 0x7
 2038 072e 01       		.uleb128 0x1
 2039 072f 51       		.byte	0x51
 2040 0730 01       		.uleb128 0x1
 2041 0731 30       		.byte	0x30
 2042 0732 00       		.byte	0
 2043 0733 00       		.byte	0
 2044 0734 1B       		.uleb128 0x1b
 2045 0735 D3010000 		.4byte	.LASF50
 2046 0739 E8       		.byte	0xe8
 2047 073a 56070000 		.4byte	0x756
 2048 073e 12       		.uleb128 0x12
 2049 073f 6D7000   		.ascii	"mp\000"
 2050 0742 01       		.byte	0x1
 2051 0743 E8       		.byte	0xe8
 2052 0744 20       		.byte	0x20
ARM GAS  /tmp/cc2vUB2H.s 			page 37


 2053 0745 56070000 		.4byte	0x756
 2054 0749 13       		.uleb128 0x13
 2055 074a 1A040000 		.4byte	.LASF41
 2056 074e 01       		.byte	0x1
 2057 074f E8       		.byte	0xe8
 2058 0750 2A       		.byte	0x2a
 2059 0751 A3000000 		.4byte	0xa3
 2060 0755 00       		.byte	0
 2061 0756 10       		.uleb128 0x10
 2062 0757 ED010000 		.4byte	0x1ed
 2063 075b 1B       		.uleb128 0x1b
 2064 075c 9F020000 		.4byte	.LASF51
 2065 0760 D0       		.byte	0xd0
 2066 0761 92070000 		.4byte	0x792
 2067 0765 12       		.uleb128 0x12
 2068 0766 6D7000   		.ascii	"mp\000"
 2069 0769 01       		.byte	0x1
 2070 076a D0       		.byte	0xd0
 2071 076b 21       		.byte	0x21
 2072 076c 56070000 		.4byte	0x756
 2073 0770 13       		.uleb128 0x13
 2074 0771 1A040000 		.4byte	.LASF41
 2075 0775 01       		.byte	0x1
 2076 0776 D0       		.byte	0xd0
 2077 0777 2B       		.byte	0x2b
 2078 0778 A3000000 		.4byte	0xa3
 2079 077c 3C       		.uleb128 0x3c
 2080 077d 70687000 		.ascii	"php\000"
 2081 0781 01       		.byte	0x1
 2082 0782 D1       		.byte	0xd1
 2083 0783 17       		.byte	0x17
 2084 0784 AC010000 		.4byte	0x1ac
 2085 0788 0C       		.uleb128 0xc
 2086 0789 EE020000 		.4byte	.LASF47
 2087 078d A2070000 		.4byte	0x7a2
 2088 0791 00       		.byte	0
 2089 0792 0E       		.uleb128 0xe
 2090 0793 AC000000 		.4byte	0xac
 2091 0797 A2070000 		.4byte	0x7a2
 2092 079b 0F       		.uleb128 0xf
 2093 079c 2D000000 		.4byte	0x2d
 2094 07a0 0B       		.byte	0xb
 2095 07a1 00       		.byte	0
 2096 07a2 09       		.uleb128 0x9
 2097 07a3 92070000 		.4byte	0x792
 2098 07a7 3D       		.uleb128 0x3d
 2099 07a8 35010000 		.4byte	.LASF53
 2100 07ac 01       		.byte	0x1
 2101 07ad BA       		.byte	0xba
 2102 07ae 07       		.byte	0x7
 2103 07af A3000000 		.4byte	0xa3
 2104 07b3 00000000 		.4byte	.LFB211
 2105 07b7 44000000 		.4byte	.LFE211-.LFB211
 2106 07bb 01       		.uleb128 0x1
 2107 07bc 9C       		.byte	0x9c
 2108 07bd 9A080000 		.4byte	0x89a
 2109 07c1 1A       		.uleb128 0x1a
ARM GAS  /tmp/cc2vUB2H.s 			page 38


 2110 07c2 6D7000   		.ascii	"mp\000"
 2111 07c5 BA       		.byte	0xba
 2112 07c6 22       		.byte	0x22
 2113 07c7 56070000 		.4byte	0x756
 2114 07cb 63020000 		.4byte	.LLST12
 2115 07cf 5D020000 		.4byte	.LVUS12
 2116 07d3 3E       		.uleb128 0x3e
 2117 07d4 1A040000 		.4byte	.LASF41
 2118 07d8 01       		.byte	0x1
 2119 07d9 BB       		.byte	0xbb
 2120 07da 09       		.byte	0x9
 2121 07db A3000000 		.4byte	0xa3
 2122 07df 85020000 		.4byte	.LLST13
 2123 07e3 81020000 		.4byte	.LVUS13
 2124 07e7 20       		.uleb128 0x20
 2125 07e8 4D0B0000 		.4byte	0xb4d
 2126 07ec 00000000 		.4byte	.LBI101
 2127 07f0 03       		.byte	.LVU86
 2128 07f1 0C000000 		.4byte	.LLRL14
 2129 07f5 BD       		.byte	0xbd
 2130 07f6 03       		.byte	0x3
 2131 07f7 0C080000 		.4byte	0x80c
 2132 07fb 19       		.uleb128 0x19
 2133 07fc 5D0B0000 		.4byte	0xb5d
 2134 0800 00000000 		.4byte	.LBI102
 2135 0804 05       		.byte	.LVU88
 2136 0805 0C000000 		.4byte	.LLRL14
 2137 0809 7501     		.2byte	0x175
 2138 080b 00       		.byte	0
 2139 080c 20       		.uleb128 0x20
 2140 080d 9A080000 		.4byte	0x89a
 2141 0811 08000000 		.4byte	.LBI107
 2142 0815 03       		.byte	.LVU95
 2143 0816 18000000 		.4byte	.LLRL15
 2144 081a BE       		.byte	0xbe
 2145 081b 0A       		.byte	0xa
 2146 081c 72080000 		.4byte	0x872
 2147 0820 01       		.uleb128 0x1
 2148 0821 AB080000 		.4byte	0x8ab
 2149 0825 9D020000 		.4byte	.LLST16
 2150 0829 95020000 		.4byte	.LVUS16
 2151 082d 06       		.uleb128 0x6
 2152 082e 18000000 		.4byte	.LLRL15
 2153 0832 03       		.uleb128 0x3
 2154 0833 B6080000 		.4byte	0x8b6
 2155 0837 C8020000 		.4byte	.LLST17
 2156 083b C0020000 		.4byte	.LVUS17
 2157 083f 21       		.uleb128 0x21
 2158 0840 9A080000 		.4byte	0x89a
 2159 0844 24000000 		.4byte	.LBI109
 2160 0848 00       		.byte	.LVU122
 2161 0849 1E000000 		.4byte	.LLRL18
 2162 084d 9A       		.byte	0x9a
 2163 084e 07       		.byte	0x7
 2164 084f 01       		.uleb128 0x1
 2165 0850 AB080000 		.4byte	0x8ab
 2166 0854 E7020000 		.4byte	.LLST19
ARM GAS  /tmp/cc2vUB2H.s 			page 39


 2167 0858 E3020000 		.4byte	.LVUS19
 2168 085c 06       		.uleb128 0x6
 2169 085d 1E000000 		.4byte	.LLRL18
 2170 0861 03       		.uleb128 0x3
 2171 0862 B6080000 		.4byte	0x8b6
 2172 0866 02030000 		.4byte	.LLST20
 2173 086a 00030000 		.4byte	.LVUS20
 2174 086e 00       		.byte	0
 2175 086f 00       		.byte	0
 2176 0870 00       		.byte	0
 2177 0871 00       		.byte	0
 2178 0872 21       		.uleb128 0x21
 2179 0873 370B0000 		.4byte	0xb37
 2180 0877 1C000000 		.4byte	.LBI115
 2181 087b 04       		.byte	.LVU111
 2182 087c 2A000000 		.4byte	.LLRL21
 2183 0880 BF       		.byte	0xbf
 2184 0881 03       		.byte	0x3
 2185 0882 06       		.uleb128 0x6
 2186 0883 2A000000 		.4byte	.LLRL21
 2187 0887 19       		.uleb128 0x19
 2188 0888 550B0000 		.4byte	0xb55
 2189 088c 1C000000 		.4byte	.LBI117
 2190 0890 0B       		.byte	.LVU118
 2191 0891 2A000000 		.4byte	.LLRL21
 2192 0895 8E01     		.2byte	0x18e
 2193 0897 00       		.byte	0
 2194 0898 00       		.byte	0
 2195 0899 00       		.byte	0
 2196 089a 3F       		.uleb128 0x3f
 2197 089b BD030000 		.4byte	.LASF54
 2198 089f 01       		.byte	0x1
 2199 08a0 9A       		.byte	0x9a
 2200 08a1 07       		.byte	0x7
 2201 08a2 A3000000 		.4byte	0xa3
 2202 08a6 01       		.byte	0x1
 2203 08a7 CC080000 		.4byte	0x8cc
 2204 08ab 12       		.uleb128 0x12
 2205 08ac 6D7000   		.ascii	"mp\000"
 2206 08af 01       		.byte	0x1
 2207 08b0 9A       		.byte	0x9a
 2208 08b1 23       		.byte	0x23
 2209 08b2 56070000 		.4byte	0x756
 2210 08b6 40       		.uleb128 0x40
 2211 08b7 1A040000 		.4byte	.LASF41
 2212 08bb 01       		.byte	0x1
 2213 08bc 9B       		.byte	0x9b
 2214 08bd 09       		.byte	0x9
 2215 08be A3000000 		.4byte	0xa3
 2216 08c2 0C       		.uleb128 0xc
 2217 08c3 EE020000 		.4byte	.LASF47
 2218 08c7 DC080000 		.4byte	0x8dc
 2219 08cb 00       		.byte	0
 2220 08cc 0E       		.uleb128 0xe
 2221 08cd AC000000 		.4byte	0xac
 2222 08d1 DC080000 		.4byte	0x8dc
 2223 08d5 0F       		.uleb128 0xf
ARM GAS  /tmp/cc2vUB2H.s 			page 40


 2224 08d6 2D000000 		.4byte	0x2d
 2225 08da 0C       		.byte	0xc
 2226 08db 00       		.byte	0
 2227 08dc 09       		.uleb128 0x9
 2228 08dd CC080000 		.4byte	0x8cc
 2229 08e1 2A       		.uleb128 0x2a
 2230 08e2 00010000 		.4byte	.LASF55
 2231 08e6 83       		.byte	0x83
 2232 08e7 00000000 		.4byte	.LFB209
 2233 08eb 30000000 		.4byte	.LFE209-.LFB209
 2234 08ef 01       		.uleb128 0x1
 2235 08f0 9C       		.byte	0x9c
 2236 08f1 230A0000 		.4byte	0xa23
 2237 08f5 41       		.uleb128 0x41
 2238 08f6 6D7000   		.ascii	"mp\000"
 2239 08f9 01       		.byte	0x1
 2240 08fa 83       		.byte	0x83
 2241 08fb 25       		.byte	0x25
 2242 08fc 56070000 		.4byte	0x756
 2243 0900 01       		.uleb128 0x1
 2244 0901 50       		.byte	0x50
 2245 0902 1A       		.uleb128 0x1a
 2246 0903 7000     		.ascii	"p\000"
 2247 0905 83       		.byte	0x83
 2248 0906 2F       		.byte	0x2f
 2249 0907 A3000000 		.4byte	0xa3
 2250 090b 0F030000 		.4byte	.LLST0
 2251 090f 0B030000 		.4byte	.LVUS0
 2252 0913 1A       		.uleb128 0x1a
 2253 0914 6E00     		.ascii	"n\000"
 2254 0916 83       		.byte	0x83
 2255 0917 39       		.byte	0x39
 2256 0918 3B000000 		.4byte	0x3b
 2257 091c 25030000 		.4byte	.LLST1
 2258 0920 1F030000 		.4byte	.LVUS1
 2259 0924 0C       		.uleb128 0xc
 2260 0925 EE020000 		.4byte	.LASF47
 2261 0929 330A0000 		.4byte	0xa33
 2262 092d 11       		.uleb128 0x11
 2263 092e 120B0000 		.4byte	0xb12
 2264 0932 08000000 		.4byte	.LBI75
 2265 0936 01       		.byte	.LVU23
 2266 0937 08000000 		.4byte	.LBB75
 2267 093b 14000000 		.4byte	.LBE75-.LBB75
 2268 093f 01       		.byte	0x1
 2269 0940 88       		.byte	0x88
 2270 0941 05       		.byte	0x5
 2271 0942 01       		.uleb128 0x1
 2272 0943 2A0B0000 		.4byte	0xb2a
 2273 0947 3E030000 		.4byte	.LLST2
 2274 094b 3C030000 		.4byte	.LVUS2
 2275 094f 01       		.uleb128 0x1
 2276 0950 1F0B0000 		.4byte	0xb1f
 2277 0954 49030000 		.4byte	.LLST3
 2278 0958 47030000 		.4byte	.LVUS3
 2279 095c 11       		.uleb128 0x11
 2280 095d 34070000 		.4byte	0x734
ARM GAS  /tmp/cc2vUB2H.s 			page 41


 2281 0961 08000000 		.4byte	.LBI76
 2282 0965 03       		.byte	.LVU25
 2283 0966 08000000 		.4byte	.LBB76
 2284 096a 14000000 		.4byte	.LBE76-.LBB76
 2285 096e 02       		.byte	0x2
 2286 096f D5       		.byte	0xd5
 2287 0970 03       		.byte	0x3
 2288 0971 01       		.uleb128 0x1
 2289 0972 49070000 		.4byte	0x749
 2290 0976 54030000 		.4byte	.LLST4
 2291 097a 52030000 		.4byte	.LVUS4
 2292 097e 01       		.uleb128 0x1
 2293 097f 3E070000 		.4byte	0x73e
 2294 0983 5F030000 		.4byte	.LLST5
 2295 0987 5D030000 		.4byte	.LVUS5
 2296 098b 1C       		.uleb128 0x1c
 2297 098c 4D0B0000 		.4byte	0xb4d
 2298 0990 08000000 		.4byte	.LBI77
 2299 0994 05       		.byte	.LVU27
 2300 0995 08000000 		.4byte	.LBB77
 2301 0999 04000000 		.4byte	.LBE77-.LBB77
 2302 099d EA       		.byte	0xea
 2303 099e B7090000 		.4byte	0x9b7
 2304 09a2 0B       		.uleb128 0xb
 2305 09a3 5D0B0000 		.4byte	0xb5d
 2306 09a7 08000000 		.4byte	.LBI78
 2307 09ab 07       		.byte	.LVU29
 2308 09ac 08000000 		.4byte	.LBB78
 2309 09b0 04000000 		.4byte	.LBE78-.LBB78
 2310 09b4 7501     		.2byte	0x175
 2311 09b6 00       		.byte	0
 2312 09b7 1C       		.uleb128 0x1c
 2313 09b8 5B070000 		.4byte	0x75b
 2314 09bc 0C000000 		.4byte	.LBI80
 2315 09c0 03       		.byte	.LVU34
 2316 09c1 0C000000 		.4byte	.LBB80
 2317 09c5 0C000000 		.4byte	.LBE80-.LBB80
 2318 09c9 EB       		.byte	0xeb
 2319 09ca F6090000 		.4byte	0x9f6
 2320 09ce 01       		.uleb128 0x1
 2321 09cf 70070000 		.4byte	0x770
 2322 09d3 6A030000 		.4byte	.LLST6
 2323 09d7 68030000 		.4byte	.LVUS6
 2324 09db 01       		.uleb128 0x1
 2325 09dc 65070000 		.4byte	0x765
 2326 09e0 75030000 		.4byte	.LLST7
 2327 09e4 73030000 		.4byte	.LVUS7
 2328 09e8 03       		.uleb128 0x3
 2329 09e9 7C070000 		.4byte	0x77c
 2330 09ed 82030000 		.4byte	.LLST8
 2331 09f1 7E030000 		.4byte	.LVUS8
 2332 09f5 00       		.byte	0
 2333 09f6 11       		.uleb128 0x11
 2334 09f7 370B0000 		.4byte	0xb37
 2335 09fb 18000000 		.4byte	.LBI82
 2336 09ff 02       		.byte	.LVU46
 2337 0a00 18000000 		.4byte	.LBB82
ARM GAS  /tmp/cc2vUB2H.s 			page 42


 2338 0a04 04000000 		.4byte	.LBE82-.LBB82
 2339 0a08 01       		.byte	0x1
 2340 0a09 EC       		.byte	0xec
 2341 0a0a 03       		.byte	0x3
 2342 0a0b 0B       		.uleb128 0xb
 2343 0a0c 550B0000 		.4byte	0xb55
 2344 0a10 18000000 		.4byte	.LBI84
 2345 0a14 09       		.byte	.LVU53
 2346 0a15 18000000 		.4byte	.LBB84
 2347 0a19 04000000 		.4byte	.LBE84-.LBB84
 2348 0a1d 8E01     		.2byte	0x18e
 2349 0a1f 00       		.byte	0
 2350 0a20 00       		.byte	0
 2351 0a21 00       		.byte	0
 2352 0a22 00       		.byte	0
 2353 0a23 0E       		.uleb128 0xe
 2354 0a24 AC000000 		.4byte	0xac
 2355 0a28 330A0000 		.4byte	0xa33
 2356 0a2c 0F       		.uleb128 0xf
 2357 0a2d 2D000000 		.4byte	0x2d
 2358 0a31 0F       		.byte	0xf
 2359 0a32 00       		.byte	0
 2360 0a33 09       		.uleb128 0x9
 2361 0a34 230A0000 		.4byte	0xa23
 2362 0a38 1B       		.uleb128 0x1b
 2363 0a39 F7020000 		.4byte	.LASF56
 2364 0a3d 6B       		.byte	0x6b
 2365 0a3e 570A0000 		.4byte	0xa57
 2366 0a42 12       		.uleb128 0x12
 2367 0a43 6D7000   		.ascii	"mp\000"
 2368 0a46 01       		.byte	0x1
 2369 0a47 6B       		.byte	0x6b
 2370 0a48 29       		.byte	0x29
 2371 0a49 56070000 		.4byte	0x756
 2372 0a4d 0C       		.uleb128 0xc
 2373 0a4e EE020000 		.4byte	.LASF47
 2374 0a52 670A0000 		.4byte	0xa67
 2375 0a56 00       		.byte	0
 2376 0a57 0E       		.uleb128 0xe
 2377 0a58 AC000000 		.4byte	0xac
 2378 0a5c 670A0000 		.4byte	0xa67
 2379 0a60 0F       		.uleb128 0xf
 2380 0a61 2D000000 		.4byte	0x2d
 2381 0a65 13       		.byte	0x13
 2382 0a66 00       		.byte	0
 2383 0a67 09       		.uleb128 0x9
 2384 0a68 570A0000 		.4byte	0xa57
 2385 0a6c 1B       		.uleb128 0x1b
 2386 0a6d 87030000 		.4byte	.LASF57
 2387 0a71 4E       		.byte	0x4e
 2388 0a72 AF0A0000 		.4byte	0xaaf
 2389 0a76 12       		.uleb128 0x12
 2390 0a77 6D7000   		.ascii	"mp\000"
 2391 0a7a 01       		.byte	0x1
 2392 0a7b 4E       		.byte	0x4e
 2393 0a7c 2D       		.byte	0x2d
 2394 0a7d 56070000 		.4byte	0x756
ARM GAS  /tmp/cc2vUB2H.s 			page 43


 2395 0a81 13       		.uleb128 0x13
 2396 0a82 D5030000 		.4byte	.LASF49
 2397 0a86 01       		.byte	0x1
 2398 0a87 4E       		.byte	0x4e
 2399 0a88 38       		.byte	0x38
 2400 0a89 3B000000 		.4byte	0x3b
 2401 0a8d 13       		.uleb128 0x13
 2402 0a8e 14040000 		.4byte	.LASF32
 2403 0a92 01       		.byte	0x1
 2404 0a93 4F       		.byte	0x4f
 2405 0a94 27       		.byte	0x27
 2406 0a95 2D000000 		.4byte	0x2d
 2407 0a99 13       		.uleb128 0x13
 2408 0a9a 62030000 		.4byte	.LASF33
 2409 0a9e 01       		.byte	0x1
 2410 0a9f 4F       		.byte	0x4f
 2411 0aa0 3B       		.byte	0x3b
 2412 0aa1 6C010000 		.4byte	0x16c
 2413 0aa5 0C       		.uleb128 0xc
 2414 0aa6 EE020000 		.4byte	.LASF47
 2415 0aaa BF0A0000 		.4byte	0xabf
 2416 0aae 00       		.byte	0
 2417 0aaf 0E       		.uleb128 0xe
 2418 0ab0 AC000000 		.4byte	0xac
 2419 0ab4 BF0A0000 		.4byte	0xabf
 2420 0ab8 0F       		.uleb128 0xf
 2421 0ab9 2D000000 		.4byte	0x2d
 2422 0abd 17       		.byte	0x17
 2423 0abe 00       		.byte	0
 2424 0abf 09       		.uleb128 0x9
 2425 0ac0 AF0A0000 		.4byte	0xaaf
 2426 0ac4 22       		.uleb128 0x22
 2427 0ac5 A1040000 		.4byte	.LASF58
 2428 0ac9 02       		.byte	0x2
 2429 0aca 5501     		.2byte	0x155
 2430 0acc EB0A0000 		.4byte	0xaeb
 2431 0ad0 16       		.uleb128 0x16
 2432 0ad1 676D7000 		.ascii	"gmp\000"
 2433 0ad5 02       		.byte	0x2
 2434 0ad6 5501     		.2byte	0x155
 2435 0ad8 3C       		.byte	0x3c
 2436 0ad9 AC020000 		.4byte	0x2ac
 2437 0add 17       		.uleb128 0x17
 2438 0ade 1A040000 		.4byte	.LASF41
 2439 0ae2 02       		.byte	0x2
 2440 0ae3 5501     		.2byte	0x155
 2441 0ae5 47       		.byte	0x47
 2442 0ae6 A3000000 		.4byte	0xa3
 2443 0aea 00       		.byte	0
 2444 0aeb 22       		.uleb128 0x22
 2445 0aec 10030000 		.4byte	.LASF59
 2446 0af0 02       		.byte	0x2
 2447 0af1 2F01     		.2byte	0x12f
 2448 0af3 120B0000 		.4byte	0xb12
 2449 0af7 16       		.uleb128 0x16
 2450 0af8 676D7000 		.ascii	"gmp\000"
 2451 0afc 02       		.byte	0x2
ARM GAS  /tmp/cc2vUB2H.s 			page 44


 2452 0afd 2F01     		.2byte	0x12f
 2453 0aff 3E       		.byte	0x3e
 2454 0b00 AC020000 		.4byte	0x2ac
 2455 0b04 17       		.uleb128 0x17
 2456 0b05 1A040000 		.4byte	.LASF41
 2457 0b09 02       		.byte	0x2
 2458 0b0a 2F01     		.2byte	0x12f
 2459 0b0c 49       		.byte	0x49
 2460 0b0d A3000000 		.4byte	0xa3
 2461 0b11 00       		.byte	0
 2462 0b12 42       		.uleb128 0x42
 2463 0b13 D7020000 		.4byte	.LASF60
 2464 0b17 02       		.byte	0x2
 2465 0b18 D3       		.byte	0xd3
 2466 0b19 14       		.byte	0x14
 2467 0b1a 03       		.byte	0x3
 2468 0b1b 370B0000 		.4byte	0xb37
 2469 0b1f 12       		.uleb128 0x12
 2470 0b20 6D7000   		.ascii	"mp\000"
 2471 0b23 02       		.byte	0x2
 2472 0b24 D3       		.byte	0xd3
 2473 0b25 2D       		.byte	0x2d
 2474 0b26 56070000 		.4byte	0x756
 2475 0b2a 13       		.uleb128 0x13
 2476 0b2b 1A040000 		.4byte	.LASF41
 2477 0b2f 02       		.byte	0x2
 2478 0b30 D3       		.byte	0xd3
 2479 0b31 37       		.byte	0x37
 2480 0b32 A3000000 		.4byte	0xa3
 2481 0b36 00       		.byte	0
 2482 0b37 22       		.uleb128 0x22
 2483 0b38 DA030000 		.4byte	.LASF61
 2484 0b3c 03       		.byte	0x3
 2485 0b3d 8101     		.2byte	0x181
 2486 0b3f 4D0B0000 		.4byte	0xb4d
 2487 0b43 0C       		.uleb128 0xc
 2488 0b44 EE020000 		.4byte	.LASF47
 2489 0b48 A2070000 		.4byte	0x7a2
 2490 0b4c 00       		.byte	0
 2491 0b4d 23       		.uleb128 0x23
 2492 0b4e 2B010000 		.4byte	.LASF62
 2493 0b52 03       		.byte	0x3
 2494 0b53 7301     		.2byte	0x173
 2495 0b55 23       		.uleb128 0x23
 2496 0b56 56030000 		.4byte	.LASF63
 2497 0b5a 04       		.byte	0x4
 2498 0b5b EF02     		.2byte	0x2ef
 2499 0b5d 23       		.uleb128 0x23
 2500 0b5e 21010000 		.4byte	.LASF64
 2501 0b62 04       		.byte	0x4
 2502 0b63 E302     		.2byte	0x2e3
 2503 0b65 1D       		.uleb128 0x1d
 2504 0b66 6C0A0000 		.4byte	0xa6c
 2505 0b6a 00000000 		.4byte	.LFB207
 2506 0b6e 10000000 		.4byte	.LFE207-.LFB207
 2507 0b72 01       		.uleb128 0x1
 2508 0b73 9C       		.byte	0x9c
ARM GAS  /tmp/cc2vUB2H.s 			page 45


 2509 0b74 950B0000 		.4byte	0xb95
 2510 0b78 08       		.uleb128 0x8
 2511 0b79 760A0000 		.4byte	0xa76
 2512 0b7d 01       		.uleb128 0x1
 2513 0b7e 50       		.byte	0x50
 2514 0b7f 08       		.uleb128 0x8
 2515 0b80 810A0000 		.4byte	0xa81
 2516 0b84 01       		.uleb128 0x1
 2517 0b85 51       		.byte	0x51
 2518 0b86 08       		.uleb128 0x8
 2519 0b87 8D0A0000 		.4byte	0xa8d
 2520 0b8b 01       		.uleb128 0x1
 2521 0b8c 52       		.byte	0x52
 2522 0b8d 08       		.uleb128 0x8
 2523 0b8e 990A0000 		.4byte	0xa99
 2524 0b92 01       		.uleb128 0x1
 2525 0b93 53       		.byte	0x53
 2526 0b94 00       		.byte	0
 2527 0b95 1D       		.uleb128 0x1d
 2528 0b96 380A0000 		.4byte	0xa38
 2529 0b9a 00000000 		.4byte	.LFB208
 2530 0b9e 04000000 		.4byte	.LFE208-.LFB208
 2531 0ba2 01       		.uleb128 0x1
 2532 0ba3 9C       		.byte	0x9c
 2533 0ba4 B00B0000 		.4byte	0xbb0
 2534 0ba8 08       		.uleb128 0x8
 2535 0ba9 420A0000 		.4byte	0xa42
 2536 0bad 01       		.uleb128 0x1
 2537 0bae 50       		.byte	0x50
 2538 0baf 00       		.byte	0
 2539 0bb0 2C       		.uleb128 0x2c
 2540 0bb1 9A080000 		.4byte	0x89a
 2541 0bb5 00000000 		.4byte	.LFB210
 2542 0bb9 30000000 		.4byte	.LFE210-.LFB210
 2543 0bbd 01       		.uleb128 0x1
 2544 0bbe 9C       		.byte	0x9c
 2545 0bbf 080C0000 		.4byte	0xc08
 2546 0bc3 01       		.uleb128 0x1
 2547 0bc4 AB080000 		.4byte	0x8ab
 2548 0bc8 99030000 		.4byte	.LLST9
 2549 0bcc 93030000 		.4byte	.LVUS9
 2550 0bd0 03       		.uleb128 0x3
 2551 0bd1 B6080000 		.4byte	0x8b6
 2552 0bd5 BB030000 		.4byte	.LLST10
 2553 0bd9 B7030000 		.4byte	.LVUS10
 2554 0bdd 11       		.uleb128 0x11
 2555 0bde 9A080000 		.4byte	0x89a
 2556 0be2 1C000000 		.4byte	.LBI88
 2557 0be6 00       		.byte	.LVU75
 2558 0be7 1C000000 		.4byte	.LBB88
 2559 0beb 14000000 		.4byte	.LBE88-.LBB88
 2560 0bef 01       		.byte	0x1
 2561 0bf0 9A       		.byte	0x9a
 2562 0bf1 07       		.byte	0x7
 2563 0bf2 01       		.uleb128 0x1
 2564 0bf3 AB080000 		.4byte	0x8ab
 2565 0bf7 D0030000 		.4byte	.LLST11
ARM GAS  /tmp/cc2vUB2H.s 			page 46


 2566 0bfb CC030000 		.4byte	.LVUS11
 2567 0bff 2D       		.uleb128 0x2d
 2568 0c00 B6080000 		.4byte	0x8b6
 2569 0c04 01       		.uleb128 0x1
 2570 0c05 50       		.byte	0x50
 2571 0c06 00       		.byte	0
 2572 0c07 00       		.byte	0
 2573 0c08 1D       		.uleb128 0x1d
 2574 0c09 5B070000 		.4byte	0x75b
 2575 0c0d 00000000 		.4byte	.LFB212
 2576 0c11 10000000 		.4byte	.LFE212-.LFB212
 2577 0c15 01       		.uleb128 0x1
 2578 0c16 9C       		.byte	0x9c
 2579 0c17 370C0000 		.4byte	0xc37
 2580 0c1b 08       		.uleb128 0x8
 2581 0c1c 65070000 		.4byte	0x765
 2582 0c20 01       		.uleb128 0x1
 2583 0c21 50       		.byte	0x50
 2584 0c22 08       		.uleb128 0x8
 2585 0c23 70070000 		.4byte	0x770
 2586 0c27 01       		.uleb128 0x1
 2587 0c28 51       		.byte	0x51
 2588 0c29 03       		.uleb128 0x3
 2589 0c2a 7C070000 		.4byte	0x77c
 2590 0c2e EB030000 		.4byte	.LLST22
 2591 0c32 E9030000 		.4byte	.LVUS22
 2592 0c36 00       		.byte	0
 2593 0c37 1D       		.uleb128 0x1d
 2594 0c38 34070000 		.4byte	0x734
 2595 0c3c 00000000 		.4byte	.LFB213
 2596 0c40 18000000 		.4byte	.LFE213-.LFB213
 2597 0c44 01       		.uleb128 0x1
 2598 0c45 9C       		.byte	0x9c
 2599 0c46 EE0C0000 		.4byte	0xcee
 2600 0c4a 08       		.uleb128 0x8
 2601 0c4b 3E070000 		.4byte	0x73e
 2602 0c4f 01       		.uleb128 0x1
 2603 0c50 50       		.byte	0x50
 2604 0c51 08       		.uleb128 0x8
 2605 0c52 49070000 		.4byte	0x749
 2606 0c56 01       		.uleb128 0x1
 2607 0c57 51       		.byte	0x51
 2608 0c58 1C       		.uleb128 0x1c
 2609 0c59 4D0B0000 		.4byte	0xb4d
 2610 0c5d 00000000 		.4byte	.LBI125
 2611 0c61 02       		.byte	.LVU162
 2612 0c62 00000000 		.4byte	.LBB125
 2613 0c66 04000000 		.4byte	.LBE125-.LBB125
 2614 0c6a EA       		.byte	0xea
 2615 0c6b 840C0000 		.4byte	0xc84
 2616 0c6f 0B       		.uleb128 0xb
 2617 0c70 5D0B0000 		.4byte	0xb5d
 2618 0c74 00000000 		.4byte	.LBI126
 2619 0c78 04       		.byte	.LVU164
 2620 0c79 00000000 		.4byte	.LBB126
 2621 0c7d 04000000 		.4byte	.LBE126-.LBB126
 2622 0c81 7501     		.2byte	0x175
ARM GAS  /tmp/cc2vUB2H.s 			page 47


 2623 0c83 00       		.byte	0
 2624 0c84 1C       		.uleb128 0x1c
 2625 0c85 5B070000 		.4byte	0x75b
 2626 0c89 04000000 		.4byte	.LBI128
 2627 0c8d 03       		.byte	.LVU169
 2628 0c8e 04000000 		.4byte	.LBB128
 2629 0c92 0C000000 		.4byte	.LBE128-.LBB128
 2630 0c96 EB       		.byte	0xeb
 2631 0c97 C30C0000 		.4byte	0xcc3
 2632 0c9b 01       		.uleb128 0x1
 2633 0c9c 70070000 		.4byte	0x770
 2634 0ca0 F6030000 		.4byte	.LLST23
 2635 0ca4 F4030000 		.4byte	.LVUS23
 2636 0ca8 01       		.uleb128 0x1
 2637 0ca9 65070000 		.4byte	0x765
 2638 0cad 01040000 		.4byte	.LLST24
 2639 0cb1 FF030000 		.4byte	.LVUS24
 2640 0cb5 03       		.uleb128 0x3
 2641 0cb6 7C070000 		.4byte	0x77c
 2642 0cba 0C040000 		.4byte	.LLST25
 2643 0cbe 0A040000 		.4byte	.LVUS25
 2644 0cc2 00       		.byte	0
 2645 0cc3 11       		.uleb128 0x11
 2646 0cc4 370B0000 		.4byte	0xb37
 2647 0cc8 10000000 		.4byte	.LBI130
 2648 0ccc 02       		.byte	.LVU181
 2649 0ccd 10000000 		.4byte	.LBB130
 2650 0cd1 04000000 		.4byte	.LBE130-.LBB130
 2651 0cd5 01       		.byte	0x1
 2652 0cd6 EC       		.byte	0xec
 2653 0cd7 03       		.byte	0x3
 2654 0cd8 0B       		.uleb128 0xb
 2655 0cd9 550B0000 		.4byte	0xb55
 2656 0cdd 10000000 		.4byte	.LBI132
 2657 0ce1 09       		.byte	.LVU188
 2658 0ce2 10000000 		.4byte	.LBB132
 2659 0ce6 04000000 		.4byte	.LBE132-.LBB132
 2660 0cea 8E01     		.2byte	0x18e
 2661 0cec 00       		.byte	0
 2662 0ced 00       		.byte	0
 2663 0cee 2C       		.uleb128 0x2c
 2664 0cef 28040000 		.4byte	0x428
 2665 0cf3 00000000 		.4byte	.LFB217
 2666 0cf7 4C000000 		.4byte	.LFE217-.LFB217
 2667 0cfb 01       		.uleb128 0x1
 2668 0cfc 9C       		.byte	0x9c
 2669 0cfd A80D0000 		.4byte	0xda8
 2670 0d01 01       		.uleb128 0x1
 2671 0d02 3A040000 		.4byte	0x43a
 2672 0d06 1D040000 		.4byte	.LLST48
 2673 0d0a 15040000 		.4byte	.LVUS48
 2674 0d0e 01       		.uleb128 0x1
 2675 0d0f 47040000 		.4byte	0x447
 2676 0d13 44040000 		.4byte	.LLST49
 2677 0d17 40040000 		.4byte	.LVUS49
 2678 0d1b 03       		.uleb128 0x3
 2679 0d1c 54040000 		.4byte	0x454
ARM GAS  /tmp/cc2vUB2H.s 			page 48


 2680 0d20 61040000 		.4byte	.LLST50
 2681 0d24 5D040000 		.4byte	.LVUS50
 2682 0d28 15       		.uleb128 0x15
 2683 0d29 9A080000 		.4byte	0x89a
 2684 0d2d 14000000 		.4byte	.LBI175
 2685 0d31 01       		.byte	.LVU284
 2686 0d32 51000000 		.4byte	.LLRL51
 2687 0d36 01       		.byte	0x1
 2688 0d37 4B01     		.2byte	0x14b
 2689 0d39 0A       		.byte	0xa
 2690 0d3a 8A0D0000 		.4byte	0xd8a
 2691 0d3e 01       		.uleb128 0x1
 2692 0d3f AB080000 		.4byte	0x8ab
 2693 0d43 75040000 		.4byte	.LLST52
 2694 0d47 71040000 		.4byte	.LVUS52
 2695 0d4b 06       		.uleb128 0x6
 2696 0d4c 51000000 		.4byte	.LLRL51
 2697 0d50 03       		.uleb128 0x3
 2698 0d51 B6080000 		.4byte	0x8b6
 2699 0d55 98040000 		.4byte	.LLST53
 2700 0d59 92040000 		.4byte	.LVUS53
 2701 0d5d 21       		.uleb128 0x21
 2702 0d5e 9A080000 		.4byte	0x89a
 2703 0d62 2C000000 		.4byte	.LBI177
 2704 0d66 00       		.byte	.LVU296
 2705 0d67 5D000000 		.4byte	.LLRL54
 2706 0d6b 9A       		.byte	0x9a
 2707 0d6c 07       		.byte	0x7
 2708 0d6d 01       		.uleb128 0x1
 2709 0d6e AB080000 		.4byte	0x8ab
 2710 0d72 BC040000 		.4byte	.LLST55
 2711 0d76 B8040000 		.4byte	.LVUS55
 2712 0d7a 06       		.uleb128 0x6
 2713 0d7b 5D000000 		.4byte	.LLRL54
 2714 0d7f 2D       		.uleb128 0x2d
 2715 0d80 B6080000 		.4byte	0x8b6
 2716 0d84 01       		.uleb128 0x1
 2717 0d85 50       		.byte	0x50
 2718 0d86 00       		.byte	0
 2719 0d87 00       		.byte	0
 2720 0d88 00       		.byte	0
 2721 0d89 00       		.byte	0
 2722 0d8a 18       		.uleb128 0x18
 2723 0d8b 0C000000 		.4byte	.LVL43
 2724 0d8f 43020000 		.4byte	0x243
 2725 0d93 07       		.uleb128 0x7
 2726 0d94 01       		.uleb128 0x1
 2727 0d95 50       		.byte	0x50
 2728 0d96 02       		.uleb128 0x2
 2729 0d97 74       		.byte	0x74
 2730 0d98 00       		.sleb128 0
 2731 0d99 07       		.uleb128 0x7
 2732 0d9a 01       		.uleb128 0x1
 2733 0d9b 51       		.byte	0x51
 2734 0d9c 09       		.uleb128 0x9
 2735 0d9d A3       		.byte	0xa3
 2736 0d9e 03       		.uleb128 0x3
ARM GAS  /tmp/cc2vUB2H.s 			page 49


 2737 0d9f A5       		.byte	0xa5
 2738 0da0 01       		.uleb128 0x1
 2739 0da1 26       		.uleb128 0x26
 2740 0da2 A8       		.byte	0xa8
 2741 0da3 2D       		.uleb128 0x2d
 2742 0da4 A8       		.byte	0xa8
 2743 0da5 00       		.uleb128 0
 2744 0da6 00       		.byte	0
 2745 0da7 00       		.byte	0
 2746 0da8 43       		.uleb128 0x43
 2747 0da9 83020000 		.4byte	0x283
 2748 0dad 00000000 		.4byte	.LFB219
 2749 0db1 24000000 		.4byte	.LFE219-.LFB219
 2750 0db5 01       		.uleb128 0x1
 2751 0db6 9C       		.byte	0x9c
 2752 0db7 01       		.uleb128 0x1
 2753 0db8 91020000 		.4byte	0x291
 2754 0dbc DD040000 		.4byte	.LLST69
 2755 0dc0 D9040000 		.4byte	.LVUS69
 2756 0dc4 01       		.uleb128 0x1
 2757 0dc5 9E020000 		.4byte	0x29e
 2758 0dc9 FA040000 		.4byte	.LLST70
 2759 0dcd F6040000 		.4byte	.LVUS70
 2760 0dd1 15       		.uleb128 0x15
 2761 0dd2 4D0B0000 		.4byte	0xb4d
 2762 0dd6 00000000 		.4byte	.LBI217
 2763 0dda 02       		.byte	.LVU378
 2764 0ddb 8D000000 		.4byte	.LLRL71
 2765 0ddf 01       		.byte	0x1
 2766 0de0 7501     		.2byte	0x175
 2767 0de2 03       		.byte	0x3
 2768 0de3 F80D0000 		.4byte	0xdf8
 2769 0de7 19       		.uleb128 0x19
 2770 0de8 5D0B0000 		.4byte	0xb5d
 2771 0dec 00000000 		.4byte	.LBI218
 2772 0df0 04       		.byte	.LVU380
 2773 0df1 8D000000 		.4byte	.LLRL71
 2774 0df5 7501     		.2byte	0x175
 2775 0df7 00       		.byte	0
 2776 0df8 0D       		.uleb128 0xd
 2777 0df9 EB0A0000 		.4byte	0xaeb
 2778 0dfd 08000000 		.4byte	.LBI223
 2779 0e01 03       		.byte	.LVU387
 2780 0e02 08000000 		.4byte	.LBB223
 2781 0e06 10000000 		.4byte	.LBE223-.LBB223
 2782 0e0a 01       		.byte	0x1
 2783 0e0b 7601     		.2byte	0x176
 2784 0e0d 840E0000 		.4byte	0xe84
 2785 0e11 01       		.uleb128 0x1
 2786 0e12 040B0000 		.4byte	0xb04
 2787 0e16 17050000 		.4byte	.LLST72
 2788 0e1a 13050000 		.4byte	.LVUS72
 2789 0e1e 01       		.uleb128 0x1
 2790 0e1f F70A0000 		.4byte	0xaf7
 2791 0e23 34050000 		.4byte	.LLST73
 2792 0e27 30050000 		.4byte	.LVUS73
 2793 0e2b 0D       		.uleb128 0xd
ARM GAS  /tmp/cc2vUB2H.s 			page 50


 2794 0e2c 5B070000 		.4byte	0x75b
 2795 0e30 08000000 		.4byte	.LBI225
 2796 0e34 05       		.byte	.LVU389
 2797 0e35 08000000 		.4byte	.LBB225
 2798 0e39 0C000000 		.4byte	.LBE225-.LBB225
 2799 0e3d 02       		.byte	0x2
 2800 0e3e 3101     		.2byte	0x131
 2801 0e40 6C0E0000 		.4byte	0xe6c
 2802 0e44 01       		.uleb128 0x1
 2803 0e45 70070000 		.4byte	0x770
 2804 0e49 4F050000 		.4byte	.LLST74
 2805 0e4d 4D050000 		.4byte	.LVUS74
 2806 0e51 01       		.uleb128 0x1
 2807 0e52 65070000 		.4byte	0x765
 2808 0e56 5A050000 		.4byte	.LLST75
 2809 0e5a 58050000 		.4byte	.LVUS75
 2810 0e5e 03       		.uleb128 0x3
 2811 0e5f 7C070000 		.4byte	0x77c
 2812 0e63 69050000 		.4byte	.LLST76
 2813 0e67 65050000 		.4byte	.LVUS76
 2814 0e6b 00       		.byte	0
 2815 0e6c 18       		.uleb128 0x18
 2816 0e6d 18000000 		.4byte	.LVL64
 2817 0e71 26020000 		.4byte	0x226
 2818 0e75 07       		.uleb128 0x7
 2819 0e76 01       		.uleb128 0x1
 2820 0e77 50       		.byte	0x50
 2821 0e78 09       		.uleb128 0x9
 2822 0e79 A3       		.byte	0xa3
 2823 0e7a 03       		.uleb128 0x3
 2824 0e7b A5       		.byte	0xa5
 2825 0e7c 00       		.uleb128 0
 2826 0e7d 26       		.uleb128 0x26
 2827 0e7e A8       		.byte	0xa8
 2828 0e7f 2D       		.uleb128 0x2d
 2829 0e80 A8       		.byte	0xa8
 2830 0e81 00       		.uleb128 0
 2831 0e82 00       		.byte	0
 2832 0e83 00       		.byte	0
 2833 0e84 0D       		.uleb128 0xd
 2834 0e85 370B0000 		.4byte	0xb37
 2835 0e89 1C000000 		.4byte	.LBI227
 2836 0e8d 01       		.byte	.LVU404
 2837 0e8e 1C000000 		.4byte	.LBB227
 2838 0e92 04000000 		.4byte	.LBE227-.LBB227
 2839 0e96 01       		.byte	0x1
 2840 0e97 7801     		.2byte	0x178
 2841 0e99 B20E0000 		.4byte	0xeb2
 2842 0e9d 0B       		.uleb128 0xb
 2843 0e9e 550B0000 		.4byte	0xb55
 2844 0ea2 1C000000 		.4byte	.LBI229
 2845 0ea6 08       		.byte	.LVU411
 2846 0ea7 1C000000 		.4byte	.LBB229
 2847 0eab 04000000 		.4byte	.LBE229-.LBB229
 2848 0eaf 8E01     		.2byte	0x18e
 2849 0eb1 00       		.byte	0
 2850 0eb2 28       		.uleb128 0x28
ARM GAS  /tmp/cc2vUB2H.s 			page 51


 2851 0eb3 1C000000 		.4byte	.LVL65
 2852 0eb7 3B020000 		.4byte	0x23b
 2853 0ebb 00       		.byte	0
 2854 0ebc 00       		.byte	0
 2855              		.section	.debug_abbrev,"",%progbits
 2856              	.Ldebug_abbrev0:
 2857 0000 01       		.uleb128 0x1
 2858 0001 05       		.uleb128 0x5
 2859 0002 00       		.byte	0
 2860 0003 31       		.uleb128 0x31
 2861 0004 13       		.uleb128 0x13
 2862 0005 02       		.uleb128 0x2
 2863 0006 17       		.uleb128 0x17
 2864 0007 B742     		.uleb128 0x2137
 2865 0009 17       		.uleb128 0x17
 2866 000a 00       		.byte	0
 2867 000b 00       		.byte	0
 2868 000c 02       		.uleb128 0x2
 2869 000d 16       		.uleb128 0x16
 2870 000e 00       		.byte	0
 2871 000f 03       		.uleb128 0x3
 2872 0010 0E       		.uleb128 0xe
 2873 0011 3A       		.uleb128 0x3a
 2874 0012 0B       		.uleb128 0xb
 2875 0013 3B       		.uleb128 0x3b
 2876 0014 0B       		.uleb128 0xb
 2877 0015 39       		.uleb128 0x39
 2878 0016 0B       		.uleb128 0xb
 2879 0017 49       		.uleb128 0x49
 2880 0018 13       		.uleb128 0x13
 2881 0019 00       		.byte	0
 2882 001a 00       		.byte	0
 2883 001b 03       		.uleb128 0x3
 2884 001c 34       		.uleb128 0x34
 2885 001d 00       		.byte	0
 2886 001e 31       		.uleb128 0x31
 2887 001f 13       		.uleb128 0x13
 2888 0020 02       		.uleb128 0x2
 2889 0021 17       		.uleb128 0x17
 2890 0022 B742     		.uleb128 0x2137
 2891 0024 17       		.uleb128 0x17
 2892 0025 00       		.byte	0
 2893 0026 00       		.byte	0
 2894 0027 04       		.uleb128 0x4
 2895 0028 24       		.uleb128 0x24
 2896 0029 00       		.byte	0
 2897 002a 0B       		.uleb128 0xb
 2898 002b 0B       		.uleb128 0xb
 2899 002c 3E       		.uleb128 0x3e
 2900 002d 0B       		.uleb128 0xb
 2901 002e 03       		.uleb128 0x3
 2902 002f 0E       		.uleb128 0xe
 2903 0030 00       		.byte	0
 2904 0031 00       		.byte	0
 2905 0032 05       		.uleb128 0x5
 2906 0033 0D       		.uleb128 0xd
 2907 0034 00       		.byte	0
ARM GAS  /tmp/cc2vUB2H.s 			page 52


 2908 0035 03       		.uleb128 0x3
 2909 0036 0E       		.uleb128 0xe
 2910 0037 3A       		.uleb128 0x3a
 2911 0038 0B       		.uleb128 0xb
 2912 0039 3B       		.uleb128 0x3b
 2913 003a 0B       		.uleb128 0xb
 2914 003b 39       		.uleb128 0x39
 2915 003c 0B       		.uleb128 0xb
 2916 003d 49       		.uleb128 0x49
 2917 003e 13       		.uleb128 0x13
 2918 003f 38       		.uleb128 0x38
 2919 0040 0B       		.uleb128 0xb
 2920 0041 00       		.byte	0
 2921 0042 00       		.byte	0
 2922 0043 06       		.uleb128 0x6
 2923 0044 0B       		.uleb128 0xb
 2924 0045 01       		.byte	0x1
 2925 0046 55       		.uleb128 0x55
 2926 0047 17       		.uleb128 0x17
 2927 0048 00       		.byte	0
 2928 0049 00       		.byte	0
 2929 004a 07       		.uleb128 0x7
 2930 004b 49       		.uleb128 0x49
 2931 004c 00       		.byte	0
 2932 004d 02       		.uleb128 0x2
 2933 004e 18       		.uleb128 0x18
 2934 004f 7E       		.uleb128 0x7e
 2935 0050 18       		.uleb128 0x18
 2936 0051 00       		.byte	0
 2937 0052 00       		.byte	0
 2938 0053 08       		.uleb128 0x8
 2939 0054 05       		.uleb128 0x5
 2940 0055 00       		.byte	0
 2941 0056 31       		.uleb128 0x31
 2942 0057 13       		.uleb128 0x13
 2943 0058 02       		.uleb128 0x2
 2944 0059 18       		.uleb128 0x18
 2945 005a 00       		.byte	0
 2946 005b 00       		.byte	0
 2947 005c 09       		.uleb128 0x9
 2948 005d 26       		.uleb128 0x26
 2949 005e 00       		.byte	0
 2950 005f 49       		.uleb128 0x49
 2951 0060 13       		.uleb128 0x13
 2952 0061 00       		.byte	0
 2953 0062 00       		.byte	0
 2954 0063 0A       		.uleb128 0xa
 2955 0064 05       		.uleb128 0x5
 2956 0065 00       		.byte	0
 2957 0066 49       		.uleb128 0x49
 2958 0067 13       		.uleb128 0x13
 2959 0068 00       		.byte	0
 2960 0069 00       		.byte	0
 2961 006a 0B       		.uleb128 0xb
 2962 006b 1D       		.uleb128 0x1d
 2963 006c 00       		.byte	0
 2964 006d 31       		.uleb128 0x31
ARM GAS  /tmp/cc2vUB2H.s 			page 53


 2965 006e 13       		.uleb128 0x13
 2966 006f 52       		.uleb128 0x52
 2967 0070 01       		.uleb128 0x1
 2968 0071 B842     		.uleb128 0x2138
 2969 0073 0B       		.uleb128 0xb
 2970 0074 11       		.uleb128 0x11
 2971 0075 01       		.uleb128 0x1
 2972 0076 12       		.uleb128 0x12
 2973 0077 06       		.uleb128 0x6
 2974 0078 58       		.uleb128 0x58
 2975 0079 21       		.uleb128 0x21
 2976 007a 03       		.sleb128 3
 2977 007b 59       		.uleb128 0x59
 2978 007c 05       		.uleb128 0x5
 2979 007d 57       		.uleb128 0x57
 2980 007e 21       		.uleb128 0x21
 2981 007f 03       		.sleb128 3
 2982 0080 00       		.byte	0
 2983 0081 00       		.byte	0
 2984 0082 0C       		.uleb128 0xc
 2985 0083 34       		.uleb128 0x34
 2986 0084 00       		.byte	0
 2987 0085 03       		.uleb128 0x3
 2988 0086 0E       		.uleb128 0xe
 2989 0087 49       		.uleb128 0x49
 2990 0088 13       		.uleb128 0x13
 2991 0089 34       		.uleb128 0x34
 2992 008a 19       		.uleb128 0x19
 2993 008b 00       		.byte	0
 2994 008c 00       		.byte	0
 2995 008d 0D       		.uleb128 0xd
 2996 008e 1D       		.uleb128 0x1d
 2997 008f 01       		.byte	0x1
 2998 0090 31       		.uleb128 0x31
 2999 0091 13       		.uleb128 0x13
 3000 0092 52       		.uleb128 0x52
 3001 0093 01       		.uleb128 0x1
 3002 0094 B842     		.uleb128 0x2138
 3003 0096 0B       		.uleb128 0xb
 3004 0097 11       		.uleb128 0x11
 3005 0098 01       		.uleb128 0x1
 3006 0099 12       		.uleb128 0x12
 3007 009a 06       		.uleb128 0x6
 3008 009b 58       		.uleb128 0x58
 3009 009c 0B       		.uleb128 0xb
 3010 009d 59       		.uleb128 0x59
 3011 009e 05       		.uleb128 0x5
 3012 009f 57       		.uleb128 0x57
 3013 00a0 21       		.uleb128 0x21
 3014 00a1 03       		.sleb128 3
 3015 00a2 01       		.uleb128 0x1
 3016 00a3 13       		.uleb128 0x13
 3017 00a4 00       		.byte	0
 3018 00a5 00       		.byte	0
 3019 00a6 0E       		.uleb128 0xe
 3020 00a7 01       		.uleb128 0x1
 3021 00a8 01       		.byte	0x1
ARM GAS  /tmp/cc2vUB2H.s 			page 54


 3022 00a9 49       		.uleb128 0x49
 3023 00aa 13       		.uleb128 0x13
 3024 00ab 01       		.uleb128 0x1
 3025 00ac 13       		.uleb128 0x13
 3026 00ad 00       		.byte	0
 3027 00ae 00       		.byte	0
 3028 00af 0F       		.uleb128 0xf
 3029 00b0 21       		.uleb128 0x21
 3030 00b1 00       		.byte	0
 3031 00b2 49       		.uleb128 0x49
 3032 00b3 13       		.uleb128 0x13
 3033 00b4 2F       		.uleb128 0x2f
 3034 00b5 0B       		.uleb128 0xb
 3035 00b6 00       		.byte	0
 3036 00b7 00       		.byte	0
 3037 00b8 10       		.uleb128 0x10
 3038 00b9 0F       		.uleb128 0xf
 3039 00ba 00       		.byte	0
 3040 00bb 0B       		.uleb128 0xb
 3041 00bc 21       		.uleb128 0x21
 3042 00bd 04       		.sleb128 4
 3043 00be 49       		.uleb128 0x49
 3044 00bf 13       		.uleb128 0x13
 3045 00c0 00       		.byte	0
 3046 00c1 00       		.byte	0
 3047 00c2 11       		.uleb128 0x11
 3048 00c3 1D       		.uleb128 0x1d
 3049 00c4 01       		.byte	0x1
 3050 00c5 31       		.uleb128 0x31
 3051 00c6 13       		.uleb128 0x13
 3052 00c7 52       		.uleb128 0x52
 3053 00c8 01       		.uleb128 0x1
 3054 00c9 B842     		.uleb128 0x2138
 3055 00cb 0B       		.uleb128 0xb
 3056 00cc 11       		.uleb128 0x11
 3057 00cd 01       		.uleb128 0x1
 3058 00ce 12       		.uleb128 0x12
 3059 00cf 06       		.uleb128 0x6
 3060 00d0 58       		.uleb128 0x58
 3061 00d1 0B       		.uleb128 0xb
 3062 00d2 59       		.uleb128 0x59
 3063 00d3 0B       		.uleb128 0xb
 3064 00d4 57       		.uleb128 0x57
 3065 00d5 0B       		.uleb128 0xb
 3066 00d6 00       		.byte	0
 3067 00d7 00       		.byte	0
 3068 00d8 12       		.uleb128 0x12
 3069 00d9 05       		.uleb128 0x5
 3070 00da 00       		.byte	0
 3071 00db 03       		.uleb128 0x3
 3072 00dc 08       		.uleb128 0x8
 3073 00dd 3A       		.uleb128 0x3a
 3074 00de 0B       		.uleb128 0xb
 3075 00df 3B       		.uleb128 0x3b
 3076 00e0 0B       		.uleb128 0xb
 3077 00e1 39       		.uleb128 0x39
 3078 00e2 0B       		.uleb128 0xb
ARM GAS  /tmp/cc2vUB2H.s 			page 55


 3079 00e3 49       		.uleb128 0x49
 3080 00e4 13       		.uleb128 0x13
 3081 00e5 00       		.byte	0
 3082 00e6 00       		.byte	0
 3083 00e7 13       		.uleb128 0x13
 3084 00e8 05       		.uleb128 0x5
 3085 00e9 00       		.byte	0
 3086 00ea 03       		.uleb128 0x3
 3087 00eb 0E       		.uleb128 0xe
 3088 00ec 3A       		.uleb128 0x3a
 3089 00ed 0B       		.uleb128 0xb
 3090 00ee 3B       		.uleb128 0x3b
 3091 00ef 0B       		.uleb128 0xb
 3092 00f0 39       		.uleb128 0x39
 3093 00f1 0B       		.uleb128 0xb
 3094 00f2 49       		.uleb128 0x49
 3095 00f3 13       		.uleb128 0x13
 3096 00f4 00       		.byte	0
 3097 00f5 00       		.byte	0
 3098 00f6 14       		.uleb128 0x14
 3099 00f7 05       		.uleb128 0x5
 3100 00f8 00       		.byte	0
 3101 00f9 03       		.uleb128 0x3
 3102 00fa 08       		.uleb128 0x8
 3103 00fb 3A       		.uleb128 0x3a
 3104 00fc 21       		.uleb128 0x21
 3105 00fd 01       		.sleb128 1
 3106 00fe 3B       		.uleb128 0x3b
 3107 00ff 05       		.uleb128 0x5
 3108 0100 39       		.uleb128 0x39
 3109 0101 0B       		.uleb128 0xb
 3110 0102 49       		.uleb128 0x49
 3111 0103 13       		.uleb128 0x13
 3112 0104 02       		.uleb128 0x2
 3113 0105 17       		.uleb128 0x17
 3114 0106 B742     		.uleb128 0x2137
 3115 0108 17       		.uleb128 0x17
 3116 0109 00       		.byte	0
 3117 010a 00       		.byte	0
 3118 010b 15       		.uleb128 0x15
 3119 010c 1D       		.uleb128 0x1d
 3120 010d 01       		.byte	0x1
 3121 010e 31       		.uleb128 0x31
 3122 010f 13       		.uleb128 0x13
 3123 0110 52       		.uleb128 0x52
 3124 0111 01       		.uleb128 0x1
 3125 0112 B842     		.uleb128 0x2138
 3126 0114 0B       		.uleb128 0xb
 3127 0115 55       		.uleb128 0x55
 3128 0116 17       		.uleb128 0x17
 3129 0117 58       		.uleb128 0x58
 3130 0118 0B       		.uleb128 0xb
 3131 0119 59       		.uleb128 0x59
 3132 011a 05       		.uleb128 0x5
 3133 011b 57       		.uleb128 0x57
 3134 011c 0B       		.uleb128 0xb
 3135 011d 01       		.uleb128 0x1
ARM GAS  /tmp/cc2vUB2H.s 			page 56


 3136 011e 13       		.uleb128 0x13
 3137 011f 00       		.byte	0
 3138 0120 00       		.byte	0
 3139 0121 16       		.uleb128 0x16
 3140 0122 05       		.uleb128 0x5
 3141 0123 00       		.byte	0
 3142 0124 03       		.uleb128 0x3
 3143 0125 08       		.uleb128 0x8
 3144 0126 3A       		.uleb128 0x3a
 3145 0127 0B       		.uleb128 0xb
 3146 0128 3B       		.uleb128 0x3b
 3147 0129 05       		.uleb128 0x5
 3148 012a 39       		.uleb128 0x39
 3149 012b 0B       		.uleb128 0xb
 3150 012c 49       		.uleb128 0x49
 3151 012d 13       		.uleb128 0x13
 3152 012e 00       		.byte	0
 3153 012f 00       		.byte	0
 3154 0130 17       		.uleb128 0x17
 3155 0131 05       		.uleb128 0x5
 3156 0132 00       		.byte	0
 3157 0133 03       		.uleb128 0x3
 3158 0134 0E       		.uleb128 0xe
 3159 0135 3A       		.uleb128 0x3a
 3160 0136 0B       		.uleb128 0xb
 3161 0137 3B       		.uleb128 0x3b
 3162 0138 05       		.uleb128 0x5
 3163 0139 39       		.uleb128 0x39
 3164 013a 0B       		.uleb128 0xb
 3165 013b 49       		.uleb128 0x49
 3166 013c 13       		.uleb128 0x13
 3167 013d 00       		.byte	0
 3168 013e 00       		.byte	0
 3169 013f 18       		.uleb128 0x18
 3170 0140 48       		.uleb128 0x48
 3171 0141 01       		.byte	0x1
 3172 0142 7D       		.uleb128 0x7d
 3173 0143 01       		.uleb128 0x1
 3174 0144 7F       		.uleb128 0x7f
 3175 0145 13       		.uleb128 0x13
 3176 0146 00       		.byte	0
 3177 0147 00       		.byte	0
 3178 0148 19       		.uleb128 0x19
 3179 0149 1D       		.uleb128 0x1d
 3180 014a 00       		.byte	0
 3181 014b 31       		.uleb128 0x31
 3182 014c 13       		.uleb128 0x13
 3183 014d 52       		.uleb128 0x52
 3184 014e 01       		.uleb128 0x1
 3185 014f B842     		.uleb128 0x2138
 3186 0151 0B       		.uleb128 0xb
 3187 0152 55       		.uleb128 0x55
 3188 0153 17       		.uleb128 0x17
 3189 0154 58       		.uleb128 0x58
 3190 0155 21       		.uleb128 0x21
 3191 0156 03       		.sleb128 3
 3192 0157 59       		.uleb128 0x59
ARM GAS  /tmp/cc2vUB2H.s 			page 57


 3193 0158 05       		.uleb128 0x5
 3194 0159 57       		.uleb128 0x57
 3195 015a 21       		.uleb128 0x21
 3196 015b 03       		.sleb128 3
 3197 015c 00       		.byte	0
 3198 015d 00       		.byte	0
 3199 015e 1A       		.uleb128 0x1a
 3200 015f 05       		.uleb128 0x5
 3201 0160 00       		.byte	0
 3202 0161 03       		.uleb128 0x3
 3203 0162 08       		.uleb128 0x8
 3204 0163 3A       		.uleb128 0x3a
 3205 0164 21       		.uleb128 0x21
 3206 0165 01       		.sleb128 1
 3207 0166 3B       		.uleb128 0x3b
 3208 0167 0B       		.uleb128 0xb
 3209 0168 39       		.uleb128 0x39
 3210 0169 0B       		.uleb128 0xb
 3211 016a 49       		.uleb128 0x49
 3212 016b 13       		.uleb128 0x13
 3213 016c 02       		.uleb128 0x2
 3214 016d 17       		.uleb128 0x17
 3215 016e B742     		.uleb128 0x2137
 3216 0170 17       		.uleb128 0x17
 3217 0171 00       		.byte	0
 3218 0172 00       		.byte	0
 3219 0173 1B       		.uleb128 0x1b
 3220 0174 2E       		.uleb128 0x2e
 3221 0175 01       		.byte	0x1
 3222 0176 3F       		.uleb128 0x3f
 3223 0177 19       		.uleb128 0x19
 3224 0178 03       		.uleb128 0x3
 3225 0179 0E       		.uleb128 0xe
 3226 017a 3A       		.uleb128 0x3a
 3227 017b 21       		.uleb128 0x21
 3228 017c 01       		.sleb128 1
 3229 017d 3B       		.uleb128 0x3b
 3230 017e 0B       		.uleb128 0xb
 3231 017f 39       		.uleb128 0x39
 3232 0180 21       		.uleb128 0x21
 3233 0181 06       		.sleb128 6
 3234 0182 27       		.uleb128 0x27
 3235 0183 19       		.uleb128 0x19
 3236 0184 20       		.uleb128 0x20
 3237 0185 21       		.uleb128 0x21
 3238 0186 01       		.sleb128 1
 3239 0187 01       		.uleb128 0x1
 3240 0188 13       		.uleb128 0x13
 3241 0189 00       		.byte	0
 3242 018a 00       		.byte	0
 3243 018b 1C       		.uleb128 0x1c
 3244 018c 1D       		.uleb128 0x1d
 3245 018d 01       		.byte	0x1
 3246 018e 31       		.uleb128 0x31
 3247 018f 13       		.uleb128 0x13
 3248 0190 52       		.uleb128 0x52
 3249 0191 01       		.uleb128 0x1
ARM GAS  /tmp/cc2vUB2H.s 			page 58


 3250 0192 B842     		.uleb128 0x2138
 3251 0194 0B       		.uleb128 0xb
 3252 0195 11       		.uleb128 0x11
 3253 0196 01       		.uleb128 0x1
 3254 0197 12       		.uleb128 0x12
 3255 0198 06       		.uleb128 0x6
 3256 0199 58       		.uleb128 0x58
 3257 019a 21       		.uleb128 0x21
 3258 019b 01       		.sleb128 1
 3259 019c 59       		.uleb128 0x59
 3260 019d 0B       		.uleb128 0xb
 3261 019e 57       		.uleb128 0x57
 3262 019f 21       		.uleb128 0x21
 3263 01a0 03       		.sleb128 3
 3264 01a1 01       		.uleb128 0x1
 3265 01a2 13       		.uleb128 0x13
 3266 01a3 00       		.byte	0
 3267 01a4 00       		.byte	0
 3268 01a5 1D       		.uleb128 0x1d
 3269 01a6 2E       		.uleb128 0x2e
 3270 01a7 01       		.byte	0x1
 3271 01a8 31       		.uleb128 0x31
 3272 01a9 13       		.uleb128 0x13
 3273 01aa 11       		.uleb128 0x11
 3274 01ab 01       		.uleb128 0x1
 3275 01ac 12       		.uleb128 0x12
 3276 01ad 06       		.uleb128 0x6
 3277 01ae 40       		.uleb128 0x40
 3278 01af 18       		.uleb128 0x18
 3279 01b0 7A       		.uleb128 0x7a
 3280 01b1 19       		.uleb128 0x19
 3281 01b2 01       		.uleb128 0x1
 3282 01b3 13       		.uleb128 0x13
 3283 01b4 00       		.byte	0
 3284 01b5 00       		.byte	0
 3285 01b6 1E       		.uleb128 0x1e
 3286 01b7 13       		.uleb128 0x13
 3287 01b8 01       		.byte	0x1
 3288 01b9 03       		.uleb128 0x3
 3289 01ba 0E       		.uleb128 0xe
 3290 01bb 0B       		.uleb128 0xb
 3291 01bc 0B       		.uleb128 0xb
 3292 01bd 3A       		.uleb128 0x3a
 3293 01be 0B       		.uleb128 0xb
 3294 01bf 3B       		.uleb128 0x3b
 3295 01c0 0B       		.uleb128 0xb
 3296 01c1 39       		.uleb128 0x39
 3297 01c2 0B       		.uleb128 0xb
 3298 01c3 01       		.uleb128 0x1
 3299 01c4 13       		.uleb128 0x13
 3300 01c5 00       		.byte	0
 3301 01c6 00       		.byte	0
 3302 01c7 1F       		.uleb128 0x1f
 3303 01c8 2E       		.uleb128 0x2e
 3304 01c9 01       		.byte	0x1
 3305 01ca 3F       		.uleb128 0x3f
 3306 01cb 19       		.uleb128 0x19
ARM GAS  /tmp/cc2vUB2H.s 			page 59


 3307 01cc 03       		.uleb128 0x3
 3308 01cd 0E       		.uleb128 0xe
 3309 01ce 3A       		.uleb128 0x3a
 3310 01cf 21       		.uleb128 0x21
 3311 01d0 0B       		.sleb128 11
 3312 01d1 3B       		.uleb128 0x3b
 3313 01d2 0B       		.uleb128 0xb
 3314 01d3 39       		.uleb128 0x39
 3315 01d4 21       		.uleb128 0x21
 3316 01d5 08       		.sleb128 8
 3317 01d6 27       		.uleb128 0x27
 3318 01d7 19       		.uleb128 0x19
 3319 01d8 3C       		.uleb128 0x3c
 3320 01d9 19       		.uleb128 0x19
 3321 01da 01       		.uleb128 0x1
 3322 01db 13       		.uleb128 0x13
 3323 01dc 00       		.byte	0
 3324 01dd 00       		.byte	0
 3325 01de 20       		.uleb128 0x20
 3326 01df 1D       		.uleb128 0x1d
 3327 01e0 01       		.byte	0x1
 3328 01e1 31       		.uleb128 0x31
 3329 01e2 13       		.uleb128 0x13
 3330 01e3 52       		.uleb128 0x52
 3331 01e4 01       		.uleb128 0x1
 3332 01e5 B842     		.uleb128 0x2138
 3333 01e7 0B       		.uleb128 0xb
 3334 01e8 55       		.uleb128 0x55
 3335 01e9 17       		.uleb128 0x17
 3336 01ea 58       		.uleb128 0x58
 3337 01eb 21       		.uleb128 0x21
 3338 01ec 01       		.sleb128 1
 3339 01ed 59       		.uleb128 0x59
 3340 01ee 0B       		.uleb128 0xb
 3341 01ef 57       		.uleb128 0x57
 3342 01f0 0B       		.uleb128 0xb
 3343 01f1 01       		.uleb128 0x1
 3344 01f2 13       		.uleb128 0x13
 3345 01f3 00       		.byte	0
 3346 01f4 00       		.byte	0
 3347 01f5 21       		.uleb128 0x21
 3348 01f6 1D       		.uleb128 0x1d
 3349 01f7 01       		.byte	0x1
 3350 01f8 31       		.uleb128 0x31
 3351 01f9 13       		.uleb128 0x13
 3352 01fa 52       		.uleb128 0x52
 3353 01fb 01       		.uleb128 0x1
 3354 01fc B842     		.uleb128 0x2138
 3355 01fe 0B       		.uleb128 0xb
 3356 01ff 55       		.uleb128 0x55
 3357 0200 17       		.uleb128 0x17
 3358 0201 58       		.uleb128 0x58
 3359 0202 21       		.uleb128 0x21
 3360 0203 01       		.sleb128 1
 3361 0204 59       		.uleb128 0x59
 3362 0205 0B       		.uleb128 0xb
 3363 0206 57       		.uleb128 0x57
ARM GAS  /tmp/cc2vUB2H.s 			page 60


 3364 0207 0B       		.uleb128 0xb
 3365 0208 00       		.byte	0
 3366 0209 00       		.byte	0
 3367 020a 22       		.uleb128 0x22
 3368 020b 2E       		.uleb128 0x2e
 3369 020c 01       		.byte	0x1
 3370 020d 03       		.uleb128 0x3
 3371 020e 0E       		.uleb128 0xe
 3372 020f 3A       		.uleb128 0x3a
 3373 0210 0B       		.uleb128 0xb
 3374 0211 3B       		.uleb128 0x3b
 3375 0212 05       		.uleb128 0x5
 3376 0213 39       		.uleb128 0x39
 3377 0214 21       		.uleb128 0x21
 3378 0215 14       		.sleb128 20
 3379 0216 27       		.uleb128 0x27
 3380 0217 19       		.uleb128 0x19
 3381 0218 20       		.uleb128 0x20
 3382 0219 21       		.uleb128 0x21
 3383 021a 03       		.sleb128 3
 3384 021b 01       		.uleb128 0x1
 3385 021c 13       		.uleb128 0x13
 3386 021d 00       		.byte	0
 3387 021e 00       		.byte	0
 3388 021f 23       		.uleb128 0x23
 3389 0220 2E       		.uleb128 0x2e
 3390 0221 00       		.byte	0
 3391 0222 03       		.uleb128 0x3
 3392 0223 0E       		.uleb128 0xe
 3393 0224 3A       		.uleb128 0x3a
 3394 0225 0B       		.uleb128 0xb
 3395 0226 3B       		.uleb128 0x3b
 3396 0227 05       		.uleb128 0x5
 3397 0228 39       		.uleb128 0x39
 3398 0229 21       		.uleb128 0x21
 3399 022a 14       		.sleb128 20
 3400 022b 27       		.uleb128 0x27
 3401 022c 19       		.uleb128 0x19
 3402 022d 20       		.uleb128 0x20
 3403 022e 21       		.uleb128 0x21
 3404 022f 03       		.sleb128 3
 3405 0230 00       		.byte	0
 3406 0231 00       		.byte	0
 3407 0232 24       		.uleb128 0x24
 3408 0233 0D       		.uleb128 0xd
 3409 0234 00       		.byte	0
 3410 0235 03       		.uleb128 0x3
 3411 0236 08       		.uleb128 0x8
 3412 0237 3A       		.uleb128 0x3a
 3413 0238 0B       		.uleb128 0xb
 3414 0239 3B       		.uleb128 0x3b
 3415 023a 0B       		.uleb128 0xb
 3416 023b 39       		.uleb128 0x39
 3417 023c 21       		.uleb128 0x21
 3418 023d 19       		.sleb128 25
 3419 023e 49       		.uleb128 0x49
 3420 023f 13       		.uleb128 0x13
ARM GAS  /tmp/cc2vUB2H.s 			page 61


 3421 0240 38       		.uleb128 0x38
 3422 0241 0B       		.uleb128 0xb
 3423 0242 00       		.byte	0
 3424 0243 00       		.byte	0
 3425 0244 25       		.uleb128 0x25
 3426 0245 13       		.uleb128 0x13
 3427 0246 01       		.byte	0x1
 3428 0247 0B       		.uleb128 0xb
 3429 0248 0B       		.uleb128 0xb
 3430 0249 3A       		.uleb128 0x3a
 3431 024a 21       		.uleb128 0x21
 3432 024b 02       		.sleb128 2
 3433 024c 3B       		.uleb128 0x3b
 3434 024d 0B       		.uleb128 0xb
 3435 024e 39       		.uleb128 0x39
 3436 024f 21       		.uleb128 0x21
 3437 0250 09       		.sleb128 9
 3438 0251 01       		.uleb128 0x1
 3439 0252 13       		.uleb128 0x13
 3440 0253 00       		.byte	0
 3441 0254 00       		.byte	0
 3442 0255 26       		.uleb128 0x26
 3443 0256 2E       		.uleb128 0x2e
 3444 0257 01       		.byte	0x1
 3445 0258 3F       		.uleb128 0x3f
 3446 0259 19       		.uleb128 0x19
 3447 025a 03       		.uleb128 0x3
 3448 025b 0E       		.uleb128 0xe
 3449 025c 3A       		.uleb128 0x3a
 3450 025d 21       		.uleb128 0x21
 3451 025e 01       		.sleb128 1
 3452 025f 3B       		.uleb128 0x3b
 3453 0260 05       		.uleb128 0x5
 3454 0261 39       		.uleb128 0x39
 3455 0262 21       		.uleb128 0x21
 3456 0263 06       		.sleb128 6
 3457 0264 27       		.uleb128 0x27
 3458 0265 19       		.uleb128 0x19
 3459 0266 11       		.uleb128 0x11
 3460 0267 01       		.uleb128 0x1
 3461 0268 12       		.uleb128 0x12
 3462 0269 06       		.uleb128 0x6
 3463 026a 40       		.uleb128 0x40
 3464 026b 18       		.uleb128 0x18
 3465 026c 7A       		.uleb128 0x7a
 3466 026d 19       		.uleb128 0x19
 3467 026e 01       		.uleb128 0x1
 3468 026f 13       		.uleb128 0x13
 3469 0270 00       		.byte	0
 3470 0271 00       		.byte	0
 3471 0272 27       		.uleb128 0x27
 3472 0273 1D       		.uleb128 0x1d
 3473 0274 01       		.byte	0x1
 3474 0275 31       		.uleb128 0x31
 3475 0276 13       		.uleb128 0x13
 3476 0277 52       		.uleb128 0x52
 3477 0278 01       		.uleb128 0x1
ARM GAS  /tmp/cc2vUB2H.s 			page 62


 3478 0279 B842     		.uleb128 0x2138
 3479 027b 0B       		.uleb128 0xb
 3480 027c 11       		.uleb128 0x11
 3481 027d 01       		.uleb128 0x1
 3482 027e 12       		.uleb128 0x12
 3483 027f 06       		.uleb128 0x6
 3484 0280 58       		.uleb128 0x58
 3485 0281 0B       		.uleb128 0xb
 3486 0282 59       		.uleb128 0x59
 3487 0283 05       		.uleb128 0x5
 3488 0284 57       		.uleb128 0x57
 3489 0285 0B       		.uleb128 0xb
 3490 0286 00       		.byte	0
 3491 0287 00       		.byte	0
 3492 0288 28       		.uleb128 0x28
 3493 0289 48       		.uleb128 0x48
 3494 028a 00       		.byte	0
 3495 028b 7D       		.uleb128 0x7d
 3496 028c 01       		.uleb128 0x1
 3497 028d 7F       		.uleb128 0x7f
 3498 028e 13       		.uleb128 0x13
 3499 028f 00       		.byte	0
 3500 0290 00       		.byte	0
 3501 0291 29       		.uleb128 0x29
 3502 0292 48       		.uleb128 0x48
 3503 0293 01       		.byte	0x1
 3504 0294 7D       		.uleb128 0x7d
 3505 0295 01       		.uleb128 0x1
 3506 0296 8201     		.uleb128 0x82
 3507 0298 19       		.uleb128 0x19
 3508 0299 7F       		.uleb128 0x7f
 3509 029a 13       		.uleb128 0x13
 3510 029b 00       		.byte	0
 3511 029c 00       		.byte	0
 3512 029d 2A       		.uleb128 0x2a
 3513 029e 2E       		.uleb128 0x2e
 3514 029f 01       		.byte	0x1
 3515 02a0 3F       		.uleb128 0x3f
 3516 02a1 19       		.uleb128 0x19
 3517 02a2 03       		.uleb128 0x3
 3518 02a3 0E       		.uleb128 0xe
 3519 02a4 3A       		.uleb128 0x3a
 3520 02a5 21       		.uleb128 0x21
 3521 02a6 01       		.sleb128 1
 3522 02a7 3B       		.uleb128 0x3b
 3523 02a8 0B       		.uleb128 0xb
 3524 02a9 39       		.uleb128 0x39
 3525 02aa 21       		.uleb128 0x21
 3526 02ab 06       		.sleb128 6
 3527 02ac 27       		.uleb128 0x27
 3528 02ad 19       		.uleb128 0x19
 3529 02ae 11       		.uleb128 0x11
 3530 02af 01       		.uleb128 0x1
 3531 02b0 12       		.uleb128 0x12
 3532 02b1 06       		.uleb128 0x6
 3533 02b2 40       		.uleb128 0x40
 3534 02b3 18       		.uleb128 0x18
ARM GAS  /tmp/cc2vUB2H.s 			page 63


 3535 02b4 7A       		.uleb128 0x7a
 3536 02b5 19       		.uleb128 0x19
 3537 02b6 01       		.uleb128 0x1
 3538 02b7 13       		.uleb128 0x13
 3539 02b8 00       		.byte	0
 3540 02b9 00       		.byte	0
 3541 02ba 2B       		.uleb128 0x2b
 3542 02bb 05       		.uleb128 0x5
 3543 02bc 00       		.byte	0
 3544 02bd 03       		.uleb128 0x3
 3545 02be 0E       		.uleb128 0xe
 3546 02bf 3A       		.uleb128 0x3a
 3547 02c0 21       		.uleb128 0x21
 3548 02c1 01       		.sleb128 1
 3549 02c2 3B       		.uleb128 0x3b
 3550 02c3 0B       		.uleb128 0xb
 3551 02c4 39       		.uleb128 0x39
 3552 02c5 0B       		.uleb128 0xb
 3553 02c6 49       		.uleb128 0x49
 3554 02c7 13       		.uleb128 0x13
 3555 02c8 02       		.uleb128 0x2
 3556 02c9 17       		.uleb128 0x17
 3557 02ca B742     		.uleb128 0x2137
 3558 02cc 17       		.uleb128 0x17
 3559 02cd 00       		.byte	0
 3560 02ce 00       		.byte	0
 3561 02cf 2C       		.uleb128 0x2c
 3562 02d0 2E       		.uleb128 0x2e
 3563 02d1 01       		.byte	0x1
 3564 02d2 31       		.uleb128 0x31
 3565 02d3 13       		.uleb128 0x13
 3566 02d4 11       		.uleb128 0x11
 3567 02d5 01       		.uleb128 0x1
 3568 02d6 12       		.uleb128 0x12
 3569 02d7 06       		.uleb128 0x6
 3570 02d8 40       		.uleb128 0x40
 3571 02d9 18       		.uleb128 0x18
 3572 02da 01       		.uleb128 0x1
 3573 02db 13       		.uleb128 0x13
 3574 02dc 00       		.byte	0
 3575 02dd 00       		.byte	0
 3576 02de 2D       		.uleb128 0x2d
 3577 02df 34       		.uleb128 0x34
 3578 02e0 00       		.byte	0
 3579 02e1 31       		.uleb128 0x31
 3580 02e2 13       		.uleb128 0x13
 3581 02e3 02       		.uleb128 0x2
 3582 02e4 18       		.uleb128 0x18
 3583 02e5 00       		.byte	0
 3584 02e6 00       		.byte	0
 3585 02e7 2E       		.uleb128 0x2e
 3586 02e8 11       		.uleb128 0x11
 3587 02e9 01       		.byte	0x1
 3588 02ea 25       		.uleb128 0x25
 3589 02eb 0E       		.uleb128 0xe
 3590 02ec 13       		.uleb128 0x13
 3591 02ed 0B       		.uleb128 0xb
ARM GAS  /tmp/cc2vUB2H.s 			page 64


 3592 02ee 03       		.uleb128 0x3
 3593 02ef 0E       		.uleb128 0xe
 3594 02f0 1B       		.uleb128 0x1b
 3595 02f1 0E       		.uleb128 0xe
 3596 02f2 55       		.uleb128 0x55
 3597 02f3 17       		.uleb128 0x17
 3598 02f4 11       		.uleb128 0x11
 3599 02f5 01       		.uleb128 0x1
 3600 02f6 10       		.uleb128 0x10
 3601 02f7 17       		.uleb128 0x17
 3602 02f8 00       		.byte	0
 3603 02f9 00       		.byte	0
 3604 02fa 2F       		.uleb128 0x2f
 3605 02fb 24       		.uleb128 0x24
 3606 02fc 00       		.byte	0
 3607 02fd 0B       		.uleb128 0xb
 3608 02fe 0B       		.uleb128 0xb
 3609 02ff 3E       		.uleb128 0x3e
 3610 0300 0B       		.uleb128 0xb
 3611 0301 03       		.uleb128 0x3
 3612 0302 08       		.uleb128 0x8
 3613 0303 00       		.byte	0
 3614 0304 00       		.byte	0
 3615 0305 30       		.uleb128 0x30
 3616 0306 0F       		.uleb128 0xf
 3617 0307 00       		.byte	0
 3618 0308 0B       		.uleb128 0xb
 3619 0309 0B       		.uleb128 0xb
 3620 030a 00       		.byte	0
 3621 030b 00       		.byte	0
 3622 030c 31       		.uleb128 0x31
 3623 030d 15       		.uleb128 0x15
 3624 030e 01       		.byte	0x1
 3625 030f 27       		.uleb128 0x27
 3626 0310 19       		.uleb128 0x19
 3627 0311 49       		.uleb128 0x49
 3628 0312 13       		.uleb128 0x13
 3629 0313 01       		.uleb128 0x1
 3630 0314 13       		.uleb128 0x13
 3631 0315 00       		.byte	0
 3632 0316 00       		.byte	0
 3633 0317 32       		.uleb128 0x32
 3634 0318 2E       		.uleb128 0x2e
 3635 0319 00       		.byte	0
 3636 031a 3F       		.uleb128 0x3f
 3637 031b 19       		.uleb128 0x19
 3638 031c 03       		.uleb128 0x3
 3639 031d 0E       		.uleb128 0xe
 3640 031e 3A       		.uleb128 0x3a
 3641 031f 0B       		.uleb128 0xb
 3642 0320 3B       		.uleb128 0x3b
 3643 0321 0B       		.uleb128 0xb
 3644 0322 39       		.uleb128 0x39
 3645 0323 0B       		.uleb128 0xb
 3646 0324 27       		.uleb128 0x27
 3647 0325 19       		.uleb128 0x19
 3648 0326 3C       		.uleb128 0x3c
ARM GAS  /tmp/cc2vUB2H.s 			page 65


 3649 0327 19       		.uleb128 0x19
 3650 0328 00       		.byte	0
 3651 0329 00       		.byte	0
 3652 032a 33       		.uleb128 0x33
 3653 032b 2E       		.uleb128 0x2e
 3654 032c 01       		.byte	0x1
 3655 032d 3F       		.uleb128 0x3f
 3656 032e 19       		.uleb128 0x19
 3657 032f 03       		.uleb128 0x3
 3658 0330 0E       		.uleb128 0xe
 3659 0331 3A       		.uleb128 0x3a
 3660 0332 0B       		.uleb128 0xb
 3661 0333 3B       		.uleb128 0x3b
 3662 0334 0B       		.uleb128 0xb
 3663 0335 39       		.uleb128 0x39
 3664 0336 0B       		.uleb128 0xb
 3665 0337 27       		.uleb128 0x27
 3666 0338 19       		.uleb128 0x19
 3667 0339 49       		.uleb128 0x49
 3668 033a 13       		.uleb128 0x13
 3669 033b 3C       		.uleb128 0x3c
 3670 033c 19       		.uleb128 0x19
 3671 033d 01       		.uleb128 0x1
 3672 033e 13       		.uleb128 0x13
 3673 033f 00       		.byte	0
 3674 0340 00       		.byte	0
 3675 0341 34       		.uleb128 0x34
 3676 0342 2E       		.uleb128 0x2e
 3677 0343 01       		.byte	0x1
 3678 0344 3F       		.uleb128 0x3f
 3679 0345 19       		.uleb128 0x19
 3680 0346 03       		.uleb128 0x3
 3681 0347 0E       		.uleb128 0xe
 3682 0348 3A       		.uleb128 0x3a
 3683 0349 0B       		.uleb128 0xb
 3684 034a 3B       		.uleb128 0x3b
 3685 034b 05       		.uleb128 0x5
 3686 034c 39       		.uleb128 0x39
 3687 034d 0B       		.uleb128 0xb
 3688 034e 27       		.uleb128 0x27
 3689 034f 19       		.uleb128 0x19
 3690 0350 20       		.uleb128 0x20
 3691 0351 0B       		.uleb128 0xb
 3692 0352 01       		.uleb128 0x1
 3693 0353 13       		.uleb128 0x13
 3694 0354 00       		.byte	0
 3695 0355 00       		.byte	0
 3696 0356 35       		.uleb128 0x35
 3697 0357 2E       		.uleb128 0x2e
 3698 0358 01       		.byte	0x1
 3699 0359 3F       		.uleb128 0x3f
 3700 035a 19       		.uleb128 0x19
 3701 035b 03       		.uleb128 0x3
 3702 035c 0E       		.uleb128 0xe
 3703 035d 3A       		.uleb128 0x3a
 3704 035e 0B       		.uleb128 0xb
 3705 035f 3B       		.uleb128 0x3b
ARM GAS  /tmp/cc2vUB2H.s 			page 66


 3706 0360 05       		.uleb128 0x5
 3707 0361 39       		.uleb128 0x39
 3708 0362 0B       		.uleb128 0xb
 3709 0363 27       		.uleb128 0x27
 3710 0364 19       		.uleb128 0x19
 3711 0365 49       		.uleb128 0x49
 3712 0366 13       		.uleb128 0x13
 3713 0367 11       		.uleb128 0x11
 3714 0368 01       		.uleb128 0x1
 3715 0369 12       		.uleb128 0x12
 3716 036a 06       		.uleb128 0x6
 3717 036b 40       		.uleb128 0x40
 3718 036c 18       		.uleb128 0x18
 3719 036d 7C       		.uleb128 0x7c
 3720 036e 19       		.uleb128 0x19
 3721 036f 01       		.uleb128 0x1
 3722 0370 13       		.uleb128 0x13
 3723 0371 00       		.byte	0
 3724 0372 00       		.byte	0
 3725 0373 36       		.uleb128 0x36
 3726 0374 05       		.uleb128 0x5
 3727 0375 00       		.byte	0
 3728 0376 03       		.uleb128 0x3
 3729 0377 0E       		.uleb128 0xe
 3730 0378 3A       		.uleb128 0x3a
 3731 0379 0B       		.uleb128 0xb
 3732 037a 3B       		.uleb128 0x3b
 3733 037b 05       		.uleb128 0x5
 3734 037c 39       		.uleb128 0x39
 3735 037d 0B       		.uleb128 0xb
 3736 037e 49       		.uleb128 0x49
 3737 037f 13       		.uleb128 0x13
 3738 0380 02       		.uleb128 0x2
 3739 0381 17       		.uleb128 0x17
 3740 0382 B742     		.uleb128 0x2137
 3741 0384 17       		.uleb128 0x17
 3742 0385 00       		.byte	0
 3743 0386 00       		.byte	0
 3744 0387 37       		.uleb128 0x37
 3745 0388 34       		.uleb128 0x34
 3746 0389 00       		.byte	0
 3747 038a 03       		.uleb128 0x3
 3748 038b 08       		.uleb128 0x8
 3749 038c 3A       		.uleb128 0x3a
 3750 038d 0B       		.uleb128 0xb
 3751 038e 3B       		.uleb128 0x3b
 3752 038f 05       		.uleb128 0x5
 3753 0390 39       		.uleb128 0x39
 3754 0391 0B       		.uleb128 0xb
 3755 0392 49       		.uleb128 0x49
 3756 0393 13       		.uleb128 0x13
 3757 0394 02       		.uleb128 0x2
 3758 0395 17       		.uleb128 0x17
 3759 0396 B742     		.uleb128 0x2137
 3760 0398 17       		.uleb128 0x17
 3761 0399 00       		.byte	0
 3762 039a 00       		.byte	0
ARM GAS  /tmp/cc2vUB2H.s 			page 67


 3763 039b 38       		.uleb128 0x38
 3764 039c 1D       		.uleb128 0x1d
 3765 039d 01       		.byte	0x1
 3766 039e 31       		.uleb128 0x31
 3767 039f 13       		.uleb128 0x13
 3768 03a0 52       		.uleb128 0x52
 3769 03a1 01       		.uleb128 0x1
 3770 03a2 B842     		.uleb128 0x2138
 3771 03a4 0B       		.uleb128 0xb
 3772 03a5 55       		.uleb128 0x55
 3773 03a6 17       		.uleb128 0x17
 3774 03a7 58       		.uleb128 0x58
 3775 03a8 0B       		.uleb128 0xb
 3776 03a9 59       		.uleb128 0x59
 3777 03aa 05       		.uleb128 0x5
 3778 03ab 57       		.uleb128 0x57
 3779 03ac 0B       		.uleb128 0xb
 3780 03ad 00       		.byte	0
 3781 03ae 00       		.byte	0
 3782 03af 39       		.uleb128 0x39
 3783 03b0 2E       		.uleb128 0x2e
 3784 03b1 01       		.byte	0x1
 3785 03b2 3F       		.uleb128 0x3f
 3786 03b3 19       		.uleb128 0x19
 3787 03b4 03       		.uleb128 0x3
 3788 03b5 0E       		.uleb128 0xe
 3789 03b6 3A       		.uleb128 0x3a
 3790 03b7 0B       		.uleb128 0xb
 3791 03b8 3B       		.uleb128 0x3b
 3792 03b9 05       		.uleb128 0x5
 3793 03ba 39       		.uleb128 0x39
 3794 03bb 0B       		.uleb128 0xb
 3795 03bc 27       		.uleb128 0x27
 3796 03bd 19       		.uleb128 0x19
 3797 03be 49       		.uleb128 0x49
 3798 03bf 13       		.uleb128 0x13
 3799 03c0 20       		.uleb128 0x20
 3800 03c1 0B       		.uleb128 0xb
 3801 03c2 01       		.uleb128 0x1
 3802 03c3 13       		.uleb128 0x13
 3803 03c4 00       		.byte	0
 3804 03c5 00       		.byte	0
 3805 03c6 3A       		.uleb128 0x3a
 3806 03c7 34       		.uleb128 0x34
 3807 03c8 00       		.byte	0
 3808 03c9 03       		.uleb128 0x3
 3809 03ca 08       		.uleb128 0x8
 3810 03cb 3A       		.uleb128 0x3a
 3811 03cc 0B       		.uleb128 0xb
 3812 03cd 3B       		.uleb128 0x3b
 3813 03ce 05       		.uleb128 0x5
 3814 03cf 39       		.uleb128 0x39
 3815 03d0 0B       		.uleb128 0xb
 3816 03d1 49       		.uleb128 0x49
 3817 03d2 13       		.uleb128 0x13
 3818 03d3 00       		.byte	0
 3819 03d4 00       		.byte	0
ARM GAS  /tmp/cc2vUB2H.s 			page 68


 3820 03d5 3B       		.uleb128 0x3b
 3821 03d6 0B       		.uleb128 0xb
 3822 03d7 00       		.byte	0
 3823 03d8 55       		.uleb128 0x55
 3824 03d9 17       		.uleb128 0x17
 3825 03da 00       		.byte	0
 3826 03db 00       		.byte	0
 3827 03dc 3C       		.uleb128 0x3c
 3828 03dd 34       		.uleb128 0x34
 3829 03de 00       		.byte	0
 3830 03df 03       		.uleb128 0x3
 3831 03e0 08       		.uleb128 0x8
 3832 03e1 3A       		.uleb128 0x3a
 3833 03e2 0B       		.uleb128 0xb
 3834 03e3 3B       		.uleb128 0x3b
 3835 03e4 0B       		.uleb128 0xb
 3836 03e5 39       		.uleb128 0x39
 3837 03e6 0B       		.uleb128 0xb
 3838 03e7 49       		.uleb128 0x49
 3839 03e8 13       		.uleb128 0x13
 3840 03e9 00       		.byte	0
 3841 03ea 00       		.byte	0
 3842 03eb 3D       		.uleb128 0x3d
 3843 03ec 2E       		.uleb128 0x2e
 3844 03ed 01       		.byte	0x1
 3845 03ee 3F       		.uleb128 0x3f
 3846 03ef 19       		.uleb128 0x19
 3847 03f0 03       		.uleb128 0x3
 3848 03f1 0E       		.uleb128 0xe
 3849 03f2 3A       		.uleb128 0x3a
 3850 03f3 0B       		.uleb128 0xb
 3851 03f4 3B       		.uleb128 0x3b
 3852 03f5 0B       		.uleb128 0xb
 3853 03f6 39       		.uleb128 0x39
 3854 03f7 0B       		.uleb128 0xb
 3855 03f8 27       		.uleb128 0x27
 3856 03f9 19       		.uleb128 0x19
 3857 03fa 49       		.uleb128 0x49
 3858 03fb 13       		.uleb128 0x13
 3859 03fc 11       		.uleb128 0x11
 3860 03fd 01       		.uleb128 0x1
 3861 03fe 12       		.uleb128 0x12
 3862 03ff 06       		.uleb128 0x6
 3863 0400 40       		.uleb128 0x40
 3864 0401 18       		.uleb128 0x18
 3865 0402 7C       		.uleb128 0x7c
 3866 0403 19       		.uleb128 0x19
 3867 0404 01       		.uleb128 0x1
 3868 0405 13       		.uleb128 0x13
 3869 0406 00       		.byte	0
 3870 0407 00       		.byte	0
 3871 0408 3E       		.uleb128 0x3e
 3872 0409 34       		.uleb128 0x34
 3873 040a 00       		.byte	0
 3874 040b 03       		.uleb128 0x3
 3875 040c 0E       		.uleb128 0xe
 3876 040d 3A       		.uleb128 0x3a
ARM GAS  /tmp/cc2vUB2H.s 			page 69


 3877 040e 0B       		.uleb128 0xb
 3878 040f 3B       		.uleb128 0x3b
 3879 0410 0B       		.uleb128 0xb
 3880 0411 39       		.uleb128 0x39
 3881 0412 0B       		.uleb128 0xb
 3882 0413 49       		.uleb128 0x49
 3883 0414 13       		.uleb128 0x13
 3884 0415 02       		.uleb128 0x2
 3885 0416 17       		.uleb128 0x17
 3886 0417 B742     		.uleb128 0x2137
 3887 0419 17       		.uleb128 0x17
 3888 041a 00       		.byte	0
 3889 041b 00       		.byte	0
 3890 041c 3F       		.uleb128 0x3f
 3891 041d 2E       		.uleb128 0x2e
 3892 041e 01       		.byte	0x1
 3893 041f 3F       		.uleb128 0x3f
 3894 0420 19       		.uleb128 0x19
 3895 0421 03       		.uleb128 0x3
 3896 0422 0E       		.uleb128 0xe
 3897 0423 3A       		.uleb128 0x3a
 3898 0424 0B       		.uleb128 0xb
 3899 0425 3B       		.uleb128 0x3b
 3900 0426 0B       		.uleb128 0xb
 3901 0427 39       		.uleb128 0x39
 3902 0428 0B       		.uleb128 0xb
 3903 0429 27       		.uleb128 0x27
 3904 042a 19       		.uleb128 0x19
 3905 042b 49       		.uleb128 0x49
 3906 042c 13       		.uleb128 0x13
 3907 042d 20       		.uleb128 0x20
 3908 042e 0B       		.uleb128 0xb
 3909 042f 01       		.uleb128 0x1
 3910 0430 13       		.uleb128 0x13
 3911 0431 00       		.byte	0
 3912 0432 00       		.byte	0
 3913 0433 40       		.uleb128 0x40
 3914 0434 34       		.uleb128 0x34
 3915 0435 00       		.byte	0
 3916 0436 03       		.uleb128 0x3
 3917 0437 0E       		.uleb128 0xe
 3918 0438 3A       		.uleb128 0x3a
 3919 0439 0B       		.uleb128 0xb
 3920 043a 3B       		.uleb128 0x3b
 3921 043b 0B       		.uleb128 0xb
 3922 043c 39       		.uleb128 0x39
 3923 043d 0B       		.uleb128 0xb
 3924 043e 49       		.uleb128 0x49
 3925 043f 13       		.uleb128 0x13
 3926 0440 00       		.byte	0
 3927 0441 00       		.byte	0
 3928 0442 41       		.uleb128 0x41
 3929 0443 05       		.uleb128 0x5
 3930 0444 00       		.byte	0
 3931 0445 03       		.uleb128 0x3
 3932 0446 08       		.uleb128 0x8
 3933 0447 3A       		.uleb128 0x3a
ARM GAS  /tmp/cc2vUB2H.s 			page 70


 3934 0448 0B       		.uleb128 0xb
 3935 0449 3B       		.uleb128 0x3b
 3936 044a 0B       		.uleb128 0xb
 3937 044b 39       		.uleb128 0x39
 3938 044c 0B       		.uleb128 0xb
 3939 044d 49       		.uleb128 0x49
 3940 044e 13       		.uleb128 0x13
 3941 044f 02       		.uleb128 0x2
 3942 0450 18       		.uleb128 0x18
 3943 0451 00       		.byte	0
 3944 0452 00       		.byte	0
 3945 0453 42       		.uleb128 0x42
 3946 0454 2E       		.uleb128 0x2e
 3947 0455 01       		.byte	0x1
 3948 0456 03       		.uleb128 0x3
 3949 0457 0E       		.uleb128 0xe
 3950 0458 3A       		.uleb128 0x3a
 3951 0459 0B       		.uleb128 0xb
 3952 045a 3B       		.uleb128 0x3b
 3953 045b 0B       		.uleb128 0xb
 3954 045c 39       		.uleb128 0x39
 3955 045d 0B       		.uleb128 0xb
 3956 045e 27       		.uleb128 0x27
 3957 045f 19       		.uleb128 0x19
 3958 0460 20       		.uleb128 0x20
 3959 0461 0B       		.uleb128 0xb
 3960 0462 01       		.uleb128 0x1
 3961 0463 13       		.uleb128 0x13
 3962 0464 00       		.byte	0
 3963 0465 00       		.byte	0
 3964 0466 43       		.uleb128 0x43
 3965 0467 2E       		.uleb128 0x2e
 3966 0468 01       		.byte	0x1
 3967 0469 31       		.uleb128 0x31
 3968 046a 13       		.uleb128 0x13
 3969 046b 11       		.uleb128 0x11
 3970 046c 01       		.uleb128 0x1
 3971 046d 12       		.uleb128 0x12
 3972 046e 06       		.uleb128 0x6
 3973 046f 40       		.uleb128 0x40
 3974 0470 18       		.uleb128 0x18
 3975 0471 7A       		.uleb128 0x7a
 3976 0472 19       		.uleb128 0x19
 3977 0473 00       		.byte	0
 3978 0474 00       		.byte	0
 3979 0475 00       		.byte	0
 3980              		.section	.debug_loclists,"",%progbits
 3981 0000 7E050000 		.4byte	.Ldebug_loc3-.Ldebug_loc2
 3982              	.Ldebug_loc2:
 3983 0004 0500     		.2byte	0x5
 3984 0006 04       		.byte	0x4
 3985 0007 00       		.byte	0
 3986 0008 00000000 		.4byte	0
 3987              	.Ldebug_loc0:
 3988              	.LVUS56:
 3989 000c 00       		.uleb128 0
 3990 000d 00       		.uleb128 .LVU324
ARM GAS  /tmp/cc2vUB2H.s 			page 71


 3991 000e 00       		.uleb128 .LVU324
 3992 000f 00       		.uleb128 0
 3993              	.LLST56:
 3994 0010 06       		.byte	0x6
 3995 0011 00000000 		.4byte	.LVL51
 3996 0015 04       		.byte	0x4
 3997 0016 00       		.uleb128 .LVL51-.LVL51
 3998 0017 0F       		.uleb128 .LVL53-1-.LVL51
 3999 0018 01       		.uleb128 0x1
 4000 0019 50       		.byte	0x50
 4001 001a 04       		.byte	0x4
 4002 001b 0F       		.uleb128 .LVL53-1-.LVL51
 4003 001c 54       		.uleb128 .LFE218-.LVL51
 4004 001d 01       		.uleb128 0x1
 4005 001e 54       		.byte	0x54
 4006 001f 00       		.byte	0
 4007              	.LVUS57:
 4008 0020 00       		.uleb128 0
 4009 0021 00       		.uleb128 .LVU324
 4010 0022 00       		.uleb128 .LVU324
 4011 0023 00       		.uleb128 0
 4012              	.LLST57:
 4013 0024 06       		.byte	0x6
 4014 0025 00000000 		.4byte	.LVL51
 4015 0029 04       		.byte	0x4
 4016 002a 00       		.uleb128 .LVL51-.LVL51
 4017 002b 0F       		.uleb128 .LVL53-1-.LVL51
 4018 002c 01       		.uleb128 0x1
 4019 002d 51       		.byte	0x51
 4020 002e 04       		.byte	0x4
 4021 002f 0F       		.uleb128 .LVL53-1-.LVL51
 4022 0030 54       		.uleb128 .LFE218-.LVL51
 4023 0031 0A       		.uleb128 0xa
 4024 0032 A3       		.byte	0xa3
 4025 0033 03       		.uleb128 0x3
 4026 0034 A5       		.byte	0xa5
 4027 0035 01       		.uleb128 0x1
 4028 0036 26       		.uleb128 0x26
 4029 0037 A8       		.byte	0xa8
 4030 0038 2D       		.uleb128 0x2d
 4031 0039 A8       		.byte	0xa8
 4032 003a 00       		.uleb128 0
 4033 003b 9F       		.byte	0x9f
 4034 003c 00       		.byte	0
 4035              	.LVUS58:
 4036 003d 00       		.uleb128 .LVU341
 4037 003e 00       		.uleb128 .LVU354
 4038 003f 02       		.uleb128 .LVU363
 4039 0040 00       		.uleb128 0
 4040              	.LLST58:
 4041 0041 06       		.byte	0x6
 4042 0042 30000000 		.4byte	.LVL57
 4043 0046 04       		.byte	0x4
 4044 0047 00       		.uleb128 .LVL57-.LVL57
 4045 0048 08       		.uleb128 .LVL58-.LVL57
 4046 0049 01       		.uleb128 0x1
 4047 004a 50       		.byte	0x50
ARM GAS  /tmp/cc2vUB2H.s 			page 72


 4048 004b 04       		.byte	0x4
 4049 004c 1C       		.uleb128 .LVL60-.LVL57
 4050 004d 24       		.uleb128 .LFE218-.LVL57
 4051 004e 01       		.uleb128 0x1
 4052 004f 50       		.byte	0x50
 4053 0050 00       		.byte	0
 4054              	.LVUS60:
 4055 0051 03       		.uleb128 .LVU320
 4056 0052 00       		.uleb128 .LVU324
 4057 0053 00       		.uleb128 .LVU324
 4058 0054 00       		.uleb128 .LVU341
 4059 0055 00       		.uleb128 .LVU354
 4060 0056 02       		.uleb128 .LVU363
 4061              	.LLST60:
 4062 0057 06       		.byte	0x6
 4063 0058 0C000000 		.4byte	.LVL52
 4064 005c 04       		.byte	0x4
 4065 005d 00       		.uleb128 .LVL52-.LVL52
 4066 005e 03       		.uleb128 .LVL53-1-.LVL52
 4067 005f 01       		.uleb128 0x1
 4068 0060 51       		.byte	0x51
 4069 0061 04       		.byte	0x4
 4070 0062 03       		.uleb128 .LVL53-1-.LVL52
 4071 0063 24       		.uleb128 .LVL57-.LVL52
 4072 0064 0A       		.uleb128 0xa
 4073 0065 A3       		.byte	0xa3
 4074 0066 03       		.uleb128 0x3
 4075 0067 A5       		.byte	0xa5
 4076 0068 01       		.uleb128 0x1
 4077 0069 26       		.uleb128 0x26
 4078 006a A8       		.byte	0xa8
 4079 006b 2D       		.uleb128 0x2d
 4080 006c A8       		.byte	0xa8
 4081 006d 00       		.uleb128 0
 4082 006e 9F       		.byte	0x9f
 4083 006f 04       		.byte	0x4
 4084 0070 2C       		.uleb128 .LVL58-.LVL52
 4085 0071 40       		.uleb128 .LVL60-.LVL52
 4086 0072 0A       		.uleb128 0xa
 4087 0073 A3       		.byte	0xa3
 4088 0074 03       		.uleb128 0x3
 4089 0075 A5       		.byte	0xa5
 4090 0076 01       		.uleb128 0x1
 4091 0077 26       		.uleb128 0x26
 4092 0078 A8       		.byte	0xa8
 4093 0079 2D       		.uleb128 0x2d
 4094 007a A8       		.byte	0xa8
 4095 007b 00       		.uleb128 0
 4096 007c 9F       		.byte	0x9f
 4097 007d 00       		.byte	0
 4098              	.LVUS61:
 4099 007e 03       		.uleb128 .LVU320
 4100 007f 00       		.uleb128 .LVU324
 4101 0080 00       		.uleb128 .LVU324
 4102 0081 00       		.uleb128 .LVU341
 4103 0082 00       		.uleb128 .LVU354
 4104 0083 02       		.uleb128 .LVU363
ARM GAS  /tmp/cc2vUB2H.s 			page 73


 4105              	.LLST61:
 4106 0084 06       		.byte	0x6
 4107 0085 0C000000 		.4byte	.LVL52
 4108 0089 04       		.byte	0x4
 4109 008a 00       		.uleb128 .LVL52-.LVL52
 4110 008b 03       		.uleb128 .LVL53-1-.LVL52
 4111 008c 01       		.uleb128 0x1
 4112 008d 50       		.byte	0x50
 4113 008e 04       		.byte	0x4
 4114 008f 03       		.uleb128 .LVL53-1-.LVL52
 4115 0090 24       		.uleb128 .LVL57-.LVL52
 4116 0091 01       		.uleb128 0x1
 4117 0092 54       		.byte	0x54
 4118 0093 04       		.byte	0x4
 4119 0094 2C       		.uleb128 .LVL58-.LVL52
 4120 0095 40       		.uleb128 .LVL60-.LVL52
 4121 0096 01       		.uleb128 0x1
 4122 0097 54       		.byte	0x54
 4123 0098 00       		.byte	0
 4124              	.LVUS62:
 4125 0099 00       		.uleb128 .LVU324
 4126 009a 00       		.uleb128 .LVU327
 4127              	.LLST62:
 4128 009b 08       		.byte	0x8
 4129 009c 10000000 		.4byte	.LVL53
 4130 00a0 08       		.uleb128 .LVL54-.LVL53
 4131 00a1 01       		.uleb128 0x1
 4132 00a2 50       		.byte	0x50
 4133 00a3 00       		.byte	0
 4134              	.LVUS64:
 4135 00a4 01       		.uleb128 .LVU329
 4136 00a5 00       		.uleb128 .LVU341
 4137 00a6 00       		.uleb128 .LVU354
 4138 00a7 02       		.uleb128 .LVU363
 4139              	.LLST64:
 4140 00a8 06       		.byte	0x6
 4141 00a9 1C000000 		.4byte	.LVL55
 4142 00ad 04       		.byte	0x4
 4143 00ae 00       		.uleb128 .LVL55-.LVL55
 4144 00af 14       		.uleb128 .LVL57-.LVL55
 4145 00b0 03       		.uleb128 0x3
 4146 00b1 74       		.byte	0x74
 4147 00b2 0C       		.sleb128 12
 4148 00b3 9F       		.byte	0x9f
 4149 00b4 04       		.byte	0x4
 4150 00b5 1C       		.uleb128 .LVL58-.LVL55
 4151 00b6 30       		.uleb128 .LVL60-.LVL55
 4152 00b7 03       		.uleb128 0x3
 4153 00b8 74       		.byte	0x74
 4154 00b9 0C       		.sleb128 12
 4155 00ba 9F       		.byte	0x9f
 4156 00bb 00       		.byte	0
 4157              	.LVUS65:
 4158 00bc 00       		.uleb128 .LVU337
 4159 00bd 00       		.uleb128 .LVU341
 4160 00be 00       		.uleb128 .LVU354
 4161 00bf 00       		.uleb128 .LVU360
ARM GAS  /tmp/cc2vUB2H.s 			page 74


 4162 00c0 00       		.uleb128 .LVU360
 4163 00c1 00       		.uleb128 .LVU361
 4164              	.LLST65:
 4165 00c2 06       		.byte	0x6
 4166 00c3 20000000 		.4byte	.LVL56
 4167 00c7 04       		.byte	0x4
 4168 00c8 00       		.uleb128 .LVL56-.LVL56
 4169 00c9 10       		.uleb128 .LVL57-.LVL56
 4170 00ca 01       		.uleb128 0x1
 4171 00cb 50       		.byte	0x50
 4172 00cc 04       		.byte	0x4
 4173 00cd 18       		.uleb128 .LVL58-.LVL56
 4174 00ce 28       		.uleb128 .LVL59-.LVL56
 4175 00cf 01       		.uleb128 0x1
 4176 00d0 50       		.byte	0x50
 4177 00d1 04       		.byte	0x4
 4178 00d2 28       		.uleb128 .LVL59-.LVL56
 4179 00d3 2B       		.uleb128 .LVL60-1-.LVL56
 4180 00d4 02       		.uleb128 0x2
 4181 00d5 74       		.byte	0x74
 4182 00d6 0C       		.sleb128 12
 4183 00d7 00       		.byte	0
 4184              	.LVUS66:
 4185 00d8 00       		.uleb128 .LVU354
 4186 00d9 02       		.uleb128 .LVU363
 4187              	.LLST66:
 4188 00da 08       		.byte	0x8
 4189 00db 38000000 		.4byte	.LVL58
 4190 00df 14       		.uleb128 .LVL60-.LVL58
 4191 00e0 03       		.uleb128 0x3
 4192 00e1 74       		.byte	0x74
 4193 00e2 0C       		.sleb128 12
 4194 00e3 9F       		.byte	0x9f
 4195 00e4 00       		.byte	0
 4196              	.LVUS67:
 4197 00e5 00       		.uleb128 .LVU361
 4198 00e6 02       		.uleb128 .LVU363
 4199              	.LLST67:
 4200 00e7 08       		.byte	0x8
 4201 00e8 4C000000 		.4byte	.LVL60
 4202 00ec 00       		.uleb128 .LVL60-.LVL60
 4203 00ed 01       		.uleb128 0x1
 4204 00ee 50       		.byte	0x50
 4205 00ef 00       		.byte	0
 4206              	.LVUS35:
 4207 00f0 00       		.uleb128 0
 4208 00f1 00       		.uleb128 .LVU228
 4209 00f2 00       		.uleb128 .LVU228
 4210 00f3 00       		.uleb128 0
 4211              	.LLST35:
 4212 00f4 06       		.byte	0x6
 4213 00f5 00000000 		.4byte	.LVL33
 4214 00f9 04       		.byte	0x4
 4215 00fa 00       		.uleb128 .LVL33-.LVL33
 4216 00fb 14       		.uleb128 .LVL34-.LVL33
 4217 00fc 01       		.uleb128 0x1
 4218 00fd 50       		.byte	0x50
ARM GAS  /tmp/cc2vUB2H.s 			page 75


 4219 00fe 04       		.byte	0x4
 4220 00ff 14       		.uleb128 .LVL34-.LVL33
 4221 0100 48       		.uleb128 .LFE216-.LVL33
 4222 0101 01       		.uleb128 0x1
 4223 0102 55       		.byte	0x55
 4224 0103 00       		.byte	0
 4225              	.LVUS36:
 4226 0104 00       		.uleb128 0
 4227 0105 00       		.uleb128 .LVU228
 4228 0106 00       		.uleb128 .LVU228
 4229 0107 00       		.uleb128 0
 4230              	.LLST36:
 4231 0108 06       		.byte	0x6
 4232 0109 00000000 		.4byte	.LVL33
 4233 010d 04       		.byte	0x4
 4234 010e 00       		.uleb128 .LVL33-.LVL33
 4235 010f 14       		.uleb128 .LVL34-.LVL33
 4236 0110 01       		.uleb128 0x1
 4237 0111 51       		.byte	0x51
 4238 0112 04       		.byte	0x4
 4239 0113 14       		.uleb128 .LVL34-.LVL33
 4240 0114 48       		.uleb128 .LFE216-.LVL33
 4241 0115 01       		.uleb128 0x1
 4242 0116 54       		.byte	0x54
 4243 0117 00       		.byte	0
 4244              	.LVUS37:
 4245 0118 00       		.uleb128 0
 4246 0119 00       		.uleb128 .LVU228
 4247 011a 00       		.uleb128 .LVU228
 4248 011b 00       		.uleb128 .LVU272
 4249 011c 00       		.uleb128 .LVU272
 4250 011d 01       		.uleb128 .LVU274
 4251              	.LLST37:
 4252 011e 06       		.byte	0x6
 4253 011f 00000000 		.4byte	.LVL33
 4254 0123 04       		.byte	0x4
 4255 0124 00       		.uleb128 .LVL33-.LVL33
 4256 0125 14       		.uleb128 .LVL34-.LVL33
 4257 0126 01       		.uleb128 0x1
 4258 0127 52       		.byte	0x52
 4259 0128 04       		.byte	0x4
 4260 0129 14       		.uleb128 .LVL34-.LVL33
 4261 012a 3C       		.uleb128 .LVL40-.LVL33
 4262 012b 01       		.uleb128 0x1
 4263 012c 56       		.byte	0x56
 4264 012d 04       		.byte	0x4
 4265 012e 3C       		.uleb128 .LVL40-.LVL33
 4266 012f 40       		.uleb128 .LVL41-.LVL33
 4267 0130 03       		.uleb128 0x3
 4268 0131 76       		.byte	0x76
 4269 0132 01       		.sleb128 1
 4270 0133 9F       		.byte	0x9f
 4271 0134 00       		.byte	0
 4272              	.LVUS38:
 4273 0135 01       		.uleb128 .LVU229
 4274 0136 00       		.uleb128 .LVU268
 4275              	.LLST38:
ARM GAS  /tmp/cc2vUB2H.s 			page 76


 4276 0137 08       		.byte	0x8
 4277 0138 14000000 		.4byte	.LVL34
 4278 013c 20       		.uleb128 .LVL39-.LVL34
 4279 013d 01       		.uleb128 0x1
 4280 013e 54       		.byte	0x54
 4281 013f 00       		.byte	0
 4282              	.LVUS39:
 4283 0140 01       		.uleb128 .LVU229
 4284 0141 00       		.uleb128 .LVU268
 4285              	.LLST39:
 4286 0142 08       		.byte	0x8
 4287 0143 14000000 		.4byte	.LVL34
 4288 0147 20       		.uleb128 .LVL39-.LVL34
 4289 0148 01       		.uleb128 0x1
 4290 0149 55       		.byte	0x55
 4291 014a 00       		.byte	0
 4292              	.LVUS40:
 4293 014b 03       		.uleb128 .LVU231
 4294 014c 00       		.uleb128 .LVU268
 4295              	.LLST40:
 4296 014d 08       		.byte	0x8
 4297 014e 14000000 		.4byte	.LVL34
 4298 0152 20       		.uleb128 .LVL39-.LVL34
 4299 0153 01       		.uleb128 0x1
 4300 0154 54       		.byte	0x54
 4301 0155 00       		.byte	0
 4302              	.LVUS41:
 4303 0156 03       		.uleb128 .LVU231
 4304 0157 00       		.uleb128 .LVU268
 4305              	.LLST41:
 4306 0158 08       		.byte	0x8
 4307 0159 14000000 		.4byte	.LVL34
 4308 015d 20       		.uleb128 .LVL39-.LVL34
 4309 015e 01       		.uleb128 0x1
 4310 015f 55       		.byte	0x55
 4311 0160 00       		.byte	0
 4312              	.LVUS42:
 4313 0161 03       		.uleb128 .LVU240
 4314 0162 00       		.uleb128 .LVU256
 4315              	.LLST42:
 4316 0163 08       		.byte	0x8
 4317 0164 18000000 		.4byte	.LVL35
 4318 0168 14       		.uleb128 .LVL37-.LVL35
 4319 0169 01       		.uleb128 0x1
 4320 016a 54       		.byte	0x54
 4321 016b 00       		.byte	0
 4322              	.LVUS43:
 4323 016c 03       		.uleb128 .LVU240
 4324 016d 00       		.uleb128 .LVU256
 4325              	.LLST43:
 4326 016e 08       		.byte	0x8
 4327 016f 18000000 		.4byte	.LVL35
 4328 0173 14       		.uleb128 .LVL37-.LVL35
 4329 0174 01       		.uleb128 0x1
 4330 0175 55       		.byte	0x55
 4331 0176 00       		.byte	0
 4332              	.LVUS45:
ARM GAS  /tmp/cc2vUB2H.s 			page 77


 4333 0177 05       		.uleb128 .LVU242
 4334 0178 00       		.uleb128 .LVU254
 4335              	.LLST45:
 4336 0179 08       		.byte	0x8
 4337 017a 18000000 		.4byte	.LVL35
 4338 017e 10       		.uleb128 .LVL36-.LVL35
 4339 017f 01       		.uleb128 0x1
 4340 0180 54       		.byte	0x54
 4341 0181 00       		.byte	0
 4342              	.LVUS46:
 4343 0182 05       		.uleb128 .LVU242
 4344 0183 00       		.uleb128 .LVU254
 4345              	.LLST46:
 4346 0184 08       		.byte	0x8
 4347 0185 18000000 		.4byte	.LVL35
 4348 0189 10       		.uleb128 .LVL36-.LVL35
 4349 018a 03       		.uleb128 0x3
 4350 018b 75       		.byte	0x75
 4351 018c 0C       		.sleb128 12
 4352 018d 9F       		.byte	0x9f
 4353 018e 00       		.byte	0
 4354              	.LVUS47:
 4355 018f 07       		.uleb128 .LVU244
 4356 0190 00       		.uleb128 .LVU273
 4357              	.LLST47:
 4358 0191 08       		.byte	0x8
 4359 0192 18000000 		.4byte	.LVL35
 4360 0196 28       		.uleb128 .LVL41-.LVL35
 4361 0197 01       		.uleb128 0x1
 4362 0198 54       		.byte	0x54
 4363 0199 00       		.byte	0
 4364              	.LVUS34:
 4365 019a 00       		.uleb128 0
 4366 019b 00       		.uleb128 .LVU219
 4367 019c 00       		.uleb128 .LVU219
 4368 019d 00       		.uleb128 0
 4369              	.LLST34:
 4370 019e 06       		.byte	0x6
 4371 019f 00000000 		.4byte	.LVL31
 4372 01a3 04       		.byte	0x4
 4373 01a4 00       		.uleb128 .LVL31-.LVL31
 4374 01a5 03       		.uleb128 .LVL32-1-.LVL31
 4375 01a6 01       		.uleb128 0x1
 4376 01a7 50       		.byte	0x50
 4377 01a8 04       		.byte	0x4
 4378 01a9 03       		.uleb128 .LVL32-1-.LVL31
 4379 01aa 04       		.uleb128 .LFE215-.LVL31
 4380 01ab 0A       		.uleb128 0xa
 4381 01ac A3       		.byte	0xa3
 4382 01ad 03       		.uleb128 0x3
 4383 01ae A5       		.byte	0xa5
 4384 01af 00       		.uleb128 0
 4385 01b0 26       		.uleb128 0x26
 4386 01b1 A8       		.byte	0xa8
 4387 01b2 2D       		.uleb128 0x2d
 4388 01b3 A8       		.byte	0xa8
 4389 01b4 00       		.uleb128 0
ARM GAS  /tmp/cc2vUB2H.s 			page 78


 4390 01b5 9F       		.byte	0x9f
 4391 01b6 00       		.byte	0
 4392              	.LVUS26:
 4393 01b7 00       		.uleb128 0
 4394 01b8 00       		.uleb128 .LVU212
 4395 01b9 00       		.uleb128 .LVU212
 4396 01ba 00       		.uleb128 0
 4397              	.LLST26:
 4398 01bb 06       		.byte	0x6
 4399 01bc 00000000 		.4byte	.LVL25
 4400 01c0 04       		.byte	0x4
 4401 01c1 00       		.uleb128 .LVL25-.LVL25
 4402 01c2 27       		.uleb128 .LVL30-1-.LVL25
 4403 01c3 01       		.uleb128 0x1
 4404 01c4 50       		.byte	0x50
 4405 01c5 04       		.byte	0x4
 4406 01c6 27       		.uleb128 .LVL30-1-.LVL25
 4407 01c7 28       		.uleb128 .LFE214-.LVL25
 4408 01c8 0A       		.uleb128 0xa
 4409 01c9 A3       		.byte	0xa3
 4410 01ca 03       		.uleb128 0x3
 4411 01cb A5       		.byte	0xa5
 4412 01cc 00       		.uleb128 0
 4413 01cd 26       		.uleb128 0x26
 4414 01ce A8       		.byte	0xa8
 4415 01cf 2D       		.uleb128 0x2d
 4416 01d0 A8       		.byte	0xa8
 4417 01d1 00       		.uleb128 0
 4418 01d2 9F       		.byte	0x9f
 4419 01d3 00       		.byte	0
 4420              	.LVUS27:
 4421 01d4 00       		.uleb128 0
 4422 01d5 00       		.uleb128 .LVU206
 4423 01d6 00       		.uleb128 .LVU206
 4424 01d7 00       		.uleb128 .LVU207
 4425 01d8 00       		.uleb128 .LVU207
 4426 01d9 00       		.uleb128 .LVU212
 4427 01da 00       		.uleb128 .LVU212
 4428 01db 00       		.uleb128 0
 4429              	.LLST27:
 4430 01dc 06       		.byte	0x6
 4431 01dd 00000000 		.4byte	.LVL25
 4432 01e1 04       		.byte	0x4
 4433 01e2 00       		.uleb128 .LVL25-.LVL25
 4434 01e3 18       		.uleb128 .LVL27-.LVL25
 4435 01e4 01       		.uleb128 0x1
 4436 01e5 51       		.byte	0x51
 4437 01e6 04       		.byte	0x4
 4438 01e7 18       		.uleb128 .LVL27-.LVL25
 4439 01e8 1C       		.uleb128 .LVL28-.LVL25
 4440 01e9 01       		.uleb128 0x1
 4441 01ea 5E       		.byte	0x5e
 4442 01eb 04       		.byte	0x4
 4443 01ec 1C       		.uleb128 .LVL28-.LVL25
 4444 01ed 27       		.uleb128 .LVL30-1-.LVL25
 4445 01ee 02       		.uleb128 0x2
 4446 01ef 70       		.byte	0x70
ARM GAS  /tmp/cc2vUB2H.s 			page 79


 4447 01f0 10       		.sleb128 16
 4448 01f1 04       		.byte	0x4
 4449 01f2 27       		.uleb128 .LVL30-1-.LVL25
 4450 01f3 28       		.uleb128 .LFE214-.LVL25
 4451 01f4 0A       		.uleb128 0xa
 4452 01f5 A3       		.byte	0xa3
 4453 01f6 03       		.uleb128 0x3
 4454 01f7 A5       		.byte	0xa5
 4455 01f8 01       		.uleb128 0x1
 4456 01f9 26       		.uleb128 0x26
 4457 01fa A8       		.byte	0xa8
 4458 01fb 2D       		.uleb128 0x2d
 4459 01fc A8       		.byte	0xa8
 4460 01fd 00       		.uleb128 0
 4461 01fe 9F       		.byte	0x9f
 4462 01ff 00       		.byte	0
 4463              	.LVUS28:
 4464 0200 00       		.uleb128 0
 4465 0201 00       		.uleb128 .LVU212
 4466 0202 00       		.uleb128 .LVU212
 4467 0203 00       		.uleb128 0
 4468              	.LLST28:
 4469 0204 06       		.byte	0x6
 4470 0205 00000000 		.4byte	.LVL25
 4471 0209 04       		.byte	0x4
 4472 020a 00       		.uleb128 .LVL25-.LVL25
 4473 020b 27       		.uleb128 .LVL30-1-.LVL25
 4474 020c 01       		.uleb128 0x1
 4475 020d 52       		.byte	0x52
 4476 020e 04       		.byte	0x4
 4477 020f 27       		.uleb128 .LVL30-1-.LVL25
 4478 0210 28       		.uleb128 .LFE214-.LVL25
 4479 0211 0A       		.uleb128 0xa
 4480 0212 A3       		.byte	0xa3
 4481 0213 03       		.uleb128 0x3
 4482 0214 A5       		.byte	0xa5
 4483 0215 02       		.uleb128 0x2
 4484 0216 26       		.uleb128 0x26
 4485 0217 A8       		.byte	0xa8
 4486 0218 2D       		.uleb128 0x2d
 4487 0219 A8       		.byte	0xa8
 4488 021a 00       		.uleb128 0
 4489 021b 9F       		.byte	0x9f
 4490 021c 00       		.byte	0
 4491              	.LVUS30:
 4492 021d 00       		.uleb128 .LVU196
 4493 021e 00       		.uleb128 .LVU210
 4494              	.LLST30:
 4495 021f 08       		.byte	0x8
 4496 0220 0C000000 		.4byte	.LVL26
 4497 0224 18       		.uleb128 .LVL29-.LVL26
 4498 0225 02       		.uleb128 0x2
 4499 0226 30       		.byte	0x30
 4500 0227 9F       		.byte	0x9f
 4501 0228 00       		.byte	0
 4502              	.LVUS31:
 4503 0229 00       		.uleb128 .LVU196
ARM GAS  /tmp/cc2vUB2H.s 			page 80


 4504 022a 00       		.uleb128 .LVU210
 4505              	.LLST31:
 4506 022b 08       		.byte	0x8
 4507 022c 0C000000 		.4byte	.LVL26
 4508 0230 18       		.uleb128 .LVL29-.LVL26
 4509 0231 01       		.uleb128 0x1
 4510 0232 52       		.byte	0x52
 4511 0233 00       		.byte	0
 4512              	.LVUS32:
 4513 0234 00       		.uleb128 .LVU196
 4514 0235 00       		.uleb128 .LVU206
 4515 0236 00       		.uleb128 .LVU206
 4516 0237 00       		.uleb128 .LVU207
 4517 0238 00       		.uleb128 .LVU207
 4518 0239 00       		.uleb128 .LVU210
 4519              	.LLST32:
 4520 023a 06       		.byte	0x6
 4521 023b 0C000000 		.4byte	.LVL26
 4522 023f 04       		.byte	0x4
 4523 0240 00       		.uleb128 .LVL26-.LVL26
 4524 0241 0C       		.uleb128 .LVL27-.LVL26
 4525 0242 01       		.uleb128 0x1
 4526 0243 51       		.byte	0x51
 4527 0244 04       		.byte	0x4
 4528 0245 0C       		.uleb128 .LVL27-.LVL26
 4529 0246 10       		.uleb128 .LVL28-.LVL26
 4530 0247 01       		.uleb128 0x1
 4531 0248 5E       		.byte	0x5e
 4532 0249 04       		.byte	0x4
 4533 024a 10       		.uleb128 .LVL28-.LVL26
 4534 024b 18       		.uleb128 .LVL29-.LVL26
 4535 024c 02       		.uleb128 0x2
 4536 024d 70       		.byte	0x70
 4537 024e 10       		.sleb128 16
 4538 024f 00       		.byte	0
 4539              	.LVUS33:
 4540 0250 00       		.uleb128 .LVU196
 4541 0251 00       		.uleb128 .LVU210
 4542              	.LLST33:
 4543 0252 08       		.byte	0x8
 4544 0253 0C000000 		.4byte	.LVL26
 4545 0257 18       		.uleb128 .LVL29-.LVL26
 4546 0258 03       		.uleb128 0x3
 4547 0259 70       		.byte	0x70
 4548 025a 0C       		.sleb128 12
 4549 025b 9F       		.byte	0x9f
 4550 025c 00       		.byte	0
 4551              	.LVUS12:
 4552 025d 00       		.uleb128 0
 4553 025e 00       		.uleb128 .LVU103
 4554 025f 00       		.uleb128 .LVU103
 4555 0260 00       		.uleb128 .LVU131
 4556 0261 00       		.uleb128 .LVU131
 4557 0262 00       		.uleb128 0
 4558              	.LLST12:
 4559 0263 06       		.byte	0x6
 4560 0264 00000000 		.4byte	.LVL14
ARM GAS  /tmp/cc2vUB2H.s 			page 81


 4561 0268 04       		.byte	0x4
 4562 0269 00       		.uleb128 .LVL14-.LVL14
 4563 026a 0C       		.uleb128 .LVL16-.LVL14
 4564 026b 01       		.uleb128 0x1
 4565 026c 50       		.byte	0x50
 4566 026d 04       		.byte	0x4
 4567 026e 0C       		.uleb128 .LVL16-.LVL14
 4568 026f 3B       		.uleb128 .LVL20-1-.LVL14
 4569 0270 01       		.uleb128 0x1
 4570 0271 53       		.byte	0x53
 4571 0272 04       		.byte	0x4
 4572 0273 3B       		.uleb128 .LVL20-1-.LVL14
 4573 0274 44       		.uleb128 .LFE211-.LVL14
 4574 0275 0A       		.uleb128 0xa
 4575 0276 A3       		.byte	0xa3
 4576 0277 03       		.uleb128 0x3
 4577 0278 A5       		.byte	0xa5
 4578 0279 00       		.uleb128 0
 4579 027a 26       		.uleb128 0x26
 4580 027b A8       		.byte	0xa8
 4581 027c 2D       		.uleb128 0x2d
 4582 027d A8       		.byte	0xa8
 4583 027e 00       		.uleb128 0
 4584 027f 9F       		.byte	0x9f
 4585 0280 00       		.byte	0
 4586              	.LVUS13:
 4587 0281 02       		.uleb128 .LVU109
 4588 0282 00       		.uleb128 .LVU122
 4589 0283 05       		.uleb128 .LVU136
 4590 0284 00       		.uleb128 0
 4591              	.LLST13:
 4592 0285 06       		.byte	0x6
 4593 0286 1C000000 		.4byte	.LVL17
 4594 028a 04       		.byte	0x4
 4595 028b 00       		.uleb128 .LVL17-.LVL17
 4596 028c 08       		.uleb128 .LVL18-.LVL17
 4597 028d 01       		.uleb128 0x1
 4598 028e 50       		.byte	0x50
 4599 028f 04       		.byte	0x4
 4600 0290 20       		.uleb128 .LVL20-.LVL17
 4601 0291 28       		.uleb128 .LFE211-.LVL17
 4602 0292 01       		.uleb128 0x1
 4603 0293 50       		.byte	0x50
 4604 0294 00       		.byte	0
 4605              	.LVUS16:
 4606 0295 03       		.uleb128 .LVU95
 4607 0296 00       		.uleb128 .LVU103
 4608 0297 00       		.uleb128 .LVU103
 4609 0298 02       		.uleb128 .LVU109
 4610 0299 00       		.uleb128 .LVU122
 4611 029a 00       		.uleb128 .LVU131
 4612 029b 00       		.uleb128 .LVU131
 4613 029c 05       		.uleb128 .LVU136
 4614              	.LLST16:
 4615 029d 06       		.byte	0x6
 4616 029e 08000000 		.4byte	.LVL15
 4617 02a2 04       		.byte	0x4
ARM GAS  /tmp/cc2vUB2H.s 			page 82


 4618 02a3 00       		.uleb128 .LVL15-.LVL15
 4619 02a4 04       		.uleb128 .LVL16-.LVL15
 4620 02a5 01       		.uleb128 0x1
 4621 02a6 50       		.byte	0x50
 4622 02a7 04       		.byte	0x4
 4623 02a8 04       		.uleb128 .LVL16-.LVL15
 4624 02a9 14       		.uleb128 .LVL17-.LVL15
 4625 02aa 01       		.uleb128 0x1
 4626 02ab 53       		.byte	0x53
 4627 02ac 04       		.byte	0x4
 4628 02ad 1C       		.uleb128 .LVL18-.LVL15
 4629 02ae 33       		.uleb128 .LVL20-1-.LVL15
 4630 02af 01       		.uleb128 0x1
 4631 02b0 53       		.byte	0x53
 4632 02b1 04       		.byte	0x4
 4633 02b2 33       		.uleb128 .LVL20-1-.LVL15
 4634 02b3 34       		.uleb128 .LVL20-.LVL15
 4635 02b4 0A       		.uleb128 0xa
 4636 02b5 A3       		.byte	0xa3
 4637 02b6 03       		.uleb128 0x3
 4638 02b7 A5       		.byte	0xa5
 4639 02b8 00       		.uleb128 0
 4640 02b9 26       		.uleb128 0x26
 4641 02ba A8       		.byte	0xa8
 4642 02bb 2D       		.uleb128 0x2d
 4643 02bc A8       		.byte	0xa8
 4644 02bd 00       		.uleb128 0
 4645 02be 9F       		.byte	0x9f
 4646 02bf 00       		.byte	0
 4647              	.LVUS17:
 4648 02c0 00       		.uleb128 .LVU103
 4649 02c1 02       		.uleb128 .LVU109
 4650 02c2 00       		.uleb128 .LVU122
 4651 02c3 00       		.uleb128 .LVU128
 4652 02c4 00       		.uleb128 .LVU128
 4653 02c5 00       		.uleb128 .LVU131
 4654 02c6 02       		.uleb128 .LVU133
 4655 02c7 05       		.uleb128 .LVU136
 4656              	.LLST17:
 4657 02c8 06       		.byte	0x6
 4658 02c9 0C000000 		.4byte	.LVL16
 4659 02cd 04       		.byte	0x4
 4660 02ce 00       		.uleb128 .LVL16-.LVL16
 4661 02cf 10       		.uleb128 .LVL17-.LVL16
 4662 02d0 01       		.uleb128 0x1
 4663 02d1 50       		.byte	0x50
 4664 02d2 04       		.byte	0x4
 4665 02d3 18       		.uleb128 .LVL18-.LVL16
 4666 02d4 28       		.uleb128 .LVL19-.LVL16
 4667 02d5 01       		.uleb128 0x1
 4668 02d6 50       		.byte	0x50
 4669 02d7 04       		.byte	0x4
 4670 02d8 28       		.uleb128 .LVL19-.LVL16
 4671 02d9 2F       		.uleb128 .LVL20-1-.LVL16
 4672 02da 02       		.uleb128 0x2
 4673 02db 73       		.byte	0x73
 4674 02dc 00       		.sleb128 0
ARM GAS  /tmp/cc2vUB2H.s 			page 83


 4675 02dd 04       		.byte	0x4
 4676 02de 30       		.uleb128 .LVL20-.LVL16
 4677 02df 30       		.uleb128 .LVL20-.LVL16
 4678 02e0 01       		.uleb128 0x1
 4679 02e1 50       		.byte	0x50
 4680 02e2 00       		.byte	0
 4681              	.LVUS19:
 4682 02e3 00       		.uleb128 .LVU122
 4683 02e4 00       		.uleb128 .LVU131
 4684 02e5 00       		.uleb128 .LVU131
 4685 02e6 02       		.uleb128 .LVU133
 4686              	.LLST19:
 4687 02e7 06       		.byte	0x6
 4688 02e8 24000000 		.4byte	.LVL18
 4689 02ec 04       		.byte	0x4
 4690 02ed 00       		.uleb128 .LVL18-.LVL18
 4691 02ee 17       		.uleb128 .LVL20-1-.LVL18
 4692 02ef 01       		.uleb128 0x1
 4693 02f0 53       		.byte	0x53
 4694 02f1 04       		.byte	0x4
 4695 02f2 17       		.uleb128 .LVL20-1-.LVL18
 4696 02f3 18       		.uleb128 .LVL20-.LVL18
 4697 02f4 0A       		.uleb128 0xa
 4698 02f5 A3       		.byte	0xa3
 4699 02f6 03       		.uleb128 0x3
 4700 02f7 A5       		.byte	0xa5
 4701 02f8 00       		.uleb128 0
 4702 02f9 26       		.uleb128 0x26
 4703 02fa A8       		.byte	0xa8
 4704 02fb 2D       		.uleb128 0x2d
 4705 02fc A8       		.byte	0xa8
 4706 02fd 00       		.uleb128 0
 4707 02fe 9F       		.byte	0x9f
 4708 02ff 00       		.byte	0
 4709              	.LVUS20:
 4710 0300 00       		.uleb128 .LVU131
 4711 0301 02       		.uleb128 .LVU133
 4712              	.LLST20:
 4713 0302 08       		.byte	0x8
 4714 0303 3C000000 		.4byte	.LVL20
 4715 0307 00       		.uleb128 .LVL20-.LVL20
 4716 0308 01       		.uleb128 0x1
 4717 0309 50       		.byte	0x50
 4718 030a 00       		.byte	0
 4719              	.LVUS0:
 4720 030b 00       		.uleb128 0
 4721 030c 00       		.uleb128 .LVU60
 4722 030d 00       		.uleb128 .LVU60
 4723 030e 00       		.uleb128 0
 4724              	.LLST0:
 4725 030f 06       		.byte	0x6
 4726 0310 00000000 		.4byte	.LVL2
 4727 0314 04       		.byte	0x4
 4728 0315 00       		.uleb128 .LVL2-.LVL2
 4729 0316 28       		.uleb128 .LVL8-.LVL2
 4730 0317 01       		.uleb128 0x1
 4731 0318 51       		.byte	0x51
ARM GAS  /tmp/cc2vUB2H.s 			page 84


 4732 0319 04       		.byte	0x4
 4733 031a 28       		.uleb128 .LVL8-.LVL2
 4734 031b 30       		.uleb128 .LFE209-.LVL2
 4735 031c 01       		.uleb128 0x1
 4736 031d 51       		.byte	0x51
 4737 031e 00       		.byte	0
 4738              	.LVUS1:
 4739 031f 00       		.uleb128 0
 4740 0320 00       		.uleb128 .LVU22
 4741 0321 00       		.uleb128 .LVU22
 4742 0322 00       		.uleb128 .LVU59
 4743 0323 00       		.uleb128 .LVU59
 4744 0324 01       		.uleb128 .LVU61
 4745              	.LLST1:
 4746 0325 06       		.byte	0x6
 4747 0326 00000000 		.4byte	.LVL2
 4748 032a 04       		.byte	0x4
 4749 032b 00       		.uleb128 .LVL2-.LVL2
 4750 032c 08       		.uleb128 .LVL3-.LVL2
 4751 032d 01       		.uleb128 0x1
 4752 032e 52       		.byte	0x52
 4753 032f 04       		.byte	0x4
 4754 0330 08       		.uleb128 .LVL3-.LVL2
 4755 0331 24       		.uleb128 .LVL7-.LVL2
 4756 0332 01       		.uleb128 0x1
 4757 0333 52       		.byte	0x52
 4758 0334 04       		.byte	0x4
 4759 0335 24       		.uleb128 .LVL7-.LVL2
 4760 0336 28       		.uleb128 .LVL8-.LVL2
 4761 0337 03       		.uleb128 0x3
 4762 0338 72       		.byte	0x72
 4763 0339 01       		.sleb128 1
 4764 033a 9F       		.byte	0x9f
 4765 033b 00       		.byte	0
 4766              	.LVUS2:
 4767 033c 01       		.uleb128 .LVU23
 4768 033d 00       		.uleb128 .LVU55
 4769              	.LLST2:
 4770 033e 08       		.byte	0x8
 4771 033f 08000000 		.4byte	.LVL3
 4772 0343 14       		.uleb128 .LVL6-.LVL3
 4773 0344 01       		.uleb128 0x1
 4774 0345 51       		.byte	0x51
 4775 0346 00       		.byte	0
 4776              	.LVUS3:
 4777 0347 01       		.uleb128 .LVU23
 4778 0348 00       		.uleb128 .LVU55
 4779              	.LLST3:
 4780 0349 08       		.byte	0x8
 4781 034a 08000000 		.4byte	.LVL3
 4782 034e 14       		.uleb128 .LVL6-.LVL3
 4783 034f 01       		.uleb128 0x1
 4784 0350 50       		.byte	0x50
 4785 0351 00       		.byte	0
 4786              	.LVUS4:
 4787 0352 03       		.uleb128 .LVU25
 4788 0353 00       		.uleb128 .LVU55
ARM GAS  /tmp/cc2vUB2H.s 			page 85


 4789              	.LLST4:
 4790 0354 08       		.byte	0x8
 4791 0355 08000000 		.4byte	.LVL3
 4792 0359 14       		.uleb128 .LVL6-.LVL3
 4793 035a 01       		.uleb128 0x1
 4794 035b 51       		.byte	0x51
 4795 035c 00       		.byte	0
 4796              	.LVUS5:
 4797 035d 03       		.uleb128 .LVU25
 4798 035e 00       		.uleb128 .LVU55
 4799              	.LLST5:
 4800 035f 08       		.byte	0x8
 4801 0360 08000000 		.4byte	.LVL3
 4802 0364 14       		.uleb128 .LVL6-.LVL3
 4803 0365 01       		.uleb128 0x1
 4804 0366 50       		.byte	0x50
 4805 0367 00       		.byte	0
 4806              	.LVUS6:
 4807 0368 03       		.uleb128 .LVU34
 4808 0369 00       		.uleb128 .LVU44
 4809              	.LLST6:
 4810 036a 08       		.byte	0x8
 4811 036b 0C000000 		.4byte	.LVL4
 4812 036f 0C       		.uleb128 .LVL5-.LVL4
 4813 0370 01       		.uleb128 0x1
 4814 0371 51       		.byte	0x51
 4815 0372 00       		.byte	0
 4816              	.LVUS7:
 4817 0373 03       		.uleb128 .LVU34
 4818 0374 00       		.uleb128 .LVU44
 4819              	.LLST7:
 4820 0375 08       		.byte	0x8
 4821 0376 0C000000 		.4byte	.LVL4
 4822 037a 0C       		.uleb128 .LVL5-.LVL4
 4823 037b 01       		.uleb128 0x1
 4824 037c 50       		.byte	0x50
 4825 037d 00       		.byte	0
 4826              	.LVUS8:
 4827 037e 05       		.uleb128 .LVU36
 4828 037f 00       		.uleb128 .LVU60
 4829 0380 00       		.uleb128 .LVU60
 4830 0381 00       		.uleb128 0
 4831              	.LLST8:
 4832 0382 06       		.byte	0x6
 4833 0383 0C000000 		.4byte	.LVL4
 4834 0387 04       		.byte	0x4
 4835 0388 00       		.uleb128 .LVL4-.LVL4
 4836 0389 1C       		.uleb128 .LVL8-.LVL4
 4837 038a 01       		.uleb128 0x1
 4838 038b 51       		.byte	0x51
 4839 038c 04       		.byte	0x4
 4840 038d 1C       		.uleb128 .LVL8-.LVL4
 4841 038e 24       		.uleb128 .LFE209-.LVL4
 4842 038f 02       		.uleb128 0x2
 4843 0390 70       		.byte	0x70
 4844 0391 00       		.sleb128 0
 4845 0392 00       		.byte	0
ARM GAS  /tmp/cc2vUB2H.s 			page 86


 4846              	.LVUS9:
 4847 0393 00       		.uleb128 0
 4848 0394 00       		.uleb128 .LVU71
 4849 0395 00       		.uleb128 .LVU71
 4850 0396 00       		.uleb128 .LVU82
 4851 0397 00       		.uleb128 .LVU82
 4852 0398 00       		.uleb128 0
 4853              	.LLST9:
 4854 0399 06       		.byte	0x6
 4855 039a 00000000 		.4byte	.LVL9
 4856 039e 04       		.byte	0x4
 4857 039f 00       		.uleb128 .LVL9-.LVL9
 4858 03a0 08       		.uleb128 .LVL10-.LVL9
 4859 03a1 01       		.uleb128 0x1
 4860 03a2 50       		.byte	0x50
 4861 03a3 04       		.byte	0x4
 4862 03a4 08       		.uleb128 .LVL10-.LVL9
 4863 03a5 2F       		.uleb128 .LVL13-1-.LVL9
 4864 03a6 01       		.uleb128 0x1
 4865 03a7 53       		.byte	0x53
 4866 03a8 04       		.byte	0x4
 4867 03a9 2F       		.uleb128 .LVL13-1-.LVL9
 4868 03aa 30       		.uleb128 .LFE210-.LVL9
 4869 03ab 0A       		.uleb128 0xa
 4870 03ac A3       		.byte	0xa3
 4871 03ad 03       		.uleb128 0x3
 4872 03ae A5       		.byte	0xa5
 4873 03af 00       		.uleb128 0
 4874 03b0 26       		.uleb128 0x26
 4875 03b1 A8       		.byte	0xa8
 4876 03b2 2D       		.uleb128 0x2d
 4877 03b3 A8       		.byte	0xa8
 4878 03b4 00       		.uleb128 0
 4879 03b5 9F       		.byte	0x9f
 4880 03b6 00       		.byte	0
 4881              	.LVUS10:
 4882 03b7 00       		.uleb128 .LVU71
 4883 03b8 00       		.uleb128 .LVU81
 4884 03b9 00       		.uleb128 .LVU81
 4885 03ba 00       		.uleb128 .LVU82
 4886              	.LLST10:
 4887 03bb 06       		.byte	0x6
 4888 03bc 08000000 		.4byte	.LVL10
 4889 03c0 04       		.byte	0x4
 4890 03c1 00       		.uleb128 .LVL10-.LVL10
 4891 03c2 24       		.uleb128 .LVL12-.LVL10
 4892 03c3 01       		.uleb128 0x1
 4893 03c4 50       		.byte	0x50
 4894 03c5 04       		.byte	0x4
 4895 03c6 24       		.uleb128 .LVL12-.LVL10
 4896 03c7 27       		.uleb128 .LVL13-1-.LVL10
 4897 03c8 02       		.uleb128 0x2
 4898 03c9 73       		.byte	0x73
 4899 03ca 00       		.sleb128 0
 4900 03cb 00       		.byte	0
 4901              	.LVUS11:
 4902 03cc 00       		.uleb128 .LVU75
ARM GAS  /tmp/cc2vUB2H.s 			page 87


 4903 03cd 00       		.uleb128 .LVU82
 4904 03ce 00       		.uleb128 .LVU82
 4905 03cf 00       		.uleb128 0
 4906              	.LLST11:
 4907 03d0 06       		.byte	0x6
 4908 03d1 1C000000 		.4byte	.LVL11
 4909 03d5 04       		.byte	0x4
 4910 03d6 00       		.uleb128 .LVL11-.LVL11
 4911 03d7 13       		.uleb128 .LVL13-1-.LVL11
 4912 03d8 01       		.uleb128 0x1
 4913 03d9 53       		.byte	0x53
 4914 03da 04       		.byte	0x4
 4915 03db 13       		.uleb128 .LVL13-1-.LVL11
 4916 03dc 14       		.uleb128 .LFE210-.LVL11
 4917 03dd 0A       		.uleb128 0xa
 4918 03de A3       		.byte	0xa3
 4919 03df 03       		.uleb128 0x3
 4920 03e0 A5       		.byte	0xa5
 4921 03e1 00       		.uleb128 0
 4922 03e2 26       		.uleb128 0x26
 4923 03e3 A8       		.byte	0xa8
 4924 03e4 2D       		.uleb128 0x2d
 4925 03e5 A8       		.byte	0xa8
 4926 03e6 00       		.uleb128 0
 4927 03e7 9F       		.byte	0x9f
 4928 03e8 00       		.byte	0
 4929              	.LVUS22:
 4930 03e9 02       		.uleb128 .LVU151
 4931 03ea 00       		.uleb128 0
 4932              	.LLST22:
 4933 03eb 08       		.byte	0x8
 4934 03ec 00000000 		.4byte	.LVL21
 4935 03f0 10       		.uleb128 .LFE212-.LVL21
 4936 03f1 01       		.uleb128 0x1
 4937 03f2 51       		.byte	0x51
 4938 03f3 00       		.byte	0
 4939              	.LVUS23:
 4940 03f4 03       		.uleb128 .LVU169
 4941 03f5 00       		.uleb128 .LVU179
 4942              	.LLST23:
 4943 03f6 08       		.byte	0x8
 4944 03f7 04000000 		.4byte	.LVL23
 4945 03fb 0C       		.uleb128 .LVL24-.LVL23
 4946 03fc 01       		.uleb128 0x1
 4947 03fd 51       		.byte	0x51
 4948 03fe 00       		.byte	0
 4949              	.LVUS24:
 4950 03ff 03       		.uleb128 .LVU169
 4951 0400 00       		.uleb128 .LVU179
 4952              	.LLST24:
 4953 0401 08       		.byte	0x8
 4954 0402 04000000 		.4byte	.LVL23
 4955 0406 0C       		.uleb128 .LVL24-.LVL23
 4956 0407 01       		.uleb128 0x1
 4957 0408 50       		.byte	0x50
 4958 0409 00       		.byte	0
 4959              	.LVUS25:
ARM GAS  /tmp/cc2vUB2H.s 			page 88


 4960 040a 05       		.uleb128 .LVU171
 4961 040b 00       		.uleb128 0
 4962              	.LLST25:
 4963 040c 08       		.byte	0x8
 4964 040d 04000000 		.4byte	.LVL23
 4965 0411 14       		.uleb128 .LFE213-.LVL23
 4966 0412 01       		.uleb128 0x1
 4967 0413 51       		.byte	0x51
 4968 0414 00       		.byte	0
 4969              	.LVUS48:
 4970 0415 00       		.uleb128 0
 4971 0416 00       		.uleb128 .LVU281
 4972 0417 00       		.uleb128 .LVU281
 4973 0418 00       		.uleb128 .LVU304
 4974 0419 00       		.uleb128 .LVU304
 4975 041a 00       		.uleb128 .LVU305
 4976 041b 00       		.uleb128 .LVU305
 4977 041c 00       		.uleb128 0
 4978              	.LLST48:
 4979 041d 06       		.byte	0x6
 4980 041e 00000000 		.4byte	.LVL42
 4981 0422 04       		.byte	0x4
 4982 0423 00       		.uleb128 .LVL42-.LVL42
 4983 0424 0B       		.uleb128 .LVL43-1-.LVL42
 4984 0425 01       		.uleb128 0x1
 4985 0426 50       		.byte	0x50
 4986 0427 04       		.byte	0x4
 4987 0428 0B       		.uleb128 .LVL43-1-.LVL42
 4988 0429 40       		.uleb128 .LVL48-.LVL42
 4989 042a 01       		.uleb128 0x1
 4990 042b 54       		.byte	0x54
 4991 042c 04       		.byte	0x4
 4992 042d 40       		.uleb128 .LVL48-.LVL42
 4993 042e 44       		.uleb128 .LVL49-.LVL42
 4994 042f 0A       		.uleb128 0xa
 4995 0430 A3       		.byte	0xa3
 4996 0431 03       		.uleb128 0x3
 4997 0432 A5       		.byte	0xa5
 4998 0433 00       		.uleb128 0
 4999 0434 26       		.uleb128 0x26
 5000 0435 A8       		.byte	0xa8
 5001 0436 2D       		.uleb128 0x2d
 5002 0437 A8       		.byte	0xa8
 5003 0438 00       		.uleb128 0
 5004 0439 9F       		.byte	0x9f
 5005 043a 04       		.byte	0x4
 5006 043b 44       		.uleb128 .LVL49-.LVL42
 5007 043c 4C       		.uleb128 .LFE217-.LVL42
 5008 043d 01       		.uleb128 0x1
 5009 043e 54       		.byte	0x54
 5010 043f 00       		.byte	0
 5011              	.LVUS49:
 5012 0440 00       		.uleb128 0
 5013 0441 00       		.uleb128 .LVU281
 5014 0442 00       		.uleb128 .LVU281
 5015 0443 00       		.uleb128 0
 5016              	.LLST49:
ARM GAS  /tmp/cc2vUB2H.s 			page 89


 5017 0444 06       		.byte	0x6
 5018 0445 00000000 		.4byte	.LVL42
 5019 0449 04       		.byte	0x4
 5020 044a 00       		.uleb128 .LVL42-.LVL42
 5021 044b 0B       		.uleb128 .LVL43-1-.LVL42
 5022 044c 01       		.uleb128 0x1
 5023 044d 51       		.byte	0x51
 5024 044e 04       		.byte	0x4
 5025 044f 0B       		.uleb128 .LVL43-1-.LVL42
 5026 0450 4C       		.uleb128 .LFE217-.LVL42
 5027 0451 0A       		.uleb128 0xa
 5028 0452 A3       		.byte	0xa3
 5029 0453 03       		.uleb128 0x3
 5030 0454 A5       		.byte	0xa5
 5031 0455 01       		.uleb128 0x1
 5032 0456 26       		.uleb128 0x26
 5033 0457 A8       		.byte	0xa8
 5034 0458 2D       		.uleb128 0x2d
 5035 0459 A8       		.byte	0xa8
 5036 045a 00       		.uleb128 0
 5037 045b 9F       		.byte	0x9f
 5038 045c 00       		.byte	0
 5039              	.LVUS50:
 5040 045d 00       		.uleb128 .LVU281
 5041 045e 00       		.uleb128 .LVU292
 5042 045f 00       		.uleb128 .LVU305
 5043 0460 00       		.uleb128 .LVU307
 5044              	.LLST50:
 5045 0461 06       		.byte	0x6
 5046 0462 0C000000 		.4byte	.LVL43
 5047 0466 04       		.byte	0x4
 5048 0467 00       		.uleb128 .LVL43-.LVL43
 5049 0468 0C       		.uleb128 .LVL45-.LVL43
 5050 0469 01       		.uleb128 0x1
 5051 046a 50       		.byte	0x50
 5052 046b 04       		.byte	0x4
 5053 046c 38       		.uleb128 .LVL49-.LVL43
 5054 046d 3C       		.uleb128 .LVL50-.LVL43
 5055 046e 01       		.uleb128 0x1
 5056 046f 50       		.byte	0x50
 5057 0470 00       		.byte	0
 5058              	.LVUS52:
 5059 0471 01       		.uleb128 .LVU284
 5060 0472 00       		.uleb128 .LVU304
 5061 0473 00       		.uleb128 .LVU304
 5062 0474 00       		.uleb128 .LVU305
 5063              	.LLST52:
 5064 0475 06       		.byte	0x6
 5065 0476 14000000 		.4byte	.LVL44
 5066 047a 04       		.byte	0x4
 5067 047b 00       		.uleb128 .LVL44-.LVL44
 5068 047c 2C       		.uleb128 .LVL48-.LVL44
 5069 047d 03       		.uleb128 0x3
 5070 047e 74       		.byte	0x74
 5071 047f 0C       		.sleb128 12
 5072 0480 9F       		.byte	0x9f
 5073 0481 04       		.byte	0x4
ARM GAS  /tmp/cc2vUB2H.s 			page 90


 5074 0482 2C       		.uleb128 .LVL48-.LVL44
 5075 0483 30       		.uleb128 .LVL49-.LVL44
 5076 0484 0C       		.uleb128 0xc
 5077 0485 A3       		.byte	0xa3
 5078 0486 03       		.uleb128 0x3
 5079 0487 A5       		.byte	0xa5
 5080 0488 00       		.uleb128 0
 5081 0489 26       		.uleb128 0x26
 5082 048a A8       		.byte	0xa8
 5083 048b 2D       		.uleb128 0x2d
 5084 048c A8       		.byte	0xa8
 5085 048d 00       		.uleb128 0
 5086 048e 23       		.byte	0x23
 5087 048f 0C       		.uleb128 0xc
 5088 0490 9F       		.byte	0x9f
 5089 0491 00       		.byte	0
 5090              	.LVUS53:
 5091 0492 00       		.uleb128 .LVU292
 5092 0493 00       		.uleb128 .LVU302
 5093 0494 00       		.uleb128 .LVU302
 5094 0495 00       		.uleb128 .LVU304
 5095 0496 00       		.uleb128 .LVU304
 5096 0497 00       		.uleb128 .LVU305
 5097              	.LLST53:
 5098 0498 06       		.byte	0x6
 5099 0499 18000000 		.4byte	.LVL45
 5100 049d 04       		.byte	0x4
 5101 049e 00       		.uleb128 .LVL45-.LVL45
 5102 049f 24       		.uleb128 .LVL47-.LVL45
 5103 04a0 01       		.uleb128 0x1
 5104 04a1 50       		.byte	0x50
 5105 04a2 04       		.byte	0x4
 5106 04a3 24       		.uleb128 .LVL47-.LVL45
 5107 04a4 28       		.uleb128 .LVL48-.LVL45
 5108 04a5 02       		.uleb128 0x2
 5109 04a6 74       		.byte	0x74
 5110 04a7 0C       		.sleb128 12
 5111 04a8 04       		.byte	0x4
 5112 04a9 28       		.uleb128 .LVL48-.LVL45
 5113 04aa 2B       		.uleb128 .LVL49-1-.LVL45
 5114 04ab 0B       		.uleb128 0xb
 5115 04ac A3       		.byte	0xa3
 5116 04ad 03       		.uleb128 0x3
 5117 04ae A5       		.byte	0xa5
 5118 04af 00       		.uleb128 0
 5119 04b0 26       		.uleb128 0x26
 5120 04b1 A8       		.byte	0xa8
 5121 04b2 2D       		.uleb128 0x2d
 5122 04b3 A8       		.byte	0xa8
 5123 04b4 00       		.uleb128 0
 5124 04b5 23       		.byte	0x23
 5125 04b6 0C       		.uleb128 0xc
 5126 04b7 00       		.byte	0
 5127              	.LVUS55:
 5128 04b8 00       		.uleb128 .LVU296
 5129 04b9 00       		.uleb128 .LVU304
 5130 04ba 00       		.uleb128 .LVU304
ARM GAS  /tmp/cc2vUB2H.s 			page 91


 5131 04bb 00       		.uleb128 .LVU305
 5132              	.LLST55:
 5133 04bc 06       		.byte	0x6
 5134 04bd 2C000000 		.4byte	.LVL46
 5135 04c1 04       		.byte	0x4
 5136 04c2 00       		.uleb128 .LVL46-.LVL46
 5137 04c3 14       		.uleb128 .LVL48-.LVL46
 5138 04c4 03       		.uleb128 0x3
 5139 04c5 74       		.byte	0x74
 5140 04c6 0C       		.sleb128 12
 5141 04c7 9F       		.byte	0x9f
 5142 04c8 04       		.byte	0x4
 5143 04c9 14       		.uleb128 .LVL48-.LVL46
 5144 04ca 18       		.uleb128 .LVL49-.LVL46
 5145 04cb 0C       		.uleb128 0xc
 5146 04cc A3       		.byte	0xa3
 5147 04cd 03       		.uleb128 0x3
 5148 04ce A5       		.byte	0xa5
 5149 04cf 00       		.uleb128 0
 5150 04d0 26       		.uleb128 0x26
 5151 04d1 A8       		.byte	0xa8
 5152 04d2 2D       		.uleb128 0x2d
 5153 04d3 A8       		.byte	0xa8
 5154 04d4 00       		.uleb128 0
 5155 04d5 23       		.byte	0x23
 5156 04d6 0C       		.uleb128 0xc
 5157 04d7 9F       		.byte	0x9f
 5158 04d8 00       		.byte	0
 5159              	.LVUS69:
 5160 04d9 00       		.uleb128 0
 5161 04da 00       		.uleb128 .LVU401
 5162 04db 00       		.uleb128 .LVU401
 5163 04dc 00       		.uleb128 0
 5164              	.LLST69:
 5165 04dd 06       		.byte	0x6
 5166 04de 00000000 		.4byte	.LVL61
 5167 04e2 04       		.byte	0x4
 5168 04e3 00       		.uleb128 .LVL61-.LVL61
 5169 04e4 17       		.uleb128 .LVL64-1-.LVL61
 5170 04e5 01       		.uleb128 0x1
 5171 04e6 50       		.byte	0x50
 5172 04e7 04       		.byte	0x4
 5173 04e8 17       		.uleb128 .LVL64-1-.LVL61
 5174 04e9 24       		.uleb128 .LFE219-.LVL61
 5175 04ea 0A       		.uleb128 0xa
 5176 04eb A3       		.byte	0xa3
 5177 04ec 03       		.uleb128 0x3
 5178 04ed A5       		.byte	0xa5
 5179 04ee 00       		.uleb128 0
 5180 04ef 26       		.uleb128 0x26
 5181 04f0 A8       		.byte	0xa8
 5182 04f1 2D       		.uleb128 0x2d
 5183 04f2 A8       		.byte	0xa8
 5184 04f3 00       		.uleb128 0
 5185 04f4 9F       		.byte	0x9f
 5186 04f5 00       		.byte	0
 5187              	.LVUS70:
ARM GAS  /tmp/cc2vUB2H.s 			page 92


 5188 04f6 00       		.uleb128 0
 5189 04f7 00       		.uleb128 .LVU401
 5190 04f8 00       		.uleb128 .LVU401
 5191 04f9 00       		.uleb128 0
 5192              	.LLST70:
 5193 04fa 06       		.byte	0x6
 5194 04fb 00000000 		.4byte	.LVL61
 5195 04ff 04       		.byte	0x4
 5196 0500 00       		.uleb128 .LVL61-.LVL61
 5197 0501 17       		.uleb128 .LVL64-1-.LVL61
 5198 0502 01       		.uleb128 0x1
 5199 0503 51       		.byte	0x51
 5200 0504 04       		.byte	0x4
 5201 0505 17       		.uleb128 .LVL64-1-.LVL61
 5202 0506 24       		.uleb128 .LFE219-.LVL61
 5203 0507 0A       		.uleb128 0xa
 5204 0508 A3       		.byte	0xa3
 5205 0509 03       		.uleb128 0x3
 5206 050a A5       		.byte	0xa5
 5207 050b 01       		.uleb128 0x1
 5208 050c 26       		.uleb128 0x26
 5209 050d A8       		.byte	0xa8
 5210 050e 2D       		.uleb128 0x2d
 5211 050f A8       		.byte	0xa8
 5212 0510 00       		.uleb128 0
 5213 0511 9F       		.byte	0x9f
 5214 0512 00       		.byte	0
 5215              	.LVUS72:
 5216 0513 03       		.uleb128 .LVU387
 5217 0514 00       		.uleb128 .LVU401
 5218 0515 00       		.uleb128 .LVU401
 5219 0516 00       		.uleb128 .LVU401
 5220              	.LLST72:
 5221 0517 06       		.byte	0x6
 5222 0518 08000000 		.4byte	.LVL62
 5223 051c 04       		.byte	0x4
 5224 051d 00       		.uleb128 .LVL62-.LVL62
 5225 051e 0F       		.uleb128 .LVL64-1-.LVL62
 5226 051f 01       		.uleb128 0x1
 5227 0520 51       		.byte	0x51
 5228 0521 04       		.byte	0x4
 5229 0522 0F       		.uleb128 .LVL64-1-.LVL62
 5230 0523 10       		.uleb128 .LVL64-.LVL62
 5231 0524 0A       		.uleb128 0xa
 5232 0525 A3       		.byte	0xa3
 5233 0526 03       		.uleb128 0x3
 5234 0527 A5       		.byte	0xa5
 5235 0528 01       		.uleb128 0x1
 5236 0529 26       		.uleb128 0x26
 5237 052a A8       		.byte	0xa8
 5238 052b 2D       		.uleb128 0x2d
 5239 052c A8       		.byte	0xa8
 5240 052d 00       		.uleb128 0
 5241 052e 9F       		.byte	0x9f
 5242 052f 00       		.byte	0
 5243              	.LVUS73:
 5244 0530 03       		.uleb128 .LVU387
ARM GAS  /tmp/cc2vUB2H.s 			page 93


 5245 0531 00       		.uleb128 .LVU401
 5246 0532 00       		.uleb128 .LVU401
 5247 0533 00       		.uleb128 .LVU401
 5248              	.LLST73:
 5249 0534 06       		.byte	0x6
 5250 0535 08000000 		.4byte	.LVL62
 5251 0539 04       		.byte	0x4
 5252 053a 00       		.uleb128 .LVL62-.LVL62
 5253 053b 0F       		.uleb128 .LVL64-1-.LVL62
 5254 053c 01       		.uleb128 0x1
 5255 053d 50       		.byte	0x50
 5256 053e 04       		.byte	0x4
 5257 053f 0F       		.uleb128 .LVL64-1-.LVL62
 5258 0540 10       		.uleb128 .LVL64-.LVL62
 5259 0541 0A       		.uleb128 0xa
 5260 0542 A3       		.byte	0xa3
 5261 0543 03       		.uleb128 0x3
 5262 0544 A5       		.byte	0xa5
 5263 0545 00       		.uleb128 0
 5264 0546 26       		.uleb128 0x26
 5265 0547 A8       		.byte	0xa8
 5266 0548 2D       		.uleb128 0x2d
 5267 0549 A8       		.byte	0xa8
 5268 054a 00       		.uleb128 0
 5269 054b 9F       		.byte	0x9f
 5270 054c 00       		.byte	0
 5271              	.LVUS74:
 5272 054d 05       		.uleb128 .LVU389
 5273 054e 00       		.uleb128 .LVU399
 5274              	.LLST74:
 5275 054f 08       		.byte	0x8
 5276 0550 08000000 		.4byte	.LVL62
 5277 0554 0C       		.uleb128 .LVL63-.LVL62
 5278 0555 01       		.uleb128 0x1
 5279 0556 51       		.byte	0x51
 5280 0557 00       		.byte	0
 5281              	.LVUS75:
 5282 0558 05       		.uleb128 .LVU389
 5283 0559 00       		.uleb128 .LVU399
 5284              	.LLST75:
 5285 055a 08       		.byte	0x8
 5286 055b 08000000 		.4byte	.LVL62
 5287 055f 0C       		.uleb128 .LVL63-.LVL62
 5288 0560 03       		.uleb128 0x3
 5289 0561 70       		.byte	0x70
 5290 0562 0C       		.sleb128 12
 5291 0563 9F       		.byte	0x9f
 5292 0564 00       		.byte	0
 5293              	.LVUS76:
 5294 0565 07       		.uleb128 .LVU391
 5295 0566 00       		.uleb128 .LVU401
 5296 0567 00       		.uleb128 .LVU401
 5297 0568 00       		.uleb128 0
 5298              	.LLST76:
 5299 0569 06       		.byte	0x6
 5300 056a 08000000 		.4byte	.LVL62
 5301 056e 04       		.byte	0x4
ARM GAS  /tmp/cc2vUB2H.s 			page 94


 5302 056f 00       		.uleb128 .LVL62-.LVL62
 5303 0570 0F       		.uleb128 .LVL64-1-.LVL62
 5304 0571 01       		.uleb128 0x1
 5305 0572 51       		.byte	0x51
 5306 0573 04       		.byte	0x4
 5307 0574 0F       		.uleb128 .LVL64-1-.LVL62
 5308 0575 1C       		.uleb128 .LFE219-.LVL62
 5309 0576 0A       		.uleb128 0xa
 5310 0577 A3       		.byte	0xa3
 5311 0578 03       		.uleb128 0x3
 5312 0579 A5       		.byte	0xa5
 5313 057a 01       		.uleb128 0x1
 5314 057b 26       		.uleb128 0x26
 5315 057c A8       		.byte	0xa8
 5316 057d 2D       		.uleb128 0x2d
 5317 057e A8       		.byte	0xa8
 5318 057f 00       		.uleb128 0
 5319 0580 9F       		.byte	0x9f
 5320 0581 00       		.byte	0
 5321              	.Ldebug_loc3:
 5322              		.section	.debug_aranges,"",%progbits
 5323 0000 7C000000 		.4byte	0x7c
 5324 0004 0200     		.2byte	0x2
 5325 0006 00000000 		.4byte	.Ldebug_info0
 5326 000a 04       		.byte	0x4
 5327 000b 00       		.byte	0
 5328 000c 0000     		.2byte	0
 5329 000e 0000     		.2byte	0
 5330 0010 00000000 		.4byte	.LFB207
 5331 0014 10000000 		.4byte	.LFE207-.LFB207
 5332 0018 00000000 		.4byte	.LFB208
 5333 001c 04000000 		.4byte	.LFE208-.LFB208
 5334 0020 00000000 		.4byte	.LFB209
 5335 0024 30000000 		.4byte	.LFE209-.LFB209
 5336 0028 00000000 		.4byte	.LFB210
 5337 002c 30000000 		.4byte	.LFE210-.LFB210
 5338 0030 00000000 		.4byte	.LFB211
 5339 0034 44000000 		.4byte	.LFE211-.LFB211
 5340 0038 00000000 		.4byte	.LFB212
 5341 003c 10000000 		.4byte	.LFE212-.LFB212
 5342 0040 00000000 		.4byte	.LFB213
 5343 0044 18000000 		.4byte	.LFE213-.LFB213
 5344 0048 00000000 		.4byte	.LFB214
 5345 004c 28000000 		.4byte	.LFE214-.LFB214
 5346 0050 00000000 		.4byte	.LFB215
 5347 0054 04000000 		.4byte	.LFE215-.LFB215
 5348 0058 00000000 		.4byte	.LFB216
 5349 005c 48000000 		.4byte	.LFE216-.LFB216
 5350 0060 00000000 		.4byte	.LFB217
 5351 0064 4C000000 		.4byte	.LFE217-.LFB217
 5352 0068 00000000 		.4byte	.LFB218
 5353 006c 54000000 		.4byte	.LFE218-.LFB218
 5354 0070 00000000 		.4byte	.LFB219
 5355 0074 24000000 		.4byte	.LFE219-.LFB219
 5356 0078 00000000 		.4byte	0
 5357 007c 00000000 		.4byte	0
 5358              		.section	.debug_rnglists,"",%progbits
ARM GAS  /tmp/cc2vUB2H.s 			page 95


 5359              	.Ldebug_ranges0:
 5360 0000 E4000000 		.4byte	.Ldebug_ranges3-.Ldebug_ranges2
 5361              	.Ldebug_ranges2:
 5362 0004 0500     		.2byte	0x5
 5363 0006 04       		.byte	0x4
 5364 0007 00       		.byte	0
 5365 0008 00000000 		.4byte	0
 5366              	.LLRL14:
 5367 000c 05       		.byte	0x5
 5368 000d 00000000 		.4byte	.LBB101
 5369 0011 04       		.byte	0x4
 5370 0012 00       		.uleb128 .LBB101-.LBB101
 5371 0013 00       		.uleb128 .LBE101-.LBB101
 5372 0014 04       		.byte	0x4
 5373 0015 04       		.uleb128 .LBB106-.LBB101
 5374 0016 08       		.uleb128 .LBE106-.LBB101
 5375 0017 00       		.byte	0
 5376              	.LLRL15:
 5377 0018 07       		.byte	0x7
 5378 0019 08000000 		.4byte	.LBB107
 5379 001d 14       		.uleb128 .LBE107-.LBB107
 5380              	.LLRL18:
 5381 001e 05       		.byte	0x5
 5382 001f 24000000 		.4byte	.LBB122
 5383 0023 04       		.byte	0x4
 5384 0024 00       		.uleb128 .LBB122-.LBB122
 5385 0025 10       		.uleb128 .LBE122-.LBB122
 5386 0026 04       		.byte	0x4
 5387 0027 14       		.uleb128 .LBB123-.LBB122
 5388 0028 18       		.uleb128 .LBE123-.LBB122
 5389 0029 00       		.byte	0
 5390              	.LLRL21:
 5391 002a 05       		.byte	0x5
 5392 002b 1C000000 		.4byte	.LBB115
 5393 002f 04       		.byte	0x4
 5394 0030 00       		.uleb128 .LBB115-.LBB115
 5395 0031 04       		.uleb128 .LBE115-.LBB115
 5396 0032 04       		.byte	0x4
 5397 0033 20       		.uleb128 .LBB124-.LBB115
 5398 0034 24       		.uleb128 .LBE124-.LBB115
 5399 0035 00       		.byte	0
 5400              	.LLRL29:
 5401 0036 05       		.byte	0x5
 5402 0037 04000000 		.4byte	.LBB134
 5403 003b 04       		.byte	0x4
 5404 003c 00       		.uleb128 .LBB134-.LBB134
 5405 003d 04       		.uleb128 .LBE134-.LBB134
 5406 003e 04       		.byte	0x4
 5407 003f 08       		.uleb128 .LBB138-.LBB134
 5408 0040 10       		.uleb128 .LBE138-.LBB134
 5409 0041 04       		.byte	0x4
 5410 0042 18       		.uleb128 .LBB139-.LBB134
 5411 0043 20       		.uleb128 .LBE139-.LBB134
 5412 0044 00       		.byte	0
 5413              	.LLRL44:
 5414 0045 05       		.byte	0x5
 5415 0046 18000000 		.4byte	.LBB163
ARM GAS  /tmp/cc2vUB2H.s 			page 96


 5416 004a 04       		.byte	0x4
 5417 004b 00       		.uleb128 .LBB163-.LBB163
 5418 004c 04       		.uleb128 .LBE163-.LBB163
 5419 004d 04       		.byte	0x4
 5420 004e 08       		.uleb128 .LBB166-.LBB163
 5421 004f 10       		.uleb128 .LBE166-.LBB163
 5422 0050 00       		.byte	0
 5423              	.LLRL51:
 5424 0051 05       		.byte	0x5
 5425 0052 14000000 		.4byte	.LBB175
 5426 0056 04       		.byte	0x4
 5427 0057 00       		.uleb128 .LBB175-.LBB175
 5428 0058 28       		.uleb128 .LBE175-.LBB175
 5429 0059 04       		.byte	0x4
 5430 005a 2C       		.uleb128 .LBB182-.LBB175
 5431 005b 30       		.uleb128 .LBE182-.LBB175
 5432 005c 00       		.byte	0
 5433              	.LLRL54:
 5434 005d 05       		.byte	0x5
 5435 005e 2C000000 		.4byte	.LBB177
 5436 0062 04       		.byte	0x4
 5437 0063 00       		.uleb128 .LBB177-.LBB177
 5438 0064 10       		.uleb128 .LBE177-.LBB177
 5439 0065 04       		.byte	0x4
 5440 0066 14       		.uleb128 .LBB180-.LBB177
 5441 0067 18       		.uleb128 .LBE180-.LBB177
 5442 0068 00       		.byte	0
 5443              	.LLRL59:
 5444 0069 05       		.byte	0x5
 5445 006a 0C000000 		.4byte	.LBB199
 5446 006e 04       		.byte	0x4
 5447 006f 00       		.uleb128 .LBB199-.LBB199
 5448 0070 24       		.uleb128 .LBE199-.LBB199
 5449 0071 04       		.byte	0x4
 5450 0072 2C       		.uleb128 .LBB215-.LBB199
 5451 0073 40       		.uleb128 .LBE215-.LBB199
 5452 0074 00       		.byte	0
 5453              	.LLRL63:
 5454 0075 05       		.byte	0x5
 5455 0076 1C000000 		.4byte	.LBB201
 5456 007a 04       		.byte	0x4
 5457 007b 00       		.uleb128 .LBB201-.LBB201
 5458 007c 14       		.uleb128 .LBE201-.LBB201
 5459 007d 04       		.byte	0x4
 5460 007e 1C       		.uleb128 .LBB206-.LBB201
 5461 007f 30       		.uleb128 .LBE206-.LBB201
 5462 0080 00       		.byte	0
 5463              	.LLRL68:
 5464 0081 05       		.byte	0x5
 5465 0082 30000000 		.4byte	.LBB208
 5466 0086 04       		.byte	0x4
 5467 0087 00       		.uleb128 .LBB208-.LBB208
 5468 0088 04       		.uleb128 .LBE208-.LBB208
 5469 0089 04       		.byte	0x4
 5470 008a 1C       		.uleb128 .LBB216-.LBB208
 5471 008b 20       		.uleb128 .LBE216-.LBB208
 5472 008c 00       		.byte	0
ARM GAS  /tmp/cc2vUB2H.s 			page 97


 5473              	.LLRL71:
 5474 008d 05       		.byte	0x5
 5475 008e 00000000 		.4byte	.LBB217
 5476 0092 04       		.byte	0x4
 5477 0093 00       		.uleb128 .LBB217-.LBB217
 5478 0094 00       		.uleb128 .LBE217-.LBB217
 5479 0095 04       		.byte	0x4
 5480 0096 04       		.uleb128 .LBB222-.LBB217
 5481 0097 08       		.uleb128 .LBE222-.LBB217
 5482 0098 00       		.byte	0
 5483              	.LLRL77:
 5484 0099 07       		.byte	0x7
 5485 009a 00000000 		.4byte	.LFB207
 5486 009e 10       		.uleb128 .LFE207-.LFB207
 5487 009f 07       		.byte	0x7
 5488 00a0 00000000 		.4byte	.LFB208
 5489 00a4 04       		.uleb128 .LFE208-.LFB208
 5490 00a5 07       		.byte	0x7
 5491 00a6 00000000 		.4byte	.LFB209
 5492 00aa 30       		.uleb128 .LFE209-.LFB209
 5493 00ab 07       		.byte	0x7
 5494 00ac 00000000 		.4byte	.LFB210
 5495 00b0 30       		.uleb128 .LFE210-.LFB210
 5496 00b1 07       		.byte	0x7
 5497 00b2 00000000 		.4byte	.LFB211
 5498 00b6 44       		.uleb128 .LFE211-.LFB211
 5499 00b7 07       		.byte	0x7
 5500 00b8 00000000 		.4byte	.LFB212
 5501 00bc 10       		.uleb128 .LFE212-.LFB212
 5502 00bd 07       		.byte	0x7
 5503 00be 00000000 		.4byte	.LFB213
 5504 00c2 18       		.uleb128 .LFE213-.LFB213
 5505 00c3 07       		.byte	0x7
 5506 00c4 00000000 		.4byte	.LFB214
 5507 00c8 28       		.uleb128 .LFE214-.LFB214
 5508 00c9 07       		.byte	0x7
 5509 00ca 00000000 		.4byte	.LFB215
 5510 00ce 04       		.uleb128 .LFE215-.LFB215
 5511 00cf 07       		.byte	0x7
 5512 00d0 00000000 		.4byte	.LFB216
 5513 00d4 48       		.uleb128 .LFE216-.LFB216
 5514 00d5 07       		.byte	0x7
 5515 00d6 00000000 		.4byte	.LFB217
 5516 00da 4C       		.uleb128 .LFE217-.LFB217
 5517 00db 07       		.byte	0x7
 5518 00dc 00000000 		.4byte	.LFB218
 5519 00e0 54       		.uleb128 .LFE218-.LFB218
 5520 00e1 07       		.byte	0x7
 5521 00e2 00000000 		.4byte	.LFB219
 5522 00e6 24       		.uleb128 .LFE219-.LFB219
 5523 00e7 00       		.byte	0
 5524              	.Ldebug_ranges3:
 5525              		.section	.debug_line,"",%progbits
 5526              	.Ldebug_line0:
 5527 0000 CC090000 		.section	.debug_str,"MS",%progbits,1
 5527      0300B702 
 5527      00000201 
ARM GAS  /tmp/cc2vUB2H.s 			page 98


 5527      FB0E0D00 
 5527      01010101 
 5528              	.LASF65:
 5529 0000 474E5520 		.ascii	"GNU C17 13.3.1 20240614 -mcpu=cortex-r8 -mfloat-abi"
 5529      43313720 
 5529      31332E33 
 5529      2E312032 
 5529      30323430 
 5530 0033 3D686172 		.ascii	"=hard -mfpu=vfpv3-d16 -mno-thumb-interwork -marm -m"
 5530      64202D6D 
 5530      6670753D 
 5530      76667076 
 5530      332D6431 
 5531 0066 61726368 		.ascii	"arch=armv7-r+fp+idiv -ggdb -O2 -fomit-frame-pointer"
 5531      3D61726D 
 5531      76372D72 
 5531      2B66702B 
 5531      69646976 
 5532 0099 202D6661 		.ascii	" -falign-functions=16 -ffunction-sections -fdata-se"
 5532      6C69676E 
 5532      2D66756E 
 5532      6374696F 
 5532      6E733D31 
 5533 00cc 6374696F 		.ascii	"ctions -fno-common\000"
 5533      6E73202D 
 5533      666E6F2D 
 5533      636F6D6D 
 5533      6F6E00
 5534              	.LASF8:
 5535 00df 73686F72 		.ascii	"short int\000"
 5535      7420696E 
 5535      7400
 5536              	.LASF5:
 5537 00e9 73697A65 		.ascii	"size_t\000"
 5537      5F7400
 5538              	.LASF39:
 5539 00f0 63685365 		.ascii	"chSemObjectInit\000"
 5539      6D4F626A 
 5539      65637449 
 5539      6E697400 
 5540              	.LASF55:
 5541 0100 6368506F 		.ascii	"chPoolLoadArray\000"
 5541      6F6C4C6F 
 5541      61644172 
 5541      72617900 
 5542              	.LASF68:
 5543 0110 63685363 		.ascii	"chSchRescheduleS\000"
 5543      68526573 
 5543      63686564 
 5543      756C6553 
 5543      00
 5544              	.LASF64:
 5545 0121 706F7274 		.ascii	"port_lock\000"
 5545      5F6C6F63 
 5545      6B00
 5546              	.LASF62:
 5547 012b 63685379 		.ascii	"chSysLock\000"
ARM GAS  /tmp/cc2vUB2H.s 			page 99


 5547      734C6F63 
 5547      6B00
 5548              	.LASF53:
 5549 0135 6368506F 		.ascii	"chPoolAlloc\000"
 5549      6F6C416C 
 5549      6C6F6300 
 5550              	.LASF44:
 5551 0141 63684775 		.ascii	"chGuardedPoolAllocTimeoutS\000"
 5551      61726465 
 5551      64506F6F 
 5551      6C416C6C 
 5551      6F635469 
 5552              	.LASF15:
 5553 015c 75696E74 		.ascii	"uint8_t\000"
 5553      385F7400 
 5554              	.LASF38:
 5555 0164 63685365 		.ascii	"chSemObjectDispose\000"
 5555      6D4F626A 
 5555      65637444 
 5555      6973706F 
 5555      736500
 5556              	.LASF21:
 5557 0177 63685F71 		.ascii	"ch_queue_t\000"
 5557      75657565 
 5557      5F7400
 5558              	.LASF2:
 5559 0182 6C6F6E67 		.ascii	"long long int\000"
 5559      206C6F6E 
 5559      6720696E 
 5559      7400
 5560              	.LASF40:
 5561 0190 63684775 		.ascii	"chGuardedPoolFree\000"
 5561      61726465 
 5561      64506F6F 
 5561      6C467265 
 5561      6500
 5562              	.LASF36:
 5563 01a2 67756172 		.ascii	"guarded_memory_pool_t\000"
 5563      6465645F 
 5563      6D656D6F 
 5563      72795F70 
 5563      6F6F6C5F 
 5564              	.LASF43:
 5565 01b8 63685365 		.ascii	"chSemWaitTimeoutS\000"
 5565      6D576169 
 5565      7454696D 
 5565      656F7574 
 5565      5300
 5566              	.LASF11:
 5567 01ca 6C6F6E67 		.ascii	"long int\000"
 5567      20696E74 
 5567      00
 5568              	.LASF50:
 5569 01d3 6368506F 		.ascii	"chPoolFree\000"
 5569      6F6C4672 
 5569      656500
 5570              	.LASF6:
ARM GAS  /tmp/cc2vUB2H.s 			page 100


 5571 01de 5F5F7569 		.ascii	"__uint8_t\000"
 5571      6E74385F 
 5571      7400
 5572              	.LASF7:
 5573 01e8 756E7369 		.ascii	"unsigned char\000"
 5573      676E6564 
 5573      20636861 
 5573      7200
 5574              	.LASF46:
 5575 01f6 63684775 		.ascii	"chGuardedPoolObjectDispose\000"
 5575      61726465 
 5575      64506F6F 
 5575      6C4F626A 
 5575      65637444 
 5576              	.LASF26:
 5577 0211 71756575 		.ascii	"queue\000"
 5577      6500
 5578              	.LASF3:
 5579 0217 6C6F6E67 		.ascii	"long double\000"
 5579      20646F75 
 5579      626C6500 
 5580              	.LASF52:
 5581 0223 63684775 		.ascii	"chGuardedPoolAllocTimeout\000"
 5581      61726465 
 5581      64506F6F 
 5581      6C416C6C 
 5581      6F635469 
 5582              	.LASF67:
 5583 023d 2F686F6D 		.ascii	"/home/emirhan/Documents/gemstone/chibiOS-port/Chibi"
 5583      652F656D 
 5583      69726861 
 5583      6E2F446F 
 5583      63756D65 
 5584 0270 4F532F64 		.ascii	"OS/demos/various/RT-ARMCR8-GENERIC\000"
 5584      656D6F73 
 5584      2F766172 
 5584      696F7573 
 5584      2F52542D 
 5585              	.LASF27:
 5586 0293 73656D61 		.ascii	"semaphore_t\000"
 5586      70686F72 
 5586      655F7400 
 5587              	.LASF51:
 5588 029f 6368506F 		.ascii	"chPoolFreeI\000"
 5588      6F6C4672 
 5588      65654900 
 5589              	.LASF4:
 5590 02ab 7369676E 		.ascii	"signed char\000"
 5590      65642063 
 5590      68617200 
 5591              	.LASF0:
 5592 02b7 6C6F6E67 		.ascii	"long long unsigned int\000"
 5592      206C6F6E 
 5592      6720756E 
 5592      7369676E 
 5592      65642069 
 5593              	.LASF17:
ARM GAS  /tmp/cc2vUB2H.s 			page 101


 5594 02ce 75696E74 		.ascii	"uint32_t\000"
 5594      33325F74 
 5594      00
 5595              	.LASF60:
 5596 02d7 6368506F 		.ascii	"chPoolAdd\000"
 5596      6F6C4164 
 5596      6400
 5597              	.LASF29:
 5598 02e1 6D656D67 		.ascii	"memgetfunc_t\000"
 5598      65746675 
 5598      6E635F74 
 5598      00
 5599              	.LASF47:
 5600 02ee 5F5F6675 		.ascii	"__func__\000"
 5600      6E635F5F 
 5600      00
 5601              	.LASF56:
 5602 02f7 6368506F 		.ascii	"chPoolObjectDispose\000"
 5602      6F6C4F62 
 5602      6A656374 
 5602      44697370 
 5602      6F736500 
 5603              	.LASF14:
 5604 030b 63686172 		.ascii	"char\000"
 5604      00
 5605              	.LASF59:
 5606 0310 63684775 		.ascii	"chGuardedPoolFreeI\000"
 5606      61726465 
 5606      64506F6F 
 5606      6C467265 
 5606      654900
 5607              	.LASF16:
 5608 0323 696E7433 		.ascii	"int32_t\000"
 5608      325F7400 
 5609              	.LASF31:
 5610 032b 6F626A65 		.ascii	"object_size\000"
 5610      63745F73 
 5610      697A6500 
 5611              	.LASF19:
 5612 0337 636E745F 		.ascii	"cnt_t\000"
 5612      7400
 5613              	.LASF9:
 5614 033d 73686F72 		.ascii	"short unsigned int\000"
 5614      7420756E 
 5614      7369676E 
 5614      65642069 
 5614      6E7400
 5615              	.LASF28:
 5616 0350 5F426F6F 		.ascii	"_Bool\000"
 5616      6C00
 5617              	.LASF63:
 5618 0356 706F7274 		.ascii	"port_unlock\000"
 5618      5F756E6C 
 5618      6F636B00 
 5619              	.LASF33:
 5620 0362 70726F76 		.ascii	"provider\000"
 5620      69646572 
ARM GAS  /tmp/cc2vUB2H.s 			page 102


 5620      00
 5621              	.LASF20:
 5622 036b 73797369 		.ascii	"sysinterval_t\000"
 5622      6E746572 
 5622      76616C5F 
 5622      7400
 5623              	.LASF34:
 5624 0379 6D656D6F 		.ascii	"memory_pool_t\000"
 5624      72795F70 
 5624      6F6F6C5F 
 5624      7400
 5625              	.LASF57:
 5626 0387 6368506F 		.ascii	"chPoolObjectInitAligned\000"
 5626      6F6C4F62 
 5626      6A656374 
 5626      496E6974 
 5626      416C6967 
 5627              	.LASF30:
 5628 039f 706F6F6C 		.ascii	"pool_header\000"
 5628      5F686561 
 5628      64657200 
 5629              	.LASF13:
 5630 03ab 6C6F6E67 		.ascii	"long unsigned int\000"
 5630      20756E73 
 5630      69676E65 
 5630      6420696E 
 5630      7400
 5631              	.LASF54:
 5632 03bd 6368506F 		.ascii	"chPoolAllocI\000"
 5632      6F6C416C 
 5632      6C6F6349 
 5632      00
 5633              	.LASF12:
 5634 03ca 5F5F7569 		.ascii	"__uint32_t\000"
 5634      6E743332 
 5634      5F7400
 5635              	.LASF49:
 5636 03d5 73697A65 		.ascii	"size\000"
 5636      00
 5637              	.LASF61:
 5638 03da 63685379 		.ascii	"chSysUnlock\000"
 5638      73556E6C 
 5638      6F636B00 
 5639              	.LASF45:
 5640 03e6 63684775 		.ascii	"chGuardedPoolLoadArray\000"
 5640      61726465 
 5640      64506F6F 
 5640      6C4C6F61 
 5640      64417272 
 5641              	.LASF25:
 5642 03fd 63685F73 		.ascii	"ch_semaphore\000"
 5642      656D6170 
 5642      686F7265 
 5642      00
 5643              	.LASF10:
 5644 040a 5F5F696E 		.ascii	"__int32_t\000"
 5644      7433325F 
ARM GAS  /tmp/cc2vUB2H.s 			page 103


 5644      7400
 5645              	.LASF32:
 5646 0414 616C6967 		.ascii	"align\000"
 5646      6E00
 5647              	.LASF41:
 5648 041a 6F626A70 		.ascii	"objp\000"
 5648      00
 5649              	.LASF24:
 5650 041f 63685F71 		.ascii	"ch_queue\000"
 5650      75657565 
 5650      00
 5651              	.LASF37:
 5652 0428 63685365 		.ascii	"chSemSignalI\000"
 5652      6D536967 
 5652      6E616C49 
 5652      00
 5653              	.LASF48:
 5654 0435 63684775 		.ascii	"chGuardedPoolObjectInitAligned\000"
 5654      61726465 
 5654      64506F6F 
 5654      6C4F626A 
 5654      65637449 
 5655              	.LASF35:
 5656 0454 706F6F6C 		.ascii	"pool\000"
 5656      00
 5657              	.LASF23:
 5658 0459 70726576 		.ascii	"prev\000"
 5658      00
 5659              	.LASF1:
 5660 045e 756E7369 		.ascii	"unsigned int\000"
 5660      676E6564 
 5660      20696E74 
 5660      00
 5661              	.LASF18:
 5662 046b 6D73675F 		.ascii	"msg_t\000"
 5662      7400
 5663              	.LASF42:
 5664 0471 74696D65 		.ascii	"timeout\000"
 5664      6F757400 
 5665              	.LASF22:
 5666 0479 6E657874 		.ascii	"next\000"
 5666      00
 5667              	.LASF66:
 5668 047e 2E2E2F2E 		.ascii	"../../../os/oslib/src/chmempools.c\000"
 5668      2E2F2E2E 
 5668      2F6F732F 
 5668      6F736C69 
 5668      622F7372 
 5669              	.LASF58:
 5670 04a1 63684775 		.ascii	"chGuardedPoolAdd\000"
 5670      61726465 
 5670      64506F6F 
 5670      6C416464 
 5670      00
 5671              		.ident	"GCC: (Arm GNU Toolchain 13.3.Rel1 (Build arm-13.24)) 13.3.1 20240614"
ARM GAS  /tmp/cc2vUB2H.s 			page 104


DEFINED SYMBOLS
                            *ABS*:00000000 chmempools.c
     /tmp/cc2vUB2H.s:21     .text.chPoolObjectInitAligned:00000000 $a
     /tmp/cc2vUB2H.s:27     .text.chPoolObjectInitAligned:00000000 chPoolObjectInitAligned
     /tmp/cc2vUB2H.s:52     .text.chPoolObjectDispose:00000000 $a
     /tmp/cc2vUB2H.s:58     .text.chPoolObjectDispose:00000000 chPoolObjectDispose
     /tmp/cc2vUB2H.s:75     .text.chPoolLoadArray:00000000 $a
     /tmp/cc2vUB2H.s:81     .text.chPoolLoadArray:00000000 chPoolLoadArray
     /tmp/cc2vUB2H.s:200    .text.chPoolAllocI:00000000 $a
     /tmp/cc2vUB2H.s:206    .text.chPoolAllocI:00000000 chPoolAllocI
     /tmp/cc2vUB2H.s:260    .text.chPoolAlloc:00000000 $a
     /tmp/cc2vUB2H.s:266    .text.chPoolAlloc:00000000 chPoolAlloc
     /tmp/cc2vUB2H.s:439    .text.chPoolFreeI:00000000 $a
     /tmp/cc2vUB2H.s:445    .text.chPoolFreeI:00000000 chPoolFreeI
     /tmp/cc2vUB2H.s:471    .text.chPoolFree:00000000 $a
     /tmp/cc2vUB2H.s:477    .text.chPoolFree:00000000 chPoolFree
     /tmp/cc2vUB2H.s:560    .text.chGuardedPoolObjectInitAligned:00000000 $a
     /tmp/cc2vUB2H.s:566    .text.chGuardedPoolObjectInitAligned:00000000 chGuardedPoolObjectInitAligned
     /tmp/cc2vUB2H.s:630    .text.chGuardedPoolObjectDispose:00000000 $a
     /tmp/cc2vUB2H.s:636    .text.chGuardedPoolObjectDispose:00000000 chGuardedPoolObjectDispose
     /tmp/cc2vUB2H.s:656    .text.chGuardedPoolLoadArray:00000000 $a
     /tmp/cc2vUB2H.s:662    .text.chGuardedPoolLoadArray:00000000 chGuardedPoolLoadArray
     /tmp/cc2vUB2H.s:809    .text.chGuardedPoolAllocTimeoutS:00000000 $a
     /tmp/cc2vUB2H.s:815    .text.chGuardedPoolAllocTimeoutS:00000000 chGuardedPoolAllocTimeoutS
     /tmp/cc2vUB2H.s:913    .text.chGuardedPoolAllocTimeout:00000000 $a
     /tmp/cc2vUB2H.s:919    .text.chGuardedPoolAllocTimeout:00000000 chGuardedPoolAllocTimeout
     /tmp/cc2vUB2H.s:1096   .text.chGuardedPoolFree:00000000 $a
     /tmp/cc2vUB2H.s:1102   .text.chGuardedPoolFree:00000000 chGuardedPoolFree

UNDEFINED SYMBOLS
chSemObjectInit
chSemObjectDispose
chSemSignalI
chSchRescheduleS
chSemWaitTimeoutS
