ARM GAS  /tmp/ccwUBPHV.s 			page 1


   1              		.cpu cortex-r8
   2              		.arch armv7-r
   3              		.fpu vfpv3-d16
   4              		.arch_extension idiv
   5              		.eabi_attribute 28, 1
   6              		.eabi_attribute 20, 1
   7              		.eabi_attribute 21, 1
   8              		.eabi_attribute 23, 3
   9              		.eabi_attribute 24, 1
  10              		.eabi_attribute 25, 1
  11              		.eabi_attribute 26, 1
  12              		.eabi_attribute 30, 2
  13              		.eabi_attribute 34, 1
  14              		.eabi_attribute 18, 4
  15              		.file	"chmsg.c"
  16              		.text
  17              	.Ltext0:
  18              		.cfi_sections	.debug_frame
  19              		.file 1 "../../../os/rt/src/chmsg.c"
  20              		.section	.text.chMsgSend,"ax",%progbits
  21              		.align	2
  22              		.p2align 4,,15
  23              		.global	chMsgSend
  24              		.syntax unified
  25              		.arm
  26              		.type	chMsgSend, %function
  27              	chMsgSend:
  28              	.LVL0:
  29              	.LFB207:
  30              		.loc 1 84 42 view -0
  31              		.cfi_startproc
  32              		@ args = 0, pretend = 0, frame = 0
  33              		@ frame_needed = 0, uses_anonymous_args = 0
  34              		.loc 1 85 3 view .LVU1
  35              	.LBB46:
  36              	.LBI46:
  37              		.file 2 "../../../os/rt/include/chthreads.h"
  38              		.loc 2 526 25 view .LVU2
  39              	.LBB47:
  40              		.loc 2 528 3 view .LVU3
  41              		.loc 2 528 10 is_stmt 0 view .LVU4
  42 0000 002000E3 		movw	r2, #:lower16:ch0
  43 0004 002040E3 		movt	r2, #:upper16:ch0
  44              	.LBE47:
  45              	.LBE46:
  46              		.loc 1 84 42 view .LVU5
  47 0008 10402DE9 		push	{r4, lr}
  48              		.cfi_def_cfa_offset 8
  49              		.cfi_offset 4, -8
  50              		.cfi_offset 14, -4
  51              	.LBB49:
  52              	.LBB48:
  53              		.loc 2 528 10 view .LVU6
  54 000c 0C4092E5 		ldr	r4, [r2, #12]
  55              	.LVL1:
  56              		.loc 2 528 10 view .LVU7
  57              	.LBE48:
ARM GAS  /tmp/ccwUBPHV.s 			page 2


  58              	.LBE49:
  59              		.loc 1 87 3 is_stmt 1 view .LVU8
  60              		.loc 1 87 3 view .LVU9
  61              		.loc 1 87 3 discriminator 5 view .LVU10
  62              		.loc 1 89 3 view .LVU11
  63              	.LBB50:
  64              	.LBI50:
  65              		.file 3 "../../../os/rt/include/chsys.h"
  66              		.loc 3 371 20 view .LVU12
  67              		.loc 3 373 3 view .LVU13
  68              	.LBB51:
  69              	.LBI51:
  70              		.file 4 "../../../os/common/ports/ARMv7-R/chcore.h"
  71              		.loc 4 739 20 view .LVU14
  72              	.LBB52:
  73              		.loc 4 741 3 view .LVU15
  74              		.syntax divided
  75              	@ 741 "../../../os/common/ports/ARMv7-R/chcore.h" 1
  76 0010 80000CF1 		cpsid   i
  77              	@ 0 "" 2
  78              		.arm
  79              		.syntax unified
  80              	.LBE52:
  81              	.LBE51:
  82              		.loc 3 374 35 view .LVU16
  83              		.loc 3 375 21 view .LVU17
  84              	.LBE50:
  85              		.loc 1 90 3 view .LVU18
  86              	.LBB53:
  87              	.LBB54:
  88              		.file 5 "../../../os/rt/include/chlists.h"
  89              		.loc 5 326 21 is_stmt 0 view .LVU19
  90 0014 402090E5 		ldr	r2, [r0, #64]
  91              	.LBE54:
  92              	.LBE53:
  93              		.loc 1 91 30 view .LVU20
  94 0018 3CC080E2 		add	ip, r0, #60
  95              		.loc 1 90 19 view .LVU21
  96 001c 441084E5 		str	r1, [r4, #68]
  97              		.loc 1 91 3 is_stmt 1 view .LVU22
  98              		.loc 1 91 20 is_stmt 0 view .LVU23
  99 0020 34C084E5 		str	ip, [r4, #52]
 100              		.loc 1 92 3 is_stmt 1 view .LVU24
 101              	.LVL2:
 102              	.LBB57:
 103              	.LBI53:
 104              		.loc 5 323 20 view .LVU25
 105              	.LBB55:
 106              		.loc 5 325 3 view .LVU26
 107              		.loc 5 325 17 is_stmt 0 view .LVU27
 108 0024 00C084E5 		str	ip, [r4]
 109              		.loc 5 326 3 is_stmt 1 view .LVU28
 110              		.loc 5 326 17 is_stmt 0 view .LVU29
 111 0028 042084E5 		str	r2, [r4, #4]
 112              		.loc 5 327 3 is_stmt 1 view .LVU30
 113              		.loc 5 327 17 is_stmt 0 view .LVU31
 114 002c 004082E5 		str	r4, [r2]
ARM GAS  /tmp/ccwUBPHV.s 			page 3


 115              		.loc 5 328 3 is_stmt 1 view .LVU32
 116              	.LBE55:
 117              	.LBE57:
 118              		.loc 1 93 6 is_stmt 0 view .LVU33
 119 0030 1C20D0E5 		ldrb	r2, [r0, #28]	@ zero_extendqisi2
 120              	.LBB58:
 121              	.LBB56:
 122              		.loc 5 328 17 view .LVU34
 123 0034 404080E5 		str	r4, [r0, #64]
 124              	.LVL3:
 125              		.loc 5 328 17 view .LVU35
 126              	.LBE56:
 127              	.LBE58:
 128              		.loc 1 93 3 is_stmt 1 view .LVU36
 129              		.loc 1 93 6 is_stmt 0 view .LVU37
 130 0038 0E0052E3 		cmp	r2, #14
 131 003c 0400000A 		beq	.L5
 132              	.LVL4:
 133              	.L2:
 134              		.loc 1 97 3 is_stmt 1 view .LVU38
 135 0040 0C00A0E3 		mov	r0, #12
 136 0044 FEFFFFEB 		bl	chSchGoSleepS
 137              	.LVL5:
 138              		.loc 1 98 3 view .LVU39
 139              		.loc 1 98 7 is_stmt 0 view .LVU40
 140 0048 340094E5 		ldr	r0, [r4, #52]
 141              	.LVL6:
 142              		.loc 1 99 3 is_stmt 1 view .LVU41
 143              	.LBB59:
 144              	.LBI59:
 145              		.loc 3 385 20 view .LVU42
 146              	.LBB60:
 147              		.loc 3 387 23 view .LVU43
 148              		.loc 3 388 34 view .LVU44
 149              		.loc 3 394 3 view .LVU45
 150              		.loc 3 394 3 view .LVU46
 151              		.loc 3 394 3 discriminator 7 view .LVU47
 152              		.loc 3 398 3 view .LVU48
 153              	.LBB61:
 154              	.LBI61:
 155              		.loc 4 751 20 view .LVU49
 156              	.LBB62:
 157              		.loc 4 756 3 view .LVU50
 158              		.syntax divided
 159              	@ 756 "../../../os/common/ports/ARMv7-R/chcore.h" 1
 160 004c C00008F1 		cpsie   if
 161              	@ 0 "" 2
 162              		.arm
 163              		.syntax unified
 164              	.LBE62:
 165              	.LBE61:
 166              	.LBE60:
 167              	.LBE59:
 168              		.loc 1 101 3 view .LVU51
 169              		.loc 1 102 1 is_stmt 0 view .LVU52
 170 0050 1080BDE8 		pop	{r4, pc}
 171              	.LVL7:
ARM GAS  /tmp/ccwUBPHV.s 			page 4


 172              	.L5:
 173              		.loc 1 94 5 is_stmt 1 view .LVU53
 174              		.loc 1 94 18 is_stmt 0 view .LVU54
 175 0054 0020A0E3 		mov	r2, #0
 176 0058 342080E5 		str	r2, [r0, #52]
 177              		.loc 1 95 5 is_stmt 1 view .LVU55
 178              		.loc 1 95 12 is_stmt 0 view .LVU56
 179 005c FEFFFFEB 		bl	chSchReadyI
 180              	.LVL8:
 181              		.loc 1 95 12 view .LVU57
 182 0060 F6FFFFEA 		b	.L2
 183              		.cfi_endproc
 184              	.LFE207:
 185              		.size	chMsgSend, .-chMsgSend
 186              		.section	.text.chMsgWaitS,"ax",%progbits
 187              		.align	2
 188              		.p2align 4,,15
 189              		.global	chMsgWaitS
 190              		.syntax unified
 191              		.arm
 192              		.type	chMsgWaitS, %function
 193              	chMsgWaitS:
 194              	.LFB208:
 195              		.loc 1 120 28 is_stmt 1 view -0
 196              		.cfi_startproc
 197              		@ args = 0, pretend = 0, frame = 0
 198              		@ frame_needed = 0, uses_anonymous_args = 0
 199              		.loc 1 121 3 view .LVU59
 200              	.LBB63:
 201              	.LBI63:
 202              		.loc 2 526 25 view .LVU60
 203              	.LBB64:
 204              		.loc 2 528 3 view .LVU61
 205              		.loc 2 528 10 is_stmt 0 view .LVU62
 206 0000 003000E3 		movw	r3, #:lower16:ch0
 207 0004 003040E3 		movt	r3, #:upper16:ch0
 208              	.LBE64:
 209              	.LBE63:
 210              		.loc 1 120 28 view .LVU63
 211 0008 70402DE9 		push	{r4, r5, r6, lr}
 212              		.cfi_def_cfa_offset 16
 213              		.cfi_offset 4, -16
 214              		.cfi_offset 5, -12
 215              		.cfi_offset 6, -8
 216              		.cfi_offset 14, -4
 217              	.LBB66:
 218              	.LBB65:
 219              		.loc 2 528 10 view .LVU64
 220 000c 0C5093E5 		ldr	r5, [r3, #12]
 221              	.LVL9:
 222              		.loc 2 528 10 view .LVU65
 223              	.LBE65:
 224              	.LBE66:
 225              		.loc 1 122 3 is_stmt 1 view .LVU66
 226              		.loc 1 124 21 view .LVU67
 227              		.loc 1 126 3 view .LVU68
 228              	.LBB67:
ARM GAS  /tmp/ccwUBPHV.s 			page 5


 229              	.LBI67:
 230              		.file 6 "../../../os/rt/include/chmsg.h"
 231              		.loc 6 171 20 view .LVU69
 232              	.LBB68:
 233              		.loc 6 173 21 view .LVU70
 234              		.loc 6 175 3 view .LVU71
 235              		.loc 6 175 29 is_stmt 0 view .LVU72
 236 0010 0540A0E1 		mov	r4, r5
 237 0014 3C00B4E5 		ldr	r0, [r4, #60]!
 238              	.LVL10:
 239              		.loc 6 175 29 view .LVU73
 240              	.LBE68:
 241              	.LBE67:
 242              		.loc 1 126 6 discriminator 1 view .LVU74
 243 0018 000054E1 		cmp	r4, r0
 244 001c 0500000A 		beq	.L9
 245              	.L7:
 246              		.loc 1 129 3 is_stmt 1 view .LVU75
 247              	.LVL11:
 248              	.LBB69:
 249              	.LBI69:
 250              		.loc 5 341 27 view .LVU76
 251              	.LBB70:
 252              		.loc 5 343 3 view .LVU77
 253              		.loc 5 343 3 view .LVU78
 254              		.loc 5 343 3 discriminator 5 view .LVU79
 255              		.loc 5 345 3 view .LVU80
 256              		.loc 5 347 3 view .LVU81
 257              	.LBE70:
 258              	.LBE69:
 259              		.loc 1 130 13 is_stmt 0 view .LVU82
 260 0020 0D20A0E3 		mov	r2, #13
 261              	.LBB73:
 262              	.LBB71:
 263              		.loc 5 347 21 view .LVU83
 264 0024 003090E5 		ldr	r3, [r0]
 265              		.loc 5 347 18 view .LVU84
 266 0028 3C3085E5 		str	r3, [r5, #60]
 267              	.LVL12:
 268              		.loc 5 348 3 is_stmt 1 view .LVU85
 269              		.loc 5 348 18 is_stmt 0 view .LVU86
 270 002c 044083E5 		str	r4, [r3, #4]
 271              		.loc 5 350 3 is_stmt 1 view .LVU87
 272              	.LVL13:
 273              		.loc 5 350 3 is_stmt 0 view .LVU88
 274              	.LBE71:
 275              	.LBE73:
 276              		.loc 1 130 3 is_stmt 1 view .LVU89
 277              		.loc 1 130 13 is_stmt 0 view .LVU90
 278 0030 1C20C0E5 		strb	r2, [r0, #28]
 279              		.loc 1 132 3 is_stmt 1 view .LVU91
 280              		.loc 1 133 1 is_stmt 0 view .LVU92
 281 0034 7080BDE8 		pop	{r4, r5, r6, pc}
 282              	.LVL14:
 283              	.L9:
 284              		.loc 1 127 5 is_stmt 1 view .LVU93
 285 0038 0E00A0E3 		mov	r0, #14
ARM GAS  /tmp/ccwUBPHV.s 			page 6


 286 003c FEFFFFEB 		bl	chSchGoSleepS
 287              	.LVL15:
 288              	.LBB74:
 289              	.LBB72:
 290              		.loc 5 345 15 is_stmt 0 view .LVU94
 291 0040 3C0095E5 		ldr	r0, [r5, #60]
 292 0044 F5FFFFEA 		b	.L7
 293              	.LBE72:
 294              	.LBE74:
 295              		.cfi_endproc
 296              	.LFE208:
 297              		.size	chMsgWaitS, .-chMsgWaitS
 298              		.section	.text.chMsgWaitTimeoutS,"ax",%progbits
 299              		.align	2
 300              		.p2align 4,,15
 301              		.global	chMsgWaitTimeoutS
 302              		.syntax unified
 303              		.arm
 304              		.type	chMsgWaitTimeoutS, %function
 305              	chMsgWaitTimeoutS:
 306              	.LVL16:
 307              	.LFB209:
 308              		.loc 1 157 52 is_stmt 1 view -0
 309              		.cfi_startproc
 310              		@ args = 0, pretend = 0, frame = 0
 311              		@ frame_needed = 0, uses_anonymous_args = 0
 312              		.loc 1 158 3 view .LVU96
 313              	.LBB75:
 314              	.LBI75:
 315              		.loc 2 526 25 view .LVU97
 316              	.LBB76:
 317              		.loc 2 528 3 view .LVU98
 318              		.loc 2 528 10 is_stmt 0 view .LVU99
 319 0000 003000E3 		movw	r3, #:lower16:ch0
 320 0004 003040E3 		movt	r3, #:upper16:ch0
 321              	.LBE76:
 322              	.LBE75:
 323              		.loc 1 157 52 view .LVU100
 324 0008 70402DE9 		push	{r4, r5, r6, lr}
 325              		.cfi_def_cfa_offset 16
 326              		.cfi_offset 4, -16
 327              		.cfi_offset 5, -12
 328              		.cfi_offset 6, -8
 329              		.cfi_offset 14, -4
 330              	.LBB78:
 331              	.LBB77:
 332              		.loc 2 528 10 view .LVU101
 333 000c 0C5093E5 		ldr	r5, [r3, #12]
 334              	.LVL17:
 335              		.loc 2 528 10 view .LVU102
 336              	.LBE77:
 337              	.LBE78:
 338              		.loc 1 159 3 is_stmt 1 view .LVU103
 339              		.loc 1 161 21 view .LVU104
 340              		.loc 1 162 3 view .LVU105
 341              		.loc 1 162 3 view .LVU106
 342              		.loc 1 162 3 discriminator 5 view .LVU107
ARM GAS  /tmp/ccwUBPHV.s 			page 7


 343              		.loc 1 164 3 view .LVU108
 344              	.LBB79:
 345              	.LBI79:
 346              		.loc 6 171 20 view .LVU109
 347              	.LBB80:
 348              		.loc 6 173 21 view .LVU110
 349              		.loc 6 175 3 view .LVU111
 350              	.LBE80:
 351              	.LBE79:
 352              		.loc 1 157 52 is_stmt 0 view .LVU112
 353 0010 0010A0E1 		mov	r1, r0
 354              	.LBB82:
 355              	.LBB81:
 356              		.loc 6 175 29 view .LVU113
 357 0014 0540A0E1 		mov	r4, r5
 358 0018 3C00B4E5 		ldr	r0, [r4, #60]!
 359              	.LVL18:
 360              		.loc 6 175 29 view .LVU114
 361              	.LBE81:
 362              	.LBE82:
 363              		.loc 1 164 6 discriminator 1 view .LVU115
 364 001c 000054E1 		cmp	r4, r0
 365 0020 0500000A 		beq	.L15
 366              	.LVL19:
 367              	.L11:
 368              		.loc 1 169 3 is_stmt 1 view .LVU116
 369              	.LBB83:
 370              	.LBI83:
 371              		.loc 5 341 27 view .LVU117
 372              	.LBB84:
 373              		.loc 5 343 3 view .LVU118
 374              		.loc 5 343 3 view .LVU119
 375              		.loc 5 343 3 discriminator 5 view .LVU120
 376              		.loc 5 345 3 view .LVU121
 377              		.loc 5 347 3 view .LVU122
 378              	.LBE84:
 379              	.LBE83:
 380              		.loc 1 170 13 is_stmt 0 view .LVU123
 381 0024 0D20A0E3 		mov	r2, #13
 382              	.LBB87:
 383              	.LBB85:
 384              		.loc 5 347 21 view .LVU124
 385 0028 003090E5 		ldr	r3, [r0]
 386              		.loc 5 347 18 view .LVU125
 387 002c 3C3085E5 		str	r3, [r5, #60]
 388              	.LVL20:
 389              		.loc 5 348 3 is_stmt 1 view .LVU126
 390              		.loc 5 348 18 is_stmt 0 view .LVU127
 391 0030 044083E5 		str	r4, [r3, #4]
 392              		.loc 5 350 3 is_stmt 1 view .LVU128
 393              	.LVL21:
 394              		.loc 5 350 3 is_stmt 0 view .LVU129
 395              	.LBE85:
 396              	.LBE87:
 397              		.loc 1 170 3 is_stmt 1 view .LVU130
 398              		.loc 1 170 13 is_stmt 0 view .LVU131
 399 0034 1C20C0E5 		strb	r2, [r0, #28]
ARM GAS  /tmp/ccwUBPHV.s 			page 8


 400              		.loc 1 172 3 is_stmt 1 view .LVU132
 401              		.loc 1 172 10 is_stmt 0 view .LVU133
 402 0038 7080BDE8 		pop	{r4, r5, r6, pc}
 403              	.LVL22:
 404              	.L15:
 405              		.loc 1 165 5 is_stmt 1 view .LVU134
 406              		.loc 1 165 9 is_stmt 0 view .LVU135
 407 003c 0E00A0E3 		mov	r0, #14
 408 0040 FEFFFFEB 		bl	chSchGoSleepTimeoutS
 409              	.LVL23:
 410              		.loc 1 165 8 discriminator 1 view .LVU136
 411 0044 000050E3 		cmp	r0, #0
 412              	.LBB88:
 413              	.LBB86:
 414              		.loc 5 345 15 view .LVU137
 415 0048 3C009505 		ldreq	r0, [r5, #60]
 416 004c F4FFFF0A 		beq	.L11
 417              	.L13:
 418              		.loc 5 345 15 view .LVU138
 419              	.LBE86:
 420              	.LBE88:
 421              		.loc 1 166 14 view .LVU139
 422 0050 0000A0E3 		mov	r0, #0
 423              		.loc 1 173 1 view .LVU140
 424 0054 7080BDE8 		pop	{r4, r5, r6, pc}
 425              		.cfi_endproc
 426              	.LFE209:
 427              		.size	chMsgWaitTimeoutS, .-chMsgWaitTimeoutS
 428              		.section	.text.chMsgPollS,"ax",%progbits
 429              		.align	2
 430              		.p2align 4,,15
 431              		.global	chMsgPollS
 432              		.syntax unified
 433              		.arm
 434              		.type	chMsgPollS, %function
 435              	chMsgPollS:
 436              	.LFB210:
 437              		.loc 1 192 28 is_stmt 1 view -0
 438              		.cfi_startproc
 439              		@ args = 0, pretend = 0, frame = 0
 440              		@ frame_needed = 0, uses_anonymous_args = 0
 441              		@ link register save eliminated.
 442              		.loc 1 193 3 view .LVU142
 443              	.LBB89:
 444              	.LBI89:
 445              		.loc 2 526 25 view .LVU143
 446              	.LBB90:
 447              		.loc 2 528 3 view .LVU144
 448              		.loc 2 528 10 is_stmt 0 view .LVU145
 449 0000 003000E3 		movw	r3, #:lower16:ch0
 450 0004 003040E3 		movt	r3, #:upper16:ch0
 451 0008 0C2093E5 		ldr	r2, [r3, #12]
 452              	.LVL24:
 453              		.loc 2 528 10 view .LVU146
 454              	.LBE90:
 455              	.LBE89:
 456              		.loc 1 194 3 is_stmt 1 view .LVU147
ARM GAS  /tmp/ccwUBPHV.s 			page 9


 457              		.loc 1 196 3 view .LVU148
 458              	.LBB91:
 459              	.LBI91:
 460              		.loc 6 171 20 view .LVU149
 461              	.LBB92:
 462              		.loc 6 173 21 view .LVU150
 463              		.loc 6 175 3 view .LVU151
 464              		.loc 6 175 29 is_stmt 0 view .LVU152
 465 000c 0230A0E1 		mov	r3, r2
 466 0010 3C00B3E5 		ldr	r0, [r3, #60]!
 467              	.LVL25:
 468              		.loc 6 175 29 view .LVU153
 469              	.LBE92:
 470              	.LBE91:
 471              		.loc 1 196 6 discriminator 1 view .LVU154
 472 0014 000053E1 		cmp	r3, r0
 473              		.loc 1 197 5 is_stmt 1 view .LVU155
 474              	.LVL26:
 475              	.LBB93:
 476              	.LBI93:
 477              		.loc 5 341 27 view .LVU156
 478              	.LBB94:
 479              		.loc 5 343 3 view .LVU157
 480              		.loc 5 343 3 view .LVU158
 481              		.loc 5 343 3 discriminator 5 view .LVU159
 482              		.loc 5 345 3 view .LVU160
 483              		.loc 5 347 3 view .LVU161
 484              	.LBE94:
 485              	.LBE93:
 486              		.loc 1 198 15 is_stmt 0 view .LVU162
 487 0018 0DC0A013 		movne	ip, #13
 488              	.LBB97:
 489              	.LBB95:
 490              		.loc 5 347 21 view .LVU163
 491 001c 00109015 		ldrne	r1, [r0]
 492              	.LBE95:
 493              	.LBE97:
 494              		.loc 1 194 13 view .LVU164
 495 0020 0000A003 		moveq	r0, #0
 496              	.LVL27:
 497              	.LBB98:
 498              	.LBB96:
 499              		.loc 5 347 18 view .LVU165
 500 0024 3C108215 		strne	r1, [r2, #60]
 501              	.LVL28:
 502              		.loc 5 348 3 is_stmt 1 view .LVU166
 503              		.loc 5 348 18 is_stmt 0 view .LVU167
 504 0028 04308115 		strne	r3, [r1, #4]
 505              		.loc 5 350 3 is_stmt 1 view .LVU168
 506              	.LVL29:
 507              		.loc 5 350 3 is_stmt 0 view .LVU169
 508              	.LBE96:
 509              	.LBE98:
 510              		.loc 1 198 5 is_stmt 1 view .LVU170
 511              		.loc 1 201 3 view .LVU171
 512              		.loc 1 198 15 is_stmt 0 view .LVU172
 513 002c 1CC0C015 		strbne	ip, [r0, #28]
ARM GAS  /tmp/ccwUBPHV.s 			page 10


 514              		.loc 1 202 1 view .LVU173
 515 0030 1EFF2FE1 		bx	lr
 516              		.cfi_endproc
 517              	.LFE210:
 518              		.size	chMsgPollS, .-chMsgPollS
 519              		.section	.text.chMsgRelease,"ax",%progbits
 520              		.align	2
 521              		.p2align 4,,15
 522              		.global	chMsgRelease
 523              		.syntax unified
 524              		.arm
 525              		.type	chMsgRelease, %function
 526              	chMsgRelease:
 527              	.LVL30:
 528              	.LFB211:
 529              		.loc 1 214 44 is_stmt 1 view -0
 530              		.cfi_startproc
 531              		@ args = 0, pretend = 0, frame = 0
 532              		@ frame_needed = 0, uses_anonymous_args = 0
 533              		.loc 1 216 3 view .LVU175
 534              	.LBB99:
 535              	.LBI99:
 536              		.loc 3 371 20 view .LVU176
 537              		.loc 3 373 3 view .LVU177
 538              	.LBB100:
 539              	.LBI100:
 540              		.loc 4 739 20 view .LVU178
 541              	.LBB101:
 542              		.loc 4 741 3 view .LVU179
 543              	.LBE101:
 544              	.LBE100:
 545              	.LBE99:
 546              		.loc 1 214 44 is_stmt 0 view .LVU180
 547 0000 10402DE9 		push	{r4, lr}
 548              		.cfi_def_cfa_offset 8
 549              		.cfi_offset 4, -8
 550              		.cfi_offset 14, -4
 551              	.LBB104:
 552              	.LBB103:
 553              	.LBB102:
 554              		.loc 4 741 3 view .LVU181
 555              		.syntax divided
 556              	@ 741 "../../../os/common/ports/ARMv7-R/chcore.h" 1
 557 0004 80000CF1 		cpsid   i
 558              	@ 0 "" 2
 559              		.arm
 560              		.syntax unified
 561              	.LBE102:
 562              	.LBE103:
 563              		.loc 3 374 35 is_stmt 1 view .LVU182
 564              		.loc 3 375 21 view .LVU183
 565              	.LBE104:
 566              		.loc 1 217 3 view .LVU184
 567              		.loc 1 217 3 view .LVU185
 568              		.loc 1 217 3 discriminator 5 view .LVU186
 569              		.loc 1 218 3 view .LVU187
 570              	.LVL31:
ARM GAS  /tmp/ccwUBPHV.s 			page 11


 571              	.LBB105:
 572              	.LBI105:
 573              		.loc 6 205 20 view .LVU188
 574              	.LBB106:
 575              		.loc 6 207 21 view .LVU189
 576              		.loc 6 209 3 view .LVU190
 577 0008 FEFFFFEB 		bl	chSchWakeupS
 578              	.LVL32:
 579              		.loc 6 209 3 is_stmt 0 view .LVU191
 580              	.LBE106:
 581              	.LBE105:
 582              		.loc 1 219 3 is_stmt 1 view .LVU192
 583              	.LBB107:
 584              	.LBI107:
 585              		.loc 3 385 20 view .LVU193
 586              	.LBB108:
 587              		.loc 3 387 23 view .LVU194
 588              		.loc 3 388 34 view .LVU195
 589              		.loc 3 394 3 view .LVU196
 590              		.loc 3 394 3 view .LVU197
 591              		.loc 3 394 3 discriminator 7 view .LVU198
 592              		.loc 3 398 3 view .LVU199
 593              	.LBB109:
 594              	.LBI109:
 595              		.loc 4 751 20 view .LVU200
 596              	.LBB110:
 597              		.loc 4 756 3 view .LVU201
 598              		.syntax divided
 599              	@ 756 "../../../os/common/ports/ARMv7-R/chcore.h" 1
 600 000c C00008F1 		cpsie   if
 601              	@ 0 "" 2
 602              		.arm
 603              		.syntax unified
 604              	.LBE110:
 605              	.LBE109:
 606              	.LBE108:
 607              	.LBE107:
 608              		.loc 1 220 1 is_stmt 0 view .LVU202
 609 0010 1080BDE8 		pop	{r4, pc}
 610              		.cfi_endproc
 611              	.LFE211:
 612              		.size	chMsgRelease, .-chMsgRelease
 613              		.text
 614              	.Letext0:
 615              		.file 7 "/home/emirhan/Documents/gemstone/chibiOS-port/tools/arm-gnu-toolchain-13.3.rel1-x86_64-ar
 616              		.file 8 "/home/emirhan/Documents/gemstone/chibiOS-port/tools/arm-gnu-toolchain-13.3.rel1-x86_64-ar
 617              		.file 9 "../../../os/common/ports/ARM-common/include/chtypes.h"
 618              		.file 10 "../../../os/rt/include/chearly.h"
 619              		.file 11 "../../../os/rt/include/chobjects.h"
 620              		.file 12 "../../../os/rt/include/chrfcu.h"
 621              		.file 13 "../../../os/rt/include/chdebug.h"
 622              		.file 14 "../../../os/rt/include/chtime.h"
 623              		.file 15 "../../../os/rt/include/chsem.h"
 624              		.file 16 "../../../os/rt/include/chmtx.h"
 625              		.file 17 "../../../os/rt/include/chschd.h"
 626              		.section	.debug_info,"",%progbits
 627              	.Ldebug_info0:
ARM GAS  /tmp/ccwUBPHV.s 			page 12


 628 0000 550D0000 		.4byte	0xd55
 629 0004 0500     		.2byte	0x5
 630 0006 01       		.byte	0x1
 631 0007 04       		.byte	0x4
 632 0008 00000000 		.4byte	.Ldebug_abbrev0
 633 000c 27       		.uleb128 0x27
 634 000d 02040000 		.4byte	.LASF132
 635 0011 1D       		.byte	0x1d
 636 0012 36000000 		.4byte	.LASF133
 637 0016 02060000 		.4byte	.LASF134
 638 001a 84000000 		.4byte	.LLRL32
 639 001e 00000000 		.4byte	0
 640 0022 00000000 		.4byte	.Ldebug_line0
 641 0026 06       		.uleb128 0x6
 642 0027 08       		.byte	0x8
 643 0028 07       		.byte	0x7
 644 0029 A6010000 		.4byte	.LASF0
 645 002d 06       		.uleb128 0x6
 646 002e 04       		.byte	0x4
 647 002f 07       		.byte	0x7
 648 0030 7E000000 		.4byte	.LASF1
 649 0034 28       		.uleb128 0x28
 650 0035 04       		.byte	0x4
 651 0036 05       		.byte	0x5
 652 0037 696E7400 		.ascii	"int\000"
 653 003b 06       		.uleb128 0x6
 654 003c 08       		.byte	0x8
 655 003d 05       		.byte	0x5
 656 003e 36030000 		.4byte	.LASF2
 657 0042 06       		.uleb128 0x6
 658 0043 08       		.byte	0x8
 659 0044 04       		.byte	0x4
 660 0045 C6030000 		.4byte	.LASF3
 661 0049 06       		.uleb128 0x6
 662 004a 01       		.byte	0x1
 663 004b 06       		.byte	0x6
 664 004c 92060000 		.4byte	.LASF4
 665 0050 01       		.uleb128 0x1
 666 0051 1D050000 		.4byte	.LASF8
 667 0055 07       		.byte	0x7
 668 0056 2B       		.byte	0x2b
 669 0057 18       		.byte	0x18
 670 0058 5C000000 		.4byte	0x5c
 671 005c 06       		.uleb128 0x6
 672 005d 01       		.byte	0x1
 673 005e 08       		.byte	0x8
 674 005f B5050000 		.4byte	.LASF5
 675 0063 06       		.uleb128 0x6
 676 0064 02       		.byte	0x2
 677 0065 05       		.byte	0x5
 678 0066 E3030000 		.4byte	.LASF6
 679 006a 06       		.uleb128 0x6
 680 006b 02       		.byte	0x2
 681 006c 07       		.byte	0x7
 682 006d A4060000 		.4byte	.LASF7
 683 0071 01       		.uleb128 0x1
 684 0072 98000000 		.4byte	.LASF9
ARM GAS  /tmp/ccwUBPHV.s 			page 13


 685 0076 07       		.byte	0x7
 686 0077 4D       		.byte	0x4d
 687 0078 18       		.byte	0x18
 688 0079 7D000000 		.4byte	0x7d
 689 007d 06       		.uleb128 0x6
 690 007e 04       		.byte	0x4
 691 007f 05       		.byte	0x5
 692 0080 ED030000 		.4byte	.LASF10
 693 0084 01       		.uleb128 0x1
 694 0085 C3050000 		.4byte	.LASF11
 695 0089 07       		.byte	0x7
 696 008a 4F       		.byte	0x4f
 697 008b 19       		.byte	0x19
 698 008c 90000000 		.4byte	0x90
 699 0090 06       		.uleb128 0x6
 700 0091 04       		.byte	0x4
 701 0092 07       		.byte	0x7
 702 0093 42050000 		.4byte	.LASF12
 703 0097 01       		.uleb128 0x1
 704 0098 5A020000 		.4byte	.LASF13
 705 009c 07       		.byte	0x7
 706 009d 69       		.byte	0x69
 707 009e 19       		.byte	0x19
 708 009f 26000000 		.4byte	0x26
 709 00a3 01       		.uleb128 0x1
 710 00a4 0C030000 		.4byte	.LASF14
 711 00a8 08       		.byte	0x8
 712 00a9 18       		.byte	0x18
 713 00aa 13       		.byte	0x13
 714 00ab 50000000 		.4byte	0x50
 715 00af 01       		.uleb128 0x1
 716 00b0 7C050000 		.4byte	.LASF15
 717 00b4 08       		.byte	0x8
 718 00b5 2C       		.byte	0x2c
 719 00b6 13       		.byte	0x13
 720 00b7 71000000 		.4byte	0x71
 721 00bb 01       		.uleb128 0x1
 722 00bc 4E010000 		.4byte	.LASF16
 723 00c0 08       		.byte	0x8
 724 00c1 30       		.byte	0x30
 725 00c2 14       		.byte	0x14
 726 00c3 84000000 		.4byte	0x84
 727 00c7 01       		.uleb128 0x1
 728 00c8 0E050000 		.4byte	.LASF17
 729 00cc 08       		.byte	0x8
 730 00cd 3C       		.byte	0x3c
 731 00ce 14       		.byte	0x14
 732 00cf 97000000 		.4byte	0x97
 733 00d3 17       		.uleb128 0x17
 734 00d4 C7000000 		.4byte	0xc7
 735 00d8 01       		.uleb128 0x1
 736 00d9 1B000000 		.4byte	.LASF18
 737 00dd 09       		.byte	0x9
 738 00de 47       		.byte	0x47
 739 00df 1D       		.byte	0x1d
 740 00e0 C7000000 		.4byte	0xc7
 741 00e4 01       		.uleb128 0x1
ARM GAS  /tmp/ccwUBPHV.s 			page 14


 742 00e5 CA010000 		.4byte	.LASF19
 743 00e9 0A       		.byte	0xa
 744 00ea 4F       		.byte	0x4f
 745 00eb 19       		.byte	0x19
 746 00ec D8000000 		.4byte	0xd8
 747 00f0 01       		.uleb128 0x1
 748 00f1 AB030000 		.4byte	.LASF20
 749 00f5 0A       		.byte	0xa
 750 00f6 52       		.byte	0x52
 751 00f7 19       		.byte	0x19
 752 00f8 A3000000 		.4byte	0xa3
 753 00fc 01       		.uleb128 0x1
 754 00fd FC020000 		.4byte	.LASF21
 755 0101 0A       		.byte	0xa
 756 0102 53       		.byte	0x53
 757 0103 19       		.byte	0x19
 758 0104 A3000000 		.4byte	0xa3
 759 0108 01       		.uleb128 0x1
 760 0109 3A050000 		.4byte	.LASF22
 761 010d 0A       		.byte	0xa
 762 010e 54       		.byte	0x54
 763 010f 19       		.byte	0x19
 764 0110 A3000000 		.4byte	0xa3
 765 0114 01       		.uleb128 0x1
 766 0115 78010000 		.4byte	.LASF23
 767 0119 0A       		.byte	0xa
 768 011a 56       		.byte	0x56
 769 011b 19       		.byte	0x19
 770 011c BB000000 		.4byte	0xbb
 771 0120 01       		.uleb128 0x1
 772 0121 44030000 		.4byte	.LASF24
 773 0125 0A       		.byte	0xa
 774 0126 57       		.byte	0x57
 775 0127 19       		.byte	0x19
 776 0128 AF000000 		.4byte	0xaf
 777 012c 01       		.uleb128 0x1
 778 012d 5F010000 		.4byte	.LASF25
 779 0131 0A       		.byte	0xa
 780 0132 59       		.byte	0x59
 781 0133 19       		.byte	0x19
 782 0134 BB000000 		.4byte	0xbb
 783 0138 01       		.uleb128 0x1
 784 0139 C4010000 		.4byte	.LASF26
 785 013d 0A       		.byte	0xa
 786 013e 5B       		.byte	0x5b
 787 013f 19       		.byte	0x19
 788 0140 AF000000 		.4byte	0xaf
 789 0144 01       		.uleb128 0x1
 790 0145 DD060000 		.4byte	.LASF27
 791 0149 0A       		.byte	0xa
 792 014a 7F       		.byte	0x7f
 793 014b 12       		.byte	0x12
 794 014c 2D000000 		.4byte	0x2d
 795 0150 01       		.uleb128 0x1
 796 0151 18020000 		.4byte	.LASF28
 797 0155 0A       		.byte	0xa
 798 0156 84       		.byte	0x84
ARM GAS  /tmp/ccwUBPHV.s 			page 15


 799 0157 1A       		.byte	0x1a
 800 0158 5C010000 		.4byte	0x15c
 801 015c 07       		.uleb128 0x7
 802 015d 1D030000 		.4byte	.LASF46
 803 0161 54       		.byte	0x54
 804 0162 0B       		.byte	0xb
 805 0163 A6       		.byte	0xa6
 806 0164 08       		.byte	0x8
 807 0165 66020000 		.4byte	0x266
 808 0169 18       		.uleb128 0x18
 809 016a 68647200 		.ascii	"hdr\000"
 810 016e 0B       		.byte	0xb
 811 016f B7       		.byte	0xb7
 812 0170 05       		.byte	0x5
 813 0171 E5050000 		.4byte	0x5e5
 814 0175 00       		.byte	0
 815 0176 18       		.uleb128 0x18
 816 0177 63747800 		.ascii	"ctx\000"
 817 017b 0B       		.byte	0xb
 818 017c BB       		.byte	0xbb
 819 017d 21       		.byte	0x21
 820 017e 3C040000 		.4byte	0x43c
 821 0182 0C       		.byte	0xc
 822 0183 02       		.uleb128 0x2
 823 0184 EE010000 		.4byte	.LASF29
 824 0188 0B       		.byte	0xb
 825 0189 BF       		.byte	0xbf
 826 018a 22       		.byte	0x22
 827 018b D3060000 		.4byte	0x6d3
 828 018f 10       		.byte	0x10
 829 0190 02       		.uleb128 0x2
 830 0191 E3020000 		.4byte	.LASF30
 831 0195 0B       		.byte	0xb
 832 0196 C5       		.byte	0xc5
 833 0197 22       		.byte	0x22
 834 0198 D8060000 		.4byte	0x6d8
 835 019c 14       		.byte	0x14
 836 019d 02       		.uleb128 0x2
 837 019e E1040000 		.4byte	.LASF31
 838 01a2 0B       		.byte	0xb
 839 01a3 CA       		.byte	0xca
 840 01a4 21       		.byte	0x21
 841 01a5 D8060000 		.4byte	0x6d8
 842 01a9 18       		.byte	0x18
 843 01aa 02       		.uleb128 0x2
 844 01ab 70060000 		.4byte	.LASF32
 845 01af 0B       		.byte	0xb
 846 01b0 CE       		.byte	0xce
 847 01b1 21       		.byte	0x21
 848 01b2 FC000000 		.4byte	0xfc
 849 01b6 1C       		.byte	0x1c
 850 01b7 02       		.uleb128 0x2
 851 01b8 5C000000 		.4byte	.LASF33
 852 01bc 0B       		.byte	0xb
 853 01bd D2       		.byte	0xd2
 854 01be 21       		.byte	0x21
 855 01bf F0000000 		.4byte	0xf0
ARM GAS  /tmp/ccwUBPHV.s 			page 16


 856 01c3 1D       		.byte	0x1d
 857 01c4 02       		.uleb128 0x2
 858 01c5 A2000000 		.4byte	.LASF34
 859 01c9 0B       		.byte	0xb
 860 01ca D7       		.byte	0xd7
 861 01cb 21       		.byte	0x21
 862 01cc 08010000 		.4byte	0x108
 863 01d0 1E       		.byte	0x1e
 864 01d1 02       		.uleb128 0x2
 865 01d2 27050000 		.4byte	.LASF35
 866 01d6 0B       		.byte	0xb
 867 01d7 DB       		.byte	0xdb
 868 01d8 22       		.byte	0x22
 869 01d9 4D030000 		.4byte	0x34d
 870 01dd 20       		.byte	0x20
 871 01de 02       		.uleb128 0x2
 872 01df 05030000 		.4byte	.LASF36
 873 01e3 0B       		.byte	0xb
 874 01e4 DF       		.byte	0xdf
 875 01e5 21       		.byte	0x21
 876 01e6 89040000 		.4byte	0x489
 877 01ea 24       		.byte	0x24
 878 01eb 02       		.uleb128 0x2
 879 01ec 13000000 		.4byte	.LASF37
 880 01f0 0B       		.byte	0xb
 881 01f1 E5       		.byte	0xe5
 882 01f2 21       		.byte	0x21
 883 01f3 C9050000 		.4byte	0x5c9
 884 01f7 2C       		.byte	0x2c
 885 01f8 02       		.uleb128 0x2
 886 01f9 42020000 		.4byte	.LASF38
 887 01fd 0B       		.byte	0xb
 888 01fe EB       		.byte	0xeb
 889 01ff 22       		.byte	0x22
 890 0200 4E050000 		.4byte	0x54e
 891 0204 30       		.byte	0x30
 892 0205 05       		.uleb128 0x5
 893 0206 7500     		.ascii	"u\000"
 894 0208 0B       		.byte	0xb
 895 0209 3601     		.2byte	0x136
 896 020b 21       		.byte	0x21
 897 020c 0B060000 		.4byte	0x60b
 898 0210 34       		.byte	0x34
 899 0211 03       		.uleb128 0x3
 900 0212 CE050000 		.4byte	.LASF39
 901 0216 0B       		.byte	0xb
 902 0217 3B01     		.2byte	0x13b
 903 0219 21       		.byte	0x21
 904 021a 5D040000 		.4byte	0x45d
 905 021e 38       		.byte	0x38
 906 021f 03       		.uleb128 0x3
 907 0220 14030000 		.4byte	.LASF40
 908 0224 0B       		.byte	0xb
 909 0225 4101     		.2byte	0x141
 910 0227 21       		.byte	0x21
 911 0228 89040000 		.4byte	0x489
 912 022c 3C       		.byte	0x3c
ARM GAS  /tmp/ccwUBPHV.s 			page 17


 913 022d 03       		.uleb128 0x3
 914 022e 57010000 		.4byte	.LASF41
 915 0232 0B       		.byte	0xb
 916 0233 5301     		.2byte	0x153
 917 0235 21       		.byte	0x21
 918 0236 20010000 		.4byte	0x120
 919 023a 44       		.byte	0x44
 920 023b 03       		.uleb128 0x3
 921 023c 75000000 		.4byte	.LASF42
 922 0240 0B       		.byte	0xb
 923 0241 5901     		.2byte	0x159
 924 0243 21       		.byte	0x21
 925 0244 2C010000 		.4byte	0x12c
 926 0248 48       		.byte	0x48
 927 0249 03       		.uleb128 0x3
 928 024a F4010000 		.4byte	.LASF43
 929 024e 0B       		.byte	0xb
 930 024f 6001     		.2byte	0x160
 931 0251 22       		.byte	0x22
 932 0252 CE060000 		.4byte	0x6ce
 933 0256 4C       		.byte	0x4c
 934 0257 03       		.uleb128 0x3
 935 0258 6C000000 		.4byte	.LASF44
 936 025c 0B       		.byte	0xb
 937 025d 6401     		.2byte	0x164
 938 025f 21       		.byte	0x21
 939 0260 14010000 		.4byte	0x114
 940 0264 50       		.byte	0x50
 941 0265 00       		.byte	0
 942 0266 01       		.uleb128 0x1
 943 0267 76060000 		.4byte	.LASF45
 944 026b 0A       		.byte	0xa
 945 026c 89       		.byte	0x89
 946 026d 1F       		.byte	0x1f
 947 026e 72020000 		.4byte	0x272
 948 0272 0F       		.uleb128 0xf
 949 0273 6C020000 		.4byte	.LASF47
 950 0277 E8       		.byte	0xe8
 951 0278 0B       		.byte	0xb
 952 0279 A001     		.2byte	0x1a0
 953 027b 08       		.byte	0x8
 954 027c FF020000 		.4byte	0x2ff
 955 0280 03       		.uleb128 0x3
 956 0281 17050000 		.4byte	.LASF48
 957 0285 0B       		.byte	0xb
 958 0286 A401     		.2byte	0x1a4
 959 0288 21       		.byte	0x21
 960 0289 08070000 		.4byte	0x708
 961 028d 00       		.byte	0
 962 028e 03       		.uleb128 0x3
 963 028f C2000000 		.4byte	.LASF49
 964 0293 0B       		.byte	0xb
 965 0294 A801     		.2byte	0x1a8
 966 0296 21       		.byte	0x21
 967 0297 85050000 		.4byte	0x585
 968 029b 10       		.byte	0x10
 969 029c 03       		.uleb128 0x3
ARM GAS  /tmp/ccwUBPHV.s 			page 18


 970 029d 84060000 		.4byte	.LASF50
 971 02a1 0B       		.byte	0xb
 972 02a2 AF01     		.2byte	0x1af
 973 02a4 21       		.byte	0x21
 974 02a5 AC050000 		.4byte	0x5ac
 975 02a9 28       		.byte	0x28
 976 02aa 03       		.uleb128 0x3
 977 02ab 90000000 		.4byte	.LASF51
 978 02af 0B       		.byte	0xb
 979 02b0 B401     		.2byte	0x1b4
 980 02b2 21       		.byte	0x21
 981 02b3 44010000 		.4byte	0x144
 982 02b7 30       		.byte	0x30
 983 02b8 03       		.uleb128 0x3
 984 02b9 13020000 		.4byte	.LASF52
 985 02bd 0B       		.byte	0xb
 986 02be BA01     		.2byte	0x1ba
 987 02c0 21       		.byte	0x21
 988 02c1 26030000 		.4byte	0x326
 989 02c5 34       		.byte	0x34
 990 02c6 03       		.uleb128 0x3
 991 02c7 DC030000 		.4byte	.LASF53
 992 02cb 0B       		.byte	0xb
 993 02cc BF01     		.2byte	0x1bf
 994 02ce 22       		.byte	0x22
 995 02cf 78070000 		.4byte	0x778
 996 02d3 38       		.byte	0x38
 997 02d4 03       		.uleb128 0x3
 998 02d5 BB030000 		.4byte	.LASF54
 999 02d9 0B       		.byte	0xb
 1000 02da C301     		.2byte	0x1c3
 1001 02dc 21       		.byte	0x21
 1002 02dd 50010000 		.4byte	0x150
 1003 02e1 3C       		.byte	0x3c
 1004 02e2 03       		.uleb128 0x3
 1005 02e3 65060000 		.4byte	.LASF55
 1006 02e7 0B       		.byte	0xb
 1007 02e8 C801     		.2byte	0x1c8
 1008 02ea 21       		.byte	0x21
 1009 02eb 50010000 		.4byte	0x150
 1010 02ef 90       		.byte	0x90
 1011 02f0 05       		.uleb128 0x5
 1012 02f1 64626700 		.ascii	"dbg\000"
 1013 02f5 0B       		.byte	0xb
 1014 02f6 CD01     		.2byte	0x1cd
 1015 02f8 21       		.byte	0x21
 1016 02f9 63030000 		.4byte	0x363
 1017 02fd E4       		.byte	0xe4
 1018 02fe 00       		.byte	0
 1019 02ff 01       		.uleb128 0x1
 1020 0300 C4020000 		.4byte	.LASF56
 1021 0304 0C       		.byte	0xc
 1022 0305 3E       		.byte	0x3e
 1023 0306 12       		.byte	0x12
 1024 0307 BB000000 		.4byte	0xbb
 1025 030b 07       		.uleb128 0x7
 1026 030c 49020000 		.4byte	.LASF57
ARM GAS  /tmp/ccwUBPHV.s 			page 19


 1027 0310 04       		.byte	0x4
 1028 0311 0C       		.byte	0xc
 1029 0312 43       		.byte	0x43
 1030 0313 10       		.byte	0x10
 1031 0314 26030000 		.4byte	0x326
 1032 0318 02       		.uleb128 0x2
 1033 0319 63030000 		.4byte	.LASF58
 1034 031d 0C       		.byte	0xc
 1035 031e 47       		.byte	0x47
 1036 031f 21       		.byte	0x21
 1037 0320 FF020000 		.4byte	0x2ff
 1038 0324 00       		.byte	0
 1039 0325 00       		.byte	0
 1040 0326 01       		.uleb128 0x1
 1041 0327 84050000 		.4byte	.LASF59
 1042 032b 0C       		.byte	0xc
 1043 032c 48       		.byte	0x48
 1044 032d 03       		.byte	0x3
 1045 032e 0B030000 		.4byte	0x30b
 1046 0332 07       		.uleb128 0x7
 1047 0333 2B010000 		.4byte	.LASF60
 1048 0337 04       		.byte	0x4
 1049 0338 0D       		.byte	0xd
 1050 0339 3D       		.byte	0x3d
 1051 033a 10       		.byte	0x10
 1052 033b 4D030000 		.4byte	0x34d
 1053 033f 02       		.uleb128 0x2
 1054 0340 92030000 		.4byte	.LASF61
 1055 0344 0D       		.byte	0xd
 1056 0345 45       		.byte	0x45
 1057 0346 24       		.byte	0x24
 1058 0347 52030000 		.4byte	0x352
 1059 034b 00       		.byte	0
 1060 034c 00       		.byte	0
 1061 034d 04       		.uleb128 0x4
 1062 034e 5E030000 		.4byte	0x35e
 1063 0352 17       		.uleb128 0x17
 1064 0353 4D030000 		.4byte	0x34d
 1065 0357 06       		.uleb128 0x6
 1066 0358 01       		.byte	0x1
 1067 0359 08       		.byte	0x8
 1068 035a AF020000 		.4byte	.LASF62
 1069 035e 09       		.uleb128 0x9
 1070 035f 57030000 		.4byte	0x357
 1071 0363 01       		.uleb128 0x1
 1072 0364 27030000 		.4byte	.LASF63
 1073 0368 0D       		.byte	0xd
 1074 0369 50       		.byte	0x50
 1075 036a 03       		.byte	0x3
 1076 036b 32030000 		.4byte	0x332
 1077 036f 01       		.uleb128 0x1
 1078 0370 62000000 		.4byte	.LASF64
 1079 0374 0E       		.byte	0xe
 1080 0375 6C       		.byte	0x6c
 1081 0376 12       		.byte	0x12
 1082 0377 BB000000 		.4byte	0xbb
 1083 037b 17       		.uleb128 0x17
ARM GAS  /tmp/ccwUBPHV.s 			page 20


 1084 037c 6F030000 		.4byte	0x36f
 1085 0380 01       		.uleb128 0x1
 1086 0381 79030000 		.4byte	.LASF65
 1087 0385 0E       		.byte	0xe
 1088 0386 78       		.byte	0x78
 1089 0387 12       		.byte	0x12
 1090 0388 BB000000 		.4byte	0xbb
 1091 038c 0F       		.uleb128 0xf
 1092 038d F6030000 		.4byte	.LASF66
 1093 0391 A8       		.byte	0xa8
 1094 0392 04       		.byte	0x4
 1095 0393 0102     		.2byte	0x201
 1096 0395 08       		.byte	0x8
 1097 0396 2C040000 		.4byte	0x42c
 1098 039a 05       		.uleb128 0x5
 1099 039b 6400     		.ascii	"d\000"
 1100 039d 04       		.byte	0x4
 1101 039e 0302     		.2byte	0x203
 1102 03a0 19       		.byte	0x19
 1103 03a1 2C040000 		.4byte	0x42c
 1104 03a5 00       		.byte	0
 1105 03a6 03       		.uleb128 0x3
 1106 03a7 A0010000 		.4byte	.LASF67
 1107 03ab 04       		.byte	0x4
 1108 03ac 0402     		.2byte	0x204
 1109 03ae 19       		.byte	0x19
 1110 03af BB000000 		.4byte	0xbb
 1111 03b3 80       		.byte	0x80
 1112 03b4 05       		.uleb128 0x5
 1113 03b5 723400   		.ascii	"r4\000"
 1114 03b8 04       		.byte	0x4
 1115 03b9 0602     		.2byte	0x206
 1116 03bb 19       		.byte	0x19
 1117 03bc BB000000 		.4byte	0xbb
 1118 03c0 84       		.byte	0x84
 1119 03c1 05       		.uleb128 0x5
 1120 03c2 723500   		.ascii	"r5\000"
 1121 03c5 04       		.byte	0x4
 1122 03c6 0702     		.2byte	0x207
 1123 03c8 19       		.byte	0x19
 1124 03c9 BB000000 		.4byte	0xbb
 1125 03cd 88       		.byte	0x88
 1126 03ce 05       		.uleb128 0x5
 1127 03cf 723600   		.ascii	"r6\000"
 1128 03d2 04       		.byte	0x4
 1129 03d3 0802     		.2byte	0x208
 1130 03d5 19       		.byte	0x19
 1131 03d6 BB000000 		.4byte	0xbb
 1132 03da 8C       		.byte	0x8c
 1133 03db 05       		.uleb128 0x5
 1134 03dc 723700   		.ascii	"r7\000"
 1135 03df 04       		.byte	0x4
 1136 03e0 0902     		.2byte	0x209
 1137 03e2 19       		.byte	0x19
 1138 03e3 BB000000 		.4byte	0xbb
 1139 03e7 90       		.byte	0x90
 1140 03e8 05       		.uleb128 0x5
ARM GAS  /tmp/ccwUBPHV.s 			page 21


 1141 03e9 723800   		.ascii	"r8\000"
 1142 03ec 04       		.byte	0x4
 1143 03ed 0A02     		.2byte	0x20a
 1144 03ef 19       		.byte	0x19
 1145 03f0 BB000000 		.4byte	0xbb
 1146 03f4 94       		.byte	0x94
 1147 03f5 05       		.uleb128 0x5
 1148 03f6 723900   		.ascii	"r9\000"
 1149 03f9 04       		.byte	0x4
 1150 03fa 0B02     		.2byte	0x20b
 1151 03fc 19       		.byte	0x19
 1152 03fd BB000000 		.4byte	0xbb
 1153 0401 98       		.byte	0x98
 1154 0402 05       		.uleb128 0x5
 1155 0403 72313000 		.ascii	"r10\000"
 1156 0407 04       		.byte	0x4
 1157 0408 0C02     		.2byte	0x20c
 1158 040a 19       		.byte	0x19
 1159 040b BB000000 		.4byte	0xbb
 1160 040f 9C       		.byte	0x9c
 1161 0410 05       		.uleb128 0x5
 1162 0411 72313100 		.ascii	"r11\000"
 1163 0415 04       		.byte	0x4
 1164 0416 0D02     		.2byte	0x20d
 1165 0418 19       		.byte	0x19
 1166 0419 BB000000 		.4byte	0xbb
 1167 041d A0       		.byte	0xa0
 1168 041e 05       		.uleb128 0x5
 1169 041f 6C7200   		.ascii	"lr\000"
 1170 0422 04       		.byte	0x4
 1171 0423 0E02     		.2byte	0x20e
 1172 0425 19       		.byte	0x19
 1173 0426 BB000000 		.4byte	0xbb
 1174 042a A4       		.byte	0xa4
 1175 042b 00       		.byte	0
 1176 042c 0C       		.uleb128 0xc
 1177 042d C7000000 		.4byte	0xc7
 1178 0431 3C040000 		.4byte	0x43c
 1179 0435 0D       		.uleb128 0xd
 1180 0436 2D000000 		.4byte	0x2d
 1181 043a 0F       		.byte	0xf
 1182 043b 00       		.byte	0
 1183 043c 0F       		.uleb128 0xf
 1184 043d C9000000 		.4byte	.LASF68
 1185 0441 04       		.byte	0x4
 1186 0442 04       		.byte	0x4
 1187 0443 1702     		.2byte	0x217
 1188 0445 08       		.byte	0x8
 1189 0446 58040000 		.4byte	0x458
 1190 044a 05       		.uleb128 0x5
 1191 044b 737000   		.ascii	"sp\000"
 1192 044e 04       		.byte	0x4
 1193 044f 1802     		.2byte	0x218
 1194 0451 1A       		.byte	0x1a
 1195 0452 58040000 		.4byte	0x458
 1196 0456 00       		.byte	0
 1197 0457 00       		.byte	0
ARM GAS  /tmp/ccwUBPHV.s 			page 22


 1198 0458 04       		.uleb128 0x4
 1199 0459 8C030000 		.4byte	0x38c
 1200 045d 01       		.uleb128 0x1
 1201 045e D2030000 		.4byte	.LASF69
 1202 0462 05       		.byte	0x5
 1203 0463 31       		.byte	0x31
 1204 0464 18       		.byte	0x18
 1205 0465 69040000 		.4byte	0x469
 1206 0469 07       		.uleb128 0x7
 1207 046a 0A010000 		.4byte	.LASF70
 1208 046e 04       		.byte	0x4
 1209 046f 05       		.byte	0x5
 1210 0470 37       		.byte	0x37
 1211 0471 08       		.byte	0x8
 1212 0472 84040000 		.4byte	0x484
 1213 0476 02       		.uleb128 0x2
 1214 0477 8B000000 		.4byte	.LASF71
 1215 047b 05       		.byte	0x5
 1216 047c 38       		.byte	0x38
 1217 047d 1A       		.byte	0x1a
 1218 047e 84040000 		.4byte	0x484
 1219 0482 00       		.byte	0
 1220 0483 00       		.byte	0
 1221 0484 04       		.uleb128 0x4
 1222 0485 5D040000 		.4byte	0x45d
 1223 0489 01       		.uleb128 0x1
 1224 048a 87030000 		.4byte	.LASF72
 1225 048e 05       		.byte	0x5
 1226 048f 3E       		.byte	0x3e
 1227 0490 19       		.byte	0x19
 1228 0491 95040000 		.4byte	0x495
 1229 0495 07       		.uleb128 0x7
 1230 0496 A4050000 		.4byte	.LASF73
 1231 049a 08       		.byte	0x8
 1232 049b 05       		.byte	0x5
 1233 049c 44       		.byte	0x44
 1234 049d 08       		.byte	0x8
 1235 049e BD040000 		.4byte	0x4bd
 1236 04a2 02       		.uleb128 0x2
 1237 04a3 8B000000 		.4byte	.LASF71
 1238 04a7 05       		.byte	0x5
 1239 04a8 45       		.byte	0x45
 1240 04a9 1A       		.byte	0x1a
 1241 04aa BD040000 		.4byte	0x4bd
 1242 04ae 00       		.byte	0
 1243 04af 02       		.uleb128 0x2
 1244 04b0 05010000 		.4byte	.LASF74
 1245 04b4 05       		.byte	0x5
 1246 04b5 46       		.byte	0x46
 1247 04b6 1A       		.byte	0x1a
 1248 04b7 BD040000 		.4byte	0x4bd
 1249 04bb 04       		.byte	0x4
 1250 04bc 00       		.byte	0
 1251 04bd 04       		.uleb128 0x4
 1252 04be 89040000 		.4byte	0x489
 1253 04c2 01       		.uleb128 0x1
 1254 04c3 28020000 		.4byte	.LASF75
ARM GAS  /tmp/ccwUBPHV.s 			page 23


 1255 04c7 05       		.byte	0x5
 1256 04c8 4D       		.byte	0x4d
 1257 04c9 22       		.byte	0x22
 1258 04ca CE040000 		.4byte	0x4ce
 1259 04ce 07       		.uleb128 0x7
 1260 04cf 92050000 		.4byte	.LASF76
 1261 04d3 0C       		.byte	0xc
 1262 04d4 05       		.byte	0x5
 1263 04d5 54       		.byte	0x54
 1264 04d6 08       		.byte	0x8
 1265 04d7 03050000 		.4byte	0x503
 1266 04db 02       		.uleb128 0x2
 1267 04dc 8B000000 		.4byte	.LASF71
 1268 04e0 05       		.byte	0x5
 1269 04e1 55       		.byte	0x55
 1270 04e2 1A       		.byte	0x1a
 1271 04e3 03050000 		.4byte	0x503
 1272 04e7 00       		.byte	0
 1273 04e8 02       		.uleb128 0x2
 1274 04e9 05010000 		.4byte	.LASF74
 1275 04ed 05       		.byte	0x5
 1276 04ee 56       		.byte	0x56
 1277 04ef 1A       		.byte	0x1a
 1278 04f0 03050000 		.4byte	0x503
 1279 04f4 04       		.byte	0x4
 1280 04f5 02       		.uleb128 0x2
 1281 04f6 95020000 		.4byte	.LASF77
 1282 04fa 05       		.byte	0x5
 1283 04fb 57       		.byte	0x57
 1284 04fc 19       		.byte	0x19
 1285 04fd 14010000 		.4byte	0x114
 1286 0501 08       		.byte	0x8
 1287 0502 00       		.byte	0
 1288 0503 04       		.uleb128 0x4
 1289 0504 C2040000 		.4byte	0x4c2
 1290 0508 01       		.uleb128 0x1
 1291 0509 B4020000 		.4byte	.LASF78
 1292 050d 05       		.byte	0x5
 1293 050e 5E       		.byte	0x5e
 1294 050f 1E       		.byte	0x1e
 1295 0510 14050000 		.4byte	0x514
 1296 0514 07       		.uleb128 0x7
 1297 0515 40010000 		.4byte	.LASF79
 1298 0519 0C       		.byte	0xc
 1299 051a 05       		.byte	0x5
 1300 051b 63       		.byte	0x63
 1301 051c 08       		.byte	0x8
 1302 051d 49050000 		.4byte	0x549
 1303 0521 02       		.uleb128 0x2
 1304 0522 8B000000 		.4byte	.LASF71
 1305 0526 05       		.byte	0x5
 1306 0527 64       		.byte	0x64
 1307 0528 1A       		.byte	0x1a
 1308 0529 49050000 		.4byte	0x549
 1309 052d 00       		.byte	0
 1310 052e 02       		.uleb128 0x2
 1311 052f 05010000 		.4byte	.LASF74
ARM GAS  /tmp/ccwUBPHV.s 			page 24


 1312 0533 05       		.byte	0x5
 1313 0534 65       		.byte	0x65
 1314 0535 1A       		.byte	0x1a
 1315 0536 49050000 		.4byte	0x549
 1316 053a 04       		.byte	0x4
 1317 053b 02       		.uleb128 0x2
 1318 053c 9E060000 		.4byte	.LASF80
 1319 0540 05       		.byte	0x5
 1320 0541 66       		.byte	0x66
 1321 0542 19       		.byte	0x19
 1322 0543 80030000 		.4byte	0x380
 1323 0547 08       		.byte	0x8
 1324 0548 00       		.byte	0
 1325 0549 04       		.uleb128 0x4
 1326 054a 08050000 		.4byte	0x508
 1327 054e 29       		.uleb128 0x29
 1328 054f 04       		.byte	0x4
 1329 0550 07       		.uleb128 0x7
 1330 0551 FC010000 		.4byte	.LASF81
 1331 0555 18       		.byte	0x18
 1332 0556 0B       		.byte	0xb
 1333 0557 61       		.byte	0x61
 1334 0558 10       		.byte	0x10
 1335 0559 85050000 		.4byte	0x585
 1336 055d 02       		.uleb128 0x2
 1337 055e 08050000 		.4byte	.LASF82
 1338 0562 0B       		.byte	0xb
 1339 0563 65       		.byte	0x65
 1340 0564 21       		.byte	0x21
 1341 0565 08050000 		.4byte	0x508
 1342 0569 00       		.byte	0
 1343 056a 02       		.uleb128 0x2
 1344 056b B3030000 		.4byte	.LASF83
 1345 056f 0B       		.byte	0xb
 1346 0570 6A       		.byte	0x6a
 1347 0571 21       		.byte	0x21
 1348 0572 7B030000 		.4byte	0x37b
 1349 0576 0C       		.byte	0xc
 1350 0577 02       		.uleb128 0x2
 1351 0578 E4000000 		.4byte	.LASF84
 1352 057c 0B       		.byte	0xb
 1353 057d 7E       		.byte	0x7e
 1354 057e 21       		.byte	0x21
 1355 057f D3000000 		.4byte	0xd3
 1356 0583 10       		.byte	0x10
 1357 0584 00       		.byte	0
 1358 0585 01       		.uleb128 0x1
 1359 0586 D6050000 		.4byte	.LASF85
 1360 058a 0B       		.byte	0xb
 1361 058b 80       		.byte	0x80
 1362 058c 03       		.byte	0x3
 1363 058d 50050000 		.4byte	0x550
 1364 0591 07       		.uleb128 0x7
 1365 0592 2A000000 		.4byte	.LASF86
 1366 0596 08       		.byte	0x8
 1367 0597 0B       		.byte	0xb
 1368 0598 85       		.byte	0x85
ARM GAS  /tmp/ccwUBPHV.s 			page 25


 1369 0599 10       		.byte	0x10
 1370 059a AC050000 		.4byte	0x5ac
 1371 059e 02       		.uleb128 0x2
 1372 059f 76050000 		.4byte	.LASF87
 1373 05a3 0B       		.byte	0xb
 1374 05a4 89       		.byte	0x89
 1375 05a5 21       		.byte	0x21
 1376 05a6 89040000 		.4byte	0x489
 1377 05aa 00       		.byte	0
 1378 05ab 00       		.byte	0
 1379 05ac 01       		.uleb128 0x1
 1380 05ad 4A030000 		.4byte	.LASF88
 1381 05b1 0B       		.byte	0xb
 1382 05b2 8A       		.byte	0x8a
 1383 05b3 03       		.byte	0x3
 1384 05b4 91050000 		.4byte	0x591
 1385 05b8 01       		.uleb128 0x1
 1386 05b9 D0020000 		.4byte	.LASF89
 1387 05bd 0B       		.byte	0xb
 1388 05be 8F       		.byte	0x8f
 1389 05bf 14       		.byte	0x14
 1390 05c0 C4050000 		.4byte	0x5c4
 1391 05c4 04       		.uleb128 0x4
 1392 05c5 50010000 		.4byte	0x150
 1393 05c9 01       		.uleb128 0x1
 1394 05ca 68030000 		.4byte	.LASF90
 1395 05ce 0B       		.byte	0xb
 1396 05cf 9E       		.byte	0x9e
 1397 05d0 10       		.byte	0x10
 1398 05d1 D5050000 		.4byte	0x5d5
 1399 05d5 04       		.uleb128 0x4
 1400 05d6 DA050000 		.4byte	0x5da
 1401 05da 2A       		.uleb128 0x2a
 1402 05db E5050000 		.4byte	0x5e5
 1403 05df 0A       		.uleb128 0xa
 1404 05e0 C4050000 		.4byte	0x5c4
 1405 05e4 00       		.byte	0
 1406 05e5 21       		.uleb128 0x21
 1407 05e6 0C       		.byte	0xc
 1408 05e7 AA       		.byte	0xaa
 1409 05e8 0B060000 		.4byte	0x60b
 1410 05ec 19       		.uleb128 0x19
 1411 05ed 3B010000 		.4byte	.LASF91
 1412 05f1 AE       		.byte	0xae
 1413 05f2 5D040000 		.4byte	0x45d
 1414 05f6 19       		.uleb128 0x19
 1415 05f7 76050000 		.4byte	.LASF87
 1416 05fb B2       		.byte	0xb2
 1417 05fc 89040000 		.4byte	0x489
 1418 0600 19       		.uleb128 0x19
 1419 0601 BD010000 		.4byte	.LASF92
 1420 0605 B6       		.byte	0xb6
 1421 0606 C2040000 		.4byte	0x4c2
 1422 060a 00       		.byte	0
 1423 060b 21       		.uleb128 0x21
 1424 060c 04       		.byte	0x4
 1425 060d FF       		.byte	0xff
ARM GAS  /tmp/ccwUBPHV.s 			page 26


 1426 060e 67060000 		.4byte	0x667
 1427 0612 0B       		.uleb128 0xb
 1428 0613 21020000 		.4byte	.LASF93
 1429 0617 0601     		.2byte	0x106
 1430 0619 21       		.byte	0x21
 1431 061a 20010000 		.4byte	0x120
 1432 061e 0B       		.uleb128 0xb
 1433 061f D4060000 		.4byte	.LASF94
 1434 0623 0D01     		.2byte	0x10d
 1435 0625 21       		.byte	0x21
 1436 0626 20010000 		.4byte	0x120
 1437 062a 0B       		.uleb128 0xb
 1438 062b B1000000 		.4byte	.LASF95
 1439 062f 1401     		.2byte	0x114
 1440 0631 22       		.byte	0x22
 1441 0632 4E050000 		.4byte	0x54e
 1442 0636 0B       		.uleb128 0xb
 1443 0637 8C060000 		.4byte	.LASF96
 1444 063b 1B01     		.2byte	0x11b
 1445 063d 22       		.byte	0x22
 1446 063e 67060000 		.4byte	0x667
 1447 0642 0B       		.uleb128 0xb
 1448 0643 8B050000 		.4byte	.LASF97
 1449 0647 2301     		.2byte	0x123
 1450 0649 22       		.byte	0x22
 1451 064a 94060000 		.4byte	0x694
 1452 064e 0B       		.uleb128 0xb
 1453 064f 0C000000 		.4byte	.LASF98
 1454 0653 2C01     		.2byte	0x12c
 1455 0655 22       		.byte	0x22
 1456 0656 CE060000 		.4byte	0x6ce
 1457 065a 0B       		.uleb128 0xb
 1458 065b EE000000 		.4byte	.LASF99
 1459 065f 3401     		.2byte	0x134
 1460 0661 21       		.byte	0x21
 1461 0662 2C010000 		.4byte	0x12c
 1462 0666 00       		.byte	0
 1463 0667 04       		.uleb128 0x4
 1464 0668 B8050000 		.4byte	0x5b8
 1465 066c 07       		.uleb128 0x7
 1466 066d 6B010000 		.4byte	.LASF100
 1467 0671 0C       		.byte	0xc
 1468 0672 0F       		.byte	0xf
 1469 0673 33       		.byte	0x33
 1470 0674 10       		.byte	0x10
 1471 0675 94060000 		.4byte	0x694
 1472 0679 02       		.uleb128 0x2
 1473 067a 76050000 		.4byte	.LASF87
 1474 067e 0F       		.byte	0xf
 1475 067f 34       		.byte	0x34
 1476 0680 19       		.byte	0x19
 1477 0681 89040000 		.4byte	0x489
 1478 0685 00       		.byte	0
 1479 0686 18       		.uleb128 0x18
 1480 0687 636E7400 		.ascii	"cnt\000"
 1481 068b 0F       		.byte	0xf
 1482 068c 36       		.byte	0x36
ARM GAS  /tmp/ccwUBPHV.s 			page 27


 1483 068d 19       		.byte	0x19
 1484 068e 38010000 		.4byte	0x138
 1485 0692 08       		.byte	0x8
 1486 0693 00       		.byte	0
 1487 0694 04       		.uleb128 0x4
 1488 0695 6C060000 		.4byte	0x66c
 1489 0699 07       		.uleb128 0x7
 1490 069a 51020000 		.4byte	.LASF101
 1491 069e 10       		.byte	0x10
 1492 069f 10       		.byte	0x10
 1493 06a0 38       		.byte	0x38
 1494 06a1 08       		.byte	0x8
 1495 06a2 CE060000 		.4byte	0x6ce
 1496 06a6 02       		.uleb128 0x2
 1497 06a7 76050000 		.4byte	.LASF87
 1498 06ab 10       		.byte	0x10
 1499 06ac 39       		.byte	0x39
 1500 06ad 19       		.byte	0x19
 1501 06ae 89040000 		.4byte	0x489
 1502 06b2 00       		.byte	0
 1503 06b3 02       		.uleb128 0x2
 1504 06b4 EE010000 		.4byte	.LASF29
 1505 06b8 10       		.byte	0x10
 1506 06b9 3B       		.byte	0x3b
 1507 06ba 1A       		.byte	0x1a
 1508 06bb C4050000 		.4byte	0x5c4
 1509 06bf 08       		.byte	0x8
 1510 06c0 02       		.uleb128 0x2
 1511 06c1 8B000000 		.4byte	.LASF71
 1512 06c5 10       		.byte	0x10
 1513 06c6 3D       		.byte	0x3d
 1514 06c7 1A       		.byte	0x1a
 1515 06c8 96070000 		.4byte	0x796
 1516 06cc 0C       		.byte	0xc
 1517 06cd 00       		.byte	0
 1518 06ce 04       		.uleb128 0x4
 1519 06cf 99060000 		.4byte	0x699
 1520 06d3 04       		.uleb128 0x4
 1521 06d4 66020000 		.4byte	0x266
 1522 06d8 04       		.uleb128 0x4
 1523 06d9 E4000000 		.4byte	0xe4
 1524 06dd 0F       		.uleb128 0xf
 1525 06de D6000000 		.4byte	.LASF102
 1526 06e2 10       		.byte	0x10
 1527 06e3 0B       		.byte	0xb
 1528 06e4 7501     		.2byte	0x175
 1529 06e6 10       		.byte	0x10
 1530 06e7 08070000 		.4byte	0x708
 1531 06eb 03       		.uleb128 0x3
 1532 06ec BD010000 		.4byte	.LASF92
 1533 06f0 0B       		.byte	0xb
 1534 06f1 7A01     		.2byte	0x17a
 1535 06f3 21       		.byte	0x21
 1536 06f4 C2040000 		.4byte	0x4c2
 1537 06f8 00       		.byte	0
 1538 06f9 03       		.uleb128 0x3
 1539 06fa B7060000 		.4byte	.LASF103
ARM GAS  /tmp/ccwUBPHV.s 			page 28


 1540 06fe 0B       		.byte	0xb
 1541 06ff 7E01     		.2byte	0x17e
 1542 0701 22       		.byte	0x22
 1543 0702 C4050000 		.4byte	0x5c4
 1544 0706 0C       		.byte	0xc
 1545 0707 00       		.byte	0
 1546 0708 22       		.uleb128 0x22
 1547 0709 54050000 		.4byte	.LASF104
 1548 070d 7F01     		.2byte	0x17f
 1549 070f DD060000 		.4byte	0x6dd
 1550 0713 0F       		.uleb128 0xf
 1551 0714 F2040000 		.4byte	.LASF105
 1552 0718 14       		.byte	0x14
 1553 0719 0B       		.byte	0xb
 1554 071a 8401     		.2byte	0x184
 1555 071c 10       		.byte	0x10
 1556 071d 68070000 		.4byte	0x768
 1557 0721 03       		.uleb128 0x3
 1558 0722 27050000 		.4byte	.LASF35
 1559 0726 0B       		.byte	0xb
 1560 0727 8801     		.2byte	0x188
 1561 0729 22       		.byte	0x22
 1562 072a 4D030000 		.4byte	0x34d
 1563 072e 00       		.byte	0
 1564 072f 03       		.uleb128 0x3
 1565 0730 00000000 		.4byte	.LASF106
 1566 0734 0B       		.byte	0xb
 1567 0735 8C01     		.2byte	0x18c
 1568 0737 22       		.byte	0x22
 1569 0738 D8060000 		.4byte	0x6d8
 1570 073c 04       		.byte	0x4
 1571 073d 03       		.uleb128 0x3
 1572 073e E7040000 		.4byte	.LASF107
 1573 0742 0B       		.byte	0xb
 1574 0743 9001     		.2byte	0x190
 1575 0745 22       		.byte	0x22
 1576 0746 D8060000 		.4byte	0x6d8
 1577 074a 08       		.byte	0x8
 1578 074b 03       		.uleb128 0x3
 1579 074c 9C030000 		.4byte	.LASF108
 1580 0750 0B       		.byte	0xb
 1581 0751 9501     		.2byte	0x195
 1582 0753 22       		.byte	0x22
 1583 0754 D8060000 		.4byte	0x6d8
 1584 0758 0C       		.byte	0xc
 1585 0759 03       		.uleb128 0x3
 1586 075a 55030000 		.4byte	.LASF109
 1587 075e 0B       		.byte	0xb
 1588 075f 9901     		.2byte	0x199
 1589 0761 22       		.byte	0x22
 1590 0762 D8060000 		.4byte	0x6d8
 1591 0766 10       		.byte	0x10
 1592 0767 00       		.byte	0
 1593 0768 22       		.uleb128 0x22
 1594 0769 8B010000 		.4byte	.LASF110
 1595 076d 9B01     		.2byte	0x19b
 1596 076f 13070000 		.4byte	0x713
ARM GAS  /tmp/ccwUBPHV.s 			page 29


 1597 0773 09       		.uleb128 0x9
 1598 0774 68070000 		.4byte	0x768
 1599 0778 04       		.uleb128 0x4
 1600 0779 73070000 		.4byte	0x773
 1601 077d 2B       		.uleb128 0x2b
 1602 077e 63683000 		.ascii	"ch0\000"
 1603 0782 03       		.byte	0x3
 1604 0783 1E01     		.2byte	0x11e
 1605 0785 16       		.byte	0x16
 1606 0786 66020000 		.4byte	0x266
 1607 078a 01       		.uleb128 0x1
 1608 078b AD050000 		.4byte	.LASF111
 1609 078f 10       		.byte	0x10
 1610 0790 33       		.byte	0x33
 1611 0791 19       		.byte	0x19
 1612 0792 99060000 		.4byte	0x699
 1613 0796 04       		.uleb128 0x4
 1614 0797 8A070000 		.4byte	0x78a
 1615 079b 06       		.uleb128 0x6
 1616 079c 01       		.byte	0x1
 1617 079d 02       		.byte	0x2
 1618 079e 3C020000 		.4byte	.LASF112
 1619 07a2 23       		.uleb128 0x23
 1620 07a3 58060000 		.4byte	.LASF113
 1621 07a7 92       		.byte	0x92
 1622 07a8 B7070000 		.4byte	0x7b7
 1623 07ac 0A       		.uleb128 0xa
 1624 07ad C4050000 		.4byte	0x5c4
 1625 07b1 0A       		.uleb128 0xa
 1626 07b2 20010000 		.4byte	0x120
 1627 07b6 00       		.byte	0
 1628 07b7 24       		.uleb128 0x24
 1629 07b8 61050000 		.4byte	.LASF115
 1630 07bc 91       		.byte	0x91
 1631 07bd 09       		.byte	0x9
 1632 07be 20010000 		.4byte	0x120
 1633 07c2 D1070000 		.4byte	0x7d1
 1634 07c6 0A       		.uleb128 0xa
 1635 07c7 FC000000 		.4byte	0xfc
 1636 07cb 0A       		.uleb128 0xa
 1637 07cc 80030000 		.4byte	0x380
 1638 07d0 00       		.byte	0
 1639 07d1 23       		.uleb128 0x23
 1640 07d2 2C050000 		.4byte	.LASF114
 1641 07d6 90       		.byte	0x90
 1642 07d7 E1070000 		.4byte	0x7e1
 1643 07db 0A       		.uleb128 0xa
 1644 07dc FC000000 		.4byte	0xfc
 1645 07e0 00       		.byte	0
 1646 07e1 24       		.uleb128 0x24
 1647 07e2 1F010000 		.4byte	.LASF116
 1648 07e6 8F       		.byte	0x8f
 1649 07e7 0D       		.byte	0xd
 1650 07e8 C4050000 		.4byte	0x5c4
 1651 07ec F6070000 		.4byte	0x7f6
 1652 07f0 0A       		.uleb128 0xa
 1653 07f1 C4050000 		.4byte	0x5c4
ARM GAS  /tmp/ccwUBPHV.s 			page 30


 1654 07f5 00       		.byte	0
 1655 07f6 2C       		.uleb128 0x2c
 1656 07f7 12010000 		.4byte	.LASF135
 1657 07fb 01       		.byte	0x1
 1658 07fc D6       		.byte	0xd6
 1659 07fd 06       		.byte	0x6
 1660 07fe 00000000 		.4byte	.LFB211
 1661 0802 14000000 		.4byte	.LFE211-.LFB211
 1662 0806 01       		.uleb128 0x1
 1663 0807 9C       		.byte	0x9c
 1664 0808 E3080000 		.4byte	0x8e3
 1665 080c 13       		.uleb128 0x13
 1666 080d 747000   		.ascii	"tp\000"
 1667 0810 D6       		.byte	0xd6
 1668 0811 1D       		.byte	0x1d
 1669 0812 C4050000 		.4byte	0x5c4
 1670 0816 10000000 		.4byte	.LLST27
 1671 081a 0C000000 		.4byte	.LVUS27
 1672 081e 13       		.uleb128 0x13
 1673 081f 6D736700 		.ascii	"msg\000"
 1674 0823 D6       		.byte	0xd6
 1675 0824 27       		.byte	0x27
 1676 0825 20010000 		.4byte	0x120
 1677 0829 2D000000 		.4byte	.LLST28
 1678 082d 29000000 		.4byte	.LVUS28
 1679 0831 10       		.uleb128 0x10
 1680 0832 BF060000 		.4byte	.LASF121
 1681 0836 F3080000 		.4byte	0x8f3
 1682 083a 11       		.uleb128 0x11
 1683 083b D70C0000 		.4byte	0xcd7
 1684 083f 00000000 		.4byte	.LBI99
 1685 0843 02       		.byte	.LVU176
 1686 0844 78000000 		.4byte	.LLRL29
 1687 0848 D8       		.byte	0xd8
 1688 0849 03       		.byte	0x3
 1689 084a 61080000 		.4byte	0x861
 1690 084e 2D       		.uleb128 0x2d
 1691 084f 500D0000 		.4byte	0xd50
 1692 0853 00000000 		.4byte	.LBI100
 1693 0857 04       		.byte	.LVU178
 1694 0858 78000000 		.4byte	.LLRL29
 1695 085c 03       		.byte	0x3
 1696 085d 7501     		.2byte	0x175
 1697 085f 03       		.byte	0x3
 1698 0860 00       		.byte	0
 1699 0861 12       		.uleb128 0x12
 1700 0862 5F0C0000 		.4byte	0xc5f
 1701 0866 08000000 		.4byte	.LBI105
 1702 086a 06       		.byte	.LVU188
 1703 086b 08000000 		.4byte	.LBB105
 1704 086f 04000000 		.4byte	.LBE105-.LBB105
 1705 0873 DA       		.byte	0xda
 1706 0874 03       		.byte	0x3
 1707 0875 B8080000 		.4byte	0x8b8
 1708 0879 08       		.uleb128 0x8
 1709 087a 760C0000 		.4byte	0xc76
 1710 087e 4A000000 		.4byte	.LLST30
ARM GAS  /tmp/ccwUBPHV.s 			page 31


 1711 0882 46000000 		.4byte	.LVUS30
 1712 0886 08       		.uleb128 0x8
 1713 0887 6C0C0000 		.4byte	0xc6c
 1714 088b 67000000 		.4byte	.LLST31
 1715 088f 63000000 		.4byte	.LVUS31
 1716 0893 14       		.uleb128 0x14
 1717 0894 0C000000 		.4byte	.LVL32
 1718 0898 A2070000 		.4byte	0x7a2
 1719 089c 0E       		.uleb128 0xe
 1720 089d 01       		.uleb128 0x1
 1721 089e 50       		.byte	0x50
 1722 089f 09       		.uleb128 0x9
 1723 08a0 A3       		.byte	0xa3
 1724 08a1 03       		.uleb128 0x3
 1725 08a2 A5       		.byte	0xa5
 1726 08a3 00       		.uleb128 0
 1727 08a4 26       		.uleb128 0x26
 1728 08a5 A8       		.byte	0xa8
 1729 08a6 2D       		.uleb128 0x2d
 1730 08a7 A8       		.byte	0xa8
 1731 08a8 00       		.uleb128 0
 1732 08a9 0E       		.uleb128 0xe
 1733 08aa 01       		.uleb128 0x1
 1734 08ab 51       		.byte	0x51
 1735 08ac 09       		.uleb128 0x9
 1736 08ad A3       		.byte	0xa3
 1737 08ae 03       		.uleb128 0x3
 1738 08af A5       		.byte	0xa5
 1739 08b0 01       		.uleb128 0x1
 1740 08b1 26       		.uleb128 0x26
 1741 08b2 A8       		.byte	0xa8
 1742 08b3 2D       		.uleb128 0x2d
 1743 08b4 A8       		.byte	0xa8
 1744 08b5 00       		.uleb128 0
 1745 08b6 00       		.byte	0
 1746 08b7 00       		.byte	0
 1747 08b8 2E       		.uleb128 0x2e
 1748 08b9 AC0C0000 		.4byte	0xcac
 1749 08bd 0C000000 		.4byte	.LBI107
 1750 08c1 02       		.byte	.LVU193
 1751 08c2 0C000000 		.4byte	.LBB107
 1752 08c6 04000000 		.4byte	.LBE107-.LBB107
 1753 08ca 01       		.byte	0x1
 1754 08cb DB       		.byte	0xdb
 1755 08cc 03       		.byte	0x3
 1756 08cd 1A       		.uleb128 0x1a
 1757 08ce 480D0000 		.4byte	0xd48
 1758 08d2 0C000000 		.4byte	.LBI109
 1759 08d6 09       		.byte	.LVU200
 1760 08d7 0C000000 		.4byte	.LBB109
 1761 08db 04000000 		.4byte	.LBE109-.LBB109
 1762 08df 8E01     		.2byte	0x18e
 1763 08e1 00       		.byte	0
 1764 08e2 00       		.byte	0
 1765 08e3 0C       		.uleb128 0xc
 1766 08e4 5E030000 		.4byte	0x35e
 1767 08e8 F3080000 		.4byte	0x8f3
ARM GAS  /tmp/ccwUBPHV.s 			page 32


 1768 08ec 0D       		.uleb128 0xd
 1769 08ed 2D000000 		.4byte	0x2d
 1770 08f1 0C       		.byte	0xc
 1771 08f2 00       		.byte	0
 1772 08f3 09       		.uleb128 0x9
 1773 08f4 E3080000 		.4byte	0x8e3
 1774 08f8 15       		.uleb128 0x15
 1775 08f9 80010000 		.4byte	.LASF118
 1776 08fd C0       		.byte	0xc0
 1777 08fe 0B       		.byte	0xb
 1778 08ff C4050000 		.4byte	0x5c4
 1779 0903 00000000 		.4byte	.LFB210
 1780 0907 34000000 		.4byte	.LFE210-.LFB210
 1781 090b 01       		.uleb128 0x1
 1782 090c 9C       		.byte	0x9c
 1783 090d A4090000 		.4byte	0x9a4
 1784 0911 16       		.uleb128 0x16
 1785 0912 65020000 		.4byte	.LASF117
 1786 0916 C1       		.byte	0xc1
 1787 0917 C4050000 		.4byte	0x5c4
 1788 091b 82000000 		.4byte	.LLST21
 1789 091f 80000000 		.4byte	.LVUS21
 1790 0923 2F       		.uleb128 0x2f
 1791 0924 747000   		.ascii	"tp\000"
 1792 0927 01       		.byte	0x1
 1793 0928 C2       		.byte	0xc2
 1794 0929 0D       		.byte	0xd
 1795 092a C4050000 		.4byte	0x5c4
 1796 092e 8F000000 		.4byte	.LLST22
 1797 0932 8B000000 		.4byte	.LVUS22
 1798 0936 30       		.uleb128 0x30
 1799 0937 9E0C0000 		.4byte	0xc9e
 1800 093b 00000000 		.4byte	.LBI89
 1801 093f 02       		.byte	.LVU143
 1802 0940 00000000 		.4byte	.LBB89
 1803 0944 0C000000 		.4byte	.LBE89-.LBB89
 1804 0948 01       		.byte	0x1
 1805 0949 C1       		.byte	0xc1
 1806 094a 16       		.byte	0x16
 1807 094b 12       		.uleb128 0x12
 1808 094c 820C0000 		.4byte	0xc82
 1809 0950 0C000000 		.4byte	.LBI91
 1810 0954 03       		.byte	.LVU149
 1811 0955 0C000000 		.4byte	.LBB91
 1812 0959 08000000 		.4byte	.LBE91-.LBB91
 1813 095d C4       		.byte	0xc4
 1814 095e 07       		.byte	0x7
 1815 095f 71090000 		.4byte	0x971
 1816 0963 08       		.uleb128 0x8
 1817 0964 930C0000 		.4byte	0xc93
 1818 0968 A3000000 		.4byte	.LLST23
 1819 096c A1000000 		.4byte	.LVUS23
 1820 0970 00       		.byte	0
 1821 0971 31       		.uleb128 0x31
 1822 0972 DF0C0000 		.4byte	0xcdf
 1823 0976 18000000 		.4byte	.LBI93
 1824 097a 01       		.byte	.LVU156
ARM GAS  /tmp/ccwUBPHV.s 			page 33


 1825 097b 69000000 		.4byte	.LLRL24
 1826 097f 01       		.byte	0x1
 1827 0980 C5       		.byte	0xc5
 1828 0981 0A       		.byte	0xa
 1829 0982 08       		.uleb128 0x8
 1830 0983 F10C0000 		.4byte	0xcf1
 1831 0987 AE000000 		.4byte	.LLST25
 1832 098b AC000000 		.4byte	.LVUS25
 1833 098f 1B       		.uleb128 0x1b
 1834 0990 69000000 		.4byte	.LLRL24
 1835 0994 1C       		.uleb128 0x1c
 1836 0995 050D0000 		.4byte	0xd05
 1837 0999 BB000000 		.4byte	.LLST26
 1838 099d B7000000 		.4byte	.LVUS26
 1839 09a1 00       		.byte	0
 1840 09a2 00       		.byte	0
 1841 09a3 00       		.byte	0
 1842 09a4 15       		.uleb128 0x15
 1843 09a5 EA020000 		.4byte	.LASF119
 1844 09a9 9D       		.byte	0x9d
 1845 09aa 0B       		.byte	0xb
 1846 09ab C4050000 		.4byte	0x5c4
 1847 09af 00000000 		.4byte	.LFB209
 1848 09b3 58000000 		.4byte	.LFE209-.LFB209
 1849 09b7 01       		.uleb128 0x1
 1850 09b8 9C       		.byte	0x9c
 1851 09b9 6B0A0000 		.4byte	0xa6b
 1852 09bd 32       		.uleb128 0x32
 1853 09be FA050000 		.4byte	.LASF120
 1854 09c2 01       		.byte	0x1
 1855 09c3 9D       		.byte	0x9d
 1856 09c4 2B       		.byte	0x2b
 1857 09c5 80030000 		.4byte	0x380
 1858 09c9 D6000000 		.4byte	.LLST13
 1859 09cd CC000000 		.4byte	.LVUS13
 1860 09d1 16       		.uleb128 0x16
 1861 09d2 65020000 		.4byte	.LASF117
 1862 09d6 9E       		.byte	0x9e
 1863 09d7 C4050000 		.4byte	0x5c4
 1864 09db 09010000 		.4byte	.LLST14
 1865 09df 07010000 		.4byte	.LVUS14
 1866 09e3 25       		.uleb128 0x25
 1867 09e4 747000   		.ascii	"tp\000"
 1868 09e7 9F       		.byte	0x9f
 1869 09e8 C4050000 		.4byte	0x5c4
 1870 09ec 10       		.uleb128 0x10
 1871 09ed BF060000 		.4byte	.LASF121
 1872 09f1 7B0A0000 		.4byte	0xa7b
 1873 09f5 1D       		.uleb128 0x1d
 1874 09f6 9E0C0000 		.4byte	0xc9e
 1875 09fa 00000000 		.4byte	.LBI75
 1876 09fe 02       		.byte	.LVU97
 1877 09ff 42000000 		.4byte	.LLRL15
 1878 0a03 9E       		.byte	0x9e
 1879 0a04 11       		.uleb128 0x11
 1880 0a05 820C0000 		.4byte	0xc82
 1881 0a09 10000000 		.4byte	.LBI79
ARM GAS  /tmp/ccwUBPHV.s 			page 34


 1882 0a0d 07       		.byte	.LVU109
 1883 0a0e 4E000000 		.4byte	.LLRL16
 1884 0a12 A4       		.byte	0xa4
 1885 0a13 08       		.byte	0x8
 1886 0a14 260A0000 		.4byte	0xa26
 1887 0a18 08       		.uleb128 0x8
 1888 0a19 930C0000 		.4byte	0xc93
 1889 0a1d 14010000 		.4byte	.LLST17
 1890 0a21 12010000 		.4byte	.LVUS17
 1891 0a25 00       		.byte	0
 1892 0a26 11       		.uleb128 0x11
 1893 0a27 DF0C0000 		.4byte	0xcdf
 1894 0a2b 24000000 		.4byte	.LBI83
 1895 0a2f 01       		.byte	.LVU117
 1896 0a30 5A000000 		.4byte	.LLRL18
 1897 0a34 A9       		.byte	0xa9
 1898 0a35 08       		.byte	0x8
 1899 0a36 5B0A0000 		.4byte	0xa5b
 1900 0a3a 08       		.uleb128 0x8
 1901 0a3b F10C0000 		.4byte	0xcf1
 1902 0a3f 1F010000 		.4byte	.LLST19
 1903 0a43 1D010000 		.4byte	.LVUS19
 1904 0a47 1B       		.uleb128 0x1b
 1905 0a48 5A000000 		.4byte	.LLRL18
 1906 0a4c 1C       		.uleb128 0x1c
 1907 0a4d 050D0000 		.4byte	0xd05
 1908 0a51 2A010000 		.4byte	.LLST20
 1909 0a55 28010000 		.4byte	.LVUS20
 1910 0a59 00       		.byte	0
 1911 0a5a 00       		.byte	0
 1912 0a5b 14       		.uleb128 0x14
 1913 0a5c 44000000 		.4byte	.LVL23
 1914 0a60 B7070000 		.4byte	0x7b7
 1915 0a64 0E       		.uleb128 0xe
 1916 0a65 01       		.uleb128 0x1
 1917 0a66 50       		.byte	0x50
 1918 0a67 01       		.uleb128 0x1
 1919 0a68 3E       		.byte	0x3e
 1920 0a69 00       		.byte	0
 1921 0a6a 00       		.byte	0
 1922 0a6b 0C       		.uleb128 0xc
 1923 0a6c 5E030000 		.4byte	0x35e
 1924 0a70 7B0A0000 		.4byte	0xa7b
 1925 0a74 0D       		.uleb128 0xd
 1926 0a75 2D000000 		.4byte	0x2d
 1927 0a79 11       		.byte	0x11
 1928 0a7a 00       		.byte	0
 1929 0a7b 09       		.uleb128 0x9
 1930 0a7c 6B0A0000 		.4byte	0xa6b
 1931 0a80 15       		.uleb128 0x15
 1932 0a81 51000000 		.4byte	.LASF122
 1933 0a85 78       		.byte	0x78
 1934 0a86 0B       		.byte	0xb
 1935 0a87 C4050000 		.4byte	0x5c4
 1936 0a8b 00000000 		.4byte	.LFB208
 1937 0a8f 48000000 		.4byte	.LFE208-.LFB208
 1938 0a93 01       		.uleb128 0x1
ARM GAS  /tmp/ccwUBPHV.s 			page 35


 1939 0a94 9C       		.byte	0x9c
 1940 0a95 2E0B0000 		.4byte	0xb2e
 1941 0a99 16       		.uleb128 0x16
 1942 0a9a 65020000 		.4byte	.LASF117
 1943 0a9e 79       		.byte	0x79
 1944 0a9f C4050000 		.4byte	0x5c4
 1945 0aa3 36010000 		.4byte	.LLST7
 1946 0aa7 34010000 		.4byte	.LVUS7
 1947 0aab 25       		.uleb128 0x25
 1948 0aac 747000   		.ascii	"tp\000"
 1949 0aaf 7A       		.byte	0x7a
 1950 0ab0 C4050000 		.4byte	0x5c4
 1951 0ab4 1D       		.uleb128 0x1d
 1952 0ab5 9E0C0000 		.4byte	0xc9e
 1953 0ab9 00000000 		.4byte	.LBI63
 1954 0abd 02       		.byte	.LVU60
 1955 0abe 27000000 		.4byte	.LLRL8
 1956 0ac2 79       		.byte	0x79
 1957 0ac3 12       		.uleb128 0x12
 1958 0ac4 820C0000 		.4byte	0xc82
 1959 0ac8 10000000 		.4byte	.LBI67
 1960 0acc 04       		.byte	.LVU69
 1961 0acd 10000000 		.4byte	.LBB67
 1962 0ad1 08000000 		.4byte	.LBE67-.LBB67
 1963 0ad5 7E       		.byte	0x7e
 1964 0ad6 08       		.byte	0x8
 1965 0ad7 E90A0000 		.4byte	0xae9
 1966 0adb 08       		.uleb128 0x8
 1967 0adc 930C0000 		.4byte	0xc93
 1968 0ae0 41010000 		.4byte	.LLST9
 1969 0ae4 3F010000 		.4byte	.LVUS9
 1970 0ae8 00       		.byte	0
 1971 0ae9 11       		.uleb128 0x11
 1972 0aea DF0C0000 		.4byte	0xcdf
 1973 0aee 20000000 		.4byte	.LBI69
 1974 0af2 01       		.byte	.LVU76
 1975 0af3 33000000 		.4byte	.LLRL10
 1976 0af7 81       		.byte	0x81
 1977 0af8 08       		.byte	0x8
 1978 0af9 1E0B0000 		.4byte	0xb1e
 1979 0afd 08       		.uleb128 0x8
 1980 0afe F10C0000 		.4byte	0xcf1
 1981 0b02 4C010000 		.4byte	.LLST11
 1982 0b06 4A010000 		.4byte	.LVUS11
 1983 0b0a 1B       		.uleb128 0x1b
 1984 0b0b 33000000 		.4byte	.LLRL10
 1985 0b0f 1C       		.uleb128 0x1c
 1986 0b10 050D0000 		.4byte	0xd05
 1987 0b14 57010000 		.4byte	.LLST12
 1988 0b18 55010000 		.4byte	.LVUS12
 1989 0b1c 00       		.byte	0
 1990 0b1d 00       		.byte	0
 1991 0b1e 14       		.uleb128 0x14
 1992 0b1f 40000000 		.4byte	.LVL15
 1993 0b23 D1070000 		.4byte	0x7d1
 1994 0b27 0E       		.uleb128 0xe
 1995 0b28 01       		.uleb128 0x1
ARM GAS  /tmp/ccwUBPHV.s 			page 36


 1996 0b29 50       		.byte	0x50
 1997 0b2a 01       		.uleb128 0x1
 1998 0b2b 3E       		.byte	0x3e
 1999 0b2c 00       		.byte	0
 2000 0b2d 00       		.byte	0
 2001 0b2e 15       		.uleb128 0x15
 2002 0b2f A7000000 		.4byte	.LASF123
 2003 0b33 54       		.byte	0x54
 2004 0b34 07       		.byte	0x7
 2005 0b35 20010000 		.4byte	0x120
 2006 0b39 00000000 		.4byte	.LFB207
 2007 0b3d 64000000 		.4byte	.LFE207-.LFB207
 2008 0b41 01       		.uleb128 0x1
 2009 0b42 9C       		.byte	0x9c
 2010 0b43 4A0C0000 		.4byte	0xc4a
 2011 0b47 13       		.uleb128 0x13
 2012 0b48 747000   		.ascii	"tp\000"
 2013 0b4b 54       		.byte	0x54
 2014 0b4c 1B       		.byte	0x1b
 2015 0b4d C4050000 		.4byte	0x5c4
 2016 0b51 69010000 		.4byte	.LLST0
 2017 0b55 61010000 		.4byte	.LVUS0
 2018 0b59 13       		.uleb128 0x13
 2019 0b5a 6D736700 		.ascii	"msg\000"
 2020 0b5e 54       		.byte	0x54
 2021 0b5f 25       		.byte	0x25
 2022 0b60 20010000 		.4byte	0x120
 2023 0b64 9F010000 		.4byte	.LLST1
 2024 0b68 95010000 		.4byte	.LVUS1
 2025 0b6c 16       		.uleb128 0x16
 2026 0b6d 65020000 		.4byte	.LASF117
 2027 0b71 55       		.byte	0x55
 2028 0b72 C4050000 		.4byte	0x5c4
 2029 0b76 D2010000 		.4byte	.LLST2
 2030 0b7a D0010000 		.4byte	.LVUS2
 2031 0b7e 10       		.uleb128 0x10
 2032 0b7f BF060000 		.4byte	.LASF121
 2033 0b83 5A0C0000 		.4byte	0xc5a
 2034 0b87 1D       		.uleb128 0x1d
 2035 0b88 9E0C0000 		.4byte	0xc9e
 2036 0b8c 00000000 		.4byte	.LBI46
 2037 0b90 02       		.byte	.LVU2
 2038 0b91 0C000000 		.4byte	.LLRL3
 2039 0b95 55       		.byte	0x55
 2040 0b96 12       		.uleb128 0x12
 2041 0b97 D70C0000 		.4byte	0xcd7
 2042 0b9b 10000000 		.4byte	.LBI50
 2043 0b9f 05       		.byte	.LVU12
 2044 0ba0 10000000 		.4byte	.LBB50
 2045 0ba4 04000000 		.4byte	.LBE50-.LBB50
 2046 0ba8 59       		.byte	0x59
 2047 0ba9 03       		.byte	0x3
 2048 0baa C30B0000 		.4byte	0xbc3
 2049 0bae 1A       		.uleb128 0x1a
 2050 0baf 500D0000 		.4byte	0xd50
 2051 0bb3 10000000 		.4byte	.LBI51
 2052 0bb7 07       		.byte	.LVU14
ARM GAS  /tmp/ccwUBPHV.s 			page 37


 2053 0bb8 10000000 		.4byte	.LBB51
 2054 0bbc 04000000 		.4byte	.LBE51-.LBB51
 2055 0bc0 7501     		.2byte	0x175
 2056 0bc2 00       		.byte	0
 2057 0bc3 11       		.uleb128 0x11
 2058 0bc4 260D0000 		.4byte	0xd26
 2059 0bc8 24000000 		.4byte	.LBI53
 2060 0bcc 01       		.byte	.LVU25
 2061 0bcd 18000000 		.4byte	.LLRL4
 2062 0bd1 5C       		.byte	0x5c
 2063 0bd2 03       		.byte	0x3
 2064 0bd3 F20B0000 		.4byte	0xbf2
 2065 0bd7 08       		.uleb128 0x8
 2066 0bd8 3D0D0000 		.4byte	0xd3d
 2067 0bdc DD010000 		.4byte	.LLST5
 2068 0be0 DB010000 		.4byte	.LVUS5
 2069 0be4 08       		.uleb128 0x8
 2070 0be5 320D0000 		.4byte	0xd32
 2071 0be9 E8010000 		.4byte	.LLST6
 2072 0bed E6010000 		.4byte	.LVUS6
 2073 0bf1 00       		.byte	0
 2074 0bf2 12       		.uleb128 0x12
 2075 0bf3 AC0C0000 		.4byte	0xcac
 2076 0bf7 4C000000 		.4byte	.LBI59
 2077 0bfb 01       		.byte	.LVU42
 2078 0bfc 4C000000 		.4byte	.LBB59
 2079 0c00 04000000 		.4byte	.LBE59-.LBB59
 2080 0c04 63       		.byte	0x63
 2081 0c05 03       		.byte	0x3
 2082 0c06 1F0C0000 		.4byte	0xc1f
 2083 0c0a 1A       		.uleb128 0x1a
 2084 0c0b 480D0000 		.4byte	0xd48
 2085 0c0f 4C000000 		.4byte	.LBI61
 2086 0c13 08       		.byte	.LVU49
 2087 0c14 4C000000 		.4byte	.LBB61
 2088 0c18 04000000 		.4byte	.LBE61-.LBB61
 2089 0c1c 8E01     		.2byte	0x18e
 2090 0c1e 00       		.byte	0
 2091 0c1f 33       		.uleb128 0x33
 2092 0c20 48000000 		.4byte	.LVL5
 2093 0c24 D1070000 		.4byte	0x7d1
 2094 0c28 320C0000 		.4byte	0xc32
 2095 0c2c 0E       		.uleb128 0xe
 2096 0c2d 01       		.uleb128 0x1
 2097 0c2e 50       		.byte	0x50
 2098 0c2f 01       		.uleb128 0x1
 2099 0c30 3C       		.byte	0x3c
 2100 0c31 00       		.byte	0
 2101 0c32 14       		.uleb128 0x14
 2102 0c33 60000000 		.4byte	.LVL8
 2103 0c37 E1070000 		.4byte	0x7e1
 2104 0c3b 0E       		.uleb128 0xe
 2105 0c3c 01       		.uleb128 0x1
 2106 0c3d 50       		.byte	0x50
 2107 0c3e 09       		.uleb128 0x9
 2108 0c3f A3       		.byte	0xa3
 2109 0c40 03       		.uleb128 0x3
ARM GAS  /tmp/ccwUBPHV.s 			page 38


 2110 0c41 A5       		.byte	0xa5
 2111 0c42 00       		.uleb128 0
 2112 0c43 26       		.uleb128 0x26
 2113 0c44 A8       		.byte	0xa8
 2114 0c45 2D       		.uleb128 0x2d
 2115 0c46 A8       		.byte	0xa8
 2116 0c47 00       		.uleb128 0
 2117 0c48 00       		.byte	0
 2118 0c49 00       		.byte	0
 2119 0c4a 0C       		.uleb128 0xc
 2120 0c4b 5E030000 		.4byte	0x35e
 2121 0c4f 5A0C0000 		.4byte	0xc5a
 2122 0c53 0D       		.uleb128 0xd
 2123 0c54 2D000000 		.4byte	0x2d
 2124 0c58 09       		.byte	0x9
 2125 0c59 00       		.byte	0
 2126 0c5a 09       		.uleb128 0x9
 2127 0c5b 4A0C0000 		.4byte	0xc4a
 2128 0c5f 34       		.uleb128 0x34
 2129 0c60 EC050000 		.4byte	.LASF124
 2130 0c64 06       		.byte	0x6
 2131 0c65 CD       		.byte	0xcd
 2132 0c66 14       		.byte	0x14
 2133 0c67 03       		.byte	0x3
 2134 0c68 820C0000 		.4byte	0xc82
 2135 0c6c 1E       		.uleb128 0x1e
 2136 0c6d 747000   		.ascii	"tp\000"
 2137 0c70 CD       		.byte	0xcd
 2138 0c71 2C       		.byte	0x2c
 2139 0c72 C4050000 		.4byte	0x5c4
 2140 0c76 1E       		.uleb128 0x1e
 2141 0c77 6D736700 		.ascii	"msg\000"
 2142 0c7b CD       		.byte	0xcd
 2143 0c7c 36       		.byte	0x36
 2144 0c7d 20010000 		.4byte	0x120
 2145 0c81 00       		.byte	0
 2146 0c82 35       		.uleb128 0x35
 2147 0c83 85020000 		.4byte	.LASF126
 2148 0c87 06       		.byte	0x6
 2149 0c88 AB       		.byte	0xab
 2150 0c89 14       		.byte	0x14
 2151 0c8a 9B070000 		.4byte	0x79b
 2152 0c8e 03       		.byte	0x3
 2153 0c8f 9E0C0000 		.4byte	0xc9e
 2154 0c93 1E       		.uleb128 0x1e
 2155 0c94 747000   		.ascii	"tp\000"
 2156 0c97 AB       		.byte	0xab
 2157 0c98 2E       		.byte	0x2e
 2158 0c99 C4050000 		.4byte	0x5c4
 2159 0c9d 00       		.byte	0
 2160 0c9e 36       		.uleb128 0x36
 2161 0c9f E0010000 		.4byte	.LASF136
 2162 0ca3 02       		.byte	0x2
 2163 0ca4 0E02     		.2byte	0x20e
 2164 0ca6 19       		.byte	0x19
 2165 0ca7 C4050000 		.4byte	0x5c4
 2166 0cab 03       		.byte	0x3
ARM GAS  /tmp/ccwUBPHV.s 			page 39


 2167 0cac 26       		.uleb128 0x26
 2168 0cad D4010000 		.4byte	.LASF125
 2169 0cb1 03       		.byte	0x3
 2170 0cb2 8101     		.2byte	0x181
 2171 0cb4 C20C0000 		.4byte	0xcc2
 2172 0cb8 10       		.uleb128 0x10
 2173 0cb9 BF060000 		.4byte	.LASF121
 2174 0cbd D20C0000 		.4byte	0xcd2
 2175 0cc1 00       		.byte	0
 2176 0cc2 0C       		.uleb128 0xc
 2177 0cc3 5E030000 		.4byte	0x35e
 2178 0cc7 D20C0000 		.4byte	0xcd2
 2179 0ccb 0D       		.uleb128 0xd
 2180 0ccc 2D000000 		.4byte	0x2d
 2181 0cd0 0B       		.byte	0xb
 2182 0cd1 00       		.byte	0
 2183 0cd2 09       		.uleb128 0x9
 2184 0cd3 C20C0000 		.4byte	0xcc2
 2185 0cd7 1F       		.uleb128 0x1f
 2186 0cd8 7B020000 		.4byte	.LASF129
 2187 0cdc 03       		.byte	0x3
 2188 0cdd 7301     		.2byte	0x173
 2189 0cdf 37       		.uleb128 0x37
 2190 0ce0 9A020000 		.4byte	.LASF127
 2191 0ce4 05       		.byte	0x5
 2192 0ce5 5501     		.2byte	0x155
 2193 0ce7 1B       		.byte	0x1b
 2194 0ce8 BD040000 		.4byte	0x4bd
 2195 0cec 03       		.byte	0x3
 2196 0ced 110D0000 		.4byte	0xd11
 2197 0cf1 20       		.uleb128 0x20
 2198 0cf2 717000   		.ascii	"qp\000"
 2199 0cf5 5501     		.2byte	0x155
 2200 0cf7 3C       		.byte	0x3c
 2201 0cf8 BD040000 		.4byte	0x4bd
 2202 0cfc 10       		.uleb128 0x10
 2203 0cfd BF060000 		.4byte	.LASF121
 2204 0d01 210D0000 		.4byte	0xd21
 2205 0d05 38       		.uleb128 0x38
 2206 0d06 7000     		.ascii	"p\000"
 2207 0d08 05       		.byte	0x5
 2208 0d09 5901     		.2byte	0x159
 2209 0d0b 0F       		.byte	0xf
 2210 0d0c BD040000 		.4byte	0x4bd
 2211 0d10 00       		.byte	0
 2212 0d11 0C       		.uleb128 0xc
 2213 0d12 5E030000 		.4byte	0x35e
 2214 0d16 210D0000 		.4byte	0xd21
 2215 0d1a 0D       		.uleb128 0xd
 2216 0d1b 2D000000 		.4byte	0x2d
 2217 0d1f 14       		.byte	0x14
 2218 0d20 00       		.byte	0
 2219 0d21 09       		.uleb128 0x9
 2220 0d22 110D0000 		.4byte	0xd11
 2221 0d26 26       		.uleb128 0x26
 2222 0d27 F5000000 		.4byte	.LASF128
 2223 0d2b 05       		.byte	0x5
ARM GAS  /tmp/ccwUBPHV.s 			page 40


 2224 0d2c 4301     		.2byte	0x143
 2225 0d2e 480D0000 		.4byte	0xd48
 2226 0d32 20       		.uleb128 0x20
 2227 0d33 717000   		.ascii	"qp\000"
 2228 0d36 4301     		.2byte	0x143
 2229 0d38 30       		.byte	0x30
 2230 0d39 BD040000 		.4byte	0x4bd
 2231 0d3d 20       		.uleb128 0x20
 2232 0d3e 7000     		.ascii	"p\000"
 2233 0d40 4301     		.2byte	0x143
 2234 0d42 40       		.byte	0x40
 2235 0d43 BD040000 		.4byte	0x4bd
 2236 0d47 00       		.byte	0
 2237 0d48 1F       		.uleb128 0x1f
 2238 0d49 C8060000 		.4byte	.LASF130
 2239 0d4d 04       		.byte	0x4
 2240 0d4e EF02     		.2byte	0x2ef
 2241 0d50 1F       		.uleb128 0x1f
 2242 0d51 B8000000 		.4byte	.LASF131
 2243 0d55 04       		.byte	0x4
 2244 0d56 E302     		.2byte	0x2e3
 2245 0d58 00       		.byte	0
 2246              		.section	.debug_abbrev,"",%progbits
 2247              	.Ldebug_abbrev0:
 2248 0000 01       		.uleb128 0x1
 2249 0001 16       		.uleb128 0x16
 2250 0002 00       		.byte	0
 2251 0003 03       		.uleb128 0x3
 2252 0004 0E       		.uleb128 0xe
 2253 0005 3A       		.uleb128 0x3a
 2254 0006 0B       		.uleb128 0xb
 2255 0007 3B       		.uleb128 0x3b
 2256 0008 0B       		.uleb128 0xb
 2257 0009 39       		.uleb128 0x39
 2258 000a 0B       		.uleb128 0xb
 2259 000b 49       		.uleb128 0x49
 2260 000c 13       		.uleb128 0x13
 2261 000d 00       		.byte	0
 2262 000e 00       		.byte	0
 2263 000f 02       		.uleb128 0x2
 2264 0010 0D       		.uleb128 0xd
 2265 0011 00       		.byte	0
 2266 0012 03       		.uleb128 0x3
 2267 0013 0E       		.uleb128 0xe
 2268 0014 3A       		.uleb128 0x3a
 2269 0015 0B       		.uleb128 0xb
 2270 0016 3B       		.uleb128 0x3b
 2271 0017 0B       		.uleb128 0xb
 2272 0018 39       		.uleb128 0x39
 2273 0019 0B       		.uleb128 0xb
 2274 001a 49       		.uleb128 0x49
 2275 001b 13       		.uleb128 0x13
 2276 001c 38       		.uleb128 0x38
 2277 001d 0B       		.uleb128 0xb
 2278 001e 00       		.byte	0
 2279 001f 00       		.byte	0
 2280 0020 03       		.uleb128 0x3
ARM GAS  /tmp/ccwUBPHV.s 			page 41


 2281 0021 0D       		.uleb128 0xd
 2282 0022 00       		.byte	0
 2283 0023 03       		.uleb128 0x3
 2284 0024 0E       		.uleb128 0xe
 2285 0025 3A       		.uleb128 0x3a
 2286 0026 0B       		.uleb128 0xb
 2287 0027 3B       		.uleb128 0x3b
 2288 0028 05       		.uleb128 0x5
 2289 0029 39       		.uleb128 0x39
 2290 002a 0B       		.uleb128 0xb
 2291 002b 49       		.uleb128 0x49
 2292 002c 13       		.uleb128 0x13
 2293 002d 38       		.uleb128 0x38
 2294 002e 0B       		.uleb128 0xb
 2295 002f 00       		.byte	0
 2296 0030 00       		.byte	0
 2297 0031 04       		.uleb128 0x4
 2298 0032 0F       		.uleb128 0xf
 2299 0033 00       		.byte	0
 2300 0034 0B       		.uleb128 0xb
 2301 0035 21       		.uleb128 0x21
 2302 0036 04       		.sleb128 4
 2303 0037 49       		.uleb128 0x49
 2304 0038 13       		.uleb128 0x13
 2305 0039 00       		.byte	0
 2306 003a 00       		.byte	0
 2307 003b 05       		.uleb128 0x5
 2308 003c 0D       		.uleb128 0xd
 2309 003d 00       		.byte	0
 2310 003e 03       		.uleb128 0x3
 2311 003f 08       		.uleb128 0x8
 2312 0040 3A       		.uleb128 0x3a
 2313 0041 0B       		.uleb128 0xb
 2314 0042 3B       		.uleb128 0x3b
 2315 0043 05       		.uleb128 0x5
 2316 0044 39       		.uleb128 0x39
 2317 0045 0B       		.uleb128 0xb
 2318 0046 49       		.uleb128 0x49
 2319 0047 13       		.uleb128 0x13
 2320 0048 38       		.uleb128 0x38
 2321 0049 0B       		.uleb128 0xb
 2322 004a 00       		.byte	0
 2323 004b 00       		.byte	0
 2324 004c 06       		.uleb128 0x6
 2325 004d 24       		.uleb128 0x24
 2326 004e 00       		.byte	0
 2327 004f 0B       		.uleb128 0xb
 2328 0050 0B       		.uleb128 0xb
 2329 0051 3E       		.uleb128 0x3e
 2330 0052 0B       		.uleb128 0xb
 2331 0053 03       		.uleb128 0x3
 2332 0054 0E       		.uleb128 0xe
 2333 0055 00       		.byte	0
 2334 0056 00       		.byte	0
 2335 0057 07       		.uleb128 0x7
 2336 0058 13       		.uleb128 0x13
 2337 0059 01       		.byte	0x1
ARM GAS  /tmp/ccwUBPHV.s 			page 42


 2338 005a 03       		.uleb128 0x3
 2339 005b 0E       		.uleb128 0xe
 2340 005c 0B       		.uleb128 0xb
 2341 005d 0B       		.uleb128 0xb
 2342 005e 3A       		.uleb128 0x3a
 2343 005f 0B       		.uleb128 0xb
 2344 0060 3B       		.uleb128 0x3b
 2345 0061 0B       		.uleb128 0xb
 2346 0062 39       		.uleb128 0x39
 2347 0063 0B       		.uleb128 0xb
 2348 0064 01       		.uleb128 0x1
 2349 0065 13       		.uleb128 0x13
 2350 0066 00       		.byte	0
 2351 0067 00       		.byte	0
 2352 0068 08       		.uleb128 0x8
 2353 0069 05       		.uleb128 0x5
 2354 006a 00       		.byte	0
 2355 006b 31       		.uleb128 0x31
 2356 006c 13       		.uleb128 0x13
 2357 006d 02       		.uleb128 0x2
 2358 006e 17       		.uleb128 0x17
 2359 006f B742     		.uleb128 0x2137
 2360 0071 17       		.uleb128 0x17
 2361 0072 00       		.byte	0
 2362 0073 00       		.byte	0
 2363 0074 09       		.uleb128 0x9
 2364 0075 26       		.uleb128 0x26
 2365 0076 00       		.byte	0
 2366 0077 49       		.uleb128 0x49
 2367 0078 13       		.uleb128 0x13
 2368 0079 00       		.byte	0
 2369 007a 00       		.byte	0
 2370 007b 0A       		.uleb128 0xa
 2371 007c 05       		.uleb128 0x5
 2372 007d 00       		.byte	0
 2373 007e 49       		.uleb128 0x49
 2374 007f 13       		.uleb128 0x13
 2375 0080 00       		.byte	0
 2376 0081 00       		.byte	0
 2377 0082 0B       		.uleb128 0xb
 2378 0083 0D       		.uleb128 0xd
 2379 0084 00       		.byte	0
 2380 0085 03       		.uleb128 0x3
 2381 0086 0E       		.uleb128 0xe
 2382 0087 3A       		.uleb128 0x3a
 2383 0088 21       		.uleb128 0x21
 2384 0089 0B       		.sleb128 11
 2385 008a 3B       		.uleb128 0x3b
 2386 008b 05       		.uleb128 0x5
 2387 008c 39       		.uleb128 0x39
 2388 008d 0B       		.uleb128 0xb
 2389 008e 49       		.uleb128 0x49
 2390 008f 13       		.uleb128 0x13
 2391 0090 00       		.byte	0
 2392 0091 00       		.byte	0
 2393 0092 0C       		.uleb128 0xc
 2394 0093 01       		.uleb128 0x1
ARM GAS  /tmp/ccwUBPHV.s 			page 43


 2395 0094 01       		.byte	0x1
 2396 0095 49       		.uleb128 0x49
 2397 0096 13       		.uleb128 0x13
 2398 0097 01       		.uleb128 0x1
 2399 0098 13       		.uleb128 0x13
 2400 0099 00       		.byte	0
 2401 009a 00       		.byte	0
 2402 009b 0D       		.uleb128 0xd
 2403 009c 21       		.uleb128 0x21
 2404 009d 00       		.byte	0
 2405 009e 49       		.uleb128 0x49
 2406 009f 13       		.uleb128 0x13
 2407 00a0 2F       		.uleb128 0x2f
 2408 00a1 0B       		.uleb128 0xb
 2409 00a2 00       		.byte	0
 2410 00a3 00       		.byte	0
 2411 00a4 0E       		.uleb128 0xe
 2412 00a5 49       		.uleb128 0x49
 2413 00a6 00       		.byte	0
 2414 00a7 02       		.uleb128 0x2
 2415 00a8 18       		.uleb128 0x18
 2416 00a9 7E       		.uleb128 0x7e
 2417 00aa 18       		.uleb128 0x18
 2418 00ab 00       		.byte	0
 2419 00ac 00       		.byte	0
 2420 00ad 0F       		.uleb128 0xf
 2421 00ae 13       		.uleb128 0x13
 2422 00af 01       		.byte	0x1
 2423 00b0 03       		.uleb128 0x3
 2424 00b1 0E       		.uleb128 0xe
 2425 00b2 0B       		.uleb128 0xb
 2426 00b3 0B       		.uleb128 0xb
 2427 00b4 3A       		.uleb128 0x3a
 2428 00b5 0B       		.uleb128 0xb
 2429 00b6 3B       		.uleb128 0x3b
 2430 00b7 05       		.uleb128 0x5
 2431 00b8 39       		.uleb128 0x39
 2432 00b9 0B       		.uleb128 0xb
 2433 00ba 01       		.uleb128 0x1
 2434 00bb 13       		.uleb128 0x13
 2435 00bc 00       		.byte	0
 2436 00bd 00       		.byte	0
 2437 00be 10       		.uleb128 0x10
 2438 00bf 34       		.uleb128 0x34
 2439 00c0 00       		.byte	0
 2440 00c1 03       		.uleb128 0x3
 2441 00c2 0E       		.uleb128 0xe
 2442 00c3 49       		.uleb128 0x49
 2443 00c4 13       		.uleb128 0x13
 2444 00c5 34       		.uleb128 0x34
 2445 00c6 19       		.uleb128 0x19
 2446 00c7 00       		.byte	0
 2447 00c8 00       		.byte	0
 2448 00c9 11       		.uleb128 0x11
 2449 00ca 1D       		.uleb128 0x1d
 2450 00cb 01       		.byte	0x1
 2451 00cc 31       		.uleb128 0x31
ARM GAS  /tmp/ccwUBPHV.s 			page 44


 2452 00cd 13       		.uleb128 0x13
 2453 00ce 52       		.uleb128 0x52
 2454 00cf 01       		.uleb128 0x1
 2455 00d0 B842     		.uleb128 0x2138
 2456 00d2 0B       		.uleb128 0xb
 2457 00d3 55       		.uleb128 0x55
 2458 00d4 17       		.uleb128 0x17
 2459 00d5 58       		.uleb128 0x58
 2460 00d6 21       		.uleb128 0x21
 2461 00d7 01       		.sleb128 1
 2462 00d8 59       		.uleb128 0x59
 2463 00d9 0B       		.uleb128 0xb
 2464 00da 57       		.uleb128 0x57
 2465 00db 0B       		.uleb128 0xb
 2466 00dc 01       		.uleb128 0x1
 2467 00dd 13       		.uleb128 0x13
 2468 00de 00       		.byte	0
 2469 00df 00       		.byte	0
 2470 00e0 12       		.uleb128 0x12
 2471 00e1 1D       		.uleb128 0x1d
 2472 00e2 01       		.byte	0x1
 2473 00e3 31       		.uleb128 0x31
 2474 00e4 13       		.uleb128 0x13
 2475 00e5 52       		.uleb128 0x52
 2476 00e6 01       		.uleb128 0x1
 2477 00e7 B842     		.uleb128 0x2138
 2478 00e9 0B       		.uleb128 0xb
 2479 00ea 11       		.uleb128 0x11
 2480 00eb 01       		.uleb128 0x1
 2481 00ec 12       		.uleb128 0x12
 2482 00ed 06       		.uleb128 0x6
 2483 00ee 58       		.uleb128 0x58
 2484 00ef 21       		.uleb128 0x21
 2485 00f0 01       		.sleb128 1
 2486 00f1 59       		.uleb128 0x59
 2487 00f2 0B       		.uleb128 0xb
 2488 00f3 57       		.uleb128 0x57
 2489 00f4 0B       		.uleb128 0xb
 2490 00f5 01       		.uleb128 0x1
 2491 00f6 13       		.uleb128 0x13
 2492 00f7 00       		.byte	0
 2493 00f8 00       		.byte	0
 2494 00f9 13       		.uleb128 0x13
 2495 00fa 05       		.uleb128 0x5
 2496 00fb 00       		.byte	0
 2497 00fc 03       		.uleb128 0x3
 2498 00fd 08       		.uleb128 0x8
 2499 00fe 3A       		.uleb128 0x3a
 2500 00ff 21       		.uleb128 0x21
 2501 0100 01       		.sleb128 1
 2502 0101 3B       		.uleb128 0x3b
 2503 0102 0B       		.uleb128 0xb
 2504 0103 39       		.uleb128 0x39
 2505 0104 0B       		.uleb128 0xb
 2506 0105 49       		.uleb128 0x49
 2507 0106 13       		.uleb128 0x13
 2508 0107 02       		.uleb128 0x2
ARM GAS  /tmp/ccwUBPHV.s 			page 45


 2509 0108 17       		.uleb128 0x17
 2510 0109 B742     		.uleb128 0x2137
 2511 010b 17       		.uleb128 0x17
 2512 010c 00       		.byte	0
 2513 010d 00       		.byte	0
 2514 010e 14       		.uleb128 0x14
 2515 010f 48       		.uleb128 0x48
 2516 0110 01       		.byte	0x1
 2517 0111 7D       		.uleb128 0x7d
 2518 0112 01       		.uleb128 0x1
 2519 0113 7F       		.uleb128 0x7f
 2520 0114 13       		.uleb128 0x13
 2521 0115 00       		.byte	0
 2522 0116 00       		.byte	0
 2523 0117 15       		.uleb128 0x15
 2524 0118 2E       		.uleb128 0x2e
 2525 0119 01       		.byte	0x1
 2526 011a 3F       		.uleb128 0x3f
 2527 011b 19       		.uleb128 0x19
 2528 011c 03       		.uleb128 0x3
 2529 011d 0E       		.uleb128 0xe
 2530 011e 3A       		.uleb128 0x3a
 2531 011f 21       		.uleb128 0x21
 2532 0120 01       		.sleb128 1
 2533 0121 3B       		.uleb128 0x3b
 2534 0122 0B       		.uleb128 0xb
 2535 0123 39       		.uleb128 0x39
 2536 0124 0B       		.uleb128 0xb
 2537 0125 27       		.uleb128 0x27
 2538 0126 19       		.uleb128 0x19
 2539 0127 49       		.uleb128 0x49
 2540 0128 13       		.uleb128 0x13
 2541 0129 11       		.uleb128 0x11
 2542 012a 01       		.uleb128 0x1
 2543 012b 12       		.uleb128 0x12
 2544 012c 06       		.uleb128 0x6
 2545 012d 40       		.uleb128 0x40
 2546 012e 18       		.uleb128 0x18
 2547 012f 7A       		.uleb128 0x7a
 2548 0130 19       		.uleb128 0x19
 2549 0131 01       		.uleb128 0x1
 2550 0132 13       		.uleb128 0x13
 2551 0133 00       		.byte	0
 2552 0134 00       		.byte	0
 2553 0135 16       		.uleb128 0x16
 2554 0136 34       		.uleb128 0x34
 2555 0137 00       		.byte	0
 2556 0138 03       		.uleb128 0x3
 2557 0139 0E       		.uleb128 0xe
 2558 013a 3A       		.uleb128 0x3a
 2559 013b 21       		.uleb128 0x21
 2560 013c 01       		.sleb128 1
 2561 013d 3B       		.uleb128 0x3b
 2562 013e 0B       		.uleb128 0xb
 2563 013f 39       		.uleb128 0x39
 2564 0140 21       		.uleb128 0x21
 2565 0141 0D       		.sleb128 13
ARM GAS  /tmp/ccwUBPHV.s 			page 46


 2566 0142 49       		.uleb128 0x49
 2567 0143 13       		.uleb128 0x13
 2568 0144 02       		.uleb128 0x2
 2569 0145 17       		.uleb128 0x17
 2570 0146 B742     		.uleb128 0x2137
 2571 0148 17       		.uleb128 0x17
 2572 0149 00       		.byte	0
 2573 014a 00       		.byte	0
 2574 014b 17       		.uleb128 0x17
 2575 014c 35       		.uleb128 0x35
 2576 014d 00       		.byte	0
 2577 014e 49       		.uleb128 0x49
 2578 014f 13       		.uleb128 0x13
 2579 0150 00       		.byte	0
 2580 0151 00       		.byte	0
 2581 0152 18       		.uleb128 0x18
 2582 0153 0D       		.uleb128 0xd
 2583 0154 00       		.byte	0
 2584 0155 03       		.uleb128 0x3
 2585 0156 08       		.uleb128 0x8
 2586 0157 3A       		.uleb128 0x3a
 2587 0158 0B       		.uleb128 0xb
 2588 0159 3B       		.uleb128 0x3b
 2589 015a 0B       		.uleb128 0xb
 2590 015b 39       		.uleb128 0x39
 2591 015c 0B       		.uleb128 0xb
 2592 015d 49       		.uleb128 0x49
 2593 015e 13       		.uleb128 0x13
 2594 015f 38       		.uleb128 0x38
 2595 0160 0B       		.uleb128 0xb
 2596 0161 00       		.byte	0
 2597 0162 00       		.byte	0
 2598 0163 19       		.uleb128 0x19
 2599 0164 0D       		.uleb128 0xd
 2600 0165 00       		.byte	0
 2601 0166 03       		.uleb128 0x3
 2602 0167 0E       		.uleb128 0xe
 2603 0168 3A       		.uleb128 0x3a
 2604 0169 21       		.uleb128 0x21
 2605 016a 0B       		.sleb128 11
 2606 016b 3B       		.uleb128 0x3b
 2607 016c 0B       		.uleb128 0xb
 2608 016d 39       		.uleb128 0x39
 2609 016e 21       		.uleb128 0x21
 2610 016f 21       		.sleb128 33
 2611 0170 49       		.uleb128 0x49
 2612 0171 13       		.uleb128 0x13
 2613 0172 00       		.byte	0
 2614 0173 00       		.byte	0
 2615 0174 1A       		.uleb128 0x1a
 2616 0175 1D       		.uleb128 0x1d
 2617 0176 00       		.byte	0
 2618 0177 31       		.uleb128 0x31
 2619 0178 13       		.uleb128 0x13
 2620 0179 52       		.uleb128 0x52
 2621 017a 01       		.uleb128 0x1
 2622 017b B842     		.uleb128 0x2138
ARM GAS  /tmp/ccwUBPHV.s 			page 47


 2623 017d 0B       		.uleb128 0xb
 2624 017e 11       		.uleb128 0x11
 2625 017f 01       		.uleb128 0x1
 2626 0180 12       		.uleb128 0x12
 2627 0181 06       		.uleb128 0x6
 2628 0182 58       		.uleb128 0x58
 2629 0183 21       		.uleb128 0x21
 2630 0184 03       		.sleb128 3
 2631 0185 59       		.uleb128 0x59
 2632 0186 05       		.uleb128 0x5
 2633 0187 57       		.uleb128 0x57
 2634 0188 21       		.uleb128 0x21
 2635 0189 03       		.sleb128 3
 2636 018a 00       		.byte	0
 2637 018b 00       		.byte	0
 2638 018c 1B       		.uleb128 0x1b
 2639 018d 0B       		.uleb128 0xb
 2640 018e 01       		.byte	0x1
 2641 018f 55       		.uleb128 0x55
 2642 0190 17       		.uleb128 0x17
 2643 0191 00       		.byte	0
 2644 0192 00       		.byte	0
 2645 0193 1C       		.uleb128 0x1c
 2646 0194 34       		.uleb128 0x34
 2647 0195 00       		.byte	0
 2648 0196 31       		.uleb128 0x31
 2649 0197 13       		.uleb128 0x13
 2650 0198 02       		.uleb128 0x2
 2651 0199 17       		.uleb128 0x17
 2652 019a B742     		.uleb128 0x2137
 2653 019c 17       		.uleb128 0x17
 2654 019d 00       		.byte	0
 2655 019e 00       		.byte	0
 2656 019f 1D       		.uleb128 0x1d
 2657 01a0 1D       		.uleb128 0x1d
 2658 01a1 00       		.byte	0
 2659 01a2 31       		.uleb128 0x31
 2660 01a3 13       		.uleb128 0x13
 2661 01a4 52       		.uleb128 0x52
 2662 01a5 01       		.uleb128 0x1
 2663 01a6 B842     		.uleb128 0x2138
 2664 01a8 0B       		.uleb128 0xb
 2665 01a9 55       		.uleb128 0x55
 2666 01aa 17       		.uleb128 0x17
 2667 01ab 58       		.uleb128 0x58
 2668 01ac 21       		.uleb128 0x21
 2669 01ad 01       		.sleb128 1
 2670 01ae 59       		.uleb128 0x59
 2671 01af 0B       		.uleb128 0xb
 2672 01b0 57       		.uleb128 0x57
 2673 01b1 21       		.uleb128 0x21
 2674 01b2 16       		.sleb128 22
 2675 01b3 00       		.byte	0
 2676 01b4 00       		.byte	0
 2677 01b5 1E       		.uleb128 0x1e
 2678 01b6 05       		.uleb128 0x5
 2679 01b7 00       		.byte	0
ARM GAS  /tmp/ccwUBPHV.s 			page 48


 2680 01b8 03       		.uleb128 0x3
 2681 01b9 08       		.uleb128 0x8
 2682 01ba 3A       		.uleb128 0x3a
 2683 01bb 21       		.uleb128 0x21
 2684 01bc 06       		.sleb128 6
 2685 01bd 3B       		.uleb128 0x3b
 2686 01be 0B       		.uleb128 0xb
 2687 01bf 39       		.uleb128 0x39
 2688 01c0 0B       		.uleb128 0xb
 2689 01c1 49       		.uleb128 0x49
 2690 01c2 13       		.uleb128 0x13
 2691 01c3 00       		.byte	0
 2692 01c4 00       		.byte	0
 2693 01c5 1F       		.uleb128 0x1f
 2694 01c6 2E       		.uleb128 0x2e
 2695 01c7 00       		.byte	0
 2696 01c8 03       		.uleb128 0x3
 2697 01c9 0E       		.uleb128 0xe
 2698 01ca 3A       		.uleb128 0x3a
 2699 01cb 0B       		.uleb128 0xb
 2700 01cc 3B       		.uleb128 0x3b
 2701 01cd 05       		.uleb128 0x5
 2702 01ce 39       		.uleb128 0x39
 2703 01cf 21       		.uleb128 0x21
 2704 01d0 14       		.sleb128 20
 2705 01d1 27       		.uleb128 0x27
 2706 01d2 19       		.uleb128 0x19
 2707 01d3 20       		.uleb128 0x20
 2708 01d4 21       		.uleb128 0x21
 2709 01d5 03       		.sleb128 3
 2710 01d6 00       		.byte	0
 2711 01d7 00       		.byte	0
 2712 01d8 20       		.uleb128 0x20
 2713 01d9 05       		.uleb128 0x5
 2714 01da 00       		.byte	0
 2715 01db 03       		.uleb128 0x3
 2716 01dc 08       		.uleb128 0x8
 2717 01dd 3A       		.uleb128 0x3a
 2718 01de 21       		.uleb128 0x21
 2719 01df 05       		.sleb128 5
 2720 01e0 3B       		.uleb128 0x3b
 2721 01e1 05       		.uleb128 0x5
 2722 01e2 39       		.uleb128 0x39
 2723 01e3 0B       		.uleb128 0xb
 2724 01e4 49       		.uleb128 0x49
 2725 01e5 13       		.uleb128 0x13
 2726 01e6 00       		.byte	0
 2727 01e7 00       		.byte	0
 2728 01e8 21       		.uleb128 0x21
 2729 01e9 17       		.uleb128 0x17
 2730 01ea 01       		.byte	0x1
 2731 01eb 0B       		.uleb128 0xb
 2732 01ec 0B       		.uleb128 0xb
 2733 01ed 3A       		.uleb128 0x3a
 2734 01ee 21       		.uleb128 0x21
 2735 01ef 0B       		.sleb128 11
 2736 01f0 3B       		.uleb128 0x3b
ARM GAS  /tmp/ccwUBPHV.s 			page 49


 2737 01f1 0B       		.uleb128 0xb
 2738 01f2 39       		.uleb128 0x39
 2739 01f3 21       		.uleb128 0x21
 2740 01f4 03       		.sleb128 3
 2741 01f5 01       		.uleb128 0x1
 2742 01f6 13       		.uleb128 0x13
 2743 01f7 00       		.byte	0
 2744 01f8 00       		.byte	0
 2745 01f9 22       		.uleb128 0x22
 2746 01fa 16       		.uleb128 0x16
 2747 01fb 00       		.byte	0
 2748 01fc 03       		.uleb128 0x3
 2749 01fd 0E       		.uleb128 0xe
 2750 01fe 3A       		.uleb128 0x3a
 2751 01ff 21       		.uleb128 0x21
 2752 0200 0B       		.sleb128 11
 2753 0201 3B       		.uleb128 0x3b
 2754 0202 05       		.uleb128 0x5
 2755 0203 39       		.uleb128 0x39
 2756 0204 21       		.uleb128 0x21
 2757 0205 03       		.sleb128 3
 2758 0206 49       		.uleb128 0x49
 2759 0207 13       		.uleb128 0x13
 2760 0208 00       		.byte	0
 2761 0209 00       		.byte	0
 2762 020a 23       		.uleb128 0x23
 2763 020b 2E       		.uleb128 0x2e
 2764 020c 01       		.byte	0x1
 2765 020d 3F       		.uleb128 0x3f
 2766 020e 19       		.uleb128 0x19
 2767 020f 03       		.uleb128 0x3
 2768 0210 0E       		.uleb128 0xe
 2769 0211 3A       		.uleb128 0x3a
 2770 0212 21       		.uleb128 0x21
 2771 0213 11       		.sleb128 17
 2772 0214 3B       		.uleb128 0x3b
 2773 0215 0B       		.uleb128 0xb
 2774 0216 39       		.uleb128 0x39
 2775 0217 21       		.uleb128 0x21
 2776 0218 08       		.sleb128 8
 2777 0219 27       		.uleb128 0x27
 2778 021a 19       		.uleb128 0x19
 2779 021b 3C       		.uleb128 0x3c
 2780 021c 19       		.uleb128 0x19
 2781 021d 01       		.uleb128 0x1
 2782 021e 13       		.uleb128 0x13
 2783 021f 00       		.byte	0
 2784 0220 00       		.byte	0
 2785 0221 24       		.uleb128 0x24
 2786 0222 2E       		.uleb128 0x2e
 2787 0223 01       		.byte	0x1
 2788 0224 3F       		.uleb128 0x3f
 2789 0225 19       		.uleb128 0x19
 2790 0226 03       		.uleb128 0x3
 2791 0227 0E       		.uleb128 0xe
 2792 0228 3A       		.uleb128 0x3a
 2793 0229 21       		.uleb128 0x21
ARM GAS  /tmp/ccwUBPHV.s 			page 50


 2794 022a 11       		.sleb128 17
 2795 022b 3B       		.uleb128 0x3b
 2796 022c 0B       		.uleb128 0xb
 2797 022d 39       		.uleb128 0x39
 2798 022e 0B       		.uleb128 0xb
 2799 022f 27       		.uleb128 0x27
 2800 0230 19       		.uleb128 0x19
 2801 0231 49       		.uleb128 0x49
 2802 0232 13       		.uleb128 0x13
 2803 0233 3C       		.uleb128 0x3c
 2804 0234 19       		.uleb128 0x19
 2805 0235 01       		.uleb128 0x1
 2806 0236 13       		.uleb128 0x13
 2807 0237 00       		.byte	0
 2808 0238 00       		.byte	0
 2809 0239 25       		.uleb128 0x25
 2810 023a 34       		.uleb128 0x34
 2811 023b 00       		.byte	0
 2812 023c 03       		.uleb128 0x3
 2813 023d 08       		.uleb128 0x8
 2814 023e 3A       		.uleb128 0x3a
 2815 023f 21       		.uleb128 0x21
 2816 0240 01       		.sleb128 1
 2817 0241 3B       		.uleb128 0x3b
 2818 0242 0B       		.uleb128 0xb
 2819 0243 39       		.uleb128 0x39
 2820 0244 21       		.uleb128 0x21
 2821 0245 0D       		.sleb128 13
 2822 0246 49       		.uleb128 0x49
 2823 0247 13       		.uleb128 0x13
 2824 0248 00       		.byte	0
 2825 0249 00       		.byte	0
 2826 024a 26       		.uleb128 0x26
 2827 024b 2E       		.uleb128 0x2e
 2828 024c 01       		.byte	0x1
 2829 024d 03       		.uleb128 0x3
 2830 024e 0E       		.uleb128 0xe
 2831 024f 3A       		.uleb128 0x3a
 2832 0250 0B       		.uleb128 0xb
 2833 0251 3B       		.uleb128 0x3b
 2834 0252 05       		.uleb128 0x5
 2835 0253 39       		.uleb128 0x39
 2836 0254 21       		.uleb128 0x21
 2837 0255 14       		.sleb128 20
 2838 0256 27       		.uleb128 0x27
 2839 0257 19       		.uleb128 0x19
 2840 0258 20       		.uleb128 0x20
 2841 0259 21       		.uleb128 0x21
 2842 025a 03       		.sleb128 3
 2843 025b 01       		.uleb128 0x1
 2844 025c 13       		.uleb128 0x13
 2845 025d 00       		.byte	0
 2846 025e 00       		.byte	0
 2847 025f 27       		.uleb128 0x27
 2848 0260 11       		.uleb128 0x11
 2849 0261 01       		.byte	0x1
 2850 0262 25       		.uleb128 0x25
ARM GAS  /tmp/ccwUBPHV.s 			page 51


 2851 0263 0E       		.uleb128 0xe
 2852 0264 13       		.uleb128 0x13
 2853 0265 0B       		.uleb128 0xb
 2854 0266 03       		.uleb128 0x3
 2855 0267 0E       		.uleb128 0xe
 2856 0268 1B       		.uleb128 0x1b
 2857 0269 0E       		.uleb128 0xe
 2858 026a 55       		.uleb128 0x55
 2859 026b 17       		.uleb128 0x17
 2860 026c 11       		.uleb128 0x11
 2861 026d 01       		.uleb128 0x1
 2862 026e 10       		.uleb128 0x10
 2863 026f 17       		.uleb128 0x17
 2864 0270 00       		.byte	0
 2865 0271 00       		.byte	0
 2866 0272 28       		.uleb128 0x28
 2867 0273 24       		.uleb128 0x24
 2868 0274 00       		.byte	0
 2869 0275 0B       		.uleb128 0xb
 2870 0276 0B       		.uleb128 0xb
 2871 0277 3E       		.uleb128 0x3e
 2872 0278 0B       		.uleb128 0xb
 2873 0279 03       		.uleb128 0x3
 2874 027a 08       		.uleb128 0x8
 2875 027b 00       		.byte	0
 2876 027c 00       		.byte	0
 2877 027d 29       		.uleb128 0x29
 2878 027e 0F       		.uleb128 0xf
 2879 027f 00       		.byte	0
 2880 0280 0B       		.uleb128 0xb
 2881 0281 0B       		.uleb128 0xb
 2882 0282 00       		.byte	0
 2883 0283 00       		.byte	0
 2884 0284 2A       		.uleb128 0x2a
 2885 0285 15       		.uleb128 0x15
 2886 0286 01       		.byte	0x1
 2887 0287 27       		.uleb128 0x27
 2888 0288 19       		.uleb128 0x19
 2889 0289 01       		.uleb128 0x1
 2890 028a 13       		.uleb128 0x13
 2891 028b 00       		.byte	0
 2892 028c 00       		.byte	0
 2893 028d 2B       		.uleb128 0x2b
 2894 028e 34       		.uleb128 0x34
 2895 028f 00       		.byte	0
 2896 0290 03       		.uleb128 0x3
 2897 0291 08       		.uleb128 0x8
 2898 0292 3A       		.uleb128 0x3a
 2899 0293 0B       		.uleb128 0xb
 2900 0294 3B       		.uleb128 0x3b
 2901 0295 05       		.uleb128 0x5
 2902 0296 39       		.uleb128 0x39
 2903 0297 0B       		.uleb128 0xb
 2904 0298 49       		.uleb128 0x49
 2905 0299 13       		.uleb128 0x13
 2906 029a 3F       		.uleb128 0x3f
 2907 029b 19       		.uleb128 0x19
ARM GAS  /tmp/ccwUBPHV.s 			page 52


 2908 029c 3C       		.uleb128 0x3c
 2909 029d 19       		.uleb128 0x19
 2910 029e 00       		.byte	0
 2911 029f 00       		.byte	0
 2912 02a0 2C       		.uleb128 0x2c
 2913 02a1 2E       		.uleb128 0x2e
 2914 02a2 01       		.byte	0x1
 2915 02a3 3F       		.uleb128 0x3f
 2916 02a4 19       		.uleb128 0x19
 2917 02a5 03       		.uleb128 0x3
 2918 02a6 0E       		.uleb128 0xe
 2919 02a7 3A       		.uleb128 0x3a
 2920 02a8 0B       		.uleb128 0xb
 2921 02a9 3B       		.uleb128 0x3b
 2922 02aa 0B       		.uleb128 0xb
 2923 02ab 39       		.uleb128 0x39
 2924 02ac 0B       		.uleb128 0xb
 2925 02ad 27       		.uleb128 0x27
 2926 02ae 19       		.uleb128 0x19
 2927 02af 11       		.uleb128 0x11
 2928 02b0 01       		.uleb128 0x1
 2929 02b1 12       		.uleb128 0x12
 2930 02b2 06       		.uleb128 0x6
 2931 02b3 40       		.uleb128 0x40
 2932 02b4 18       		.uleb128 0x18
 2933 02b5 7A       		.uleb128 0x7a
 2934 02b6 19       		.uleb128 0x19
 2935 02b7 01       		.uleb128 0x1
 2936 02b8 13       		.uleb128 0x13
 2937 02b9 00       		.byte	0
 2938 02ba 00       		.byte	0
 2939 02bb 2D       		.uleb128 0x2d
 2940 02bc 1D       		.uleb128 0x1d
 2941 02bd 00       		.byte	0
 2942 02be 31       		.uleb128 0x31
 2943 02bf 13       		.uleb128 0x13
 2944 02c0 52       		.uleb128 0x52
 2945 02c1 01       		.uleb128 0x1
 2946 02c2 B842     		.uleb128 0x2138
 2947 02c4 0B       		.uleb128 0xb
 2948 02c5 55       		.uleb128 0x55
 2949 02c6 17       		.uleb128 0x17
 2950 02c7 58       		.uleb128 0x58
 2951 02c8 0B       		.uleb128 0xb
 2952 02c9 59       		.uleb128 0x59
 2953 02ca 05       		.uleb128 0x5
 2954 02cb 57       		.uleb128 0x57
 2955 02cc 0B       		.uleb128 0xb
 2956 02cd 00       		.byte	0
 2957 02ce 00       		.byte	0
 2958 02cf 2E       		.uleb128 0x2e
 2959 02d0 1D       		.uleb128 0x1d
 2960 02d1 01       		.byte	0x1
 2961 02d2 31       		.uleb128 0x31
 2962 02d3 13       		.uleb128 0x13
 2963 02d4 52       		.uleb128 0x52
 2964 02d5 01       		.uleb128 0x1
ARM GAS  /tmp/ccwUBPHV.s 			page 53


 2965 02d6 B842     		.uleb128 0x2138
 2966 02d8 0B       		.uleb128 0xb
 2967 02d9 11       		.uleb128 0x11
 2968 02da 01       		.uleb128 0x1
 2969 02db 12       		.uleb128 0x12
 2970 02dc 06       		.uleb128 0x6
 2971 02dd 58       		.uleb128 0x58
 2972 02de 0B       		.uleb128 0xb
 2973 02df 59       		.uleb128 0x59
 2974 02e0 0B       		.uleb128 0xb
 2975 02e1 57       		.uleb128 0x57
 2976 02e2 0B       		.uleb128 0xb
 2977 02e3 00       		.byte	0
 2978 02e4 00       		.byte	0
 2979 02e5 2F       		.uleb128 0x2f
 2980 02e6 34       		.uleb128 0x34
 2981 02e7 00       		.byte	0
 2982 02e8 03       		.uleb128 0x3
 2983 02e9 08       		.uleb128 0x8
 2984 02ea 3A       		.uleb128 0x3a
 2985 02eb 0B       		.uleb128 0xb
 2986 02ec 3B       		.uleb128 0x3b
 2987 02ed 0B       		.uleb128 0xb
 2988 02ee 39       		.uleb128 0x39
 2989 02ef 0B       		.uleb128 0xb
 2990 02f0 49       		.uleb128 0x49
 2991 02f1 13       		.uleb128 0x13
 2992 02f2 02       		.uleb128 0x2
 2993 02f3 17       		.uleb128 0x17
 2994 02f4 B742     		.uleb128 0x2137
 2995 02f6 17       		.uleb128 0x17
 2996 02f7 00       		.byte	0
 2997 02f8 00       		.byte	0
 2998 02f9 30       		.uleb128 0x30
 2999 02fa 1D       		.uleb128 0x1d
 3000 02fb 00       		.byte	0
 3001 02fc 31       		.uleb128 0x31
 3002 02fd 13       		.uleb128 0x13
 3003 02fe 52       		.uleb128 0x52
 3004 02ff 01       		.uleb128 0x1
 3005 0300 B842     		.uleb128 0x2138
 3006 0302 0B       		.uleb128 0xb
 3007 0303 11       		.uleb128 0x11
 3008 0304 01       		.uleb128 0x1
 3009 0305 12       		.uleb128 0x12
 3010 0306 06       		.uleb128 0x6
 3011 0307 58       		.uleb128 0x58
 3012 0308 0B       		.uleb128 0xb
 3013 0309 59       		.uleb128 0x59
 3014 030a 0B       		.uleb128 0xb
 3015 030b 57       		.uleb128 0x57
 3016 030c 0B       		.uleb128 0xb
 3017 030d 00       		.byte	0
 3018 030e 00       		.byte	0
 3019 030f 31       		.uleb128 0x31
 3020 0310 1D       		.uleb128 0x1d
 3021 0311 01       		.byte	0x1
ARM GAS  /tmp/ccwUBPHV.s 			page 54


 3022 0312 31       		.uleb128 0x31
 3023 0313 13       		.uleb128 0x13
 3024 0314 52       		.uleb128 0x52
 3025 0315 01       		.uleb128 0x1
 3026 0316 B842     		.uleb128 0x2138
 3027 0318 0B       		.uleb128 0xb
 3028 0319 55       		.uleb128 0x55
 3029 031a 17       		.uleb128 0x17
 3030 031b 58       		.uleb128 0x58
 3031 031c 0B       		.uleb128 0xb
 3032 031d 59       		.uleb128 0x59
 3033 031e 0B       		.uleb128 0xb
 3034 031f 57       		.uleb128 0x57
 3035 0320 0B       		.uleb128 0xb
 3036 0321 00       		.byte	0
 3037 0322 00       		.byte	0
 3038 0323 32       		.uleb128 0x32
 3039 0324 05       		.uleb128 0x5
 3040 0325 00       		.byte	0
 3041 0326 03       		.uleb128 0x3
 3042 0327 0E       		.uleb128 0xe
 3043 0328 3A       		.uleb128 0x3a
 3044 0329 0B       		.uleb128 0xb
 3045 032a 3B       		.uleb128 0x3b
 3046 032b 0B       		.uleb128 0xb
 3047 032c 39       		.uleb128 0x39
 3048 032d 0B       		.uleb128 0xb
 3049 032e 49       		.uleb128 0x49
 3050 032f 13       		.uleb128 0x13
 3051 0330 02       		.uleb128 0x2
 3052 0331 17       		.uleb128 0x17
 3053 0332 B742     		.uleb128 0x2137
 3054 0334 17       		.uleb128 0x17
 3055 0335 00       		.byte	0
 3056 0336 00       		.byte	0
 3057 0337 33       		.uleb128 0x33
 3058 0338 48       		.uleb128 0x48
 3059 0339 01       		.byte	0x1
 3060 033a 7D       		.uleb128 0x7d
 3061 033b 01       		.uleb128 0x1
 3062 033c 7F       		.uleb128 0x7f
 3063 033d 13       		.uleb128 0x13
 3064 033e 01       		.uleb128 0x1
 3065 033f 13       		.uleb128 0x13
 3066 0340 00       		.byte	0
 3067 0341 00       		.byte	0
 3068 0342 34       		.uleb128 0x34
 3069 0343 2E       		.uleb128 0x2e
 3070 0344 01       		.byte	0x1
 3071 0345 03       		.uleb128 0x3
 3072 0346 0E       		.uleb128 0xe
 3073 0347 3A       		.uleb128 0x3a
 3074 0348 0B       		.uleb128 0xb
 3075 0349 3B       		.uleb128 0x3b
 3076 034a 0B       		.uleb128 0xb
 3077 034b 39       		.uleb128 0x39
 3078 034c 0B       		.uleb128 0xb
ARM GAS  /tmp/ccwUBPHV.s 			page 55


 3079 034d 27       		.uleb128 0x27
 3080 034e 19       		.uleb128 0x19
 3081 034f 20       		.uleb128 0x20
 3082 0350 0B       		.uleb128 0xb
 3083 0351 01       		.uleb128 0x1
 3084 0352 13       		.uleb128 0x13
 3085 0353 00       		.byte	0
 3086 0354 00       		.byte	0
 3087 0355 35       		.uleb128 0x35
 3088 0356 2E       		.uleb128 0x2e
 3089 0357 01       		.byte	0x1
 3090 0358 03       		.uleb128 0x3
 3091 0359 0E       		.uleb128 0xe
 3092 035a 3A       		.uleb128 0x3a
 3093 035b 0B       		.uleb128 0xb
 3094 035c 3B       		.uleb128 0x3b
 3095 035d 0B       		.uleb128 0xb
 3096 035e 39       		.uleb128 0x39
 3097 035f 0B       		.uleb128 0xb
 3098 0360 27       		.uleb128 0x27
 3099 0361 19       		.uleb128 0x19
 3100 0362 49       		.uleb128 0x49
 3101 0363 13       		.uleb128 0x13
 3102 0364 20       		.uleb128 0x20
 3103 0365 0B       		.uleb128 0xb
 3104 0366 01       		.uleb128 0x1
 3105 0367 13       		.uleb128 0x13
 3106 0368 00       		.byte	0
 3107 0369 00       		.byte	0
 3108 036a 36       		.uleb128 0x36
 3109 036b 2E       		.uleb128 0x2e
 3110 036c 00       		.byte	0
 3111 036d 03       		.uleb128 0x3
 3112 036e 0E       		.uleb128 0xe
 3113 036f 3A       		.uleb128 0x3a
 3114 0370 0B       		.uleb128 0xb
 3115 0371 3B       		.uleb128 0x3b
 3116 0372 05       		.uleb128 0x5
 3117 0373 39       		.uleb128 0x39
 3118 0374 0B       		.uleb128 0xb
 3119 0375 27       		.uleb128 0x27
 3120 0376 19       		.uleb128 0x19
 3121 0377 49       		.uleb128 0x49
 3122 0378 13       		.uleb128 0x13
 3123 0379 20       		.uleb128 0x20
 3124 037a 0B       		.uleb128 0xb
 3125 037b 00       		.byte	0
 3126 037c 00       		.byte	0
 3127 037d 37       		.uleb128 0x37
 3128 037e 2E       		.uleb128 0x2e
 3129 037f 01       		.byte	0x1
 3130 0380 03       		.uleb128 0x3
 3131 0381 0E       		.uleb128 0xe
 3132 0382 3A       		.uleb128 0x3a
 3133 0383 0B       		.uleb128 0xb
 3134 0384 3B       		.uleb128 0x3b
 3135 0385 05       		.uleb128 0x5
ARM GAS  /tmp/ccwUBPHV.s 			page 56


 3136 0386 39       		.uleb128 0x39
 3137 0387 0B       		.uleb128 0xb
 3138 0388 27       		.uleb128 0x27
 3139 0389 19       		.uleb128 0x19
 3140 038a 49       		.uleb128 0x49
 3141 038b 13       		.uleb128 0x13
 3142 038c 20       		.uleb128 0x20
 3143 038d 0B       		.uleb128 0xb
 3144 038e 01       		.uleb128 0x1
 3145 038f 13       		.uleb128 0x13
 3146 0390 00       		.byte	0
 3147 0391 00       		.byte	0
 3148 0392 38       		.uleb128 0x38
 3149 0393 34       		.uleb128 0x34
 3150 0394 00       		.byte	0
 3151 0395 03       		.uleb128 0x3
 3152 0396 08       		.uleb128 0x8
 3153 0397 3A       		.uleb128 0x3a
 3154 0398 0B       		.uleb128 0xb
 3155 0399 3B       		.uleb128 0x3b
 3156 039a 05       		.uleb128 0x5
 3157 039b 39       		.uleb128 0x39
 3158 039c 0B       		.uleb128 0xb
 3159 039d 49       		.uleb128 0x49
 3160 039e 13       		.uleb128 0x13
 3161 039f 00       		.byte	0
 3162 03a0 00       		.byte	0
 3163 03a1 00       		.byte	0
 3164              		.section	.debug_loclists,"",%progbits
 3165 0000 ED010000 		.4byte	.Ldebug_loc3-.Ldebug_loc2
 3166              	.Ldebug_loc2:
 3167 0004 0500     		.2byte	0x5
 3168 0006 04       		.byte	0x4
 3169 0007 00       		.byte	0
 3170 0008 00000000 		.4byte	0
 3171              	.Ldebug_loc0:
 3172              	.LVUS27:
 3173 000c 00       		.uleb128 0
 3174 000d 00       		.uleb128 .LVU191
 3175 000e 00       		.uleb128 .LVU191
 3176 000f 00       		.uleb128 0
 3177              	.LLST27:
 3178 0010 06       		.byte	0x6
 3179 0011 00000000 		.4byte	.LVL30
 3180 0015 04       		.byte	0x4
 3181 0016 00       		.uleb128 .LVL30-.LVL30
 3182 0017 0B       		.uleb128 .LVL32-1-.LVL30
 3183 0018 01       		.uleb128 0x1
 3184 0019 50       		.byte	0x50
 3185 001a 04       		.byte	0x4
 3186 001b 0B       		.uleb128 .LVL32-1-.LVL30
 3187 001c 14       		.uleb128 .LFE211-.LVL30
 3188 001d 0A       		.uleb128 0xa
 3189 001e A3       		.byte	0xa3
 3190 001f 03       		.uleb128 0x3
 3191 0020 A5       		.byte	0xa5
 3192 0021 00       		.uleb128 0
ARM GAS  /tmp/ccwUBPHV.s 			page 57


 3193 0022 26       		.uleb128 0x26
 3194 0023 A8       		.byte	0xa8
 3195 0024 2D       		.uleb128 0x2d
 3196 0025 A8       		.byte	0xa8
 3197 0026 00       		.uleb128 0
 3198 0027 9F       		.byte	0x9f
 3199 0028 00       		.byte	0
 3200              	.LVUS28:
 3201 0029 00       		.uleb128 0
 3202 002a 00       		.uleb128 .LVU191
 3203 002b 00       		.uleb128 .LVU191
 3204 002c 00       		.uleb128 0
 3205              	.LLST28:
 3206 002d 06       		.byte	0x6
 3207 002e 00000000 		.4byte	.LVL30
 3208 0032 04       		.byte	0x4
 3209 0033 00       		.uleb128 .LVL30-.LVL30
 3210 0034 0B       		.uleb128 .LVL32-1-.LVL30
 3211 0035 01       		.uleb128 0x1
 3212 0036 51       		.byte	0x51
 3213 0037 04       		.byte	0x4
 3214 0038 0B       		.uleb128 .LVL32-1-.LVL30
 3215 0039 14       		.uleb128 .LFE211-.LVL30
 3216 003a 0A       		.uleb128 0xa
 3217 003b A3       		.byte	0xa3
 3218 003c 03       		.uleb128 0x3
 3219 003d A5       		.byte	0xa5
 3220 003e 01       		.uleb128 0x1
 3221 003f 26       		.uleb128 0x26
 3222 0040 A8       		.byte	0xa8
 3223 0041 2D       		.uleb128 0x2d
 3224 0042 A8       		.byte	0xa8
 3225 0043 00       		.uleb128 0
 3226 0044 9F       		.byte	0x9f
 3227 0045 00       		.byte	0
 3228              	.LVUS30:
 3229 0046 06       		.uleb128 .LVU188
 3230 0047 00       		.uleb128 .LVU191
 3231 0048 00       		.uleb128 .LVU191
 3232 0049 00       		.uleb128 .LVU191
 3233              	.LLST30:
 3234 004a 06       		.byte	0x6
 3235 004b 08000000 		.4byte	.LVL31
 3236 004f 04       		.byte	0x4
 3237 0050 00       		.uleb128 .LVL31-.LVL31
 3238 0051 03       		.uleb128 .LVL32-1-.LVL31
 3239 0052 01       		.uleb128 0x1
 3240 0053 51       		.byte	0x51
 3241 0054 04       		.byte	0x4
 3242 0055 03       		.uleb128 .LVL32-1-.LVL31
 3243 0056 04       		.uleb128 .LVL32-.LVL31
 3244 0057 0A       		.uleb128 0xa
 3245 0058 A3       		.byte	0xa3
 3246 0059 03       		.uleb128 0x3
 3247 005a A5       		.byte	0xa5
 3248 005b 01       		.uleb128 0x1
 3249 005c 26       		.uleb128 0x26
ARM GAS  /tmp/ccwUBPHV.s 			page 58


 3250 005d A8       		.byte	0xa8
 3251 005e 2D       		.uleb128 0x2d
 3252 005f A8       		.byte	0xa8
 3253 0060 00       		.uleb128 0
 3254 0061 9F       		.byte	0x9f
 3255 0062 00       		.byte	0
 3256              	.LVUS31:
 3257 0063 06       		.uleb128 .LVU188
 3258 0064 00       		.uleb128 .LVU191
 3259 0065 00       		.uleb128 .LVU191
 3260 0066 00       		.uleb128 .LVU191
 3261              	.LLST31:
 3262 0067 06       		.byte	0x6
 3263 0068 08000000 		.4byte	.LVL31
 3264 006c 04       		.byte	0x4
 3265 006d 00       		.uleb128 .LVL31-.LVL31
 3266 006e 03       		.uleb128 .LVL32-1-.LVL31
 3267 006f 01       		.uleb128 0x1
 3268 0070 50       		.byte	0x50
 3269 0071 04       		.byte	0x4
 3270 0072 03       		.uleb128 .LVL32-1-.LVL31
 3271 0073 04       		.uleb128 .LVL32-.LVL31
 3272 0074 0A       		.uleb128 0xa
 3273 0075 A3       		.byte	0xa3
 3274 0076 03       		.uleb128 0x3
 3275 0077 A5       		.byte	0xa5
 3276 0078 00       		.uleb128 0
 3277 0079 26       		.uleb128 0x26
 3278 007a A8       		.byte	0xa8
 3279 007b 2D       		.uleb128 0x2d
 3280 007c A8       		.byte	0xa8
 3281 007d 00       		.uleb128 0
 3282 007e 9F       		.byte	0x9f
 3283 007f 00       		.byte	0
 3284              	.LVUS21:
 3285 0080 00       		.uleb128 .LVU146
 3286 0081 00       		.uleb128 0
 3287              	.LLST21:
 3288 0082 08       		.byte	0x8
 3289 0083 0C000000 		.4byte	.LVL24
 3290 0087 28       		.uleb128 .LFE210-.LVL24
 3291 0088 01       		.uleb128 0x1
 3292 0089 52       		.byte	0x52
 3293 008a 00       		.byte	0
 3294              	.LVUS22:
 3295 008b 02       		.uleb128 .LVU148
 3296 008c 01       		.uleb128 .LVU169
 3297 008d 03       		.uleb128 .LVU171
 3298 008e 00       		.uleb128 0
 3299              	.LLST22:
 3300 008f 06       		.byte	0x6
 3301 0090 0C000000 		.4byte	.LVL24
 3302 0094 04       		.byte	0x4
 3303 0095 00       		.uleb128 .LVL24-.LVL24
 3304 0096 20       		.uleb128 .LVL29-.LVL24
 3305 0097 02       		.uleb128 0x2
 3306 0098 30       		.byte	0x30
ARM GAS  /tmp/ccwUBPHV.s 			page 59


 3307 0099 9F       		.byte	0x9f
 3308 009a 04       		.byte	0x4
 3309 009b 20       		.uleb128 .LVL29-.LVL24
 3310 009c 28       		.uleb128 .LFE210-.LVL24
 3311 009d 02       		.uleb128 0x2
 3312 009e 30       		.byte	0x30
 3313 009f 9F       		.byte	0x9f
 3314 00a0 00       		.byte	0
 3315              	.LVUS23:
 3316 00a1 03       		.uleb128 .LVU149
 3317 00a2 00       		.uleb128 .LVU153
 3318              	.LLST23:
 3319 00a3 08       		.byte	0x8
 3320 00a4 0C000000 		.4byte	.LVL24
 3321 00a8 08       		.uleb128 .LVL25-.LVL24
 3322 00a9 01       		.uleb128 0x1
 3323 00aa 52       		.byte	0x52
 3324 00ab 00       		.byte	0
 3325              	.LVUS25:
 3326 00ac 01       		.uleb128 .LVU156
 3327 00ad 01       		.uleb128 .LVU169
 3328              	.LLST25:
 3329 00ae 08       		.byte	0x8
 3330 00af 18000000 		.4byte	.LVL26
 3331 00b3 14       		.uleb128 .LVL29-.LVL26
 3332 00b4 01       		.uleb128 0x1
 3333 00b5 53       		.byte	0x53
 3334 00b6 00       		.byte	0
 3335              	.LVUS26:
 3336 00b7 06       		.uleb128 .LVU161
 3337 00b8 00       		.uleb128 .LVU165
 3338 00b9 00       		.uleb128 .LVU165
 3339 00ba 00       		.uleb128 .LVU166
 3340              	.LLST26:
 3341 00bb 06       		.byte	0x6
 3342 00bc 18000000 		.4byte	.LVL26
 3343 00c0 04       		.byte	0x4
 3344 00c1 00       		.uleb128 .LVL26-.LVL26
 3345 00c2 0C       		.uleb128 .LVL27-.LVL26
 3346 00c3 01       		.uleb128 0x1
 3347 00c4 50       		.byte	0x50
 3348 00c5 04       		.byte	0x4
 3349 00c6 0C       		.uleb128 .LVL27-.LVL26
 3350 00c7 10       		.uleb128 .LVL28-.LVL26
 3351 00c8 02       		.uleb128 0x2
 3352 00c9 73       		.byte	0x73
 3353 00ca 00       		.sleb128 0
 3354 00cb 00       		.byte	0
 3355              	.LVUS13:
 3356 00cc 00       		.uleb128 0
 3357 00cd 00       		.uleb128 .LVU114
 3358 00ce 00       		.uleb128 .LVU114
 3359 00cf 00       		.uleb128 .LVU116
 3360 00d0 00       		.uleb128 .LVU116
 3361 00d1 00       		.uleb128 .LVU134
 3362 00d2 00       		.uleb128 .LVU134
 3363 00d3 00       		.uleb128 .LVU136
ARM GAS  /tmp/ccwUBPHV.s 			page 60


 3364 00d4 00       		.uleb128 .LVU136
 3365 00d5 00       		.uleb128 0
 3366              	.LLST13:
 3367 00d6 06       		.byte	0x6
 3368 00d7 00000000 		.4byte	.LVL16
 3369 00db 04       		.byte	0x4
 3370 00dc 00       		.uleb128 .LVL16-.LVL16
 3371 00dd 1C       		.uleb128 .LVL18-.LVL16
 3372 00de 01       		.uleb128 0x1
 3373 00df 50       		.byte	0x50
 3374 00e0 04       		.byte	0x4
 3375 00e1 1C       		.uleb128 .LVL18-.LVL16
 3376 00e2 24       		.uleb128 .LVL19-.LVL16
 3377 00e3 01       		.uleb128 0x1
 3378 00e4 51       		.byte	0x51
 3379 00e5 04       		.byte	0x4
 3380 00e6 24       		.uleb128 .LVL19-.LVL16
 3381 00e7 3C       		.uleb128 .LVL22-.LVL16
 3382 00e8 0A       		.uleb128 0xa
 3383 00e9 A3       		.byte	0xa3
 3384 00ea 03       		.uleb128 0x3
 3385 00eb A5       		.byte	0xa5
 3386 00ec 00       		.uleb128 0
 3387 00ed 26       		.uleb128 0x26
 3388 00ee A8       		.byte	0xa8
 3389 00ef 2D       		.uleb128 0x2d
 3390 00f0 A8       		.byte	0xa8
 3391 00f1 00       		.uleb128 0
 3392 00f2 9F       		.byte	0x9f
 3393 00f3 04       		.byte	0x4
 3394 00f4 3C       		.uleb128 .LVL22-.LVL16
 3395 00f5 43       		.uleb128 .LVL23-1-.LVL16
 3396 00f6 01       		.uleb128 0x1
 3397 00f7 51       		.byte	0x51
 3398 00f8 04       		.byte	0x4
 3399 00f9 43       		.uleb128 .LVL23-1-.LVL16
 3400 00fa 58       		.uleb128 .LFE209-.LVL16
 3401 00fb 0A       		.uleb128 0xa
 3402 00fc A3       		.byte	0xa3
 3403 00fd 03       		.uleb128 0x3
 3404 00fe A5       		.byte	0xa5
 3405 00ff 00       		.uleb128 0
 3406 0100 26       		.uleb128 0x26
 3407 0101 A8       		.byte	0xa8
 3408 0102 2D       		.uleb128 0x2d
 3409 0103 A8       		.byte	0xa8
 3410 0104 00       		.uleb128 0
 3411 0105 9F       		.byte	0x9f
 3412 0106 00       		.byte	0
 3413              	.LVUS14:
 3414 0107 00       		.uleb128 .LVU102
 3415 0108 00       		.uleb128 0
 3416              	.LLST14:
 3417 0109 08       		.byte	0x8
 3418 010a 10000000 		.4byte	.LVL17
 3419 010e 48       		.uleb128 .LFE209-.LVL17
 3420 010f 01       		.uleb128 0x1
ARM GAS  /tmp/ccwUBPHV.s 			page 61


 3421 0110 55       		.byte	0x55
 3422 0111 00       		.byte	0
 3423              	.LVUS17:
 3424 0112 07       		.uleb128 .LVU109
 3425 0113 00       		.uleb128 .LVU114
 3426              	.LLST17:
 3427 0114 08       		.byte	0x8
 3428 0115 10000000 		.4byte	.LVL17
 3429 0119 0C       		.uleb128 .LVL18-.LVL17
 3430 011a 01       		.uleb128 0x1
 3431 011b 55       		.byte	0x55
 3432 011c 00       		.byte	0
 3433              	.LVUS19:
 3434 011d 01       		.uleb128 .LVU117
 3435 011e 01       		.uleb128 .LVU129
 3436              	.LLST19:
 3437 011f 08       		.byte	0x8
 3438 0120 24000000 		.4byte	.LVL19
 3439 0124 10       		.uleb128 .LVL21-.LVL19
 3440 0125 01       		.uleb128 0x1
 3441 0126 54       		.byte	0x54
 3442 0127 00       		.byte	0
 3443              	.LVUS20:
 3444 0128 06       		.uleb128 .LVU122
 3445 0129 00       		.uleb128 .LVU126
 3446              	.LLST20:
 3447 012a 08       		.byte	0x8
 3448 012b 24000000 		.4byte	.LVL19
 3449 012f 0C       		.uleb128 .LVL20-.LVL19
 3450 0130 02       		.uleb128 0x2
 3451 0131 75       		.byte	0x75
 3452 0132 3C       		.sleb128 60
 3453 0133 00       		.byte	0
 3454              	.LVUS7:
 3455 0134 00       		.uleb128 .LVU65
 3456 0135 00       		.uleb128 0
 3457              	.LLST7:
 3458 0136 08       		.byte	0x8
 3459 0137 10000000 		.4byte	.LVL9
 3460 013b 38       		.uleb128 .LFE208-.LVL9
 3461 013c 01       		.uleb128 0x1
 3462 013d 55       		.byte	0x55
 3463 013e 00       		.byte	0
 3464              	.LVUS9:
 3465 013f 04       		.uleb128 .LVU69
 3466 0140 00       		.uleb128 .LVU73
 3467              	.LLST9:
 3468 0141 08       		.byte	0x8
 3469 0142 10000000 		.4byte	.LVL9
 3470 0146 08       		.uleb128 .LVL10-.LVL9
 3471 0147 01       		.uleb128 0x1
 3472 0148 55       		.byte	0x55
 3473 0149 00       		.byte	0
 3474              	.LVUS11:
 3475 014a 01       		.uleb128 .LVU76
 3476 014b 01       		.uleb128 .LVU88
 3477              	.LLST11:
ARM GAS  /tmp/ccwUBPHV.s 			page 62


 3478 014c 08       		.byte	0x8
 3479 014d 20000000 		.4byte	.LVL11
 3480 0151 10       		.uleb128 .LVL13-.LVL11
 3481 0152 01       		.uleb128 0x1
 3482 0153 54       		.byte	0x54
 3483 0154 00       		.byte	0
 3484              	.LVUS12:
 3485 0155 06       		.uleb128 .LVU81
 3486 0156 00       		.uleb128 .LVU85
 3487              	.LLST12:
 3488 0157 08       		.byte	0x8
 3489 0158 20000000 		.4byte	.LVL11
 3490 015c 0C       		.uleb128 .LVL12-.LVL11
 3491 015d 02       		.uleb128 0x2
 3492 015e 75       		.byte	0x75
 3493 015f 3C       		.sleb128 60
 3494 0160 00       		.byte	0
 3495              	.LVUS0:
 3496 0161 00       		.uleb128 0
 3497 0162 00       		.uleb128 .LVU38
 3498 0163 00       		.uleb128 .LVU38
 3499 0164 00       		.uleb128 .LVU53
 3500 0165 00       		.uleb128 .LVU53
 3501 0166 00       		.uleb128 .LVU57
 3502 0167 00       		.uleb128 .LVU57
 3503 0168 00       		.uleb128 0
 3504              	.LLST0:
 3505 0169 06       		.byte	0x6
 3506 016a 00000000 		.4byte	.LVL0
 3507 016e 04       		.byte	0x4
 3508 016f 00       		.uleb128 .LVL0-.LVL0
 3509 0170 40       		.uleb128 .LVL4-.LVL0
 3510 0171 01       		.uleb128 0x1
 3511 0172 50       		.byte	0x50
 3512 0173 04       		.byte	0x4
 3513 0174 40       		.uleb128 .LVL4-.LVL0
 3514 0175 54       		.uleb128 .LVL7-.LVL0
 3515 0176 0A       		.uleb128 0xa
 3516 0177 A3       		.byte	0xa3
 3517 0178 03       		.uleb128 0x3
 3518 0179 A5       		.byte	0xa5
 3519 017a 00       		.uleb128 0
 3520 017b 26       		.uleb128 0x26
 3521 017c A8       		.byte	0xa8
 3522 017d 2D       		.uleb128 0x2d
 3523 017e A8       		.byte	0xa8
 3524 017f 00       		.uleb128 0
 3525 0180 9F       		.byte	0x9f
 3526 0181 04       		.byte	0x4
 3527 0182 54       		.uleb128 .LVL7-.LVL0
 3528 0183 5F       		.uleb128 .LVL8-1-.LVL0
 3529 0184 01       		.uleb128 0x1
 3530 0185 50       		.byte	0x50
 3531 0186 04       		.byte	0x4
 3532 0187 5F       		.uleb128 .LVL8-1-.LVL0
 3533 0188 64       		.uleb128 .LFE207-.LVL0
 3534 0189 0A       		.uleb128 0xa
ARM GAS  /tmp/ccwUBPHV.s 			page 63


 3535 018a A3       		.byte	0xa3
 3536 018b 03       		.uleb128 0x3
 3537 018c A5       		.byte	0xa5
 3538 018d 00       		.uleb128 0
 3539 018e 26       		.uleb128 0x26
 3540 018f A8       		.byte	0xa8
 3541 0190 2D       		.uleb128 0x2d
 3542 0191 A8       		.byte	0xa8
 3543 0192 00       		.uleb128 0
 3544 0193 9F       		.byte	0x9f
 3545 0194 00       		.byte	0
 3546              	.LVUS1:
 3547 0195 00       		.uleb128 0
 3548 0196 00       		.uleb128 .LVU38
 3549 0197 00       		.uleb128 .LVU38
 3550 0198 00       		.uleb128 .LVU41
 3551 0199 00       		.uleb128 .LVU41
 3552 019a 00       		.uleb128 .LVU53
 3553 019b 00       		.uleb128 .LVU53
 3554 019c 00       		.uleb128 .LVU57
 3555 019d 00       		.uleb128 .LVU57
 3556 019e 00       		.uleb128 0
 3557              	.LLST1:
 3558 019f 06       		.byte	0x6
 3559 01a0 00000000 		.4byte	.LVL0
 3560 01a4 04       		.byte	0x4
 3561 01a5 00       		.uleb128 .LVL0-.LVL0
 3562 01a6 40       		.uleb128 .LVL4-.LVL0
 3563 01a7 01       		.uleb128 0x1
 3564 01a8 51       		.byte	0x51
 3565 01a9 04       		.byte	0x4
 3566 01aa 40       		.uleb128 .LVL4-.LVL0
 3567 01ab 4C       		.uleb128 .LVL6-.LVL0
 3568 01ac 0A       		.uleb128 0xa
 3569 01ad A3       		.byte	0xa3
 3570 01ae 03       		.uleb128 0x3
 3571 01af A5       		.byte	0xa5
 3572 01b0 01       		.uleb128 0x1
 3573 01b1 26       		.uleb128 0x26
 3574 01b2 A8       		.byte	0xa8
 3575 01b3 2D       		.uleb128 0x2d
 3576 01b4 A8       		.byte	0xa8
 3577 01b5 00       		.uleb128 0
 3578 01b6 9F       		.byte	0x9f
 3579 01b7 04       		.byte	0x4
 3580 01b8 4C       		.uleb128 .LVL6-.LVL0
 3581 01b9 54       		.uleb128 .LVL7-.LVL0
 3582 01ba 01       		.uleb128 0x1
 3583 01bb 50       		.byte	0x50
 3584 01bc 04       		.byte	0x4
 3585 01bd 54       		.uleb128 .LVL7-.LVL0
 3586 01be 5F       		.uleb128 .LVL8-1-.LVL0
 3587 01bf 01       		.uleb128 0x1
 3588 01c0 51       		.byte	0x51
 3589 01c1 04       		.byte	0x4
 3590 01c2 5F       		.uleb128 .LVL8-1-.LVL0
 3591 01c3 64       		.uleb128 .LFE207-.LVL0
ARM GAS  /tmp/ccwUBPHV.s 			page 64


 3592 01c4 0A       		.uleb128 0xa
 3593 01c5 A3       		.byte	0xa3
 3594 01c6 03       		.uleb128 0x3
 3595 01c7 A5       		.byte	0xa5
 3596 01c8 01       		.uleb128 0x1
 3597 01c9 26       		.uleb128 0x26
 3598 01ca A8       		.byte	0xa8
 3599 01cb 2D       		.uleb128 0x2d
 3600 01cc A8       		.byte	0xa8
 3601 01cd 00       		.uleb128 0
 3602 01ce 9F       		.byte	0x9f
 3603 01cf 00       		.byte	0
 3604              	.LVUS2:
 3605 01d0 00       		.uleb128 .LVU7
 3606 01d1 00       		.uleb128 0
 3607              	.LLST2:
 3608 01d2 08       		.byte	0x8
 3609 01d3 10000000 		.4byte	.LVL1
 3610 01d7 54       		.uleb128 .LFE207-.LVL1
 3611 01d8 01       		.uleb128 0x1
 3612 01d9 54       		.byte	0x54
 3613 01da 00       		.byte	0
 3614              	.LVUS5:
 3615 01db 01       		.uleb128 .LVU25
 3616 01dc 00       		.uleb128 .LVU35
 3617              	.LLST5:
 3618 01dd 08       		.byte	0x8
 3619 01de 24000000 		.4byte	.LVL2
 3620 01e2 14       		.uleb128 .LVL3-.LVL2
 3621 01e3 01       		.uleb128 0x1
 3622 01e4 54       		.byte	0x54
 3623 01e5 00       		.byte	0
 3624              	.LVUS6:
 3625 01e6 01       		.uleb128 .LVU25
 3626 01e7 00       		.uleb128 .LVU35
 3627              	.LLST6:
 3628 01e8 08       		.byte	0x8
 3629 01e9 24000000 		.4byte	.LVL2
 3630 01ed 14       		.uleb128 .LVL3-.LVL2
 3631 01ee 01       		.uleb128 0x1
 3632 01ef 5C       		.byte	0x5c
 3633 01f0 00       		.byte	0
 3634              	.Ldebug_loc3:
 3635              		.section	.debug_aranges,"",%progbits
 3636 0000 3C000000 		.4byte	0x3c
 3637 0004 0200     		.2byte	0x2
 3638 0006 00000000 		.4byte	.Ldebug_info0
 3639 000a 04       		.byte	0x4
 3640 000b 00       		.byte	0
 3641 000c 0000     		.2byte	0
 3642 000e 0000     		.2byte	0
 3643 0010 00000000 		.4byte	.LFB207
 3644 0014 64000000 		.4byte	.LFE207-.LFB207
 3645 0018 00000000 		.4byte	.LFB208
 3646 001c 48000000 		.4byte	.LFE208-.LFB208
 3647 0020 00000000 		.4byte	.LFB209
 3648 0024 58000000 		.4byte	.LFE209-.LFB209
ARM GAS  /tmp/ccwUBPHV.s 			page 65


 3649 0028 00000000 		.4byte	.LFB210
 3650 002c 34000000 		.4byte	.LFE210-.LFB210
 3651 0030 00000000 		.4byte	.LFB211
 3652 0034 14000000 		.4byte	.LFE211-.LFB211
 3653 0038 00000000 		.4byte	0
 3654 003c 00000000 		.4byte	0
 3655              		.section	.debug_rnglists,"",%progbits
 3656              	.Ldebug_ranges0:
 3657 0000 9F000000 		.4byte	.Ldebug_ranges3-.Ldebug_ranges2
 3658              	.Ldebug_ranges2:
 3659 0004 0500     		.2byte	0x5
 3660 0006 04       		.byte	0x4
 3661 0007 00       		.byte	0
 3662 0008 00000000 		.4byte	0
 3663              	.LLRL3:
 3664 000c 05       		.byte	0x5
 3665 000d 00000000 		.4byte	.LBB46
 3666 0011 04       		.byte	0x4
 3667 0012 00       		.uleb128 .LBB46-.LBB46
 3668 0013 08       		.uleb128 .LBE46-.LBB46
 3669 0014 04       		.byte	0x4
 3670 0015 0C       		.uleb128 .LBB49-.LBB46
 3671 0016 10       		.uleb128 .LBE49-.LBB46
 3672 0017 00       		.byte	0
 3673              	.LLRL4:
 3674 0018 05       		.byte	0x5
 3675 0019 14000000 		.4byte	.LBB53
 3676 001d 04       		.byte	0x4
 3677 001e 00       		.uleb128 .LBB53-.LBB53
 3678 001f 04       		.uleb128 .LBE53-.LBB53
 3679 0020 04       		.byte	0x4
 3680 0021 10       		.uleb128 .LBB57-.LBB53
 3681 0022 1C       		.uleb128 .LBE57-.LBB53
 3682 0023 04       		.byte	0x4
 3683 0024 20       		.uleb128 .LBB58-.LBB53
 3684 0025 24       		.uleb128 .LBE58-.LBB53
 3685 0026 00       		.byte	0
 3686              	.LLRL8:
 3687 0027 05       		.byte	0x5
 3688 0028 00000000 		.4byte	.LBB63
 3689 002c 04       		.byte	0x4
 3690 002d 00       		.uleb128 .LBB63-.LBB63
 3691 002e 08       		.uleb128 .LBE63-.LBB63
 3692 002f 04       		.byte	0x4
 3693 0030 0C       		.uleb128 .LBB66-.LBB63
 3694 0031 10       		.uleb128 .LBE66-.LBB63
 3695 0032 00       		.byte	0
 3696              	.LLRL10:
 3697 0033 05       		.byte	0x5
 3698 0034 20000000 		.4byte	.LBB69
 3699 0038 04       		.byte	0x4
 3700 0039 00       		.uleb128 .LBB69-.LBB69
 3701 003a 00       		.uleb128 .LBE69-.LBB69
 3702 003b 04       		.byte	0x4
 3703 003c 04       		.uleb128 .LBB73-.LBB69
 3704 003d 10       		.uleb128 .LBE73-.LBB69
 3705 003e 04       		.byte	0x4
ARM GAS  /tmp/ccwUBPHV.s 			page 66


 3706 003f 20       		.uleb128 .LBB74-.LBB69
 3707 0040 28       		.uleb128 .LBE74-.LBB69
 3708 0041 00       		.byte	0
 3709              	.LLRL15:
 3710 0042 05       		.byte	0x5
 3711 0043 00000000 		.4byte	.LBB75
 3712 0047 04       		.byte	0x4
 3713 0048 00       		.uleb128 .LBB75-.LBB75
 3714 0049 08       		.uleb128 .LBE75-.LBB75
 3715 004a 04       		.byte	0x4
 3716 004b 0C       		.uleb128 .LBB78-.LBB75
 3717 004c 10       		.uleb128 .LBE78-.LBB75
 3718 004d 00       		.byte	0
 3719              	.LLRL16:
 3720 004e 05       		.byte	0x5
 3721 004f 10000000 		.4byte	.LBB79
 3722 0053 04       		.byte	0x4
 3723 0054 00       		.uleb128 .LBB79-.LBB79
 3724 0055 00       		.uleb128 .LBE79-.LBB79
 3725 0056 04       		.byte	0x4
 3726 0057 04       		.uleb128 .LBB82-.LBB79
 3727 0058 0C       		.uleb128 .LBE82-.LBB79
 3728 0059 00       		.byte	0
 3729              	.LLRL18:
 3730 005a 05       		.byte	0x5
 3731 005b 24000000 		.4byte	.LBB83
 3732 005f 04       		.byte	0x4
 3733 0060 00       		.uleb128 .LBB83-.LBB83
 3734 0061 00       		.uleb128 .LBE83-.LBB83
 3735 0062 04       		.byte	0x4
 3736 0063 04       		.uleb128 .LBB87-.LBB83
 3737 0064 10       		.uleb128 .LBE87-.LBB83
 3738 0065 04       		.byte	0x4
 3739 0066 24       		.uleb128 .LBB88-.LBB83
 3740 0067 2C       		.uleb128 .LBE88-.LBB83
 3741 0068 00       		.byte	0
 3742              	.LLRL24:
 3743 0069 05       		.byte	0x5
 3744 006a 18000000 		.4byte	.LBB93
 3745 006e 04       		.byte	0x4
 3746 006f 00       		.uleb128 .LBB93-.LBB93
 3747 0070 00       		.uleb128 .LBE93-.LBB93
 3748 0071 04       		.byte	0x4
 3749 0072 04       		.uleb128 .LBB97-.LBB93
 3750 0073 08       		.uleb128 .LBE97-.LBB93
 3751 0074 04       		.byte	0x4
 3752 0075 0C       		.uleb128 .LBB98-.LBB93
 3753 0076 14       		.uleb128 .LBE98-.LBB93
 3754 0077 00       		.byte	0
 3755              	.LLRL29:
 3756 0078 05       		.byte	0x5
 3757 0079 00000000 		.4byte	.LBB99
 3758 007d 04       		.byte	0x4
 3759 007e 00       		.uleb128 .LBB99-.LBB99
 3760 007f 00       		.uleb128 .LBE99-.LBB99
 3761 0080 04       		.byte	0x4
 3762 0081 04       		.uleb128 .LBB104-.LBB99
ARM GAS  /tmp/ccwUBPHV.s 			page 67


 3763 0082 08       		.uleb128 .LBE104-.LBB99
 3764 0083 00       		.byte	0
 3765              	.LLRL32:
 3766 0084 07       		.byte	0x7
 3767 0085 00000000 		.4byte	.LFB207
 3768 0089 64       		.uleb128 .LFE207-.LFB207
 3769 008a 07       		.byte	0x7
 3770 008b 00000000 		.4byte	.LFB208
 3771 008f 48       		.uleb128 .LFE208-.LFB208
 3772 0090 07       		.byte	0x7
 3773 0091 00000000 		.4byte	.LFB209
 3774 0095 58       		.uleb128 .LFE209-.LFB209
 3775 0096 07       		.byte	0x7
 3776 0097 00000000 		.4byte	.LFB210
 3777 009b 34       		.uleb128 .LFE210-.LFB210
 3778 009c 07       		.byte	0x7
 3779 009d 00000000 		.4byte	.LFB211
 3780 00a1 14       		.uleb128 .LFE211-.LFB211
 3781 00a2 00       		.byte	0
 3782              	.Ldebug_ranges3:
 3783              		.section	.debug_line,"",%progbits
 3784              	.Ldebug_line0:
 3785 0000 64060000 		.section	.debug_str,"MS",%progbits,1
 3785      03006602 
 3785      00000201 
 3785      FB0E0D00 
 3785      01010101 
 3786              	.LASF106:
 3787 0000 63737461 		.ascii	"cstack_base\000"
 3787      636B5F62 
 3787      61736500 
 3788              	.LASF98:
 3789 000c 77746D74 		.ascii	"wtmtxp\000"
 3789      787000
 3790              	.LASF37:
 3791 0013 64697370 		.ascii	"dispose\000"
 3791      6F736500 
 3792              	.LASF18:
 3793 001b 706F7274 		.ascii	"port_stkline_t\000"
 3793      5F73746B 
 3793      6C696E65 
 3793      5F7400
 3794              	.LASF86:
 3795 002a 63685F72 		.ascii	"ch_registry\000"
 3795      65676973 
 3795      74727900 
 3796              	.LASF133:
 3797 0036 2E2E2F2E 		.ascii	"../../../os/rt/src/chmsg.c\000"
 3797      2E2F2E2E 
 3797      2F6F732F 
 3797      72742F73 
 3797      72632F63 
 3798              	.LASF122:
 3799 0051 63684D73 		.ascii	"chMsgWaitS\000"
 3799      67576169 
 3799      745300
 3800              	.LASF33:
ARM GAS  /tmp/ccwUBPHV.s 			page 68


 3801 005c 666C6167 		.ascii	"flags\000"
 3801      7300
 3802              	.LASF64:
 3803 0062 73797374 		.ascii	"systime_t\000"
 3803      696D655F 
 3803      7400
 3804              	.LASF44:
 3805 006c 7265616C 		.ascii	"realprio\000"
 3805      7072696F 
 3805      00
 3806              	.LASF42:
 3807 0075 6570656E 		.ascii	"epending\000"
 3807      64696E67 
 3807      00
 3808              	.LASF1:
 3809 007e 756E7369 		.ascii	"unsigned int\000"
 3809      676E6564 
 3809      20696E74 
 3809      00
 3810              	.LASF71:
 3811 008b 6E657874 		.ascii	"next\000"
 3811      00
 3812              	.LASF51:
 3813 0090 636F7265 		.ascii	"core_id\000"
 3813      5F696400 
 3814              	.LASF9:
 3815 0098 5F5F696E 		.ascii	"__int32_t\000"
 3815      7433325F 
 3815      7400
 3816              	.LASF34:
 3817 00a2 72656673 		.ascii	"refs\000"
 3817      00
 3818              	.LASF123:
 3819 00a7 63684D73 		.ascii	"chMsgSend\000"
 3819      6753656E 
 3819      6400
 3820              	.LASF95:
 3821 00b1 77746F62 		.ascii	"wtobjp\000"
 3821      6A7000
 3822              	.LASF131:
 3823 00b8 706F7274 		.ascii	"port_lock\000"
 3823      5F6C6F63 
 3823      6B00
 3824              	.LASF49:
 3825 00c2 76746C69 		.ascii	"vtlist\000"
 3825      737400
 3826              	.LASF68:
 3827 00c9 706F7274 		.ascii	"port_context\000"
 3827      5F636F6E 
 3827      74657874 
 3827      00
 3828              	.LASF102:
 3829 00d6 63685F72 		.ascii	"ch_ready_list\000"
 3829      65616479 
 3829      5F6C6973 
 3829      7400
 3830              	.LASF84:
ARM GAS  /tmp/ccwUBPHV.s 			page 69


 3831 00e4 6C617374 		.ascii	"laststamp\000"
 3831      7374616D 
 3831      7000
 3832              	.LASF99:
 3833 00ee 65776D61 		.ascii	"ewmask\000"
 3833      736B00
 3834              	.LASF128:
 3835 00f5 63685F71 		.ascii	"ch_queue_insert\000"
 3835      75657565 
 3835      5F696E73 
 3835      65727400 
 3836              	.LASF74:
 3837 0105 70726576 		.ascii	"prev\000"
 3837      00
 3838              	.LASF70:
 3839 010a 63685F6C 		.ascii	"ch_list\000"
 3839      69737400 
 3840              	.LASF135:
 3841 0112 63684D73 		.ascii	"chMsgRelease\000"
 3841      6752656C 
 3841      65617365 
 3841      00
 3842              	.LASF116:
 3843 011f 63685363 		.ascii	"chSchReadyI\000"
 3843      68526561 
 3843      64794900 
 3844              	.LASF60:
 3845 012b 63685F73 		.ascii	"ch_system_debug\000"
 3845      79737465 
 3845      6D5F6465 
 3845      62756700 
 3846              	.LASF91:
 3847 013b 6C697374 		.ascii	"list\000"
 3847      00
 3848              	.LASF79:
 3849 0140 63685F64 		.ascii	"ch_delta_list\000"
 3849      656C7461 
 3849      5F6C6973 
 3849      7400
 3850              	.LASF16:
 3851 014e 75696E74 		.ascii	"uint32_t\000"
 3851      33325F74 
 3851      00
 3852              	.LASF41:
 3853 0157 73656E74 		.ascii	"sentmsg\000"
 3853      6D736700 
 3854              	.LASF25:
 3855 015f 6576656E 		.ascii	"eventmask_t\000"
 3855      746D6173 
 3855      6B5F7400 
 3856              	.LASF100:
 3857 016b 63685F73 		.ascii	"ch_semaphore\000"
 3857      656D6170 
 3857      686F7265 
 3857      00
 3858              	.LASF23:
 3859 0178 74707269 		.ascii	"tprio_t\000"
ARM GAS  /tmp/ccwUBPHV.s 			page 70


 3859      6F5F7400 
 3860              	.LASF118:
 3861 0180 63684D73 		.ascii	"chMsgPollS\000"
 3861      67506F6C 
 3861      6C5300
 3862              	.LASF110:
 3863 018b 6F735F69 		.ascii	"os_instance_config_t\000"
 3863      6E737461 
 3863      6E63655F 
 3863      636F6E66 
 3863      69675F74 
 3864              	.LASF67:
 3865 01a0 66707363 		.ascii	"fpscr\000"
 3865      7200
 3866              	.LASF0:
 3867 01a6 6C6F6E67 		.ascii	"long long unsigned int\000"
 3867      206C6F6E 
 3867      6720756E 
 3867      7369676E 
 3867      65642069 
 3868              	.LASF92:
 3869 01bd 70717565 		.ascii	"pqueue\000"
 3869      756500
 3870              	.LASF26:
 3871 01c4 636E745F 		.ascii	"cnt_t\000"
 3871      7400
 3872              	.LASF19:
 3873 01ca 73746B6C 		.ascii	"stkline_t\000"
 3873      696E655F 
 3873      7400
 3874              	.LASF125:
 3875 01d4 63685379 		.ascii	"chSysUnlock\000"
 3875      73556E6C 
 3875      6F636B00 
 3876              	.LASF136:
 3877 01e0 63685468 		.ascii	"chThdGetSelfX\000"
 3877      64476574 
 3877      53656C66 
 3877      5800
 3878              	.LASF29:
 3879 01ee 6F776E65 		.ascii	"owner\000"
 3879      7200
 3880              	.LASF43:
 3881 01f4 6D74786C 		.ascii	"mtxlist\000"
 3881      69737400 
 3882              	.LASF81:
 3883 01fc 63685F76 		.ascii	"ch_virtual_timers_list\000"
 3883      69727475 
 3883      616C5F74 
 3883      696D6572 
 3883      735F6C69 
 3884              	.LASF52:
 3885 0213 72666375 		.ascii	"rfcu\000"
 3885      00
 3886              	.LASF28:
 3887 0218 74687265 		.ascii	"thread_t\000"
 3887      61645F74 
ARM GAS  /tmp/ccwUBPHV.s 			page 71


 3887      00
 3888              	.LASF93:
 3889 0221 7264796D 		.ascii	"rdymsg\000"
 3889      736700
 3890              	.LASF75:
 3891 0228 63685F70 		.ascii	"ch_priority_queue_t\000"
 3891      72696F72 
 3891      6974795F 
 3891      71756575 
 3891      655F7400 
 3892              	.LASF112:
 3893 023c 5F426F6F 		.ascii	"_Bool\000"
 3893      6C00
 3894              	.LASF38:
 3895 0242 6F626A65 		.ascii	"object\000"
 3895      637400
 3896              	.LASF57:
 3897 0249 63685F72 		.ascii	"ch_rfcu\000"
 3897      66637500 
 3898              	.LASF101:
 3899 0251 63685F6D 		.ascii	"ch_mutex\000"
 3899      75746578 
 3899      00
 3900              	.LASF13:
 3901 025a 5F5F7569 		.ascii	"__uint64_t\000"
 3901      6E743634 
 3901      5F7400
 3902              	.LASF117:
 3903 0265 63757272 		.ascii	"currtp\000"
 3903      747000
 3904              	.LASF47:
 3905 026c 63685F6F 		.ascii	"ch_os_instance\000"
 3905      735F696E 
 3905      7374616E 
 3905      636500
 3906              	.LASF129:
 3907 027b 63685379 		.ascii	"chSysLock\000"
 3907      734C6F63 
 3907      6B00
 3908              	.LASF126:
 3909 0285 63684D73 		.ascii	"chMsgIsPendingI\000"
 3909      67497350 
 3909      656E6469 
 3909      6E674900 
 3910              	.LASF77:
 3911 0295 7072696F 		.ascii	"prio\000"
 3911      00
 3912              	.LASF127:
 3913 029a 63685F71 		.ascii	"ch_queue_fifo_remove\000"
 3913      75657565 
 3913      5F666966 
 3913      6F5F7265 
 3913      6D6F7665 
 3914              	.LASF62:
 3915 02af 63686172 		.ascii	"char\000"
 3915      00
 3916              	.LASF78:
ARM GAS  /tmp/ccwUBPHV.s 			page 72


 3917 02b4 63685F64 		.ascii	"ch_delta_list_t\000"
 3917      656C7461 
 3917      5F6C6973 
 3917      745F7400 
 3918              	.LASF56:
 3919 02c4 72666375 		.ascii	"rfcu_mask_t\000"
 3919      5F6D6173 
 3919      6B5F7400 
 3920              	.LASF89:
 3921 02d0 74687265 		.ascii	"thread_reference_t\000"
 3921      61645F72 
 3921      65666572 
 3921      656E6365 
 3921      5F7400
 3922              	.LASF30:
 3923 02e3 77616261 		.ascii	"wabase\000"
 3923      736500
 3924              	.LASF119:
 3925 02ea 63684D73 		.ascii	"chMsgWaitTimeoutS\000"
 3925      67576169 
 3925      7454696D 
 3925      656F7574 
 3925      5300
 3926              	.LASF21:
 3927 02fc 74737461 		.ascii	"tstate_t\000"
 3927      74655F74 
 3927      00
 3928              	.LASF36:
 3929 0305 72717565 		.ascii	"rqueue\000"
 3929      756500
 3930              	.LASF14:
 3931 030c 75696E74 		.ascii	"uint8_t\000"
 3931      385F7400 
 3932              	.LASF40:
 3933 0314 6D736771 		.ascii	"msgqueue\000"
 3933      75657565 
 3933      00
 3934              	.LASF46:
 3935 031d 63685F74 		.ascii	"ch_thread\000"
 3935      68726561 
 3935      6400
 3936              	.LASF63:
 3937 0327 73797374 		.ascii	"system_debug_t\000"
 3937      656D5F64 
 3937      65627567 
 3937      5F7400
 3938              	.LASF2:
 3939 0336 6C6F6E67 		.ascii	"long long int\000"
 3939      206C6F6E 
 3939      6720696E 
 3939      7400
 3940              	.LASF24:
 3941 0344 6D73675F 		.ascii	"msg_t\000"
 3941      7400
 3942              	.LASF88:
 3943 034a 72656769 		.ascii	"registry_t\000"
 3943      73747279 
ARM GAS  /tmp/ccwUBPHV.s 			page 73


 3943      5F7400
 3944              	.LASF109:
 3945 0355 69646C65 		.ascii	"idlestack_end\000"
 3945      73746163 
 3945      6B5F656E 
 3945      6400
 3946              	.LASF58:
 3947 0363 6D61736B 		.ascii	"mask\000"
 3947      00
 3948              	.LASF90:
 3949 0368 74687265 		.ascii	"thread_dispose_t\000"
 3949      61645F64 
 3949      6973706F 
 3949      73655F74 
 3949      00
 3950              	.LASF65:
 3951 0379 73797369 		.ascii	"sysinterval_t\000"
 3951      6E746572 
 3951      76616C5F 
 3951      7400
 3952              	.LASF72:
 3953 0387 63685F71 		.ascii	"ch_queue_t\000"
 3953      75657565 
 3953      5F7400
 3954              	.LASF61:
 3955 0392 70616E69 		.ascii	"panic_msg\000"
 3955      635F6D73 
 3955      6700
 3956              	.LASF108:
 3957 039c 69646C65 		.ascii	"idlestack_base\000"
 3957      73746163 
 3957      6B5F6261 
 3957      736500
 3958              	.LASF20:
 3959 03ab 746D6F64 		.ascii	"tmode_t\000"
 3959      655F7400 
 3960              	.LASF83:
 3961 03b3 73797374 		.ascii	"systime\000"
 3961      696D6500 
 3962              	.LASF54:
 3963 03bb 69646C65 		.ascii	"idlethread\000"
 3963      74687265 
 3963      616400
 3964              	.LASF3:
 3965 03c6 6C6F6E67 		.ascii	"long double\000"
 3965      20646F75 
 3965      626C6500 
 3966              	.LASF69:
 3967 03d2 63685F6C 		.ascii	"ch_list_t\000"
 3967      6973745F 
 3967      7400
 3968              	.LASF53:
 3969 03dc 636F6E66 		.ascii	"config\000"
 3969      696700
 3970              	.LASF6:
 3971 03e3 73686F72 		.ascii	"short int\000"
 3971      7420696E 
ARM GAS  /tmp/ccwUBPHV.s 			page 74


 3971      7400
 3972              	.LASF10:
 3973 03ed 6C6F6E67 		.ascii	"long int\000"
 3973      20696E74 
 3973      00
 3974              	.LASF66:
 3975 03f6 706F7274 		.ascii	"port_intctx\000"
 3975      5F696E74 
 3975      63747800 
 3976              	.LASF132:
 3977 0402 474E5520 		.ascii	"GNU C17 13.3.1 20240614 -mcpu=cortex-r8 -mfloat-abi"
 3977      43313720 
 3977      31332E33 
 3977      2E312032 
 3977      30323430 
 3978 0435 3D686172 		.ascii	"=hard -mfpu=vfpv3-d16 -mno-thumb-interwork -marm -m"
 3978      64202D6D 
 3978      6670753D 
 3978      76667076 
 3978      332D6431 
 3979 0468 61726368 		.ascii	"arch=armv7-r+fp+idiv -ggdb -O2 -fomit-frame-pointer"
 3979      3D61726D 
 3979      76372D72 
 3979      2B66702B 
 3979      69646976 
 3980 049b 202D6661 		.ascii	" -falign-functions=16 -ffunction-sections -fdata-se"
 3980      6C69676E 
 3980      2D66756E 
 3980      6374696F 
 3980      6E733D31 
 3981 04ce 6374696F 		.ascii	"ctions -fno-common\000"
 3981      6E73202D 
 3981      666E6F2D 
 3981      636F6D6D 
 3981      6F6E00
 3982              	.LASF31:
 3983 04e1 7761656E 		.ascii	"waend\000"
 3983      6400
 3984              	.LASF107:
 3985 04e7 63737461 		.ascii	"cstack_end\000"
 3985      636B5F65 
 3985      6E6400
 3986              	.LASF105:
 3987 04f2 63685F6F 		.ascii	"ch_os_instance_config\000"
 3987      735F696E 
 3987      7374616E 
 3987      63655F63 
 3987      6F6E6669 
 3988              	.LASF82:
 3989 0508 646C6973 		.ascii	"dlist\000"
 3989      7400
 3990              	.LASF17:
 3991 050e 75696E74 		.ascii	"uint64_t\000"
 3991      36345F74 
 3991      00
 3992              	.LASF48:
 3993 0517 726C6973 		.ascii	"rlist\000"
ARM GAS  /tmp/ccwUBPHV.s 			page 75


 3993      7400
 3994              	.LASF8:
 3995 051d 5F5F7569 		.ascii	"__uint8_t\000"
 3995      6E74385F 
 3995      7400
 3996              	.LASF35:
 3997 0527 6E616D65 		.ascii	"name\000"
 3997      00
 3998              	.LASF114:
 3999 052c 63685363 		.ascii	"chSchGoSleepS\000"
 3999      68476F53 
 3999      6C656570 
 3999      5300
 4000              	.LASF22:
 4001 053a 74726566 		.ascii	"trefs_t\000"
 4001      735F7400 
 4002              	.LASF12:
 4003 0542 6C6F6E67 		.ascii	"long unsigned int\000"
 4003      20756E73 
 4003      69676E65 
 4003      6420696E 
 4003      7400
 4004              	.LASF104:
 4005 0554 72656164 		.ascii	"ready_list_t\000"
 4005      795F6C69 
 4005      73745F74 
 4005      00
 4006              	.LASF115:
 4007 0561 63685363 		.ascii	"chSchGoSleepTimeoutS\000"
 4007      68476F53 
 4007      6C656570 
 4007      54696D65 
 4007      6F757453 
 4008              	.LASF87:
 4009 0576 71756575 		.ascii	"queue\000"
 4009      6500
 4010              	.LASF15:
 4011 057c 696E7433 		.ascii	"int32_t\000"
 4011      325F7400 
 4012              	.LASF59:
 4013 0584 72666375 		.ascii	"rfcu_t\000"
 4013      5F7400
 4014              	.LASF97:
 4015 058b 77747365 		.ascii	"wtsemp\000"
 4015      6D7000
 4016              	.LASF76:
 4017 0592 63685F70 		.ascii	"ch_priority_queue\000"
 4017      72696F72 
 4017      6974795F 
 4017      71756575 
 4017      6500
 4018              	.LASF73:
 4019 05a4 63685F71 		.ascii	"ch_queue\000"
 4019      75657565 
 4019      00
 4020              	.LASF111:
 4021 05ad 6D757465 		.ascii	"mutex_t\000"
ARM GAS  /tmp/ccwUBPHV.s 			page 76


 4021      785F7400 
 4022              	.LASF5:
 4023 05b5 756E7369 		.ascii	"unsigned char\000"
 4023      676E6564 
 4023      20636861 
 4023      7200
 4024              	.LASF11:
 4025 05c3 5F5F7569 		.ascii	"__uint32_t\000"
 4025      6E743332 
 4025      5F7400
 4026              	.LASF39:
 4027 05ce 77616974 		.ascii	"waiting\000"
 4027      696E6700 
 4028              	.LASF85:
 4029 05d6 76697274 		.ascii	"virtual_timers_list_t\000"
 4029      75616C5F 
 4029      74696D65 
 4029      72735F6C 
 4029      6973745F 
 4030              	.LASF124:
 4031 05ec 63684D73 		.ascii	"chMsgReleaseS\000"
 4031      6752656C 
 4031      65617365 
 4031      5300
 4032              	.LASF120:
 4033 05fa 74696D65 		.ascii	"timeout\000"
 4033      6F757400 
 4034              	.LASF134:
 4035 0602 2F686F6D 		.ascii	"/home/emirhan/Documents/gemstone/chibiOS-port/Chibi"
 4035      652F656D 
 4035      69726861 
 4035      6E2F446F 
 4035      63756D65 
 4036 0635 4F532F64 		.ascii	"OS/demos/various/RT-ARMCR8-GENERIC\000"
 4036      656D6F73 
 4036      2F766172 
 4036      696F7573 
 4036      2F52542D 
 4037              	.LASF113:
 4038 0658 63685363 		.ascii	"chSchWakeupS\000"
 4038      6857616B 
 4038      65757053 
 4038      00
 4039              	.LASF55:
 4040 0665 6D61696E 		.ascii	"mainthread\000"
 4040      74687265 
 4040      616400
 4041              	.LASF32:
 4042 0670 73746174 		.ascii	"state\000"
 4042      6500
 4043              	.LASF45:
 4044 0676 6F735F69 		.ascii	"os_instance_t\000"
 4044      6E737461 
 4044      6E63655F 
 4044      7400
 4045              	.LASF50:
 4046 0684 7265676C 		.ascii	"reglist\000"
ARM GAS  /tmp/ccwUBPHV.s 			page 77


 4046      69737400 
 4047              	.LASF96:
 4048 068c 77747472 		.ascii	"wttrp\000"
 4048      7000
 4049              	.LASF4:
 4050 0692 7369676E 		.ascii	"signed char\000"
 4050      65642063 
 4050      68617200 
 4051              	.LASF80:
 4052 069e 64656C74 		.ascii	"delta\000"
 4052      6100
 4053              	.LASF7:
 4054 06a4 73686F72 		.ascii	"short unsigned int\000"
 4054      7420756E 
 4054      7369676E 
 4054      65642069 
 4054      6E7400
 4055              	.LASF103:
 4056 06b7 63757272 		.ascii	"current\000"
 4056      656E7400 
 4057              	.LASF121:
 4058 06bf 5F5F6675 		.ascii	"__func__\000"
 4058      6E635F5F 
 4058      00
 4059              	.LASF130:
 4060 06c8 706F7274 		.ascii	"port_unlock\000"
 4060      5F756E6C 
 4060      6F636B00 
 4061              	.LASF94:
 4062 06d4 65786974 		.ascii	"exitcode\000"
 4062      636F6465 
 4062      00
 4063              	.LASF27:
 4064 06dd 636F7265 		.ascii	"core_id_t\000"
 4064      5F69645F 
 4064      7400
 4065              		.ident	"GCC: (Arm GNU Toolchain 13.3.Rel1 (Build arm-13.24)) 13.3.1 20240614"
ARM GAS  /tmp/ccwUBPHV.s 			page 78


DEFINED SYMBOLS
                            *ABS*:00000000 chmsg.c
     /tmp/ccwUBPHV.s:21     .text.chMsgSend:00000000 $a
     /tmp/ccwUBPHV.s:27     .text.chMsgSend:00000000 chMsgSend
     /tmp/ccwUBPHV.s:187    .text.chMsgWaitS:00000000 $a
     /tmp/ccwUBPHV.s:193    .text.chMsgWaitS:00000000 chMsgWaitS
     /tmp/ccwUBPHV.s:299    .text.chMsgWaitTimeoutS:00000000 $a
     /tmp/ccwUBPHV.s:305    .text.chMsgWaitTimeoutS:00000000 chMsgWaitTimeoutS
     /tmp/ccwUBPHV.s:429    .text.chMsgPollS:00000000 $a
     /tmp/ccwUBPHV.s:435    .text.chMsgPollS:00000000 chMsgPollS
     /tmp/ccwUBPHV.s:520    .text.chMsgRelease:00000000 $a
     /tmp/ccwUBPHV.s:526    .text.chMsgRelease:00000000 chMsgRelease

UNDEFINED SYMBOLS
ch0
chSchGoSleepS
chSchReadyI
chSchGoSleepTimeoutS
chSchWakeupS
