ARM GAS  /tmp/cc6x62HI.s 			page 1


   1              		.cpu cortex-r8
   2              		.arch armv7-r
   3              		.fpu vfpv3-d16
   4              		.arch_extension idiv
   5              		.eabi_attribute 28, 1
   6              		.eabi_attribute 20, 1
   7              		.eabi_attribute 21, 1
   8              		.eabi_attribute 23, 3
   9              		.eabi_attribute 24, 1
  10              		.eabi_attribute 25, 1
  11              		.eabi_attribute 26, 1
  12              		.eabi_attribute 30, 2
  13              		.eabi_attribute 34, 1
  14              		.eabi_attribute 18, 4
  15              		.file	"chmtx.c"
  16              		.text
  17              	.Ltext0:
  18              		.cfi_sections	.debug_frame
  19              		.file 1 "../../../os/rt/src/chmtx.c"
  20              		.section	.text.chMtxObjectInit,"ax",%progbits
  21              		.align	2
  22              		.p2align 4,,15
  23              		.global	chMtxObjectInit
  24              		.syntax unified
  25              		.arm
  26              		.type	chMtxObjectInit, %function
  27              	chMtxObjectInit:
  28              	.LVL0:
  29              	.LFB207:
  30              		.loc 1 104 35 view -0
  31              		.cfi_startproc
  32              		@ args = 0, pretend = 0, frame = 0
  33              		@ frame_needed = 0, uses_anonymous_args = 0
  34              		@ link register save eliminated.
  35              		.loc 1 106 3 view .LVU1
  36              		.loc 1 106 3 view .LVU2
  37              		.loc 1 106 3 discriminator 5 view .LVU3
  38              		.loc 1 108 3 view .LVU4
  39              		.loc 1 109 13 is_stmt 0 view .LVU5
  40 0000 0030A0E3 		mov	r3, #0
  41              	.LVL1:
  42              	.LBB96:
  43              	.LBI96:
  44              		.file 2 "../../../os/rt/include/chlists.h"
  45              		.loc 2 283 20 is_stmt 1 view .LVU6
  46              	.LBB97:
  47              		.loc 2 285 3 view .LVU7
  48              		.loc 2 286 3 view .LVU8
  49              		.loc 2 285 12 is_stmt 0 view .LVU9
  50 0004 000080E5 		str	r0, [r0]
  51              	.LBE97:
  52              	.LBE96:
  53              		.loc 1 109 13 view .LVU10
  54 0008 090080E9 		stmib	r0, {r0, r3}
  55              		.loc 1 113 1 view .LVU11
  56 000c 1EFF2FE1 		bx	lr
  57              		.cfi_endproc
ARM GAS  /tmp/cc6x62HI.s 			page 2


  58              	.LFE207:
  59              		.size	chMtxObjectInit, .-chMtxObjectInit
  60              		.section	.text.chMtxObjectDispose,"ax",%progbits
  61              		.align	2
  62              		.p2align 4,,15
  63              		.global	chMtxObjectDispose
  64              		.syntax unified
  65              		.arm
  66              		.type	chMtxObjectDispose, %function
  67              	chMtxObjectDispose:
  68              	.LVL2:
  69              	.LFB208:
  70              		.loc 1 130 38 is_stmt 1 view -0
  71              		.cfi_startproc
  72              		@ args = 0, pretend = 0, frame = 0
  73              		@ frame_needed = 0, uses_anonymous_args = 0
  74              		@ link register save eliminated.
  75              		.loc 1 132 3 view .LVU13
  76              		.loc 1 132 3 view .LVU14
  77              		.loc 1 132 3 discriminator 5 view .LVU15
  78              		.loc 1 134 31 view .LVU16
  79              		.loc 1 136 3 view .LVU17
  80              		.loc 1 136 3 view .LVU18
  81              		.loc 1 136 3 discriminator 7 view .LVU19
  82              		.loc 1 145 1 is_stmt 0 view .LVU20
  83 0000 1EFF2FE1 		bx	lr
  84              		.cfi_endproc
  85              	.LFE208:
  86              		.size	chMtxObjectDispose, .-chMtxObjectDispose
  87              		.section	.text.chMtxLockS,"ax",%progbits
  88              		.align	2
  89              		.p2align 4,,15
  90              		.global	chMtxLockS
  91              		.syntax unified
  92              		.arm
  93              		.type	chMtxLockS, %function
  94              	chMtxLockS:
  95              	.LVL3:
  96              	.LFB210:
  97              		.loc 1 172 30 is_stmt 1 view -0
  98              		.cfi_startproc
  99              		@ args = 0, pretend = 0, frame = 0
 100              		@ frame_needed = 0, uses_anonymous_args = 0
 101              		.loc 1 173 3 view .LVU22
 102              	.LBB116:
 103              	.LBI116:
 104              		.file 3 "../../../os/rt/include/chthreads.h"
 105              		.loc 3 526 25 view .LVU23
 106              	.LBB117:
 107              		.loc 3 528 3 view .LVU24
 108              		.loc 3 528 10 is_stmt 0 view .LVU25
 109 0000 003000E3 		movw	r3, #:lower16:ch0
 110              	.LBE117:
 111              	.LBE116:
 112              		.loc 1 172 30 view .LVU26
 113 0004 70402DE9 		push	{r4, r5, r6, lr}
 114              		.cfi_def_cfa_offset 16
ARM GAS  /tmp/cc6x62HI.s 			page 3


 115              		.cfi_offset 4, -16
 116              		.cfi_offset 5, -12
 117              		.cfi_offset 6, -8
 118              		.cfi_offset 14, -4
 119              		.loc 1 172 30 view .LVU27
 120 0008 0040A0E1 		mov	r4, r0
 121              		.loc 1 179 9 view .LVU28
 122 000c 080090E5 		ldr	r0, [r0, #8]
 123              	.LVL4:
 124              	.LBB120:
 125              	.LBB118:
 126              		.loc 3 528 10 view .LVU29
 127 0010 003040E3 		movt	r3, #:upper16:ch0
 128              	.LBE118:
 129              	.LBE120:
 130              		.loc 1 179 6 view .LVU30
 131 0014 000050E3 		cmp	r0, #0
 132              	.LBB121:
 133              	.LBB119:
 134              		.loc 3 528 10 view .LVU31
 135 0018 0C5093E5 		ldr	r5, [r3, #12]
 136              	.LVL5:
 137              		.loc 3 528 10 view .LVU32
 138              	.LBE119:
 139              	.LBE121:
 140              		.loc 1 175 21 is_stmt 1 view .LVU33
 141              		.loc 1 176 3 view .LVU34
 142              		.loc 1 176 3 view .LVU35
 143              		.loc 1 176 3 discriminator 5 view .LVU36
 144              		.loc 1 179 3 view .LVU37
 145              		.loc 1 179 6 is_stmt 0 view .LVU38
 146 001c 3600000A 		beq	.L26
 147              	.LVL6:
 148              	.LBB122:
 149              		.loc 1 198 34 is_stmt 1 view .LVU39
 150              		.loc 1 198 54 is_stmt 0 view .LVU40
 151 0020 082095E5 		ldr	r2, [r5, #8]
 152              		.loc 1 198 34 view .LVU41
 153 0024 083090E5 		ldr	r3, [r0, #8]
 154 0028 020053E1 		cmp	r3, r2
 155 002c 0C00002A 		bcs	.L10
 156              	.L13:
 157              		.loc 1 200 9 is_stmt 1 view .LVU42
 158              		.loc 1 203 19 is_stmt 0 view .LVU43
 159 0030 1C30D0E5 		ldrb	r3, [r0, #28]	@ zero_extendqisi2
 160              		.loc 1 200 29 view .LVU44
 161 0034 082080E5 		str	r2, [r0, #8]
 162              		.loc 1 203 9 is_stmt 1 view .LVU45
 163 0038 060053E3 		cmp	r3, #6
 164 003c 3300000A 		beq	.L7
 165              		.loc 1 203 9 is_stmt 0 view .LVU46
 166 0040 070053E3 		cmp	r3, #7
 167 0044 1800000A 		beq	.L8
 168 0048 000053E3 		cmp	r3, #0
 169 004c 0400001A 		bne	.L10
 170              		.loc 1 240 11 is_stmt 1 view .LVU47
 171              	.LVL7:
ARM GAS  /tmp/cc6x62HI.s 			page 4


 172              	.LBB123:
 173              	.LBI123:
 174              		.loc 2 382 27 view .LVU48
 175              	.LBB124:
 176              		.loc 2 384 3 view .LVU49
 177              		.loc 2 384 4 is_stmt 0 view .LVU50
 178 0050 042090E5 		ldr	r2, [r0, #4]
 179              		.loc 2 384 20 view .LVU51
 180 0054 003090E5 		ldr	r3, [r0]
 181              		.loc 2 384 17 view .LVU52
 182 0058 003082E5 		str	r3, [r2]
 183              		.loc 2 385 3 is_stmt 1 view .LVU53
 184              		.loc 2 385 17 is_stmt 0 view .LVU54
 185 005c 042083E5 		str	r2, [r3, #4]
 186              		.loc 2 387 3 is_stmt 1 view .LVU55
 187              	.LVL8:
 188              		.loc 2 387 3 is_stmt 0 view .LVU56
 189              	.LBE124:
 190              	.LBE123:
 191              		.loc 1 240 18 discriminator 1 view .LVU57
 192 0060 FEFFFFEB 		bl	chSchReadyI
 193              	.LVL9:
 194              		.loc 1 241 11 is_stmt 1 view .LVU58
 195              	.L10:
 196              		.loc 1 250 7 view .LVU59
 197              	.LBB125:
 198              	.LBI125:
 199              		.file 4 "../../../os/rt/include/chschd.h"
 200              		.loc 4 167 20 view .LVU60
 201              	.LBB126:
 202              		.loc 4 169 3 view .LVU61
 203              		.loc 4 169 15 is_stmt 0 view .LVU62
 204 0064 0430A0E1 		mov	r3, r4
 205 0068 030000EA 		b	.L18
 206              	.LVL10:
 207              	.L27:
 208              		.loc 4 178 23 discriminator 1 view .LVU63
 209 006c 081093E5 		ldr	r1, [r3, #8]
 210 0070 082095E5 		ldr	r2, [r5, #8]
 211 0074 020051E1 		cmp	r1, r2
 212 0078 0200003A 		bcc	.L17
 213              	.LVL11:
 214              	.L18:
 215              		.loc 4 170 3 is_stmt 1 view .LVU64
 216              	.LBB127:
 217              		.loc 4 171 5 view .LVU65
 218              		.loc 4 171 17 is_stmt 0 view .LVU66
 219 007c 003093E5 		ldr	r3, [r3]
 220              	.LVL12:
 221              		.loc 4 174 5 is_stmt 1 view .LVU67
 222              		.loc 4 175 5 view .LVU68
 223              		.loc 4 175 5 view .LVU69
 224              		.loc 4 175 5 discriminator 5 view .LVU70
 225              		.loc 4 175 5 discriminator 5 view .LVU71
 226              		.loc 4 177 5 view .LVU72
 227              		.loc 4 177 5 is_stmt 0 view .LVU73
 228              	.LBE127:
ARM GAS  /tmp/cc6x62HI.s 			page 5


 229              		.loc 4 178 23 is_stmt 1 view .LVU74
 230 0080 030054E1 		cmp	r4, r3
 231 0084 F8FFFF1A 		bne	.L27
 232              	.L17:
 233              		.loc 4 180 3 view .LVU75
 234              		.loc 4 181 22 is_stmt 0 view .LVU76
 235 0088 042093E5 		ldr	r2, [r3, #4]
 236              	.LBE126:
 237              	.LBE125:
 238              		.loc 1 252 7 view .LVU77
 239 008c 0600A0E3 		mov	r0, #6
 240              	.LBB129:
 241              	.LBB128:
 242              		.loc 4 180 18 view .LVU78
 243 0090 003085E5 		str	r3, [r5]
 244              		.loc 4 181 3 is_stmt 1 view .LVU79
 245              		.loc 4 181 18 is_stmt 0 view .LVU80
 246 0094 042085E5 		str	r2, [r5, #4]
 247              		.loc 4 182 3 is_stmt 1 view .LVU81
 248              		.loc 4 182 18 is_stmt 0 view .LVU82
 249 0098 005082E5 		str	r5, [r2]
 250              		.loc 4 183 3 is_stmt 1 view .LVU83
 251              		.loc 4 183 18 is_stmt 0 view .LVU84
 252 009c 045083E5 		str	r5, [r3, #4]
 253              	.LVL13:
 254              		.loc 4 183 18 view .LVU85
 255              	.LBE128:
 256              	.LBE129:
 257              		.loc 1 251 7 is_stmt 1 view .LVU86
 258              		.loc 1 251 24 is_stmt 0 view .LVU87
 259 00a0 344085E5 		str	r4, [r5, #52]
 260              		.loc 1 252 7 is_stmt 1 view .LVU88
 261              	.LBE122:
 262              		.loc 1 274 1 is_stmt 0 view .LVU89
 263 00a4 7040BDE8 		pop	{r4, r5, r6, lr}
 264              		.cfi_remember_state
 265              		.cfi_restore 14
 266              		.cfi_restore 6
 267              		.cfi_restore 5
 268              		.cfi_restore 4
 269              		.cfi_def_cfa_offset 0
 270              	.LVL14:
 271              	.LBB142:
 272              		.loc 1 252 7 view .LVU90
 273 00a8 FEFFFFEA 		b	chSchGoSleepS
 274              	.LVL15:
 275              	.L8:
 276              		.cfi_restore_state
 277              		.loc 1 222 11 is_stmt 1 view .LVU91
 278 00ac 34C090E5 		ldr	ip, [r0, #52]
 279              	.LVL16:
 280              	.LBB130:
 281              	.LBI130:
 282              		.loc 2 382 27 view .LVU92
 283              	.LBB131:
 284              		.loc 2 384 3 view .LVU93
 285              		.loc 2 384 20 is_stmt 0 view .LVU94
ARM GAS  /tmp/cc6x62HI.s 			page 6


 286 00b0 003090E5 		ldr	r3, [r0]
 287              		.loc 2 384 4 view .LVU95
 288 00b4 042090E5 		ldr	r2, [r0, #4]
 289              		.loc 2 384 17 view .LVU96
 290 00b8 003082E5 		str	r3, [r2]
 291              		.loc 2 385 3 is_stmt 1 view .LVU97
 292              		.loc 2 385 17 is_stmt 0 view .LVU98
 293 00bc 042083E5 		str	r2, [r3, #4]
 294              		.loc 2 387 3 is_stmt 1 view .LVU99
 295              	.LVL17:
 296              		.loc 2 387 3 is_stmt 0 view .LVU100
 297              	.LBE131:
 298              	.LBE130:
 299              	.LBB132:
 300              	.LBI132:
 301              		.loc 4 167 20 is_stmt 1 view .LVU101
 302              	.LBB133:
 303              		.loc 4 169 3 view .LVU102
 304              		.loc 4 169 15 is_stmt 0 view .LVU103
 305 00c0 0C30A0E1 		mov	r3, ip
 306 00c4 030000EA 		b	.L15
 307              	.LVL18:
 308              	.L28:
 309              		.loc 4 178 23 discriminator 1 view .LVU104
 310 00c8 081093E5 		ldr	r1, [r3, #8]
 311 00cc 082090E5 		ldr	r2, [r0, #8]
 312 00d0 020051E1 		cmp	r1, r2
 313 00d4 0200003A 		bcc	.L14
 314              	.LVL19:
 315              	.L15:
 316              		.loc 4 170 3 is_stmt 1 view .LVU105
 317              	.LBB134:
 318              		.loc 4 171 5 view .LVU106
 319              		.loc 4 171 17 is_stmt 0 view .LVU107
 320 00d8 003093E5 		ldr	r3, [r3]
 321              	.LVL20:
 322              		.loc 4 174 5 is_stmt 1 view .LVU108
 323              		.loc 4 175 5 view .LVU109
 324              		.loc 4 175 5 view .LVU110
 325              		.loc 4 175 5 discriminator 5 view .LVU111
 326              		.loc 4 175 5 discriminator 5 view .LVU112
 327              		.loc 4 177 5 view .LVU113
 328              		.loc 4 177 5 is_stmt 0 view .LVU114
 329              	.LBE134:
 330              		.loc 4 178 23 is_stmt 1 view .LVU115
 331 00dc 03005CE1 		cmp	ip, r3
 332 00e0 F8FFFF1A 		bne	.L28
 333              	.L14:
 334              		.loc 4 180 3 view .LVU116
 335              		.loc 4 181 22 is_stmt 0 view .LVU117
 336 00e4 042093E5 		ldr	r2, [r3, #4]
 337              		.loc 4 180 18 view .LVU118
 338 00e8 003080E5 		str	r3, [r0]
 339              		.loc 4 181 3 is_stmt 1 view .LVU119
 340              		.loc 4 181 18 is_stmt 0 view .LVU120
 341 00ec 042080E5 		str	r2, [r0, #4]
 342              		.loc 4 182 3 is_stmt 1 view .LVU121
ARM GAS  /tmp/cc6x62HI.s 			page 7


 343              		.loc 4 182 18 is_stmt 0 view .LVU122
 344 00f0 000082E5 		str	r0, [r2]
 345              		.loc 4 183 3 is_stmt 1 view .LVU123
 346              		.loc 4 183 18 is_stmt 0 view .LVU124
 347 00f4 040083E5 		str	r0, [r3, #4]
 348              	.LVL21:
 349              		.loc 4 183 18 view .LVU125
 350              	.LBE133:
 351              	.LBE132:
 352              		.loc 1 224 11 is_stmt 1 view .LVU126
 353              	.LBB136:
 354              	.LBB135:
 355              		.loc 4 184 1 is_stmt 0 view .LVU127
 356 00f8 D9FFFFEA 		b	.L10
 357              	.LVL22:
 358              	.L26:
 359              		.loc 4 184 1 view .LVU128
 360              	.LBE135:
 361              	.LBE136:
 362              	.LBE142:
 363              		.loc 1 270 5 is_stmt 1 view .LVU129
 364              		.loc 1 271 14 is_stmt 0 view .LVU130
 365 00fc 4C3095E5 		ldr	r3, [r5, #76]
 366              		.loc 1 270 15 view .LVU131
 367 0100 085084E5 		str	r5, [r4, #8]
 368              		.loc 1 271 5 is_stmt 1 view .LVU132
 369              		.loc 1 271 14 is_stmt 0 view .LVU133
 370 0104 0C3084E5 		str	r3, [r4, #12]
 371              		.loc 1 272 5 is_stmt 1 view .LVU134
 372              		.loc 1 272 21 is_stmt 0 view .LVU135
 373 0108 4C4085E5 		str	r4, [r5, #76]
 374              		.loc 1 274 1 view .LVU136
 375 010c 7080BDE8 		pop	{r4, r5, r6, pc}
 376              	.LVL23:
 377              	.L7:
 378              	.LBB143:
 379              		.loc 1 206 11 is_stmt 1 view .LVU137
 380              		.loc 1 206 36 is_stmt 0 view .LVU138
 381 0110 34C090E5 		ldr	ip, [r0, #52]
 382              	.LVL24:
 383              	.LBB137:
 384              	.LBI137:
 385              		.loc 2 382 27 is_stmt 1 view .LVU139
 386              	.LBB138:
 387              		.loc 2 384 3 view .LVU140
 388              		.loc 2 384 20 is_stmt 0 view .LVU141
 389 0114 003090E5 		ldr	r3, [r0]
 390              		.loc 2 384 4 view .LVU142
 391 0118 042090E5 		ldr	r2, [r0, #4]
 392              		.loc 2 384 17 view .LVU143
 393 011c 003082E5 		str	r3, [r2]
 394              		.loc 2 385 3 is_stmt 1 view .LVU144
 395              		.loc 2 385 17 is_stmt 0 view .LVU145
 396 0120 042083E5 		str	r2, [r3, #4]
 397              		.loc 2 387 3 is_stmt 1 view .LVU146
 398              	.LVL25:
 399              		.loc 2 387 3 is_stmt 0 view .LVU147
ARM GAS  /tmp/cc6x62HI.s 			page 8


 400              	.LBE138:
 401              	.LBE137:
 402              	.LBB139:
 403              	.LBI139:
 404              		.loc 4 167 20 is_stmt 1 view .LVU148
 405              	.LBB140:
 406              		.loc 4 169 3 view .LVU149
 407              		.loc 4 169 15 is_stmt 0 view .LVU150
 408 0124 0C30A0E1 		mov	r3, ip
 409 0128 030000EA 		b	.L12
 410              	.LVL26:
 411              	.L29:
 412              		.loc 4 178 23 discriminator 1 view .LVU151
 413 012c 081093E5 		ldr	r1, [r3, #8]
 414 0130 082090E5 		ldr	r2, [r0, #8]
 415 0134 020051E1 		cmp	r1, r2
 416 0138 0200003A 		bcc	.L11
 417              	.LVL27:
 418              	.L12:
 419              		.loc 4 170 3 is_stmt 1 view .LVU152
 420              	.LBB141:
 421              		.loc 4 171 5 view .LVU153
 422              		.loc 4 171 17 is_stmt 0 view .LVU154
 423 013c 003093E5 		ldr	r3, [r3]
 424              	.LVL28:
 425              		.loc 4 174 5 is_stmt 1 view .LVU155
 426              		.loc 4 175 5 view .LVU156
 427              		.loc 4 175 5 view .LVU157
 428              		.loc 4 175 5 discriminator 5 view .LVU158
 429              		.loc 4 175 5 discriminator 5 view .LVU159
 430              		.loc 4 177 5 view .LVU160
 431              		.loc 4 177 5 is_stmt 0 view .LVU161
 432              	.LBE141:
 433              		.loc 4 178 23 is_stmt 1 view .LVU162
 434 0140 03005CE1 		cmp	ip, r3
 435 0144 F8FFFF1A 		bne	.L29
 436              	.L11:
 437              		.loc 4 180 3 view .LVU163
 438              		.loc 4 181 22 is_stmt 0 view .LVU164
 439 0148 042093E5 		ldr	r2, [r3, #4]
 440              		.loc 4 180 18 view .LVU165
 441 014c 003080E5 		str	r3, [r0]
 442              		.loc 4 181 3 is_stmt 1 view .LVU166
 443              		.loc 4 181 18 is_stmt 0 view .LVU167
 444 0150 042080E5 		str	r2, [r0, #4]
 445              		.loc 4 182 3 is_stmt 1 view .LVU168
 446              		.loc 4 182 18 is_stmt 0 view .LVU169
 447 0154 000082E5 		str	r0, [r2]
 448              		.loc 4 183 3 is_stmt 1 view .LVU170
 449              		.loc 4 183 18 is_stmt 0 view .LVU171
 450 0158 040083E5 		str	r0, [r3, #4]
 451              	.LVL29:
 452              		.loc 4 183 18 view .LVU172
 453              	.LBE140:
 454              	.LBE139:
 455              		.loc 1 208 11 is_stmt 1 view .LVU173
 456              		.loc 1 208 14 is_stmt 0 view .LVU174
ARM GAS  /tmp/cc6x62HI.s 			page 9


 457 015c 08009CE5 		ldr	r0, [ip, #8]
 458              	.LVL30:
 459              		.loc 1 210 11 is_stmt 1 view .LVU175
 460              		.loc 1 198 34 view .LVU176
 461              		.loc 1 198 54 is_stmt 0 view .LVU177
 462 0160 082095E5 		ldr	r2, [r5, #8]
 463              		.loc 1 198 34 view .LVU178
 464 0164 083090E5 		ldr	r3, [r0, #8]
 465 0168 020053E1 		cmp	r3, r2
 466 016c AFFFFF3A 		bcc	.L13
 467 0170 BBFFFFEA 		b	.L10
 468              	.LBE143:
 469              		.cfi_endproc
 470              	.LFE210:
 471              		.size	chMtxLockS, .-chMtxLockS
 472              		.section	.text.chMtxLock,"ax",%progbits
 473              		.align	2
 474              		.p2align 4,,15
 475              		.global	chMtxLock
 476              		.syntax unified
 477              		.arm
 478              		.type	chMtxLock, %function
 479              	chMtxLock:
 480              	.LVL31:
 481              	.LFB209:
 482              		.loc 1 156 29 is_stmt 1 view -0
 483              		.cfi_startproc
 484              		@ args = 0, pretend = 0, frame = 0
 485              		@ frame_needed = 0, uses_anonymous_args = 0
 486              		.loc 1 158 3 view .LVU180
 487              	.LBB144:
 488              	.LBI144:
 489              		.file 5 "../../../os/rt/include/chsys.h"
 490              		.loc 5 371 20 view .LVU181
 491              		.loc 5 373 3 view .LVU182
 492              	.LBB145:
 493              	.LBI145:
 494              		.file 6 "../../../os/common/ports/ARMv7-R/chcore.h"
 495              		.loc 6 739 20 view .LVU183
 496              	.LBB146:
 497              		.loc 6 741 3 view .LVU184
 498              	.LBE146:
 499              	.LBE145:
 500              	.LBE144:
 501              		.loc 1 156 29 is_stmt 0 view .LVU185
 502 0000 10402DE9 		push	{r4, lr}
 503              		.cfi_def_cfa_offset 8
 504              		.cfi_offset 4, -8
 505              		.cfi_offset 14, -4
 506              	.LBB149:
 507              	.LBB148:
 508              	.LBB147:
 509              		.loc 6 741 3 view .LVU186
 510              		.syntax divided
 511              	@ 741 "../../../os/common/ports/ARMv7-R/chcore.h" 1
 512 0004 80000CF1 		cpsid   i
 513              	@ 0 "" 2
ARM GAS  /tmp/cc6x62HI.s 			page 10


 514              		.arm
 515              		.syntax unified
 516              	.LBE147:
 517              	.LBE148:
 518              		.loc 5 374 35 is_stmt 1 view .LVU187
 519              		.loc 5 375 21 view .LVU188
 520              	.LBE149:
 521              		.loc 1 159 3 view .LVU189
 522 0008 FEFFFFEB 		bl	chMtxLockS
 523              	.LVL32:
 524              		.loc 1 160 3 view .LVU190
 525              	.LBB150:
 526              	.LBI150:
 527              		.loc 5 385 20 view .LVU191
 528              	.LBB151:
 529              		.loc 5 387 23 view .LVU192
 530              		.loc 5 388 34 view .LVU193
 531              		.loc 5 394 3 view .LVU194
 532              		.loc 5 394 3 view .LVU195
 533              		.loc 5 394 3 discriminator 7 view .LVU196
 534              		.loc 5 398 3 view .LVU197
 535              	.LBB152:
 536              	.LBI152:
 537              		.loc 6 751 20 view .LVU198
 538              	.LBB153:
 539              		.loc 6 756 3 view .LVU199
 540              		.syntax divided
 541              	@ 756 "../../../os/common/ports/ARMv7-R/chcore.h" 1
 542 000c C00008F1 		cpsie   if
 543              	@ 0 "" 2
 544              		.arm
 545              		.syntax unified
 546              	.LBE153:
 547              	.LBE152:
 548              	.LBE151:
 549              	.LBE150:
 550              		.loc 1 161 1 is_stmt 0 view .LVU200
 551 0010 1080BDE8 		pop	{r4, pc}
 552              		.cfi_endproc
 553              	.LFE209:
 554              		.size	chMtxLock, .-chMtxLock
 555              		.section	.text.chMtxTryLock,"ax",%progbits
 556              		.align	2
 557              		.p2align 4,,15
 558              		.global	chMtxTryLock
 559              		.syntax unified
 560              		.arm
 561              		.type	chMtxTryLock, %function
 562              	chMtxTryLock:
 563              	.LVL33:
 564              	.LFB211:
 565              		.loc 1 293 32 is_stmt 1 view -0
 566              		.cfi_startproc
 567              		@ args = 0, pretend = 0, frame = 0
 568              		@ frame_needed = 0, uses_anonymous_args = 0
 569              		@ link register save eliminated.
 570              		.loc 1 294 3 view .LVU202
ARM GAS  /tmp/cc6x62HI.s 			page 11


 571              		.loc 1 296 3 view .LVU203
 572              	.LBB154:
 573              	.LBI154:
 574              		.loc 5 371 20 view .LVU204
 575              		.loc 5 373 3 view .LVU205
 576              	.LBB155:
 577              	.LBI155:
 578              		.loc 6 739 20 view .LVU206
 579              	.LBB156:
 580              		.loc 6 741 3 view .LVU207
 581              	.LBE156:
 582              	.LBE155:
 583              	.LBE154:
 584              		.loc 1 293 32 is_stmt 0 view .LVU208
 585 0000 0030A0E1 		mov	r3, r0
 586              	.LBB159:
 587              	.LBB158:
 588              	.LBB157:
 589              		.loc 6 741 3 view .LVU209
 590              		.syntax divided
 591              	@ 741 "../../../os/common/ports/ARMv7-R/chcore.h" 1
 592 0004 80000CF1 		cpsid   i
 593              	@ 0 "" 2
 594              		.arm
 595              		.syntax unified
 596              	.LBE157:
 597              	.LBE158:
 598              		.loc 5 374 35 is_stmt 1 view .LVU210
 599              		.loc 5 375 21 view .LVU211
 600              	.LBE159:
 601              		.loc 1 297 3 view .LVU212
 602              	.LVL34:
 603              	.LBB160:
 604              	.LBI160:
 605              		.loc 1 320 6 view .LVU213
 606              	.LBB161:
 607              		.loc 1 321 3 view .LVU214
 608              	.LBB162:
 609              	.LBI162:
 610              		.loc 3 526 25 view .LVU215
 611              	.LBB163:
 612              		.loc 3 528 3 view .LVU216
 613              		.loc 3 528 3 is_stmt 0 view .LVU217
 614              	.LBE163:
 615              	.LBE162:
 616              		.loc 1 323 21 is_stmt 1 view .LVU218
 617              		.loc 1 324 3 view .LVU219
 618              		.loc 1 324 3 view .LVU220
 619              		.loc 1 324 3 discriminator 5 view .LVU221
 620              		.loc 1 326 3 view .LVU222
 621              		.loc 1 326 6 is_stmt 0 view .LVU223
 622 0008 082090E5 		ldr	r2, [r0, #8]
 623 000c 000052E3 		cmp	r2, #0
 624              	.LBB165:
 625              	.LBB164:
 626              		.loc 3 528 10 view .LVU224
 627 0010 00200003 		movweq	r2, #:lower16:ch0
ARM GAS  /tmp/cc6x62HI.s 			page 12


 628 0014 00204003 		movteq	r2, #:upper16:ch0
 629 0018 0C209205 		ldreq	r2, [r2, #12]
 630              	.LBE164:
 631              	.LBE165:
 632              		.loc 1 344 3 is_stmt 1 view .LVU225
 633              		.loc 1 347 10 is_stmt 0 view .LVU226
 634 001c 0100A003 		moveq	r0, #1
 635              	.LVL35:
 636              		.loc 1 345 12 view .LVU227
 637 0020 4C109205 		ldreq	r1, [r2, #76]
 638              		.loc 1 336 12 view .LVU228
 639 0024 0000A013 		movne	r0, #0
 640              		.loc 1 344 13 view .LVU229
 641 0028 08208305 		streq	r2, [r3, #8]
 642              		.loc 1 345 3 is_stmt 1 view .LVU230
 643              		.loc 1 345 12 is_stmt 0 view .LVU231
 644 002c 0C108305 		streq	r1, [r3, #12]
 645              		.loc 1 346 3 is_stmt 1 view .LVU232
 646              		.loc 1 346 19 is_stmt 0 view .LVU233
 647 0030 4C308205 		streq	r3, [r2, #76]
 648              		.loc 1 347 3 is_stmt 1 view .LVU234
 649              	.LVL36:
 650              		.loc 1 347 3 is_stmt 0 view .LVU235
 651              	.LBE161:
 652              	.LBE160:
 653              		.loc 1 298 3 is_stmt 1 view .LVU236
 654              	.LBB166:
 655              	.LBI166:
 656              		.loc 5 385 20 view .LVU237
 657              	.LBB167:
 658              		.loc 5 387 23 view .LVU238
 659              		.loc 5 388 34 view .LVU239
 660              		.loc 5 394 3 view .LVU240
 661              		.loc 5 394 3 view .LVU241
 662              		.loc 5 394 3 discriminator 7 view .LVU242
 663              		.loc 5 398 3 view .LVU243
 664              	.LBB168:
 665              	.LBI168:
 666              		.loc 6 751 20 view .LVU244
 667              	.LBB169:
 668              		.loc 6 756 3 view .LVU245
 669              		.syntax divided
 670              	@ 756 "../../../os/common/ports/ARMv7-R/chcore.h" 1
 671 0034 C00008F1 		cpsie   if
 672              	@ 0 "" 2
 673              		.arm
 674              		.syntax unified
 675              	.LBE169:
 676              	.LBE168:
 677              	.LBE167:
 678              	.LBE166:
 679              		.loc 1 300 3 view .LVU246
 680              		.loc 1 301 1 is_stmt 0 view .LVU247
 681 0038 1EFF2FE1 		bx	lr
 682              		.cfi_endproc
 683              	.LFE211:
 684              		.size	chMtxTryLock, .-chMtxTryLock
ARM GAS  /tmp/cc6x62HI.s 			page 13


 685              		.section	.text.chMtxTryLockS,"ax",%progbits
 686              		.align	2
 687              		.p2align 4,,15
 688              		.global	chMtxTryLockS
 689              		.syntax unified
 690              		.arm
 691              		.type	chMtxTryLockS, %function
 692              	chMtxTryLockS:
 693              	.LVL37:
 694              	.LFB212:
 695              		.loc 1 320 33 is_stmt 1 view -0
 696              		.cfi_startproc
 697              		@ args = 0, pretend = 0, frame = 0
 698              		@ frame_needed = 0, uses_anonymous_args = 0
 699              		@ link register save eliminated.
 700              		.loc 1 321 3 view .LVU249
 701              	.LBB170:
 702              	.LBI170:
 703              		.loc 3 526 25 view .LVU250
 704              	.LBB171:
 705              		.loc 3 528 3 view .LVU251
 706              		.loc 3 528 3 is_stmt 0 view .LVU252
 707              	.LBE171:
 708              	.LBE170:
 709              		.loc 1 323 21 is_stmt 1 view .LVU253
 710              		.loc 1 324 3 view .LVU254
 711              		.loc 1 324 3 view .LVU255
 712              		.loc 1 324 3 discriminator 5 view .LVU256
 713              		.loc 1 326 3 view .LVU257
 714              		.loc 1 326 6 is_stmt 0 view .LVU258
 715 0000 082090E5 		ldr	r2, [r0, #8]
 716              		.loc 1 320 33 view .LVU259
 717 0004 0030A0E1 		mov	r3, r0
 718              		.loc 1 326 6 view .LVU260
 719 0008 000052E3 		cmp	r2, #0
 720              	.LBB173:
 721              	.LBB172:
 722              		.loc 3 528 10 view .LVU261
 723 000c 00200003 		movweq	r2, #:lower16:ch0
 724 0010 00204003 		movteq	r2, #:upper16:ch0
 725 0014 0C209205 		ldreq	r2, [r2, #12]
 726              	.LBE172:
 727              	.LBE173:
 728              		.loc 1 344 3 is_stmt 1 view .LVU262
 729              		.loc 1 347 10 is_stmt 0 view .LVU263
 730 0018 0100A003 		moveq	r0, #1
 731              	.LVL38:
 732              		.loc 1 345 12 view .LVU264
 733 001c 4C109205 		ldreq	r1, [r2, #76]
 734              		.loc 1 336 12 view .LVU265
 735 0020 0000A013 		movne	r0, #0
 736              		.loc 1 344 13 view .LVU266
 737 0024 08208305 		streq	r2, [r3, #8]
 738              		.loc 1 345 3 is_stmt 1 view .LVU267
 739              		.loc 1 345 12 is_stmt 0 view .LVU268
 740 0028 0C108305 		streq	r1, [r3, #12]
 741              		.loc 1 346 3 is_stmt 1 view .LVU269
ARM GAS  /tmp/cc6x62HI.s 			page 14


 742              		.loc 1 346 19 is_stmt 0 view .LVU270
 743 002c 4C308205 		streq	r3, [r2, #76]
 744              		.loc 1 347 3 is_stmt 1 view .LVU271
 745              		.loc 1 348 1 is_stmt 0 view .LVU272
 746 0030 1EFF2FE1 		bx	lr
 747              		.cfi_endproc
 748              	.LFE212:
 749              		.size	chMtxTryLockS, .-chMtxTryLockS
 750              		.section	.text.chMtxUnlock,"ax",%progbits
 751              		.align	2
 752              		.p2align 4,,15
 753              		.global	chMtxUnlock
 754              		.syntax unified
 755              		.arm
 756              		.type	chMtxUnlock, %function
 757              	chMtxUnlock:
 758              	.LVL39:
 759              	.LFB213:
 760              		.loc 1 362 31 is_stmt 1 view -0
 761              		.cfi_startproc
 762              		@ args = 0, pretend = 0, frame = 0
 763              		@ frame_needed = 0, uses_anonymous_args = 0
 764              		.loc 1 363 3 view .LVU274
 765              	.LBB174:
 766              	.LBI174:
 767              		.loc 3 526 25 view .LVU275
 768              	.LBB175:
 769              		.loc 3 528 3 view .LVU276
 770              		.loc 3 528 10 is_stmt 0 view .LVU277
 771 0000 003000E3 		movw	r3, #:lower16:ch0
 772 0004 003040E3 		movt	r3, #:upper16:ch0
 773              	.LBE175:
 774              	.LBE174:
 775              		.loc 1 362 31 view .LVU278
 776 0008 00C0A0E1 		mov	ip, r0
 777              	.LBB177:
 778              	.LBB176:
 779              		.loc 3 528 10 view .LVU279
 780 000c 0C0093E5 		ldr	r0, [r3, #12]
 781              	.LVL40:
 782              		.loc 3 528 10 view .LVU280
 783              	.LBE176:
 784              	.LBE177:
 785              		.loc 1 364 3 is_stmt 1 view .LVU281
 786              		.loc 1 366 3 view .LVU282
 787              		.loc 1 366 3 view .LVU283
 788              		.loc 1 366 3 discriminator 5 view .LVU284
 789              		.loc 1 368 3 view .LVU285
 790              	.LBB178:
 791              	.LBI178:
 792              		.loc 5 371 20 view .LVU286
 793              		.loc 5 373 3 view .LVU287
 794              	.LBB179:
 795              	.LBI179:
 796              		.loc 6 739 20 view .LVU288
 797              	.LBB180:
 798              		.loc 6 741 3 view .LVU289
ARM GAS  /tmp/cc6x62HI.s 			page 15


 799              		.syntax divided
 800              	@ 741 "../../../os/common/ports/ARMv7-R/chcore.h" 1
 801 0010 80000CF1 		cpsid   i
 802              	@ 0 "" 2
 803              		.arm
 804              		.syntax unified
 805              	.LBE180:
 806              	.LBE179:
 807              		.loc 5 374 35 view .LVU290
 808              		.loc 5 375 21 view .LVU291
 809              	.LBE178:
 810              		.loc 1 370 3 view .LVU292
 811              		.loc 1 370 3 view .LVU293
 812              		.loc 1 370 3 discriminator 5 view .LVU294
 813              		.loc 1 371 3 view .LVU295
 814              		.loc 1 371 3 view .LVU296
 815              		.loc 1 371 3 discriminator 5 view .LVU297
 816              		.loc 1 378 5 view .LVU298
 817              		.loc 1 378 5 view .LVU299
 818              		.loc 1 378 5 discriminator 5 view .LVU300
 819              		.loc 1 383 5 view .LVU301
 820              		.loc 1 386 8 is_stmt 0 discriminator 1 view .LVU302
 821 0014 00209CE5 		ldr	r2, [ip]
 822              		.loc 1 383 25 view .LVU303
 823 0018 0C309CE5 		ldr	r3, [ip, #12]
 824              		.loc 1 386 8 discriminator 1 view .LVU304
 825 001c 0C0052E1 		cmp	r2, ip
 826              		.loc 1 383 21 view .LVU305
 827 0020 4C3080E5 		str	r3, [r0, #76]
 828              		.loc 1 386 5 is_stmt 1 view .LVU306
 829              	.LVL41:
 830              	.LBB181:
 831              	.LBI181:
 832              		.file 7 "../../../os/rt/include/chmtx.h"
 833              		.loc 7 128 20 view .LVU307
 834              	.LBB182:
 835              		.loc 7 130 21 view .LVU308
 836              		.loc 7 132 3 view .LVU309
 837              	.LBB183:
 838              	.LBI183:
 839              		.loc 2 310 20 view .LVU310
 840              	.LBB184:
 841              		.loc 2 312 3 view .LVU311
 842              		.loc 2 312 3 is_stmt 0 view .LVU312
 843              	.LBE184:
 844              	.LBE183:
 845              	.LBE182:
 846              	.LBE181:
 847              		.loc 1 386 8 discriminator 1 view .LVU313
 848 0024 1900000A 		beq	.L39
 849              	.LBB185:
 850              		.loc 1 387 7 is_stmt 1 view .LVU314
 851              		.loc 1 391 7 view .LVU315
 852              		.loc 1 393 18 is_stmt 0 view .LVU316
 853 0028 000053E3 		cmp	r3, #0
 854              	.LBE185:
 855              		.loc 1 362 31 view .LVU317
ARM GAS  /tmp/cc6x62HI.s 			page 16


 856 002c 10402DE9 		push	{r4, lr}
 857              		.cfi_def_cfa_offset 8
 858              		.cfi_offset 4, -8
 859              		.cfi_offset 14, -4
 860              	.LBB194:
 861              		.loc 1 391 15 view .LVU318
 862 0030 501090E5 		ldr	r1, [r0, #80]
 863              	.LVL42:
 864              		.loc 1 392 7 is_stmt 1 view .LVU319
 865              		.loc 1 393 7 view .LVU320
 866              		.loc 1 393 18 view .LVU321
 867 0034 0800000A 		beq	.L40
 868              	.L42:
 869              		.loc 1 397 9 view .LVU322
 870              	.LVL43:
 871              	.LBB186:
 872              	.LBI186:
 873              		.loc 7 128 20 view .LVU323
 874              	.LBB187:
 875              		.loc 7 130 21 view .LVU324
 876              		.loc 7 132 3 view .LVU325
 877              	.LBB188:
 878              	.LBI188:
 879              		.loc 2 310 20 view .LVU326
 880              	.LBB189:
 881              		.loc 2 312 3 view .LVU327
 882              		.loc 2 312 19 is_stmt 0 view .LVU328
 883 0038 002093E5 		ldr	r2, [r3]
 884              	.LVL44:
 885              		.loc 2 312 19 view .LVU329
 886              	.LBE189:
 887              	.LBE188:
 888              	.LBE187:
 889              	.LBE186:
 890              		.loc 1 397 12 discriminator 1 view .LVU330
 891 003c 020053E1 		cmp	r3, r2
 892 0040 0200000A 		beq	.L41
 893              		.loc 1 397 38 discriminator 1 view .LVU331
 894 0044 082092E5 		ldr	r2, [r2, #8]
 895 0048 020051E1 		cmp	r1, r2
 896 004c 0210A031 		movcc	r1, r2
 897              	.LVL45:
 898              	.L41:
 899              		.loc 1 401 9 is_stmt 1 view .LVU332
 900              		.loc 1 401 13 is_stmt 0 view .LVU333
 901 0050 0C3093E5 		ldr	r3, [r3, #12]
 902              	.LVL46:
 903              		.loc 1 393 18 is_stmt 1 view .LVU334
 904 0054 000053E3 		cmp	r3, #0
 905 0058 F6FFFF1A 		bne	.L42
 906              	.L40:
 907              		.loc 1 406 7 view .LVU335
 908              		.loc 1 406 31 is_stmt 0 view .LVU336
 909 005c 081080E5 		str	r1, [r0, #8]
 910              		.loc 1 413 7 is_stmt 1 view .LVU337
 911              	.LVL47:
 912              	.LBB190:
ARM GAS  /tmp/cc6x62HI.s 			page 17


 913              	.LBI190:
 914              		.loc 2 341 27 view .LVU338
 915              	.LBB191:
 916              		.loc 2 343 3 view .LVU339
 917              		.loc 2 343 3 view .LVU340
 918              		.loc 2 343 3 discriminator 5 view .LVU341
 919              		.loc 2 345 3 view .LVU342
 920              		.loc 2 345 15 is_stmt 0 view .LVU343
 921 0060 00009CE5 		ldr	r0, [ip]
 922              	.LVL48:
 923              		.loc 2 347 3 is_stmt 1 view .LVU344
 924              	.LBE191:
 925              	.LBE190:
 926              		.loc 1 415 16 is_stmt 0 view .LVU345
 927 0064 4C2090E5 		ldr	r2, [r0, #76]
 928              	.LBB193:
 929              	.LBB192:
 930              		.loc 2 347 21 view .LVU346
 931 0068 003090E5 		ldr	r3, [r0]
 932              	.LVL49:
 933              		.loc 2 347 18 view .LVU347
 934 006c 00308CE5 		str	r3, [ip]
 935              		.loc 2 348 3 is_stmt 1 view .LVU348
 936              		.loc 2 348 18 is_stmt 0 view .LVU349
 937 0070 04C083E5 		str	ip, [r3, #4]
 938              		.loc 2 350 3 is_stmt 1 view .LVU350
 939              	.LVL50:
 940              		.loc 2 350 3 is_stmt 0 view .LVU351
 941              	.LBE192:
 942              	.LBE193:
 943              		.loc 1 414 7 is_stmt 1 view .LVU352
 944              		.loc 1 414 17 is_stmt 0 view .LVU353
 945 0074 08008CE5 		str	r0, [ip, #8]
 946              		.loc 1 415 7 is_stmt 1 view .LVU354
 947              		.loc 1 415 16 is_stmt 0 view .LVU355
 948 0078 0C208CE5 		str	r2, [ip, #12]
 949              		.loc 1 416 7 is_stmt 1 view .LVU356
 950              		.loc 1 416 19 is_stmt 0 view .LVU357
 951 007c 4CC080E5 		str	ip, [r0, #76]
 952              		.loc 1 422 7 is_stmt 1 view .LVU358
 953              		.loc 1 422 14 is_stmt 0 view .LVU359
 954 0080 FEFFFFEB 		bl	chSchReadyI
 955              	.LVL51:
 956              		.loc 1 423 7 is_stmt 1 view .LVU360
 957 0084 FEFFFFEB 		bl	chSchRescheduleS
 958              	.LVL52:
 959              	.LBE194:
 960              		.loc 1 432 3 view .LVU361
 961              	.LBB195:
 962              	.LBI195:
 963              		.loc 5 385 20 view .LVU362
 964              	.LBB196:
 965              		.loc 5 387 23 view .LVU363
 966              		.loc 5 388 34 view .LVU364
 967              		.loc 5 394 3 view .LVU365
 968              		.loc 5 394 3 view .LVU366
 969              		.loc 5 394 3 discriminator 7 view .LVU367
ARM GAS  /tmp/cc6x62HI.s 			page 18


 970              		.loc 5 398 3 view .LVU368
 971              	.LBB197:
 972              	.LBI197:
 973              		.loc 6 751 20 view .LVU369
 974              	.LBB198:
 975              		.loc 6 756 3 view .LVU370
 976              		.syntax divided
 977              	@ 756 "../../../os/common/ports/ARMv7-R/chcore.h" 1
 978 0088 C00008F1 		cpsie   if
 979              	@ 0 "" 2
 980              		.arm
 981              		.syntax unified
 982              	.LBE198:
 983              	.LBE197:
 984              	.LBE196:
 985              	.LBE195:
 986              		.loc 1 433 1 is_stmt 0 view .LVU371
 987 008c 1080BDE8 		pop	{r4, pc}
 988              	.LVL53:
 989              	.L39:
 990              		.cfi_def_cfa_offset 0
 991              		.cfi_restore 4
 992              		.cfi_restore 14
 993              		.loc 1 426 7 is_stmt 1 view .LVU372
 994              		.loc 1 426 17 is_stmt 0 view .LVU373
 995 0090 0030A0E3 		mov	r3, #0
 996 0094 083082E5 		str	r3, [r2, #8]
 997              		.loc 1 432 3 is_stmt 1 view .LVU374
 998              	.LBB202:
 999              		.loc 5 385 20 view .LVU375
 1000              	.LBB201:
 1001              		.loc 5 387 23 view .LVU376
 1002              		.loc 5 388 34 view .LVU377
 1003              		.loc 5 394 3 view .LVU378
 1004              		.loc 5 394 3 view .LVU379
 1005              		.loc 5 394 3 discriminator 7 view .LVU380
 1006              		.loc 5 398 3 view .LVU381
 1007              	.LBB200:
 1008              		.loc 6 751 20 view .LVU382
 1009              	.LBB199:
 1010              		.loc 6 756 3 view .LVU383
 1011              		.syntax divided
 1012              	@ 756 "../../../os/common/ports/ARMv7-R/chcore.h" 1
 1013 0098 C00008F1 		cpsie   if
 1014              	@ 0 "" 2
 1015              		.arm
 1016              		.syntax unified
 1017 009c 1EFF2FE1 		bx	lr
 1018              	.LBE199:
 1019              	.LBE200:
 1020              	.LBE201:
 1021              	.LBE202:
 1022              		.cfi_endproc
 1023              	.LFE213:
 1024              		.size	chMtxUnlock, .-chMtxUnlock
 1025              		.section	.text.chMtxUnlockS,"ax",%progbits
 1026              		.align	2
ARM GAS  /tmp/cc6x62HI.s 			page 19


 1027              		.p2align 4,,15
 1028              		.global	chMtxUnlockS
 1029              		.syntax unified
 1030              		.arm
 1031              		.type	chMtxUnlockS, %function
 1032              	chMtxUnlockS:
 1033              	.LVL54:
 1034              	.LFB214:
 1035              		.loc 1 449 32 view -0
 1036              		.cfi_startproc
 1037              		@ args = 0, pretend = 0, frame = 0
 1038              		@ frame_needed = 0, uses_anonymous_args = 0
 1039              		@ link register save eliminated.
 1040              		.loc 1 450 3 view .LVU385
 1041              	.LBB203:
 1042              	.LBI203:
 1043              		.loc 3 526 25 view .LVU386
 1044              	.LBB204:
 1045              		.loc 3 528 3 view .LVU387
 1046              	.LBE204:
 1047              	.LBE203:
 1048              		.loc 1 449 32 is_stmt 0 view .LVU388
 1049 0000 00C0A0E1 		mov	ip, r0
 1050              	.LBB207:
 1051              	.LBB205:
 1052              		.loc 3 528 10 view .LVU389
 1053 0004 003000E3 		movw	r3, #:lower16:ch0
 1054              	.LBE205:
 1055              	.LBE207:
 1056              		.loc 1 472 8 discriminator 1 view .LVU390
 1057 0008 00209CE5 		ldr	r2, [ip]
 1058              	.LBB208:
 1059              	.LBB206:
 1060              		.loc 3 528 10 view .LVU391
 1061 000c 003040E3 		movt	r3, #:upper16:ch0
 1062 0010 0C0093E5 		ldr	r0, [r3, #12]
 1063              	.LVL55:
 1064              		.loc 3 528 10 view .LVU392
 1065              	.LBE206:
 1066              	.LBE208:
 1067              		.loc 1 451 3 is_stmt 1 view .LVU393
 1068              		.loc 1 453 21 view .LVU394
 1069              		.loc 1 454 3 view .LVU395
 1070              		.loc 1 454 3 view .LVU396
 1071              		.loc 1 454 3 discriminator 5 view .LVU397
 1072              		.loc 1 456 3 view .LVU398
 1073              		.loc 1 456 3 view .LVU399
 1074              		.loc 1 456 3 discriminator 5 view .LVU400
 1075              		.loc 1 457 3 view .LVU401
 1076              		.loc 1 457 3 view .LVU402
 1077              		.loc 1 457 3 discriminator 5 view .LVU403
 1078              		.loc 1 464 5 view .LVU404
 1079              		.loc 1 464 5 view .LVU405
 1080              		.loc 1 464 5 discriminator 5 view .LVU406
 1081              		.loc 1 469 5 view .LVU407
 1082              		.loc 1 469 25 is_stmt 0 view .LVU408
 1083 0014 0C309CE5 		ldr	r3, [ip, #12]
ARM GAS  /tmp/cc6x62HI.s 			page 20


 1084              		.loc 1 472 8 discriminator 1 view .LVU409
 1085 0018 0C0052E1 		cmp	r2, ip
 1086              		.loc 1 469 21 view .LVU410
 1087 001c 4C3080E5 		str	r3, [r0, #76]
 1088              		.loc 1 472 5 is_stmt 1 view .LVU411
 1089              	.LVL56:
 1090              	.LBB209:
 1091              	.LBI209:
 1092              		.loc 7 128 20 view .LVU412
 1093              	.LBB210:
 1094              		.loc 7 130 21 view .LVU413
 1095              		.loc 7 132 3 view .LVU414
 1096              	.LBB211:
 1097              	.LBI211:
 1098              		.loc 2 310 20 view .LVU415
 1099              	.LBB212:
 1100              		.loc 2 312 3 view .LVU416
 1101              		.loc 2 312 3 is_stmt 0 view .LVU417
 1102              	.LBE212:
 1103              	.LBE211:
 1104              	.LBE210:
 1105              	.LBE209:
 1106              		.loc 1 472 8 discriminator 1 view .LVU418
 1107 0020 1500000A 		beq	.L53
 1108              	.LBB213:
 1109              		.loc 1 473 7 is_stmt 1 view .LVU419
 1110              		.loc 1 477 7 view .LVU420
 1111              		.loc 1 479 18 is_stmt 0 view .LVU421
 1112 0024 000053E3 		cmp	r3, #0
 1113              		.loc 1 477 15 view .LVU422
 1114 0028 501090E5 		ldr	r1, [r0, #80]
 1115              	.LVL57:
 1116              		.loc 1 478 7 is_stmt 1 view .LVU423
 1117              		.loc 1 479 7 view .LVU424
 1118              		.loc 1 479 18 view .LVU425
 1119 002c 0800000A 		beq	.L54
 1120              	.L56:
 1121              		.loc 1 483 9 view .LVU426
 1122              	.LVL58:
 1123              	.LBB214:
 1124              	.LBI214:
 1125              		.loc 7 128 20 view .LVU427
 1126              	.LBB215:
 1127              		.loc 7 130 21 view .LVU428
 1128              		.loc 7 132 3 view .LVU429
 1129              	.LBB216:
 1130              	.LBI216:
 1131              		.loc 2 310 20 view .LVU430
 1132              	.LBB217:
 1133              		.loc 2 312 3 view .LVU431
 1134              		.loc 2 312 19 is_stmt 0 view .LVU432
 1135 0030 002093E5 		ldr	r2, [r3]
 1136              	.LVL59:
 1137              		.loc 2 312 19 view .LVU433
 1138              	.LBE217:
 1139              	.LBE216:
 1140              	.LBE215:
ARM GAS  /tmp/cc6x62HI.s 			page 21


 1141              	.LBE214:
 1142              		.loc 1 483 12 discriminator 1 view .LVU434
 1143 0034 020053E1 		cmp	r3, r2
 1144 0038 0200000A 		beq	.L55
 1145              		.loc 1 483 38 discriminator 1 view .LVU435
 1146 003c 082092E5 		ldr	r2, [r2, #8]
 1147 0040 020051E1 		cmp	r1, r2
 1148 0044 0210A031 		movcc	r1, r2
 1149              	.LVL60:
 1150              	.L55:
 1151              		.loc 1 487 9 is_stmt 1 view .LVU436
 1152              		.loc 1 487 13 is_stmt 0 view .LVU437
 1153 0048 0C3093E5 		ldr	r3, [r3, #12]
 1154              	.LVL61:
 1155              		.loc 1 479 18 is_stmt 1 view .LVU438
 1156 004c 000053E3 		cmp	r3, #0
 1157 0050 F6FFFF1A 		bne	.L56
 1158              	.L54:
 1159              		.loc 1 492 7 view .LVU439
 1160              		.loc 1 492 31 is_stmt 0 view .LVU440
 1161 0054 081080E5 		str	r1, [r0, #8]
 1162              		.loc 1 499 7 is_stmt 1 view .LVU441
 1163              	.LVL62:
 1164              	.LBB218:
 1165              	.LBI218:
 1166              		.loc 2 341 27 view .LVU442
 1167              	.LBB219:
 1168              		.loc 2 343 3 view .LVU443
 1169              		.loc 2 343 3 view .LVU444
 1170              		.loc 2 343 3 discriminator 5 view .LVU445
 1171              		.loc 2 345 3 view .LVU446
 1172              		.loc 2 345 15 is_stmt 0 view .LVU447
 1173 0058 00009CE5 		ldr	r0, [ip]
 1174              	.LVL63:
 1175              		.loc 2 347 3 is_stmt 1 view .LVU448
 1176              	.LBE219:
 1177              	.LBE218:
 1178              		.loc 1 501 16 is_stmt 0 view .LVU449
 1179 005c 4C2090E5 		ldr	r2, [r0, #76]
 1180              	.LBB221:
 1181              	.LBB220:
 1182              		.loc 2 347 21 view .LVU450
 1183 0060 003090E5 		ldr	r3, [r0]
 1184              	.LVL64:
 1185              		.loc 2 347 18 view .LVU451
 1186 0064 00308CE5 		str	r3, [ip]
 1187              		.loc 2 348 3 is_stmt 1 view .LVU452
 1188              		.loc 2 348 18 is_stmt 0 view .LVU453
 1189 0068 04C083E5 		str	ip, [r3, #4]
 1190              		.loc 2 350 3 is_stmt 1 view .LVU454
 1191              	.LVL65:
 1192              		.loc 2 350 3 is_stmt 0 view .LVU455
 1193              	.LBE220:
 1194              	.LBE221:
 1195              		.loc 1 500 7 is_stmt 1 view .LVU456
 1196              		.loc 1 500 17 is_stmt 0 view .LVU457
 1197 006c 08008CE5 		str	r0, [ip, #8]
ARM GAS  /tmp/cc6x62HI.s 			page 22


 1198              		.loc 1 501 7 is_stmt 1 view .LVU458
 1199              		.loc 1 501 16 is_stmt 0 view .LVU459
 1200 0070 0C208CE5 		str	r2, [ip, #12]
 1201              		.loc 1 502 7 is_stmt 1 view .LVU460
 1202              		.loc 1 502 19 is_stmt 0 view .LVU461
 1203 0074 4CC080E5 		str	ip, [r0, #76]
 1204              		.loc 1 503 7 is_stmt 1 view .LVU462
 1205              		.loc 1 503 14 is_stmt 0 view .LVU463
 1206 0078 FEFFFFEA 		b	chSchReadyI
 1207              	.LVL66:
 1208              	.L53:
 1209              		.loc 1 503 14 view .LVU464
 1210              	.LBE213:
 1211              		.loc 1 506 7 is_stmt 1 view .LVU465
 1212              		.loc 1 506 17 is_stmt 0 view .LVU466
 1213 007c 0030A0E3 		mov	r3, #0
 1214 0080 083082E5 		str	r3, [r2, #8]
 1215              		.loc 1 511 1 view .LVU467
 1216 0084 1EFF2FE1 		bx	lr
 1217              		.cfi_endproc
 1218              	.LFE214:
 1219              		.size	chMtxUnlockS, .-chMtxUnlockS
 1220              		.section	.text.chMtxUnlockAllS,"ax",%progbits
 1221              		.align	2
 1222              		.p2align 4,,15
 1223              		.global	chMtxUnlockAllS
 1224              		.syntax unified
 1225              		.arm
 1226              		.type	chMtxUnlockAllS, %function
 1227              	chMtxUnlockAllS:
 1228              	.LFB215:
 1229              		.loc 1 526 28 is_stmt 1 view -0
 1230              		.cfi_startproc
 1231              		@ args = 0, pretend = 0, frame = 0
 1232              		@ frame_needed = 0, uses_anonymous_args = 0
 1233              		.loc 1 527 3 view .LVU469
 1234              	.LBB222:
 1235              	.LBI222:
 1236              		.loc 3 526 25 view .LVU470
 1237              	.LBB223:
 1238              		.loc 3 528 3 view .LVU471
 1239              		.loc 3 528 10 is_stmt 0 view .LVU472
 1240 0000 003000E3 		movw	r3, #:lower16:ch0
 1241 0004 003040E3 		movt	r3, #:upper16:ch0
 1242              	.LBE223:
 1243              	.LBE222:
 1244              		.loc 1 526 28 view .LVU473
 1245 0008 70402DE9 		push	{r4, r5, r6, lr}
 1246              		.cfi_def_cfa_offset 16
 1247              		.cfi_offset 4, -16
 1248              		.cfi_offset 5, -12
 1249              		.cfi_offset 6, -8
 1250              		.cfi_offset 14, -4
 1251              	.LBB225:
 1252              	.LBB224:
 1253              		.loc 3 528 10 view .LVU474
 1254 000c 0C4093E5 		ldr	r4, [r3, #12]
ARM GAS  /tmp/cc6x62HI.s 			page 23


 1255              	.LVL67:
 1256              		.loc 3 528 10 view .LVU475
 1257              	.LBE224:
 1258              	.LBE225:
 1259              		.loc 1 529 3 is_stmt 1 view .LVU476
 1260              		.loc 1 529 13 is_stmt 0 view .LVU477
 1261 0010 4C3094E5 		ldr	r3, [r4, #76]
 1262              		.loc 1 529 6 view .LVU478
 1263 0014 000053E3 		cmp	r3, #0
 1264 0018 7080BD08 		popeq	{r4, r5, r6, pc}
 1265              	.LBB226:
 1266              		.loc 1 548 19 view .LVU479
 1267 001c 0050A0E3 		mov	r5, #0
 1268              	.L65:
 1269              		.loc 1 548 19 view .LVU480
 1270              	.LBE226:
 1271              		.loc 1 530 5 is_stmt 1 view .LVU481
 1272              	.LBB244:
 1273              		.loc 1 531 7 view .LVU482
 1274              	.LVL68:
 1275              		.loc 1 532 7 view .LVU483
 1276              	.LBB227:
 1277              		.loc 1 534 9 view .LVU484
 1278              		.loc 1 538 9 view .LVU485
 1279              	.LBB228:
 1280              	.LBI228:
 1281              		.loc 2 341 27 view .LVU486
 1282              	.LBB229:
 1283              		.loc 2 343 3 view .LVU487
 1284              		.loc 2 343 3 view .LVU488
 1285              		.loc 2 343 3 discriminator 5 view .LVU489
 1286              		.loc 2 345 3 view .LVU490
 1287              	.LBE229:
 1288              	.LBE228:
 1289              	.LBE227:
 1290              		.loc 1 548 9 view .LVU491
 1291              	.LBB234:
 1292              	.LBB235:
 1293              	.LBB236:
 1294              	.LBB237:
 1295              		.loc 2 312 19 is_stmt 0 view .LVU492
 1296 0020 000093E5 		ldr	r0, [r3]
 1297              	.LVL69:
 1298              		.loc 2 312 19 view .LVU493
 1299              	.LBE237:
 1300              	.LBE236:
 1301              	.LBE235:
 1302              	.LBE234:
 1303              	.LBB241:
 1304              	.LBB232:
 1305              	.LBB230:
 1306              		.loc 2 347 3 is_stmt 1 view .LVU494
 1307              	.LBE230:
 1308              	.LBE232:
 1309              	.LBE241:
 1310              		.loc 1 532 27 is_stmt 0 view .LVU495
 1311 0024 0C2093E5 		ldr	r2, [r3, #12]
ARM GAS  /tmp/cc6x62HI.s 			page 24


 1312              		.loc 1 533 10 discriminator 1 view .LVU496
 1313 0028 000053E1 		cmp	r3, r0
 1314              		.loc 1 532 23 view .LVU497
 1315 002c 4C2084E5 		str	r2, [r4, #76]
 1316              	.LVL70:
 1317              		.loc 1 533 7 is_stmt 1 view .LVU498
 1318              	.LBB242:
 1319              	.LBI234:
 1320              		.loc 7 128 20 view .LVU499
 1321              	.LBB240:
 1322              		.loc 7 130 21 view .LVU500
 1323              		.loc 7 132 3 view .LVU501
 1324              	.LBB239:
 1325              	.LBI236:
 1326              		.loc 2 310 20 view .LVU502
 1327              	.LBB238:
 1328              		.loc 2 312 3 view .LVU503
 1329              		.loc 2 312 3 is_stmt 0 view .LVU504
 1330              	.LBE238:
 1331              	.LBE239:
 1332              	.LBE240:
 1333              	.LBE242:
 1334              		.loc 1 548 19 view .LVU505
 1335 0030 08508305 		streq	r5, [r3, #8]
 1336 0034 0230A001 		moveq	r3, r2
 1337              	.LVL71:
 1338              		.loc 1 533 10 discriminator 1 view .LVU506
 1339 0038 0700000A 		beq	.L64
 1340              	.LBB243:
 1341              		.loc 1 540 21 view .LVU507
 1342 003c 4C1090E5 		ldr	r1, [r0, #76]
 1343              	.LBB233:
 1344              	.LBB231:
 1345              		.loc 2 347 21 view .LVU508
 1346 0040 002090E5 		ldr	r2, [r0]
 1347              		.loc 2 347 18 view .LVU509
 1348 0044 002083E5 		str	r2, [r3]
 1349              		.loc 2 348 3 is_stmt 1 view .LVU510
 1350              		.loc 2 348 18 is_stmt 0 view .LVU511
 1351 0048 043082E5 		str	r3, [r2, #4]
 1352              		.loc 2 350 3 is_stmt 1 view .LVU512
 1353              	.LVL72:
 1354              		.loc 2 350 3 is_stmt 0 view .LVU513
 1355              	.LBE231:
 1356              	.LBE233:
 1357              		.loc 1 539 9 is_stmt 1 view .LVU514
 1358              		.loc 1 540 21 is_stmt 0 view .LVU515
 1359 004c F800C3E1 		strd	r0, [r3, #8]
 1360              		.loc 1 541 9 is_stmt 1 view .LVU516
 1361              		.loc 1 541 21 is_stmt 0 view .LVU517
 1362 0050 4C3080E5 		str	r3, [r0, #76]
 1363              		.loc 1 542 9 is_stmt 1 view .LVU518
 1364              		.loc 1 542 16 is_stmt 0 view .LVU519
 1365 0054 FEFFFFEB 		bl	chSchReadyI
 1366              	.LVL73:
 1367              		.loc 1 542 16 view .LVU520
 1368              	.LBE243:
ARM GAS  /tmp/cc6x62HI.s 			page 25


 1369              	.LBE244:
 1370              		.loc 1 550 20 view .LVU521
 1371 0058 4C3094E5 		ldr	r3, [r4, #76]
 1372              	.LVL74:
 1373              	.L64:
 1374              		.loc 1 550 30 is_stmt 1 view .LVU522
 1375 005c 000053E3 		cmp	r3, #0
 1376 0060 EEFFFF1A 		bne	.L65
 1377              		.loc 1 551 5 view .LVU523
 1378              		.loc 1 551 29 is_stmt 0 view .LVU524
 1379 0064 503094E5 		ldr	r3, [r4, #80]
 1380 0068 083084E5 		str	r3, [r4, #8]
 1381              		.loc 1 552 5 is_stmt 1 view .LVU525
 1382              		.loc 1 554 1 is_stmt 0 view .LVU526
 1383 006c 7040BDE8 		pop	{r4, r5, r6, lr}
 1384              		.cfi_restore 14
 1385              		.cfi_restore 6
 1386              		.cfi_restore 5
 1387              		.cfi_restore 4
 1388              		.cfi_def_cfa_offset 0
 1389              	.LVL75:
 1390              		.loc 1 552 5 view .LVU527
 1391 0070 FEFFFFEA 		b	chSchRescheduleS
 1392              	.LVL76:
 1393              		.cfi_endproc
 1394              	.LFE215:
 1395              		.size	chMtxUnlockAllS, .-chMtxUnlockAllS
 1396              		.section	.text.chMtxUnlockAll,"ax",%progbits
 1397              		.align	2
 1398              		.p2align 4,,15
 1399              		.global	chMtxUnlockAll
 1400              		.syntax unified
 1401              		.arm
 1402              		.type	chMtxUnlockAll, %function
 1403              	chMtxUnlockAll:
 1404              	.LFB216:
 1405              		.loc 1 567 27 is_stmt 1 view -0
 1406              		.cfi_startproc
 1407              		@ args = 0, pretend = 0, frame = 0
 1408              		@ frame_needed = 0, uses_anonymous_args = 0
 1409              		.loc 1 569 3 view .LVU529
 1410              	.LBB245:
 1411              	.LBI245:
 1412              		.loc 5 371 20 view .LVU530
 1413              		.loc 5 373 3 view .LVU531
 1414              	.LBB246:
 1415              	.LBI246:
 1416              		.loc 6 739 20 view .LVU532
 1417              	.LBB247:
 1418              		.loc 6 741 3 view .LVU533
 1419              	.LBE247:
 1420              	.LBE246:
 1421              	.LBE245:
 1422              		.loc 1 567 27 is_stmt 0 view .LVU534
 1423 0000 10402DE9 		push	{r4, lr}
 1424              		.cfi_def_cfa_offset 8
 1425              		.cfi_offset 4, -8
ARM GAS  /tmp/cc6x62HI.s 			page 26


 1426              		.cfi_offset 14, -4
 1427              	.LBB250:
 1428              	.LBB249:
 1429              	.LBB248:
 1430              		.loc 6 741 3 view .LVU535
 1431              		.syntax divided
 1432              	@ 741 "../../../os/common/ports/ARMv7-R/chcore.h" 1
 1433 0004 80000CF1 		cpsid   i
 1434              	@ 0 "" 2
 1435              		.arm
 1436              		.syntax unified
 1437              	.LBE248:
 1438              	.LBE249:
 1439              		.loc 5 374 35 is_stmt 1 view .LVU536
 1440              		.loc 5 375 21 view .LVU537
 1441              	.LBE250:
 1442              		.loc 1 570 3 view .LVU538
 1443 0008 FEFFFFEB 		bl	chMtxUnlockAllS
 1444              	.LVL77:
 1445              		.loc 1 571 3 view .LVU539
 1446              	.LBB251:
 1447              	.LBI251:
 1448              		.loc 5 385 20 view .LVU540
 1449              	.LBB252:
 1450              		.loc 5 387 23 view .LVU541
 1451              		.loc 5 388 34 view .LVU542
 1452              		.loc 5 394 3 view .LVU543
 1453              		.loc 5 394 3 view .LVU544
 1454              		.loc 5 394 3 discriminator 7 view .LVU545
 1455              		.loc 5 398 3 view .LVU546
 1456              	.LBB253:
 1457              	.LBI253:
 1458              		.loc 6 751 20 view .LVU547
 1459              	.LBB254:
 1460              		.loc 6 756 3 view .LVU548
 1461              		.syntax divided
 1462              	@ 756 "../../../os/common/ports/ARMv7-R/chcore.h" 1
 1463 000c C00008F1 		cpsie   if
 1464              	@ 0 "" 2
 1465              		.arm
 1466              		.syntax unified
 1467              	.LBE254:
 1468              	.LBE253:
 1469              	.LBE252:
 1470              	.LBE251:
 1471              		.loc 1 572 1 is_stmt 0 view .LVU549
 1472 0010 1080BDE8 		pop	{r4, pc}
 1473              		.cfi_endproc
 1474              	.LFE216:
 1475              		.size	chMtxUnlockAll, .-chMtxUnlockAll
 1476              		.text
 1477              	.Letext0:
 1478              		.file 8 "/home/emirhan/Documents/gemstone/chibiOS-port/tools/arm-gnu-toolchain-13.3.rel1-x86_64-ar
 1479              		.file 9 "/home/emirhan/Documents/gemstone/chibiOS-port/tools/arm-gnu-toolchain-13.3.rel1-x86_64-ar
 1480              		.file 10 "../../../os/common/ports/ARM-common/include/chtypes.h"
 1481              		.file 11 "../../../os/rt/include/chearly.h"
 1482              		.file 12 "../../../os/rt/include/chobjects.h"
ARM GAS  /tmp/cc6x62HI.s 			page 27


 1483              		.file 13 "../../../os/rt/include/chrfcu.h"
 1484              		.file 14 "../../../os/rt/include/chdebug.h"
 1485              		.file 15 "../../../os/rt/include/chtime.h"
 1486              		.file 16 "../../../os/rt/include/chsem.h"
 1487              		.file 17 "../../../os/rt/include/chsafety.h"
 1488              		.section	.debug_info,"",%progbits
 1489              	.Ldebug_info0:
 1490 0000 FA120000 		.4byte	0x12fa
 1491 0004 0500     		.2byte	0x5
 1492 0006 01       		.byte	0x1
 1493 0007 04       		.byte	0x4
 1494 0008 00000000 		.4byte	.Ldebug_abbrev0
 1495 000c 34       		.uleb128 0x34
 1496 000d 65040000 		.4byte	.LASF141
 1497 0011 1D       		.byte	0x1d
 1498 0012 7F020000 		.4byte	.LASF142
 1499 0016 7C060000 		.4byte	.LASF143
 1500 001a 1C010000 		.4byte	.LLRL73
 1501 001e 00000000 		.4byte	0
 1502 0022 00000000 		.4byte	.Ldebug_line0
 1503 0026 07       		.uleb128 0x7
 1504 0027 08       		.byte	0x8
 1505 0028 07       		.byte	0x7
 1506 0029 88010000 		.4byte	.LASF0
 1507 002d 07       		.uleb128 0x7
 1508 002e 04       		.byte	0x4
 1509 002f 07       		.byte	0x7
 1510 0030 62000000 		.4byte	.LASF1
 1511 0034 35       		.uleb128 0x35
 1512 0035 04       		.byte	0x4
 1513 0036 05       		.byte	0x5
 1514 0037 696E7400 		.ascii	"int\000"
 1515 003b 07       		.uleb128 0x7
 1516 003c 08       		.byte	0x8
 1517 003d 05       		.byte	0x5
 1518 003e 5A030000 		.4byte	.LASF2
 1519 0042 07       		.uleb128 0x7
 1520 0043 08       		.byte	0x8
 1521 0044 04       		.byte	0x4
 1522 0045 1D040000 		.4byte	.LASF3
 1523 0049 07       		.uleb128 0x7
 1524 004a 01       		.byte	0x1
 1525 004b 06       		.byte	0x6
 1526 004c 09070000 		.4byte	.LASF4
 1527 0050 01       		.uleb128 0x1
 1528 0051 92050000 		.4byte	.LASF8
 1529 0055 08       		.byte	0x8
 1530 0056 2B       		.byte	0x2b
 1531 0057 18       		.byte	0x18
 1532 0058 5C000000 		.4byte	0x5c
 1533 005c 07       		.uleb128 0x7
 1534 005d 01       		.byte	0x1
 1535 005e 08       		.byte	0x8
 1536 005f 45060000 		.4byte	.LASF5
 1537 0063 07       		.uleb128 0x7
 1538 0064 02       		.byte	0x2
 1539 0065 05       		.byte	0x5
ARM GAS  /tmp/cc6x62HI.s 			page 28


 1540 0066 46040000 		.4byte	.LASF6
 1541 006a 07       		.uleb128 0x7
 1542 006b 02       		.byte	0x2
 1543 006c 07       		.byte	0x7
 1544 006d 35070000 		.4byte	.LASF7
 1545 0071 01       		.uleb128 0x1
 1546 0072 8F000000 		.4byte	.LASF9
 1547 0076 08       		.byte	0x8
 1548 0077 4D       		.byte	0x4d
 1549 0078 18       		.byte	0x18
 1550 0079 7D000000 		.4byte	0x7d
 1551 007d 07       		.uleb128 0x7
 1552 007e 04       		.byte	0x4
 1553 007f 05       		.byte	0x5
 1554 0080 50040000 		.4byte	.LASF10
 1555 0084 01       		.uleb128 0x1
 1556 0085 53060000 		.4byte	.LASF11
 1557 0089 08       		.byte	0x8
 1558 008a 4F       		.byte	0x4f
 1559 008b 19       		.byte	0x19
 1560 008c 90000000 		.4byte	0x90
 1561 0090 07       		.uleb128 0x7
 1562 0091 04       		.byte	0x4
 1563 0092 07       		.byte	0x7
 1564 0093 D9050000 		.4byte	.LASF12
 1565 0097 01       		.uleb128 0x1
 1566 0098 74020000 		.4byte	.LASF13
 1567 009c 08       		.byte	0x8
 1568 009d 69       		.byte	0x69
 1569 009e 19       		.byte	0x19
 1570 009f 26000000 		.4byte	0x26
 1571 00a3 01       		.uleb128 0x1
 1572 00a4 33040000 		.4byte	.LASF14
 1573 00a8 08       		.byte	0x8
 1574 00a9 E8       		.byte	0xe8
 1575 00aa 1A       		.byte	0x1a
 1576 00ab 2D000000 		.4byte	0x2d
 1577 00af 36       		.uleb128 0x36
 1578 00b0 04       		.byte	0x4
 1579 00b1 07       		.uleb128 0x7
 1580 00b2 01       		.byte	0x1
 1581 00b3 08       		.byte	0x8
 1582 00b4 E5020000 		.4byte	.LASF15
 1583 00b8 08       		.uleb128 0x8
 1584 00b9 B1000000 		.4byte	0xb1
 1585 00bd 05       		.uleb128 0x5
 1586 00be B8000000 		.4byte	0xb8
 1587 00c2 20       		.uleb128 0x20
 1588 00c3 BD000000 		.4byte	0xbd
 1589 00c7 01       		.uleb128 0x1
 1590 00c8 30030000 		.4byte	.LASF16
 1591 00cc 09       		.byte	0x9
 1592 00cd 18       		.byte	0x18
 1593 00ce 13       		.byte	0x13
 1594 00cf 50000000 		.4byte	0x50
 1595 00d3 01       		.uleb128 0x1
 1596 00d4 FE050000 		.4byte	.LASF17
ARM GAS  /tmp/cc6x62HI.s 			page 29


 1597 00d8 09       		.byte	0x9
 1598 00d9 2C       		.byte	0x2c
 1599 00da 13       		.byte	0x13
 1600 00db 71000000 		.4byte	0x71
 1601 00df 01       		.uleb128 0x1
 1602 00e0 2B010000 		.4byte	.LASF18
 1603 00e4 09       		.byte	0x9
 1604 00e5 30       		.byte	0x30
 1605 00e6 14       		.byte	0x14
 1606 00e7 84000000 		.4byte	0x84
 1607 00eb 01       		.uleb128 0x1
 1608 00ec 71050000 		.4byte	.LASF19
 1609 00f0 09       		.byte	0x9
 1610 00f1 3C       		.byte	0x3c
 1611 00f2 14       		.byte	0x14
 1612 00f3 97000000 		.4byte	0x97
 1613 00f7 20       		.uleb128 0x20
 1614 00f8 EB000000 		.4byte	0xeb
 1615 00fc 01       		.uleb128 0x1
 1616 00fd C7050000 		.4byte	.LASF20
 1617 0101 09       		.byte	0x9
 1618 0102 52       		.byte	0x52
 1619 0103 15       		.byte	0x15
 1620 0104 A3000000 		.4byte	0xa3
 1621 0108 01       		.uleb128 0x1
 1622 0109 25000000 		.4byte	.LASF21
 1623 010d 0A       		.byte	0xa
 1624 010e 47       		.byte	0x47
 1625 010f 1D       		.byte	0x1d
 1626 0110 EB000000 		.4byte	0xeb
 1627 0114 01       		.uleb128 0x1
 1628 0115 D5010000 		.4byte	.LASF22
 1629 0119 0B       		.byte	0xb
 1630 011a 4F       		.byte	0x4f
 1631 011b 19       		.byte	0x19
 1632 011c 08010000 		.4byte	0x108
 1633 0120 01       		.uleb128 0x1
 1634 0121 02040000 		.4byte	.LASF23
 1635 0125 0B       		.byte	0xb
 1636 0126 52       		.byte	0x52
 1637 0127 19       		.byte	0x19
 1638 0128 C7000000 		.4byte	0xc7
 1639 012c 01       		.uleb128 0x1
 1640 012d 20030000 		.4byte	.LASF24
 1641 0131 0B       		.byte	0xb
 1642 0132 53       		.byte	0x53
 1643 0133 19       		.byte	0x19
 1644 0134 C7000000 		.4byte	0xc7
 1645 0138 01       		.uleb128 0x1
 1646 0139 D1050000 		.4byte	.LASF25
 1647 013d 0B       		.byte	0xb
 1648 013e 54       		.byte	0x54
 1649 013f 19       		.byte	0x19
 1650 0140 C7000000 		.4byte	0xc7
 1651 0144 01       		.uleb128 0x1
 1652 0145 55010000 		.4byte	.LASF26
 1653 0149 0B       		.byte	0xb
ARM GAS  /tmp/cc6x62HI.s 			page 30


 1654 014a 56       		.byte	0x56
 1655 014b 19       		.byte	0x19
 1656 014c DF000000 		.4byte	0xdf
 1657 0150 01       		.uleb128 0x1
 1658 0151 74030000 		.4byte	.LASF27
 1659 0155 0B       		.byte	0xb
 1660 0156 57       		.byte	0x57
 1661 0157 19       		.byte	0x19
 1662 0158 D3000000 		.4byte	0xd3
 1663 015c 01       		.uleb128 0x1
 1664 015d 3C010000 		.4byte	.LASF28
 1665 0161 0B       		.byte	0xb
 1666 0162 59       		.byte	0x59
 1667 0163 19       		.byte	0x19
 1668 0164 DF000000 		.4byte	0xdf
 1669 0168 01       		.uleb128 0x1
 1670 0169 CF010000 		.4byte	.LASF29
 1671 016d 0B       		.byte	0xb
 1672 016e 5B       		.byte	0x5b
 1673 016f 19       		.byte	0x19
 1674 0170 D3000000 		.4byte	0xd3
 1675 0174 01       		.uleb128 0x1
 1676 0175 6E070000 		.4byte	.LASF30
 1677 0179 0B       		.byte	0xb
 1678 017a 7F       		.byte	0x7f
 1679 017b 12       		.byte	0x12
 1680 017c 2D000000 		.4byte	0x2d
 1681 0180 01       		.uleb128 0x1
 1682 0181 23020000 		.4byte	.LASF31
 1683 0185 0B       		.byte	0xb
 1684 0186 84       		.byte	0x84
 1685 0187 1A       		.byte	0x1a
 1686 0188 8C010000 		.4byte	0x18c
 1687 018c 09       		.uleb128 0x9
 1688 018d 41030000 		.4byte	.LASF49
 1689 0191 54       		.byte	0x54
 1690 0192 0C       		.byte	0xc
 1691 0193 A6       		.byte	0xa6
 1692 0194 08       		.byte	0x8
 1693 0195 96020000 		.4byte	0x296
 1694 0199 21       		.uleb128 0x21
 1695 019a 68647200 		.ascii	"hdr\000"
 1696 019e 0C       		.byte	0xc
 1697 019f B7       		.byte	0xb7
 1698 01a0 05       		.byte	0x5
 1699 01a1 02060000 		.4byte	0x602
 1700 01a5 00       		.byte	0
 1701 01a6 21       		.uleb128 0x21
 1702 01a7 63747800 		.ascii	"ctx\000"
 1703 01ab 0C       		.byte	0xc
 1704 01ac BB       		.byte	0xbb
 1705 01ad 21       		.byte	0x21
 1706 01ae 56040000 		.4byte	0x456
 1707 01b2 0C       		.byte	0xc
 1708 01b3 02       		.uleb128 0x2
 1709 01b4 F9010000 		.4byte	.LASF32
 1710 01b8 0C       		.byte	0xc
ARM GAS  /tmp/cc6x62HI.s 			page 31


 1711 01b9 BF       		.byte	0xbf
 1712 01ba 22       		.byte	0x22
 1713 01bb F0060000 		.4byte	0x6f0
 1714 01bf 10       		.byte	0x10
 1715 01c0 02       		.uleb128 0x2
 1716 01c1 19030000 		.4byte	.LASF33
 1717 01c5 0C       		.byte	0xc
 1718 01c6 C5       		.byte	0xc5
 1719 01c7 22       		.byte	0x22
 1720 01c8 F5060000 		.4byte	0x6f5
 1721 01cc 14       		.byte	0x14
 1722 01cd 02       		.uleb128 0x2
 1723 01ce 44050000 		.4byte	.LASF34
 1724 01d2 0C       		.byte	0xc
 1725 01d3 CA       		.byte	0xca
 1726 01d4 21       		.byte	0x21
 1727 01d5 F5060000 		.4byte	0x6f5
 1728 01d9 18       		.byte	0x18
 1729 01da 02       		.uleb128 0x2
 1730 01db DD060000 		.4byte	.LASF35
 1731 01df 0C       		.byte	0xc
 1732 01e0 CE       		.byte	0xce
 1733 01e1 21       		.byte	0x21
 1734 01e2 2C010000 		.4byte	0x12c
 1735 01e6 1C       		.byte	0x1c
 1736 01e7 02       		.uleb128 0x2
 1737 01e8 40000000 		.4byte	.LASF36
 1738 01ec 0C       		.byte	0xc
 1739 01ed D2       		.byte	0xd2
 1740 01ee 21       		.byte	0x21
 1741 01ef 20010000 		.4byte	0x120
 1742 01f3 1D       		.byte	0x1d
 1743 01f4 02       		.uleb128 0x2
 1744 01f5 99000000 		.4byte	.LASF37
 1745 01f9 0C       		.byte	0xc
 1746 01fa D7       		.byte	0xd7
 1747 01fb 21       		.byte	0x21
 1748 01fc 38010000 		.4byte	0x138
 1749 0200 1E       		.byte	0x1e
 1750 0201 02       		.uleb128 0x2
 1751 0202 9C050000 		.4byte	.LASF38
 1752 0206 0C       		.byte	0xc
 1753 0207 DB       		.byte	0xdb
 1754 0208 22       		.byte	0x22
 1755 0209 BD000000 		.4byte	0xbd
 1756 020d 20       		.byte	0x20
 1757 020e 02       		.uleb128 0x2
 1758 020f 29030000 		.4byte	.LASF39
 1759 0213 0C       		.byte	0xc
 1760 0214 DF       		.byte	0xdf
 1761 0215 21       		.byte	0x21
 1762 0216 A3040000 		.4byte	0x4a3
 1763 021a 24       		.byte	0x24
 1764 021b 02       		.uleb128 0x2
 1765 021c 1D000000 		.4byte	.LASF40
 1766 0220 0C       		.byte	0xc
 1767 0221 E5       		.byte	0xe5
ARM GAS  /tmp/cc6x62HI.s 			page 32


 1768 0222 21       		.byte	0x21
 1769 0223 E6050000 		.4byte	0x5e6
 1770 0227 2C       		.byte	0x2c
 1771 0228 02       		.uleb128 0x2
 1772 0229 5C020000 		.4byte	.LASF41
 1773 022d 0C       		.byte	0xc
 1774 022e EB       		.byte	0xeb
 1775 022f 22       		.byte	0x22
 1776 0230 AF000000 		.4byte	0xaf
 1777 0234 30       		.byte	0x30
 1778 0235 06       		.uleb128 0x6
 1779 0236 7500     		.ascii	"u\000"
 1780 0238 0C       		.byte	0xc
 1781 0239 3601     		.2byte	0x136
 1782 023b 21       		.byte	0x21
 1783 023c 28060000 		.4byte	0x628
 1784 0240 34       		.byte	0x34
 1785 0241 04       		.uleb128 0x4
 1786 0242 5E060000 		.4byte	.LASF42
 1787 0246 0C       		.byte	0xc
 1788 0247 3B01     		.2byte	0x13b
 1789 0249 21       		.byte	0x21
 1790 024a 77040000 		.4byte	0x477
 1791 024e 38       		.byte	0x38
 1792 024f 04       		.uleb128 0x4
 1793 0250 38030000 		.4byte	.LASF43
 1794 0254 0C       		.byte	0xc
 1795 0255 4101     		.2byte	0x141
 1796 0257 21       		.byte	0x21
 1797 0258 A3040000 		.4byte	0x4a3
 1798 025c 3C       		.byte	0x3c
 1799 025d 04       		.uleb128 0x4
 1800 025e 34010000 		.4byte	.LASF44
 1801 0262 0C       		.byte	0xc
 1802 0263 5301     		.2byte	0x153
 1803 0265 21       		.byte	0x21
 1804 0266 50010000 		.4byte	0x150
 1805 026a 44       		.byte	0x44
 1806 026b 04       		.uleb128 0x4
 1807 026c 59000000 		.4byte	.LASF45
 1808 0270 0C       		.byte	0xc
 1809 0271 5901     		.2byte	0x159
 1810 0273 21       		.byte	0x21
 1811 0274 5C010000 		.4byte	0x15c
 1812 0278 48       		.byte	0x48
 1813 0279 04       		.uleb128 0x4
 1814 027a FF010000 		.4byte	.LASF46
 1815 027e 0C       		.byte	0xc
 1816 027f 6001     		.2byte	0x160
 1817 0281 22       		.byte	0x22
 1818 0282 EB060000 		.4byte	0x6eb
 1819 0286 4C       		.byte	0x4c
 1820 0287 04       		.uleb128 0x4
 1821 0288 50000000 		.4byte	.LASF47
 1822 028c 0C       		.byte	0xc
 1823 028d 6401     		.2byte	0x164
 1824 028f 21       		.byte	0x21
ARM GAS  /tmp/cc6x62HI.s 			page 33


 1825 0290 44010000 		.4byte	0x144
 1826 0294 50       		.byte	0x50
 1827 0295 00       		.byte	0
 1828 0296 01       		.uleb128 0x1
 1829 0297 ED060000 		.4byte	.LASF48
 1830 029b 0B       		.byte	0xb
 1831 029c 89       		.byte	0x89
 1832 029d 1F       		.byte	0x1f
 1833 029e A2020000 		.4byte	0x2a2
 1834 02a2 13       		.uleb128 0x13
 1835 02a3 B2020000 		.4byte	.LASF50
 1836 02a7 E8       		.byte	0xe8
 1837 02a8 0C       		.byte	0xc
 1838 02a9 A001     		.2byte	0x1a0
 1839 02ab 08       		.byte	0x8
 1840 02ac 2F030000 		.4byte	0x32f
 1841 02b0 04       		.uleb128 0x4
 1842 02b1 8C050000 		.4byte	.LASF51
 1843 02b5 0C       		.byte	0xc
 1844 02b6 A401     		.2byte	0x1a4
 1845 02b8 21       		.byte	0x21
 1846 02b9 25070000 		.4byte	0x725
 1847 02bd 00       		.byte	0
 1848 02be 04       		.uleb128 0x4
 1849 02bf AF000000 		.4byte	.LASF52
 1850 02c3 0C       		.byte	0xc
 1851 02c4 A801     		.2byte	0x1a8
 1852 02c6 21       		.byte	0x21
 1853 02c7 A2050000 		.4byte	0x5a2
 1854 02cb 10       		.byte	0x10
 1855 02cc 04       		.uleb128 0x4
 1856 02cd FB060000 		.4byte	.LASF53
 1857 02d1 0C       		.byte	0xc
 1858 02d2 AF01     		.2byte	0x1af
 1859 02d4 21       		.byte	0x21
 1860 02d5 C9050000 		.4byte	0x5c9
 1861 02d9 28       		.byte	0x28
 1862 02da 04       		.uleb128 0x4
 1863 02db 74000000 		.4byte	.LASF54
 1864 02df 0C       		.byte	0xc
 1865 02e0 B401     		.2byte	0x1b4
 1866 02e2 21       		.byte	0x21
 1867 02e3 74010000 		.4byte	0x174
 1868 02e7 30       		.byte	0x30
 1869 02e8 04       		.uleb128 0x4
 1870 02e9 1E020000 		.4byte	.LASF55
 1871 02ed 0C       		.byte	0xc
 1872 02ee BA01     		.2byte	0x1ba
 1873 02f0 21       		.byte	0x21
 1874 02f1 56030000 		.4byte	0x356
 1875 02f5 34       		.byte	0x34
 1876 02f6 04       		.uleb128 0x4
 1877 02f7 3F040000 		.4byte	.LASF56
 1878 02fb 0C       		.byte	0xc
 1879 02fc BF01     		.2byte	0x1bf
 1880 02fe 22       		.byte	0x22
 1881 02ff 95070000 		.4byte	0x795
ARM GAS  /tmp/cc6x62HI.s 			page 34


 1882 0303 38       		.byte	0x38
 1883 0304 04       		.uleb128 0x4
 1884 0305 12040000 		.4byte	.LASF57
 1885 0309 0C       		.byte	0xc
 1886 030a C301     		.2byte	0x1c3
 1887 030c 21       		.byte	0x21
 1888 030d 80010000 		.4byte	0x180
 1889 0311 3C       		.byte	0x3c
 1890 0312 04       		.uleb128 0x4
 1891 0313 D2060000 		.4byte	.LASF58
 1892 0317 0C       		.byte	0xc
 1893 0318 C801     		.2byte	0x1c8
 1894 031a 21       		.byte	0x21
 1895 031b 80010000 		.4byte	0x180
 1896 031f 90       		.byte	0x90
 1897 0320 06       		.uleb128 0x6
 1898 0321 64626700 		.ascii	"dbg\000"
 1899 0325 0C       		.byte	0xc
 1900 0326 CD01     		.2byte	0x1cd
 1901 0328 21       		.byte	0x21
 1902 0329 7D030000 		.4byte	0x37d
 1903 032d E4       		.byte	0xe4
 1904 032e 00       		.byte	0
 1905 032f 01       		.uleb128 0x1
 1906 0330 FA020000 		.4byte	.LASF59
 1907 0334 0D       		.byte	0xd
 1908 0335 3E       		.byte	0x3e
 1909 0336 12       		.byte	0x12
 1910 0337 DF000000 		.4byte	0xdf
 1911 033b 09       		.uleb128 0x9
 1912 033c 63020000 		.4byte	.LASF60
 1913 0340 04       		.byte	0x4
 1914 0341 0D       		.byte	0xd
 1915 0342 43       		.byte	0x43
 1916 0343 10       		.byte	0x10
 1917 0344 56030000 		.4byte	0x356
 1918 0348 02       		.uleb128 0x2
 1919 0349 93030000 		.4byte	.LASF61
 1920 034d 0D       		.byte	0xd
 1921 034e 47       		.byte	0x47
 1922 034f 21       		.byte	0x21
 1923 0350 2F030000 		.4byte	0x32f
 1924 0354 00       		.byte	0
 1925 0355 00       		.byte	0
 1926 0356 01       		.uleb128 0x1
 1927 0357 06060000 		.4byte	.LASF62
 1928 035b 0D       		.byte	0xd
 1929 035c 48       		.byte	0x48
 1930 035d 03       		.byte	0x3
 1931 035e 3B030000 		.4byte	0x33b
 1932 0362 09       		.uleb128 0x9
 1933 0363 FB000000 		.4byte	.LASF63
 1934 0367 04       		.byte	0x4
 1935 0368 0E       		.byte	0xe
 1936 0369 3D       		.byte	0x3d
 1937 036a 10       		.byte	0x10
 1938 036b 7D030000 		.4byte	0x37d
ARM GAS  /tmp/cc6x62HI.s 			page 35


 1939 036f 02       		.uleb128 0x2
 1940 0370 D5030000 		.4byte	.LASF64
 1941 0374 0E       		.byte	0xe
 1942 0375 45       		.byte	0x45
 1943 0376 24       		.byte	0x24
 1944 0377 C2000000 		.4byte	0xc2
 1945 037b 00       		.byte	0
 1946 037c 00       		.byte	0
 1947 037d 01       		.uleb128 0x1
 1948 037e 4B030000 		.4byte	.LASF65
 1949 0382 0E       		.byte	0xe
 1950 0383 50       		.byte	0x50
 1951 0384 03       		.byte	0x3
 1952 0385 62030000 		.4byte	0x362
 1953 0389 01       		.uleb128 0x1
 1954 038a 46000000 		.4byte	.LASF66
 1955 038e 0F       		.byte	0xf
 1956 038f 6C       		.byte	0x6c
 1957 0390 12       		.byte	0x12
 1958 0391 DF000000 		.4byte	0xdf
 1959 0395 20       		.uleb128 0x20
 1960 0396 89030000 		.4byte	0x389
 1961 039a 01       		.uleb128 0x1
 1962 039b BC030000 		.4byte	.LASF67
 1963 039f 0F       		.byte	0xf
 1964 03a0 78       		.byte	0x78
 1965 03a1 12       		.byte	0x12
 1966 03a2 DF000000 		.4byte	0xdf
 1967 03a6 13       		.uleb128 0x13
 1968 03a7 59040000 		.4byte	.LASF68
 1969 03ab A8       		.byte	0xa8
 1970 03ac 06       		.byte	0x6
 1971 03ad 0102     		.2byte	0x201
 1972 03af 08       		.byte	0x8
 1973 03b0 46040000 		.4byte	0x446
 1974 03b4 06       		.uleb128 0x6
 1975 03b5 6400     		.ascii	"d\000"
 1976 03b7 06       		.byte	0x6
 1977 03b8 0302     		.2byte	0x203
 1978 03ba 19       		.byte	0x19
 1979 03bb 46040000 		.4byte	0x446
 1980 03bf 00       		.byte	0
 1981 03c0 04       		.uleb128 0x4
 1982 03c1 82010000 		.4byte	.LASF69
 1983 03c5 06       		.byte	0x6
 1984 03c6 0402     		.2byte	0x204
 1985 03c8 19       		.byte	0x19
 1986 03c9 DF000000 		.4byte	0xdf
 1987 03cd 80       		.byte	0x80
 1988 03ce 06       		.uleb128 0x6
 1989 03cf 723400   		.ascii	"r4\000"
 1990 03d2 06       		.byte	0x6
 1991 03d3 0602     		.2byte	0x206
 1992 03d5 19       		.byte	0x19
 1993 03d6 DF000000 		.4byte	0xdf
 1994 03da 84       		.byte	0x84
 1995 03db 06       		.uleb128 0x6
ARM GAS  /tmp/cc6x62HI.s 			page 36


 1996 03dc 723500   		.ascii	"r5\000"
 1997 03df 06       		.byte	0x6
 1998 03e0 0702     		.2byte	0x207
 1999 03e2 19       		.byte	0x19
 2000 03e3 DF000000 		.4byte	0xdf
 2001 03e7 88       		.byte	0x88
 2002 03e8 06       		.uleb128 0x6
 2003 03e9 723600   		.ascii	"r6\000"
 2004 03ec 06       		.byte	0x6
 2005 03ed 0802     		.2byte	0x208
 2006 03ef 19       		.byte	0x19
 2007 03f0 DF000000 		.4byte	0xdf
 2008 03f4 8C       		.byte	0x8c
 2009 03f5 06       		.uleb128 0x6
 2010 03f6 723700   		.ascii	"r7\000"
 2011 03f9 06       		.byte	0x6
 2012 03fa 0902     		.2byte	0x209
 2013 03fc 19       		.byte	0x19
 2014 03fd DF000000 		.4byte	0xdf
 2015 0401 90       		.byte	0x90
 2016 0402 06       		.uleb128 0x6
 2017 0403 723800   		.ascii	"r8\000"
 2018 0406 06       		.byte	0x6
 2019 0407 0A02     		.2byte	0x20a
 2020 0409 19       		.byte	0x19
 2021 040a DF000000 		.4byte	0xdf
 2022 040e 94       		.byte	0x94
 2023 040f 06       		.uleb128 0x6
 2024 0410 723900   		.ascii	"r9\000"
 2025 0413 06       		.byte	0x6
 2026 0414 0B02     		.2byte	0x20b
 2027 0416 19       		.byte	0x19
 2028 0417 DF000000 		.4byte	0xdf
 2029 041b 98       		.byte	0x98
 2030 041c 06       		.uleb128 0x6
 2031 041d 72313000 		.ascii	"r10\000"
 2032 0421 06       		.byte	0x6
 2033 0422 0C02     		.2byte	0x20c
 2034 0424 19       		.byte	0x19
 2035 0425 DF000000 		.4byte	0xdf
 2036 0429 9C       		.byte	0x9c
 2037 042a 06       		.uleb128 0x6
 2038 042b 72313100 		.ascii	"r11\000"
 2039 042f 06       		.byte	0x6
 2040 0430 0D02     		.2byte	0x20d
 2041 0432 19       		.byte	0x19
 2042 0433 DF000000 		.4byte	0xdf
 2043 0437 A0       		.byte	0xa0
 2044 0438 06       		.uleb128 0x6
 2045 0439 6C7200   		.ascii	"lr\000"
 2046 043c 06       		.byte	0x6
 2047 043d 0E02     		.2byte	0x20e
 2048 043f 19       		.byte	0x19
 2049 0440 DF000000 		.4byte	0xdf
 2050 0444 A4       		.byte	0xa4
 2051 0445 00       		.byte	0
 2052 0446 0A       		.uleb128 0xa
ARM GAS  /tmp/cc6x62HI.s 			page 37


 2053 0447 EB000000 		.4byte	0xeb
 2054 044b 56040000 		.4byte	0x456
 2055 044f 0B       		.uleb128 0xb
 2056 0450 2D000000 		.4byte	0x2d
 2057 0454 0F       		.byte	0xf
 2058 0455 00       		.byte	0
 2059 0456 13       		.uleb128 0x13
 2060 0457 B6000000 		.4byte	.LASF70
 2061 045b 04       		.byte	0x4
 2062 045c 06       		.byte	0x6
 2063 045d 1702     		.2byte	0x217
 2064 045f 08       		.byte	0x8
 2065 0460 72040000 		.4byte	0x472
 2066 0464 06       		.uleb128 0x6
 2067 0465 737000   		.ascii	"sp\000"
 2068 0468 06       		.byte	0x6
 2069 0469 1802     		.2byte	0x218
 2070 046b 1A       		.byte	0x1a
 2071 046c 72040000 		.4byte	0x472
 2072 0470 00       		.byte	0
 2073 0471 00       		.byte	0
 2074 0472 05       		.uleb128 0x5
 2075 0473 A6030000 		.4byte	0x3a6
 2076 0477 01       		.uleb128 0x1
 2077 0478 29040000 		.4byte	.LASF71
 2078 047c 02       		.byte	0x2
 2079 047d 31       		.byte	0x31
 2080 047e 18       		.byte	0x18
 2081 047f 83040000 		.4byte	0x483
 2082 0483 09       		.uleb128 0x9
 2083 0484 E7000000 		.4byte	.LASF72
 2084 0488 04       		.byte	0x4
 2085 0489 02       		.byte	0x2
 2086 048a 37       		.byte	0x37
 2087 048b 08       		.byte	0x8
 2088 048c 9E040000 		.4byte	0x49e
 2089 0490 02       		.uleb128 0x2
 2090 0491 6F000000 		.4byte	.LASF73
 2091 0495 02       		.byte	0x2
 2092 0496 38       		.byte	0x38
 2093 0497 1A       		.byte	0x1a
 2094 0498 9E040000 		.4byte	0x49e
 2095 049c 00       		.byte	0
 2096 049d 00       		.byte	0
 2097 049e 05       		.uleb128 0x5
 2098 049f 77040000 		.4byte	0x477
 2099 04a3 01       		.uleb128 0x1
 2100 04a4 CA030000 		.4byte	.LASF74
 2101 04a8 02       		.byte	0x2
 2102 04a9 3E       		.byte	0x3e
 2103 04aa 19       		.byte	0x19
 2104 04ab B4040000 		.4byte	0x4b4
 2105 04af 08       		.uleb128 0x8
 2106 04b0 A3040000 		.4byte	0x4a3
 2107 04b4 09       		.uleb128 0x9
 2108 04b5 26060000 		.4byte	.LASF75
 2109 04b9 08       		.byte	0x8
ARM GAS  /tmp/cc6x62HI.s 			page 38


 2110 04ba 02       		.byte	0x2
 2111 04bb 44       		.byte	0x44
 2112 04bc 08       		.byte	0x8
 2113 04bd DC040000 		.4byte	0x4dc
 2114 04c1 02       		.uleb128 0x2
 2115 04c2 6F000000 		.4byte	.LASF73
 2116 04c6 02       		.byte	0x2
 2117 04c7 45       		.byte	0x45
 2118 04c8 1A       		.byte	0x1a
 2119 04c9 DC040000 		.4byte	0x4dc
 2120 04cd 00       		.byte	0
 2121 04ce 02       		.uleb128 0x2
 2122 04cf E2000000 		.4byte	.LASF76
 2123 04d3 02       		.byte	0x2
 2124 04d4 46       		.byte	0x46
 2125 04d5 1A       		.byte	0x1a
 2126 04d6 DC040000 		.4byte	0x4dc
 2127 04da 04       		.byte	0x4
 2128 04db 00       		.byte	0
 2129 04dc 05       		.uleb128 0x5
 2130 04dd A3040000 		.4byte	0x4a3
 2131 04e1 01       		.uleb128 0x1
 2132 04e2 33020000 		.4byte	.LASF77
 2133 04e6 02       		.byte	0x2
 2134 04e7 4D       		.byte	0x4d
 2135 04e8 22       		.byte	0x22
 2136 04e9 ED040000 		.4byte	0x4ed
 2137 04ed 09       		.uleb128 0x9
 2138 04ee 14060000 		.4byte	.LASF78
 2139 04f2 0C       		.byte	0xc
 2140 04f3 02       		.byte	0x2
 2141 04f4 54       		.byte	0x54
 2142 04f5 08       		.byte	0x8
 2143 04f6 22050000 		.4byte	0x522
 2144 04fa 02       		.uleb128 0x2
 2145 04fb 6F000000 		.4byte	.LASF73
 2146 04ff 02       		.byte	0x2
 2147 0500 55       		.byte	0x55
 2148 0501 1A       		.byte	0x1a
 2149 0502 22050000 		.4byte	0x522
 2150 0506 00       		.byte	0
 2151 0507 02       		.uleb128 0x2
 2152 0508 E2000000 		.4byte	.LASF76
 2153 050c 02       		.byte	0x2
 2154 050d 56       		.byte	0x56
 2155 050e 1A       		.byte	0x1a
 2156 050f 22050000 		.4byte	0x522
 2157 0513 04       		.byte	0x4
 2158 0514 02       		.uleb128 0x2
 2159 0515 CB020000 		.4byte	.LASF79
 2160 0519 02       		.byte	0x2
 2161 051a 57       		.byte	0x57
 2162 051b 19       		.byte	0x19
 2163 051c 44010000 		.4byte	0x144
 2164 0520 08       		.byte	0x8
 2165 0521 00       		.byte	0
 2166 0522 05       		.uleb128 0x5
ARM GAS  /tmp/cc6x62HI.s 			page 39


 2167 0523 E1040000 		.4byte	0x4e1
 2168 0527 01       		.uleb128 0x1
 2169 0528 EA020000 		.4byte	.LASF80
 2170 052c 02       		.byte	0x2
 2171 052d 5E       		.byte	0x5e
 2172 052e 1E       		.byte	0x1e
 2173 052f 33050000 		.4byte	0x533
 2174 0533 09       		.uleb128 0x9
 2175 0534 1D010000 		.4byte	.LASF81
 2176 0538 0C       		.byte	0xc
 2177 0539 02       		.byte	0x2
 2178 053a 63       		.byte	0x63
 2179 053b 08       		.byte	0x8
 2180 053c 68050000 		.4byte	0x568
 2181 0540 02       		.uleb128 0x2
 2182 0541 6F000000 		.4byte	.LASF73
 2183 0545 02       		.byte	0x2
 2184 0546 64       		.byte	0x64
 2185 0547 1A       		.byte	0x1a
 2186 0548 68050000 		.4byte	0x568
 2187 054c 00       		.byte	0
 2188 054d 02       		.uleb128 0x2
 2189 054e E2000000 		.4byte	.LASF76
 2190 0552 02       		.byte	0x2
 2191 0553 65       		.byte	0x65
 2192 0554 1A       		.byte	0x1a
 2193 0555 68050000 		.4byte	0x568
 2194 0559 04       		.byte	0x4
 2195 055a 02       		.uleb128 0x2
 2196 055b 15070000 		.4byte	.LASF82
 2197 055f 02       		.byte	0x2
 2198 0560 66       		.byte	0x66
 2199 0561 19       		.byte	0x19
 2200 0562 9A030000 		.4byte	0x39a
 2201 0566 08       		.byte	0x8
 2202 0567 00       		.byte	0
 2203 0568 05       		.uleb128 0x5
 2204 0569 27050000 		.4byte	0x527
 2205 056d 09       		.uleb128 0x9
 2206 056e 07020000 		.4byte	.LASF83
 2207 0572 18       		.byte	0x18
 2208 0573 0C       		.byte	0xc
 2209 0574 61       		.byte	0x61
 2210 0575 10       		.byte	0x10
 2211 0576 A2050000 		.4byte	0x5a2
 2212 057a 02       		.uleb128 0x2
 2213 057b 6B050000 		.4byte	.LASF84
 2214 057f 0C       		.byte	0xc
 2215 0580 65       		.byte	0x65
 2216 0581 21       		.byte	0x21
 2217 0582 27050000 		.4byte	0x527
 2218 0586 00       		.byte	0
 2219 0587 02       		.uleb128 0x2
 2220 0588 0A040000 		.4byte	.LASF85
 2221 058c 0C       		.byte	0xc
 2222 058d 6A       		.byte	0x6a
 2223 058e 21       		.byte	0x21
ARM GAS  /tmp/cc6x62HI.s 			page 40


 2224 058f 95030000 		.4byte	0x395
 2225 0593 0C       		.byte	0xc
 2226 0594 02       		.uleb128 0x2
 2227 0595 D1000000 		.4byte	.LASF86
 2228 0599 0C       		.byte	0xc
 2229 059a 7E       		.byte	0x7e
 2230 059b 21       		.byte	0x21
 2231 059c F7000000 		.4byte	0xf7
 2232 05a0 10       		.byte	0x10
 2233 05a1 00       		.byte	0
 2234 05a2 01       		.uleb128 0x1
 2235 05a3 66060000 		.4byte	.LASF87
 2236 05a7 0C       		.byte	0xc
 2237 05a8 80       		.byte	0x80
 2238 05a9 03       		.byte	0x3
 2239 05aa 6D050000 		.4byte	0x56d
 2240 05ae 09       		.uleb128 0x9
 2241 05af 34000000 		.4byte	.LASF88
 2242 05b3 08       		.byte	0x8
 2243 05b4 0C       		.byte	0xc
 2244 05b5 85       		.byte	0x85
 2245 05b6 10       		.byte	0x10
 2246 05b7 C9050000 		.4byte	0x5c9
 2247 05bb 02       		.uleb128 0x2
 2248 05bc F8050000 		.4byte	.LASF89
 2249 05c0 0C       		.byte	0xc
 2250 05c1 89       		.byte	0x89
 2251 05c2 21       		.byte	0x21
 2252 05c3 A3040000 		.4byte	0x4a3
 2253 05c7 00       		.byte	0
 2254 05c8 00       		.byte	0
 2255 05c9 01       		.uleb128 0x1
 2256 05ca 7A030000 		.4byte	.LASF90
 2257 05ce 0C       		.byte	0xc
 2258 05cf 8A       		.byte	0x8a
 2259 05d0 03       		.byte	0x3
 2260 05d1 AE050000 		.4byte	0x5ae
 2261 05d5 01       		.uleb128 0x1
 2262 05d6 06030000 		.4byte	.LASF91
 2263 05da 0C       		.byte	0xc
 2264 05db 8F       		.byte	0x8f
 2265 05dc 14       		.byte	0x14
 2266 05dd E1050000 		.4byte	0x5e1
 2267 05e1 05       		.uleb128 0x5
 2268 05e2 80010000 		.4byte	0x180
 2269 05e6 01       		.uleb128 0x1
 2270 05e7 98030000 		.4byte	.LASF92
 2271 05eb 0C       		.byte	0xc
 2272 05ec 9E       		.byte	0x9e
 2273 05ed 10       		.byte	0x10
 2274 05ee F2050000 		.4byte	0x5f2
 2275 05f2 05       		.uleb128 0x5
 2276 05f3 F7050000 		.4byte	0x5f7
 2277 05f7 37       		.uleb128 0x37
 2278 05f8 02060000 		.4byte	0x602
 2279 05fc 1B       		.uleb128 0x1b
 2280 05fd E1050000 		.4byte	0x5e1
ARM GAS  /tmp/cc6x62HI.s 			page 41


 2281 0601 00       		.byte	0
 2282 0602 28       		.uleb128 0x28
 2283 0603 0C       		.byte	0xc
 2284 0604 AA       		.byte	0xaa
 2285 0605 28060000 		.4byte	0x628
 2286 0609 22       		.uleb128 0x22
 2287 060a 0B010000 		.4byte	.LASF93
 2288 060e AE       		.byte	0xae
 2289 060f 77040000 		.4byte	0x477
 2290 0613 22       		.uleb128 0x22
 2291 0614 F8050000 		.4byte	.LASF89
 2292 0618 B2       		.byte	0xb2
 2293 0619 A3040000 		.4byte	0x4a3
 2294 061d 22       		.uleb128 0x22
 2295 061e C8010000 		.4byte	.LASF94
 2296 0622 B6       		.byte	0xb6
 2297 0623 E1040000 		.4byte	0x4e1
 2298 0627 00       		.byte	0
 2299 0628 28       		.uleb128 0x28
 2300 0629 04       		.byte	0x4
 2301 062a FF       		.byte	0xff
 2302 062b 84060000 		.4byte	0x684
 2303 062f 0F       		.uleb128 0xf
 2304 0630 2C020000 		.4byte	.LASF95
 2305 0634 0601     		.2byte	0x106
 2306 0636 21       		.byte	0x21
 2307 0637 50010000 		.4byte	0x150
 2308 063b 0F       		.uleb128 0xf
 2309 063c 65070000 		.4byte	.LASF96
 2310 0640 0D01     		.2byte	0x10d
 2311 0642 21       		.byte	0x21
 2312 0643 50010000 		.4byte	0x150
 2313 0647 0F       		.uleb128 0xf
 2314 0648 9E000000 		.4byte	.LASF97
 2315 064c 1401     		.2byte	0x114
 2316 064e 22       		.byte	0x22
 2317 064f AF000000 		.4byte	0xaf
 2318 0653 0F       		.uleb128 0xf
 2319 0654 03070000 		.4byte	.LASF98
 2320 0658 1B01     		.2byte	0x11b
 2321 065a 22       		.byte	0x22
 2322 065b 84060000 		.4byte	0x684
 2323 065f 0F       		.uleb128 0xf
 2324 0660 0D060000 		.4byte	.LASF99
 2325 0664 2301     		.2byte	0x123
 2326 0666 22       		.byte	0x22
 2327 0667 B1060000 		.4byte	0x6b1
 2328 066b 0F       		.uleb128 0xf
 2329 066c 0C000000 		.4byte	.LASF100
 2330 0670 2C01     		.2byte	0x12c
 2331 0672 22       		.byte	0x22
 2332 0673 EB060000 		.4byte	0x6eb
 2333 0677 0F       		.uleb128 0xf
 2334 0678 DB000000 		.4byte	.LASF101
 2335 067c 3401     		.2byte	0x134
 2336 067e 21       		.byte	0x21
 2337 067f 5C010000 		.4byte	0x15c
ARM GAS  /tmp/cc6x62HI.s 			page 42


 2338 0683 00       		.byte	0
 2339 0684 05       		.uleb128 0x5
 2340 0685 D5050000 		.4byte	0x5d5
 2341 0689 09       		.uleb128 0x9
 2342 068a 48010000 		.4byte	.LASF102
 2343 068e 0C       		.byte	0xc
 2344 068f 10       		.byte	0x10
 2345 0690 33       		.byte	0x33
 2346 0691 10       		.byte	0x10
 2347 0692 B1060000 		.4byte	0x6b1
 2348 0696 02       		.uleb128 0x2
 2349 0697 F8050000 		.4byte	.LASF89
 2350 069b 10       		.byte	0x10
 2351 069c 34       		.byte	0x34
 2352 069d 19       		.byte	0x19
 2353 069e A3040000 		.4byte	0x4a3
 2354 06a2 00       		.byte	0
 2355 06a3 21       		.uleb128 0x21
 2356 06a4 636E7400 		.ascii	"cnt\000"
 2357 06a8 10       		.byte	0x10
 2358 06a9 36       		.byte	0x36
 2359 06aa 19       		.byte	0x19
 2360 06ab 68010000 		.4byte	0x168
 2361 06af 08       		.byte	0x8
 2362 06b0 00       		.byte	0
 2363 06b1 05       		.uleb128 0x5
 2364 06b2 89060000 		.4byte	0x689
 2365 06b6 09       		.uleb128 0x9
 2366 06b7 6B020000 		.4byte	.LASF103
 2367 06bb 10       		.byte	0x10
 2368 06bc 07       		.byte	0x7
 2369 06bd 38       		.byte	0x38
 2370 06be 08       		.byte	0x8
 2371 06bf EB060000 		.4byte	0x6eb
 2372 06c3 02       		.uleb128 0x2
 2373 06c4 F8050000 		.4byte	.LASF89
 2374 06c8 07       		.byte	0x7
 2375 06c9 39       		.byte	0x39
 2376 06ca 19       		.byte	0x19
 2377 06cb A3040000 		.4byte	0x4a3
 2378 06cf 00       		.byte	0
 2379 06d0 02       		.uleb128 0x2
 2380 06d1 F9010000 		.4byte	.LASF32
 2381 06d5 07       		.byte	0x7
 2382 06d6 3B       		.byte	0x3b
 2383 06d7 1A       		.byte	0x1a
 2384 06d8 E1050000 		.4byte	0x5e1
 2385 06dc 08       		.byte	0x8
 2386 06dd 02       		.uleb128 0x2
 2387 06de 6F000000 		.4byte	.LASF73
 2388 06e2 07       		.byte	0x7
 2389 06e3 3D       		.byte	0x3d
 2390 06e4 1A       		.byte	0x1a
 2391 06e5 B3070000 		.4byte	0x7b3
 2392 06e9 0C       		.byte	0xc
 2393 06ea 00       		.byte	0
 2394 06eb 05       		.uleb128 0x5
ARM GAS  /tmp/cc6x62HI.s 			page 43


 2395 06ec B6060000 		.4byte	0x6b6
 2396 06f0 05       		.uleb128 0x5
 2397 06f1 96020000 		.4byte	0x296
 2398 06f5 05       		.uleb128 0x5
 2399 06f6 14010000 		.4byte	0x114
 2400 06fa 13       		.uleb128 0x13
 2401 06fb C3000000 		.4byte	.LASF104
 2402 06ff 10       		.byte	0x10
 2403 0700 0C       		.byte	0xc
 2404 0701 7501     		.2byte	0x175
 2405 0703 10       		.byte	0x10
 2406 0704 25070000 		.4byte	0x725
 2407 0708 04       		.uleb128 0x4
 2408 0709 C8010000 		.4byte	.LASF94
 2409 070d 0C       		.byte	0xc
 2410 070e 7A01     		.2byte	0x17a
 2411 0710 21       		.byte	0x21
 2412 0711 E1040000 		.4byte	0x4e1
 2413 0715 00       		.byte	0
 2414 0716 04       		.uleb128 0x4
 2415 0717 48070000 		.4byte	.LASF105
 2416 071b 0C       		.byte	0xc
 2417 071c 7E01     		.2byte	0x17e
 2418 071e 22       		.byte	0x22
 2419 071f E1050000 		.4byte	0x5e1
 2420 0723 0C       		.byte	0xc
 2421 0724 00       		.byte	0
 2422 0725 29       		.uleb128 0x29
 2423 0726 EB050000 		.4byte	.LASF106
 2424 072a 7F01     		.2byte	0x17f
 2425 072c FA060000 		.4byte	0x6fa
 2426 0730 13       		.uleb128 0x13
 2427 0731 55050000 		.4byte	.LASF107
 2428 0735 14       		.byte	0x14
 2429 0736 0C       		.byte	0xc
 2430 0737 8401     		.2byte	0x184
 2431 0739 10       		.byte	0x10
 2432 073a 85070000 		.4byte	0x785
 2433 073e 04       		.uleb128 0x4
 2434 073f 9C050000 		.4byte	.LASF38
 2435 0743 0C       		.byte	0xc
 2436 0744 8801     		.2byte	0x188
 2437 0746 22       		.byte	0x22
 2438 0747 BD000000 		.4byte	0xbd
 2439 074b 00       		.byte	0
 2440 074c 04       		.uleb128 0x4
 2441 074d 00000000 		.4byte	.LASF108
 2442 0751 0C       		.byte	0xc
 2443 0752 8C01     		.2byte	0x18c
 2444 0754 22       		.byte	0x22
 2445 0755 F5060000 		.4byte	0x6f5
 2446 0759 04       		.byte	0x4
 2447 075a 04       		.uleb128 0x4
 2448 075b 4A050000 		.4byte	.LASF109
 2449 075f 0C       		.byte	0xc
 2450 0760 9001     		.2byte	0x190
 2451 0762 22       		.byte	0x22
ARM GAS  /tmp/cc6x62HI.s 			page 44


 2452 0763 F5060000 		.4byte	0x6f5
 2453 0767 08       		.byte	0x8
 2454 0768 04       		.uleb128 0x4
 2455 0769 F3030000 		.4byte	.LASF110
 2456 076d 0C       		.byte	0xc
 2457 076e 9501     		.2byte	0x195
 2458 0770 22       		.byte	0x22
 2459 0771 F5060000 		.4byte	0x6f5
 2460 0775 0C       		.byte	0xc
 2461 0776 04       		.uleb128 0x4
 2462 0777 85030000 		.4byte	.LASF111
 2463 077b 0C       		.byte	0xc
 2464 077c 9901     		.2byte	0x199
 2465 077e 22       		.byte	0x22
 2466 077f F5060000 		.4byte	0x6f5
 2467 0783 10       		.byte	0x10
 2468 0784 00       		.byte	0
 2469 0785 29       		.uleb128 0x29
 2470 0786 5D010000 		.4byte	.LASF112
 2471 078a 9B01     		.2byte	0x19b
 2472 078c 30070000 		.4byte	0x730
 2473 0790 08       		.uleb128 0x8
 2474 0791 85070000 		.4byte	0x785
 2475 0795 05       		.uleb128 0x5
 2476 0796 90070000 		.4byte	0x790
 2477 079a 38       		.uleb128 0x38
 2478 079b 63683000 		.ascii	"ch0\000"
 2479 079f 05       		.byte	0x5
 2480 07a0 1E01     		.2byte	0x11e
 2481 07a2 16       		.byte	0x16
 2482 07a3 96020000 		.4byte	0x296
 2483 07a7 01       		.uleb128 0x1
 2484 07a8 2F060000 		.4byte	.LASF113
 2485 07ac 07       		.byte	0x7
 2486 07ad 33       		.byte	0x33
 2487 07ae 19       		.byte	0x19
 2488 07af B6060000 		.4byte	0x6b6
 2489 07b3 05       		.uleb128 0x5
 2490 07b4 A7070000 		.4byte	0x7a7
 2491 07b8 07       		.uleb128 0x7
 2492 07b9 01       		.byte	0x1
 2493 07ba 02       		.byte	0x2
 2494 07bb 56020000 		.4byte	.LASF114
 2495 07bf 39       		.uleb128 0x39
 2496 07c0 A1020000 		.4byte	.LASF144
 2497 07c4 04       		.byte	0x4
 2498 07c5 93       		.byte	0x93
 2499 07c6 08       		.byte	0x8
 2500 07c7 2A       		.uleb128 0x2a
 2501 07c8 E3060000 		.4byte	.LASF115
 2502 07cc 0B       		.byte	0xb
 2503 07cd E5       		.byte	0xe5
 2504 07ce D8070000 		.4byte	0x7d8
 2505 07d2 1B       		.uleb128 0x1b
 2506 07d3 BD000000 		.4byte	0xbd
 2507 07d7 00       		.byte	0
 2508 07d8 2A       		.uleb128 0x2a
ARM GAS  /tmp/cc6x62HI.s 			page 45


 2509 07d9 A1050000 		.4byte	.LASF116
 2510 07dd 04       		.byte	0x4
 2511 07de 90       		.byte	0x90
 2512 07df E9070000 		.4byte	0x7e9
 2513 07e3 1B       		.uleb128 0x1b
 2514 07e4 2C010000 		.4byte	0x12c
 2515 07e8 00       		.byte	0
 2516 07e9 3A       		.uleb128 0x3a
 2517 07ea EF000000 		.4byte	.LASF124
 2518 07ee 04       		.byte	0x4
 2519 07ef 8F       		.byte	0x8f
 2520 07f0 0D       		.byte	0xd
 2521 07f1 E1050000 		.4byte	0x5e1
 2522 07f5 FF070000 		.4byte	0x7ff
 2523 07f9 1B       		.uleb128 0x1b
 2524 07fa E1050000 		.4byte	0x5e1
 2525 07fe 00       		.byte	0
 2526 07ff 1C       		.uleb128 0x1c
 2527 0800 47020000 		.4byte	.LASF117
 2528 0804 3702     		.2byte	0x237
 2529 0806 00000000 		.4byte	.LFB216
 2530 080a 14000000 		.4byte	.LFE216-.LFB216
 2531 080e 01       		.uleb128 0x1
 2532 080f 9C       		.byte	0x9c
 2533 0810 74080000 		.4byte	0x874
 2534 0814 14       		.uleb128 0x14
 2535 0815 CC110000 		.4byte	0x11cc
 2536 0819 00000000 		.4byte	.LBI245
 2537 081d 02       		.byte	.LVU530
 2538 081e 10010000 		.4byte	.LLRL72
 2539 0822 3902     		.2byte	0x239
 2540 0824 03       		.byte	0x3
 2541 0825 3C080000 		.4byte	0x83c
 2542 0829 0C       		.uleb128 0xc
 2543 082a C1120000 		.4byte	0x12c1
 2544 082e 00000000 		.4byte	.LBI246
 2545 0832 04       		.byte	.LVU532
 2546 0833 10010000 		.4byte	.LLRL72
 2547 0837 05       		.byte	0x5
 2548 0838 7501     		.2byte	0x175
 2549 083a 03       		.byte	0x3
 2550 083b 00       		.byte	0
 2551 083c 11       		.uleb128 0x11
 2552 083d B6110000 		.4byte	0x11b6
 2553 0841 0C000000 		.4byte	.LBI251
 2554 0845 01       		.byte	.LVU540
 2555 0846 0C000000 		.4byte	.LBB251
 2556 084a 04000000 		.4byte	.LBE251-.LBB251
 2557 084e 3B02     		.2byte	0x23b
 2558 0850 03       		.byte	0x3
 2559 0851 6A080000 		.4byte	0x86a
 2560 0855 1D       		.uleb128 0x1d
 2561 0856 B9120000 		.4byte	0x12b9
 2562 085a 0C000000 		.4byte	.LBI253
 2563 085e 08       		.byte	.LVU547
 2564 085f 0C000000 		.4byte	.LBB253
 2565 0863 04000000 		.4byte	.LBE253-.LBB253
ARM GAS  /tmp/cc6x62HI.s 			page 46


 2566 0867 8E01     		.2byte	0x18e
 2567 0869 00       		.byte	0
 2568 086a 15       		.uleb128 0x15
 2569 086b 0C000000 		.4byte	.LVL77
 2570 086f 74080000 		.4byte	0x874
 2571 0873 00       		.byte	0
 2572 0874 1C       		.uleb128 0x1c
 2573 0875 72010000 		.4byte	.LASF118
 2574 0879 0E02     		.2byte	0x20e
 2575 087b 00000000 		.4byte	.LFB215
 2576 087f 74000000 		.4byte	.LFE215-.LFB215
 2577 0883 01       		.uleb128 0x1
 2578 0884 9C       		.byte	0x9c
 2579 0885 68090000 		.4byte	0x968
 2580 0889 16       		.uleb128 0x16
 2581 088a 9A020000 		.4byte	.LASF119
 2582 088e 0F02     		.2byte	0x20f
 2583 0890 0D       		.byte	0xd
 2584 0891 E1050000 		.4byte	0x5e1
 2585 0895 0E000000 		.4byte	.LLST60
 2586 0899 0C000000 		.4byte	.LVUS60
 2587 089d 1E       		.uleb128 0x1e
 2588 089e CE000000 		.4byte	.LLRL62
 2589 08a2 4C090000 		.4byte	0x94c
 2590 08a6 10       		.uleb128 0x10
 2591 08a7 6D7000   		.ascii	"mp\000"
 2592 08aa 1302     		.2byte	0x213
 2593 08ac 10       		.byte	0x10
 2594 08ad B3070000 		.4byte	0x7b3
 2595 08b1 19000000 		.4byte	.LLST63
 2596 08b5 17000000 		.4byte	.LVUS63
 2597 08b9 1E       		.uleb128 0x1e
 2598 08ba DA000000 		.4byte	.LLRL64
 2599 08be 15090000 		.4byte	0x915
 2600 08c2 10       		.uleb128 0x10
 2601 08c3 747000   		.ascii	"tp\000"
 2602 08c6 1602     		.2byte	0x216
 2603 08c8 13       		.byte	0x13
 2604 08c9 E1050000 		.4byte	0x5e1
 2605 08cd 26000000 		.4byte	.LLST65
 2606 08d1 24000000 		.4byte	.LVUS65
 2607 08d5 14       		.uleb128 0x14
 2608 08d6 F0110000 		.4byte	0x11f0
 2609 08da 20000000 		.4byte	.LBI228
 2610 08de 06       		.byte	.LVU486
 2611 08df E9000000 		.4byte	.LLRL66
 2612 08e3 1A02     		.2byte	0x21a
 2613 08e5 0E       		.byte	0xe
 2614 08e6 0B090000 		.4byte	0x90b
 2615 08ea 03       		.uleb128 0x3
 2616 08eb 00120000 		.4byte	0x1200
 2617 08ef 31000000 		.4byte	.LLST67
 2618 08f3 2F000000 		.4byte	.LVUS67
 2619 08f7 12       		.uleb128 0x12
 2620 08f8 E9000000 		.4byte	.LLRL66
 2621 08fc 0D       		.uleb128 0xd
 2622 08fd 15120000 		.4byte	0x1215
ARM GAS  /tmp/cc6x62HI.s 			page 47


 2623 0901 3C000000 		.4byte	.LLST68
 2624 0905 3A000000 		.4byte	.LVUS68
 2625 0909 00       		.byte	0
 2626 090a 00       		.byte	0
 2627 090b 15       		.uleb128 0x15
 2628 090c 58000000 		.4byte	.LVL73
 2629 0910 E9070000 		.4byte	0x7e9
 2630 0914 00       		.byte	0
 2631 0915 2B       		.uleb128 0x2b
 2632 0916 47110000 		.4byte	0x1147
 2633 091a 30000000 		.4byte	.LBI234
 2634 091e 01       		.byte	.LVU499
 2635 091f F8000000 		.4byte	.LLRL69
 2636 0923 1502     		.2byte	0x215
 2637 0925 0B       		.byte	0xb
 2638 0926 3B       		.uleb128 0x3b
 2639 0927 58110000 		.4byte	0x1158
 2640 092b 3C       		.uleb128 0x3c
 2641 092c 36120000 		.4byte	0x1236
 2642 0930 30000000 		.4byte	.LBI236
 2643 0934 04       		.byte	.LVU502
 2644 0935 04010000 		.4byte	.LLRL70
 2645 0939 07       		.byte	0x7
 2646 093a 84       		.byte	0x84
 2647 093b 0A       		.byte	0xa
 2648 093c 03       		.uleb128 0x3
 2649 093d 46120000 		.4byte	0x1246
 2650 0941 47000000 		.4byte	.LLST71
 2651 0945 45000000 		.4byte	.LVUS71
 2652 0949 00       		.byte	0
 2653 094a 00       		.byte	0
 2654 094b 00       		.byte	0
 2655 094c 0C       		.uleb128 0xc
 2656 094d 64110000 		.4byte	0x1164
 2657 0951 00000000 		.4byte	.LBI222
 2658 0955 02       		.byte	.LVU470
 2659 0956 C2000000 		.4byte	.LLRL61
 2660 095a 01       		.byte	0x1
 2661 095b 0F02     		.2byte	0x20f
 2662 095d 16       		.byte	0x16
 2663 095e 2C       		.uleb128 0x2c
 2664 095f 74000000 		.4byte	.LVL76
 2665 0963 BF070000 		.4byte	0x7bf
 2666 0967 00       		.byte	0
 2667 0968 1C       		.uleb128 0x1c
 2668 0969 AF050000 		.4byte	.LASF120
 2669 096d C101     		.2byte	0x1c1
 2670 096f 00000000 		.4byte	.LFB214
 2671 0973 88000000 		.4byte	.LFE214-.LFB214
 2672 0977 01       		.uleb128 0x1
 2673 0978 9C       		.byte	0x9c
 2674 0979 D80A0000 		.4byte	0xad8
 2675 097d 23       		.uleb128 0x23
 2676 097e 6D7000   		.ascii	"mp\000"
 2677 0981 C101     		.2byte	0x1c1
 2678 0983 1C       		.byte	0x1c
 2679 0984 B3070000 		.4byte	0x7b3
ARM GAS  /tmp/cc6x62HI.s 			page 48


 2680 0988 58000000 		.4byte	.LLST47
 2681 098c 50000000 		.4byte	.LVUS47
 2682 0990 16       		.uleb128 0x16
 2683 0991 9A020000 		.4byte	.LASF119
 2684 0995 C201     		.2byte	0x1c2
 2685 0997 0D       		.byte	0xd
 2686 0998 E1050000 		.4byte	0x5e1
 2687 099c 80000000 		.4byte	.LLST48
 2688 09a0 7C000000 		.4byte	.LVUS48
 2689 09a4 10       		.uleb128 0x10
 2690 09a5 6C6D7000 		.ascii	"lmp\000"
 2691 09a9 C301     		.2byte	0x1c3
 2692 09ab 0C       		.byte	0xc
 2693 09ac B3070000 		.4byte	0x7b3
 2694 09b0 92000000 		.4byte	.LLST49
 2695 09b4 90000000 		.4byte	.LVUS49
 2696 09b8 0E       		.uleb128 0xe
 2697 09b9 50070000 		.4byte	.LASF123
 2698 09bd E80A0000 		.4byte	0xae8
 2699 09c1 3D       		.uleb128 0x3d
 2700 09c2 24000000 		.4byte	.LBB213
 2701 09c6 58000000 		.4byte	.LBE213-.LBB213
 2702 09ca 7F0A0000 		.4byte	0xa7f
 2703 09ce 10       		.uleb128 0x10
 2704 09cf 747000   		.ascii	"tp\000"
 2705 09d2 D901     		.2byte	0x1d9
 2706 09d4 11       		.byte	0x11
 2707 09d5 E1050000 		.4byte	0x5e1
 2708 09d9 9D000000 		.4byte	.LLST53
 2709 09dd 9B000000 		.4byte	.LVUS53
 2710 09e1 16       		.uleb128 0x16
 2711 09e2 C0010000 		.4byte	.LASF121
 2712 09e6 DD01     		.2byte	0x1dd
 2713 09e8 0F       		.byte	0xf
 2714 09e9 44010000 		.4byte	0x144
 2715 09ed A8000000 		.4byte	.LLST54
 2716 09f1 A6000000 		.4byte	.LVUS54
 2717 09f5 11       		.uleb128 0x11
 2718 09f6 47110000 		.4byte	0x1147
 2719 09fa 30000000 		.4byte	.LBI214
 2720 09fe 01       		.byte	.LVU427
 2721 09ff 30000000 		.4byte	.LBB214
 2722 0a03 04000000 		.4byte	.LBE214-.LBB214
 2723 0a07 E301     		.2byte	0x1e3
 2724 0a09 0D       		.byte	0xd
 2725 0a0a 3F0A0000 		.4byte	0xa3f
 2726 0a0e 03       		.uleb128 0x3
 2727 0a0f 58110000 		.4byte	0x1158
 2728 0a13 B3000000 		.4byte	.LLST55
 2729 0a17 B1000000 		.4byte	.LVUS55
 2730 0a1b 17       		.uleb128 0x17
 2731 0a1c 36120000 		.4byte	0x1236
 2732 0a20 30000000 		.4byte	.LBI216
 2733 0a24 04       		.byte	.LVU430
 2734 0a25 30000000 		.4byte	.LBB216
 2735 0a29 04000000 		.4byte	.LBE216-.LBB216
 2736 0a2d 07       		.byte	0x7
ARM GAS  /tmp/cc6x62HI.s 			page 49


 2737 0a2e 84       		.byte	0x84
 2738 0a2f 0A       		.byte	0xa
 2739 0a30 03       		.uleb128 0x3
 2740 0a31 46120000 		.4byte	0x1246
 2741 0a35 BE000000 		.4byte	.LLST56
 2742 0a39 BC000000 		.4byte	.LVUS56
 2743 0a3d 00       		.byte	0
 2744 0a3e 00       		.byte	0
 2745 0a3f 14       		.uleb128 0x14
 2746 0a40 F0110000 		.4byte	0x11f0
 2747 0a44 58000000 		.4byte	.LBI218
 2748 0a48 01       		.byte	.LVU442
 2749 0a49 B6000000 		.4byte	.LLRL57
 2750 0a4d F301     		.2byte	0x1f3
 2751 0a4f 0C       		.byte	0xc
 2752 0a50 750A0000 		.4byte	0xa75
 2753 0a54 03       		.uleb128 0x3
 2754 0a55 00120000 		.4byte	0x1200
 2755 0a59 C9000000 		.4byte	.LLST58
 2756 0a5d C7000000 		.4byte	.LVUS58
 2757 0a61 12       		.uleb128 0x12
 2758 0a62 B6000000 		.4byte	.LLRL57
 2759 0a66 0D       		.uleb128 0xd
 2760 0a67 15120000 		.4byte	0x1215
 2761 0a6b D4000000 		.4byte	.LLST59
 2762 0a6f D2000000 		.4byte	.LVUS59
 2763 0a73 00       		.byte	0
 2764 0a74 00       		.byte	0
 2765 0a75 2C       		.uleb128 0x2c
 2766 0a76 7C000000 		.4byte	.LVL66
 2767 0a7a E9070000 		.4byte	0x7e9
 2768 0a7e 00       		.byte	0
 2769 0a7f 0C       		.uleb128 0xc
 2770 0a80 64110000 		.4byte	0x1164
 2771 0a84 00000000 		.4byte	.LBI203
 2772 0a88 02       		.byte	.LVU386
 2773 0a89 A7000000 		.4byte	.LLRL50
 2774 0a8d 01       		.byte	0x1
 2775 0a8e C201     		.2byte	0x1c2
 2776 0a90 16       		.byte	0x16
 2777 0a91 2D       		.uleb128 0x2d
 2778 0a92 47110000 		.4byte	0x1147
 2779 0a96 20000000 		.4byte	.LBI209
 2780 0a9a 01       		.byte	.LVU412
 2781 0a9b 20000000 		.4byte	.LBB209
 2782 0a9f 00000000 		.4byte	.LBE209-.LBB209
 2783 0aa3 D801     		.2byte	0x1d8
 2784 0aa5 09       		.byte	0x9
 2785 0aa6 03       		.uleb128 0x3
 2786 0aa7 58110000 		.4byte	0x1158
 2787 0aab DF000000 		.4byte	.LLST51
 2788 0aaf DD000000 		.4byte	.LVUS51
 2789 0ab3 17       		.uleb128 0x17
 2790 0ab4 36120000 		.4byte	0x1236
 2791 0ab8 20000000 		.4byte	.LBI211
 2792 0abc 04       		.byte	.LVU415
 2793 0abd 20000000 		.4byte	.LBB211
ARM GAS  /tmp/cc6x62HI.s 			page 50


 2794 0ac1 00000000 		.4byte	.LBE211-.LBB211
 2795 0ac5 07       		.byte	0x7
 2796 0ac6 84       		.byte	0x84
 2797 0ac7 0A       		.byte	0xa
 2798 0ac8 03       		.uleb128 0x3
 2799 0ac9 46120000 		.4byte	0x1246
 2800 0acd EA000000 		.4byte	.LLST52
 2801 0ad1 E8000000 		.4byte	.LVUS52
 2802 0ad5 00       		.byte	0
 2803 0ad6 00       		.byte	0
 2804 0ad7 00       		.byte	0
 2805 0ad8 0A       		.uleb128 0xa
 2806 0ad9 B8000000 		.4byte	0xb8
 2807 0add E80A0000 		.4byte	0xae8
 2808 0ae1 0B       		.uleb128 0xb
 2809 0ae2 2D000000 		.4byte	0x2d
 2810 0ae6 0C       		.byte	0xc
 2811 0ae7 00       		.byte	0
 2812 0ae8 08       		.uleb128 0x8
 2813 0ae9 D80A0000 		.4byte	0xad8
 2814 0aed 1C       		.uleb128 0x1c
 2815 0aee 68030000 		.4byte	.LASF122
 2816 0af2 6A01     		.2byte	0x16a
 2817 0af4 00000000 		.4byte	.LFB213
 2818 0af8 A0000000 		.4byte	.LFE213-.LFB213
 2819 0afc 01       		.uleb128 0x1
 2820 0afd 9C       		.byte	0x9c
 2821 0afe BE0C0000 		.4byte	0xcbe
 2822 0b02 23       		.uleb128 0x23
 2823 0b03 6D7000   		.ascii	"mp\000"
 2824 0b06 6A01     		.2byte	0x16a
 2825 0b08 1B       		.byte	0x1b
 2826 0b09 B3070000 		.4byte	0x7b3
 2827 0b0d FB000000 		.4byte	.LLST32
 2828 0b11 F3000000 		.4byte	.LVUS32
 2829 0b15 16       		.uleb128 0x16
 2830 0b16 9A020000 		.4byte	.LASF119
 2831 0b1a 6B01     		.2byte	0x16b
 2832 0b1c 0D       		.byte	0xd
 2833 0b1d E1050000 		.4byte	0x5e1
 2834 0b21 27010000 		.4byte	.LLST33
 2835 0b25 23010000 		.4byte	.LVUS33
 2836 0b29 10       		.uleb128 0x10
 2837 0b2a 6C6D7000 		.ascii	"lmp\000"
 2838 0b2e 6C01     		.2byte	0x16c
 2839 0b30 0C       		.byte	0xc
 2840 0b31 B3070000 		.4byte	0x7b3
 2841 0b35 3B010000 		.4byte	.LLST34
 2842 0b39 39010000 		.4byte	.LVUS34
 2843 0b3d 0E       		.uleb128 0xe
 2844 0b3e 50070000 		.4byte	.LASF123
 2845 0b42 CE0C0000 		.4byte	0xcce
 2846 0b46 1E       		.uleb128 0x1e
 2847 0b47 83000000 		.4byte	.LLRL38
 2848 0b4b 090C0000 		.4byte	0xc09
 2849 0b4f 10       		.uleb128 0x10
 2850 0b50 747000   		.ascii	"tp\000"
ARM GAS  /tmp/cc6x62HI.s 			page 51


 2851 0b53 8301     		.2byte	0x183
 2852 0b55 11       		.byte	0x11
 2853 0b56 E1050000 		.4byte	0x5e1
 2854 0b5a 46010000 		.4byte	.LLST39
 2855 0b5e 44010000 		.4byte	.LVUS39
 2856 0b62 16       		.uleb128 0x16
 2857 0b63 C0010000 		.4byte	.LASF121
 2858 0b67 8701     		.2byte	0x187
 2859 0b69 0F       		.byte	0xf
 2860 0b6a 44010000 		.4byte	0x144
 2861 0b6e 51010000 		.4byte	.LLST40
 2862 0b72 4F010000 		.4byte	.LVUS40
 2863 0b76 11       		.uleb128 0x11
 2864 0b77 47110000 		.4byte	0x1147
 2865 0b7b 38000000 		.4byte	.LBI186
 2866 0b7f 01       		.byte	.LVU323
 2867 0b80 38000000 		.4byte	.LBB186
 2868 0b84 04000000 		.4byte	.LBE186-.LBB186
 2869 0b88 8D01     		.2byte	0x18d
 2870 0b8a 0D       		.byte	0xd
 2871 0b8b C00B0000 		.4byte	0xbc0
 2872 0b8f 03       		.uleb128 0x3
 2873 0b90 58110000 		.4byte	0x1158
 2874 0b94 5C010000 		.4byte	.LLST41
 2875 0b98 5A010000 		.4byte	.LVUS41
 2876 0b9c 17       		.uleb128 0x17
 2877 0b9d 36120000 		.4byte	0x1236
 2878 0ba1 38000000 		.4byte	.LBI188
 2879 0ba5 04       		.byte	.LVU326
 2880 0ba6 38000000 		.4byte	.LBB188
 2881 0baa 04000000 		.4byte	.LBE188-.LBB188
 2882 0bae 07       		.byte	0x7
 2883 0baf 84       		.byte	0x84
 2884 0bb0 0A       		.byte	0xa
 2885 0bb1 03       		.uleb128 0x3
 2886 0bb2 46120000 		.4byte	0x1246
 2887 0bb6 67010000 		.4byte	.LLST42
 2888 0bba 65010000 		.4byte	.LVUS42
 2889 0bbe 00       		.byte	0
 2890 0bbf 00       		.byte	0
 2891 0bc0 14       		.uleb128 0x14
 2892 0bc1 F0110000 		.4byte	0x11f0
 2893 0bc5 60000000 		.4byte	.LBI190
 2894 0bc9 01       		.byte	.LVU338
 2895 0bca 8F000000 		.4byte	.LLRL43
 2896 0bce 9D01     		.2byte	0x19d
 2897 0bd0 0C       		.byte	0xc
 2898 0bd1 F60B0000 		.4byte	0xbf6
 2899 0bd5 03       		.uleb128 0x3
 2900 0bd6 00120000 		.4byte	0x1200
 2901 0bda 72010000 		.4byte	.LLST44
 2902 0bde 70010000 		.4byte	.LVUS44
 2903 0be2 12       		.uleb128 0x12
 2904 0be3 8F000000 		.4byte	.LLRL43
 2905 0be7 0D       		.uleb128 0xd
 2906 0be8 15120000 		.4byte	0x1215
 2907 0bec 7D010000 		.4byte	.LLST45
ARM GAS  /tmp/cc6x62HI.s 			page 52


 2908 0bf0 7B010000 		.4byte	.LVUS45
 2909 0bf4 00       		.byte	0
 2910 0bf5 00       		.byte	0
 2911 0bf6 15       		.uleb128 0x15
 2912 0bf7 84000000 		.4byte	.LVL51
 2913 0bfb E9070000 		.4byte	0x7e9
 2914 0bff 15       		.uleb128 0x15
 2915 0c00 88000000 		.4byte	.LVL52
 2916 0c04 BF070000 		.4byte	0x7bf
 2917 0c08 00       		.byte	0
 2918 0c09 0C       		.uleb128 0xc
 2919 0c0a 64110000 		.4byte	0x1164
 2920 0c0e 00000000 		.4byte	.LBI174
 2921 0c12 02       		.byte	.LVU275
 2922 0c13 77000000 		.4byte	.LLRL35
 2923 0c17 01       		.byte	0x1
 2924 0c18 6B01     		.2byte	0x16b
 2925 0c1a 16       		.byte	0x16
 2926 0c1b 11       		.uleb128 0x11
 2927 0c1c CC110000 		.4byte	0x11cc
 2928 0c20 10000000 		.4byte	.LBI178
 2929 0c24 06       		.byte	.LVU286
 2930 0c25 10000000 		.4byte	.LBB178
 2931 0c29 04000000 		.4byte	.LBE178-.LBB178
 2932 0c2d 7001     		.2byte	0x170
 2933 0c2f 03       		.byte	0x3
 2934 0c30 490C0000 		.4byte	0xc49
 2935 0c34 1D       		.uleb128 0x1d
 2936 0c35 C1120000 		.4byte	0x12c1
 2937 0c39 10000000 		.4byte	.LBI179
 2938 0c3d 08       		.byte	.LVU288
 2939 0c3e 10000000 		.4byte	.LBB179
 2940 0c42 04000000 		.4byte	.LBE179-.LBB179
 2941 0c46 7501     		.2byte	0x175
 2942 0c48 00       		.byte	0
 2943 0c49 11       		.uleb128 0x11
 2944 0c4a 47110000 		.4byte	0x1147
 2945 0c4e 24000000 		.4byte	.LBI181
 2946 0c52 01       		.byte	.LVU307
 2947 0c53 24000000 		.4byte	.LBB181
 2948 0c57 00000000 		.4byte	.LBE181-.LBB181
 2949 0c5b 8201     		.2byte	0x182
 2950 0c5d 09       		.byte	0x9
 2951 0c5e 930C0000 		.4byte	0xc93
 2952 0c62 03       		.uleb128 0x3
 2953 0c63 58110000 		.4byte	0x1158
 2954 0c67 88010000 		.4byte	.LLST36
 2955 0c6b 86010000 		.4byte	.LVUS36
 2956 0c6f 17       		.uleb128 0x17
 2957 0c70 36120000 		.4byte	0x1236
 2958 0c74 24000000 		.4byte	.LBI183
 2959 0c78 04       		.byte	.LVU310
 2960 0c79 24000000 		.4byte	.LBB183
 2961 0c7d 00000000 		.4byte	.LBE183-.LBB183
 2962 0c81 07       		.byte	0x7
 2963 0c82 84       		.byte	0x84
 2964 0c83 0A       		.byte	0xa
ARM GAS  /tmp/cc6x62HI.s 			page 53


 2965 0c84 03       		.uleb128 0x3
 2966 0c85 46120000 		.4byte	0x1246
 2967 0c89 93010000 		.4byte	.LLST37
 2968 0c8d 91010000 		.4byte	.LVUS37
 2969 0c91 00       		.byte	0
 2970 0c92 00       		.byte	0
 2971 0c93 2B       		.uleb128 0x2b
 2972 0c94 B6110000 		.4byte	0x11b6
 2973 0c98 88000000 		.4byte	.LBI195
 2974 0c9c 01       		.byte	.LVU362
 2975 0c9d 9B000000 		.4byte	.LLRL46
 2976 0ca1 B001     		.2byte	0x1b0
 2977 0ca3 03       		.byte	0x3
 2978 0ca4 12       		.uleb128 0x12
 2979 0ca5 9B000000 		.4byte	.LLRL46
 2980 0ca9 0C       		.uleb128 0xc
 2981 0caa B9120000 		.4byte	0x12b9
 2982 0cae 88000000 		.4byte	.LBI197
 2983 0cb2 08       		.byte	.LVU369
 2984 0cb3 9B000000 		.4byte	.LLRL46
 2985 0cb7 05       		.byte	0x5
 2986 0cb8 8E01     		.2byte	0x18e
 2987 0cba 03       		.byte	0x3
 2988 0cbb 00       		.byte	0
 2989 0cbc 00       		.byte	0
 2990 0cbd 00       		.byte	0
 2991 0cbe 0A       		.uleb128 0xa
 2992 0cbf B8000000 		.4byte	0xb8
 2993 0cc3 CE0C0000 		.4byte	0xcce
 2994 0cc7 0B       		.uleb128 0xb
 2995 0cc8 2D000000 		.4byte	0x2d
 2996 0ccc 0B       		.byte	0xb
 2997 0ccd 00       		.byte	0
 2998 0cce 08       		.uleb128 0x8
 2999 0ccf BE0C0000 		.4byte	0xcbe
 3000 0cd3 3E       		.uleb128 0x3e
 3001 0cd4 78070000 		.4byte	.LASF125
 3002 0cd8 01       		.byte	0x1
 3003 0cd9 4001     		.2byte	0x140
 3004 0cdb 06       		.byte	0x6
 3005 0cdc B8070000 		.4byte	0x7b8
 3006 0ce0 01       		.byte	0x1
 3007 0ce1 080D0000 		.4byte	0xd08
 3008 0ce5 18       		.uleb128 0x18
 3009 0ce6 6D7000   		.ascii	"mp\000"
 3010 0ce9 01       		.byte	0x1
 3011 0cea 4001     		.2byte	0x140
 3012 0cec 1D       		.byte	0x1d
 3013 0ced B3070000 		.4byte	0x7b3
 3014 0cf1 3F       		.uleb128 0x3f
 3015 0cf2 9A020000 		.4byte	.LASF119
 3016 0cf6 01       		.byte	0x1
 3017 0cf7 4101     		.2byte	0x141
 3018 0cf9 0D       		.byte	0xd
 3019 0cfa E1050000 		.4byte	0x5e1
 3020 0cfe 0E       		.uleb128 0xe
 3021 0cff 50070000 		.4byte	.LASF123
ARM GAS  /tmp/cc6x62HI.s 			page 54


 3022 0d03 180D0000 		.4byte	0xd18
 3023 0d07 00       		.byte	0
 3024 0d08 0A       		.uleb128 0xa
 3025 0d09 B8000000 		.4byte	0xb8
 3026 0d0d 180D0000 		.4byte	0xd18
 3027 0d11 0B       		.uleb128 0xb
 3028 0d12 2D000000 		.4byte	0x2d
 3029 0d16 0D       		.byte	0xd
 3030 0d17 00       		.byte	0
 3031 0d18 08       		.uleb128 0x8
 3032 0d19 080D0000 		.4byte	0xd08
 3033 0d1d 40       		.uleb128 0x40
 3034 0d1e 10010000 		.4byte	.LASF145
 3035 0d22 01       		.byte	0x1
 3036 0d23 2501     		.2byte	0x125
 3037 0d25 06       		.byte	0x6
 3038 0d26 B8070000 		.4byte	0x7b8
 3039 0d2a 00000000 		.4byte	.LFB211
 3040 0d2e 3C000000 		.4byte	.LFE211-.LFB211
 3041 0d32 01       		.uleb128 0x1
 3042 0d33 9C       		.byte	0x9c
 3043 0d34 EE0D0000 		.4byte	0xdee
 3044 0d38 23       		.uleb128 0x23
 3045 0d39 6D7000   		.ascii	"mp\000"
 3046 0d3c 2501     		.2byte	0x125
 3047 0d3e 1C       		.byte	0x1c
 3048 0d3f B3070000 		.4byte	0x7b3
 3049 0d43 A0010000 		.4byte	.LLST25
 3050 0d47 9C010000 		.4byte	.LVUS25
 3051 0d4b 10       		.uleb128 0x10
 3052 0d4c 6200     		.ascii	"b\000"
 3053 0d4e 2601     		.2byte	0x126
 3054 0d50 08       		.byte	0x8
 3055 0d51 B8070000 		.4byte	0x7b8
 3056 0d55 B2010000 		.4byte	.LLST26
 3057 0d59 B0010000 		.4byte	.LVUS26
 3058 0d5d 14       		.uleb128 0x14
 3059 0d5e CC110000 		.4byte	0x11cc
 3060 0d62 00000000 		.4byte	.LBI154
 3061 0d66 03       		.byte	.LVU204
 3062 0d67 53000000 		.4byte	.LLRL27
 3063 0d6b 2801     		.2byte	0x128
 3064 0d6d 03       		.byte	0x3
 3065 0d6e 850D0000 		.4byte	0xd85
 3066 0d72 0C       		.uleb128 0xc
 3067 0d73 C1120000 		.4byte	0x12c1
 3068 0d77 00000000 		.4byte	.LBI155
 3069 0d7b 05       		.byte	.LVU206
 3070 0d7c 53000000 		.4byte	.LLRL27
 3071 0d80 05       		.byte	0x5
 3072 0d81 7501     		.2byte	0x175
 3073 0d83 03       		.byte	0x3
 3074 0d84 00       		.byte	0
 3075 0d85 11       		.uleb128 0x11
 3076 0d86 D30C0000 		.4byte	0xcd3
 3077 0d8a 08000000 		.4byte	.LBI160
 3078 0d8e 03       		.byte	.LVU213
ARM GAS  /tmp/cc6x62HI.s 			page 55


 3079 0d8f 08000000 		.4byte	.LBB160
 3080 0d93 2C000000 		.4byte	.LBE160-.LBB160
 3081 0d97 2901     		.2byte	0x129
 3082 0d99 07       		.byte	0x7
 3083 0d9a C30D0000 		.4byte	0xdc3
 3084 0d9e 03       		.uleb128 0x3
 3085 0d9f E50C0000 		.4byte	0xce5
 3086 0da3 BF010000 		.4byte	.LLST28
 3087 0da7 BB010000 		.4byte	.LVUS28
 3088 0dab 2E       		.uleb128 0x2e
 3089 0dac F10C0000 		.4byte	0xcf1
 3090 0db0 0C       		.uleb128 0xc
 3091 0db1 64110000 		.4byte	0x1164
 3092 0db5 08000000 		.4byte	.LBI162
 3093 0db9 05       		.byte	.LVU215
 3094 0dba 5F000000 		.4byte	.LLRL29
 3095 0dbe 01       		.byte	0x1
 3096 0dbf 4101     		.2byte	0x141
 3097 0dc1 16       		.byte	0x16
 3098 0dc2 00       		.byte	0
 3099 0dc3 2D       		.uleb128 0x2d
 3100 0dc4 B6110000 		.4byte	0x11b6
 3101 0dc8 34000000 		.4byte	.LBI166
 3102 0dcc 03       		.byte	.LVU237
 3103 0dcd 34000000 		.4byte	.LBB166
 3104 0dd1 04000000 		.4byte	.LBE166-.LBB166
 3105 0dd5 2A01     		.2byte	0x12a
 3106 0dd7 03       		.byte	0x3
 3107 0dd8 1D       		.uleb128 0x1d
 3108 0dd9 B9120000 		.4byte	0x12b9
 3109 0ddd 34000000 		.4byte	.LBI168
 3110 0de1 0A       		.byte	.LVU244
 3111 0de2 34000000 		.4byte	.LBB168
 3112 0de6 04000000 		.4byte	.LBE168-.LBB168
 3113 0dea 8E01     		.2byte	0x18e
 3114 0dec 00       		.byte	0
 3115 0ded 00       		.byte	0
 3116 0dee 1F       		.uleb128 0x1f
 3117 0def BC050000 		.4byte	.LASF126
 3118 0df3 AC       		.byte	0xac
 3119 0df4 00000000 		.4byte	.LFB210
 3120 0df8 74010000 		.4byte	.LFE210-.LFB210
 3121 0dfc 01       		.uleb128 0x1
 3122 0dfd 9C       		.byte	0x9c
 3123 0dfe FF0F0000 		.4byte	0xfff
 3124 0e02 2F       		.uleb128 0x2f
 3125 0e03 6D7000   		.ascii	"mp\000"
 3126 0e06 AC       		.byte	0xac
 3127 0e07 1A       		.byte	0x1a
 3128 0e08 B3070000 		.4byte	0x7b3
 3129 0e0c D9010000 		.4byte	.LLST1
 3130 0e10 CF010000 		.4byte	.LVUS1
 3131 0e14 41       		.uleb128 0x41
 3132 0e15 9A020000 		.4byte	.LASF119
 3133 0e19 01       		.byte	0x1
 3134 0e1a AD       		.byte	0xad
 3135 0e1b 0D       		.byte	0xd
ARM GAS  /tmp/cc6x62HI.s 			page 56


 3136 0e1c E1050000 		.4byte	0x5e1
 3137 0e20 12020000 		.4byte	.LLST2
 3138 0e24 0C020000 		.4byte	.LVUS2
 3139 0e28 0E       		.uleb128 0xe
 3140 0e29 50070000 		.4byte	.LASF123
 3141 0e2d 0F100000 		.4byte	0x100f
 3142 0e31 1E       		.uleb128 0x1e
 3143 0e32 1B000000 		.4byte	.LLRL4
 3144 0e36 ED0F0000 		.4byte	0xfed
 3145 0e3a 42       		.uleb128 0x42
 3146 0e3b 747000   		.ascii	"tp\000"
 3147 0e3e 01       		.byte	0x1
 3148 0e3f C2       		.byte	0xc2
 3149 0e40 11       		.byte	0x11
 3150 0e41 E1050000 		.4byte	0x5e1
 3151 0e45 33020000 		.4byte	.LLST5
 3152 0e49 2D020000 		.4byte	.LVUS5
 3153 0e4d 19       		.uleb128 0x19
 3154 0e4e D4110000 		.4byte	0x11d4
 3155 0e52 50000000 		.4byte	.LBI123
 3156 0e56 01       		.byte	.LVU48
 3157 0e57 50000000 		.4byte	.LBB123
 3158 0e5b 10000000 		.4byte	.LBE123-.LBB123
 3159 0e5f F0       		.byte	0xf0
 3160 0e60 1E       		.byte	0x1e
 3161 0e61 730E0000 		.4byte	0xe73
 3162 0e65 03       		.uleb128 0x3
 3163 0e66 E4110000 		.4byte	0x11e4
 3164 0e6a 4E020000 		.4byte	.LLST6
 3165 0e6e 4C020000 		.4byte	.LVUS6
 3166 0e72 00       		.byte	0
 3167 0e73 24       		.uleb128 0x24
 3168 0e74 72110000 		.4byte	0x1172
 3169 0e78 64000000 		.4byte	.LBI125
 3170 0e7c 02       		.byte	.LVU60
 3171 0e7d 2F000000 		.4byte	.LLRL7
 3172 0e81 FA       		.byte	0xfa
 3173 0e82 07       		.byte	0x7
 3174 0e83 D00E0000 		.4byte	0xed0
 3175 0e87 03       		.uleb128 0x3
 3176 0e88 88110000 		.4byte	0x1188
 3177 0e8c 59020000 		.4byte	.LLST8
 3178 0e90 57020000 		.4byte	.LVUS8
 3179 0e94 03       		.uleb128 0x3
 3180 0e95 7D110000 		.4byte	0x117d
 3181 0e99 64020000 		.4byte	.LLST9
 3182 0e9d 62020000 		.4byte	.LVUS9
 3183 0ea1 12       		.uleb128 0x12
 3184 0ea2 2F000000 		.4byte	.LLRL7
 3185 0ea6 0D       		.uleb128 0xd
 3186 0ea7 93110000 		.4byte	0x1193
 3187 0eab 73020000 		.4byte	.LLST10
 3188 0eaf 6D020000 		.4byte	.LVUS10
 3189 0eb3 25       		.uleb128 0x25
 3190 0eb4 A7110000 		.4byte	0x11a7
 3191 0eb8 7C000000 		.4byte	.LBB127
 3192 0ebc 04000000 		.4byte	.LBE127-.LBB127
ARM GAS  /tmp/cc6x62HI.s 			page 57


 3193 0ec0 0D       		.uleb128 0xd
 3194 0ec1 A8110000 		.4byte	0x11a8
 3195 0ec5 8C020000 		.4byte	.LLST11
 3196 0ec9 88020000 		.4byte	.LVUS11
 3197 0ecd 00       		.byte	0
 3198 0ece 00       		.byte	0
 3199 0ecf 00       		.byte	0
 3200 0ed0 19       		.uleb128 0x19
 3201 0ed1 D4110000 		.4byte	0x11d4
 3202 0ed5 B0000000 		.4byte	.LBI130
 3203 0ed9 00       		.byte	.LVU92
 3204 0eda B0000000 		.4byte	.LBB130
 3205 0ede 10000000 		.4byte	.LBE130-.LBB130
 3206 0ee2 DE       		.byte	0xde
 3207 0ee3 0B       		.byte	0xb
 3208 0ee4 F60E0000 		.4byte	0xef6
 3209 0ee8 03       		.uleb128 0x3
 3210 0ee9 E4110000 		.4byte	0x11e4
 3211 0eed 9E020000 		.4byte	.LLST12
 3212 0ef1 9C020000 		.4byte	.LVUS12
 3213 0ef5 00       		.byte	0
 3214 0ef6 24       		.uleb128 0x24
 3215 0ef7 72110000 		.4byte	0x1172
 3216 0efb C0000000 		.4byte	.LBI132
 3217 0eff 02       		.byte	.LVU101
 3218 0f00 3B000000 		.4byte	.LLRL13
 3219 0f04 DE       		.byte	0xde
 3220 0f05 0B       		.byte	0xb
 3221 0f06 530F0000 		.4byte	0xf53
 3222 0f0a 03       		.uleb128 0x3
 3223 0f0b 88110000 		.4byte	0x1188
 3224 0f0f A9020000 		.4byte	.LLST14
 3225 0f13 A7020000 		.4byte	.LVUS14
 3226 0f17 03       		.uleb128 0x3
 3227 0f18 7D110000 		.4byte	0x117d
 3228 0f1c B4020000 		.4byte	.LLST15
 3229 0f20 B2020000 		.4byte	.LVUS15
 3230 0f24 12       		.uleb128 0x12
 3231 0f25 3B000000 		.4byte	.LLRL13
 3232 0f29 0D       		.uleb128 0xd
 3233 0f2a 93110000 		.4byte	0x1193
 3234 0f2e C3020000 		.4byte	.LLST16
 3235 0f32 BD020000 		.4byte	.LVUS16
 3236 0f36 25       		.uleb128 0x25
 3237 0f37 A7110000 		.4byte	0x11a7
 3238 0f3b D8000000 		.4byte	.LBB134
 3239 0f3f 04000000 		.4byte	.LBE134-.LBB134
 3240 0f43 0D       		.uleb128 0xd
 3241 0f44 A8110000 		.4byte	0x11a8
 3242 0f48 DC020000 		.4byte	.LLST17
 3243 0f4c D8020000 		.4byte	.LVUS17
 3244 0f50 00       		.byte	0
 3245 0f51 00       		.byte	0
 3246 0f52 00       		.byte	0
 3247 0f53 19       		.uleb128 0x19
 3248 0f54 D4110000 		.4byte	0x11d4
 3249 0f58 14010000 		.4byte	.LBI137
ARM GAS  /tmp/cc6x62HI.s 			page 58


 3250 0f5c 00       		.byte	.LVU139
 3251 0f5d 14010000 		.4byte	.LBB137
 3252 0f61 10000000 		.4byte	.LBE137-.LBB137
 3253 0f65 CE       		.byte	0xce
 3254 0f66 0B       		.byte	0xb
 3255 0f67 790F0000 		.4byte	0xf79
 3256 0f6b 03       		.uleb128 0x3
 3257 0f6c E4110000 		.4byte	0x11e4
 3258 0f70 EE020000 		.4byte	.LLST18
 3259 0f74 EC020000 		.4byte	.LVUS18
 3260 0f78 00       		.byte	0
 3261 0f79 19       		.uleb128 0x19
 3262 0f7a 72110000 		.4byte	0x1172
 3263 0f7e 24010000 		.4byte	.LBI139
 3264 0f82 02       		.byte	.LVU148
 3265 0f83 24010000 		.4byte	.LBB139
 3266 0f87 38000000 		.4byte	.LBE139-.LBB139
 3267 0f8b CE       		.byte	0xce
 3268 0f8c 0B       		.byte	0xb
 3269 0f8d D40F0000 		.4byte	0xfd4
 3270 0f91 03       		.uleb128 0x3
 3271 0f92 88110000 		.4byte	0x1188
 3272 0f96 F9020000 		.4byte	.LLST19
 3273 0f9a F7020000 		.4byte	.LVUS19
 3274 0f9e 03       		.uleb128 0x3
 3275 0f9f 7D110000 		.4byte	0x117d
 3276 0fa3 04030000 		.4byte	.LLST20
 3277 0fa7 02030000 		.4byte	.LVUS20
 3278 0fab 0D       		.uleb128 0xd
 3279 0fac 93110000 		.4byte	0x1193
 3280 0fb0 13030000 		.4byte	.LLST21
 3281 0fb4 0D030000 		.4byte	.LVUS21
 3282 0fb8 25       		.uleb128 0x25
 3283 0fb9 A7110000 		.4byte	0x11a7
 3284 0fbd 3C010000 		.4byte	.LBB141
 3285 0fc1 04000000 		.4byte	.LBE141-.LBB141
 3286 0fc5 0D       		.uleb128 0xd
 3287 0fc6 A8110000 		.4byte	0x11a8
 3288 0fca 2C030000 		.4byte	.LLST22
 3289 0fce 28030000 		.4byte	.LVUS22
 3290 0fd2 00       		.byte	0
 3291 0fd3 00       		.byte	0
 3292 0fd4 15       		.uleb128 0x15
 3293 0fd5 64000000 		.4byte	.LVL9
 3294 0fd9 E9070000 		.4byte	0x7e9
 3295 0fdd 43       		.uleb128 0x43
 3296 0fde AC000000 		.4byte	.LVL15
 3297 0fe2 D8070000 		.4byte	0x7d8
 3298 0fe6 30       		.uleb128 0x30
 3299 0fe7 01       		.uleb128 0x1
 3300 0fe8 50       		.byte	0x50
 3301 0fe9 01       		.uleb128 0x1
 3302 0fea 36       		.byte	0x36
 3303 0feb 00       		.byte	0
 3304 0fec 00       		.byte	0
 3305 0fed 44       		.uleb128 0x44
 3306 0fee 64110000 		.4byte	0x1164
ARM GAS  /tmp/cc6x62HI.s 			page 59


 3307 0ff2 00000000 		.4byte	.LBI116
 3308 0ff6 02       		.byte	.LVU23
 3309 0ff7 0C000000 		.4byte	.LLRL3
 3310 0ffb 01       		.byte	0x1
 3311 0ffc AD       		.byte	0xad
 3312 0ffd 16       		.byte	0x16
 3313 0ffe 00       		.byte	0
 3314 0fff 0A       		.uleb128 0xa
 3315 1000 B8000000 		.4byte	0xb8
 3316 1004 0F100000 		.4byte	0x100f
 3317 1008 0B       		.uleb128 0xb
 3318 1009 2D000000 		.4byte	0x2d
 3319 100d 0A       		.byte	0xa
 3320 100e 00       		.byte	0
 3321 100f 08       		.uleb128 0x8
 3322 1010 FF0F0000 		.4byte	0xfff
 3323 1014 1F       		.uleb128 0x1f
 3324 1015 13000000 		.4byte	.LASF127
 3325 1019 9C       		.byte	0x9c
 3326 101a 00000000 		.4byte	.LFB209
 3327 101e 14000000 		.4byte	.LFE209-.LFB209
 3328 1022 01       		.uleb128 0x1
 3329 1023 9C       		.byte	0x9c
 3330 1024 A6100000 		.4byte	0x10a6
 3331 1028 2F       		.uleb128 0x2f
 3332 1029 6D7000   		.ascii	"mp\000"
 3333 102c 9C       		.byte	0x9c
 3334 102d 19       		.byte	0x19
 3335 102e B3070000 		.4byte	0x7b3
 3336 1032 40030000 		.4byte	.LLST23
 3337 1036 3C030000 		.4byte	.LVUS23
 3338 103a 24       		.uleb128 0x24
 3339 103b CC110000 		.4byte	0x11cc
 3340 103f 00000000 		.4byte	.LBI144
 3341 1043 02       		.byte	.LVU181
 3342 1044 47000000 		.4byte	.LLRL24
 3343 1048 9E       		.byte	0x9e
 3344 1049 03       		.byte	0x3
 3345 104a 61100000 		.4byte	0x1061
 3346 104e 0C       		.uleb128 0xc
 3347 104f C1120000 		.4byte	0x12c1
 3348 1053 00000000 		.4byte	.LBI145
 3349 1057 04       		.byte	.LVU183
 3350 1058 47000000 		.4byte	.LLRL24
 3351 105c 05       		.byte	0x5
 3352 105d 7501     		.2byte	0x175
 3353 105f 03       		.byte	0x3
 3354 1060 00       		.byte	0
 3355 1061 19       		.uleb128 0x19
 3356 1062 B6110000 		.4byte	0x11b6
 3357 1066 0C000000 		.4byte	.LBI150
 3358 106a 01       		.byte	.LVU191
 3359 106b 0C000000 		.4byte	.LBB150
 3360 106f 04000000 		.4byte	.LBE150-.LBB150
 3361 1073 A0       		.byte	0xa0
 3362 1074 03       		.byte	0x3
 3363 1075 8E100000 		.4byte	0x108e
ARM GAS  /tmp/cc6x62HI.s 			page 60


 3364 1079 1D       		.uleb128 0x1d
 3365 107a B9120000 		.4byte	0x12b9
 3366 107e 0C000000 		.4byte	.LBI152
 3367 1082 08       		.byte	.LVU198
 3368 1083 0C000000 		.4byte	.LBB152
 3369 1087 04000000 		.4byte	.LBE152-.LBB152
 3370 108b 8E01     		.2byte	0x18e
 3371 108d 00       		.byte	0
 3372 108e 45       		.uleb128 0x45
 3373 108f 0C000000 		.4byte	.LVL32
 3374 1093 EE0D0000 		.4byte	0xdee
 3375 1097 30       		.uleb128 0x30
 3376 1098 01       		.uleb128 0x1
 3377 1099 50       		.byte	0x50
 3378 109a 09       		.uleb128 0x9
 3379 109b A3       		.byte	0xa3
 3380 109c 03       		.uleb128 0x3
 3381 109d A5       		.byte	0xa5
 3382 109e 00       		.uleb128 0
 3383 109f 26       		.uleb128 0x26
 3384 10a0 A8       		.byte	0xa8
 3385 10a1 2D       		.uleb128 0x2d
 3386 10a2 A8       		.byte	0xa8
 3387 10a3 00       		.uleb128 0
 3388 10a4 00       		.byte	0
 3389 10a5 00       		.byte	0
 3390 10a6 1F       		.uleb128 0x1f
 3391 10a7 7C000000 		.4byte	.LASF128
 3392 10ab 82       		.byte	0x82
 3393 10ac 00000000 		.4byte	.LFB208
 3394 10b0 04000000 		.4byte	.LFE208-.LFB208
 3395 10b4 01       		.uleb128 0x1
 3396 10b5 9C       		.byte	0x9c
 3397 10b6 D0100000 		.4byte	0x10d0
 3398 10ba 31       		.uleb128 0x31
 3399 10bb 6D7000   		.ascii	"mp\000"
 3400 10be 82       		.byte	0x82
 3401 10bf 22       		.byte	0x22
 3402 10c0 B3070000 		.4byte	0x7b3
 3403 10c4 01       		.uleb128 0x1
 3404 10c5 50       		.byte	0x50
 3405 10c6 0E       		.uleb128 0xe
 3406 10c7 50070000 		.4byte	.LASF123
 3407 10cb E0100000 		.4byte	0x10e0
 3408 10cf 00       		.byte	0
 3409 10d0 0A       		.uleb128 0xa
 3410 10d1 B8000000 		.4byte	0xb8
 3411 10d5 E0100000 		.4byte	0x10e0
 3412 10d9 0B       		.uleb128 0xb
 3413 10da 2D000000 		.4byte	0x2d
 3414 10de 12       		.byte	0x12
 3415 10df 00       		.byte	0
 3416 10e0 08       		.uleb128 0x8
 3417 10e1 D0100000 		.4byte	0x10d0
 3418 10e5 1F       		.uleb128 0x1f
 3419 10e6 B0010000 		.4byte	.LASF129
 3420 10ea 68       		.byte	0x68
ARM GAS  /tmp/cc6x62HI.s 			page 61


 3421 10eb 00000000 		.4byte	.LFB207
 3422 10ef 10000000 		.4byte	.LFE207-.LFB207
 3423 10f3 01       		.uleb128 0x1
 3424 10f4 9C       		.byte	0x9c
 3425 10f5 32110000 		.4byte	0x1132
 3426 10f9 31       		.uleb128 0x31
 3427 10fa 6D7000   		.ascii	"mp\000"
 3428 10fd 68       		.byte	0x68
 3429 10fe 1F       		.byte	0x1f
 3430 10ff B3070000 		.4byte	0x7b3
 3431 1103 01       		.uleb128 0x1
 3432 1104 50       		.byte	0x50
 3433 1105 0E       		.uleb128 0xe
 3434 1106 50070000 		.4byte	.LASF123
 3435 110a 42110000 		.4byte	0x1142
 3436 110e 17       		.uleb128 0x17
 3437 110f 58120000 		.4byte	0x1258
 3438 1113 04000000 		.4byte	.LBI96
 3439 1117 00       		.byte	.LVU6
 3440 1118 04000000 		.4byte	.LBB96
 3441 111c 04000000 		.4byte	.LBE96-.LBB96
 3442 1120 01       		.byte	0x1
 3443 1121 6C       		.byte	0x6c
 3444 1122 03       		.byte	0x3
 3445 1123 03       		.uleb128 0x3
 3446 1124 64120000 		.4byte	0x1264
 3447 1128 5B030000 		.4byte	.LLST0
 3448 112c 59030000 		.4byte	.LVUS0
 3449 1130 00       		.byte	0
 3450 1131 00       		.byte	0
 3451 1132 0A       		.uleb128 0xa
 3452 1133 B8000000 		.4byte	0xb8
 3453 1137 42110000 		.4byte	0x1142
 3454 113b 0B       		.uleb128 0xb
 3455 113c 2D000000 		.4byte	0x2d
 3456 1140 0F       		.byte	0xf
 3457 1141 00       		.byte	0
 3458 1142 08       		.uleb128 0x8
 3459 1143 32110000 		.4byte	0x1132
 3460 1147 46       		.uleb128 0x46
 3461 1148 DF030000 		.4byte	.LASF132
 3462 114c 07       		.byte	0x7
 3463 114d 80       		.byte	0x80
 3464 114e 14       		.byte	0x14
 3465 114f B8070000 		.4byte	0x7b8
 3466 1153 03       		.byte	0x3
 3467 1154 64110000 		.4byte	0x1164
 3468 1158 1A       		.uleb128 0x1a
 3469 1159 6D7000   		.ascii	"mp\000"
 3470 115c 07       		.byte	0x7
 3471 115d 80       		.byte	0x80
 3472 115e 31       		.byte	0x31
 3473 115f B3070000 		.4byte	0x7b3
 3474 1163 00       		.byte	0
 3475 1164 47       		.uleb128 0x47
 3476 1165 EB010000 		.4byte	.LASF146
 3477 1169 03       		.byte	0x3
ARM GAS  /tmp/cc6x62HI.s 			page 62


 3478 116a 0E02     		.2byte	0x20e
 3479 116c 19       		.byte	0x19
 3480 116d E1050000 		.4byte	0x5e1
 3481 1171 03       		.byte	0x3
 3482 1172 32       		.uleb128 0x32
 3483 1173 A9030000 		.4byte	.LASF130
 3484 1177 04       		.byte	0x4
 3485 1178 A7       		.byte	0xa7
 3486 1179 B6110000 		.4byte	0x11b6
 3487 117d 1A       		.uleb128 0x1a
 3488 117e 717000   		.ascii	"qp\000"
 3489 1181 04       		.byte	0x4
 3490 1182 A7       		.byte	0xa7
 3491 1183 33       		.byte	0x33
 3492 1184 DC040000 		.4byte	0x4dc
 3493 1188 1A       		.uleb128 0x1a
 3494 1189 747000   		.ascii	"tp\000"
 3495 118c 04       		.byte	0x4
 3496 118d A7       		.byte	0xa7
 3497 118e 43       		.byte	0x43
 3498 118f DC040000 		.4byte	0x4dc
 3499 1193 48       		.uleb128 0x48
 3500 1194 637000   		.ascii	"cp\000"
 3501 1197 04       		.byte	0x4
 3502 1198 A9       		.byte	0xa9
 3503 1199 0F       		.byte	0xf
 3504 119a DC040000 		.4byte	0x4dc
 3505 119e 0E       		.uleb128 0xe
 3506 119f 50070000 		.4byte	.LASF123
 3507 11a3 E0100000 		.4byte	0x10e0
 3508 11a7 49       		.uleb128 0x49
 3509 11a8 4A       		.uleb128 0x4a
 3510 11a9 6F000000 		.4byte	.LASF73
 3511 11ad 04       		.byte	0x4
 3512 11ae AB       		.byte	0xab
 3513 11af 11       		.byte	0x11
 3514 11b0 DC040000 		.4byte	0x4dc
 3515 11b4 00       		.byte	0
 3516 11b5 00       		.byte	0
 3517 11b6 33       		.uleb128 0x33
 3518 11b7 DF010000 		.4byte	.LASF131
 3519 11bb 05       		.byte	0x5
 3520 11bc 8101     		.2byte	0x181
 3521 11be CC110000 		.4byte	0x11cc
 3522 11c2 0E       		.uleb128 0xe
 3523 11c3 50070000 		.4byte	.LASF123
 3524 11c7 CE0C0000 		.4byte	0xcce
 3525 11cb 00       		.byte	0
 3526 11cc 26       		.uleb128 0x26
 3527 11cd C1020000 		.4byte	.LASF138
 3528 11d1 05       		.byte	0x5
 3529 11d2 7301     		.2byte	0x173
 3530 11d4 27       		.uleb128 0x27
 3531 11d5 9F010000 		.4byte	.LASF133
 3532 11d9 7E01     		.2byte	0x17e
 3533 11db 1B       		.byte	0x1b
 3534 11dc DC040000 		.4byte	0x4dc
ARM GAS  /tmp/cc6x62HI.s 			page 63


 3535 11e0 F0110000 		.4byte	0x11f0
 3536 11e4 18       		.uleb128 0x18
 3537 11e5 7000     		.ascii	"p\000"
 3538 11e7 02       		.byte	0x2
 3539 11e8 7E01     		.2byte	0x17e
 3540 11ea 38       		.byte	0x38
 3541 11eb DC040000 		.4byte	0x4dc
 3542 11ef 00       		.byte	0
 3543 11f0 27       		.uleb128 0x27
 3544 11f1 D0020000 		.4byte	.LASF134
 3545 11f5 5501     		.2byte	0x155
 3546 11f7 1B       		.byte	0x1b
 3547 11f8 DC040000 		.4byte	0x4dc
 3548 11fc 21120000 		.4byte	0x1221
 3549 1200 18       		.uleb128 0x18
 3550 1201 717000   		.ascii	"qp\000"
 3551 1204 02       		.byte	0x2
 3552 1205 5501     		.2byte	0x155
 3553 1207 3C       		.byte	0x3c
 3554 1208 DC040000 		.4byte	0x4dc
 3555 120c 0E       		.uleb128 0xe
 3556 120d 50070000 		.4byte	.LASF123
 3557 1211 31120000 		.4byte	0x1231
 3558 1215 4B       		.uleb128 0x4b
 3559 1216 7000     		.ascii	"p\000"
 3560 1218 02       		.byte	0x2
 3561 1219 5901     		.2byte	0x159
 3562 121b 0F       		.byte	0xf
 3563 121c DC040000 		.4byte	0x4dc
 3564 1220 00       		.byte	0
 3565 1221 0A       		.uleb128 0xa
 3566 1222 B8000000 		.4byte	0xb8
 3567 1226 31120000 		.4byte	0x1231
 3568 122a 0B       		.uleb128 0xb
 3569 122b 2D000000 		.4byte	0x2d
 3570 122f 14       		.byte	0x14
 3571 1230 00       		.byte	0
 3572 1231 08       		.uleb128 0x8
 3573 1232 21120000 		.4byte	0x1221
 3574 1236 27       		.uleb128 0x27
 3575 1237 7A050000 		.4byte	.LASF135
 3576 123b 3601     		.2byte	0x136
 3577 123d 14       		.byte	0x14
 3578 123e B8070000 		.4byte	0x7b8
 3579 1242 53120000 		.4byte	0x1253
 3580 1246 18       		.uleb128 0x18
 3581 1247 717000   		.ascii	"qp\000"
 3582 124a 02       		.byte	0x2
 3583 124b 3601     		.2byte	0x136
 3584 124d 38       		.byte	0x38
 3585 124e 53120000 		.4byte	0x1253
 3586 1252 00       		.byte	0
 3587 1253 05       		.uleb128 0x5
 3588 1254 AF040000 		.4byte	0x4af
 3589 1258 33       		.uleb128 0x33
 3590 1259 37060000 		.4byte	.LASF136
 3591 125d 02       		.byte	0x2
ARM GAS  /tmp/cc6x62HI.s 			page 64


 3592 125e 1B01     		.2byte	0x11b
 3593 1260 71120000 		.4byte	0x1271
 3594 1264 18       		.uleb128 0x18
 3595 1265 717000   		.ascii	"qp\000"
 3596 1268 02       		.byte	0x2
 3597 1269 1B01     		.2byte	0x11b
 3598 126b 2E       		.byte	0x2e
 3599 126c DC040000 		.4byte	0x4dc
 3600 1270 00       		.byte	0
 3601 1271 32       		.uleb128 0x32
 3602 1272 1B070000 		.4byte	.LASF137
 3603 1276 11       		.byte	0x11
 3604 1277 97       		.byte	0x97
 3605 1278 9E120000 		.4byte	0x129e
 3606 127c 1A       		.uleb128 0x1a
 3607 127d 6C00     		.ascii	"l\000"
 3608 127f 11       		.byte	0x11
 3609 1280 97       		.byte	0x97
 3610 1281 32       		.byte	0x32
 3611 1282 34000000 		.4byte	0x34
 3612 1286 1A       		.uleb128 0x1a
 3613 1287 7000     		.ascii	"p\000"
 3614 1289 11       		.byte	0x11
 3615 128a 97       		.byte	0x97
 3616 128b 41       		.byte	0x41
 3617 128c 9E120000 		.4byte	0x129e
 3618 1290 4C       		.uleb128 0x4c
 3619 1291 50070000 		.4byte	.LASF123
 3620 1295 B4120000 		.4byte	0x12b4
 3621 1299 1B070000 		.4byte	.LASF137
 3622 129d 00       		.byte	0
 3623 129e 05       		.uleb128 0x5
 3624 129f A3120000 		.4byte	0x12a3
 3625 12a3 4D       		.uleb128 0x4d
 3626 12a4 0A       		.uleb128 0xa
 3627 12a5 B8000000 		.4byte	0xb8
 3628 12a9 B4120000 		.4byte	0x12b4
 3629 12ad 0B       		.uleb128 0xb
 3630 12ae 2D000000 		.4byte	0x2d
 3631 12b2 19       		.byte	0x19
 3632 12b3 00       		.byte	0
 3633 12b4 08       		.uleb128 0x8
 3634 12b5 A4120000 		.4byte	0x12a4
 3635 12b9 26       		.uleb128 0x26
 3636 12ba 59070000 		.4byte	.LASF139
 3637 12be 06       		.byte	0x6
 3638 12bf EF02     		.2byte	0x2ef
 3639 12c1 26       		.uleb128 0x26
 3640 12c2 A5000000 		.4byte	.LASF140
 3641 12c6 06       		.byte	0x6
 3642 12c7 E302     		.2byte	0x2e3
 3643 12c9 4E       		.uleb128 0x4e
 3644 12ca D30C0000 		.4byte	0xcd3
 3645 12ce 00000000 		.4byte	.LFB212
 3646 12d2 34000000 		.4byte	.LFE212-.LFB212
 3647 12d6 01       		.uleb128 0x1
 3648 12d7 9C       		.byte	0x9c
ARM GAS  /tmp/cc6x62HI.s 			page 65


 3649 12d8 03       		.uleb128 0x3
 3650 12d9 E50C0000 		.4byte	0xce5
 3651 12dd 68030000 		.4byte	.LLST30
 3652 12e1 64030000 		.4byte	.LVUS30
 3653 12e5 2E       		.uleb128 0x2e
 3654 12e6 F10C0000 		.4byte	0xcf1
 3655 12ea 0C       		.uleb128 0xc
 3656 12eb 64110000 		.4byte	0x1164
 3657 12ef 00000000 		.4byte	.LBI170
 3658 12f3 02       		.byte	.LVU250
 3659 12f4 6B000000 		.4byte	.LLRL31
 3660 12f8 01       		.byte	0x1
 3661 12f9 4101     		.2byte	0x141
 3662 12fb 16       		.byte	0x16
 3663 12fc 00       		.byte	0
 3664 12fd 00       		.byte	0
 3665              		.section	.debug_abbrev,"",%progbits
 3666              	.Ldebug_abbrev0:
 3667 0000 01       		.uleb128 0x1
 3668 0001 16       		.uleb128 0x16
 3669 0002 00       		.byte	0
 3670 0003 03       		.uleb128 0x3
 3671 0004 0E       		.uleb128 0xe
 3672 0005 3A       		.uleb128 0x3a
 3673 0006 0B       		.uleb128 0xb
 3674 0007 3B       		.uleb128 0x3b
 3675 0008 0B       		.uleb128 0xb
 3676 0009 39       		.uleb128 0x39
 3677 000a 0B       		.uleb128 0xb
 3678 000b 49       		.uleb128 0x49
 3679 000c 13       		.uleb128 0x13
 3680 000d 00       		.byte	0
 3681 000e 00       		.byte	0
 3682 000f 02       		.uleb128 0x2
 3683 0010 0D       		.uleb128 0xd
 3684 0011 00       		.byte	0
 3685 0012 03       		.uleb128 0x3
 3686 0013 0E       		.uleb128 0xe
 3687 0014 3A       		.uleb128 0x3a
 3688 0015 0B       		.uleb128 0xb
 3689 0016 3B       		.uleb128 0x3b
 3690 0017 0B       		.uleb128 0xb
 3691 0018 39       		.uleb128 0x39
 3692 0019 0B       		.uleb128 0xb
 3693 001a 49       		.uleb128 0x49
 3694 001b 13       		.uleb128 0x13
 3695 001c 38       		.uleb128 0x38
 3696 001d 0B       		.uleb128 0xb
 3697 001e 00       		.byte	0
 3698 001f 00       		.byte	0
 3699 0020 03       		.uleb128 0x3
 3700 0021 05       		.uleb128 0x5
 3701 0022 00       		.byte	0
 3702 0023 31       		.uleb128 0x31
 3703 0024 13       		.uleb128 0x13
 3704 0025 02       		.uleb128 0x2
 3705 0026 17       		.uleb128 0x17
ARM GAS  /tmp/cc6x62HI.s 			page 66


 3706 0027 B742     		.uleb128 0x2137
 3707 0029 17       		.uleb128 0x17
 3708 002a 00       		.byte	0
 3709 002b 00       		.byte	0
 3710 002c 04       		.uleb128 0x4
 3711 002d 0D       		.uleb128 0xd
 3712 002e 00       		.byte	0
 3713 002f 03       		.uleb128 0x3
 3714 0030 0E       		.uleb128 0xe
 3715 0031 3A       		.uleb128 0x3a
 3716 0032 0B       		.uleb128 0xb
 3717 0033 3B       		.uleb128 0x3b
 3718 0034 05       		.uleb128 0x5
 3719 0035 39       		.uleb128 0x39
 3720 0036 0B       		.uleb128 0xb
 3721 0037 49       		.uleb128 0x49
 3722 0038 13       		.uleb128 0x13
 3723 0039 38       		.uleb128 0x38
 3724 003a 0B       		.uleb128 0xb
 3725 003b 00       		.byte	0
 3726 003c 00       		.byte	0
 3727 003d 05       		.uleb128 0x5
 3728 003e 0F       		.uleb128 0xf
 3729 003f 00       		.byte	0
 3730 0040 0B       		.uleb128 0xb
 3731 0041 21       		.uleb128 0x21
 3732 0042 04       		.sleb128 4
 3733 0043 49       		.uleb128 0x49
 3734 0044 13       		.uleb128 0x13
 3735 0045 00       		.byte	0
 3736 0046 00       		.byte	0
 3737 0047 06       		.uleb128 0x6
 3738 0048 0D       		.uleb128 0xd
 3739 0049 00       		.byte	0
 3740 004a 03       		.uleb128 0x3
 3741 004b 08       		.uleb128 0x8
 3742 004c 3A       		.uleb128 0x3a
 3743 004d 0B       		.uleb128 0xb
 3744 004e 3B       		.uleb128 0x3b
 3745 004f 05       		.uleb128 0x5
 3746 0050 39       		.uleb128 0x39
 3747 0051 0B       		.uleb128 0xb
 3748 0052 49       		.uleb128 0x49
 3749 0053 13       		.uleb128 0x13
 3750 0054 38       		.uleb128 0x38
 3751 0055 0B       		.uleb128 0xb
 3752 0056 00       		.byte	0
 3753 0057 00       		.byte	0
 3754 0058 07       		.uleb128 0x7
 3755 0059 24       		.uleb128 0x24
 3756 005a 00       		.byte	0
 3757 005b 0B       		.uleb128 0xb
 3758 005c 0B       		.uleb128 0xb
 3759 005d 3E       		.uleb128 0x3e
 3760 005e 0B       		.uleb128 0xb
 3761 005f 03       		.uleb128 0x3
 3762 0060 0E       		.uleb128 0xe
ARM GAS  /tmp/cc6x62HI.s 			page 67


 3763 0061 00       		.byte	0
 3764 0062 00       		.byte	0
 3765 0063 08       		.uleb128 0x8
 3766 0064 26       		.uleb128 0x26
 3767 0065 00       		.byte	0
 3768 0066 49       		.uleb128 0x49
 3769 0067 13       		.uleb128 0x13
 3770 0068 00       		.byte	0
 3771 0069 00       		.byte	0
 3772 006a 09       		.uleb128 0x9
 3773 006b 13       		.uleb128 0x13
 3774 006c 01       		.byte	0x1
 3775 006d 03       		.uleb128 0x3
 3776 006e 0E       		.uleb128 0xe
 3777 006f 0B       		.uleb128 0xb
 3778 0070 0B       		.uleb128 0xb
 3779 0071 3A       		.uleb128 0x3a
 3780 0072 0B       		.uleb128 0xb
 3781 0073 3B       		.uleb128 0x3b
 3782 0074 0B       		.uleb128 0xb
 3783 0075 39       		.uleb128 0x39
 3784 0076 0B       		.uleb128 0xb
 3785 0077 01       		.uleb128 0x1
 3786 0078 13       		.uleb128 0x13
 3787 0079 00       		.byte	0
 3788 007a 00       		.byte	0
 3789 007b 0A       		.uleb128 0xa
 3790 007c 01       		.uleb128 0x1
 3791 007d 01       		.byte	0x1
 3792 007e 49       		.uleb128 0x49
 3793 007f 13       		.uleb128 0x13
 3794 0080 01       		.uleb128 0x1
 3795 0081 13       		.uleb128 0x13
 3796 0082 00       		.byte	0
 3797 0083 00       		.byte	0
 3798 0084 0B       		.uleb128 0xb
 3799 0085 21       		.uleb128 0x21
 3800 0086 00       		.byte	0
 3801 0087 49       		.uleb128 0x49
 3802 0088 13       		.uleb128 0x13
 3803 0089 2F       		.uleb128 0x2f
 3804 008a 0B       		.uleb128 0xb
 3805 008b 00       		.byte	0
 3806 008c 00       		.byte	0
 3807 008d 0C       		.uleb128 0xc
 3808 008e 1D       		.uleb128 0x1d
 3809 008f 00       		.byte	0
 3810 0090 31       		.uleb128 0x31
 3811 0091 13       		.uleb128 0x13
 3812 0092 52       		.uleb128 0x52
 3813 0093 01       		.uleb128 0x1
 3814 0094 B842     		.uleb128 0x2138
 3815 0096 0B       		.uleb128 0xb
 3816 0097 55       		.uleb128 0x55
 3817 0098 17       		.uleb128 0x17
 3818 0099 58       		.uleb128 0x58
 3819 009a 0B       		.uleb128 0xb
ARM GAS  /tmp/cc6x62HI.s 			page 68


 3820 009b 59       		.uleb128 0x59
 3821 009c 05       		.uleb128 0x5
 3822 009d 57       		.uleb128 0x57
 3823 009e 0B       		.uleb128 0xb
 3824 009f 00       		.byte	0
 3825 00a0 00       		.byte	0
 3826 00a1 0D       		.uleb128 0xd
 3827 00a2 34       		.uleb128 0x34
 3828 00a3 00       		.byte	0
 3829 00a4 31       		.uleb128 0x31
 3830 00a5 13       		.uleb128 0x13
 3831 00a6 02       		.uleb128 0x2
 3832 00a7 17       		.uleb128 0x17
 3833 00a8 B742     		.uleb128 0x2137
 3834 00aa 17       		.uleb128 0x17
 3835 00ab 00       		.byte	0
 3836 00ac 00       		.byte	0
 3837 00ad 0E       		.uleb128 0xe
 3838 00ae 34       		.uleb128 0x34
 3839 00af 00       		.byte	0
 3840 00b0 03       		.uleb128 0x3
 3841 00b1 0E       		.uleb128 0xe
 3842 00b2 49       		.uleb128 0x49
 3843 00b3 13       		.uleb128 0x13
 3844 00b4 34       		.uleb128 0x34
 3845 00b5 19       		.uleb128 0x19
 3846 00b6 00       		.byte	0
 3847 00b7 00       		.byte	0
 3848 00b8 0F       		.uleb128 0xf
 3849 00b9 0D       		.uleb128 0xd
 3850 00ba 00       		.byte	0
 3851 00bb 03       		.uleb128 0x3
 3852 00bc 0E       		.uleb128 0xe
 3853 00bd 3A       		.uleb128 0x3a
 3854 00be 21       		.uleb128 0x21
 3855 00bf 0C       		.sleb128 12
 3856 00c0 3B       		.uleb128 0x3b
 3857 00c1 05       		.uleb128 0x5
 3858 00c2 39       		.uleb128 0x39
 3859 00c3 0B       		.uleb128 0xb
 3860 00c4 49       		.uleb128 0x49
 3861 00c5 13       		.uleb128 0x13
 3862 00c6 00       		.byte	0
 3863 00c7 00       		.byte	0
 3864 00c8 10       		.uleb128 0x10
 3865 00c9 34       		.uleb128 0x34
 3866 00ca 00       		.byte	0
 3867 00cb 03       		.uleb128 0x3
 3868 00cc 08       		.uleb128 0x8
 3869 00cd 3A       		.uleb128 0x3a
 3870 00ce 21       		.uleb128 0x21
 3871 00cf 01       		.sleb128 1
 3872 00d0 3B       		.uleb128 0x3b
 3873 00d1 05       		.uleb128 0x5
 3874 00d2 39       		.uleb128 0x39
 3875 00d3 0B       		.uleb128 0xb
 3876 00d4 49       		.uleb128 0x49
ARM GAS  /tmp/cc6x62HI.s 			page 69


 3877 00d5 13       		.uleb128 0x13
 3878 00d6 02       		.uleb128 0x2
 3879 00d7 17       		.uleb128 0x17
 3880 00d8 B742     		.uleb128 0x2137
 3881 00da 17       		.uleb128 0x17
 3882 00db 00       		.byte	0
 3883 00dc 00       		.byte	0
 3884 00dd 11       		.uleb128 0x11
 3885 00de 1D       		.uleb128 0x1d
 3886 00df 01       		.byte	0x1
 3887 00e0 31       		.uleb128 0x31
 3888 00e1 13       		.uleb128 0x13
 3889 00e2 52       		.uleb128 0x52
 3890 00e3 01       		.uleb128 0x1
 3891 00e4 B842     		.uleb128 0x2138
 3892 00e6 0B       		.uleb128 0xb
 3893 00e7 11       		.uleb128 0x11
 3894 00e8 01       		.uleb128 0x1
 3895 00e9 12       		.uleb128 0x12
 3896 00ea 06       		.uleb128 0x6
 3897 00eb 58       		.uleb128 0x58
 3898 00ec 21       		.uleb128 0x21
 3899 00ed 01       		.sleb128 1
 3900 00ee 59       		.uleb128 0x59
 3901 00ef 05       		.uleb128 0x5
 3902 00f0 57       		.uleb128 0x57
 3903 00f1 0B       		.uleb128 0xb
 3904 00f2 01       		.uleb128 0x1
 3905 00f3 13       		.uleb128 0x13
 3906 00f4 00       		.byte	0
 3907 00f5 00       		.byte	0
 3908 00f6 12       		.uleb128 0x12
 3909 00f7 0B       		.uleb128 0xb
 3910 00f8 01       		.byte	0x1
 3911 00f9 55       		.uleb128 0x55
 3912 00fa 17       		.uleb128 0x17
 3913 00fb 00       		.byte	0
 3914 00fc 00       		.byte	0
 3915 00fd 13       		.uleb128 0x13
 3916 00fe 13       		.uleb128 0x13
 3917 00ff 01       		.byte	0x1
 3918 0100 03       		.uleb128 0x3
 3919 0101 0E       		.uleb128 0xe
 3920 0102 0B       		.uleb128 0xb
 3921 0103 0B       		.uleb128 0xb
 3922 0104 3A       		.uleb128 0x3a
 3923 0105 0B       		.uleb128 0xb
 3924 0106 3B       		.uleb128 0x3b
 3925 0107 05       		.uleb128 0x5
 3926 0108 39       		.uleb128 0x39
 3927 0109 0B       		.uleb128 0xb
 3928 010a 01       		.uleb128 0x1
 3929 010b 13       		.uleb128 0x13
 3930 010c 00       		.byte	0
 3931 010d 00       		.byte	0
 3932 010e 14       		.uleb128 0x14
 3933 010f 1D       		.uleb128 0x1d
ARM GAS  /tmp/cc6x62HI.s 			page 70


 3934 0110 01       		.byte	0x1
 3935 0111 31       		.uleb128 0x31
 3936 0112 13       		.uleb128 0x13
 3937 0113 52       		.uleb128 0x52
 3938 0114 01       		.uleb128 0x1
 3939 0115 B842     		.uleb128 0x2138
 3940 0117 0B       		.uleb128 0xb
 3941 0118 55       		.uleb128 0x55
 3942 0119 17       		.uleb128 0x17
 3943 011a 58       		.uleb128 0x58
 3944 011b 21       		.uleb128 0x21
 3945 011c 01       		.sleb128 1
 3946 011d 59       		.uleb128 0x59
 3947 011e 05       		.uleb128 0x5
 3948 011f 57       		.uleb128 0x57
 3949 0120 0B       		.uleb128 0xb
 3950 0121 01       		.uleb128 0x1
 3951 0122 13       		.uleb128 0x13
 3952 0123 00       		.byte	0
 3953 0124 00       		.byte	0
 3954 0125 15       		.uleb128 0x15
 3955 0126 48       		.uleb128 0x48
 3956 0127 00       		.byte	0
 3957 0128 7D       		.uleb128 0x7d
 3958 0129 01       		.uleb128 0x1
 3959 012a 7F       		.uleb128 0x7f
 3960 012b 13       		.uleb128 0x13
 3961 012c 00       		.byte	0
 3962 012d 00       		.byte	0
 3963 012e 16       		.uleb128 0x16
 3964 012f 34       		.uleb128 0x34
 3965 0130 00       		.byte	0
 3966 0131 03       		.uleb128 0x3
 3967 0132 0E       		.uleb128 0xe
 3968 0133 3A       		.uleb128 0x3a
 3969 0134 21       		.uleb128 0x21
 3970 0135 01       		.sleb128 1
 3971 0136 3B       		.uleb128 0x3b
 3972 0137 05       		.uleb128 0x5
 3973 0138 39       		.uleb128 0x39
 3974 0139 0B       		.uleb128 0xb
 3975 013a 49       		.uleb128 0x49
 3976 013b 13       		.uleb128 0x13
 3977 013c 02       		.uleb128 0x2
 3978 013d 17       		.uleb128 0x17
 3979 013e B742     		.uleb128 0x2137
 3980 0140 17       		.uleb128 0x17
 3981 0141 00       		.byte	0
 3982 0142 00       		.byte	0
 3983 0143 17       		.uleb128 0x17
 3984 0144 1D       		.uleb128 0x1d
 3985 0145 01       		.byte	0x1
 3986 0146 31       		.uleb128 0x31
 3987 0147 13       		.uleb128 0x13
 3988 0148 52       		.uleb128 0x52
 3989 0149 01       		.uleb128 0x1
 3990 014a B842     		.uleb128 0x2138
ARM GAS  /tmp/cc6x62HI.s 			page 71


 3991 014c 0B       		.uleb128 0xb
 3992 014d 11       		.uleb128 0x11
 3993 014e 01       		.uleb128 0x1
 3994 014f 12       		.uleb128 0x12
 3995 0150 06       		.uleb128 0x6
 3996 0151 58       		.uleb128 0x58
 3997 0152 0B       		.uleb128 0xb
 3998 0153 59       		.uleb128 0x59
 3999 0154 0B       		.uleb128 0xb
 4000 0155 57       		.uleb128 0x57
 4001 0156 0B       		.uleb128 0xb
 4002 0157 00       		.byte	0
 4003 0158 00       		.byte	0
 4004 0159 18       		.uleb128 0x18
 4005 015a 05       		.uleb128 0x5
 4006 015b 00       		.byte	0
 4007 015c 03       		.uleb128 0x3
 4008 015d 08       		.uleb128 0x8
 4009 015e 3A       		.uleb128 0x3a
 4010 015f 0B       		.uleb128 0xb
 4011 0160 3B       		.uleb128 0x3b
 4012 0161 05       		.uleb128 0x5
 4013 0162 39       		.uleb128 0x39
 4014 0163 0B       		.uleb128 0xb
 4015 0164 49       		.uleb128 0x49
 4016 0165 13       		.uleb128 0x13
 4017 0166 00       		.byte	0
 4018 0167 00       		.byte	0
 4019 0168 19       		.uleb128 0x19
 4020 0169 1D       		.uleb128 0x1d
 4021 016a 01       		.byte	0x1
 4022 016b 31       		.uleb128 0x31
 4023 016c 13       		.uleb128 0x13
 4024 016d 52       		.uleb128 0x52
 4025 016e 01       		.uleb128 0x1
 4026 016f B842     		.uleb128 0x2138
 4027 0171 0B       		.uleb128 0xb
 4028 0172 11       		.uleb128 0x11
 4029 0173 01       		.uleb128 0x1
 4030 0174 12       		.uleb128 0x12
 4031 0175 06       		.uleb128 0x6
 4032 0176 58       		.uleb128 0x58
 4033 0177 21       		.uleb128 0x21
 4034 0178 01       		.sleb128 1
 4035 0179 59       		.uleb128 0x59
 4036 017a 0B       		.uleb128 0xb
 4037 017b 57       		.uleb128 0x57
 4038 017c 0B       		.uleb128 0xb
 4039 017d 01       		.uleb128 0x1
 4040 017e 13       		.uleb128 0x13
 4041 017f 00       		.byte	0
 4042 0180 00       		.byte	0
 4043 0181 1A       		.uleb128 0x1a
 4044 0182 05       		.uleb128 0x5
 4045 0183 00       		.byte	0
 4046 0184 03       		.uleb128 0x3
 4047 0185 08       		.uleb128 0x8
ARM GAS  /tmp/cc6x62HI.s 			page 72


 4048 0186 3A       		.uleb128 0x3a
 4049 0187 0B       		.uleb128 0xb
 4050 0188 3B       		.uleb128 0x3b
 4051 0189 0B       		.uleb128 0xb
 4052 018a 39       		.uleb128 0x39
 4053 018b 0B       		.uleb128 0xb
 4054 018c 49       		.uleb128 0x49
 4055 018d 13       		.uleb128 0x13
 4056 018e 00       		.byte	0
 4057 018f 00       		.byte	0
 4058 0190 1B       		.uleb128 0x1b
 4059 0191 05       		.uleb128 0x5
 4060 0192 00       		.byte	0
 4061 0193 49       		.uleb128 0x49
 4062 0194 13       		.uleb128 0x13
 4063 0195 00       		.byte	0
 4064 0196 00       		.byte	0
 4065 0197 1C       		.uleb128 0x1c
 4066 0198 2E       		.uleb128 0x2e
 4067 0199 01       		.byte	0x1
 4068 019a 3F       		.uleb128 0x3f
 4069 019b 19       		.uleb128 0x19
 4070 019c 03       		.uleb128 0x3
 4071 019d 0E       		.uleb128 0xe
 4072 019e 3A       		.uleb128 0x3a
 4073 019f 21       		.uleb128 0x21
 4074 01a0 01       		.sleb128 1
 4075 01a1 3B       		.uleb128 0x3b
 4076 01a2 05       		.uleb128 0x5
 4077 01a3 39       		.uleb128 0x39
 4078 01a4 21       		.uleb128 0x21
 4079 01a5 06       		.sleb128 6
 4080 01a6 27       		.uleb128 0x27
 4081 01a7 19       		.uleb128 0x19
 4082 01a8 11       		.uleb128 0x11
 4083 01a9 01       		.uleb128 0x1
 4084 01aa 12       		.uleb128 0x12
 4085 01ab 06       		.uleb128 0x6
 4086 01ac 40       		.uleb128 0x40
 4087 01ad 18       		.uleb128 0x18
 4088 01ae 7A       		.uleb128 0x7a
 4089 01af 19       		.uleb128 0x19
 4090 01b0 01       		.uleb128 0x1
 4091 01b1 13       		.uleb128 0x13
 4092 01b2 00       		.byte	0
 4093 01b3 00       		.byte	0
 4094 01b4 1D       		.uleb128 0x1d
 4095 01b5 1D       		.uleb128 0x1d
 4096 01b6 00       		.byte	0
 4097 01b7 31       		.uleb128 0x31
 4098 01b8 13       		.uleb128 0x13
 4099 01b9 52       		.uleb128 0x52
 4100 01ba 01       		.uleb128 0x1
 4101 01bb B842     		.uleb128 0x2138
 4102 01bd 0B       		.uleb128 0xb
 4103 01be 11       		.uleb128 0x11
 4104 01bf 01       		.uleb128 0x1
ARM GAS  /tmp/cc6x62HI.s 			page 73


 4105 01c0 12       		.uleb128 0x12
 4106 01c1 06       		.uleb128 0x6
 4107 01c2 58       		.uleb128 0x58
 4108 01c3 21       		.uleb128 0x21
 4109 01c4 05       		.sleb128 5
 4110 01c5 59       		.uleb128 0x59
 4111 01c6 05       		.uleb128 0x5
 4112 01c7 57       		.uleb128 0x57
 4113 01c8 21       		.uleb128 0x21
 4114 01c9 03       		.sleb128 3
 4115 01ca 00       		.byte	0
 4116 01cb 00       		.byte	0
 4117 01cc 1E       		.uleb128 0x1e
 4118 01cd 0B       		.uleb128 0xb
 4119 01ce 01       		.byte	0x1
 4120 01cf 55       		.uleb128 0x55
 4121 01d0 17       		.uleb128 0x17
 4122 01d1 01       		.uleb128 0x1
 4123 01d2 13       		.uleb128 0x13
 4124 01d3 00       		.byte	0
 4125 01d4 00       		.byte	0
 4126 01d5 1F       		.uleb128 0x1f
 4127 01d6 2E       		.uleb128 0x2e
 4128 01d7 01       		.byte	0x1
 4129 01d8 3F       		.uleb128 0x3f
 4130 01d9 19       		.uleb128 0x19
 4131 01da 03       		.uleb128 0x3
 4132 01db 0E       		.uleb128 0xe
 4133 01dc 3A       		.uleb128 0x3a
 4134 01dd 21       		.uleb128 0x21
 4135 01de 01       		.sleb128 1
 4136 01df 3B       		.uleb128 0x3b
 4137 01e0 0B       		.uleb128 0xb
 4138 01e1 39       		.uleb128 0x39
 4139 01e2 21       		.uleb128 0x21
 4140 01e3 06       		.sleb128 6
 4141 01e4 27       		.uleb128 0x27
 4142 01e5 19       		.uleb128 0x19
 4143 01e6 11       		.uleb128 0x11
 4144 01e7 01       		.uleb128 0x1
 4145 01e8 12       		.uleb128 0x12
 4146 01e9 06       		.uleb128 0x6
 4147 01ea 40       		.uleb128 0x40
 4148 01eb 18       		.uleb128 0x18
 4149 01ec 7A       		.uleb128 0x7a
 4150 01ed 19       		.uleb128 0x19
 4151 01ee 01       		.uleb128 0x1
 4152 01ef 13       		.uleb128 0x13
 4153 01f0 00       		.byte	0
 4154 01f1 00       		.byte	0
 4155 01f2 20       		.uleb128 0x20
 4156 01f3 35       		.uleb128 0x35
 4157 01f4 00       		.byte	0
 4158 01f5 49       		.uleb128 0x49
 4159 01f6 13       		.uleb128 0x13
 4160 01f7 00       		.byte	0
 4161 01f8 00       		.byte	0
ARM GAS  /tmp/cc6x62HI.s 			page 74


 4162 01f9 21       		.uleb128 0x21
 4163 01fa 0D       		.uleb128 0xd
 4164 01fb 00       		.byte	0
 4165 01fc 03       		.uleb128 0x3
 4166 01fd 08       		.uleb128 0x8
 4167 01fe 3A       		.uleb128 0x3a
 4168 01ff 0B       		.uleb128 0xb
 4169 0200 3B       		.uleb128 0x3b
 4170 0201 0B       		.uleb128 0xb
 4171 0202 39       		.uleb128 0x39
 4172 0203 0B       		.uleb128 0xb
 4173 0204 49       		.uleb128 0x49
 4174 0205 13       		.uleb128 0x13
 4175 0206 38       		.uleb128 0x38
 4176 0207 0B       		.uleb128 0xb
 4177 0208 00       		.byte	0
 4178 0209 00       		.byte	0
 4179 020a 22       		.uleb128 0x22
 4180 020b 0D       		.uleb128 0xd
 4181 020c 00       		.byte	0
 4182 020d 03       		.uleb128 0x3
 4183 020e 0E       		.uleb128 0xe
 4184 020f 3A       		.uleb128 0x3a
 4185 0210 21       		.uleb128 0x21
 4186 0211 0C       		.sleb128 12
 4187 0212 3B       		.uleb128 0x3b
 4188 0213 0B       		.uleb128 0xb
 4189 0214 39       		.uleb128 0x39
 4190 0215 21       		.uleb128 0x21
 4191 0216 21       		.sleb128 33
 4192 0217 49       		.uleb128 0x49
 4193 0218 13       		.uleb128 0x13
 4194 0219 00       		.byte	0
 4195 021a 00       		.byte	0
 4196 021b 23       		.uleb128 0x23
 4197 021c 05       		.uleb128 0x5
 4198 021d 00       		.byte	0
 4199 021e 03       		.uleb128 0x3
 4200 021f 08       		.uleb128 0x8
 4201 0220 3A       		.uleb128 0x3a
 4202 0221 21       		.uleb128 0x21
 4203 0222 01       		.sleb128 1
 4204 0223 3B       		.uleb128 0x3b
 4205 0224 05       		.uleb128 0x5
 4206 0225 39       		.uleb128 0x39
 4207 0226 0B       		.uleb128 0xb
 4208 0227 49       		.uleb128 0x49
 4209 0228 13       		.uleb128 0x13
 4210 0229 02       		.uleb128 0x2
 4211 022a 17       		.uleb128 0x17
 4212 022b B742     		.uleb128 0x2137
 4213 022d 17       		.uleb128 0x17
 4214 022e 00       		.byte	0
 4215 022f 00       		.byte	0
 4216 0230 24       		.uleb128 0x24
 4217 0231 1D       		.uleb128 0x1d
 4218 0232 01       		.byte	0x1
ARM GAS  /tmp/cc6x62HI.s 			page 75


 4219 0233 31       		.uleb128 0x31
 4220 0234 13       		.uleb128 0x13
 4221 0235 52       		.uleb128 0x52
 4222 0236 01       		.uleb128 0x1
 4223 0237 B842     		.uleb128 0x2138
 4224 0239 0B       		.uleb128 0xb
 4225 023a 55       		.uleb128 0x55
 4226 023b 17       		.uleb128 0x17
 4227 023c 58       		.uleb128 0x58
 4228 023d 21       		.uleb128 0x21
 4229 023e 01       		.sleb128 1
 4230 023f 59       		.uleb128 0x59
 4231 0240 0B       		.uleb128 0xb
 4232 0241 57       		.uleb128 0x57
 4233 0242 0B       		.uleb128 0xb
 4234 0243 01       		.uleb128 0x1
 4235 0244 13       		.uleb128 0x13
 4236 0245 00       		.byte	0
 4237 0246 00       		.byte	0
 4238 0247 25       		.uleb128 0x25
 4239 0248 0B       		.uleb128 0xb
 4240 0249 01       		.byte	0x1
 4241 024a 31       		.uleb128 0x31
 4242 024b 13       		.uleb128 0x13
 4243 024c 11       		.uleb128 0x11
 4244 024d 01       		.uleb128 0x1
 4245 024e 12       		.uleb128 0x12
 4246 024f 06       		.uleb128 0x6
 4247 0250 00       		.byte	0
 4248 0251 00       		.byte	0
 4249 0252 26       		.uleb128 0x26
 4250 0253 2E       		.uleb128 0x2e
 4251 0254 00       		.byte	0
 4252 0255 03       		.uleb128 0x3
 4253 0256 0E       		.uleb128 0xe
 4254 0257 3A       		.uleb128 0x3a
 4255 0258 0B       		.uleb128 0xb
 4256 0259 3B       		.uleb128 0x3b
 4257 025a 05       		.uleb128 0x5
 4258 025b 39       		.uleb128 0x39
 4259 025c 21       		.uleb128 0x21
 4260 025d 14       		.sleb128 20
 4261 025e 27       		.uleb128 0x27
 4262 025f 19       		.uleb128 0x19
 4263 0260 20       		.uleb128 0x20
 4264 0261 21       		.uleb128 0x21
 4265 0262 03       		.sleb128 3
 4266 0263 00       		.byte	0
 4267 0264 00       		.byte	0
 4268 0265 27       		.uleb128 0x27
 4269 0266 2E       		.uleb128 0x2e
 4270 0267 01       		.byte	0x1
 4271 0268 03       		.uleb128 0x3
 4272 0269 0E       		.uleb128 0xe
 4273 026a 3A       		.uleb128 0x3a
 4274 026b 21       		.uleb128 0x21
 4275 026c 02       		.sleb128 2
ARM GAS  /tmp/cc6x62HI.s 			page 76


 4276 026d 3B       		.uleb128 0x3b
 4277 026e 05       		.uleb128 0x5
 4278 026f 39       		.uleb128 0x39
 4279 0270 0B       		.uleb128 0xb
 4280 0271 27       		.uleb128 0x27
 4281 0272 19       		.uleb128 0x19
 4282 0273 49       		.uleb128 0x49
 4283 0274 13       		.uleb128 0x13
 4284 0275 20       		.uleb128 0x20
 4285 0276 21       		.uleb128 0x21
 4286 0277 03       		.sleb128 3
 4287 0278 01       		.uleb128 0x1
 4288 0279 13       		.uleb128 0x13
 4289 027a 00       		.byte	0
 4290 027b 00       		.byte	0
 4291 027c 28       		.uleb128 0x28
 4292 027d 17       		.uleb128 0x17
 4293 027e 01       		.byte	0x1
 4294 027f 0B       		.uleb128 0xb
 4295 0280 0B       		.uleb128 0xb
 4296 0281 3A       		.uleb128 0x3a
 4297 0282 21       		.uleb128 0x21
 4298 0283 0C       		.sleb128 12
 4299 0284 3B       		.uleb128 0x3b
 4300 0285 0B       		.uleb128 0xb
 4301 0286 39       		.uleb128 0x39
 4302 0287 21       		.uleb128 0x21
 4303 0288 03       		.sleb128 3
 4304 0289 01       		.uleb128 0x1
 4305 028a 13       		.uleb128 0x13
 4306 028b 00       		.byte	0
 4307 028c 00       		.byte	0
 4308 028d 29       		.uleb128 0x29
 4309 028e 16       		.uleb128 0x16
 4310 028f 00       		.byte	0
 4311 0290 03       		.uleb128 0x3
 4312 0291 0E       		.uleb128 0xe
 4313 0292 3A       		.uleb128 0x3a
 4314 0293 21       		.uleb128 0x21
 4315 0294 0C       		.sleb128 12
 4316 0295 3B       		.uleb128 0x3b
 4317 0296 05       		.uleb128 0x5
 4318 0297 39       		.uleb128 0x39
 4319 0298 21       		.uleb128 0x21
 4320 0299 03       		.sleb128 3
 4321 029a 49       		.uleb128 0x49
 4322 029b 13       		.uleb128 0x13
 4323 029c 00       		.byte	0
 4324 029d 00       		.byte	0
 4325 029e 2A       		.uleb128 0x2a
 4326 029f 2E       		.uleb128 0x2e
 4327 02a0 01       		.byte	0x1
 4328 02a1 3F       		.uleb128 0x3f
 4329 02a2 19       		.uleb128 0x19
 4330 02a3 03       		.uleb128 0x3
 4331 02a4 0E       		.uleb128 0xe
 4332 02a5 3A       		.uleb128 0x3a
ARM GAS  /tmp/cc6x62HI.s 			page 77


 4333 02a6 0B       		.uleb128 0xb
 4334 02a7 3B       		.uleb128 0x3b
 4335 02a8 0B       		.uleb128 0xb
 4336 02a9 39       		.uleb128 0x39
 4337 02aa 21       		.uleb128 0x21
 4338 02ab 08       		.sleb128 8
 4339 02ac 27       		.uleb128 0x27
 4340 02ad 19       		.uleb128 0x19
 4341 02ae 3C       		.uleb128 0x3c
 4342 02af 19       		.uleb128 0x19
 4343 02b0 01       		.uleb128 0x1
 4344 02b1 13       		.uleb128 0x13
 4345 02b2 00       		.byte	0
 4346 02b3 00       		.byte	0
 4347 02b4 2B       		.uleb128 0x2b
 4348 02b5 1D       		.uleb128 0x1d
 4349 02b6 01       		.byte	0x1
 4350 02b7 31       		.uleb128 0x31
 4351 02b8 13       		.uleb128 0x13
 4352 02b9 52       		.uleb128 0x52
 4353 02ba 01       		.uleb128 0x1
 4354 02bb B842     		.uleb128 0x2138
 4355 02bd 0B       		.uleb128 0xb
 4356 02be 55       		.uleb128 0x55
 4357 02bf 17       		.uleb128 0x17
 4358 02c0 58       		.uleb128 0x58
 4359 02c1 21       		.uleb128 0x21
 4360 02c2 01       		.sleb128 1
 4361 02c3 59       		.uleb128 0x59
 4362 02c4 05       		.uleb128 0x5
 4363 02c5 57       		.uleb128 0x57
 4364 02c6 0B       		.uleb128 0xb
 4365 02c7 00       		.byte	0
 4366 02c8 00       		.byte	0
 4367 02c9 2C       		.uleb128 0x2c
 4368 02ca 48       		.uleb128 0x48
 4369 02cb 00       		.byte	0
 4370 02cc 7D       		.uleb128 0x7d
 4371 02cd 01       		.uleb128 0x1
 4372 02ce 8201     		.uleb128 0x82
 4373 02d0 19       		.uleb128 0x19
 4374 02d1 7F       		.uleb128 0x7f
 4375 02d2 13       		.uleb128 0x13
 4376 02d3 00       		.byte	0
 4377 02d4 00       		.byte	0
 4378 02d5 2D       		.uleb128 0x2d
 4379 02d6 1D       		.uleb128 0x1d
 4380 02d7 01       		.byte	0x1
 4381 02d8 31       		.uleb128 0x31
 4382 02d9 13       		.uleb128 0x13
 4383 02da 52       		.uleb128 0x52
 4384 02db 01       		.uleb128 0x1
 4385 02dc B842     		.uleb128 0x2138
 4386 02de 0B       		.uleb128 0xb
 4387 02df 11       		.uleb128 0x11
 4388 02e0 01       		.uleb128 0x1
 4389 02e1 12       		.uleb128 0x12
ARM GAS  /tmp/cc6x62HI.s 			page 78


 4390 02e2 06       		.uleb128 0x6
 4391 02e3 58       		.uleb128 0x58
 4392 02e4 21       		.uleb128 0x21
 4393 02e5 01       		.sleb128 1
 4394 02e6 59       		.uleb128 0x59
 4395 02e7 05       		.uleb128 0x5
 4396 02e8 57       		.uleb128 0x57
 4397 02e9 0B       		.uleb128 0xb
 4398 02ea 00       		.byte	0
 4399 02eb 00       		.byte	0
 4400 02ec 2E       		.uleb128 0x2e
 4401 02ed 34       		.uleb128 0x34
 4402 02ee 00       		.byte	0
 4403 02ef 31       		.uleb128 0x31
 4404 02f0 13       		.uleb128 0x13
 4405 02f1 00       		.byte	0
 4406 02f2 00       		.byte	0
 4407 02f3 2F       		.uleb128 0x2f
 4408 02f4 05       		.uleb128 0x5
 4409 02f5 00       		.byte	0
 4410 02f6 03       		.uleb128 0x3
 4411 02f7 08       		.uleb128 0x8
 4412 02f8 3A       		.uleb128 0x3a
 4413 02f9 21       		.uleb128 0x21
 4414 02fa 01       		.sleb128 1
 4415 02fb 3B       		.uleb128 0x3b
 4416 02fc 0B       		.uleb128 0xb
 4417 02fd 39       		.uleb128 0x39
 4418 02fe 0B       		.uleb128 0xb
 4419 02ff 49       		.uleb128 0x49
 4420 0300 13       		.uleb128 0x13
 4421 0301 02       		.uleb128 0x2
 4422 0302 17       		.uleb128 0x17
 4423 0303 B742     		.uleb128 0x2137
 4424 0305 17       		.uleb128 0x17
 4425 0306 00       		.byte	0
 4426 0307 00       		.byte	0
 4427 0308 30       		.uleb128 0x30
 4428 0309 49       		.uleb128 0x49
 4429 030a 00       		.byte	0
 4430 030b 02       		.uleb128 0x2
 4431 030c 18       		.uleb128 0x18
 4432 030d 7E       		.uleb128 0x7e
 4433 030e 18       		.uleb128 0x18
 4434 030f 00       		.byte	0
 4435 0310 00       		.byte	0
 4436 0311 31       		.uleb128 0x31
 4437 0312 05       		.uleb128 0x5
 4438 0313 00       		.byte	0
 4439 0314 03       		.uleb128 0x3
 4440 0315 08       		.uleb128 0x8
 4441 0316 3A       		.uleb128 0x3a
 4442 0317 21       		.uleb128 0x21
 4443 0318 01       		.sleb128 1
 4444 0319 3B       		.uleb128 0x3b
 4445 031a 0B       		.uleb128 0xb
 4446 031b 39       		.uleb128 0x39
ARM GAS  /tmp/cc6x62HI.s 			page 79


 4447 031c 0B       		.uleb128 0xb
 4448 031d 49       		.uleb128 0x49
 4449 031e 13       		.uleb128 0x13
 4450 031f 02       		.uleb128 0x2
 4451 0320 18       		.uleb128 0x18
 4452 0321 00       		.byte	0
 4453 0322 00       		.byte	0
 4454 0323 32       		.uleb128 0x32
 4455 0324 2E       		.uleb128 0x2e
 4456 0325 01       		.byte	0x1
 4457 0326 03       		.uleb128 0x3
 4458 0327 0E       		.uleb128 0xe
 4459 0328 3A       		.uleb128 0x3a
 4460 0329 0B       		.uleb128 0xb
 4461 032a 3B       		.uleb128 0x3b
 4462 032b 0B       		.uleb128 0xb
 4463 032c 39       		.uleb128 0x39
 4464 032d 21       		.uleb128 0x21
 4465 032e 14       		.sleb128 20
 4466 032f 27       		.uleb128 0x27
 4467 0330 19       		.uleb128 0x19
 4468 0331 20       		.uleb128 0x20
 4469 0332 21       		.uleb128 0x21
 4470 0333 03       		.sleb128 3
 4471 0334 01       		.uleb128 0x1
 4472 0335 13       		.uleb128 0x13
 4473 0336 00       		.byte	0
 4474 0337 00       		.byte	0
 4475 0338 33       		.uleb128 0x33
 4476 0339 2E       		.uleb128 0x2e
 4477 033a 01       		.byte	0x1
 4478 033b 03       		.uleb128 0x3
 4479 033c 0E       		.uleb128 0xe
 4480 033d 3A       		.uleb128 0x3a
 4481 033e 0B       		.uleb128 0xb
 4482 033f 3B       		.uleb128 0x3b
 4483 0340 05       		.uleb128 0x5
 4484 0341 39       		.uleb128 0x39
 4485 0342 21       		.uleb128 0x21
 4486 0343 14       		.sleb128 20
 4487 0344 27       		.uleb128 0x27
 4488 0345 19       		.uleb128 0x19
 4489 0346 20       		.uleb128 0x20
 4490 0347 21       		.uleb128 0x21
 4491 0348 03       		.sleb128 3
 4492 0349 01       		.uleb128 0x1
 4493 034a 13       		.uleb128 0x13
 4494 034b 00       		.byte	0
 4495 034c 00       		.byte	0
 4496 034d 34       		.uleb128 0x34
 4497 034e 11       		.uleb128 0x11
 4498 034f 01       		.byte	0x1
 4499 0350 25       		.uleb128 0x25
 4500 0351 0E       		.uleb128 0xe
 4501 0352 13       		.uleb128 0x13
 4502 0353 0B       		.uleb128 0xb
 4503 0354 03       		.uleb128 0x3
ARM GAS  /tmp/cc6x62HI.s 			page 80


 4504 0355 0E       		.uleb128 0xe
 4505 0356 1B       		.uleb128 0x1b
 4506 0357 0E       		.uleb128 0xe
 4507 0358 55       		.uleb128 0x55
 4508 0359 17       		.uleb128 0x17
 4509 035a 11       		.uleb128 0x11
 4510 035b 01       		.uleb128 0x1
 4511 035c 10       		.uleb128 0x10
 4512 035d 17       		.uleb128 0x17
 4513 035e 00       		.byte	0
 4514 035f 00       		.byte	0
 4515 0360 35       		.uleb128 0x35
 4516 0361 24       		.uleb128 0x24
 4517 0362 00       		.byte	0
 4518 0363 0B       		.uleb128 0xb
 4519 0364 0B       		.uleb128 0xb
 4520 0365 3E       		.uleb128 0x3e
 4521 0366 0B       		.uleb128 0xb
 4522 0367 03       		.uleb128 0x3
 4523 0368 08       		.uleb128 0x8
 4524 0369 00       		.byte	0
 4525 036a 00       		.byte	0
 4526 036b 36       		.uleb128 0x36
 4527 036c 0F       		.uleb128 0xf
 4528 036d 00       		.byte	0
 4529 036e 0B       		.uleb128 0xb
 4530 036f 0B       		.uleb128 0xb
 4531 0370 00       		.byte	0
 4532 0371 00       		.byte	0
 4533 0372 37       		.uleb128 0x37
 4534 0373 15       		.uleb128 0x15
 4535 0374 01       		.byte	0x1
 4536 0375 27       		.uleb128 0x27
 4537 0376 19       		.uleb128 0x19
 4538 0377 01       		.uleb128 0x1
 4539 0378 13       		.uleb128 0x13
 4540 0379 00       		.byte	0
 4541 037a 00       		.byte	0
 4542 037b 38       		.uleb128 0x38
 4543 037c 34       		.uleb128 0x34
 4544 037d 00       		.byte	0
 4545 037e 03       		.uleb128 0x3
 4546 037f 08       		.uleb128 0x8
 4547 0380 3A       		.uleb128 0x3a
 4548 0381 0B       		.uleb128 0xb
 4549 0382 3B       		.uleb128 0x3b
 4550 0383 05       		.uleb128 0x5
 4551 0384 39       		.uleb128 0x39
 4552 0385 0B       		.uleb128 0xb
 4553 0386 49       		.uleb128 0x49
 4554 0387 13       		.uleb128 0x13
 4555 0388 3F       		.uleb128 0x3f
 4556 0389 19       		.uleb128 0x19
 4557 038a 3C       		.uleb128 0x3c
 4558 038b 19       		.uleb128 0x19
 4559 038c 00       		.byte	0
 4560 038d 00       		.byte	0
ARM GAS  /tmp/cc6x62HI.s 			page 81


 4561 038e 39       		.uleb128 0x39
 4562 038f 2E       		.uleb128 0x2e
 4563 0390 00       		.byte	0
 4564 0391 3F       		.uleb128 0x3f
 4565 0392 19       		.uleb128 0x19
 4566 0393 03       		.uleb128 0x3
 4567 0394 0E       		.uleb128 0xe
 4568 0395 3A       		.uleb128 0x3a
 4569 0396 0B       		.uleb128 0xb
 4570 0397 3B       		.uleb128 0x3b
 4571 0398 0B       		.uleb128 0xb
 4572 0399 39       		.uleb128 0x39
 4573 039a 0B       		.uleb128 0xb
 4574 039b 27       		.uleb128 0x27
 4575 039c 19       		.uleb128 0x19
 4576 039d 3C       		.uleb128 0x3c
 4577 039e 19       		.uleb128 0x19
 4578 039f 00       		.byte	0
 4579 03a0 00       		.byte	0
 4580 03a1 3A       		.uleb128 0x3a
 4581 03a2 2E       		.uleb128 0x2e
 4582 03a3 01       		.byte	0x1
 4583 03a4 3F       		.uleb128 0x3f
 4584 03a5 19       		.uleb128 0x19
 4585 03a6 03       		.uleb128 0x3
 4586 03a7 0E       		.uleb128 0xe
 4587 03a8 3A       		.uleb128 0x3a
 4588 03a9 0B       		.uleb128 0xb
 4589 03aa 3B       		.uleb128 0x3b
 4590 03ab 0B       		.uleb128 0xb
 4591 03ac 39       		.uleb128 0x39
 4592 03ad 0B       		.uleb128 0xb
 4593 03ae 27       		.uleb128 0x27
 4594 03af 19       		.uleb128 0x19
 4595 03b0 49       		.uleb128 0x49
 4596 03b1 13       		.uleb128 0x13
 4597 03b2 3C       		.uleb128 0x3c
 4598 03b3 19       		.uleb128 0x19
 4599 03b4 01       		.uleb128 0x1
 4600 03b5 13       		.uleb128 0x13
 4601 03b6 00       		.byte	0
 4602 03b7 00       		.byte	0
 4603 03b8 3B       		.uleb128 0x3b
 4604 03b9 05       		.uleb128 0x5
 4605 03ba 00       		.byte	0
 4606 03bb 31       		.uleb128 0x31
 4607 03bc 13       		.uleb128 0x13
 4608 03bd 00       		.byte	0
 4609 03be 00       		.byte	0
 4610 03bf 3C       		.uleb128 0x3c
 4611 03c0 1D       		.uleb128 0x1d
 4612 03c1 01       		.byte	0x1
 4613 03c2 31       		.uleb128 0x31
 4614 03c3 13       		.uleb128 0x13
 4615 03c4 52       		.uleb128 0x52
 4616 03c5 01       		.uleb128 0x1
 4617 03c6 B842     		.uleb128 0x2138
ARM GAS  /tmp/cc6x62HI.s 			page 82


 4618 03c8 0B       		.uleb128 0xb
 4619 03c9 55       		.uleb128 0x55
 4620 03ca 17       		.uleb128 0x17
 4621 03cb 58       		.uleb128 0x58
 4622 03cc 0B       		.uleb128 0xb
 4623 03cd 59       		.uleb128 0x59
 4624 03ce 0B       		.uleb128 0xb
 4625 03cf 57       		.uleb128 0x57
 4626 03d0 0B       		.uleb128 0xb
 4627 03d1 00       		.byte	0
 4628 03d2 00       		.byte	0
 4629 03d3 3D       		.uleb128 0x3d
 4630 03d4 0B       		.uleb128 0xb
 4631 03d5 01       		.byte	0x1
 4632 03d6 11       		.uleb128 0x11
 4633 03d7 01       		.uleb128 0x1
 4634 03d8 12       		.uleb128 0x12
 4635 03d9 06       		.uleb128 0x6
 4636 03da 01       		.uleb128 0x1
 4637 03db 13       		.uleb128 0x13
 4638 03dc 00       		.byte	0
 4639 03dd 00       		.byte	0
 4640 03de 3E       		.uleb128 0x3e
 4641 03df 2E       		.uleb128 0x2e
 4642 03e0 01       		.byte	0x1
 4643 03e1 3F       		.uleb128 0x3f
 4644 03e2 19       		.uleb128 0x19
 4645 03e3 03       		.uleb128 0x3
 4646 03e4 0E       		.uleb128 0xe
 4647 03e5 3A       		.uleb128 0x3a
 4648 03e6 0B       		.uleb128 0xb
 4649 03e7 3B       		.uleb128 0x3b
 4650 03e8 05       		.uleb128 0x5
 4651 03e9 39       		.uleb128 0x39
 4652 03ea 0B       		.uleb128 0xb
 4653 03eb 27       		.uleb128 0x27
 4654 03ec 19       		.uleb128 0x19
 4655 03ed 49       		.uleb128 0x49
 4656 03ee 13       		.uleb128 0x13
 4657 03ef 20       		.uleb128 0x20
 4658 03f0 0B       		.uleb128 0xb
 4659 03f1 01       		.uleb128 0x1
 4660 03f2 13       		.uleb128 0x13
 4661 03f3 00       		.byte	0
 4662 03f4 00       		.byte	0
 4663 03f5 3F       		.uleb128 0x3f
 4664 03f6 34       		.uleb128 0x34
 4665 03f7 00       		.byte	0
 4666 03f8 03       		.uleb128 0x3
 4667 03f9 0E       		.uleb128 0xe
 4668 03fa 3A       		.uleb128 0x3a
 4669 03fb 0B       		.uleb128 0xb
 4670 03fc 3B       		.uleb128 0x3b
 4671 03fd 05       		.uleb128 0x5
 4672 03fe 39       		.uleb128 0x39
 4673 03ff 0B       		.uleb128 0xb
 4674 0400 49       		.uleb128 0x49
ARM GAS  /tmp/cc6x62HI.s 			page 83


 4675 0401 13       		.uleb128 0x13
 4676 0402 00       		.byte	0
 4677 0403 00       		.byte	0
 4678 0404 40       		.uleb128 0x40
 4679 0405 2E       		.uleb128 0x2e
 4680 0406 01       		.byte	0x1
 4681 0407 3F       		.uleb128 0x3f
 4682 0408 19       		.uleb128 0x19
 4683 0409 03       		.uleb128 0x3
 4684 040a 0E       		.uleb128 0xe
 4685 040b 3A       		.uleb128 0x3a
 4686 040c 0B       		.uleb128 0xb
 4687 040d 3B       		.uleb128 0x3b
 4688 040e 05       		.uleb128 0x5
 4689 040f 39       		.uleb128 0x39
 4690 0410 0B       		.uleb128 0xb
 4691 0411 27       		.uleb128 0x27
 4692 0412 19       		.uleb128 0x19
 4693 0413 49       		.uleb128 0x49
 4694 0414 13       		.uleb128 0x13
 4695 0415 11       		.uleb128 0x11
 4696 0416 01       		.uleb128 0x1
 4697 0417 12       		.uleb128 0x12
 4698 0418 06       		.uleb128 0x6
 4699 0419 40       		.uleb128 0x40
 4700 041a 18       		.uleb128 0x18
 4701 041b 7A       		.uleb128 0x7a
 4702 041c 19       		.uleb128 0x19
 4703 041d 01       		.uleb128 0x1
 4704 041e 13       		.uleb128 0x13
 4705 041f 00       		.byte	0
 4706 0420 00       		.byte	0
 4707 0421 41       		.uleb128 0x41
 4708 0422 34       		.uleb128 0x34
 4709 0423 00       		.byte	0
 4710 0424 03       		.uleb128 0x3
 4711 0425 0E       		.uleb128 0xe
 4712 0426 3A       		.uleb128 0x3a
 4713 0427 0B       		.uleb128 0xb
 4714 0428 3B       		.uleb128 0x3b
 4715 0429 0B       		.uleb128 0xb
 4716 042a 39       		.uleb128 0x39
 4717 042b 0B       		.uleb128 0xb
 4718 042c 49       		.uleb128 0x49
 4719 042d 13       		.uleb128 0x13
 4720 042e 02       		.uleb128 0x2
 4721 042f 17       		.uleb128 0x17
 4722 0430 B742     		.uleb128 0x2137
 4723 0432 17       		.uleb128 0x17
 4724 0433 00       		.byte	0
 4725 0434 00       		.byte	0
 4726 0435 42       		.uleb128 0x42
 4727 0436 34       		.uleb128 0x34
 4728 0437 00       		.byte	0
 4729 0438 03       		.uleb128 0x3
 4730 0439 08       		.uleb128 0x8
 4731 043a 3A       		.uleb128 0x3a
ARM GAS  /tmp/cc6x62HI.s 			page 84


 4732 043b 0B       		.uleb128 0xb
 4733 043c 3B       		.uleb128 0x3b
 4734 043d 0B       		.uleb128 0xb
 4735 043e 39       		.uleb128 0x39
 4736 043f 0B       		.uleb128 0xb
 4737 0440 49       		.uleb128 0x49
 4738 0441 13       		.uleb128 0x13
 4739 0442 02       		.uleb128 0x2
 4740 0443 17       		.uleb128 0x17
 4741 0444 B742     		.uleb128 0x2137
 4742 0446 17       		.uleb128 0x17
 4743 0447 00       		.byte	0
 4744 0448 00       		.byte	0
 4745 0449 43       		.uleb128 0x43
 4746 044a 48       		.uleb128 0x48
 4747 044b 01       		.byte	0x1
 4748 044c 7D       		.uleb128 0x7d
 4749 044d 01       		.uleb128 0x1
 4750 044e 8201     		.uleb128 0x82
 4751 0450 19       		.uleb128 0x19
 4752 0451 7F       		.uleb128 0x7f
 4753 0452 13       		.uleb128 0x13
 4754 0453 00       		.byte	0
 4755 0454 00       		.byte	0
 4756 0455 44       		.uleb128 0x44
 4757 0456 1D       		.uleb128 0x1d
 4758 0457 00       		.byte	0
 4759 0458 31       		.uleb128 0x31
 4760 0459 13       		.uleb128 0x13
 4761 045a 52       		.uleb128 0x52
 4762 045b 01       		.uleb128 0x1
 4763 045c B842     		.uleb128 0x2138
 4764 045e 0B       		.uleb128 0xb
 4765 045f 55       		.uleb128 0x55
 4766 0460 17       		.uleb128 0x17
 4767 0461 58       		.uleb128 0x58
 4768 0462 0B       		.uleb128 0xb
 4769 0463 59       		.uleb128 0x59
 4770 0464 0B       		.uleb128 0xb
 4771 0465 57       		.uleb128 0x57
 4772 0466 0B       		.uleb128 0xb
 4773 0467 00       		.byte	0
 4774 0468 00       		.byte	0
 4775 0469 45       		.uleb128 0x45
 4776 046a 48       		.uleb128 0x48
 4777 046b 01       		.byte	0x1
 4778 046c 7D       		.uleb128 0x7d
 4779 046d 01       		.uleb128 0x1
 4780 046e 7F       		.uleb128 0x7f
 4781 046f 13       		.uleb128 0x13
 4782 0470 00       		.byte	0
 4783 0471 00       		.byte	0
 4784 0472 46       		.uleb128 0x46
 4785 0473 2E       		.uleb128 0x2e
 4786 0474 01       		.byte	0x1
 4787 0475 03       		.uleb128 0x3
 4788 0476 0E       		.uleb128 0xe
ARM GAS  /tmp/cc6x62HI.s 			page 85


 4789 0477 3A       		.uleb128 0x3a
 4790 0478 0B       		.uleb128 0xb
 4791 0479 3B       		.uleb128 0x3b
 4792 047a 0B       		.uleb128 0xb
 4793 047b 39       		.uleb128 0x39
 4794 047c 0B       		.uleb128 0xb
 4795 047d 27       		.uleb128 0x27
 4796 047e 19       		.uleb128 0x19
 4797 047f 49       		.uleb128 0x49
 4798 0480 13       		.uleb128 0x13
 4799 0481 20       		.uleb128 0x20
 4800 0482 0B       		.uleb128 0xb
 4801 0483 01       		.uleb128 0x1
 4802 0484 13       		.uleb128 0x13
 4803 0485 00       		.byte	0
 4804 0486 00       		.byte	0
 4805 0487 47       		.uleb128 0x47
 4806 0488 2E       		.uleb128 0x2e
 4807 0489 00       		.byte	0
 4808 048a 03       		.uleb128 0x3
 4809 048b 0E       		.uleb128 0xe
 4810 048c 3A       		.uleb128 0x3a
 4811 048d 0B       		.uleb128 0xb
 4812 048e 3B       		.uleb128 0x3b
 4813 048f 05       		.uleb128 0x5
 4814 0490 39       		.uleb128 0x39
 4815 0491 0B       		.uleb128 0xb
 4816 0492 27       		.uleb128 0x27
 4817 0493 19       		.uleb128 0x19
 4818 0494 49       		.uleb128 0x49
 4819 0495 13       		.uleb128 0x13
 4820 0496 20       		.uleb128 0x20
 4821 0497 0B       		.uleb128 0xb
 4822 0498 00       		.byte	0
 4823 0499 00       		.byte	0
 4824 049a 48       		.uleb128 0x48
 4825 049b 34       		.uleb128 0x34
 4826 049c 00       		.byte	0
 4827 049d 03       		.uleb128 0x3
 4828 049e 08       		.uleb128 0x8
 4829 049f 3A       		.uleb128 0x3a
 4830 04a0 0B       		.uleb128 0xb
 4831 04a1 3B       		.uleb128 0x3b
 4832 04a2 0B       		.uleb128 0xb
 4833 04a3 39       		.uleb128 0x39
 4834 04a4 0B       		.uleb128 0xb
 4835 04a5 49       		.uleb128 0x49
 4836 04a6 13       		.uleb128 0x13
 4837 04a7 00       		.byte	0
 4838 04a8 00       		.byte	0
 4839 04a9 49       		.uleb128 0x49
 4840 04aa 0B       		.uleb128 0xb
 4841 04ab 01       		.byte	0x1
 4842 04ac 00       		.byte	0
 4843 04ad 00       		.byte	0
 4844 04ae 4A       		.uleb128 0x4a
 4845 04af 34       		.uleb128 0x34
ARM GAS  /tmp/cc6x62HI.s 			page 86


 4846 04b0 00       		.byte	0
 4847 04b1 03       		.uleb128 0x3
 4848 04b2 0E       		.uleb128 0xe
 4849 04b3 3A       		.uleb128 0x3a
 4850 04b4 0B       		.uleb128 0xb
 4851 04b5 3B       		.uleb128 0x3b
 4852 04b6 0B       		.uleb128 0xb
 4853 04b7 39       		.uleb128 0x39
 4854 04b8 0B       		.uleb128 0xb
 4855 04b9 49       		.uleb128 0x49
 4856 04ba 13       		.uleb128 0x13
 4857 04bb 00       		.byte	0
 4858 04bc 00       		.byte	0
 4859 04bd 4B       		.uleb128 0x4b
 4860 04be 34       		.uleb128 0x34
 4861 04bf 00       		.byte	0
 4862 04c0 03       		.uleb128 0x3
 4863 04c1 08       		.uleb128 0x8
 4864 04c2 3A       		.uleb128 0x3a
 4865 04c3 0B       		.uleb128 0xb
 4866 04c4 3B       		.uleb128 0x3b
 4867 04c5 05       		.uleb128 0x5
 4868 04c6 39       		.uleb128 0x39
 4869 04c7 0B       		.uleb128 0xb
 4870 04c8 49       		.uleb128 0x49
 4871 04c9 13       		.uleb128 0x13
 4872 04ca 00       		.byte	0
 4873 04cb 00       		.byte	0
 4874 04cc 4C       		.uleb128 0x4c
 4875 04cd 34       		.uleb128 0x34
 4876 04ce 00       		.byte	0
 4877 04cf 03       		.uleb128 0x3
 4878 04d0 0E       		.uleb128 0xe
 4879 04d1 49       		.uleb128 0x49
 4880 04d2 13       		.uleb128 0x13
 4881 04d3 34       		.uleb128 0x34
 4882 04d4 19       		.uleb128 0x19
 4883 04d5 1C       		.uleb128 0x1c
 4884 04d6 0E       		.uleb128 0xe
 4885 04d7 00       		.byte	0
 4886 04d8 00       		.byte	0
 4887 04d9 4D       		.uleb128 0x4d
 4888 04da 26       		.uleb128 0x26
 4889 04db 00       		.byte	0
 4890 04dc 00       		.byte	0
 4891 04dd 00       		.byte	0
 4892 04de 4E       		.uleb128 0x4e
 4893 04df 2E       		.uleb128 0x2e
 4894 04e0 01       		.byte	0x1
 4895 04e1 31       		.uleb128 0x31
 4896 04e2 13       		.uleb128 0x13
 4897 04e3 11       		.uleb128 0x11
 4898 04e4 01       		.uleb128 0x1
 4899 04e5 12       		.uleb128 0x12
 4900 04e6 06       		.uleb128 0x6
 4901 04e7 40       		.uleb128 0x40
 4902 04e8 18       		.uleb128 0x18
ARM GAS  /tmp/cc6x62HI.s 			page 87


 4903 04e9 7A       		.uleb128 0x7a
 4904 04ea 19       		.uleb128 0x19
 4905 04eb 00       		.byte	0
 4906 04ec 00       		.byte	0
 4907 04ed 00       		.byte	0
 4908              		.section	.debug_loclists,"",%progbits
 4909 0000 74030000 		.4byte	.Ldebug_loc3-.Ldebug_loc2
 4910              	.Ldebug_loc2:
 4911 0004 0500     		.2byte	0x5
 4912 0006 04       		.byte	0x4
 4913 0007 00       		.byte	0
 4914 0008 00000000 		.4byte	0
 4915              	.Ldebug_loc0:
 4916              	.LVUS60:
 4917 000c 00       		.uleb128 .LVU475
 4918 000d 00       		.uleb128 .LVU527
 4919              	.LLST60:
 4920 000e 08       		.byte	0x8
 4921 000f 10000000 		.4byte	.LVL67
 4922 0013 60       		.uleb128 .LVL75-.LVL67
 4923 0014 01       		.uleb128 0x1
 4924 0015 54       		.byte	0x54
 4925 0016 00       		.byte	0
 4926              	.LVUS63:
 4927 0017 03       		.uleb128 .LVU483
 4928 0018 00       		.uleb128 .LVU498
 4929              	.LLST63:
 4930 0019 08       		.byte	0x8
 4931 001a 20000000 		.4byte	.LVL68
 4932 001e 10       		.uleb128 .LVL70-.LVL68
 4933 001f 03       		.uleb128 0x3
 4934 0020 74       		.byte	0x74
 4935 0021 CC00     		.sleb128 76
 4936 0023 00       		.byte	0
 4937              	.LVUS65:
 4938 0024 01       		.uleb128 .LVU513
 4939 0025 00       		.uleb128 .LVU520
 4940              	.LLST65:
 4941 0026 08       		.byte	0x8
 4942 0027 4C000000 		.4byte	.LVL72
 4943 002b 0B       		.uleb128 .LVL73-1-.LVL72
 4944 002c 01       		.uleb128 0x1
 4945 002d 50       		.byte	0x50
 4946 002e 00       		.byte	0
 4947              	.LVUS67:
 4948 002f 06       		.uleb128 .LVU486
 4949 0030 00       		.uleb128 .LVU506
 4950              	.LLST67:
 4951 0031 08       		.byte	0x8
 4952 0032 20000000 		.4byte	.LVL68
 4953 0036 18       		.uleb128 .LVL71-.LVL68
 4954 0037 01       		.uleb128 0x1
 4955 0038 53       		.byte	0x53
 4956 0039 00       		.byte	0
 4957              	.LVUS68:
 4958 003a 00       		.uleb128 .LVU493
 4959 003b 01       		.uleb128 .LVU513
ARM GAS  /tmp/cc6x62HI.s 			page 88


 4960              	.LLST68:
 4961 003c 08       		.byte	0x8
 4962 003d 24000000 		.4byte	.LVL69
 4963 0041 28       		.uleb128 .LVL72-.LVL69
 4964 0042 01       		.uleb128 0x1
 4965 0043 50       		.byte	0x50
 4966 0044 00       		.byte	0
 4967              	.LVUS71:
 4968 0045 04       		.uleb128 .LVU502
 4969 0046 06       		.uleb128 .LVU504
 4970              	.LLST71:
 4971 0047 08       		.byte	0x8
 4972 0048 30000000 		.4byte	.LVL70
 4973 004c 00       		.uleb128 .LVL70-.LVL70
 4974 004d 01       		.uleb128 0x1
 4975 004e 53       		.byte	0x53
 4976 004f 00       		.byte	0
 4977              	.LVUS47:
 4978 0050 00       		.uleb128 0
 4979 0051 00       		.uleb128 .LVU392
 4980 0052 00       		.uleb128 .LVU392
 4981 0053 00       		.uleb128 .LVU464
 4982 0054 00       		.uleb128 .LVU464
 4983 0055 00       		.uleb128 .LVU464
 4984 0056 00       		.uleb128 .LVU464
 4985 0057 00       		.uleb128 0
 4986              	.LLST47:
 4987 0058 06       		.byte	0x6
 4988 0059 00000000 		.4byte	.LVL54
 4989 005d 04       		.byte	0x4
 4990 005e 00       		.uleb128 .LVL54-.LVL54
 4991 005f 14       		.uleb128 .LVL55-.LVL54
 4992 0060 01       		.uleb128 0x1
 4993 0061 50       		.byte	0x50
 4994 0062 04       		.byte	0x4
 4995 0063 14       		.uleb128 .LVL55-.LVL54
 4996 0064 7B       		.uleb128 .LVL66-1-.LVL54
 4997 0065 01       		.uleb128 0x1
 4998 0066 5C       		.byte	0x5c
 4999 0067 04       		.byte	0x4
 5000 0068 7B       		.uleb128 .LVL66-1-.LVL54
 5001 0069 7C       		.uleb128 .LVL66-.LVL54
 5002 006a 0A       		.uleb128 0xa
 5003 006b A3       		.byte	0xa3
 5004 006c 03       		.uleb128 0x3
 5005 006d A5       		.byte	0xa5
 5006 006e 00       		.uleb128 0
 5007 006f 26       		.uleb128 0x26
 5008 0070 A8       		.byte	0xa8
 5009 0071 2D       		.uleb128 0x2d
 5010 0072 A8       		.byte	0xa8
 5011 0073 00       		.uleb128 0
 5012 0074 9F       		.byte	0x9f
 5013 0075 04       		.byte	0x4
 5014 0076 7C       		.uleb128 .LVL66-.LVL54
 5015 0077 8801     		.uleb128 .LFE214-.LVL54
 5016 0079 01       		.uleb128 0x1
ARM GAS  /tmp/cc6x62HI.s 			page 89


 5017 007a 5C       		.byte	0x5c
 5018 007b 00       		.byte	0
 5019              	.LVUS48:
 5020 007c 00       		.uleb128 .LVU392
 5021 007d 00       		.uleb128 .LVU448
 5022 007e 00       		.uleb128 .LVU464
 5023 007f 00       		.uleb128 0
 5024              	.LLST48:
 5025 0080 06       		.byte	0x6
 5026 0081 14000000 		.4byte	.LVL55
 5027 0085 04       		.byte	0x4
 5028 0086 00       		.uleb128 .LVL55-.LVL55
 5029 0087 48       		.uleb128 .LVL63-.LVL55
 5030 0088 01       		.uleb128 0x1
 5031 0089 50       		.byte	0x50
 5032 008a 04       		.byte	0x4
 5033 008b 68       		.uleb128 .LVL66-.LVL55
 5034 008c 74       		.uleb128 .LFE214-.LVL55
 5035 008d 01       		.uleb128 0x1
 5036 008e 50       		.byte	0x50
 5037 008f 00       		.byte	0
 5038              	.LVUS49:
 5039 0090 01       		.uleb128 .LVU424
 5040 0091 00       		.uleb128 .LVU451
 5041              	.LLST49:
 5042 0092 08       		.byte	0x8
 5043 0093 2C000000 		.4byte	.LVL57
 5044 0097 38       		.uleb128 .LVL64-.LVL57
 5045 0098 01       		.uleb128 0x1
 5046 0099 53       		.byte	0x53
 5047 009a 00       		.byte	0
 5048              	.LVUS53:
 5049 009b 01       		.uleb128 .LVU455
 5050 009c 00       		.uleb128 .LVU464
 5051              	.LLST53:
 5052 009d 08       		.byte	0x8
 5053 009e 6C000000 		.4byte	.LVL65
 5054 00a2 0F       		.uleb128 .LVL66-1-.LVL65
 5055 00a3 01       		.uleb128 0x1
 5056 00a4 50       		.byte	0x50
 5057 00a5 00       		.byte	0
 5058              	.LVUS54:
 5059 00a6 00       		.uleb128 .LVU423
 5060 00a7 00       		.uleb128 .LVU464
 5061              	.LLST54:
 5062 00a8 08       		.byte	0x8
 5063 00a9 2C000000 		.4byte	.LVL57
 5064 00ad 4F       		.uleb128 .LVL66-1-.LVL57
 5065 00ae 01       		.uleb128 0x1
 5066 00af 51       		.byte	0x51
 5067 00b0 00       		.byte	0
 5068              	.LVUS55:
 5069 00b1 01       		.uleb128 .LVU427
 5070 00b2 00       		.uleb128 .LVU433
 5071              	.LLST55:
 5072 00b3 08       		.byte	0x8
 5073 00b4 30000000 		.4byte	.LVL58
ARM GAS  /tmp/cc6x62HI.s 			page 90


 5074 00b8 04       		.uleb128 .LVL59-.LVL58
 5075 00b9 01       		.uleb128 0x1
 5076 00ba 53       		.byte	0x53
 5077 00bb 00       		.byte	0
 5078              	.LVUS56:
 5079 00bc 04       		.uleb128 .LVU430
 5080 00bd 00       		.uleb128 .LVU433
 5081              	.LLST56:
 5082 00be 08       		.byte	0x8
 5083 00bf 30000000 		.4byte	.LVL58
 5084 00c3 04       		.uleb128 .LVL59-.LVL58
 5085 00c4 01       		.uleb128 0x1
 5086 00c5 53       		.byte	0x53
 5087 00c6 00       		.byte	0
 5088              	.LVUS58:
 5089 00c7 01       		.uleb128 .LVU442
 5090 00c8 01       		.uleb128 .LVU455
 5091              	.LLST58:
 5092 00c9 08       		.byte	0x8
 5093 00ca 58000000 		.4byte	.LVL62
 5094 00ce 14       		.uleb128 .LVL65-.LVL62
 5095 00cf 01       		.uleb128 0x1
 5096 00d0 5C       		.byte	0x5c
 5097 00d1 00       		.byte	0
 5098              	.LVUS59:
 5099 00d2 00       		.uleb128 .LVU448
 5100 00d3 01       		.uleb128 .LVU455
 5101              	.LLST59:
 5102 00d4 08       		.byte	0x8
 5103 00d5 5C000000 		.4byte	.LVL63
 5104 00d9 10       		.uleb128 .LVL65-.LVL63
 5105 00da 01       		.uleb128 0x1
 5106 00db 50       		.byte	0x50
 5107 00dc 00       		.byte	0
 5108              	.LVUS51:
 5109 00dd 01       		.uleb128 .LVU412
 5110 00de 06       		.uleb128 .LVU417
 5111              	.LLST51:
 5112 00df 08       		.byte	0x8
 5113 00e0 20000000 		.4byte	.LVL56
 5114 00e4 00       		.uleb128 .LVL56-.LVL56
 5115 00e5 01       		.uleb128 0x1
 5116 00e6 5C       		.byte	0x5c
 5117 00e7 00       		.byte	0
 5118              	.LVUS52:
 5119 00e8 04       		.uleb128 .LVU415
 5120 00e9 06       		.uleb128 .LVU417
 5121              	.LLST52:
 5122 00ea 08       		.byte	0x8
 5123 00eb 20000000 		.4byte	.LVL56
 5124 00ef 00       		.uleb128 .LVL56-.LVL56
 5125 00f0 01       		.uleb128 0x1
 5126 00f1 5C       		.byte	0x5c
 5127 00f2 00       		.byte	0
 5128              	.LVUS32:
 5129 00f3 00       		.uleb128 0
 5130 00f4 00       		.uleb128 .LVU280
ARM GAS  /tmp/cc6x62HI.s 			page 91


 5131 00f5 00       		.uleb128 .LVU280
 5132 00f6 00       		.uleb128 .LVU360
 5133 00f7 00       		.uleb128 .LVU360
 5134 00f8 00       		.uleb128 .LVU372
 5135 00f9 00       		.uleb128 .LVU372
 5136 00fa 00       		.uleb128 0
 5137              	.LLST32:
 5138 00fb 06       		.byte	0x6
 5139 00fc 00000000 		.4byte	.LVL39
 5140 0100 04       		.byte	0x4
 5141 0101 00       		.uleb128 .LVL39-.LVL39
 5142 0102 10       		.uleb128 .LVL40-.LVL39
 5143 0103 01       		.uleb128 0x1
 5144 0104 50       		.byte	0x50
 5145 0105 04       		.byte	0x4
 5146 0106 10       		.uleb128 .LVL40-.LVL39
 5147 0107 8301     		.uleb128 .LVL51-1-.LVL39
 5148 0109 01       		.uleb128 0x1
 5149 010a 5C       		.byte	0x5c
 5150 010b 04       		.byte	0x4
 5151 010c 8301     		.uleb128 .LVL51-1-.LVL39
 5152 010e 9001     		.uleb128 .LVL53-.LVL39
 5153 0110 0A       		.uleb128 0xa
 5154 0111 A3       		.byte	0xa3
 5155 0112 03       		.uleb128 0x3
 5156 0113 A5       		.byte	0xa5
 5157 0114 00       		.uleb128 0
 5158 0115 26       		.uleb128 0x26
 5159 0116 A8       		.byte	0xa8
 5160 0117 2D       		.uleb128 0x2d
 5161 0118 A8       		.byte	0xa8
 5162 0119 00       		.uleb128 0
 5163 011a 9F       		.byte	0x9f
 5164 011b 04       		.byte	0x4
 5165 011c 9001     		.uleb128 .LVL53-.LVL39
 5166 011e A001     		.uleb128 .LFE213-.LVL39
 5167 0120 01       		.uleb128 0x1
 5168 0121 5C       		.byte	0x5c
 5169 0122 00       		.byte	0
 5170              	.LVUS33:
 5171 0123 00       		.uleb128 .LVU280
 5172 0124 00       		.uleb128 .LVU344
 5173 0125 00       		.uleb128 .LVU372
 5174 0126 00       		.uleb128 0
 5175              	.LLST33:
 5176 0127 06       		.byte	0x6
 5177 0128 10000000 		.4byte	.LVL40
 5178 012c 04       		.byte	0x4
 5179 012d 00       		.uleb128 .LVL40-.LVL40
 5180 012e 54       		.uleb128 .LVL48-.LVL40
 5181 012f 01       		.uleb128 0x1
 5182 0130 50       		.byte	0x50
 5183 0131 04       		.byte	0x4
 5184 0132 8001     		.uleb128 .LVL53-.LVL40
 5185 0134 9001     		.uleb128 .LFE213-.LVL40
 5186 0136 01       		.uleb128 0x1
 5187 0137 50       		.byte	0x50
ARM GAS  /tmp/cc6x62HI.s 			page 92


 5188 0138 00       		.byte	0
 5189              	.LVUS34:
 5190 0139 01       		.uleb128 .LVU320
 5191 013a 00       		.uleb128 .LVU347
 5192              	.LLST34:
 5193 013b 08       		.byte	0x8
 5194 013c 34000000 		.4byte	.LVL42
 5195 0140 38       		.uleb128 .LVL49-.LVL42
 5196 0141 01       		.uleb128 0x1
 5197 0142 53       		.byte	0x53
 5198 0143 00       		.byte	0
 5199              	.LVUS39:
 5200 0144 01       		.uleb128 .LVU351
 5201 0145 00       		.uleb128 .LVU360
 5202              	.LLST39:
 5203 0146 08       		.byte	0x8
 5204 0147 74000000 		.4byte	.LVL50
 5205 014b 0F       		.uleb128 .LVL51-1-.LVL50
 5206 014c 01       		.uleb128 0x1
 5207 014d 50       		.byte	0x50
 5208 014e 00       		.byte	0
 5209              	.LVUS40:
 5210 014f 00       		.uleb128 .LVU319
 5211 0150 00       		.uleb128 .LVU360
 5212              	.LLST40:
 5213 0151 08       		.byte	0x8
 5214 0152 34000000 		.4byte	.LVL42
 5215 0156 4F       		.uleb128 .LVL51-1-.LVL42
 5216 0157 01       		.uleb128 0x1
 5217 0158 51       		.byte	0x51
 5218 0159 00       		.byte	0
 5219              	.LVUS41:
 5220 015a 01       		.uleb128 .LVU323
 5221 015b 00       		.uleb128 .LVU329
 5222              	.LLST41:
 5223 015c 08       		.byte	0x8
 5224 015d 38000000 		.4byte	.LVL43
 5225 0161 04       		.uleb128 .LVL44-.LVL43
 5226 0162 01       		.uleb128 0x1
 5227 0163 53       		.byte	0x53
 5228 0164 00       		.byte	0
 5229              	.LVUS42:
 5230 0165 04       		.uleb128 .LVU326
 5231 0166 00       		.uleb128 .LVU329
 5232              	.LLST42:
 5233 0167 08       		.byte	0x8
 5234 0168 38000000 		.4byte	.LVL43
 5235 016c 04       		.uleb128 .LVL44-.LVL43
 5236 016d 01       		.uleb128 0x1
 5237 016e 53       		.byte	0x53
 5238 016f 00       		.byte	0
 5239              	.LVUS44:
 5240 0170 01       		.uleb128 .LVU338
 5241 0171 01       		.uleb128 .LVU351
 5242              	.LLST44:
 5243 0172 08       		.byte	0x8
 5244 0173 60000000 		.4byte	.LVL47
ARM GAS  /tmp/cc6x62HI.s 			page 93


 5245 0177 14       		.uleb128 .LVL50-.LVL47
 5246 0178 01       		.uleb128 0x1
 5247 0179 5C       		.byte	0x5c
 5248 017a 00       		.byte	0
 5249              	.LVUS45:
 5250 017b 00       		.uleb128 .LVU344
 5251 017c 01       		.uleb128 .LVU351
 5252              	.LLST45:
 5253 017d 08       		.byte	0x8
 5254 017e 64000000 		.4byte	.LVL48
 5255 0182 10       		.uleb128 .LVL50-.LVL48
 5256 0183 01       		.uleb128 0x1
 5257 0184 50       		.byte	0x50
 5258 0185 00       		.byte	0
 5259              	.LVUS36:
 5260 0186 01       		.uleb128 .LVU307
 5261 0187 06       		.uleb128 .LVU312
 5262              	.LLST36:
 5263 0188 08       		.byte	0x8
 5264 0189 24000000 		.4byte	.LVL41
 5265 018d 00       		.uleb128 .LVL41-.LVL41
 5266 018e 01       		.uleb128 0x1
 5267 018f 5C       		.byte	0x5c
 5268 0190 00       		.byte	0
 5269              	.LVUS37:
 5270 0191 04       		.uleb128 .LVU310
 5271 0192 06       		.uleb128 .LVU312
 5272              	.LLST37:
 5273 0193 08       		.byte	0x8
 5274 0194 24000000 		.4byte	.LVL41
 5275 0198 00       		.uleb128 .LVL41-.LVL41
 5276 0199 01       		.uleb128 0x1
 5277 019a 5C       		.byte	0x5c
 5278 019b 00       		.byte	0
 5279              	.LVUS25:
 5280 019c 00       		.uleb128 0
 5281 019d 00       		.uleb128 .LVU227
 5282 019e 00       		.uleb128 .LVU227
 5283 019f 00       		.uleb128 0
 5284              	.LLST25:
 5285 01a0 06       		.byte	0x6
 5286 01a1 00000000 		.4byte	.LVL33
 5287 01a5 04       		.byte	0x4
 5288 01a6 00       		.uleb128 .LVL33-.LVL33
 5289 01a7 20       		.uleb128 .LVL35-.LVL33
 5290 01a8 01       		.uleb128 0x1
 5291 01a9 50       		.byte	0x50
 5292 01aa 04       		.byte	0x4
 5293 01ab 20       		.uleb128 .LVL35-.LVL33
 5294 01ac 3C       		.uleb128 .LFE211-.LVL33
 5295 01ad 01       		.uleb128 0x1
 5296 01ae 53       		.byte	0x53
 5297 01af 00       		.byte	0
 5298              	.LVUS26:
 5299 01b0 01       		.uleb128 .LVU235
 5300 01b1 00       		.uleb128 0
 5301              	.LLST26:
ARM GAS  /tmp/cc6x62HI.s 			page 94


 5302 01b2 08       		.byte	0x8
 5303 01b3 34000000 		.4byte	.LVL36
 5304 01b7 08       		.uleb128 .LFE211-.LVL36
 5305 01b8 01       		.uleb128 0x1
 5306 01b9 50       		.byte	0x50
 5307 01ba 00       		.byte	0
 5308              	.LVUS28:
 5309 01bb 03       		.uleb128 .LVU213
 5310 01bc 00       		.uleb128 .LVU227
 5311 01bd 00       		.uleb128 .LVU227
 5312 01be 01       		.uleb128 .LVU235
 5313              	.LLST28:
 5314 01bf 06       		.byte	0x6
 5315 01c0 08000000 		.4byte	.LVL34
 5316 01c4 04       		.byte	0x4
 5317 01c5 00       		.uleb128 .LVL34-.LVL34
 5318 01c6 18       		.uleb128 .LVL35-.LVL34
 5319 01c7 01       		.uleb128 0x1
 5320 01c8 50       		.byte	0x50
 5321 01c9 04       		.byte	0x4
 5322 01ca 18       		.uleb128 .LVL35-.LVL34
 5323 01cb 2C       		.uleb128 .LVL36-.LVL34
 5324 01cc 01       		.uleb128 0x1
 5325 01cd 53       		.byte	0x53
 5326 01ce 00       		.byte	0
 5327              	.LVUS1:
 5328 01cf 00       		.uleb128 0
 5329 01d0 00       		.uleb128 .LVU29
 5330 01d1 00       		.uleb128 .LVU29
 5331 01d2 00       		.uleb128 .LVU90
 5332 01d3 00       		.uleb128 .LVU90
 5333 01d4 00       		.uleb128 .LVU91
 5334 01d5 00       		.uleb128 .LVU91
 5335 01d6 00       		.uleb128 .LVU91
 5336 01d7 00       		.uleb128 .LVU91
 5337 01d8 00       		.uleb128 0
 5338              	.LLST1:
 5339 01d9 06       		.byte	0x6
 5340 01da 00000000 		.4byte	.LVL3
 5341 01de 04       		.byte	0x4
 5342 01df 00       		.uleb128 .LVL3-.LVL3
 5343 01e0 10       		.uleb128 .LVL4-.LVL3
 5344 01e1 01       		.uleb128 0x1
 5345 01e2 50       		.byte	0x50
 5346 01e3 04       		.byte	0x4
 5347 01e4 10       		.uleb128 .LVL4-.LVL3
 5348 01e5 A801     		.uleb128 .LVL14-.LVL3
 5349 01e7 01       		.uleb128 0x1
 5350 01e8 54       		.byte	0x54
 5351 01e9 04       		.byte	0x4
 5352 01ea A801     		.uleb128 .LVL14-.LVL3
 5353 01ec AB01     		.uleb128 .LVL15-1-.LVL3
 5354 01ee 05       		.uleb128 0x5
 5355 01ef 73       		.byte	0x73
 5356 01f0 04       		.sleb128 4
 5357 01f1 06       		.byte	0x6
 5358 01f2 23       		.byte	0x23
ARM GAS  /tmp/cc6x62HI.s 			page 95


 5359 01f3 34       		.uleb128 0x34
 5360 01f4 04       		.byte	0x4
 5361 01f5 AB01     		.uleb128 .LVL15-1-.LVL3
 5362 01f7 AC01     		.uleb128 .LVL15-.LVL3
 5363 01f9 0A       		.uleb128 0xa
 5364 01fa A3       		.byte	0xa3
 5365 01fb 03       		.uleb128 0x3
 5366 01fc A5       		.byte	0xa5
 5367 01fd 00       		.uleb128 0
 5368 01fe 26       		.uleb128 0x26
 5369 01ff A8       		.byte	0xa8
 5370 0200 2D       		.uleb128 0x2d
 5371 0201 A8       		.byte	0xa8
 5372 0202 00       		.uleb128 0
 5373 0203 9F       		.byte	0x9f
 5374 0204 04       		.byte	0x4
 5375 0205 AC01     		.uleb128 .LVL15-.LVL3
 5376 0207 F402     		.uleb128 .LFE210-.LVL3
 5377 0209 01       		.uleb128 0x1
 5378 020a 54       		.byte	0x54
 5379 020b 00       		.byte	0
 5380              	.LVUS2:
 5381 020c 00       		.uleb128 .LVU32
 5382 020d 00       		.uleb128 .LVU90
 5383 020e 00       		.uleb128 .LVU90
 5384 020f 00       		.uleb128 .LVU91
 5385 0210 00       		.uleb128 .LVU91
 5386 0211 00       		.uleb128 0
 5387              	.LLST2:
 5388 0212 06       		.byte	0x6
 5389 0213 1C000000 		.4byte	.LVL5
 5390 0217 04       		.byte	0x4
 5391 0218 00       		.uleb128 .LVL5-.LVL5
 5392 0219 8C01     		.uleb128 .LVL14-.LVL5
 5393 021b 01       		.uleb128 0x1
 5394 021c 55       		.byte	0x55
 5395 021d 04       		.byte	0x4
 5396 021e 8C01     		.uleb128 .LVL14-.LVL5
 5397 0220 8F01     		.uleb128 .LVL15-1-.LVL5
 5398 0222 02       		.uleb128 0x2
 5399 0223 73       		.byte	0x73
 5400 0224 04       		.sleb128 4
 5401 0225 04       		.byte	0x4
 5402 0226 9001     		.uleb128 .LVL15-.LVL5
 5403 0228 D802     		.uleb128 .LFE210-.LVL5
 5404 022a 01       		.uleb128 0x1
 5405 022b 55       		.byte	0x55
 5406 022c 00       		.byte	0
 5407              	.LVUS5:
 5408 022d 00       		.uleb128 .LVU39
 5409 022e 00       		.uleb128 .LVU58
 5410 022f 00       		.uleb128 .LVU91
 5411 0230 00       		.uleb128 .LVU128
 5412 0231 00       		.uleb128 .LVU137
 5413 0232 00       		.uleb128 0
 5414              	.LLST5:
 5415 0233 06       		.byte	0x6
ARM GAS  /tmp/cc6x62HI.s 			page 96


 5416 0234 20000000 		.4byte	.LVL6
 5417 0238 04       		.byte	0x4
 5418 0239 00       		.uleb128 .LVL6-.LVL6
 5419 023a 43       		.uleb128 .LVL9-1-.LVL6
 5420 023b 01       		.uleb128 0x1
 5421 023c 50       		.byte	0x50
 5422 023d 04       		.byte	0x4
 5423 023e 8C01     		.uleb128 .LVL15-.LVL6
 5424 0240 DC01     		.uleb128 .LVL22-.LVL6
 5425 0242 01       		.uleb128 0x1
 5426 0243 50       		.byte	0x50
 5427 0244 04       		.byte	0x4
 5428 0245 F001     		.uleb128 .LVL23-.LVL6
 5429 0247 D402     		.uleb128 .LFE210-.LVL6
 5430 0249 01       		.uleb128 0x1
 5431 024a 50       		.byte	0x50
 5432 024b 00       		.byte	0
 5433              	.LVUS6:
 5434 024c 01       		.uleb128 .LVU48
 5435 024d 01       		.uleb128 .LVU56
 5436              	.LLST6:
 5437 024e 08       		.byte	0x8
 5438 024f 50000000 		.4byte	.LVL7
 5439 0253 10       		.uleb128 .LVL8-.LVL7
 5440 0254 01       		.uleb128 0x1
 5441 0255 50       		.byte	0x50
 5442 0256 00       		.byte	0
 5443              	.LVUS8:
 5444 0257 02       		.uleb128 .LVU60
 5445 0258 00       		.uleb128 .LVU85
 5446              	.LLST8:
 5447 0259 08       		.byte	0x8
 5448 025a 64000000 		.4byte	.LVL9
 5449 025e 3C       		.uleb128 .LVL13-.LVL9
 5450 025f 01       		.uleb128 0x1
 5451 0260 55       		.byte	0x55
 5452 0261 00       		.byte	0
 5453              	.LVUS9:
 5454 0262 02       		.uleb128 .LVU60
 5455 0263 00       		.uleb128 .LVU85
 5456              	.LLST9:
 5457 0264 08       		.byte	0x8
 5458 0265 64000000 		.4byte	.LVL9
 5459 0269 3C       		.uleb128 .LVL13-.LVL9
 5460 026a 01       		.uleb128 0x1
 5461 026b 54       		.byte	0x54
 5462 026c 00       		.byte	0
 5463              	.LVUS10:
 5464 026d 04       		.uleb128 .LVU62
 5465 026e 00       		.uleb128 .LVU63
 5466 026f 00       		.uleb128 .LVU63
 5467 0270 00       		.uleb128 .LVU67
 5468 0271 06       		.uleb128 .LVU73
 5469 0272 00       		.uleb128 .LVU85
 5470              	.LLST10:
 5471 0273 06       		.byte	0x6
 5472 0274 64000000 		.4byte	.LVL9
ARM GAS  /tmp/cc6x62HI.s 			page 97


 5473 0278 04       		.byte	0x4
 5474 0279 00       		.uleb128 .LVL9-.LVL9
 5475 027a 08       		.uleb128 .LVL10-.LVL9
 5476 027b 01       		.uleb128 0x1
 5477 027c 54       		.byte	0x54
 5478 027d 04       		.byte	0x4
 5479 027e 08       		.uleb128 .LVL10-.LVL9
 5480 027f 1C       		.uleb128 .LVL12-.LVL9
 5481 0280 01       		.uleb128 0x1
 5482 0281 53       		.byte	0x53
 5483 0282 04       		.byte	0x4
 5484 0283 1C       		.uleb128 .LVL12-.LVL9
 5485 0284 3C       		.uleb128 .LVL13-.LVL9
 5486 0285 01       		.uleb128 0x1
 5487 0286 53       		.byte	0x53
 5488 0287 00       		.byte	0
 5489              	.LVUS11:
 5490 0288 00       		.uleb128 .LVU63
 5491 0289 00       		.uleb128 .LVU64
 5492 028a 00       		.uleb128 .LVU67
 5493 028b 00       		.uleb128 .LVU85
 5494              	.LLST11:
 5495 028c 06       		.byte	0x6
 5496 028d 6C000000 		.4byte	.LVL10
 5497 0291 04       		.byte	0x4
 5498 0292 00       		.uleb128 .LVL10-.LVL10
 5499 0293 10       		.uleb128 .LVL11-.LVL10
 5500 0294 01       		.uleb128 0x1
 5501 0295 53       		.byte	0x53
 5502 0296 04       		.byte	0x4
 5503 0297 14       		.uleb128 .LVL12-.LVL10
 5504 0298 34       		.uleb128 .LVL13-.LVL10
 5505 0299 01       		.uleb128 0x1
 5506 029a 53       		.byte	0x53
 5507 029b 00       		.byte	0
 5508              	.LVUS12:
 5509 029c 00       		.uleb128 .LVU92
 5510 029d 01       		.uleb128 .LVU100
 5511              	.LLST12:
 5512 029e 08       		.byte	0x8
 5513 029f B0000000 		.4byte	.LVL16
 5514 02a3 10       		.uleb128 .LVL17-.LVL16
 5515 02a4 01       		.uleb128 0x1
 5516 02a5 50       		.byte	0x50
 5517 02a6 00       		.byte	0
 5518              	.LVUS14:
 5519 02a7 01       		.uleb128 .LVU100
 5520 02a8 00       		.uleb128 .LVU125
 5521              	.LLST14:
 5522 02a9 08       		.byte	0x8
 5523 02aa C0000000 		.4byte	.LVL17
 5524 02ae 38       		.uleb128 .LVL21-.LVL17
 5525 02af 01       		.uleb128 0x1
 5526 02b0 50       		.byte	0x50
 5527 02b1 00       		.byte	0
 5528              	.LVUS15:
 5529 02b2 01       		.uleb128 .LVU100
ARM GAS  /tmp/cc6x62HI.s 			page 98


 5530 02b3 00       		.uleb128 .LVU125
 5531              	.LLST15:
 5532 02b4 08       		.byte	0x8
 5533 02b5 C0000000 		.4byte	.LVL17
 5534 02b9 38       		.uleb128 .LVL21-.LVL17
 5535 02ba 01       		.uleb128 0x1
 5536 02bb 5C       		.byte	0x5c
 5537 02bc 00       		.byte	0
 5538              	.LVUS16:
 5539 02bd 04       		.uleb128 .LVU103
 5540 02be 00       		.uleb128 .LVU104
 5541 02bf 00       		.uleb128 .LVU104
 5542 02c0 00       		.uleb128 .LVU108
 5543 02c1 06       		.uleb128 .LVU114
 5544 02c2 00       		.uleb128 .LVU125
 5545              	.LLST16:
 5546 02c3 06       		.byte	0x6
 5547 02c4 C0000000 		.4byte	.LVL17
 5548 02c8 04       		.byte	0x4
 5549 02c9 00       		.uleb128 .LVL17-.LVL17
 5550 02ca 08       		.uleb128 .LVL18-.LVL17
 5551 02cb 01       		.uleb128 0x1
 5552 02cc 5C       		.byte	0x5c
 5553 02cd 04       		.byte	0x4
 5554 02ce 08       		.uleb128 .LVL18-.LVL17
 5555 02cf 1C       		.uleb128 .LVL20-.LVL17
 5556 02d0 01       		.uleb128 0x1
 5557 02d1 53       		.byte	0x53
 5558 02d2 04       		.byte	0x4
 5559 02d3 1C       		.uleb128 .LVL20-.LVL17
 5560 02d4 38       		.uleb128 .LVL21-.LVL17
 5561 02d5 01       		.uleb128 0x1
 5562 02d6 53       		.byte	0x53
 5563 02d7 00       		.byte	0
 5564              	.LVUS17:
 5565 02d8 00       		.uleb128 .LVU104
 5566 02d9 00       		.uleb128 .LVU105
 5567 02da 00       		.uleb128 .LVU108
 5568 02db 00       		.uleb128 .LVU125
 5569              	.LLST17:
 5570 02dc 06       		.byte	0x6
 5571 02dd C8000000 		.4byte	.LVL18
 5572 02e1 04       		.byte	0x4
 5573 02e2 00       		.uleb128 .LVL18-.LVL18
 5574 02e3 10       		.uleb128 .LVL19-.LVL18
 5575 02e4 01       		.uleb128 0x1
 5576 02e5 53       		.byte	0x53
 5577 02e6 04       		.byte	0x4
 5578 02e7 14       		.uleb128 .LVL20-.LVL18
 5579 02e8 30       		.uleb128 .LVL21-.LVL18
 5580 02e9 01       		.uleb128 0x1
 5581 02ea 53       		.byte	0x53
 5582 02eb 00       		.byte	0
 5583              	.LVUS18:
 5584 02ec 00       		.uleb128 .LVU139
 5585 02ed 01       		.uleb128 .LVU147
 5586              	.LLST18:
ARM GAS  /tmp/cc6x62HI.s 			page 99


 5587 02ee 08       		.byte	0x8
 5588 02ef 14010000 		.4byte	.LVL24
 5589 02f3 10       		.uleb128 .LVL25-.LVL24
 5590 02f4 01       		.uleb128 0x1
 5591 02f5 50       		.byte	0x50
 5592 02f6 00       		.byte	0
 5593              	.LVUS19:
 5594 02f7 01       		.uleb128 .LVU147
 5595 02f8 00       		.uleb128 .LVU172
 5596              	.LLST19:
 5597 02f9 08       		.byte	0x8
 5598 02fa 24010000 		.4byte	.LVL25
 5599 02fe 38       		.uleb128 .LVL29-.LVL25
 5600 02ff 01       		.uleb128 0x1
 5601 0300 50       		.byte	0x50
 5602 0301 00       		.byte	0
 5603              	.LVUS20:
 5604 0302 01       		.uleb128 .LVU147
 5605 0303 00       		.uleb128 .LVU172
 5606              	.LLST20:
 5607 0304 08       		.byte	0x8
 5608 0305 24010000 		.4byte	.LVL25
 5609 0309 38       		.uleb128 .LVL29-.LVL25
 5610 030a 01       		.uleb128 0x1
 5611 030b 5C       		.byte	0x5c
 5612 030c 00       		.byte	0
 5613              	.LVUS21:
 5614 030d 04       		.uleb128 .LVU150
 5615 030e 00       		.uleb128 .LVU151
 5616 030f 00       		.uleb128 .LVU151
 5617 0310 00       		.uleb128 .LVU155
 5618 0311 06       		.uleb128 .LVU161
 5619 0312 00       		.uleb128 .LVU172
 5620              	.LLST21:
 5621 0313 06       		.byte	0x6
 5622 0314 24010000 		.4byte	.LVL25
 5623 0318 04       		.byte	0x4
 5624 0319 00       		.uleb128 .LVL25-.LVL25
 5625 031a 08       		.uleb128 .LVL26-.LVL25
 5626 031b 01       		.uleb128 0x1
 5627 031c 5C       		.byte	0x5c
 5628 031d 04       		.byte	0x4
 5629 031e 08       		.uleb128 .LVL26-.LVL25
 5630 031f 1C       		.uleb128 .LVL28-.LVL25
 5631 0320 01       		.uleb128 0x1
 5632 0321 53       		.byte	0x53
 5633 0322 04       		.byte	0x4
 5634 0323 1C       		.uleb128 .LVL28-.LVL25
 5635 0324 38       		.uleb128 .LVL29-.LVL25
 5636 0325 01       		.uleb128 0x1
 5637 0326 53       		.byte	0x53
 5638 0327 00       		.byte	0
 5639              	.LVUS22:
 5640 0328 00       		.uleb128 .LVU151
 5641 0329 00       		.uleb128 .LVU152
 5642 032a 00       		.uleb128 .LVU155
 5643 032b 00       		.uleb128 .LVU172
ARM GAS  /tmp/cc6x62HI.s 			page 100


 5644              	.LLST22:
 5645 032c 06       		.byte	0x6
 5646 032d 2C010000 		.4byte	.LVL26
 5647 0331 04       		.byte	0x4
 5648 0332 00       		.uleb128 .LVL26-.LVL26
 5649 0333 10       		.uleb128 .LVL27-.LVL26
 5650 0334 01       		.uleb128 0x1
 5651 0335 53       		.byte	0x53
 5652 0336 04       		.byte	0x4
 5653 0337 14       		.uleb128 .LVL28-.LVL26
 5654 0338 30       		.uleb128 .LVL29-.LVL26
 5655 0339 01       		.uleb128 0x1
 5656 033a 53       		.byte	0x53
 5657 033b 00       		.byte	0
 5658              	.LVUS23:
 5659 033c 00       		.uleb128 0
 5660 033d 00       		.uleb128 .LVU190
 5661 033e 00       		.uleb128 .LVU190
 5662 033f 00       		.uleb128 0
 5663              	.LLST23:
 5664 0340 06       		.byte	0x6
 5665 0341 00000000 		.4byte	.LVL31
 5666 0345 04       		.byte	0x4
 5667 0346 00       		.uleb128 .LVL31-.LVL31
 5668 0347 0B       		.uleb128 .LVL32-1-.LVL31
 5669 0348 01       		.uleb128 0x1
 5670 0349 50       		.byte	0x50
 5671 034a 04       		.byte	0x4
 5672 034b 0B       		.uleb128 .LVL32-1-.LVL31
 5673 034c 14       		.uleb128 .LFE209-.LVL31
 5674 034d 0A       		.uleb128 0xa
 5675 034e A3       		.byte	0xa3
 5676 034f 03       		.uleb128 0x3
 5677 0350 A5       		.byte	0xa5
 5678 0351 00       		.uleb128 0
 5679 0352 26       		.uleb128 0x26
 5680 0353 A8       		.byte	0xa8
 5681 0354 2D       		.uleb128 0x2d
 5682 0355 A8       		.byte	0xa8
 5683 0356 00       		.uleb128 0
 5684 0357 9F       		.byte	0x9f
 5685 0358 00       		.byte	0
 5686              	.LVUS0:
 5687 0359 00       		.uleb128 .LVU6
 5688 035a 00       		.uleb128 0
 5689              	.LLST0:
 5690 035b 08       		.byte	0x8
 5691 035c 04000000 		.4byte	.LVL1
 5692 0360 0C       		.uleb128 .LFE207-.LVL1
 5693 0361 01       		.uleb128 0x1
 5694 0362 50       		.byte	0x50
 5695 0363 00       		.byte	0
 5696              	.LVUS30:
 5697 0364 00       		.uleb128 0
 5698 0365 00       		.uleb128 .LVU264
 5699 0366 00       		.uleb128 .LVU264
 5700 0367 00       		.uleb128 0
ARM GAS  /tmp/cc6x62HI.s 			page 101


 5701              	.LLST30:
 5702 0368 06       		.byte	0x6
 5703 0369 00000000 		.4byte	.LVL37
 5704 036d 04       		.byte	0x4
 5705 036e 00       		.uleb128 .LVL37-.LVL37
 5706 036f 1C       		.uleb128 .LVL38-.LVL37
 5707 0370 01       		.uleb128 0x1
 5708 0371 50       		.byte	0x50
 5709 0372 04       		.byte	0x4
 5710 0373 1C       		.uleb128 .LVL38-.LVL37
 5711 0374 34       		.uleb128 .LFE212-.LVL37
 5712 0375 01       		.uleb128 0x1
 5713 0376 53       		.byte	0x53
 5714 0377 00       		.byte	0
 5715              	.Ldebug_loc3:
 5716              		.section	.debug_aranges,"",%progbits
 5717 0000 64000000 		.4byte	0x64
 5718 0004 0200     		.2byte	0x2
 5719 0006 00000000 		.4byte	.Ldebug_info0
 5720 000a 04       		.byte	0x4
 5721 000b 00       		.byte	0
 5722 000c 0000     		.2byte	0
 5723 000e 0000     		.2byte	0
 5724 0010 00000000 		.4byte	.LFB207
 5725 0014 10000000 		.4byte	.LFE207-.LFB207
 5726 0018 00000000 		.4byte	.LFB208
 5727 001c 04000000 		.4byte	.LFE208-.LFB208
 5728 0020 00000000 		.4byte	.LFB210
 5729 0024 74010000 		.4byte	.LFE210-.LFB210
 5730 0028 00000000 		.4byte	.LFB209
 5731 002c 14000000 		.4byte	.LFE209-.LFB209
 5732 0030 00000000 		.4byte	.LFB211
 5733 0034 3C000000 		.4byte	.LFE211-.LFB211
 5734 0038 00000000 		.4byte	.LFB212
 5735 003c 34000000 		.4byte	.LFE212-.LFB212
 5736 0040 00000000 		.4byte	.LFB213
 5737 0044 A0000000 		.4byte	.LFE213-.LFB213
 5738 0048 00000000 		.4byte	.LFB214
 5739 004c 88000000 		.4byte	.LFE214-.LFB214
 5740 0050 00000000 		.4byte	.LFB215
 5741 0054 74000000 		.4byte	.LFE215-.LFB215
 5742 0058 00000000 		.4byte	.LFB216
 5743 005c 14000000 		.4byte	.LFE216-.LFB216
 5744 0060 00000000 		.4byte	0
 5745 0064 00000000 		.4byte	0
 5746              		.section	.debug_rnglists,"",%progbits
 5747              	.Ldebug_ranges0:
 5748 0000 58010000 		.4byte	.Ldebug_ranges3-.Ldebug_ranges2
 5749              	.Ldebug_ranges2:
 5750 0004 0500     		.2byte	0x5
 5751 0006 04       		.byte	0x4
 5752 0007 00       		.byte	0
 5753 0008 00000000 		.4byte	0
 5754              	.LLRL3:
 5755 000c 05       		.byte	0x5
 5756 000d 00000000 		.4byte	.LBB116
 5757 0011 04       		.byte	0x4
ARM GAS  /tmp/cc6x62HI.s 			page 102


 5758 0012 00       		.uleb128 .LBB116-.LBB116
 5759 0013 04       		.uleb128 .LBE116-.LBB116
 5760 0014 04       		.byte	0x4
 5761 0015 10       		.uleb128 .LBB120-.LBB116
 5762 0016 14       		.uleb128 .LBE120-.LBB116
 5763 0017 04       		.byte	0x4
 5764 0018 18       		.uleb128 .LBB121-.LBB116
 5765 0019 1C       		.uleb128 .LBE121-.LBB116
 5766 001a 00       		.byte	0
 5767              	.LLRL4:
 5768 001b 05       		.byte	0x5
 5769 001c 20000000 		.4byte	.LBB122
 5770 0020 04       		.byte	0x4
 5771 0021 00       		.uleb128 .LBB122-.LBB122
 5772 0022 8401     		.uleb128 .LBE122-.LBB122
 5773 0024 04       		.byte	0x4
 5774 0025 8801     		.uleb128 .LBB142-.LBB122
 5775 0027 DC01     		.uleb128 .LBE142-.LBB122
 5776 0029 04       		.byte	0x4
 5777 002a F001     		.uleb128 .LBB143-.LBB122
 5778 002c D402     		.uleb128 .LBE143-.LBB122
 5779 002e 00       		.byte	0
 5780              	.LLRL7:
 5781 002f 05       		.byte	0x5
 5782 0030 64000000 		.4byte	.LBB125
 5783 0034 04       		.byte	0x4
 5784 0035 00       		.uleb128 .LBB125-.LBB125
 5785 0036 28       		.uleb128 .LBE125-.LBB125
 5786 0037 04       		.byte	0x4
 5787 0038 2C       		.uleb128 .LBB129-.LBB125
 5788 0039 3C       		.uleb128 .LBE129-.LBB125
 5789 003a 00       		.byte	0
 5790              	.LLRL13:
 5791 003b 05       		.byte	0x5
 5792 003c C0000000 		.4byte	.LBB132
 5793 0040 04       		.byte	0x4
 5794 0041 00       		.uleb128 .LBB132-.LBB132
 5795 0042 38       		.uleb128 .LBE132-.LBB132
 5796 0043 04       		.byte	0x4
 5797 0044 38       		.uleb128 .LBB136-.LBB132
 5798 0045 3C       		.uleb128 .LBE136-.LBB132
 5799 0046 00       		.byte	0
 5800              	.LLRL24:
 5801 0047 05       		.byte	0x5
 5802 0048 00000000 		.4byte	.LBB144
 5803 004c 04       		.byte	0x4
 5804 004d 00       		.uleb128 .LBB144-.LBB144
 5805 004e 00       		.uleb128 .LBE144-.LBB144
 5806 004f 04       		.byte	0x4
 5807 0050 04       		.uleb128 .LBB149-.LBB144
 5808 0051 08       		.uleb128 .LBE149-.LBB144
 5809 0052 00       		.byte	0
 5810              	.LLRL27:
 5811 0053 05       		.byte	0x5
 5812 0054 00000000 		.4byte	.LBB154
 5813 0058 04       		.byte	0x4
 5814 0059 00       		.uleb128 .LBB154-.LBB154
ARM GAS  /tmp/cc6x62HI.s 			page 103


 5815 005a 00       		.uleb128 .LBE154-.LBB154
 5816 005b 04       		.byte	0x4
 5817 005c 04       		.uleb128 .LBB159-.LBB154
 5818 005d 08       		.uleb128 .LBE159-.LBB154
 5819 005e 00       		.byte	0
 5820              	.LLRL29:
 5821 005f 05       		.byte	0x5
 5822 0060 08000000 		.4byte	.LBB162
 5823 0064 04       		.byte	0x4
 5824 0065 00       		.uleb128 .LBB162-.LBB162
 5825 0066 00       		.uleb128 .LBE162-.LBB162
 5826 0067 04       		.byte	0x4
 5827 0068 08       		.uleb128 .LBB165-.LBB162
 5828 0069 14       		.uleb128 .LBE165-.LBB162
 5829 006a 00       		.byte	0
 5830              	.LLRL31:
 5831 006b 05       		.byte	0x5
 5832 006c 00000000 		.4byte	.LBB170
 5833 0070 04       		.byte	0x4
 5834 0071 00       		.uleb128 .LBB170-.LBB170
 5835 0072 00       		.uleb128 .LBE170-.LBB170
 5836 0073 04       		.byte	0x4
 5837 0074 0C       		.uleb128 .LBB173-.LBB170
 5838 0075 18       		.uleb128 .LBE173-.LBB170
 5839 0076 00       		.byte	0
 5840              	.LLRL35:
 5841 0077 05       		.byte	0x5
 5842 0078 00000000 		.4byte	.LBB174
 5843 007c 04       		.byte	0x4
 5844 007d 00       		.uleb128 .LBB174-.LBB174
 5845 007e 08       		.uleb128 .LBE174-.LBB174
 5846 007f 04       		.byte	0x4
 5847 0080 0C       		.uleb128 .LBB177-.LBB174
 5848 0081 10       		.uleb128 .LBE177-.LBB174
 5849 0082 00       		.byte	0
 5850              	.LLRL38:
 5851 0083 05       		.byte	0x5
 5852 0084 28000000 		.4byte	.LBB185
 5853 0088 04       		.byte	0x4
 5854 0089 00       		.uleb128 .LBB185-.LBB185
 5855 008a 04       		.uleb128 .LBE185-.LBB185
 5856 008b 04       		.byte	0x4
 5857 008c 08       		.uleb128 .LBB194-.LBB185
 5858 008d 60       		.uleb128 .LBE194-.LBB185
 5859 008e 00       		.byte	0
 5860              	.LLRL43:
 5861 008f 05       		.byte	0x5
 5862 0090 60000000 		.4byte	.LBB190
 5863 0094 04       		.byte	0x4
 5864 0095 00       		.uleb128 .LBB190-.LBB190
 5865 0096 04       		.uleb128 .LBE190-.LBB190
 5866 0097 04       		.byte	0x4
 5867 0098 08       		.uleb128 .LBB193-.LBB190
 5868 0099 14       		.uleb128 .LBE193-.LBB190
 5869 009a 00       		.byte	0
 5870              	.LLRL46:
 5871 009b 05       		.byte	0x5
ARM GAS  /tmp/cc6x62HI.s 			page 104


 5872 009c 88000000 		.4byte	.LBB195
 5873 00a0 04       		.byte	0x4
 5874 00a1 00       		.uleb128 .LBB195-.LBB195
 5875 00a2 04       		.uleb128 .LBE195-.LBB195
 5876 00a3 04       		.byte	0x4
 5877 00a4 10       		.uleb128 .LBB202-.LBB195
 5878 00a5 18       		.uleb128 .LBE202-.LBB195
 5879 00a6 00       		.byte	0
 5880              	.LLRL50:
 5881 00a7 05       		.byte	0x5
 5882 00a8 00000000 		.4byte	.LBB203
 5883 00ac 04       		.byte	0x4
 5884 00ad 00       		.uleb128 .LBB203-.LBB203
 5885 00ae 00       		.uleb128 .LBE203-.LBB203
 5886 00af 04       		.byte	0x4
 5887 00b0 04       		.uleb128 .LBB207-.LBB203
 5888 00b1 08       		.uleb128 .LBE207-.LBB203
 5889 00b2 04       		.byte	0x4
 5890 00b3 0C       		.uleb128 .LBB208-.LBB203
 5891 00b4 14       		.uleb128 .LBE208-.LBB203
 5892 00b5 00       		.byte	0
 5893              	.LLRL57:
 5894 00b6 05       		.byte	0x5
 5895 00b7 58000000 		.4byte	.LBB218
 5896 00bb 04       		.byte	0x4
 5897 00bc 00       		.uleb128 .LBB218-.LBB218
 5898 00bd 04       		.uleb128 .LBE218-.LBB218
 5899 00be 04       		.byte	0x4
 5900 00bf 08       		.uleb128 .LBB221-.LBB218
 5901 00c0 14       		.uleb128 .LBE221-.LBB218
 5902 00c1 00       		.byte	0
 5903              	.LLRL61:
 5904 00c2 05       		.byte	0x5
 5905 00c3 00000000 		.4byte	.LBB222
 5906 00c7 04       		.byte	0x4
 5907 00c8 00       		.uleb128 .LBB222-.LBB222
 5908 00c9 08       		.uleb128 .LBE222-.LBB222
 5909 00ca 04       		.byte	0x4
 5910 00cb 0C       		.uleb128 .LBB225-.LBB222
 5911 00cc 10       		.uleb128 .LBE225-.LBB222
 5912 00cd 00       		.byte	0
 5913              	.LLRL62:
 5914 00ce 05       		.byte	0x5
 5915 00cf 1C000000 		.4byte	.LBB226
 5916 00d3 04       		.byte	0x4
 5917 00d4 00       		.uleb128 .LBB226-.LBB226
 5918 00d5 04       		.uleb128 .LBE226-.LBB226
 5919 00d6 04       		.byte	0x4
 5920 00d7 04       		.uleb128 .LBB244-.LBB226
 5921 00d8 3C       		.uleb128 .LBE244-.LBB226
 5922 00d9 00       		.byte	0
 5923              	.LLRL64:
 5924 00da 05       		.byte	0x5
 5925 00db 20000000 		.4byte	.LBB227
 5926 00df 04       		.byte	0x4
 5927 00e0 00       		.uleb128 .LBB227-.LBB227
 5928 00e1 00       		.uleb128 .LBE227-.LBB227
ARM GAS  /tmp/cc6x62HI.s 			page 105


 5929 00e2 04       		.byte	0x4
 5930 00e3 04       		.uleb128 .LBB241-.LBB227
 5931 00e4 04       		.uleb128 .LBE241-.LBB227
 5932 00e5 04       		.byte	0x4
 5933 00e6 1C       		.uleb128 .LBB243-.LBB227
 5934 00e7 38       		.uleb128 .LBE243-.LBB227
 5935 00e8 00       		.byte	0
 5936              	.LLRL66:
 5937 00e9 05       		.byte	0x5
 5938 00ea 20000000 		.4byte	.LBB228
 5939 00ee 04       		.byte	0x4
 5940 00ef 00       		.uleb128 .LBB228-.LBB228
 5941 00f0 00       		.uleb128 .LBE228-.LBB228
 5942 00f1 04       		.byte	0x4
 5943 00f2 04       		.uleb128 .LBB232-.LBB228
 5944 00f3 04       		.uleb128 .LBE232-.LBB228
 5945 00f4 04       		.byte	0x4
 5946 00f5 20       		.uleb128 .LBB233-.LBB228
 5947 00f6 2C       		.uleb128 .LBE233-.LBB228
 5948 00f7 00       		.byte	0
 5949              	.LLRL69:
 5950 00f8 05       		.byte	0x5
 5951 00f9 20000000 		.4byte	.LBB234
 5952 00fd 04       		.byte	0x4
 5953 00fe 00       		.uleb128 .LBB234-.LBB234
 5954 00ff 04       		.uleb128 .LBE234-.LBB234
 5955 0100 04       		.byte	0x4
 5956 0101 10       		.uleb128 .LBB242-.LBB234
 5957 0102 10       		.uleb128 .LBE242-.LBB234
 5958 0103 00       		.byte	0
 5959              	.LLRL70:
 5960 0104 05       		.byte	0x5
 5961 0105 20000000 		.4byte	.LBB236
 5962 0109 04       		.byte	0x4
 5963 010a 00       		.uleb128 .LBB236-.LBB236
 5964 010b 04       		.uleb128 .LBE236-.LBB236
 5965 010c 04       		.byte	0x4
 5966 010d 10       		.uleb128 .LBB239-.LBB236
 5967 010e 10       		.uleb128 .LBE239-.LBB236
 5968 010f 00       		.byte	0
 5969              	.LLRL72:
 5970 0110 05       		.byte	0x5
 5971 0111 00000000 		.4byte	.LBB245
 5972 0115 04       		.byte	0x4
 5973 0116 00       		.uleb128 .LBB245-.LBB245
 5974 0117 00       		.uleb128 .LBE245-.LBB245
 5975 0118 04       		.byte	0x4
 5976 0119 04       		.uleb128 .LBB250-.LBB245
 5977 011a 08       		.uleb128 .LBE250-.LBB245
 5978 011b 00       		.byte	0
 5979              	.LLRL73:
 5980 011c 07       		.byte	0x7
 5981 011d 00000000 		.4byte	.LFB207
 5982 0121 10       		.uleb128 .LFE207-.LFB207
 5983 0122 07       		.byte	0x7
 5984 0123 00000000 		.4byte	.LFB208
 5985 0127 04       		.uleb128 .LFE208-.LFB208
ARM GAS  /tmp/cc6x62HI.s 			page 106


 5986 0128 07       		.byte	0x7
 5987 0129 00000000 		.4byte	.LFB210
 5988 012d F402     		.uleb128 .LFE210-.LFB210
 5989 012f 07       		.byte	0x7
 5990 0130 00000000 		.4byte	.LFB209
 5991 0134 14       		.uleb128 .LFE209-.LFB209
 5992 0135 07       		.byte	0x7
 5993 0136 00000000 		.4byte	.LFB211
 5994 013a 3C       		.uleb128 .LFE211-.LFB211
 5995 013b 07       		.byte	0x7
 5996 013c 00000000 		.4byte	.LFB212
 5997 0140 34       		.uleb128 .LFE212-.LFB212
 5998 0141 07       		.byte	0x7
 5999 0142 00000000 		.4byte	.LFB213
 6000 0146 A001     		.uleb128 .LFE213-.LFB213
 6001 0148 07       		.byte	0x7
 6002 0149 00000000 		.4byte	.LFB214
 6003 014d 8801     		.uleb128 .LFE214-.LFB214
 6004 014f 07       		.byte	0x7
 6005 0150 00000000 		.4byte	.LFB215
 6006 0154 74       		.uleb128 .LFE215-.LFB215
 6007 0155 07       		.byte	0x7
 6008 0156 00000000 		.4byte	.LFB216
 6009 015a 14       		.uleb128 .LFE216-.LFB216
 6010 015b 00       		.byte	0
 6011              	.Ldebug_ranges3:
 6012              		.section	.debug_line,"",%progbits
 6013              	.Ldebug_line0:
 6014 0000 4B0C0000 		.section	.debug_str,"MS",%progbits,1
 6014      03006902 
 6014      00000201 
 6014      FB0E0D00 
 6014      01010101 
 6015              	.LASF108:
 6016 0000 63737461 		.ascii	"cstack_base\000"
 6016      636B5F62 
 6016      61736500 
 6017              	.LASF100:
 6018 000c 77746D74 		.ascii	"wtmtxp\000"
 6018      787000
 6019              	.LASF127:
 6020 0013 63684D74 		.ascii	"chMtxLock\000"
 6020      784C6F63 
 6020      6B00
 6021              	.LASF40:
 6022 001d 64697370 		.ascii	"dispose\000"
 6022      6F736500 
 6023              	.LASF21:
 6024 0025 706F7274 		.ascii	"port_stkline_t\000"
 6024      5F73746B 
 6024      6C696E65 
 6024      5F7400
 6025              	.LASF88:
 6026 0034 63685F72 		.ascii	"ch_registry\000"
 6026      65676973 
 6026      74727900 
 6027              	.LASF36:
ARM GAS  /tmp/cc6x62HI.s 			page 107


 6028 0040 666C6167 		.ascii	"flags\000"
 6028      7300
 6029              	.LASF66:
 6030 0046 73797374 		.ascii	"systime_t\000"
 6030      696D655F 
 6030      7400
 6031              	.LASF47:
 6032 0050 7265616C 		.ascii	"realprio\000"
 6032      7072696F 
 6032      00
 6033              	.LASF45:
 6034 0059 6570656E 		.ascii	"epending\000"
 6034      64696E67 
 6034      00
 6035              	.LASF1:
 6036 0062 756E7369 		.ascii	"unsigned int\000"
 6036      676E6564 
 6036      20696E74 
 6036      00
 6037              	.LASF73:
 6038 006f 6E657874 		.ascii	"next\000"
 6038      00
 6039              	.LASF54:
 6040 0074 636F7265 		.ascii	"core_id\000"
 6040      5F696400 
 6041              	.LASF128:
 6042 007c 63684D74 		.ascii	"chMtxObjectDispose\000"
 6042      784F626A 
 6042      65637444 
 6042      6973706F 
 6042      736500
 6043              	.LASF9:
 6044 008f 5F5F696E 		.ascii	"__int32_t\000"
 6044      7433325F 
 6044      7400
 6045              	.LASF37:
 6046 0099 72656673 		.ascii	"refs\000"
 6046      00
 6047              	.LASF97:
 6048 009e 77746F62 		.ascii	"wtobjp\000"
 6048      6A7000
 6049              	.LASF140:
 6050 00a5 706F7274 		.ascii	"port_lock\000"
 6050      5F6C6F63 
 6050      6B00
 6051              	.LASF52:
 6052 00af 76746C69 		.ascii	"vtlist\000"
 6052      737400
 6053              	.LASF70:
 6054 00b6 706F7274 		.ascii	"port_context\000"
 6054      5F636F6E 
 6054      74657874 
 6054      00
 6055              	.LASF104:
 6056 00c3 63685F72 		.ascii	"ch_ready_list\000"
 6056      65616479 
 6056      5F6C6973 
ARM GAS  /tmp/cc6x62HI.s 			page 108


 6056      7400
 6057              	.LASF86:
 6058 00d1 6C617374 		.ascii	"laststamp\000"
 6058      7374616D 
 6058      7000
 6059              	.LASF101:
 6060 00db 65776D61 		.ascii	"ewmask\000"
 6060      736B00
 6061              	.LASF76:
 6062 00e2 70726576 		.ascii	"prev\000"
 6062      00
 6063              	.LASF72:
 6064 00e7 63685F6C 		.ascii	"ch_list\000"
 6064      69737400 
 6065              	.LASF124:
 6066 00ef 63685363 		.ascii	"chSchReadyI\000"
 6066      68526561 
 6066      64794900 
 6067              	.LASF63:
 6068 00fb 63685F73 		.ascii	"ch_system_debug\000"
 6068      79737465 
 6068      6D5F6465 
 6068      62756700 
 6069              	.LASF93:
 6070 010b 6C697374 		.ascii	"list\000"
 6070      00
 6071              	.LASF145:
 6072 0110 63684D74 		.ascii	"chMtxTryLock\000"
 6072      78547279 
 6072      4C6F636B 
 6072      00
 6073              	.LASF81:
 6074 011d 63685F64 		.ascii	"ch_delta_list\000"
 6074      656C7461 
 6074      5F6C6973 
 6074      7400
 6075              	.LASF18:
 6076 012b 75696E74 		.ascii	"uint32_t\000"
 6076      33325F74 
 6076      00
 6077              	.LASF44:
 6078 0134 73656E74 		.ascii	"sentmsg\000"
 6078      6D736700 
 6079              	.LASF28:
 6080 013c 6576656E 		.ascii	"eventmask_t\000"
 6080      746D6173 
 6080      6B5F7400 
 6081              	.LASF102:
 6082 0148 63685F73 		.ascii	"ch_semaphore\000"
 6082      656D6170 
 6082      686F7265 
 6082      00
 6083              	.LASF26:
 6084 0155 74707269 		.ascii	"tprio_t\000"
 6084      6F5F7400 
 6085              	.LASF112:
 6086 015d 6F735F69 		.ascii	"os_instance_config_t\000"
ARM GAS  /tmp/cc6x62HI.s 			page 109


 6086      6E737461 
 6086      6E63655F 
 6086      636F6E66 
 6086      69675F74 
 6087              	.LASF118:
 6088 0172 63684D74 		.ascii	"chMtxUnlockAllS\000"
 6088      78556E6C 
 6088      6F636B41 
 6088      6C6C5300 
 6089              	.LASF69:
 6090 0182 66707363 		.ascii	"fpscr\000"
 6090      7200
 6091              	.LASF0:
 6092 0188 6C6F6E67 		.ascii	"long long unsigned int\000"
 6092      206C6F6E 
 6092      6720756E 
 6092      7369676E 
 6092      65642069 
 6093              	.LASF133:
 6094 019f 63685F71 		.ascii	"ch_queue_dequeue\000"
 6094      75657565 
 6094      5F646571 
 6094      75657565 
 6094      00
 6095              	.LASF129:
 6096 01b0 63684D74 		.ascii	"chMtxObjectInit\000"
 6096      784F626A 
 6096      65637449 
 6096      6E697400 
 6097              	.LASF121:
 6098 01c0 6E657770 		.ascii	"newprio\000"
 6098      72696F00 
 6099              	.LASF94:
 6100 01c8 70717565 		.ascii	"pqueue\000"
 6100      756500
 6101              	.LASF29:
 6102 01cf 636E745F 		.ascii	"cnt_t\000"
 6102      7400
 6103              	.LASF22:
 6104 01d5 73746B6C 		.ascii	"stkline_t\000"
 6104      696E655F 
 6104      7400
 6105              	.LASF131:
 6106 01df 63685379 		.ascii	"chSysUnlock\000"
 6106      73556E6C 
 6106      6F636B00 
 6107              	.LASF146:
 6108 01eb 63685468 		.ascii	"chThdGetSelfX\000"
 6108      64476574 
 6108      53656C66 
 6108      5800
 6109              	.LASF32:
 6110 01f9 6F776E65 		.ascii	"owner\000"
 6110      7200
 6111              	.LASF46:
 6112 01ff 6D74786C 		.ascii	"mtxlist\000"
 6112      69737400 
ARM GAS  /tmp/cc6x62HI.s 			page 110


 6113              	.LASF83:
 6114 0207 63685F76 		.ascii	"ch_virtual_timers_list\000"
 6114      69727475 
 6114      616C5F74 
 6114      696D6572 
 6114      735F6C69 
 6115              	.LASF55:
 6116 021e 72666375 		.ascii	"rfcu\000"
 6116      00
 6117              	.LASF31:
 6118 0223 74687265 		.ascii	"thread_t\000"
 6118      61645F74 
 6118      00
 6119              	.LASF95:
 6120 022c 7264796D 		.ascii	"rdymsg\000"
 6120      736700
 6121              	.LASF77:
 6122 0233 63685F70 		.ascii	"ch_priority_queue_t\000"
 6122      72696F72 
 6122      6974795F 
 6122      71756575 
 6122      655F7400 
 6123              	.LASF117:
 6124 0247 63684D74 		.ascii	"chMtxUnlockAll\000"
 6124      78556E6C 
 6124      6F636B41 
 6124      6C6C00
 6125              	.LASF114:
 6126 0256 5F426F6F 		.ascii	"_Bool\000"
 6126      6C00
 6127              	.LASF41:
 6128 025c 6F626A65 		.ascii	"object\000"
 6128      637400
 6129              	.LASF60:
 6130 0263 63685F72 		.ascii	"ch_rfcu\000"
 6130      66637500 
 6131              	.LASF103:
 6132 026b 63685F6D 		.ascii	"ch_mutex\000"
 6132      75746578 
 6132      00
 6133              	.LASF13:
 6134 0274 5F5F7569 		.ascii	"__uint64_t\000"
 6134      6E743634 
 6134      5F7400
 6135              	.LASF142:
 6136 027f 2E2E2F2E 		.ascii	"../../../os/rt/src/chmtx.c\000"
 6136      2E2F2E2E 
 6136      2F6F732F 
 6136      72742F73 
 6136      72632F63 
 6137              	.LASF119:
 6138 029a 63757272 		.ascii	"currtp\000"
 6138      747000
 6139              	.LASF144:
 6140 02a1 63685363 		.ascii	"chSchRescheduleS\000"
 6140      68526573 
 6140      63686564 
ARM GAS  /tmp/cc6x62HI.s 			page 111


 6140      756C6553 
 6140      00
 6141              	.LASF50:
 6142 02b2 63685F6F 		.ascii	"ch_os_instance\000"
 6142      735F696E 
 6142      7374616E 
 6142      636500
 6143              	.LASF138:
 6144 02c1 63685379 		.ascii	"chSysLock\000"
 6144      734C6F63 
 6144      6B00
 6145              	.LASF79:
 6146 02cb 7072696F 		.ascii	"prio\000"
 6146      00
 6147              	.LASF134:
 6148 02d0 63685F71 		.ascii	"ch_queue_fifo_remove\000"
 6148      75657565 
 6148      5F666966 
 6148      6F5F7265 
 6148      6D6F7665 
 6149              	.LASF15:
 6150 02e5 63686172 		.ascii	"char\000"
 6150      00
 6151              	.LASF80:
 6152 02ea 63685F64 		.ascii	"ch_delta_list_t\000"
 6152      656C7461 
 6152      5F6C6973 
 6152      745F7400 
 6153              	.LASF59:
 6154 02fa 72666375 		.ascii	"rfcu_mask_t\000"
 6154      5F6D6173 
 6154      6B5F7400 
 6155              	.LASF91:
 6156 0306 74687265 		.ascii	"thread_reference_t\000"
 6156      61645F72 
 6156      65666572 
 6156      656E6365 
 6156      5F7400
 6157              	.LASF33:
 6158 0319 77616261 		.ascii	"wabase\000"
 6158      736500
 6159              	.LASF24:
 6160 0320 74737461 		.ascii	"tstate_t\000"
 6160      74655F74 
 6160      00
 6161              	.LASF39:
 6162 0329 72717565 		.ascii	"rqueue\000"
 6162      756500
 6163              	.LASF16:
 6164 0330 75696E74 		.ascii	"uint8_t\000"
 6164      385F7400 
 6165              	.LASF43:
 6166 0338 6D736771 		.ascii	"msgqueue\000"
 6166      75657565 
 6166      00
 6167              	.LASF49:
 6168 0341 63685F74 		.ascii	"ch_thread\000"
ARM GAS  /tmp/cc6x62HI.s 			page 112


 6168      68726561 
 6168      6400
 6169              	.LASF65:
 6170 034b 73797374 		.ascii	"system_debug_t\000"
 6170      656D5F64 
 6170      65627567 
 6170      5F7400
 6171              	.LASF2:
 6172 035a 6C6F6E67 		.ascii	"long long int\000"
 6172      206C6F6E 
 6172      6720696E 
 6172      7400
 6173              	.LASF122:
 6174 0368 63684D74 		.ascii	"chMtxUnlock\000"
 6174      78556E6C 
 6174      6F636B00 
 6175              	.LASF27:
 6176 0374 6D73675F 		.ascii	"msg_t\000"
 6176      7400
 6177              	.LASF90:
 6178 037a 72656769 		.ascii	"registry_t\000"
 6178      73747279 
 6178      5F7400
 6179              	.LASF111:
 6180 0385 69646C65 		.ascii	"idlestack_end\000"
 6180      73746163 
 6180      6B5F656E 
 6180      6400
 6181              	.LASF61:
 6182 0393 6D61736B 		.ascii	"mask\000"
 6182      00
 6183              	.LASF92:
 6184 0398 74687265 		.ascii	"thread_dispose_t\000"
 6184      61645F64 
 6184      6973706F 
 6184      73655F74 
 6184      00
 6185              	.LASF130:
 6186 03a9 63685F73 		.ascii	"ch_sch_prio_insert\000"
 6186      63685F70 
 6186      72696F5F 
 6186      696E7365 
 6186      727400
 6187              	.LASF67:
 6188 03bc 73797369 		.ascii	"sysinterval_t\000"
 6188      6E746572 
 6188      76616C5F 
 6188      7400
 6189              	.LASF74:
 6190 03ca 63685F71 		.ascii	"ch_queue_t\000"
 6190      75657565 
 6190      5F7400
 6191              	.LASF64:
 6192 03d5 70616E69 		.ascii	"panic_msg\000"
 6192      635F6D73 
 6192      6700
 6193              	.LASF132:
ARM GAS  /tmp/cc6x62HI.s 			page 113


 6194 03df 63684D74 		.ascii	"chMtxQueueNotEmptyS\000"
 6194      78517565 
 6194      75654E6F 
 6194      74456D70 
 6194      74795300 
 6195              	.LASF110:
 6196 03f3 69646C65 		.ascii	"idlestack_base\000"
 6196      73746163 
 6196      6B5F6261 
 6196      736500
 6197              	.LASF23:
 6198 0402 746D6F64 		.ascii	"tmode_t\000"
 6198      655F7400 
 6199              	.LASF85:
 6200 040a 73797374 		.ascii	"systime\000"
 6200      696D6500 
 6201              	.LASF57:
 6202 0412 69646C65 		.ascii	"idlethread\000"
 6202      74687265 
 6202      616400
 6203              	.LASF3:
 6204 041d 6C6F6E67 		.ascii	"long double\000"
 6204      20646F75 
 6204      626C6500 
 6205              	.LASF71:
 6206 0429 63685F6C 		.ascii	"ch_list_t\000"
 6206      6973745F 
 6206      7400
 6207              	.LASF14:
 6208 0433 5F5F7569 		.ascii	"__uintptr_t\000"
 6208      6E747074 
 6208      725F7400 
 6209              	.LASF56:
 6210 043f 636F6E66 		.ascii	"config\000"
 6210      696700
 6211              	.LASF6:
 6212 0446 73686F72 		.ascii	"short int\000"
 6212      7420696E 
 6212      7400
 6213              	.LASF10:
 6214 0450 6C6F6E67 		.ascii	"long int\000"
 6214      20696E74 
 6214      00
 6215              	.LASF68:
 6216 0459 706F7274 		.ascii	"port_intctx\000"
 6216      5F696E74 
 6216      63747800 
 6217              	.LASF141:
 6218 0465 474E5520 		.ascii	"GNU C17 13.3.1 20240614 -mcpu=cortex-r8 -mfloat-abi"
 6218      43313720 
 6218      31332E33 
 6218      2E312032 
 6218      30323430 
 6219 0498 3D686172 		.ascii	"=hard -mfpu=vfpv3-d16 -mno-thumb-interwork -marm -m"
 6219      64202D6D 
 6219      6670753D 
 6219      76667076 
ARM GAS  /tmp/cc6x62HI.s 			page 114


 6219      332D6431 
 6220 04cb 61726368 		.ascii	"arch=armv7-r+fp+idiv -ggdb -O2 -fomit-frame-pointer"
 6220      3D61726D 
 6220      76372D72 
 6220      2B66702B 
 6220      69646976 
 6221 04fe 202D6661 		.ascii	" -falign-functions=16 -ffunction-sections -fdata-se"
 6221      6C69676E 
 6221      2D66756E 
 6221      6374696F 
 6221      6E733D31 
 6222 0531 6374696F 		.ascii	"ctions -fno-common\000"
 6222      6E73202D 
 6222      666E6F2D 
 6222      636F6D6D 
 6222      6F6E00
 6223              	.LASF34:
 6224 0544 7761656E 		.ascii	"waend\000"
 6224      6400
 6225              	.LASF109:
 6226 054a 63737461 		.ascii	"cstack_end\000"
 6226      636B5F65 
 6226      6E6400
 6227              	.LASF107:
 6228 0555 63685F6F 		.ascii	"ch_os_instance_config\000"
 6228      735F696E 
 6228      7374616E 
 6228      63655F63 
 6228      6F6E6669 
 6229              	.LASF84:
 6230 056b 646C6973 		.ascii	"dlist\000"
 6230      7400
 6231              	.LASF19:
 6232 0571 75696E74 		.ascii	"uint64_t\000"
 6232      36345F74 
 6232      00
 6233              	.LASF135:
 6234 057a 63685F71 		.ascii	"ch_queue_notempty\000"
 6234      75657565 
 6234      5F6E6F74 
 6234      656D7074 
 6234      7900
 6235              	.LASF51:
 6236 058c 726C6973 		.ascii	"rlist\000"
 6236      7400
 6237              	.LASF8:
 6238 0592 5F5F7569 		.ascii	"__uint8_t\000"
 6238      6E74385F 
 6238      7400
 6239              	.LASF38:
 6240 059c 6E616D65 		.ascii	"name\000"
 6240      00
 6241              	.LASF116:
 6242 05a1 63685363 		.ascii	"chSchGoSleepS\000"
 6242      68476F53 
 6242      6C656570 
 6242      5300
ARM GAS  /tmp/cc6x62HI.s 			page 115


 6243              	.LASF120:
 6244 05af 63684D74 		.ascii	"chMtxUnlockS\000"
 6244      78556E6C 
 6244      6F636B53 
 6244      00
 6245              	.LASF126:
 6246 05bc 63684D74 		.ascii	"chMtxLockS\000"
 6246      784C6F63 
 6246      6B5300
 6247              	.LASF20:
 6248 05c7 75696E74 		.ascii	"uintptr_t\000"
 6248      7074725F 
 6248      7400
 6249              	.LASF25:
 6250 05d1 74726566 		.ascii	"trefs_t\000"
 6250      735F7400 
 6251              	.LASF12:
 6252 05d9 6C6F6E67 		.ascii	"long unsigned int\000"
 6252      20756E73 
 6252      69676E65 
 6252      6420696E 
 6252      7400
 6253              	.LASF106:
 6254 05eb 72656164 		.ascii	"ready_list_t\000"
 6254      795F6C69 
 6254      73745F74 
 6254      00
 6255              	.LASF89:
 6256 05f8 71756575 		.ascii	"queue\000"
 6256      6500
 6257              	.LASF17:
 6258 05fe 696E7433 		.ascii	"int32_t\000"
 6258      325F7400 
 6259              	.LASF62:
 6260 0606 72666375 		.ascii	"rfcu_t\000"
 6260      5F7400
 6261              	.LASF99:
 6262 060d 77747365 		.ascii	"wtsemp\000"
 6262      6D7000
 6263              	.LASF78:
 6264 0614 63685F70 		.ascii	"ch_priority_queue\000"
 6264      72696F72 
 6264      6974795F 
 6264      71756575 
 6264      6500
 6265              	.LASF75:
 6266 0626 63685F71 		.ascii	"ch_queue\000"
 6266      75657565 
 6266      00
 6267              	.LASF113:
 6268 062f 6D757465 		.ascii	"mutex_t\000"
 6268      785F7400 
 6269              	.LASF136:
 6270 0637 63685F71 		.ascii	"ch_queue_init\000"
 6270      75657565 
 6270      5F696E69 
 6270      7400
ARM GAS  /tmp/cc6x62HI.s 			page 116


 6271              	.LASF5:
 6272 0645 756E7369 		.ascii	"unsigned char\000"
 6272      676E6564 
 6272      20636861 
 6272      7200
 6273              	.LASF11:
 6274 0653 5F5F7569 		.ascii	"__uint32_t\000"
 6274      6E743332 
 6274      5F7400
 6275              	.LASF42:
 6276 065e 77616974 		.ascii	"waiting\000"
 6276      696E6700 
 6277              	.LASF87:
 6278 0666 76697274 		.ascii	"virtual_timers_list_t\000"
 6278      75616C5F 
 6278      74696D65 
 6278      72735F6C 
 6278      6973745F 
 6279              	.LASF143:
 6280 067c 2F686F6D 		.ascii	"/home/emirhan/Documents/gemstone/chibiOS-port/Chibi"
 6280      652F656D 
 6280      69726861 
 6280      6E2F446F 
 6280      63756D65 
 6281 06af 4F532F64 		.ascii	"OS/demos/various/RT-ARMCR8-GENERIC\000"
 6281      656D6F73 
 6281      2F766172 
 6281      696F7573 
 6281      2F52542D 
 6282              	.LASF58:
 6283 06d2 6D61696E 		.ascii	"mainthread\000"
 6283      74687265 
 6283      616400
 6284              	.LASF35:
 6285 06dd 73746174 		.ascii	"state\000"
 6285      6500
 6286              	.LASF115:
 6287 06e3 63685379 		.ascii	"chSysHalt\000"
 6287      7348616C 
 6287      7400
 6288              	.LASF48:
 6289 06ed 6F735F69 		.ascii	"os_instance_t\000"
 6289      6E737461 
 6289      6E63655F 
 6289      7400
 6290              	.LASF53:
 6291 06fb 7265676C 		.ascii	"reglist\000"
 6291      69737400 
 6292              	.LASF98:
 6293 0703 77747472 		.ascii	"wttrp\000"
 6293      7000
 6294              	.LASF4:
 6295 0709 7369676E 		.ascii	"signed char\000"
 6295      65642063 
 6295      68617200 
 6296              	.LASF82:
 6297 0715 64656C74 		.ascii	"delta\000"
ARM GAS  /tmp/cc6x62HI.s 			page 117


 6297      6100
 6298              	.LASF137:
 6299 071b 63685366 		.ascii	"chSftValidateDataPointerX\000"
 6299      7456616C 
 6299      69646174 
 6299      65446174 
 6299      61506F69 
 6300              	.LASF7:
 6301 0735 73686F72 		.ascii	"short unsigned int\000"
 6301      7420756E 
 6301      7369676E 
 6301      65642069 
 6301      6E7400
 6302              	.LASF105:
 6303 0748 63757272 		.ascii	"current\000"
 6303      656E7400 
 6304              	.LASF123:
 6305 0750 5F5F6675 		.ascii	"__func__\000"
 6305      6E635F5F 
 6305      00
 6306              	.LASF139:
 6307 0759 706F7274 		.ascii	"port_unlock\000"
 6307      5F756E6C 
 6307      6F636B00 
 6308              	.LASF96:
 6309 0765 65786974 		.ascii	"exitcode\000"
 6309      636F6465 
 6309      00
 6310              	.LASF30:
 6311 076e 636F7265 		.ascii	"core_id_t\000"
 6311      5F69645F 
 6311      7400
 6312              	.LASF125:
 6313 0778 63684D74 		.ascii	"chMtxTryLockS\000"
 6313      78547279 
 6313      4C6F636B 
 6313      5300
 6314              		.ident	"GCC: (Arm GNU Toolchain 13.3.Rel1 (Build arm-13.24)) 13.3.1 20240614"
ARM GAS  /tmp/cc6x62HI.s 			page 118


DEFINED SYMBOLS
                            *ABS*:00000000 chmtx.c
     /tmp/cc6x62HI.s:21     .text.chMtxObjectInit:00000000 $a
     /tmp/cc6x62HI.s:27     .text.chMtxObjectInit:00000000 chMtxObjectInit
     /tmp/cc6x62HI.s:61     .text.chMtxObjectDispose:00000000 $a
     /tmp/cc6x62HI.s:67     .text.chMtxObjectDispose:00000000 chMtxObjectDispose
     /tmp/cc6x62HI.s:88     .text.chMtxLockS:00000000 $a
     /tmp/cc6x62HI.s:94     .text.chMtxLockS:00000000 chMtxLockS
     /tmp/cc6x62HI.s:473    .text.chMtxLock:00000000 $a
     /tmp/cc6x62HI.s:479    .text.chMtxLock:00000000 chMtxLock
     /tmp/cc6x62HI.s:556    .text.chMtxTryLock:00000000 $a
     /tmp/cc6x62HI.s:562    .text.chMtxTryLock:00000000 chMtxTryLock
     /tmp/cc6x62HI.s:686    .text.chMtxTryLockS:00000000 $a
     /tmp/cc6x62HI.s:692    .text.chMtxTryLockS:00000000 chMtxTryLockS
     /tmp/cc6x62HI.s:751    .text.chMtxUnlock:00000000 $a
     /tmp/cc6x62HI.s:757    .text.chMtxUnlock:00000000 chMtxUnlock
     /tmp/cc6x62HI.s:1026   .text.chMtxUnlockS:00000000 $a
     /tmp/cc6x62HI.s:1032   .text.chMtxUnlockS:00000000 chMtxUnlockS
     /tmp/cc6x62HI.s:1221   .text.chMtxUnlockAllS:00000000 $a
     /tmp/cc6x62HI.s:1227   .text.chMtxUnlockAllS:00000000 chMtxUnlockAllS
     /tmp/cc6x62HI.s:1397   .text.chMtxUnlockAll:00000000 $a
     /tmp/cc6x62HI.s:1403   .text.chMtxUnlockAll:00000000 chMtxUnlockAll

UNDEFINED SYMBOLS
ch0
chSchReadyI
chSchGoSleepS
chSchRescheduleS
