ARM GAS  /tmp/ccLpdAKn.s 			page 1


   1              		.cpu cortex-r8
   2              		.arch armv7-r
   3              		.fpu vfpv3-d16
   4              		.arch_extension idiv
   5              		.eabi_attribute 28, 1
   6              		.eabi_attribute 20, 1
   7              		.eabi_attribute 21, 1
   8              		.eabi_attribute 23, 3
   9              		.eabi_attribute 24, 1
  10              		.eabi_attribute 25, 1
  11              		.eabi_attribute 26, 1
  12              		.eabi_attribute 30, 2
  13              		.eabi_attribute 34, 1
  14              		.eabi_attribute 18, 4
  15              		.file	"chpipes.c"
  16              		.text
  17              	.Ltext0:
  18              		.cfi_sections	.debug_frame
  19              		.file 1 "../../../os/oslib/src/chpipes.c"
  20              		.section	.text.chPipeObjectInit,"ax",%progbits
  21              		.align	2
  22              		.p2align 4,,15
  23              		.global	chPipeObjectInit
  24              		.syntax unified
  25              		.arm
  26              		.type	chPipeObjectInit, %function
  27              	chPipeObjectInit:
  28              	.LVL0:
  29              	.LFB209:
  30              		.loc 1 206 59 view -0
  31              		.cfi_startproc
  32              		@ args = 0, pretend = 0, frame = 0
  33              		@ frame_needed = 0, uses_anonymous_args = 0
  34              		.loc 1 208 3 view .LVU1
  35              		.loc 1 208 3 view .LVU2
  36              		.loc 1 208 3 discriminator 7 view .LVU3
  37              		.loc 1 210 3 view .LVU4
  38              		.loc 1 214 14 is_stmt 0 view .LVU5
  39 0000 0030A0E3 		mov	r3, #0
  40              		.loc 1 206 59 view .LVU6
  41 0004 10402DE9 		push	{r4, lr}
  42              		.cfi_def_cfa_offset 8
  43              		.cfi_offset 4, -8
  44              		.cfi_offset 14, -4
  45              		.loc 1 206 59 view .LVU7
  46 0008 0040A0E1 		mov	r4, r0
  47              		.loc 1 213 16 view .LVU8
  48 000c 022081E0 		add	r2, r1, r2
  49              	.LVL1:
  50              		.loc 1 210 14 view .LVU9
  51 0010 001080E5 		str	r1, [r0]
  52              		.loc 1 211 3 is_stmt 1 view .LVU10
  53              		.loc 1 211 14 is_stmt 0 view .LVU11
  54 0014 0C1080E5 		str	r1, [r0, #12]
  55              		.loc 1 212 3 is_stmt 1 view .LVU12
  56              		.loc 1 212 14 is_stmt 0 view .LVU13
  57 0018 081080E5 		str	r1, [r0, #8]
ARM GAS  /tmp/ccLpdAKn.s 			page 2


  58              		.loc 1 213 3 is_stmt 1 view .LVU14
  59              		.loc 1 213 14 is_stmt 0 view .LVU15
  60 001c 042080E5 		str	r2, [r0, #4]
  61              		.loc 1 214 3 is_stmt 1 view .LVU16
  62              		.loc 1 214 14 is_stmt 0 view .LVU17
  63 0020 103080E5 		str	r3, [r0, #16]
  64              		.loc 1 215 3 is_stmt 1 view .LVU18
  65              		.loc 1 215 14 is_stmt 0 view .LVU19
  66 0024 1430C0E5 		strb	r3, [r0, #20]
  67              		.loc 1 216 3 is_stmt 1 view .LVU20
  68              		.loc 1 217 3 view .LVU21
  69              		.loc 1 216 14 is_stmt 0 view .LVU22
  70 0028 183080E5 		str	r3, [r0, #24]
  71 002c 1C3080E5 		str	r3, [r0, #28]
  72              		.loc 1 218 3 is_stmt 1 view .LVU23
  73 0030 200080E2 		add	r0, r0, #32
  74              	.LVL2:
  75              		.loc 1 218 3 is_stmt 0 view .LVU24
  76 0034 FEFFFFEB 		bl	chMtxObjectInit
  77              	.LVL3:
  78              		.loc 1 219 3 is_stmt 1 view .LVU25
  79 0038 300084E2 		add	r0, r4, #48
  80 003c FEFFFFEB 		bl	chMtxObjectInit
  81              	.LVL4:
  82              		.loc 1 220 3 view .LVU26
  83 0040 400084E2 		add	r0, r4, #64
  84              		.loc 1 221 1 is_stmt 0 view .LVU27
  85 0044 1040BDE8 		pop	{r4, lr}
  86              		.cfi_restore 14
  87              		.cfi_restore 4
  88              		.cfi_def_cfa_offset 0
  89              	.LVL5:
  90              		.loc 1 220 3 view .LVU28
  91 0048 FEFFFFEA 		b	chMtxObjectInit
  92              	.LVL6:
  93              		.loc 1 220 3 view .LVU29
  94              		.cfi_endproc
  95              	.LFE209:
  96              		.size	chPipeObjectInit, .-chPipeObjectInit
  97              		.section	.text.chPipeReset,"ax",%progbits
  98              		.align	2
  99              		.p2align 4,,15
 100              		.global	chPipeReset
 101              		.syntax unified
 102              		.arm
 103              		.type	chPipeReset, %function
 104              	chPipeReset:
 105              	.LVL7:
 106              	.LFB210:
 107              		.loc 1 235 30 is_stmt 1 view -0
 108              		.cfi_startproc
 109              		@ args = 0, pretend = 0, frame = 0
 110              		@ frame_needed = 0, uses_anonymous_args = 0
 111              		.loc 1 237 3 view .LVU31
 112              		.loc 1 237 3 view .LVU32
 113              		.loc 1 237 3 discriminator 5 view .LVU33
 114              		.loc 1 239 3 view .LVU34
ARM GAS  /tmp/ccLpdAKn.s 			page 3


 115              		.loc 1 235 30 is_stmt 0 view .LVU35
 116 0000 70402DE9 		push	{r4, r5, r6, lr}
 117              		.cfi_def_cfa_offset 16
 118              		.cfi_offset 4, -16
 119              		.cfi_offset 5, -12
 120              		.cfi_offset 6, -8
 121              		.cfi_offset 14, -4
 122              		.loc 1 235 30 view .LVU36
 123 0004 0040A0E1 		mov	r4, r0
 124              		.loc 1 239 3 view .LVU37
 125 0008 205080E2 		add	r5, r0, #32
 126 000c 0500A0E1 		mov	r0, r5
 127              	.LVL8:
 128              		.loc 1 239 3 view .LVU38
 129 0010 FEFFFFEB 		bl	chMtxLock
 130              	.LVL9:
 131              		.loc 1 241 3 is_stmt 1 view .LVU39
 132              		.loc 1 243 13 is_stmt 0 view .LVU40
 133 0014 0010A0E3 		mov	r1, #0
 134              		.loc 1 244 13 view .LVU41
 135 0018 0120A0E3 		mov	r2, #1
 136 001c 003094E5 		ldr	r3, [r4]
 137              		.loc 1 242 3 is_stmt 1 view .LVU42
 138              		.loc 1 243 13 is_stmt 0 view .LVU43
 139 0020 101084E5 		str	r1, [r4, #16]
 140              		.loc 1 244 13 view .LVU44
 141 0024 1420C4E5 		strb	r2, [r4, #20]
 142              		.loc 1 241 13 view .LVU45
 143 0028 083084E5 		str	r3, [r4, #8]
 144 002c 0C3084E5 		str	r3, [r4, #12]
 145              		.loc 1 243 3 is_stmt 1 view .LVU46
 146              		.loc 1 244 3 view .LVU47
 147              		.loc 1 246 3 view .LVU48
 148              	.LBB54:
 149              	.LBI54:
 150              		.file 2 "../../../os/rt/include/chsys.h"
 151              		.loc 2 371 20 view .LVU49
 152              		.loc 2 373 3 view .LVU50
 153              	.LBB55:
 154              	.LBI55:
 155              		.file 3 "../../../os/common/ports/ARMv7-R/chcore.h"
 156              		.loc 3 739 20 view .LVU51
 157              	.LBB56:
 158              		.loc 3 741 3 view .LVU52
 159              		.syntax divided
 160              	@ 741 "../../../os/common/ports/ARMv7-R/chcore.h" 1
 161 0030 80000CF1 		cpsid   i
 162              	@ 0 "" 2
 163              		.arm
 164              		.syntax unified
 165              	.LBE56:
 166              	.LBE55:
 167              		.loc 2 374 35 view .LVU53
 168              		.loc 2 375 21 view .LVU54
 169              	.LBE54:
 170              		.loc 1 247 3 view .LVU55
 171 0034 0110E0E3 		mvn	r1, #1
ARM GAS  /tmp/ccLpdAKn.s 			page 4


 172 0038 180084E2 		add	r0, r4, #24
 173 003c FEFFFFEB 		bl	chThdResumeI
 174              	.LVL10:
 175              		.loc 1 248 3 view .LVU56
 176 0040 0110E0E3 		mvn	r1, #1
 177 0044 1C0084E2 		add	r0, r4, #28
 178 0048 FEFFFFEB 		bl	chThdResumeI
 179              	.LVL11:
 180              		.loc 1 249 3 view .LVU57
 181 004c FEFFFFEB 		bl	chSchRescheduleS
 182              	.LVL12:
 183              		.loc 1 250 3 view .LVU58
 184              	.LBB57:
 185              	.LBI57:
 186              		.loc 2 385 20 view .LVU59
 187              	.LBB58:
 188              		.loc 2 387 23 view .LVU60
 189              		.loc 2 388 34 view .LVU61
 190              		.loc 2 394 3 view .LVU62
 191              		.loc 2 394 3 view .LVU63
 192              		.loc 2 394 3 discriminator 7 view .LVU64
 193              		.loc 2 398 3 view .LVU65
 194              	.LBB59:
 195              	.LBI59:
 196              		.loc 3 751 20 view .LVU66
 197              	.LBB60:
 198              		.loc 3 756 3 view .LVU67
 199              		.syntax divided
 200              	@ 756 "../../../os/common/ports/ARMv7-R/chcore.h" 1
 201 0050 C00008F1 		cpsie   if
 202              	@ 0 "" 2
 203              		.arm
 204              		.syntax unified
 205              	.LBE60:
 206              	.LBE59:
 207              	.LBE58:
 208              	.LBE57:
 209              		.loc 1 252 3 view .LVU68
 210 0054 0500A0E1 		mov	r0, r5
 211              		.loc 1 253 1 is_stmt 0 view .LVU69
 212 0058 7040BDE8 		pop	{r4, r5, r6, lr}
 213              		.cfi_restore 14
 214              		.cfi_restore 6
 215              		.cfi_restore 5
 216              		.cfi_restore 4
 217              		.cfi_def_cfa_offset 0
 218              	.LVL13:
 219              		.loc 1 252 3 view .LVU70
 220 005c FEFFFFEA 		b	chMtxUnlock
 221              	.LVL14:
 222              		.loc 1 252 3 view .LVU71
 223              		.cfi_endproc
 224              	.LFE210:
 225              		.size	chPipeReset, .-chPipeReset
 226              		.section	.text.chPipeWriteTimeout,"ax",%progbits
 227              		.align	2
 228              		.p2align 4,,15
ARM GAS  /tmp/ccLpdAKn.s 			page 5


 229              		.global	chPipeWriteTimeout
 230              		.syntax unified
 231              		.arm
 232              		.type	chPipeWriteTimeout, %function
 233              	chPipeWriteTimeout:
 234              	.LVL15:
 235              	.LFB211:
 236              		.loc 1 277 60 is_stmt 1 view -0
 237              		.cfi_startproc
 238              		@ args = 0, pretend = 0, frame = 16
 239              		@ frame_needed = 0, uses_anonymous_args = 0
 240              		.loc 1 278 3 view .LVU73
 241              		.loc 1 280 3 view .LVU74
 242              		.loc 1 280 3 view .LVU75
 243              		.loc 1 280 3 discriminator 5 view .LVU76
 244              		.loc 1 283 3 view .LVU77
 245              		.loc 1 277 60 is_stmt 0 view .LVU78
 246 0000 F04F2DE9 		push	{r4, r5, r6, r7, r8, r9, r10, fp, lr}
 247              		.cfi_def_cfa_offset 36
 248              		.cfi_offset 4, -36
 249              		.cfi_offset 5, -32
 250              		.cfi_offset 6, -28
 251              		.cfi_offset 7, -24
 252              		.cfi_offset 8, -20
 253              		.cfi_offset 9, -16
 254              		.cfi_offset 10, -12
 255              		.cfi_offset 11, -8
 256              		.cfi_offset 14, -4
 257 0004 0390A0E1 		mov	r9, r3
 258              		.loc 1 283 6 view .LVU79
 259 0008 1430D0E5 		ldrb	r3, [r0, #20]	@ zero_extendqisi2
 260              	.LVL16:
 261              		.loc 1 277 60 view .LVU80
 262 000c 14D04DE2 		sub	sp, sp, #20
 263              		.cfi_def_cfa_offset 56
 264              		.loc 1 283 6 view .LVU81
 265 0010 000053E3 		cmp	r3, #0
 266              		.loc 1 284 12 view .LVU82
 267 0014 0040A013 		movne	r4, #0
 268              		.loc 1 283 6 view .LVU83
 269 0018 0200000A 		beq	.L25
 270              		.loc 1 317 1 view .LVU84
 271 001c 0400A0E1 		mov	r0, r4
 272              	.LVL17:
 273              		.loc 1 317 1 view .LVU85
 274 0020 14D08DE2 		add	sp, sp, #20
 275              		.cfi_remember_state
 276              		.cfi_def_cfa_offset 36
 277              		@ sp needed
 278 0024 F08FBDE8 		pop	{r4, r5, r6, r7, r8, r9, r10, fp, pc}
 279              	.LVL18:
 280              	.L25:
 281              		.cfi_restore_state
 282              		.loc 1 317 1 view .LVU86
 283 0028 0240A0E1 		mov	r4, r2
 284              		.loc 1 287 3 is_stmt 1 view .LVU87
 285 002c 303080E2 		add	r3, r0, #48
ARM GAS  /tmp/ccLpdAKn.s 			page 6


 286 0030 0050A0E1 		mov	r5, r0
 287 0034 0300A0E1 		mov	r0, r3
 288              	.LVL19:
 289              		.loc 1 287 3 is_stmt 0 view .LVU88
 290 0038 0170A0E1 		mov	r7, r1
 291 003c 0C308DE5 		str	r3, [sp, #12]
 292 0040 FEFFFFEB 		bl	chMtxLock
 293              	.LVL20:
 294              		.loc 1 289 3 is_stmt 1 view .LVU89
 295              		.loc 1 289 12 view .LVU90
 296 0044 000054E3 		cmp	r4, #0
 297 0048 2900000A 		beq	.L9
 298              		.loc 1 289 12 is_stmt 0 view .LVU91
 299 004c 0460A0E1 		mov	r6, r4
 300              	.LBB78:
 301              		.loc 1 310 7 view .LVU92
 302 0050 1C3085E2 		add	r3, r5, #28
 303 0054 04308DE5 		str	r3, [sp, #4]
 304              	.LBB79:
 305              		.loc 1 297 13 view .LVU93
 306 0058 183085E2 		add	r3, r5, #24
 307 005c 208085E2 		add	r8, r5, #32
 308 0060 08308DE5 		str	r3, [sp, #8]
 309              	.LVL21:
 310              	.L8:
 311              		.loc 1 297 13 view .LVU94
 312              	.LBE79:
 313              		.loc 1 290 5 is_stmt 1 view .LVU95
 314              		.loc 1 292 5 view .LVU96
 315              	.LBB90:
 316              	.LBI90:
 317              		.loc 1 104 15 view .LVU97
 318              	.LBB91:
 319              		.loc 1 105 3 view .LVU98
 320              		.loc 1 107 3 view .LVU99
 321 0064 0800A0E1 		mov	r0, r8
 322 0068 FEFFFFEB 		bl	chMtxLock
 323              	.LVL22:
 324              		.loc 1 110 3 view .LVU100
 325              	.LBB92:
 326              	.LBI92:
 327              		.file 4 "../../../os/oslib/include/chpipes.h"
 328              		.loc 4 186 22 view .LVU101
 329              	.LBB93:
 330              		.loc 4 188 3 view .LVU102
 331              	.LBB94:
 332              	.LBI94:
 333              		.loc 4 157 22 view .LVU103
 334              	.LBB95:
 335              		.loc 4 161 3 view .LVU104
 336              	.LBE95:
 337              	.LBE94:
 338              	.LBE93:
 339              	.LBE92:
 340              		.loc 1 124 8 view .LVU105
 341              	.LBB103:
 342              	.LBB102:
ARM GAS  /tmp/ccLpdAKn.s 			page 7


 343              	.LBB98:
 344              	.LBB96:
 345              		.loc 4 161 27 is_stmt 0 view .LVU106
 346 006c D0A0C5E1 		ldrd	r10, [r5]
 347              	.LBE96:
 348              	.LBE98:
 349              	.LBB99:
 350              	.LBB100:
 351              		.loc 4 175 12 view .LVU107
 352 0070 103095E5 		ldr	r3, [r5, #16]
 353              	.LVL23:
 354              		.loc 4 175 12 view .LVU108
 355              	.LBE100:
 356              	.LBE99:
 357              	.LBB101:
 358              	.LBB97:
 359              		.loc 4 161 27 view .LVU109
 360 0074 0AA04BE0 		sub	r10, fp, r10
 361              	.LBE97:
 362              	.LBE101:
 363              		.loc 4 188 28 discriminator 2 view .LVU110
 364 0078 03A04AE0 		sub	r10, r10, r3
 365              	.LBE102:
 366              	.LBE103:
 367              		.loc 1 110 6 discriminator 1 view .LVU111
 368 007c 06005AE1 		cmp	r10, r6
 369 0080 06A0A021 		movcs	r10, r6
 370              	.LVL24:
 371              		.loc 1 113 3 is_stmt 1 view .LVU112
 372              		.loc 1 117 29 is_stmt 0 view .LVU113
 373 0084 080095E5 		ldr	r0, [r5, #8]
 374              		.loc 1 113 11 view .LVU114
 375 0088 0A3083E0 		add	r3, r3, r10
 376              		.loc 1 117 25 view .LVU115
 377 008c 00B04BE0 		sub	fp, fp, r0
 378              		.loc 1 120 6 view .LVU116
 379 0090 0B005AE1 		cmp	r10, fp
 380              		.loc 1 113 11 view .LVU117
 381 0094 103085E5 		str	r3, [r5, #16]
 382              		.loc 1 117 3 is_stmt 1 view .LVU118
 383              	.LVL25:
 384              		.loc 1 120 3 view .LVU119
 385              		.loc 1 120 6 is_stmt 0 view .LVU120
 386 0098 2E00003A 		bcc	.L26
 387              		.loc 1 125 5 is_stmt 1 view .LVU121
 388              		.loc 1 132 5 view .LVU122
 389              		.loc 1 124 11 is_stmt 0 view .LVU123
 390 009c 1900009A 		bls	.L12
 391              		.loc 1 125 5 view .LVU124
 392 00a0 0B20A0E1 		mov	r2, fp
 393 00a4 0710A0E1 		mov	r1, r7
 394 00a8 FEFFFFEB 		bl	memcpy
 395              	.LVL26:
 396              		.loc 1 126 5 is_stmt 1 view .LVU125
 397              		.loc 1 127 5 view .LVU126
 398              		.loc 1 127 8 is_stmt 0 view .LVU127
 399 00ac 0B204AE0 		sub	r2, r10, fp
ARM GAS  /tmp/ccLpdAKn.s 			page 8


 400              	.LVL27:
 401              		.loc 1 128 5 is_stmt 1 view .LVU128
 402 00b0 000095E5 		ldr	r0, [r5]
 403 00b4 0B1087E0 		add	r1, r7, fp
 404              	.LVL28:
 405              		.loc 1 128 5 is_stmt 0 view .LVU129
 406 00b8 00208DE5 		str	r2, [sp]
 407 00bc FEFFFFEB 		bl	memcpy
 408              	.LVL29:
 409              		.loc 1 129 5 is_stmt 1 view .LVU130
 410              		.loc 1 129 28 is_stmt 0 view .LVU131
 411 00c0 003095E5 		ldr	r3, [r5]
 412 00c4 00209DE5 		ldr	r2, [sp]
 413              		.loc 1 136 3 view .LVU132
 414 00c8 0800A0E1 		mov	r0, r8
 415              		.loc 1 129 28 view .LVU133
 416 00cc 023083E0 		add	r3, r3, r2
 417              		.loc 1 129 15 view .LVU134
 418 00d0 083085E5 		str	r3, [r5, #8]
 419              		.loc 1 136 3 is_stmt 1 view .LVU135
 420 00d4 FEFFFFEB 		bl	chMtxUnlock
 421              	.LVL30:
 422              		.loc 1 138 3 view .LVU136
 423              		.loc 1 138 3 is_stmt 0 view .LVU137
 424              	.LBE91:
 425              	.LBE90:
 426              		.loc 1 293 5 is_stmt 1 view .LVU138
 427              	.L13:
 428              		.loc 1 306 7 view .LVU139
 429              		.loc 1 310 7 is_stmt 0 view .LVU140
 430 00d8 0010A0E3 		mov	r1, #0
 431 00dc 04009DE5 		ldr	r0, [sp, #4]
 432              		.loc 1 306 10 view .LVU141
 433 00e0 0A6046E0 		sub	r6, r6, r10
 434              	.LVL31:
 435              		.loc 1 307 7 is_stmt 1 view .LVU142
 436              		.loc 1 310 7 is_stmt 0 view .LVU143
 437 00e4 FEFFFFEB 		bl	chThdResume
 438              	.LVL32:
 439              	.LBE78:
 440              		.loc 1 289 12 view .LVU144
 441 00e8 000056E3 		cmp	r6, #0
 442              	.LBB110:
 443              		.loc 1 307 10 view .LVU145
 444 00ec 0A7087E0 		add	r7, r7, r10
 445              	.LVL33:
 446              		.loc 1 310 7 is_stmt 1 view .LVU146
 447              		.loc 1 310 7 is_stmt 0 view .LVU147
 448              	.LBE110:
 449              		.loc 1 289 12 is_stmt 1 view .LVU148
 450 00f0 DBFFFF1A 		bne	.L8
 451              	.LVL34:
 452              	.L9:
 453              		.loc 1 314 3 view .LVU149
 454 00f4 0C009DE5 		ldr	r0, [sp, #12]
 455 00f8 FEFFFFEB 		bl	chMtxUnlock
 456              	.LVL35:
ARM GAS  /tmp/ccLpdAKn.s 			page 9


 457              		.loc 1 316 3 view .LVU150
 458              	.L27:
 459              		.loc 1 317 1 is_stmt 0 view .LVU151
 460 00fc 0400A0E1 		mov	r0, r4
 461 0100 14D08DE2 		add	sp, sp, #20
 462              		.cfi_remember_state
 463              		.cfi_def_cfa_offset 36
 464              		@ sp needed
 465 0104 F08FBDE8 		pop	{r4, r5, r6, r7, r8, r9, r10, fp, pc}
 466              	.LVL36:
 467              	.L12:
 468              		.cfi_restore_state
 469              	.LBB111:
 470              	.LBB106:
 471              	.LBB104:
 472              		.loc 1 132 5 view .LVU152
 473 0108 0A20A0E1 		mov	r2, r10
 474 010c 0710A0E1 		mov	r1, r7
 475 0110 FEFFFFEB 		bl	memcpy
 476              	.LVL37:
 477              		.loc 1 133 5 is_stmt 1 view .LVU153
 478              		.loc 1 133 19 is_stmt 0 view .LVU154
 479 0114 003095E5 		ldr	r3, [r5]
 480              	.L11:
 481              		.loc 1 136 3 view .LVU155
 482 0118 0800A0E1 		mov	r0, r8
 483              		.loc 1 122 15 view .LVU156
 484 011c 083085E5 		str	r3, [r5, #8]
 485              		.loc 1 136 3 is_stmt 1 view .LVU157
 486 0120 FEFFFFEB 		bl	chMtxUnlock
 487              	.LVL38:
 488              		.loc 1 138 3 view .LVU158
 489              		.loc 1 138 3 is_stmt 0 view .LVU159
 490              	.LBE104:
 491              	.LBE106:
 492              		.loc 1 293 5 is_stmt 1 view .LVU160
 493              	.LBB107:
 494              		.loc 1 294 7 view .LVU161
 495              		.loc 1 296 7 view .LVU162
 496              	.LBB80:
 497              	.LBI80:
 498              		.loc 2 371 20 view .LVU163
 499              		.loc 2 373 3 view .LVU164
 500              	.LBB81:
 501              	.LBI81:
 502              		.loc 3 739 20 view .LVU165
 503              	.LBB82:
 504              		.loc 3 741 3 view .LVU166
 505              	.LBE82:
 506              	.LBE81:
 507              	.LBE80:
 508              	.LBE107:
 509              		.loc 1 293 8 is_stmt 0 view .LVU167
 510 0124 00005AE3 		cmp	r10, #0
 511 0128 EAFFFF1A 		bne	.L13
 512              	.LBB108:
 513              	.LBB85:
ARM GAS  /tmp/ccLpdAKn.s 			page 10


 514              	.LBB84:
 515              	.LBB83:
 516              		.loc 3 741 3 view .LVU168
 517              		.syntax divided
 518              	@ 741 "../../../os/common/ports/ARMv7-R/chcore.h" 1
 519 012c 80000CF1 		cpsid   i
 520              	@ 0 "" 2
 521              		.arm
 522              		.syntax unified
 523              	.LBE83:
 524              	.LBE84:
 525              		.loc 2 374 35 is_stmt 1 view .LVU169
 526              		.loc 2 375 21 view .LVU170
 527              	.LBE85:
 528              		.loc 1 297 7 view .LVU171
 529              		.loc 1 297 13 is_stmt 0 view .LVU172
 530 0130 0910A0E1 		mov	r1, r9
 531 0134 08009DE5 		ldr	r0, [sp, #8]
 532 0138 FEFFFFEB 		bl	chThdSuspendTimeoutS
 533              	.LVL39:
 534              		.loc 1 298 7 is_stmt 1 view .LVU173
 535              	.LBB86:
 536              	.LBI86:
 537              		.loc 2 385 20 view .LVU174
 538              	.LBB87:
 539              		.loc 2 387 23 view .LVU175
 540              		.loc 2 388 34 view .LVU176
 541              		.loc 2 394 3 view .LVU177
 542              		.loc 2 394 3 view .LVU178
 543              		.loc 2 394 3 discriminator 7 view .LVU179
 544              		.loc 2 398 3 view .LVU180
 545              	.LBB88:
 546              	.LBI88:
 547              		.loc 3 751 20 view .LVU181
 548              	.LBB89:
 549              		.loc 3 756 3 view .LVU182
 550              		.syntax divided
 551              	@ 756 "../../../os/common/ports/ARMv7-R/chcore.h" 1
 552 013c C00008F1 		cpsie   if
 553              	@ 0 "" 2
 554              		.arm
 555              		.syntax unified
 556              	.LBE89:
 557              	.LBE88:
 558              	.LBE87:
 559              	.LBE86:
 560              		.loc 1 301 7 view .LVU183
 561              		.loc 1 301 10 is_stmt 0 view .LVU184
 562 0140 000050E3 		cmp	r0, #0
 563 0144 C6FFFF0A 		beq	.L8
 564              	.LBE108:
 565              	.LBE111:
 566              		.loc 1 314 3 view .LVU185
 567 0148 0C009DE5 		ldr	r0, [sp, #12]
 568              	.LVL40:
 569              		.loc 1 316 14 view .LVU186
 570 014c 064044E0 		sub	r4, r4, r6
ARM GAS  /tmp/ccLpdAKn.s 			page 11


 571              	.LVL41:
 572              		.loc 1 314 3 is_stmt 1 view .LVU187
 573 0150 FEFFFFEB 		bl	chMtxUnlock
 574              	.LVL42:
 575              		.loc 1 316 3 view .LVU188
 576 0154 E8FFFFEA 		b	.L27
 577              	.LVL43:
 578              	.L26:
 579              	.LBB112:
 580              	.LBB109:
 581              	.LBB105:
 582              		.loc 1 121 5 view .LVU189
 583 0158 0A20A0E1 		mov	r2, r10
 584 015c 0710A0E1 		mov	r1, r7
 585 0160 FEFFFFEB 		bl	memcpy
 586              	.LVL44:
 587              		.loc 1 122 5 view .LVU190
 588              		.loc 1 122 15 is_stmt 0 view .LVU191
 589 0164 083095E5 		ldr	r3, [r5, #8]
 590 0168 0A3083E0 		add	r3, r3, r10
 591 016c E9FFFFEA 		b	.L11
 592              	.LBE105:
 593              	.LBE109:
 594              	.LBE112:
 595              		.cfi_endproc
 596              	.LFE211:
 597              		.size	chPipeWriteTimeout, .-chPipeWriteTimeout
 598              		.section	.text.chPipeReadTimeout,"ax",%progbits
 599              		.align	2
 600              		.p2align 4,,15
 601              		.global	chPipeReadTimeout
 602              		.syntax unified
 603              		.arm
 604              		.type	chPipeReadTimeout, %function
 605              	chPipeReadTimeout:
 606              	.LVL45:
 607              	.LFB212:
 608              		.loc 1 341 59 is_stmt 1 view -0
 609              		.cfi_startproc
 610              		@ args = 0, pretend = 0, frame = 16
 611              		@ frame_needed = 0, uses_anonymous_args = 0
 612              		.loc 1 342 3 view .LVU193
 613              		.loc 1 344 3 view .LVU194
 614              		.loc 1 344 3 view .LVU195
 615              		.loc 1 344 3 discriminator 5 view .LVU196
 616              		.loc 1 347 3 view .LVU197
 617              		.loc 1 341 59 is_stmt 0 view .LVU198
 618 0000 F04F2DE9 		push	{r4, r5, r6, r7, r8, r9, r10, fp, lr}
 619              		.cfi_def_cfa_offset 36
 620              		.cfi_offset 4, -36
 621              		.cfi_offset 5, -32
 622              		.cfi_offset 6, -28
 623              		.cfi_offset 7, -24
 624              		.cfi_offset 8, -20
 625              		.cfi_offset 9, -16
 626              		.cfi_offset 10, -12
 627              		.cfi_offset 11, -8
ARM GAS  /tmp/ccLpdAKn.s 			page 12


 628              		.cfi_offset 14, -4
 629 0004 0390A0E1 		mov	r9, r3
 630              		.loc 1 347 6 view .LVU199
 631 0008 1430D0E5 		ldrb	r3, [r0, #20]	@ zero_extendqisi2
 632              	.LVL46:
 633              		.loc 1 341 59 view .LVU200
 634 000c 14D04DE2 		sub	sp, sp, #20
 635              		.cfi_def_cfa_offset 56
 636              		.loc 1 347 6 view .LVU201
 637 0010 000053E3 		cmp	r3, #0
 638              		.loc 1 348 12 view .LVU202
 639 0014 0050A013 		movne	r5, #0
 640              		.loc 1 347 6 view .LVU203
 641 0018 0200000A 		beq	.L47
 642              		.loc 1 381 1 view .LVU204
 643 001c 0500A0E1 		mov	r0, r5
 644              	.LVL47:
 645              		.loc 1 381 1 view .LVU205
 646 0020 14D08DE2 		add	sp, sp, #20
 647              		.cfi_remember_state
 648              		.cfi_def_cfa_offset 36
 649              		@ sp needed
 650 0024 F08FBDE8 		pop	{r4, r5, r6, r7, r8, r9, r10, fp, pc}
 651              	.LVL48:
 652              	.L47:
 653              		.cfi_restore_state
 654              		.loc 1 381 1 view .LVU206
 655 0028 0250A0E1 		mov	r5, r2
 656              		.loc 1 351 3 is_stmt 1 view .LVU207
 657 002c 403080E2 		add	r3, r0, #64
 658 0030 0040A0E1 		mov	r4, r0
 659 0034 0300A0E1 		mov	r0, r3
 660              	.LVL49:
 661              		.loc 1 351 3 is_stmt 0 view .LVU208
 662 0038 0170A0E1 		mov	r7, r1
 663 003c 0C308DE5 		str	r3, [sp, #12]
 664 0040 FEFFFFEB 		bl	chMtxLock
 665              	.LVL50:
 666              		.loc 1 353 3 is_stmt 1 view .LVU209
 667              		.loc 1 353 12 view .LVU210
 668 0044 000055E3 		cmp	r5, #0
 669 0048 2800000A 		beq	.L31
 670              		.loc 1 353 12 is_stmt 0 view .LVU211
 671 004c 0560A0E1 		mov	r6, r5
 672              	.LBB126:
 673              		.loc 1 374 7 view .LVU212
 674 0050 183084E2 		add	r3, r4, #24
 675 0054 04308DE5 		str	r3, [sp, #4]
 676              	.LBB127:
 677              		.loc 1 361 13 view .LVU213
 678 0058 1C3084E2 		add	r3, r4, #28
 679 005c 208084E2 		add	r8, r4, #32
 680 0060 08308DE5 		str	r3, [sp, #8]
 681              	.LVL51:
 682              	.L30:
 683              		.loc 1 361 13 view .LVU214
 684              	.LBE127:
ARM GAS  /tmp/ccLpdAKn.s 			page 13


 685              		.loc 1 354 5 is_stmt 1 view .LVU215
 686              		.loc 1 356 5 view .LVU216
 687              	.LBB138:
 688              	.LBI138:
 689              		.loc 1 155 15 view .LVU217
 690              	.LBB139:
 691              		.loc 1 156 3 view .LVU218
 692              		.loc 1 158 3 view .LVU219
 693 0064 0800A0E1 		mov	r0, r8
 694 0068 FEFFFFEB 		bl	chMtxLock
 695              	.LVL52:
 696              		.loc 1 161 3 view .LVU220
 697              	.LBB140:
 698              	.LBI140:
 699              		.loc 4 173 22 view .LVU221
 700              	.LBB141:
 701              		.loc 4 175 3 view .LVU222
 702              	.LBE141:
 703              	.LBE140:
 704              		.loc 1 175 8 view .LVU223
 705              	.LBB143:
 706              	.LBB142:
 707              		.loc 4 175 12 is_stmt 0 view .LVU224
 708 006c 103094E5 		ldr	r3, [r4, #16]
 709              	.LVL53:
 710              		.loc 4 175 12 view .LVU225
 711              	.LBE142:
 712              	.LBE143:
 713              		.loc 1 168 29 view .LVU226
 714 0070 0C1094E5 		ldr	r1, [r4, #12]
 715              		.loc 1 161 6 discriminator 1 view .LVU227
 716 0074 060053E1 		cmp	r3, r6
 717 0078 03A0A031 		movcc	r10, r3
 718 007c 06A0A021 		movcs	r10, r6
 719              	.LVL54:
 720              		.loc 1 164 3 is_stmt 1 view .LVU228
 721              		.loc 1 168 25 is_stmt 0 view .LVU229
 722 0080 04B094E5 		ldr	fp, [r4, #4]
 723              		.loc 1 164 11 view .LVU230
 724 0084 0A3043E0 		sub	r3, r3, r10
 725              		.loc 1 168 25 view .LVU231
 726 0088 01B04BE0 		sub	fp, fp, r1
 727              		.loc 1 171 6 view .LVU232
 728 008c 0B005AE1 		cmp	r10, fp
 729              		.loc 1 164 11 view .LVU233
 730 0090 103084E5 		str	r3, [r4, #16]
 731              		.loc 1 168 3 is_stmt 1 view .LVU234
 732              	.LVL55:
 733              		.loc 1 171 3 view .LVU235
 734              		.loc 1 171 6 is_stmt 0 view .LVU236
 735 0094 2E00003A 		bcc	.L48
 736              		.loc 1 176 5 is_stmt 1 view .LVU237
 737              		.loc 1 183 5 view .LVU238
 738              		.loc 1 175 11 is_stmt 0 view .LVU239
 739 0098 1900009A 		bls	.L34
 740              		.loc 1 176 5 view .LVU240
 741 009c 0B20A0E1 		mov	r2, fp
ARM GAS  /tmp/ccLpdAKn.s 			page 14


 742 00a0 0700A0E1 		mov	r0, r7
 743 00a4 FEFFFFEB 		bl	memcpy
 744              	.LVL56:
 745              		.loc 1 177 5 is_stmt 1 view .LVU241
 746              		.loc 1 178 5 view .LVU242
 747              		.loc 1 178 8 is_stmt 0 view .LVU243
 748 00a8 0B204AE0 		sub	r2, r10, fp
 749              	.LVL57:
 750              		.loc 1 179 5 is_stmt 1 view .LVU244
 751 00ac 001094E5 		ldr	r1, [r4]
 752 00b0 0B0087E0 		add	r0, r7, fp
 753              	.LVL58:
 754              		.loc 1 179 5 is_stmt 0 view .LVU245
 755 00b4 00208DE5 		str	r2, [sp]
 756 00b8 FEFFFFEB 		bl	memcpy
 757              	.LVL59:
 758              		.loc 1 180 5 is_stmt 1 view .LVU246
 759              		.loc 1 180 28 is_stmt 0 view .LVU247
 760 00bc 003094E5 		ldr	r3, [r4]
 761 00c0 00209DE5 		ldr	r2, [sp]
 762              		.loc 1 187 3 view .LVU248
 763 00c4 0800A0E1 		mov	r0, r8
 764              		.loc 1 180 28 view .LVU249
 765 00c8 023083E0 		add	r3, r3, r2
 766              		.loc 1 180 15 view .LVU250
 767 00cc 0C3084E5 		str	r3, [r4, #12]
 768              		.loc 1 187 3 is_stmt 1 view .LVU251
 769 00d0 FEFFFFEB 		bl	chMtxUnlock
 770              	.LVL60:
 771              		.loc 1 189 3 view .LVU252
 772              		.loc 1 189 3 is_stmt 0 view .LVU253
 773              	.LBE139:
 774              	.LBE138:
 775              		.loc 1 357 5 is_stmt 1 view .LVU254
 776              	.L35:
 777              		.loc 1 370 7 view .LVU255
 778              		.loc 1 374 7 is_stmt 0 view .LVU256
 779 00d4 0010A0E3 		mov	r1, #0
 780 00d8 04009DE5 		ldr	r0, [sp, #4]
 781              		.loc 1 370 10 view .LVU257
 782 00dc 0A6046E0 		sub	r6, r6, r10
 783              	.LVL61:
 784              		.loc 1 371 7 is_stmt 1 view .LVU258
 785              		.loc 1 374 7 is_stmt 0 view .LVU259
 786 00e0 FEFFFFEB 		bl	chThdResume
 787              	.LVL62:
 788              	.LBE126:
 789              		.loc 1 353 12 view .LVU260
 790 00e4 000056E3 		cmp	r6, #0
 791              	.LBB150:
 792              		.loc 1 371 10 view .LVU261
 793 00e8 0A7087E0 		add	r7, r7, r10
 794              	.LVL63:
 795              		.loc 1 374 7 is_stmt 1 view .LVU262
 796              		.loc 1 374 7 is_stmt 0 view .LVU263
 797              	.LBE150:
 798              		.loc 1 353 12 is_stmt 1 view .LVU264
ARM GAS  /tmp/ccLpdAKn.s 			page 15


 799 00ec DCFFFF1A 		bne	.L30
 800              	.LVL64:
 801              	.L31:
 802              		.loc 1 378 3 view .LVU265
 803 00f0 0C009DE5 		ldr	r0, [sp, #12]
 804 00f4 FEFFFFEB 		bl	chMtxUnlock
 805              	.LVL65:
 806              		.loc 1 380 3 view .LVU266
 807              	.L49:
 808              		.loc 1 381 1 is_stmt 0 view .LVU267
 809 00f8 0500A0E1 		mov	r0, r5
 810 00fc 14D08DE2 		add	sp, sp, #20
 811              		.cfi_remember_state
 812              		.cfi_def_cfa_offset 36
 813              		@ sp needed
 814 0100 F08FBDE8 		pop	{r4, r5, r6, r7, r8, r9, r10, fp, pc}
 815              	.LVL66:
 816              	.L34:
 817              		.cfi_restore_state
 818              	.LBB151:
 819              	.LBB146:
 820              	.LBB144:
 821              		.loc 1 183 5 view .LVU268
 822 0104 0A20A0E1 		mov	r2, r10
 823 0108 0700A0E1 		mov	r0, r7
 824 010c FEFFFFEB 		bl	memcpy
 825              	.LVL67:
 826              		.loc 1 184 5 is_stmt 1 view .LVU269
 827              		.loc 1 184 19 is_stmt 0 view .LVU270
 828 0110 003094E5 		ldr	r3, [r4]
 829              	.L33:
 830              		.loc 1 187 3 view .LVU271
 831 0114 0800A0E1 		mov	r0, r8
 832              		.loc 1 173 15 view .LVU272
 833 0118 0C3084E5 		str	r3, [r4, #12]
 834              		.loc 1 187 3 is_stmt 1 view .LVU273
 835 011c FEFFFFEB 		bl	chMtxUnlock
 836              	.LVL68:
 837              		.loc 1 189 3 view .LVU274
 838              		.loc 1 189 3 is_stmt 0 view .LVU275
 839              	.LBE144:
 840              	.LBE146:
 841              		.loc 1 357 5 is_stmt 1 view .LVU276
 842              	.LBB147:
 843              		.loc 1 358 7 view .LVU277
 844              		.loc 1 360 7 view .LVU278
 845              	.LBB128:
 846              	.LBI128:
 847              		.loc 2 371 20 view .LVU279
 848              		.loc 2 373 3 view .LVU280
 849              	.LBB129:
 850              	.LBI129:
 851              		.loc 3 739 20 view .LVU281
 852              	.LBB130:
 853              		.loc 3 741 3 view .LVU282
 854              	.LBE130:
 855              	.LBE129:
ARM GAS  /tmp/ccLpdAKn.s 			page 16


 856              	.LBE128:
 857              	.LBE147:
 858              		.loc 1 357 8 is_stmt 0 view .LVU283
 859 0120 00005AE3 		cmp	r10, #0
 860 0124 EAFFFF1A 		bne	.L35
 861              	.LBB148:
 862              	.LBB133:
 863              	.LBB132:
 864              	.LBB131:
 865              		.loc 3 741 3 view .LVU284
 866              		.syntax divided
 867              	@ 741 "../../../os/common/ports/ARMv7-R/chcore.h" 1
 868 0128 80000CF1 		cpsid   i
 869              	@ 0 "" 2
 870              		.arm
 871              		.syntax unified
 872              	.LBE131:
 873              	.LBE132:
 874              		.loc 2 374 35 is_stmt 1 view .LVU285
 875              		.loc 2 375 21 view .LVU286
 876              	.LBE133:
 877              		.loc 1 361 7 view .LVU287
 878              		.loc 1 361 13 is_stmt 0 view .LVU288
 879 012c 0910A0E1 		mov	r1, r9
 880 0130 08009DE5 		ldr	r0, [sp, #8]
 881 0134 FEFFFFEB 		bl	chThdSuspendTimeoutS
 882              	.LVL69:
 883              		.loc 1 362 7 is_stmt 1 view .LVU289
 884              	.LBB134:
 885              	.LBI134:
 886              		.loc 2 385 20 view .LVU290
 887              	.LBB135:
 888              		.loc 2 387 23 view .LVU291
 889              		.loc 2 388 34 view .LVU292
 890              		.loc 2 394 3 view .LVU293
 891              		.loc 2 394 3 view .LVU294
 892              		.loc 2 394 3 discriminator 7 view .LVU295
 893              		.loc 2 398 3 view .LVU296
 894              	.LBB136:
 895              	.LBI136:
 896              		.loc 3 751 20 view .LVU297
 897              	.LBB137:
 898              		.loc 3 756 3 view .LVU298
 899              		.syntax divided
 900              	@ 756 "../../../os/common/ports/ARMv7-R/chcore.h" 1
 901 0138 C00008F1 		cpsie   if
 902              	@ 0 "" 2
 903              		.arm
 904              		.syntax unified
 905              	.LBE137:
 906              	.LBE136:
 907              	.LBE135:
 908              	.LBE134:
 909              		.loc 1 365 7 view .LVU299
 910              		.loc 1 365 10 is_stmt 0 view .LVU300
 911 013c 000050E3 		cmp	r0, #0
 912 0140 C7FFFF0A 		beq	.L30
ARM GAS  /tmp/ccLpdAKn.s 			page 17


 913              	.LBE148:
 914              	.LBE151:
 915              		.loc 1 378 3 view .LVU301
 916 0144 0C009DE5 		ldr	r0, [sp, #12]
 917              	.LVL70:
 918              		.loc 1 380 14 view .LVU302
 919 0148 065045E0 		sub	r5, r5, r6
 920              	.LVL71:
 921              		.loc 1 378 3 is_stmt 1 view .LVU303
 922 014c FEFFFFEB 		bl	chMtxUnlock
 923              	.LVL72:
 924              		.loc 1 380 3 view .LVU304
 925 0150 E8FFFFEA 		b	.L49
 926              	.LVL73:
 927              	.L48:
 928              	.LBB152:
 929              	.LBB149:
 930              	.LBB145:
 931              		.loc 1 172 5 view .LVU305
 932 0154 0A20A0E1 		mov	r2, r10
 933 0158 0700A0E1 		mov	r0, r7
 934 015c FEFFFFEB 		bl	memcpy
 935              	.LVL74:
 936              		.loc 1 173 5 view .LVU306
 937              		.loc 1 173 15 is_stmt 0 view .LVU307
 938 0160 0C3094E5 		ldr	r3, [r4, #12]
 939 0164 0A3083E0 		add	r3, r3, r10
 940 0168 E9FFFFEA 		b	.L33
 941              	.LBE145:
 942              	.LBE149:
 943              	.LBE152:
 944              		.cfi_endproc
 945              	.LFE212:
 946              		.size	chPipeReadTimeout, .-chPipeReadTimeout
 947              		.text
 948              	.Letext0:
 949              		.file 5 "/home/emirhan/Documents/gemstone/chibiOS-port/tools/arm-gnu-toolchain-13.3.rel1-x86_64-ar
 950              		.file 6 "/home/emirhan/Documents/gemstone/chibiOS-port/tools/arm-gnu-toolchain-13.3.rel1-x86_64-ar
 951              		.file 7 "/home/emirhan/Documents/gemstone/chibiOS-port/tools/arm-gnu-toolchain-13.3.rel1-x86_64-ar
 952              		.file 8 "../../../os/common/ports/ARM-common/include/chtypes.h"
 953              		.file 9 "../../../os/rt/include/chearly.h"
 954              		.file 10 "../../../os/rt/include/chobjects.h"
 955              		.file 11 "../../../os/rt/include/chrfcu.h"
 956              		.file 12 "../../../os/rt/include/chdebug.h"
 957              		.file 13 "../../../os/rt/include/chtime.h"
 958              		.file 14 "../../../os/rt/include/chlists.h"
 959              		.file 15 "../../../os/rt/include/chsem.h"
 960              		.file 16 "../../../os/rt/include/chmtx.h"
 961              		.file 17 "/home/emirhan/Documents/gemstone/chibiOS-port/tools/arm-gnu-toolchain-13.3.rel1-x86_64-a
 962              		.file 18 "../../../os/rt/include/chthreads.h"
 963              		.file 19 "../../../os/rt/include/chschd.h"
 964              		.file 20 "<built-in>"
 965              		.section	.debug_info,"",%progbits
 966              	.Ldebug_info0:
 967 0000 6F110000 		.4byte	0x116f
 968 0004 0500     		.2byte	0x5
 969 0006 01       		.byte	0x1
ARM GAS  /tmp/ccLpdAKn.s 			page 18


 970 0007 04       		.byte	0x4
 971 0008 00000000 		.4byte	.Ldebug_abbrev0
 972 000c 2F       		.uleb128 0x2f
 973 000d 78040000 		.4byte	.LASF144
 974 0011 1D       		.byte	0x1d
 975 0012 A2010000 		.4byte	.LASF145
 976 0016 54060000 		.4byte	.LASF146
 977 001a C9000000 		.4byte	.LLRL42
 978 001e 00000000 		.4byte	0
 979 0022 00000000 		.4byte	.Ldebug_line0
 980 0026 09       		.uleb128 0x9
 981 0027 08       		.byte	0x8
 982 0028 07       		.byte	0x7
 983 0029 8B010000 		.4byte	.LASF0
 984 002d 09       		.uleb128 0x9
 985 002e 04       		.byte	0x4
 986 002f 07       		.byte	0x7
 987 0030 7E000000 		.4byte	.LASF1
 988 0034 30       		.uleb128 0x30
 989 0035 04       		.byte	0x4
 990 0036 05       		.byte	0x5
 991 0037 696E7400 		.ascii	"int\000"
 992 003b 02       		.uleb128 0x2
 993 003c 2A020000 		.4byte	.LASF5
 994 0040 05       		.byte	0x5
 995 0041 D6       		.byte	0xd6
 996 0042 17       		.byte	0x17
 997 0043 2D000000 		.4byte	0x2d
 998 0047 09       		.uleb128 0x9
 999 0048 08       		.byte	0x8
 1000 0049 05       		.byte	0x5
 1001 004a 4B030000 		.4byte	.LASF2
 1002 004e 09       		.uleb128 0x9
 1003 004f 08       		.byte	0x8
 1004 0050 04       		.byte	0x4
 1005 0051 1E040000 		.4byte	.LASF3
 1006 0055 09       		.uleb128 0x9
 1007 0056 01       		.byte	0x1
 1008 0057 06       		.byte	0x6
 1009 0058 E9060000 		.4byte	.LASF4
 1010 005c 02       		.uleb128 0x2
 1011 005d A0050000 		.4byte	.LASF6
 1012 0061 06       		.byte	0x6
 1013 0062 2B       		.byte	0x2b
 1014 0063 18       		.byte	0x18
 1015 0064 68000000 		.4byte	0x68
 1016 0068 09       		.uleb128 0x9
 1017 0069 01       		.byte	0x1
 1018 006a 08       		.byte	0x8
 1019 006b 15060000 		.4byte	.LASF7
 1020 006f 09       		.uleb128 0x9
 1021 0070 02       		.byte	0x2
 1022 0071 05       		.byte	0x5
 1023 0072 59040000 		.4byte	.LASF8
 1024 0076 09       		.uleb128 0x9
 1025 0077 02       		.byte	0x2
 1026 0078 07       		.byte	0x7
ARM GAS  /tmp/ccLpdAKn.s 			page 19


 1027 0079 FB060000 		.4byte	.LASF9
 1028 007d 02       		.uleb128 0x2
 1029 007e 9D000000 		.4byte	.LASF10
 1030 0082 06       		.byte	0x6
 1031 0083 4D       		.byte	0x4d
 1032 0084 18       		.byte	0x18
 1033 0085 89000000 		.4byte	0x89
 1034 0089 09       		.uleb128 0x9
 1035 008a 04       		.byte	0x4
 1036 008b 05       		.byte	0x5
 1037 008c 63040000 		.4byte	.LASF11
 1038 0090 02       		.uleb128 0x2
 1039 0091 23060000 		.4byte	.LASF12
 1040 0095 06       		.byte	0x6
 1041 0096 4F       		.byte	0x4f
 1042 0097 19       		.byte	0x19
 1043 0098 9C000000 		.4byte	0x9c
 1044 009c 09       		.uleb128 0x9
 1045 009d 04       		.byte	0x4
 1046 009e 07       		.byte	0x7
 1047 009f B7050000 		.4byte	.LASF13
 1048 00a3 02       		.uleb128 0x2
 1049 00a4 7D020000 		.4byte	.LASF14
 1050 00a8 06       		.byte	0x6
 1051 00a9 69       		.byte	0x69
 1052 00aa 19       		.byte	0x19
 1053 00ab 26000000 		.4byte	0x26
 1054 00af 31       		.uleb128 0x31
 1055 00b0 04       		.byte	0x4
 1056 00b1 09       		.uleb128 0x9
 1057 00b2 01       		.byte	0x1
 1058 00b3 08       		.byte	0x8
 1059 00b4 B7020000 		.4byte	.LASF15
 1060 00b8 0D       		.uleb128 0xd
 1061 00b9 B1000000 		.4byte	0xb1
 1062 00bd 06       		.uleb128 0x6
 1063 00be B8000000 		.4byte	0xb8
 1064 00c2 1E       		.uleb128 0x1e
 1065 00c3 BD000000 		.4byte	0xbd
 1066 00c7 02       		.uleb128 0x2
 1067 00c8 21030000 		.4byte	.LASF16
 1068 00cc 07       		.byte	0x7
 1069 00cd 18       		.byte	0x18
 1070 00ce 13       		.byte	0x13
 1071 00cf 5C000000 		.4byte	0x5c
 1072 00d3 0D       		.uleb128 0xd
 1073 00d4 C7000000 		.4byte	0xc7
 1074 00d8 02       		.uleb128 0x2
 1075 00d9 DC050000 		.4byte	.LASF17
 1076 00dd 07       		.byte	0x7
 1077 00de 2C       		.byte	0x2c
 1078 00df 13       		.byte	0x13
 1079 00e0 7D000000 		.4byte	0x7d
 1080 00e4 02       		.uleb128 0x2
 1081 00e5 3E010000 		.4byte	.LASF18
 1082 00e9 07       		.byte	0x7
 1083 00ea 30       		.byte	0x30
ARM GAS  /tmp/ccLpdAKn.s 			page 20


 1084 00eb 14       		.byte	0x14
 1085 00ec 90000000 		.4byte	0x90
 1086 00f0 02       		.uleb128 0x2
 1087 00f1 84050000 		.4byte	.LASF19
 1088 00f5 07       		.byte	0x7
 1089 00f6 3C       		.byte	0x3c
 1090 00f7 14       		.byte	0x14
 1091 00f8 A3000000 		.4byte	0xa3
 1092 00fc 1E       		.uleb128 0x1e
 1093 00fd F0000000 		.4byte	0xf0
 1094 0101 02       		.uleb128 0x2
 1095 0102 25000000 		.4byte	.LASF20
 1096 0106 08       		.byte	0x8
 1097 0107 47       		.byte	0x47
 1098 0108 1D       		.byte	0x1d
 1099 0109 F0000000 		.4byte	0xf0
 1100 010d 02       		.uleb128 0x2
 1101 010e CF010000 		.4byte	.LASF21
 1102 0112 09       		.byte	0x9
 1103 0113 4F       		.byte	0x4f
 1104 0114 19       		.byte	0x19
 1105 0115 01010000 		.4byte	0x101
 1106 0119 02       		.uleb128 0x2
 1107 011a 03040000 		.4byte	.LASF22
 1108 011e 09       		.byte	0x9
 1109 011f 52       		.byte	0x52
 1110 0120 19       		.byte	0x19
 1111 0121 C7000000 		.4byte	0xc7
 1112 0125 02       		.uleb128 0x2
 1113 0126 F2020000 		.4byte	.LASF23
 1114 012a 09       		.byte	0x9
 1115 012b 53       		.byte	0x53
 1116 012c 19       		.byte	0x19
 1117 012d C7000000 		.4byte	0xc7
 1118 0131 02       		.uleb128 0x2
 1119 0132 AF050000 		.4byte	.LASF24
 1120 0136 09       		.byte	0x9
 1121 0137 54       		.byte	0x54
 1122 0138 19       		.byte	0x19
 1123 0139 C7000000 		.4byte	0xc7
 1124 013d 02       		.uleb128 0x2
 1125 013e 68010000 		.4byte	.LASF25
 1126 0142 09       		.byte	0x9
 1127 0143 56       		.byte	0x56
 1128 0144 19       		.byte	0x19
 1129 0145 E4000000 		.4byte	0xe4
 1130 0149 02       		.uleb128 0x2
 1131 014a 65030000 		.4byte	.LASF26
 1132 014e 09       		.byte	0x9
 1133 014f 57       		.byte	0x57
 1134 0150 19       		.byte	0x19
 1135 0151 D8000000 		.4byte	0xd8
 1136 0155 02       		.uleb128 0x2
 1137 0156 4F010000 		.4byte	.LASF27
 1138 015a 09       		.byte	0x9
 1139 015b 59       		.byte	0x59
 1140 015c 19       		.byte	0x19
ARM GAS  /tmp/ccLpdAKn.s 			page 21


 1141 015d E4000000 		.4byte	0xe4
 1142 0161 02       		.uleb128 0x2
 1143 0162 C9010000 		.4byte	.LASF28
 1144 0166 09       		.byte	0x9
 1145 0167 5B       		.byte	0x5b
 1146 0168 19       		.byte	0x19
 1147 0169 D8000000 		.4byte	0xd8
 1148 016d 02       		.uleb128 0x2
 1149 016e 52070000 		.4byte	.LASF29
 1150 0172 09       		.byte	0x9
 1151 0173 7F       		.byte	0x7f
 1152 0174 12       		.byte	0x12
 1153 0175 2D000000 		.4byte	0x2d
 1154 0179 02       		.uleb128 0x2
 1155 017a 21020000 		.4byte	.LASF30
 1156 017e 09       		.byte	0x9
 1157 017f 84       		.byte	0x84
 1158 0180 1A       		.byte	0x1a
 1159 0181 85010000 		.4byte	0x185
 1160 0185 0A       		.uleb128 0xa
 1161 0186 32030000 		.4byte	.LASF48
 1162 018a 54       		.byte	0x54
 1163 018b 0A       		.byte	0xa
 1164 018c A6       		.byte	0xa6
 1165 018d 08       		.byte	0x8
 1166 018e 8F020000 		.4byte	0x28f
 1167 0192 0F       		.uleb128 0xf
 1168 0193 68647200 		.ascii	"hdr\000"
 1169 0197 0A       		.byte	0xa
 1170 0198 B7       		.byte	0xb7
 1171 0199 05       		.byte	0x5
 1172 019a FB050000 		.4byte	0x5fb
 1173 019e 00       		.byte	0
 1174 019f 0F       		.uleb128 0xf
 1175 01a0 63747800 		.ascii	"ctx\000"
 1176 01a4 0A       		.byte	0xa
 1177 01a5 BB       		.byte	0xbb
 1178 01a6 21       		.byte	0x21
 1179 01a7 54040000 		.4byte	0x454
 1180 01ab 0C       		.byte	0xc
 1181 01ac 03       		.uleb128 0x3
 1182 01ad EB010000 		.4byte	.LASF31
 1183 01b1 0A       		.byte	0xa
 1184 01b2 BF       		.byte	0xbf
 1185 01b3 22       		.byte	0x22
 1186 01b4 E9060000 		.4byte	0x6e9
 1187 01b8 10       		.byte	0x10
 1188 01b9 03       		.uleb128 0x3
 1189 01ba EB020000 		.4byte	.LASF32
 1190 01be 0A       		.byte	0xa
 1191 01bf C5       		.byte	0xc5
 1192 01c0 22       		.byte	0x22
 1193 01c1 EE060000 		.4byte	0x6ee
 1194 01c5 14       		.byte	0x14
 1195 01c6 03       		.uleb128 0x3
 1196 01c7 57050000 		.4byte	.LASF33
 1197 01cb 0A       		.byte	0xa
ARM GAS  /tmp/ccLpdAKn.s 			page 22


 1198 01cc CA       		.byte	0xca
 1199 01cd 21       		.byte	0x21
 1200 01ce EE060000 		.4byte	0x6ee
 1201 01d2 18       		.byte	0x18
 1202 01d3 03       		.uleb128 0x3
 1203 01d4 C7060000 		.4byte	.LASF34
 1204 01d8 0A       		.byte	0xa
 1205 01d9 CE       		.byte	0xce
 1206 01da 21       		.byte	0x21
 1207 01db 25010000 		.4byte	0x125
 1208 01df 1C       		.byte	0x1c
 1209 01e0 03       		.uleb128 0x3
 1210 01e1 4A000000 		.4byte	.LASF35
 1211 01e5 0A       		.byte	0xa
 1212 01e6 D2       		.byte	0xd2
 1213 01e7 21       		.byte	0x21
 1214 01e8 19010000 		.4byte	0x119
 1215 01ec 1D       		.byte	0x1d
 1216 01ed 03       		.uleb128 0x3
 1217 01ee A7000000 		.4byte	.LASF36
 1218 01f2 0A       		.byte	0xa
 1219 01f3 D7       		.byte	0xd7
 1220 01f4 21       		.byte	0x21
 1221 01f5 31010000 		.4byte	0x131
 1222 01f9 1E       		.byte	0x1e
 1223 01fa 03       		.uleb128 0x3
 1224 01fb AA050000 		.4byte	.LASF37
 1225 01ff 0A       		.byte	0xa
 1226 0200 DB       		.byte	0xdb
 1227 0201 22       		.byte	0x22
 1228 0202 BD000000 		.4byte	0xbd
 1229 0206 20       		.byte	0x20
 1230 0207 03       		.uleb128 0x3
 1231 0208 FB020000 		.4byte	.LASF38
 1232 020c 0A       		.byte	0xa
 1233 020d DF       		.byte	0xdf
 1234 020e 21       		.byte	0x21
 1235 020f A1040000 		.4byte	0x4a1
 1236 0213 24       		.byte	0x24
 1237 0214 03       		.uleb128 0x3
 1238 0215 1D000000 		.4byte	.LASF39
 1239 0219 0A       		.byte	0xa
 1240 021a E5       		.byte	0xe5
 1241 021b 21       		.byte	0x21
 1242 021c DF050000 		.4byte	0x5df
 1243 0220 2C       		.byte	0x2c
 1244 0221 03       		.uleb128 0x3
 1245 0222 65020000 		.4byte	.LASF40
 1246 0226 0A       		.byte	0xa
 1247 0227 EB       		.byte	0xeb
 1248 0228 22       		.byte	0x22
 1249 0229 AF000000 		.4byte	0xaf
 1250 022d 30       		.byte	0x30
 1251 022e 07       		.uleb128 0x7
 1252 022f 7500     		.ascii	"u\000"
 1253 0231 0A       		.byte	0xa
 1254 0232 3601     		.2byte	0x136
ARM GAS  /tmp/ccLpdAKn.s 			page 23


 1255 0234 21       		.byte	0x21
 1256 0235 21060000 		.4byte	0x621
 1257 0239 34       		.byte	0x34
 1258 023a 04       		.uleb128 0x4
 1259 023b 2E060000 		.4byte	.LASF41
 1260 023f 0A       		.byte	0xa
 1261 0240 3B01     		.2byte	0x13b
 1262 0242 21       		.byte	0x21
 1263 0243 75040000 		.4byte	0x475
 1264 0247 38       		.byte	0x38
 1265 0248 04       		.uleb128 0x4
 1266 0249 29030000 		.4byte	.LASF42
 1267 024d 0A       		.byte	0xa
 1268 024e 4101     		.2byte	0x141
 1269 0250 21       		.byte	0x21
 1270 0251 A1040000 		.4byte	0x4a1
 1271 0255 3C       		.byte	0x3c
 1272 0256 04       		.uleb128 0x4
 1273 0257 47010000 		.4byte	.LASF43
 1274 025b 0A       		.byte	0xa
 1275 025c 5301     		.2byte	0x153
 1276 025e 21       		.byte	0x21
 1277 025f 49010000 		.4byte	0x149
 1278 0263 44       		.byte	0x44
 1279 0264 04       		.uleb128 0x4
 1280 0265 6A000000 		.4byte	.LASF44
 1281 0269 0A       		.byte	0xa
 1282 026a 5901     		.2byte	0x159
 1283 026c 21       		.byte	0x21
 1284 026d 55010000 		.4byte	0x155
 1285 0271 48       		.byte	0x48
 1286 0272 04       		.uleb128 0x4
 1287 0273 F1010000 		.4byte	.LASF45
 1288 0277 0A       		.byte	0xa
 1289 0278 6001     		.2byte	0x160
 1290 027a 22       		.byte	0x22
 1291 027b E4060000 		.4byte	0x6e4
 1292 027f 4C       		.byte	0x4c
 1293 0280 04       		.uleb128 0x4
 1294 0281 5A000000 		.4byte	.LASF46
 1295 0285 0A       		.byte	0xa
 1296 0286 6401     		.2byte	0x164
 1297 0288 21       		.byte	0x21
 1298 0289 3D010000 		.4byte	0x13d
 1299 028d 50       		.byte	0x50
 1300 028e 00       		.byte	0
 1301 028f 02       		.uleb128 0x2
 1302 0290 CD060000 		.4byte	.LASF47
 1303 0294 09       		.byte	0x9
 1304 0295 89       		.byte	0x89
 1305 0296 1F       		.byte	0x1f
 1306 0297 9B020000 		.4byte	0x29b
 1307 029b 12       		.uleb128 0x12
 1308 029c 99020000 		.4byte	.LASF49
 1309 02a0 E8       		.byte	0xe8
 1310 02a1 0A       		.byte	0xa
 1311 02a2 A001     		.2byte	0x1a0
ARM GAS  /tmp/ccLpdAKn.s 			page 24


 1312 02a4 08       		.byte	0x8
 1313 02a5 28030000 		.4byte	0x328
 1314 02a9 04       		.uleb128 0x4
 1315 02aa 8D050000 		.4byte	.LASF50
 1316 02ae 0A       		.byte	0xa
 1317 02af A401     		.2byte	0x1a4
 1318 02b1 21       		.byte	0x21
 1319 02b2 1E070000 		.4byte	0x71e
 1320 02b6 00       		.byte	0
 1321 02b7 04       		.uleb128 0x4
 1322 02b8 BD000000 		.4byte	.LASF51
 1323 02bc 0A       		.byte	0xa
 1324 02bd A801     		.2byte	0x1a8
 1325 02bf 21       		.byte	0x21
 1326 02c0 9B050000 		.4byte	0x59b
 1327 02c4 10       		.byte	0x10
 1328 02c5 04       		.uleb128 0x4
 1329 02c6 DB060000 		.4byte	.LASF52
 1330 02ca 0A       		.byte	0xa
 1331 02cb AF01     		.2byte	0x1af
 1332 02cd 21       		.byte	0x21
 1333 02ce C2050000 		.4byte	0x5c2
 1334 02d2 28       		.byte	0x28
 1335 02d3 04       		.uleb128 0x4
 1336 02d4 95000000 		.4byte	.LASF53
 1337 02d8 0A       		.byte	0xa
 1338 02d9 B401     		.2byte	0x1b4
 1339 02db 21       		.byte	0x21
 1340 02dc 6D010000 		.4byte	0x16d
 1341 02e0 30       		.byte	0x30
 1342 02e1 04       		.uleb128 0x4
 1343 02e2 10020000 		.4byte	.LASF54
 1344 02e6 0A       		.byte	0xa
 1345 02e7 BA01     		.2byte	0x1ba
 1346 02e9 21       		.byte	0x21
 1347 02ea 4F030000 		.4byte	0x34f
 1348 02ee 34       		.byte	0x34
 1349 02ef 04       		.uleb128 0x4
 1350 02f0 39040000 		.4byte	.LASF55
 1351 02f4 0A       		.byte	0xa
 1352 02f5 BF01     		.2byte	0x1bf
 1353 02f7 22       		.byte	0x22
 1354 02f8 8E070000 		.4byte	0x78e
 1355 02fc 38       		.byte	0x38
 1356 02fd 04       		.uleb128 0x4
 1357 02fe 13040000 		.4byte	.LASF56
 1358 0302 0A       		.byte	0xa
 1359 0303 C301     		.2byte	0x1c3
 1360 0305 21       		.byte	0x21
 1361 0306 79010000 		.4byte	0x179
 1362 030a 3C       		.byte	0x3c
 1363 030b 04       		.uleb128 0x4
 1364 030c BC060000 		.4byte	.LASF57
 1365 0310 0A       		.byte	0xa
 1366 0311 C801     		.2byte	0x1c8
 1367 0313 21       		.byte	0x21
 1368 0314 79010000 		.4byte	0x179
ARM GAS  /tmp/ccLpdAKn.s 			page 25


 1369 0318 90       		.byte	0x90
 1370 0319 07       		.uleb128 0x7
 1371 031a 64626700 		.ascii	"dbg\000"
 1372 031e 0A       		.byte	0xa
 1373 031f CD01     		.2byte	0x1cd
 1374 0321 21       		.byte	0x21
 1375 0322 76030000 		.4byte	0x376
 1376 0326 E4       		.byte	0xe4
 1377 0327 00       		.byte	0
 1378 0328 02       		.uleb128 0x2
 1379 0329 CC020000 		.4byte	.LASF58
 1380 032d 0B       		.byte	0xb
 1381 032e 3E       		.byte	0x3e
 1382 032f 12       		.byte	0x12
 1383 0330 E4000000 		.4byte	0xe4
 1384 0334 0A       		.uleb128 0xa
 1385 0335 6C020000 		.4byte	.LASF59
 1386 0339 04       		.byte	0x4
 1387 033a 0B       		.byte	0xb
 1388 033b 43       		.byte	0x43
 1389 033c 10       		.byte	0x10
 1390 033d 4F030000 		.4byte	0x34f
 1391 0341 03       		.uleb128 0x3
 1392 0342 A8030000 		.4byte	.LASF60
 1393 0346 0B       		.byte	0xb
 1394 0347 47       		.byte	0x47
 1395 0348 21       		.byte	0x21
 1396 0349 28030000 		.4byte	0x328
 1397 034d 00       		.byte	0
 1398 034e 00       		.byte	0
 1399 034f 02       		.uleb128 0x2
 1400 0350 E4050000 		.4byte	.LASF61
 1401 0354 0B       		.byte	0xb
 1402 0355 48       		.byte	0x48
 1403 0356 03       		.byte	0x3
 1404 0357 34030000 		.4byte	0x334
 1405 035b 0A       		.uleb128 0xa
 1406 035c 0E010000 		.4byte	.LASF62
 1407 0360 04       		.byte	0x4
 1408 0361 0C       		.byte	0xc
 1409 0362 3D       		.byte	0x3d
 1410 0363 10       		.byte	0x10
 1411 0364 76030000 		.4byte	0x376
 1412 0368 03       		.uleb128 0x3
 1413 0369 E5030000 		.4byte	.LASF63
 1414 036d 0C       		.byte	0xc
 1415 036e 45       		.byte	0x45
 1416 036f 24       		.byte	0x24
 1417 0370 C2000000 		.4byte	0xc2
 1418 0374 00       		.byte	0
 1419 0375 00       		.byte	0
 1420 0376 02       		.uleb128 0x2
 1421 0377 3C030000 		.4byte	.LASF64
 1422 037b 0C       		.byte	0xc
 1423 037c 50       		.byte	0x50
 1424 037d 03       		.byte	0x3
 1425 037e 5B030000 		.4byte	0x35b
ARM GAS  /tmp/ccLpdAKn.s 			page 26


 1426 0382 02       		.uleb128 0x2
 1427 0383 50000000 		.4byte	.LASF65
 1428 0387 0D       		.byte	0xd
 1429 0388 6C       		.byte	0x6c
 1430 0389 12       		.byte	0x12
 1431 038a E4000000 		.4byte	0xe4
 1432 038e 1E       		.uleb128 0x1e
 1433 038f 82030000 		.4byte	0x382
 1434 0393 02       		.uleb128 0x2
 1435 0394 CC030000 		.4byte	.LASF66
 1436 0398 0D       		.byte	0xd
 1437 0399 78       		.byte	0x78
 1438 039a 12       		.byte	0x12
 1439 039b E4000000 		.4byte	0xe4
 1440 039f 06       		.uleb128 0x6
 1441 03a0 C7000000 		.4byte	0xc7
 1442 03a4 12       		.uleb128 0x12
 1443 03a5 6C040000 		.4byte	.LASF67
 1444 03a9 A8       		.byte	0xa8
 1445 03aa 03       		.byte	0x3
 1446 03ab 0102     		.2byte	0x201
 1447 03ad 08       		.byte	0x8
 1448 03ae 44040000 		.4byte	0x444
 1449 03b2 07       		.uleb128 0x7
 1450 03b3 6400     		.ascii	"d\000"
 1451 03b5 03       		.byte	0x3
 1452 03b6 0302     		.2byte	0x203
 1453 03b8 19       		.byte	0x19
 1454 03b9 44040000 		.4byte	0x444
 1455 03bd 00       		.byte	0
 1456 03be 04       		.uleb128 0x4
 1457 03bf 85010000 		.4byte	.LASF68
 1458 03c3 03       		.byte	0x3
 1459 03c4 0402     		.2byte	0x204
 1460 03c6 19       		.byte	0x19
 1461 03c7 E4000000 		.4byte	0xe4
 1462 03cb 80       		.byte	0x80
 1463 03cc 07       		.uleb128 0x7
 1464 03cd 723400   		.ascii	"r4\000"
 1465 03d0 03       		.byte	0x3
 1466 03d1 0602     		.2byte	0x206
 1467 03d3 19       		.byte	0x19
 1468 03d4 E4000000 		.4byte	0xe4
 1469 03d8 84       		.byte	0x84
 1470 03d9 07       		.uleb128 0x7
 1471 03da 723500   		.ascii	"r5\000"
 1472 03dd 03       		.byte	0x3
 1473 03de 0702     		.2byte	0x207
 1474 03e0 19       		.byte	0x19
 1475 03e1 E4000000 		.4byte	0xe4
 1476 03e5 88       		.byte	0x88
 1477 03e6 07       		.uleb128 0x7
 1478 03e7 723600   		.ascii	"r6\000"
 1479 03ea 03       		.byte	0x3
 1480 03eb 0802     		.2byte	0x208
 1481 03ed 19       		.byte	0x19
 1482 03ee E4000000 		.4byte	0xe4
ARM GAS  /tmp/ccLpdAKn.s 			page 27


 1483 03f2 8C       		.byte	0x8c
 1484 03f3 07       		.uleb128 0x7
 1485 03f4 723700   		.ascii	"r7\000"
 1486 03f7 03       		.byte	0x3
 1487 03f8 0902     		.2byte	0x209
 1488 03fa 19       		.byte	0x19
 1489 03fb E4000000 		.4byte	0xe4
 1490 03ff 90       		.byte	0x90
 1491 0400 07       		.uleb128 0x7
 1492 0401 723800   		.ascii	"r8\000"
 1493 0404 03       		.byte	0x3
 1494 0405 0A02     		.2byte	0x20a
 1495 0407 19       		.byte	0x19
 1496 0408 E4000000 		.4byte	0xe4
 1497 040c 94       		.byte	0x94
 1498 040d 07       		.uleb128 0x7
 1499 040e 723900   		.ascii	"r9\000"
 1500 0411 03       		.byte	0x3
 1501 0412 0B02     		.2byte	0x20b
 1502 0414 19       		.byte	0x19
 1503 0415 E4000000 		.4byte	0xe4
 1504 0419 98       		.byte	0x98
 1505 041a 07       		.uleb128 0x7
 1506 041b 72313000 		.ascii	"r10\000"
 1507 041f 03       		.byte	0x3
 1508 0420 0C02     		.2byte	0x20c
 1509 0422 19       		.byte	0x19
 1510 0423 E4000000 		.4byte	0xe4
 1511 0427 9C       		.byte	0x9c
 1512 0428 07       		.uleb128 0x7
 1513 0429 72313100 		.ascii	"r11\000"
 1514 042d 03       		.byte	0x3
 1515 042e 0D02     		.2byte	0x20d
 1516 0430 19       		.byte	0x19
 1517 0431 E4000000 		.4byte	0xe4
 1518 0435 A0       		.byte	0xa0
 1519 0436 07       		.uleb128 0x7
 1520 0437 6C7200   		.ascii	"lr\000"
 1521 043a 03       		.byte	0x3
 1522 043b 0E02     		.2byte	0x20e
 1523 043d 19       		.byte	0x19
 1524 043e E4000000 		.4byte	0xe4
 1525 0442 A4       		.byte	0xa4
 1526 0443 00       		.byte	0
 1527 0444 13       		.uleb128 0x13
 1528 0445 F0000000 		.4byte	0xf0
 1529 0449 54040000 		.4byte	0x454
 1530 044d 14       		.uleb128 0x14
 1531 044e 2D000000 		.4byte	0x2d
 1532 0452 0F       		.byte	0xf
 1533 0453 00       		.byte	0
 1534 0454 12       		.uleb128 0x12
 1535 0455 C4000000 		.4byte	.LASF69
 1536 0459 04       		.byte	0x4
 1537 045a 03       		.byte	0x3
 1538 045b 1702     		.2byte	0x217
 1539 045d 08       		.byte	0x8
ARM GAS  /tmp/ccLpdAKn.s 			page 28


 1540 045e 70040000 		.4byte	0x470
 1541 0462 07       		.uleb128 0x7
 1542 0463 737000   		.ascii	"sp\000"
 1543 0466 03       		.byte	0x3
 1544 0467 1802     		.2byte	0x218
 1545 0469 1A       		.byte	0x1a
 1546 046a 70040000 		.4byte	0x470
 1547 046e 00       		.byte	0
 1548 046f 00       		.byte	0
 1549 0470 06       		.uleb128 0x6
 1550 0471 A4030000 		.4byte	0x3a4
 1551 0475 02       		.uleb128 0x2
 1552 0476 2A040000 		.4byte	.LASF70
 1553 047a 0E       		.byte	0xe
 1554 047b 31       		.byte	0x31
 1555 047c 18       		.byte	0x18
 1556 047d 81040000 		.4byte	0x481
 1557 0481 0A       		.uleb128 0xa
 1558 0482 06010000 		.4byte	.LASF71
 1559 0486 04       		.byte	0x4
 1560 0487 0E       		.byte	0xe
 1561 0488 37       		.byte	0x37
 1562 0489 08       		.byte	0x8
 1563 048a 9C040000 		.4byte	0x49c
 1564 048e 03       		.uleb128 0x3
 1565 048f 8B000000 		.4byte	.LASF72
 1566 0493 0E       		.byte	0xe
 1567 0494 38       		.byte	0x38
 1568 0495 1A       		.byte	0x1a
 1569 0496 9C040000 		.4byte	0x49c
 1570 049a 00       		.byte	0
 1571 049b 00       		.byte	0
 1572 049c 06       		.uleb128 0x6
 1573 049d 75040000 		.4byte	0x475
 1574 04a1 02       		.uleb128 0x2
 1575 04a2 DA030000 		.4byte	.LASF73
 1576 04a6 0E       		.byte	0xe
 1577 04a7 3E       		.byte	0x3e
 1578 04a8 19       		.byte	0x19
 1579 04a9 AD040000 		.4byte	0x4ad
 1580 04ad 0A       		.uleb128 0xa
 1581 04ae 04060000 		.4byte	.LASF74
 1582 04b2 08       		.byte	0x8
 1583 04b3 0E       		.byte	0xe
 1584 04b4 44       		.byte	0x44
 1585 04b5 08       		.byte	0x8
 1586 04b6 D5040000 		.4byte	0x4d5
 1587 04ba 03       		.uleb128 0x3
 1588 04bb 8B000000 		.4byte	.LASF72
 1589 04bf 0E       		.byte	0xe
 1590 04c0 45       		.byte	0x45
 1591 04c1 1A       		.byte	0x1a
 1592 04c2 D5040000 		.4byte	0x4d5
 1593 04c6 00       		.byte	0
 1594 04c7 03       		.uleb128 0x3
 1595 04c8 F0000000 		.4byte	.LASF75
 1596 04cc 0E       		.byte	0xe
ARM GAS  /tmp/ccLpdAKn.s 			page 29


 1597 04cd 46       		.byte	0x46
 1598 04ce 1A       		.byte	0x1a
 1599 04cf D5040000 		.4byte	0x4d5
 1600 04d3 04       		.byte	0x4
 1601 04d4 00       		.byte	0
 1602 04d5 06       		.uleb128 0x6
 1603 04d6 A1040000 		.4byte	0x4a1
 1604 04da 02       		.uleb128 0x2
 1605 04db 38020000 		.4byte	.LASF76
 1606 04df 0E       		.byte	0xe
 1607 04e0 4D       		.byte	0x4d
 1608 04e1 22       		.byte	0x22
 1609 04e2 E6040000 		.4byte	0x4e6
 1610 04e6 0A       		.uleb128 0xa
 1611 04e7 F2050000 		.4byte	.LASF77
 1612 04eb 0C       		.byte	0xc
 1613 04ec 0E       		.byte	0xe
 1614 04ed 54       		.byte	0x54
 1615 04ee 08       		.byte	0x8
 1616 04ef 1B050000 		.4byte	0x51b
 1617 04f3 03       		.uleb128 0x3
 1618 04f4 8B000000 		.4byte	.LASF72
 1619 04f8 0E       		.byte	0xe
 1620 04f9 55       		.byte	0x55
 1621 04fa 1A       		.byte	0x1a
 1622 04fb 1B050000 		.4byte	0x51b
 1623 04ff 00       		.byte	0
 1624 0500 03       		.uleb128 0x3
 1625 0501 F0000000 		.4byte	.LASF75
 1626 0505 0E       		.byte	0xe
 1627 0506 56       		.byte	0x56
 1628 0507 1A       		.byte	0x1a
 1629 0508 1B050000 		.4byte	0x51b
 1630 050c 04       		.byte	0x4
 1631 050d 03       		.uleb128 0x3
 1632 050e B2020000 		.4byte	.LASF78
 1633 0512 0E       		.byte	0xe
 1634 0513 57       		.byte	0x57
 1635 0514 19       		.byte	0x19
 1636 0515 3D010000 		.4byte	0x13d
 1637 0519 08       		.byte	0x8
 1638 051a 00       		.byte	0
 1639 051b 06       		.uleb128 0x6
 1640 051c DA040000 		.4byte	0x4da
 1641 0520 02       		.uleb128 0x2
 1642 0521 BC020000 		.4byte	.LASF79
 1643 0525 0E       		.byte	0xe
 1644 0526 5E       		.byte	0x5e
 1645 0527 1E       		.byte	0x1e
 1646 0528 2C050000 		.4byte	0x52c
 1647 052c 0A       		.uleb128 0xa
 1648 052d 30010000 		.4byte	.LASF80
 1649 0531 0C       		.byte	0xc
 1650 0532 0E       		.byte	0xe
 1651 0533 63       		.byte	0x63
 1652 0534 08       		.byte	0x8
 1653 0535 61050000 		.4byte	0x561
ARM GAS  /tmp/ccLpdAKn.s 			page 30


 1654 0539 03       		.uleb128 0x3
 1655 053a 8B000000 		.4byte	.LASF72
 1656 053e 0E       		.byte	0xe
 1657 053f 64       		.byte	0x64
 1658 0540 1A       		.byte	0x1a
 1659 0541 61050000 		.4byte	0x561
 1660 0545 00       		.byte	0
 1661 0546 03       		.uleb128 0x3
 1662 0547 F0000000 		.4byte	.LASF75
 1663 054b 0E       		.byte	0xe
 1664 054c 65       		.byte	0x65
 1665 054d 1A       		.byte	0x1a
 1666 054e 61050000 		.4byte	0x561
 1667 0552 04       		.byte	0x4
 1668 0553 03       		.uleb128 0x3
 1669 0554 F5060000 		.4byte	.LASF81
 1670 0558 0E       		.byte	0xe
 1671 0559 66       		.byte	0x66
 1672 055a 19       		.byte	0x19
 1673 055b 93030000 		.4byte	0x393
 1674 055f 08       		.byte	0x8
 1675 0560 00       		.byte	0
 1676 0561 06       		.uleb128 0x6
 1677 0562 20050000 		.4byte	0x520
 1678 0566 0A       		.uleb128 0xa
 1679 0567 F9010000 		.4byte	.LASF82
 1680 056b 18       		.byte	0x18
 1681 056c 0A       		.byte	0xa
 1682 056d 61       		.byte	0x61
 1683 056e 10       		.byte	0x10
 1684 056f 9B050000 		.4byte	0x59b
 1685 0573 03       		.uleb128 0x3
 1686 0574 7E050000 		.4byte	.LASF83
 1687 0578 0A       		.byte	0xa
 1688 0579 65       		.byte	0x65
 1689 057a 21       		.byte	0x21
 1690 057b 20050000 		.4byte	0x520
 1691 057f 00       		.byte	0
 1692 0580 03       		.uleb128 0x3
 1693 0581 0B040000 		.4byte	.LASF84
 1694 0585 0A       		.byte	0xa
 1695 0586 6A       		.byte	0x6a
 1696 0587 21       		.byte	0x21
 1697 0588 8E030000 		.4byte	0x38e
 1698 058c 0C       		.byte	0xc
 1699 058d 03       		.uleb128 0x3
 1700 058e DF000000 		.4byte	.LASF85
 1701 0592 0A       		.byte	0xa
 1702 0593 7E       		.byte	0x7e
 1703 0594 21       		.byte	0x21
 1704 0595 FC000000 		.4byte	0xfc
 1705 0599 10       		.byte	0x10
 1706 059a 00       		.byte	0
 1707 059b 02       		.uleb128 0x2
 1708 059c 36060000 		.4byte	.LASF86
 1709 05a0 0A       		.byte	0xa
 1710 05a1 80       		.byte	0x80
ARM GAS  /tmp/ccLpdAKn.s 			page 31


 1711 05a2 03       		.byte	0x3
 1712 05a3 66050000 		.4byte	0x566
 1713 05a7 0A       		.uleb128 0xa
 1714 05a8 34000000 		.4byte	.LASF87
 1715 05ac 08       		.byte	0x8
 1716 05ad 0A       		.byte	0xa
 1717 05ae 85       		.byte	0x85
 1718 05af 10       		.byte	0x10
 1719 05b0 C2050000 		.4byte	0x5c2
 1720 05b4 03       		.uleb128 0x3
 1721 05b5 D6050000 		.4byte	.LASF88
 1722 05b9 0A       		.byte	0xa
 1723 05ba 89       		.byte	0x89
 1724 05bb 21       		.byte	0x21
 1725 05bc A1040000 		.4byte	0x4a1
 1726 05c0 00       		.byte	0
 1727 05c1 00       		.byte	0
 1728 05c2 02       		.uleb128 0x2
 1729 05c3 6B030000 		.4byte	.LASF89
 1730 05c7 0A       		.byte	0xa
 1731 05c8 8A       		.byte	0x8a
 1732 05c9 03       		.byte	0x3
 1733 05ca A7050000 		.4byte	0x5a7
 1734 05ce 02       		.uleb128 0x2
 1735 05cf D8020000 		.4byte	.LASF90
 1736 05d3 0A       		.byte	0xa
 1737 05d4 8F       		.byte	0x8f
 1738 05d5 14       		.byte	0x14
 1739 05d6 DA050000 		.4byte	0x5da
 1740 05da 06       		.uleb128 0x6
 1741 05db 79010000 		.4byte	0x179
 1742 05df 02       		.uleb128 0x2
 1743 05e0 BB030000 		.4byte	.LASF91
 1744 05e4 0A       		.byte	0xa
 1745 05e5 9E       		.byte	0x9e
 1746 05e6 10       		.byte	0x10
 1747 05e7 EB050000 		.4byte	0x5eb
 1748 05eb 06       		.uleb128 0x6
 1749 05ec F0050000 		.4byte	0x5f0
 1750 05f0 32       		.uleb128 0x32
 1751 05f1 FB050000 		.4byte	0x5fb
 1752 05f5 08       		.uleb128 0x8
 1753 05f6 DA050000 		.4byte	0x5da
 1754 05fa 00       		.byte	0
 1755 05fb 23       		.uleb128 0x23
 1756 05fc 0C       		.byte	0xc
 1757 05fd AA       		.byte	0xaa
 1758 05fe 21060000 		.4byte	0x621
 1759 0602 1F       		.uleb128 0x1f
 1760 0603 1E010000 		.4byte	.LASF92
 1761 0607 AE       		.byte	0xae
 1762 0608 75040000 		.4byte	0x475
 1763 060c 1F       		.uleb128 0x1f
 1764 060d D6050000 		.4byte	.LASF88
 1765 0611 B2       		.byte	0xb2
 1766 0612 A1040000 		.4byte	0x4a1
 1767 0616 1F       		.uleb128 0x1f
ARM GAS  /tmp/ccLpdAKn.s 			page 32


 1768 0617 C2010000 		.4byte	.LASF93
 1769 061b B6       		.byte	0xb6
 1770 061c DA040000 		.4byte	0x4da
 1771 0620 00       		.byte	0
 1772 0621 23       		.uleb128 0x23
 1773 0622 04       		.byte	0x4
 1774 0623 FF       		.byte	0xff
 1775 0624 7D060000 		.4byte	0x67d
 1776 0628 10       		.uleb128 0x10
 1777 0629 31020000 		.4byte	.LASF94
 1778 062d 0601     		.2byte	0x106
 1779 062f 21       		.byte	0x21
 1780 0630 49010000 		.4byte	0x149
 1781 0634 10       		.uleb128 0x10
 1782 0635 34070000 		.4byte	.LASF95
 1783 0639 0D01     		.2byte	0x10d
 1784 063b 21       		.byte	0x21
 1785 063c 49010000 		.4byte	0x149
 1786 0640 10       		.uleb128 0x10
 1787 0641 AC000000 		.4byte	.LASF96
 1788 0645 1401     		.2byte	0x114
 1789 0647 22       		.byte	0x22
 1790 0648 AF000000 		.4byte	0xaf
 1791 064c 10       		.uleb128 0x10
 1792 064d E3060000 		.4byte	.LASF97
 1793 0651 1B01     		.2byte	0x11b
 1794 0653 22       		.byte	0x22
 1795 0654 7D060000 		.4byte	0x67d
 1796 0658 10       		.uleb128 0x10
 1797 0659 EB050000 		.4byte	.LASF98
 1798 065d 2301     		.2byte	0x123
 1799 065f 22       		.byte	0x22
 1800 0660 AA060000 		.4byte	0x6aa
 1801 0664 10       		.uleb128 0x10
 1802 0665 0C000000 		.4byte	.LASF99
 1803 0669 2C01     		.2byte	0x12c
 1804 066b 22       		.byte	0x22
 1805 066c E4060000 		.4byte	0x6e4
 1806 0670 10       		.uleb128 0x10
 1807 0671 E9000000 		.4byte	.LASF100
 1808 0675 3401     		.2byte	0x134
 1809 0677 21       		.byte	0x21
 1810 0678 55010000 		.4byte	0x155
 1811 067c 00       		.byte	0
 1812 067d 06       		.uleb128 0x6
 1813 067e CE050000 		.4byte	0x5ce
 1814 0682 0A       		.uleb128 0xa
 1815 0683 5B010000 		.4byte	.LASF101
 1816 0687 0C       		.byte	0xc
 1817 0688 0F       		.byte	0xf
 1818 0689 33       		.byte	0x33
 1819 068a 10       		.byte	0x10
 1820 068b AA060000 		.4byte	0x6aa
 1821 068f 03       		.uleb128 0x3
 1822 0690 D6050000 		.4byte	.LASF88
 1823 0694 0F       		.byte	0xf
 1824 0695 34       		.byte	0x34
ARM GAS  /tmp/ccLpdAKn.s 			page 33


 1825 0696 19       		.byte	0x19
 1826 0697 A1040000 		.4byte	0x4a1
 1827 069b 00       		.byte	0
 1828 069c 0F       		.uleb128 0xf
 1829 069d 636E7400 		.ascii	"cnt\000"
 1830 06a1 0F       		.byte	0xf
 1831 06a2 36       		.byte	0x36
 1832 06a3 19       		.byte	0x19
 1833 06a4 61010000 		.4byte	0x161
 1834 06a8 08       		.byte	0x8
 1835 06a9 00       		.byte	0
 1836 06aa 06       		.uleb128 0x6
 1837 06ab 82060000 		.4byte	0x682
 1838 06af 0A       		.uleb128 0xa
 1839 06b0 74020000 		.4byte	.LASF102
 1840 06b4 10       		.byte	0x10
 1841 06b5 10       		.byte	0x10
 1842 06b6 38       		.byte	0x38
 1843 06b7 08       		.byte	0x8
 1844 06b8 E4060000 		.4byte	0x6e4
 1845 06bc 03       		.uleb128 0x3
 1846 06bd D6050000 		.4byte	.LASF88
 1847 06c1 10       		.byte	0x10
 1848 06c2 39       		.byte	0x39
 1849 06c3 19       		.byte	0x19
 1850 06c4 A1040000 		.4byte	0x4a1
 1851 06c8 00       		.byte	0
 1852 06c9 03       		.uleb128 0x3
 1853 06ca EB010000 		.4byte	.LASF31
 1854 06ce 10       		.byte	0x10
 1855 06cf 3B       		.byte	0x3b
 1856 06d0 1A       		.byte	0x1a
 1857 06d1 DA050000 		.4byte	0x5da
 1858 06d5 08       		.byte	0x8
 1859 06d6 03       		.uleb128 0x3
 1860 06d7 8B000000 		.4byte	.LASF72
 1861 06db 10       		.byte	0x10
 1862 06dc 3D       		.byte	0x3d
 1863 06dd 1A       		.byte	0x1a
 1864 06de 9F070000 		.4byte	0x79f
 1865 06e2 0C       		.byte	0xc
 1866 06e3 00       		.byte	0
 1867 06e4 06       		.uleb128 0x6
 1868 06e5 AF060000 		.4byte	0x6af
 1869 06e9 06       		.uleb128 0x6
 1870 06ea 8F020000 		.4byte	0x28f
 1871 06ee 06       		.uleb128 0x6
 1872 06ef 0D010000 		.4byte	0x10d
 1873 06f3 12       		.uleb128 0x12
 1874 06f4 D1000000 		.4byte	.LASF103
 1875 06f8 10       		.byte	0x10
 1876 06f9 0A       		.byte	0xa
 1877 06fa 7501     		.2byte	0x175
 1878 06fc 10       		.byte	0x10
 1879 06fd 1E070000 		.4byte	0x71e
 1880 0701 04       		.uleb128 0x4
 1881 0702 C2010000 		.4byte	.LASF93
ARM GAS  /tmp/ccLpdAKn.s 			page 34


 1882 0706 0A       		.byte	0xa
 1883 0707 7A01     		.2byte	0x17a
 1884 0709 21       		.byte	0x21
 1885 070a DA040000 		.4byte	0x4da
 1886 070e 00       		.byte	0
 1887 070f 04       		.uleb128 0x4
 1888 0710 15070000 		.4byte	.LASF104
 1889 0714 0A       		.byte	0xa
 1890 0715 7E01     		.2byte	0x17e
 1891 0717 22       		.byte	0x22
 1892 0718 DA050000 		.4byte	0x5da
 1893 071c 0C       		.byte	0xc
 1894 071d 00       		.byte	0
 1895 071e 24       		.uleb128 0x24
 1896 071f C9050000 		.4byte	.LASF105
 1897 0723 7F01     		.2byte	0x17f
 1898 0725 F3060000 		.4byte	0x6f3
 1899 0729 12       		.uleb128 0x12
 1900 072a 68050000 		.4byte	.LASF106
 1901 072e 14       		.byte	0x14
 1902 072f 0A       		.byte	0xa
 1903 0730 8401     		.2byte	0x184
 1904 0732 10       		.byte	0x10
 1905 0733 7E070000 		.4byte	0x77e
 1906 0737 04       		.uleb128 0x4
 1907 0738 AA050000 		.4byte	.LASF37
 1908 073c 0A       		.byte	0xa
 1909 073d 8801     		.2byte	0x188
 1910 073f 22       		.byte	0x22
 1911 0740 BD000000 		.4byte	0xbd
 1912 0744 00       		.byte	0
 1913 0745 04       		.uleb128 0x4
 1914 0746 00000000 		.4byte	.LASF107
 1915 074a 0A       		.byte	0xa
 1916 074b 8C01     		.2byte	0x18c
 1917 074d 22       		.byte	0x22
 1918 074e EE060000 		.4byte	0x6ee
 1919 0752 04       		.byte	0x4
 1920 0753 04       		.uleb128 0x4
 1921 0754 5D050000 		.4byte	.LASF108
 1922 0758 0A       		.byte	0xa
 1923 0759 9001     		.2byte	0x190
 1924 075b 22       		.byte	0x22
 1925 075c EE060000 		.4byte	0x6ee
 1926 0760 08       		.byte	0x8
 1927 0761 04       		.uleb128 0x4
 1928 0762 EF030000 		.4byte	.LASF109
 1929 0766 0A       		.byte	0xa
 1930 0767 9501     		.2byte	0x195
 1931 0769 22       		.byte	0x22
 1932 076a EE060000 		.4byte	0x6ee
 1933 076e 0C       		.byte	0xc
 1934 076f 04       		.uleb128 0x4
 1935 0770 89030000 		.4byte	.LASF110
 1936 0774 0A       		.byte	0xa
 1937 0775 9901     		.2byte	0x199
 1938 0777 22       		.byte	0x22
ARM GAS  /tmp/ccLpdAKn.s 			page 35


 1939 0778 EE060000 		.4byte	0x6ee
 1940 077c 10       		.byte	0x10
 1941 077d 00       		.byte	0
 1942 077e 24       		.uleb128 0x24
 1943 077f 70010000 		.4byte	.LASF111
 1944 0783 9B01     		.2byte	0x19b
 1945 0785 29070000 		.4byte	0x729
 1946 0789 0D       		.uleb128 0xd
 1947 078a 7E070000 		.4byte	0x77e
 1948 078e 06       		.uleb128 0x6
 1949 078f 89070000 		.4byte	0x789
 1950 0793 02       		.uleb128 0x2
 1951 0794 0D060000 		.4byte	.LASF112
 1952 0798 10       		.byte	0x10
 1953 0799 33       		.byte	0x33
 1954 079a 19       		.byte	0x19
 1955 079b AF060000 		.4byte	0x6af
 1956 079f 06       		.uleb128 0x6
 1957 07a0 93070000 		.4byte	0x793
 1958 07a4 09       		.uleb128 0x9
 1959 07a5 01       		.byte	0x1
 1960 07a6 02       		.byte	0x2
 1961 07a7 5F020000 		.4byte	.LASF113
 1962 07ab 33       		.uleb128 0x33
 1963 07ac 50       		.byte	0x50
 1964 07ad 04       		.byte	0x4
 1965 07ae 33       		.byte	0x33
 1966 07af 09       		.byte	0x9
 1967 07b0 44080000 		.4byte	0x844
 1968 07b4 03       		.uleb128 0x3
 1969 07b5 63000000 		.4byte	.LASF114
 1970 07b9 04       		.byte	0x4
 1971 07ba 34       		.byte	0x34
 1972 07bb 1A       		.byte	0x1a
 1973 07bc 9F030000 		.4byte	0x39f
 1974 07c0 00       		.byte	0
 1975 07c1 0F       		.uleb128 0xf
 1976 07c2 746F7000 		.ascii	"top\000"
 1977 07c6 04       		.byte	0x4
 1978 07c7 36       		.byte	0x36
 1979 07c8 1A       		.byte	0x1a
 1980 07c9 9F030000 		.4byte	0x39f
 1981 07cd 04       		.byte	0x4
 1982 07ce 03       		.uleb128 0x3
 1983 07cf E5010000 		.4byte	.LASF115
 1984 07d3 04       		.byte	0x4
 1985 07d4 38       		.byte	0x38
 1986 07d5 1A       		.byte	0x1a
 1987 07d6 9F030000 		.4byte	0x39f
 1988 07da 08       		.byte	0x8
 1989 07db 03       		.uleb128 0x3
 1990 07dc 2E070000 		.4byte	.LASF116
 1991 07e0 04       		.byte	0x4
 1992 07e1 39       		.byte	0x39
 1993 07e2 1A       		.byte	0x1a
 1994 07e3 9F030000 		.4byte	0x39f
 1995 07e7 0C       		.byte	0xc
ARM GAS  /tmp/ccLpdAKn.s 			page 36


 1996 07e8 0F       		.uleb128 0xf
 1997 07e9 636E7400 		.ascii	"cnt\000"
 1998 07ed 04       		.byte	0x4
 1999 07ee 3A       		.byte	0x3a
 2000 07ef 19       		.byte	0x19
 2001 07f0 3B000000 		.4byte	0x3b
 2002 07f4 10       		.byte	0x10
 2003 07f5 03       		.uleb128 0x3
 2004 07f6 93050000 		.4byte	.LASF117
 2005 07fa 04       		.byte	0x4
 2006 07fb 3B       		.byte	0x3b
 2007 07fc 19       		.byte	0x19
 2008 07fd A4070000 		.4byte	0x7a4
 2009 0801 14       		.byte	0x14
 2010 0802 0F       		.uleb128 0xf
 2011 0803 77747200 		.ascii	"wtr\000"
 2012 0807 04       		.byte	0x4
 2013 0808 3C       		.byte	0x3c
 2014 0809 19       		.byte	0x19
 2015 080a CE050000 		.4byte	0x5ce
 2016 080e 18       		.byte	0x18
 2017 080f 0F       		.uleb128 0xf
 2018 0810 72747200 		.ascii	"rtr\000"
 2019 0814 04       		.byte	0x4
 2020 0815 3D       		.byte	0x3d
 2021 0816 19       		.byte	0x19
 2022 0817 CE050000 		.4byte	0x5ce
 2023 081b 1C       		.byte	0x1c
 2024 081c 03       		.uleb128 0x3
 2025 081d 34040000 		.4byte	.LASF118
 2026 0821 04       		.byte	0x4
 2027 0822 3F       		.byte	0x3f
 2028 0823 19       		.byte	0x19
 2029 0824 93070000 		.4byte	0x793
 2030 0828 20       		.byte	0x20
 2031 0829 03       		.uleb128 0x3
 2032 082a 90000000 		.4byte	.LASF119
 2033 082e 04       		.byte	0x4
 2034 082f 40       		.byte	0x40
 2035 0830 19       		.byte	0x19
 2036 0831 93070000 		.4byte	0x793
 2037 0835 30       		.byte	0x30
 2038 0836 03       		.uleb128 0x3
 2039 0837 1D070000 		.4byte	.LASF120
 2040 083b 04       		.byte	0x4
 2041 083c 41       		.byte	0x41
 2042 083d 19       		.byte	0x19
 2043 083e 93070000 		.4byte	0x793
 2044 0842 40       		.byte	0x40
 2045 0843 00       		.byte	0
 2046 0844 02       		.uleb128 0x2
 2047 0845 99050000 		.4byte	.LASF121
 2048 0849 04       		.byte	0x4
 2049 084a 47       		.byte	0x47
 2050 084b 03       		.byte	0x3
 2051 084c AB070000 		.4byte	0x7ab
 2052 0850 0D       		.uleb128 0xd
ARM GAS  /tmp/ccLpdAKn.s 			page 37


 2053 0851 44080000 		.4byte	0x844
 2054 0855 34       		.uleb128 0x34
 2055 0856 0E070000 		.4byte	.LASF122
 2056 085a 11       		.byte	0x11
 2057 085b 1F       		.byte	0x1f
 2058 085c 09       		.byte	0x9
 2059 085d AF000000 		.4byte	0xaf
 2060 0861 75080000 		.4byte	0x875
 2061 0865 08       		.uleb128 0x8
 2062 0866 AF000000 		.4byte	0xaf
 2063 086a 08       		.uleb128 0x8
 2064 086b 75080000 		.4byte	0x875
 2065 086f 08       		.uleb128 0x8
 2066 0870 3B000000 		.4byte	0x3b
 2067 0874 00       		.byte	0
 2068 0875 06       		.uleb128 0x6
 2069 0876 7A080000 		.4byte	0x87a
 2070 087a 35       		.uleb128 0x35
 2071 087b 25       		.uleb128 0x25
 2072 087c 15030000 		.4byte	.LASF124
 2073 0880 D501     		.2byte	0x1d5
 2074 0882 91080000 		.4byte	0x891
 2075 0886 08       		.uleb128 0x8
 2076 0887 7D060000 		.4byte	0x67d
 2077 088b 08       		.uleb128 0x8
 2078 088c 49010000 		.4byte	0x149
 2079 0890 00       		.byte	0
 2080 0891 36       		.uleb128 0x36
 2081 0892 3D070000 		.4byte	.LASF123
 2082 0896 12       		.byte	0x12
 2083 0897 D201     		.2byte	0x1d2
 2084 0899 09       		.byte	0x9
 2085 089a 49010000 		.4byte	0x149
 2086 089e AD080000 		.4byte	0x8ad
 2087 08a2 08       		.uleb128 0x8
 2088 08a3 7D060000 		.4byte	0x67d
 2089 08a7 08       		.uleb128 0x8
 2090 08a8 93030000 		.4byte	0x393
 2091 08ac 00       		.byte	0
 2092 08ad 20       		.uleb128 0x20
 2093 08ae 59030000 		.4byte	.LASF125
 2094 08b2 6B       		.byte	0x6b
 2095 08b3 BD080000 		.4byte	0x8bd
 2096 08b7 08       		.uleb128 0x8
 2097 08b8 9F070000 		.4byte	0x79f
 2098 08bc 00       		.byte	0
 2099 08bd 37       		.uleb128 0x37
 2100 08be 88020000 		.4byte	.LASF147
 2101 08c2 13       		.byte	0x13
 2102 08c3 93       		.byte	0x93
 2103 08c4 08       		.byte	0x8
 2104 08c5 25       		.uleb128 0x25
 2105 08c6 23010000 		.4byte	.LASF126
 2106 08ca D301     		.2byte	0x1d3
 2107 08cc DB080000 		.4byte	0x8db
 2108 08d0 08       		.uleb128 0x8
 2109 08d1 7D060000 		.4byte	0x67d
ARM GAS  /tmp/ccLpdAKn.s 			page 38


 2110 08d5 08       		.uleb128 0x8
 2111 08d6 49010000 		.4byte	0x149
 2112 08da 00       		.byte	0
 2113 08db 20       		.uleb128 0x20
 2114 08dc 13000000 		.4byte	.LASF127
 2115 08e0 67       		.byte	0x67
 2116 08e1 EB080000 		.4byte	0x8eb
 2117 08e5 08       		.uleb128 0x8
 2118 08e6 9F070000 		.4byte	0x79f
 2119 08ea 00       		.byte	0
 2120 08eb 20       		.uleb128 0x20
 2121 08ec 49040000 		.4byte	.LASF128
 2122 08f0 65       		.byte	0x65
 2123 08f1 FB080000 		.4byte	0x8fb
 2124 08f5 08       		.uleb128 0x8
 2125 08f6 9F070000 		.4byte	0x79f
 2126 08fa 00       		.byte	0
 2127 08fb 26       		.uleb128 0x26
 2128 08fc AA060000 		.4byte	.LASF131
 2129 0900 5401     		.2byte	0x154
 2130 0902 3B000000 		.4byte	0x3b
 2131 0906 00000000 		.4byte	.LFB212
 2132 090a 6C010000 		.4byte	.LFE212-.LFB212
 2133 090e 01       		.uleb128 0x1
 2134 090f 9C       		.byte	0x9c
 2135 0910 960B0000 		.4byte	0xb96
 2136 0914 11       		.uleb128 0x11
 2137 0915 707000   		.ascii	"pp\000"
 2138 0918 5401     		.2byte	0x154
 2139 091a 22       		.byte	0x22
 2140 091b 960B0000 		.4byte	0xb96
 2141 091f 14000000 		.4byte	.LLST24
 2142 0923 0C000000 		.4byte	.LVUS24
 2143 0927 11       		.uleb128 0x11
 2144 0928 627000   		.ascii	"bp\000"
 2145 092b 5401     		.2byte	0x154
 2146 092d 2F       		.byte	0x2f
 2147 092e 9F030000 		.4byte	0x39f
 2148 0932 3C000000 		.4byte	.LLST25
 2149 0936 38000000 		.4byte	.LVUS25
 2150 093a 11       		.uleb128 0x11
 2151 093b 6E00     		.ascii	"n\000"
 2152 093d 5501     		.2byte	0x155
 2153 093f 21       		.byte	0x21
 2154 0940 3B000000 		.4byte	0x3b
 2155 0944 55000000 		.4byte	.LLST26
 2156 0948 4D000000 		.4byte	.LVUS26
 2157 094c 27       		.uleb128 0x27
 2158 094d 4C060000 		.4byte	.LASF129
 2159 0951 5501     		.2byte	0x155
 2160 0953 32       		.byte	0x32
 2161 0954 93030000 		.4byte	0x393
 2162 0958 76000000 		.4byte	.LLST27
 2163 095c 72000000 		.4byte	.LVUS27
 2164 0960 17       		.uleb128 0x17
 2165 0961 6D617800 		.ascii	"max\000"
 2166 0965 5601     		.2byte	0x156
ARM GAS  /tmp/ccLpdAKn.s 			page 39


 2167 0967 0A       		.byte	0xa
 2168 0968 3B000000 		.4byte	0x3b
 2169 096c 93000000 		.4byte	.LLST28
 2170 0970 87000000 		.4byte	.LVUS28
 2171 0974 15       		.uleb128 0x15
 2172 0975 40040000 		.4byte	.LASF133
 2173 0979 AB0B0000 		.4byte	0xbab
 2174 097d 18       		.uleb128 0x18
 2175 097e 72000000 		.4byte	.LLRL29
 2176 0982 5A0B0000 		.4byte	0xb5a
 2177 0986 28       		.uleb128 0x28
 2178 0987 FE030000 		.4byte	.LASF130
 2179 098b 6201     		.2byte	0x162
 2180 098d 3B000000 		.4byte	0x3b
 2181 0991 D6000000 		.4byte	.LLST30
 2182 0995 D2000000 		.4byte	.LVUS30
 2183 0999 18       		.uleb128 0x18
 2184 099a 8B000000 		.4byte	.LLRL31
 2185 099e 1F0A0000 		.4byte	0xa1f
 2186 09a2 17       		.uleb128 0x17
 2187 09a3 6D736700 		.ascii	"msg\000"
 2188 09a7 6601     		.2byte	0x166
 2189 09a9 0D       		.byte	0xd
 2190 09aa 49010000 		.4byte	0x149
 2191 09ae E9000000 		.4byte	.LLST32
 2192 09b2 E7000000 		.4byte	.LVUS32
 2193 09b6 19       		.uleb128 0x19
 2194 09b7 4F110000 		.4byte	0x114f
 2195 09bb 20010000 		.4byte	.LBI128
 2196 09bf 05       		.byte	.LVU279
 2197 09c0 9E000000 		.4byte	.LLRL33
 2198 09c4 6801     		.2byte	0x168
 2199 09c6 07       		.byte	0x7
 2200 09c7 DA090000 		.4byte	0x9da
 2201 09cb 29       		.uleb128 0x29
 2202 09cc 5F110000 		.4byte	0x115f
 2203 09d0 20010000 		.4byte	.LBI129
 2204 09d4 07       		.byte	.LVU281
 2205 09d5 9E000000 		.4byte	.LLRL33
 2206 09d9 00       		.byte	0
 2207 09da 2A       		.uleb128 0x2a
 2208 09db 37110000 		.4byte	0x1137
 2209 09df 38010000 		.4byte	.LBI134
 2210 09e3 01       		.byte	.LVU290
 2211 09e4 38010000 		.4byte	.LBB134
 2212 09e8 04000000 		.4byte	.LBE134-.LBB134
 2213 09ec 6A01     		.2byte	0x16a
 2214 09ee 070A0000 		.4byte	0xa07
 2215 09f2 1A       		.uleb128 0x1a
 2216 09f3 57110000 		.4byte	0x1157
 2217 09f7 38010000 		.4byte	.LBI136
 2218 09fb 08       		.byte	.LVU297
 2219 09fc 38010000 		.4byte	.LBB136
 2220 0a00 04000000 		.4byte	.LBE136-.LBB136
 2221 0a04 8E01     		.2byte	0x18e
 2222 0a06 00       		.byte	0
 2223 0a07 0E       		.uleb128 0xe
ARM GAS  /tmp/ccLpdAKn.s 			page 40


 2224 0a08 38010000 		.4byte	.LVL69
 2225 0a0c 91080000 		.4byte	0x891
 2226 0a10 01       		.uleb128 0x1
 2227 0a11 01       		.uleb128 0x1
 2228 0a12 50       		.byte	0x50
 2229 0a13 03       		.uleb128 0x3
 2230 0a14 91       		.byte	0x91
 2231 0a15 48       		.sleb128 -56
 2232 0a16 06       		.byte	0x6
 2233 0a17 01       		.uleb128 0x1
 2234 0a18 01       		.uleb128 0x1
 2235 0a19 51       		.byte	0x51
 2236 0a1a 02       		.uleb128 0x2
 2237 0a1b 79       		.byte	0x79
 2238 0a1c 00       		.sleb128 0
 2239 0a1d 00       		.byte	0
 2240 0a1e 00       		.byte	0
 2241 0a1f 19       		.uleb128 0x19
 2242 0a20 4F100000 		.4byte	0x104f
 2243 0a24 64000000 		.4byte	.LBI138
 2244 0a28 03       		.byte	.LVU217
 2245 0a29 AA000000 		.4byte	.LLRL34
 2246 0a2d 6401     		.2byte	0x164
 2247 0a2f 0C       		.byte	0xc
 2248 0a30 430B0000 		.4byte	0xb43
 2249 0a34 0B       		.uleb128 0xb
 2250 0a35 76100000 		.4byte	0x1076
 2251 0a39 FA000000 		.4byte	.LLST35
 2252 0a3d F2000000 		.4byte	.LVUS35
 2253 0a41 0B       		.uleb128 0xb
 2254 0a42 6B100000 		.4byte	0x106b
 2255 0a46 24010000 		.4byte	.LLST36
 2256 0a4a 18010000 		.4byte	.LVUS36
 2257 0a4e 0B       		.uleb128 0xb
 2258 0a4f 60100000 		.4byte	0x1060
 2259 0a53 5C010000 		.4byte	.LLST37
 2260 0a57 56010000 		.4byte	.LVUS37
 2261 0a5b 2B       		.uleb128 0x2b
 2262 0a5c AA000000 		.4byte	.LLRL34
 2263 0a60 1B       		.uleb128 0x1b
 2264 0a61 80100000 		.4byte	0x1080
 2265 0a65 7B010000 		.4byte	.LLST38
 2266 0a69 75010000 		.4byte	.LVUS38
 2267 0a6d 1B       		.uleb128 0x1b
 2268 0a6e 8A100000 		.4byte	0x108a
 2269 0a72 97010000 		.4byte	.LLST39
 2270 0a76 93010000 		.4byte	.LVUS39
 2271 0a7a 21       		.uleb128 0x21
 2272 0a7b FD100000 		.4byte	0x10fd
 2273 0a7f 6C000000 		.4byte	.LBI140
 2274 0a83 01       		.byte	.LVU221
 2275 0a84 BD000000 		.4byte	.LLRL40
 2276 0a88 01       		.byte	0x1
 2277 0a89 A1       		.byte	0xa1
 2278 0a8a 0B       		.byte	0xb
 2279 0a8b 9D0A0000 		.4byte	0xa9d
 2280 0a8f 0B       		.uleb128 0xb
ARM GAS  /tmp/ccLpdAKn.s 			page 41


 2281 0a90 0E110000 		.4byte	0x110e
 2282 0a94 AA010000 		.4byte	.LLST41
 2283 0a98 A8010000 		.4byte	.LVUS41
 2284 0a9c 00       		.byte	0
 2285 0a9d 05       		.uleb128 0x5
 2286 0a9e 6C000000 		.4byte	.LVL52
 2287 0aa2 DB080000 		.4byte	0x8db
 2288 0aa6 B10A0000 		.4byte	0xab1
 2289 0aaa 01       		.uleb128 0x1
 2290 0aab 01       		.uleb128 0x1
 2291 0aac 50       		.byte	0x50
 2292 0aad 02       		.uleb128 0x2
 2293 0aae 78       		.byte	0x78
 2294 0aaf 00       		.sleb128 0
 2295 0ab0 00       		.byte	0
 2296 0ab1 05       		.uleb128 0x5
 2297 0ab2 A8000000 		.4byte	.LVL56
 2298 0ab6 67110000 		.4byte	0x1167
 2299 0aba CB0A0000 		.4byte	0xacb
 2300 0abe 01       		.uleb128 0x1
 2301 0abf 01       		.uleb128 0x1
 2302 0ac0 50       		.byte	0x50
 2303 0ac1 02       		.uleb128 0x2
 2304 0ac2 77       		.byte	0x77
 2305 0ac3 00       		.sleb128 0
 2306 0ac4 01       		.uleb128 0x1
 2307 0ac5 01       		.uleb128 0x1
 2308 0ac6 52       		.byte	0x52
 2309 0ac7 02       		.uleb128 0x2
 2310 0ac8 7B       		.byte	0x7b
 2311 0ac9 00       		.sleb128 0
 2312 0aca 00       		.byte	0
 2313 0acb 05       		.uleb128 0x5
 2314 0acc BC000000 		.4byte	.LVL59
 2315 0ad0 67110000 		.4byte	0x1167
 2316 0ad4 E90A0000 		.4byte	0xae9
 2317 0ad8 01       		.uleb128 0x1
 2318 0ad9 01       		.uleb128 0x1
 2319 0ada 50       		.byte	0x50
 2320 0adb 05       		.uleb128 0x5
 2321 0adc 77       		.byte	0x77
 2322 0add 00       		.sleb128 0
 2323 0ade 7B       		.byte	0x7b
 2324 0adf 00       		.sleb128 0
 2325 0ae0 22       		.byte	0x22
 2326 0ae1 01       		.uleb128 0x1
 2327 0ae2 01       		.uleb128 0x1
 2328 0ae3 52       		.byte	0x52
 2329 0ae4 03       		.uleb128 0x3
 2330 0ae5 91       		.byte	0x91
 2331 0ae6 40       		.sleb128 -64
 2332 0ae7 06       		.byte	0x6
 2333 0ae8 00       		.byte	0
 2334 0ae9 05       		.uleb128 0x5
 2335 0aea D4000000 		.4byte	.LVL60
 2336 0aee AD080000 		.4byte	0x8ad
 2337 0af2 FD0A0000 		.4byte	0xafd
ARM GAS  /tmp/ccLpdAKn.s 			page 42


 2338 0af6 01       		.uleb128 0x1
 2339 0af7 01       		.uleb128 0x1
 2340 0af8 50       		.byte	0x50
 2341 0af9 02       		.uleb128 0x2
 2342 0afa 78       		.byte	0x78
 2343 0afb 00       		.sleb128 0
 2344 0afc 00       		.byte	0
 2345 0afd 05       		.uleb128 0x5
 2346 0afe 10010000 		.4byte	.LVL67
 2347 0b02 67110000 		.4byte	0x1167
 2348 0b06 170B0000 		.4byte	0xb17
 2349 0b0a 01       		.uleb128 0x1
 2350 0b0b 01       		.uleb128 0x1
 2351 0b0c 50       		.byte	0x50
 2352 0b0d 02       		.uleb128 0x2
 2353 0b0e 77       		.byte	0x77
 2354 0b0f 00       		.sleb128 0
 2355 0b10 01       		.uleb128 0x1
 2356 0b11 01       		.uleb128 0x1
 2357 0b12 52       		.byte	0x52
 2358 0b13 02       		.uleb128 0x2
 2359 0b14 7A       		.byte	0x7a
 2360 0b15 00       		.sleb128 0
 2361 0b16 00       		.byte	0
 2362 0b17 05       		.uleb128 0x5
 2363 0b18 20010000 		.4byte	.LVL68
 2364 0b1c AD080000 		.4byte	0x8ad
 2365 0b20 2B0B0000 		.4byte	0xb2b
 2366 0b24 01       		.uleb128 0x1
 2367 0b25 01       		.uleb128 0x1
 2368 0b26 50       		.byte	0x50
 2369 0b27 02       		.uleb128 0x2
 2370 0b28 78       		.byte	0x78
 2371 0b29 00       		.sleb128 0
 2372 0b2a 00       		.byte	0
 2373 0b2b 0E       		.uleb128 0xe
 2374 0b2c 60010000 		.4byte	.LVL74
 2375 0b30 67110000 		.4byte	0x1167
 2376 0b34 01       		.uleb128 0x1
 2377 0b35 01       		.uleb128 0x1
 2378 0b36 50       		.byte	0x50
 2379 0b37 02       		.uleb128 0x2
 2380 0b38 77       		.byte	0x77
 2381 0b39 00       		.sleb128 0
 2382 0b3a 01       		.uleb128 0x1
 2383 0b3b 01       		.uleb128 0x1
 2384 0b3c 52       		.byte	0x52
 2385 0b3d 02       		.uleb128 0x2
 2386 0b3e 7A       		.byte	0x7a
 2387 0b3f 00       		.sleb128 0
 2388 0b40 00       		.byte	0
 2389 0b41 00       		.byte	0
 2390 0b42 00       		.byte	0
 2391 0b43 0E       		.uleb128 0xe
 2392 0b44 E4000000 		.4byte	.LVL62
 2393 0b48 7B080000 		.4byte	0x87b
 2394 0b4c 01       		.uleb128 0x1
ARM GAS  /tmp/ccLpdAKn.s 			page 43


 2395 0b4d 01       		.uleb128 0x1
 2396 0b4e 50       		.byte	0x50
 2397 0b4f 03       		.uleb128 0x3
 2398 0b50 91       		.byte	0x91
 2399 0b51 44       		.sleb128 -60
 2400 0b52 06       		.byte	0x6
 2401 0b53 01       		.uleb128 0x1
 2402 0b54 01       		.uleb128 0x1
 2403 0b55 51       		.byte	0x51
 2404 0b56 01       		.uleb128 0x1
 2405 0b57 30       		.byte	0x30
 2406 0b58 00       		.byte	0
 2407 0b59 00       		.byte	0
 2408 0b5a 05       		.uleb128 0x5
 2409 0b5b 44000000 		.4byte	.LVL50
 2410 0b5f DB080000 		.4byte	0x8db
 2411 0b63 6F0B0000 		.4byte	0xb6f
 2412 0b67 01       		.uleb128 0x1
 2413 0b68 01       		.uleb128 0x1
 2414 0b69 50       		.byte	0x50
 2415 0b6a 03       		.uleb128 0x3
 2416 0b6b 91       		.byte	0x91
 2417 0b6c 4C       		.sleb128 -52
 2418 0b6d 06       		.byte	0x6
 2419 0b6e 00       		.byte	0
 2420 0b6f 05       		.uleb128 0x5
 2421 0b70 F8000000 		.4byte	.LVL65
 2422 0b74 AD080000 		.4byte	0x8ad
 2423 0b78 840B0000 		.4byte	0xb84
 2424 0b7c 01       		.uleb128 0x1
 2425 0b7d 01       		.uleb128 0x1
 2426 0b7e 50       		.byte	0x50
 2427 0b7f 03       		.uleb128 0x3
 2428 0b80 91       		.byte	0x91
 2429 0b81 4C       		.sleb128 -52
 2430 0b82 06       		.byte	0x6
 2431 0b83 00       		.byte	0
 2432 0b84 0E       		.uleb128 0xe
 2433 0b85 50010000 		.4byte	.LVL72
 2434 0b89 AD080000 		.4byte	0x8ad
 2435 0b8d 01       		.uleb128 0x1
 2436 0b8e 01       		.uleb128 0x1
 2437 0b8f 50       		.byte	0x50
 2438 0b90 03       		.uleb128 0x3
 2439 0b91 91       		.byte	0x91
 2440 0b92 4C       		.sleb128 -52
 2441 0b93 06       		.byte	0x6
 2442 0b94 00       		.byte	0
 2443 0b95 00       		.byte	0
 2444 0b96 06       		.uleb128 0x6
 2445 0b97 44080000 		.4byte	0x844
 2446 0b9b 13       		.uleb128 0x13
 2447 0b9c B8000000 		.4byte	0xb8
 2448 0ba0 AB0B0000 		.4byte	0xbab
 2449 0ba4 14       		.uleb128 0x14
 2450 0ba5 2D000000 		.4byte	0x2d
 2451 0ba9 11       		.byte	0x11
ARM GAS  /tmp/ccLpdAKn.s 			page 44


 2452 0baa 00       		.byte	0
 2453 0bab 0D       		.uleb128 0xd
 2454 0bac 9B0B0000 		.4byte	0xb9b
 2455 0bb0 26       		.uleb128 0x26
 2456 0bb1 4C020000 		.4byte	.LASF132
 2457 0bb5 1401     		.2byte	0x114
 2458 0bb7 3B000000 		.4byte	0x3b
 2459 0bbb 00000000 		.4byte	.LFB211
 2460 0bbf 70010000 		.4byte	.LFE211-.LFB211
 2461 0bc3 01       		.uleb128 0x1
 2462 0bc4 9C       		.byte	0x9c
 2463 0bc5 840E0000 		.4byte	0xe84
 2464 0bc9 11       		.uleb128 0x11
 2465 0bca 707000   		.ascii	"pp\000"
 2466 0bcd 1401     		.2byte	0x114
 2467 0bcf 23       		.byte	0x23
 2468 0bd0 960B0000 		.4byte	0xb96
 2469 0bd4 BB010000 		.4byte	.LLST4
 2470 0bd8 B3010000 		.4byte	.LVUS4
 2471 0bdc 11       		.uleb128 0x11
 2472 0bdd 627000   		.ascii	"bp\000"
 2473 0be0 1401     		.2byte	0x114
 2474 0be2 36       		.byte	0x36
 2475 0be3 840E0000 		.4byte	0xe84
 2476 0be7 E3010000 		.4byte	.LLST5
 2477 0beb DF010000 		.4byte	.LVUS5
 2478 0bef 11       		.uleb128 0x11
 2479 0bf0 6E00     		.ascii	"n\000"
 2480 0bf2 1501     		.2byte	0x115
 2481 0bf4 22       		.byte	0x22
 2482 0bf5 3B000000 		.4byte	0x3b
 2483 0bf9 FC010000 		.4byte	.LLST6
 2484 0bfd F4010000 		.4byte	.LVUS6
 2485 0c01 27       		.uleb128 0x27
 2486 0c02 4C060000 		.4byte	.LASF129
 2487 0c06 1501     		.2byte	0x115
 2488 0c08 33       		.byte	0x33
 2489 0c09 93030000 		.4byte	0x393
 2490 0c0d 1D020000 		.4byte	.LLST7
 2491 0c11 19020000 		.4byte	.LVUS7
 2492 0c15 17       		.uleb128 0x17
 2493 0c16 6D617800 		.ascii	"max\000"
 2494 0c1a 1601     		.2byte	0x116
 2495 0c1c 0A       		.byte	0xa
 2496 0c1d 3B000000 		.4byte	0x3b
 2497 0c21 3A020000 		.4byte	.LLST8
 2498 0c25 2E020000 		.4byte	.LVUS8
 2499 0c29 15       		.uleb128 0x15
 2500 0c2a 40040000 		.4byte	.LASF133
 2501 0c2e 990E0000 		.4byte	0xe99
 2502 0c32 18       		.uleb128 0x18
 2503 0c33 0C000000 		.4byte	.LLRL9
 2504 0c37 480E0000 		.4byte	0xe48
 2505 0c3b 28       		.uleb128 0x28
 2506 0c3c FE030000 		.4byte	.LASF130
 2507 0c40 2201     		.2byte	0x122
 2508 0c42 3B000000 		.4byte	0x3b
ARM GAS  /tmp/ccLpdAKn.s 			page 45


 2509 0c46 7D020000 		.4byte	.LLST10
 2510 0c4a 79020000 		.4byte	.LVUS10
 2511 0c4e 18       		.uleb128 0x18
 2512 0c4f 25000000 		.4byte	.LLRL11
 2513 0c53 D40C0000 		.4byte	0xcd4
 2514 0c57 17       		.uleb128 0x17
 2515 0c58 6D736700 		.ascii	"msg\000"
 2516 0c5c 2601     		.2byte	0x126
 2517 0c5e 0D       		.byte	0xd
 2518 0c5f 49010000 		.4byte	0x149
 2519 0c63 90020000 		.4byte	.LLST12
 2520 0c67 8E020000 		.4byte	.LVUS12
 2521 0c6b 19       		.uleb128 0x19
 2522 0c6c 4F110000 		.4byte	0x114f
 2523 0c70 24010000 		.4byte	.LBI80
 2524 0c74 05       		.byte	.LVU163
 2525 0c75 38000000 		.4byte	.LLRL13
 2526 0c79 2801     		.2byte	0x128
 2527 0c7b 07       		.byte	0x7
 2528 0c7c 8F0C0000 		.4byte	0xc8f
 2529 0c80 29       		.uleb128 0x29
 2530 0c81 5F110000 		.4byte	0x115f
 2531 0c85 24010000 		.4byte	.LBI81
 2532 0c89 07       		.byte	.LVU165
 2533 0c8a 38000000 		.4byte	.LLRL13
 2534 0c8e 00       		.byte	0
 2535 0c8f 2A       		.uleb128 0x2a
 2536 0c90 37110000 		.4byte	0x1137
 2537 0c94 3C010000 		.4byte	.LBI86
 2538 0c98 01       		.byte	.LVU174
 2539 0c99 3C010000 		.4byte	.LBB86
 2540 0c9d 04000000 		.4byte	.LBE86-.LBB86
 2541 0ca1 2A01     		.2byte	0x12a
 2542 0ca3 BC0C0000 		.4byte	0xcbc
 2543 0ca7 1A       		.uleb128 0x1a
 2544 0ca8 57110000 		.4byte	0x1157
 2545 0cac 3C010000 		.4byte	.LBI88
 2546 0cb0 08       		.byte	.LVU181
 2547 0cb1 3C010000 		.4byte	.LBB88
 2548 0cb5 04000000 		.4byte	.LBE88-.LBB88
 2549 0cb9 8E01     		.2byte	0x18e
 2550 0cbb 00       		.byte	0
 2551 0cbc 0E       		.uleb128 0xe
 2552 0cbd 3C010000 		.4byte	.LVL39
 2553 0cc1 91080000 		.4byte	0x891
 2554 0cc5 01       		.uleb128 0x1
 2555 0cc6 01       		.uleb128 0x1
 2556 0cc7 50       		.byte	0x50
 2557 0cc8 03       		.uleb128 0x3
 2558 0cc9 91       		.byte	0x91
 2559 0cca 48       		.sleb128 -56
 2560 0ccb 06       		.byte	0x6
 2561 0ccc 01       		.uleb128 0x1
 2562 0ccd 01       		.uleb128 0x1
 2563 0cce 51       		.byte	0x51
 2564 0ccf 02       		.uleb128 0x2
 2565 0cd0 79       		.byte	0x79
ARM GAS  /tmp/ccLpdAKn.s 			page 46


 2566 0cd1 00       		.sleb128 0
 2567 0cd2 00       		.byte	0
 2568 0cd3 00       		.byte	0
 2569 0cd4 19       		.uleb128 0x19
 2570 0cd5 95100000 		.4byte	0x1095
 2571 0cd9 64000000 		.4byte	.LBI90
 2572 0cdd 03       		.byte	.LVU97
 2573 0cde 44000000 		.4byte	.LLRL14
 2574 0ce2 2401     		.2byte	0x124
 2575 0ce4 0C       		.byte	0xc
 2576 0ce5 310E0000 		.4byte	0xe31
 2577 0ce9 0B       		.uleb128 0xb
 2578 0cea BC100000 		.4byte	0x10bc
 2579 0cee A1020000 		.4byte	.LLST15
 2580 0cf2 99020000 		.4byte	.LVUS15
 2581 0cf6 0B       		.uleb128 0xb
 2582 0cf7 B1100000 		.4byte	0x10b1
 2583 0cfb CB020000 		.4byte	.LLST16
 2584 0cff BF020000 		.4byte	.LVUS16
 2585 0d03 0B       		.uleb128 0xb
 2586 0d04 A6100000 		.4byte	0x10a6
 2587 0d08 03030000 		.4byte	.LLST17
 2588 0d0c FD020000 		.4byte	.LVUS17
 2589 0d10 2B       		.uleb128 0x2b
 2590 0d11 44000000 		.4byte	.LLRL14
 2591 0d15 1B       		.uleb128 0x1b
 2592 0d16 C6100000 		.4byte	0x10c6
 2593 0d1a 22030000 		.4byte	.LLST18
 2594 0d1e 1C030000 		.4byte	.LVUS18
 2595 0d22 1B       		.uleb128 0x1b
 2596 0d23 D0100000 		.4byte	0x10d0
 2597 0d27 3E030000 		.4byte	.LLST19
 2598 0d2b 3A030000 		.4byte	.LVUS19
 2599 0d2f 21       		.uleb128 0x21
 2600 0d30 DB100000 		.4byte	0x10db
 2601 0d34 6C000000 		.4byte	.LBI92
 2602 0d38 01       		.byte	.LVU101
 2603 0d39 57000000 		.4byte	.LLRL20
 2604 0d3d 01       		.byte	0x1
 2605 0d3e 6E       		.byte	0x6e
 2606 0d3f 0B       		.byte	0xb
 2607 0d40 8B0D0000 		.4byte	0xd8b
 2608 0d44 0B       		.uleb128 0xb
 2609 0d45 EC100000 		.4byte	0x10ec
 2610 0d49 51030000 		.4byte	.LLST21
 2611 0d4d 4F030000 		.4byte	.LVUS21
 2612 0d51 21       		.uleb128 0x21
 2613 0d52 1A110000 		.4byte	0x111a
 2614 0d56 6C000000 		.4byte	.LBI94
 2615 0d5a 03       		.byte	.LVU103
 2616 0d5b 63000000 		.4byte	.LLRL22
 2617 0d5f 04       		.byte	0x4
 2618 0d60 BC       		.byte	0xbc
 2619 0d61 0A       		.byte	0xa
 2620 0d62 740D0000 		.4byte	0xd74
 2621 0d66 0B       		.uleb128 0xb
 2622 0d67 2B110000 		.4byte	0x112b
ARM GAS  /tmp/ccLpdAKn.s 			page 47


 2623 0d6b 5E030000 		.4byte	.LLST23
 2624 0d6f 5A030000 		.4byte	.LVUS23
 2625 0d73 00       		.byte	0
 2626 0d74 38       		.uleb128 0x38
 2627 0d75 FD100000 		.4byte	0x10fd
 2628 0d79 70000000 		.4byte	.LBB99
 2629 0d7d 04000000 		.4byte	.LBE99-.LBB99
 2630 0d81 04       		.byte	0x4
 2631 0d82 BC       		.byte	0xbc
 2632 0d83 1E       		.byte	0x1e
 2633 0d84 39       		.uleb128 0x39
 2634 0d85 0E110000 		.4byte	0x110e
 2635 0d89 00       		.byte	0
 2636 0d8a 00       		.byte	0
 2637 0d8b 05       		.uleb128 0x5
 2638 0d8c 6C000000 		.4byte	.LVL22
 2639 0d90 DB080000 		.4byte	0x8db
 2640 0d94 9F0D0000 		.4byte	0xd9f
 2641 0d98 01       		.uleb128 0x1
 2642 0d99 01       		.uleb128 0x1
 2643 0d9a 50       		.byte	0x50
 2644 0d9b 02       		.uleb128 0x2
 2645 0d9c 78       		.byte	0x78
 2646 0d9d 00       		.sleb128 0
 2647 0d9e 00       		.byte	0
 2648 0d9f 05       		.uleb128 0x5
 2649 0da0 AC000000 		.4byte	.LVL26
 2650 0da4 67110000 		.4byte	0x1167
 2651 0da8 B90D0000 		.4byte	0xdb9
 2652 0dac 01       		.uleb128 0x1
 2653 0dad 01       		.uleb128 0x1
 2654 0dae 51       		.byte	0x51
 2655 0daf 02       		.uleb128 0x2
 2656 0db0 77       		.byte	0x77
 2657 0db1 00       		.sleb128 0
 2658 0db2 01       		.uleb128 0x1
 2659 0db3 01       		.uleb128 0x1
 2660 0db4 52       		.byte	0x52
 2661 0db5 02       		.uleb128 0x2
 2662 0db6 7B       		.byte	0x7b
 2663 0db7 00       		.sleb128 0
 2664 0db8 00       		.byte	0
 2665 0db9 05       		.uleb128 0x5
 2666 0dba C0000000 		.4byte	.LVL29
 2667 0dbe 67110000 		.4byte	0x1167
 2668 0dc2 D70D0000 		.4byte	0xdd7
 2669 0dc6 01       		.uleb128 0x1
 2670 0dc7 01       		.uleb128 0x1
 2671 0dc8 51       		.byte	0x51
 2672 0dc9 05       		.uleb128 0x5
 2673 0dca 77       		.byte	0x77
 2674 0dcb 00       		.sleb128 0
 2675 0dcc 7B       		.byte	0x7b
 2676 0dcd 00       		.sleb128 0
 2677 0dce 22       		.byte	0x22
 2678 0dcf 01       		.uleb128 0x1
 2679 0dd0 01       		.uleb128 0x1
ARM GAS  /tmp/ccLpdAKn.s 			page 48


 2680 0dd1 52       		.byte	0x52
 2681 0dd2 03       		.uleb128 0x3
 2682 0dd3 91       		.byte	0x91
 2683 0dd4 40       		.sleb128 -64
 2684 0dd5 06       		.byte	0x6
 2685 0dd6 00       		.byte	0
 2686 0dd7 05       		.uleb128 0x5
 2687 0dd8 D8000000 		.4byte	.LVL30
 2688 0ddc AD080000 		.4byte	0x8ad
 2689 0de0 EB0D0000 		.4byte	0xdeb
 2690 0de4 01       		.uleb128 0x1
 2691 0de5 01       		.uleb128 0x1
 2692 0de6 50       		.byte	0x50
 2693 0de7 02       		.uleb128 0x2
 2694 0de8 78       		.byte	0x78
 2695 0de9 00       		.sleb128 0
 2696 0dea 00       		.byte	0
 2697 0deb 05       		.uleb128 0x5
 2698 0dec 14010000 		.4byte	.LVL37
 2699 0df0 67110000 		.4byte	0x1167
 2700 0df4 050E0000 		.4byte	0xe05
 2701 0df8 01       		.uleb128 0x1
 2702 0df9 01       		.uleb128 0x1
 2703 0dfa 51       		.byte	0x51
 2704 0dfb 02       		.uleb128 0x2
 2705 0dfc 77       		.byte	0x77
 2706 0dfd 00       		.sleb128 0
 2707 0dfe 01       		.uleb128 0x1
 2708 0dff 01       		.uleb128 0x1
 2709 0e00 52       		.byte	0x52
 2710 0e01 02       		.uleb128 0x2
 2711 0e02 7A       		.byte	0x7a
 2712 0e03 00       		.sleb128 0
 2713 0e04 00       		.byte	0
 2714 0e05 05       		.uleb128 0x5
 2715 0e06 24010000 		.4byte	.LVL38
 2716 0e0a AD080000 		.4byte	0x8ad
 2717 0e0e 190E0000 		.4byte	0xe19
 2718 0e12 01       		.uleb128 0x1
 2719 0e13 01       		.uleb128 0x1
 2720 0e14 50       		.byte	0x50
 2721 0e15 02       		.uleb128 0x2
 2722 0e16 78       		.byte	0x78
 2723 0e17 00       		.sleb128 0
 2724 0e18 00       		.byte	0
 2725 0e19 0E       		.uleb128 0xe
 2726 0e1a 64010000 		.4byte	.LVL44
 2727 0e1e 67110000 		.4byte	0x1167
 2728 0e22 01       		.uleb128 0x1
 2729 0e23 01       		.uleb128 0x1
 2730 0e24 51       		.byte	0x51
 2731 0e25 02       		.uleb128 0x2
 2732 0e26 77       		.byte	0x77
 2733 0e27 00       		.sleb128 0
 2734 0e28 01       		.uleb128 0x1
 2735 0e29 01       		.uleb128 0x1
 2736 0e2a 52       		.byte	0x52
ARM GAS  /tmp/ccLpdAKn.s 			page 49


 2737 0e2b 02       		.uleb128 0x2
 2738 0e2c 7A       		.byte	0x7a
 2739 0e2d 00       		.sleb128 0
 2740 0e2e 00       		.byte	0
 2741 0e2f 00       		.byte	0
 2742 0e30 00       		.byte	0
 2743 0e31 0E       		.uleb128 0xe
 2744 0e32 E8000000 		.4byte	.LVL32
 2745 0e36 7B080000 		.4byte	0x87b
 2746 0e3a 01       		.uleb128 0x1
 2747 0e3b 01       		.uleb128 0x1
 2748 0e3c 50       		.byte	0x50
 2749 0e3d 03       		.uleb128 0x3
 2750 0e3e 91       		.byte	0x91
 2751 0e3f 44       		.sleb128 -60
 2752 0e40 06       		.byte	0x6
 2753 0e41 01       		.uleb128 0x1
 2754 0e42 01       		.uleb128 0x1
 2755 0e43 51       		.byte	0x51
 2756 0e44 01       		.uleb128 0x1
 2757 0e45 30       		.byte	0x30
 2758 0e46 00       		.byte	0
 2759 0e47 00       		.byte	0
 2760 0e48 05       		.uleb128 0x5
 2761 0e49 44000000 		.4byte	.LVL20
 2762 0e4d DB080000 		.4byte	0x8db
 2763 0e51 5D0E0000 		.4byte	0xe5d
 2764 0e55 01       		.uleb128 0x1
 2765 0e56 01       		.uleb128 0x1
 2766 0e57 50       		.byte	0x50
 2767 0e58 03       		.uleb128 0x3
 2768 0e59 91       		.byte	0x91
 2769 0e5a 4C       		.sleb128 -52
 2770 0e5b 06       		.byte	0x6
 2771 0e5c 00       		.byte	0
 2772 0e5d 05       		.uleb128 0x5
 2773 0e5e FC000000 		.4byte	.LVL35
 2774 0e62 AD080000 		.4byte	0x8ad
 2775 0e66 720E0000 		.4byte	0xe72
 2776 0e6a 01       		.uleb128 0x1
 2777 0e6b 01       		.uleb128 0x1
 2778 0e6c 50       		.byte	0x50
 2779 0e6d 03       		.uleb128 0x3
 2780 0e6e 91       		.byte	0x91
 2781 0e6f 4C       		.sleb128 -52
 2782 0e70 06       		.byte	0x6
 2783 0e71 00       		.byte	0
 2784 0e72 0E       		.uleb128 0xe
 2785 0e73 54010000 		.4byte	.LVL42
 2786 0e77 AD080000 		.4byte	0x8ad
 2787 0e7b 01       		.uleb128 0x1
 2788 0e7c 01       		.uleb128 0x1
 2789 0e7d 50       		.byte	0x50
 2790 0e7e 03       		.uleb128 0x3
 2791 0e7f 91       		.byte	0x91
 2792 0e80 4C       		.sleb128 -52
 2793 0e81 06       		.byte	0x6
ARM GAS  /tmp/ccLpdAKn.s 			page 50


 2794 0e82 00       		.byte	0
 2795 0e83 00       		.byte	0
 2796 0e84 06       		.uleb128 0x6
 2797 0e85 D3000000 		.4byte	0xd3
 2798 0e89 13       		.uleb128 0x13
 2799 0e8a B8000000 		.4byte	0xb8
 2800 0e8e 990E0000 		.4byte	0xe99
 2801 0e92 14       		.uleb128 0x14
 2802 0e93 2D000000 		.4byte	0x2d
 2803 0e97 12       		.byte	0x12
 2804 0e98 00       		.byte	0
 2805 0e99 0D       		.uleb128 0xd
 2806 0e9a 890E0000 		.4byte	0xe89
 2807 0e9e 2C       		.uleb128 0x2c
 2808 0e9f 15020000 		.4byte	.LASF134
 2809 0ea3 EB       		.byte	0xeb
 2810 0ea4 00000000 		.4byte	.LFB210
 2811 0ea8 60000000 		.4byte	.LFE210-.LFB210
 2812 0eac 01       		.uleb128 0x1
 2813 0ead 9C       		.byte	0x9c
 2814 0eae 900F0000 		.4byte	0xf90
 2815 0eb2 1C       		.uleb128 0x1c
 2816 0eb3 707000   		.ascii	"pp\000"
 2817 0eb6 EB       		.byte	0xeb
 2818 0eb7 1A       		.byte	0x1a
 2819 0eb8 960B0000 		.4byte	0xb96
 2820 0ebc 79030000 		.4byte	.LLST3
 2821 0ec0 71030000 		.4byte	.LVUS3
 2822 0ec4 15       		.uleb128 0x15
 2823 0ec5 40040000 		.4byte	.LASF133
 2824 0ec9 A00F0000 		.4byte	0xfa0
 2825 0ecd 2D       		.uleb128 0x2d
 2826 0ece 4F110000 		.4byte	0x114f
 2827 0ed2 30000000 		.4byte	.LBI54
 2828 0ed6 03       		.byte	.LVU49
 2829 0ed7 30000000 		.4byte	.LBB54
 2830 0edb 04000000 		.4byte	.LBE54-.LBB54
 2831 0edf F6       		.byte	0xf6
 2832 0ee0 F90E0000 		.4byte	0xef9
 2833 0ee4 1A       		.uleb128 0x1a
 2834 0ee5 5F110000 		.4byte	0x115f
 2835 0ee9 30000000 		.4byte	.LBI55
 2836 0eed 05       		.byte	.LVU51
 2837 0eee 30000000 		.4byte	.LBB55
 2838 0ef2 04000000 		.4byte	.LBE55-.LBB55
 2839 0ef6 7501     		.2byte	0x175
 2840 0ef8 00       		.byte	0
 2841 0ef9 2D       		.uleb128 0x2d
 2842 0efa 37110000 		.4byte	0x1137
 2843 0efe 50000000 		.4byte	.LBI57
 2844 0f02 01       		.byte	.LVU59
 2845 0f03 50000000 		.4byte	.LBB57
 2846 0f07 04000000 		.4byte	.LBE57-.LBB57
 2847 0f0b FA       		.byte	0xfa
 2848 0f0c 250F0000 		.4byte	0xf25
 2849 0f10 1A       		.uleb128 0x1a
 2850 0f11 57110000 		.4byte	0x1157
ARM GAS  /tmp/ccLpdAKn.s 			page 51


 2851 0f15 50000000 		.4byte	.LBI59
 2852 0f19 08       		.byte	.LVU66
 2853 0f1a 50000000 		.4byte	.LBB59
 2854 0f1e 04000000 		.4byte	.LBE59-.LBB59
 2855 0f22 8E01     		.2byte	0x18e
 2856 0f24 00       		.byte	0
 2857 0f25 05       		.uleb128 0x5
 2858 0f26 14000000 		.4byte	.LVL9
 2859 0f2a DB080000 		.4byte	0x8db
 2860 0f2e 390F0000 		.4byte	0xf39
 2861 0f32 01       		.uleb128 0x1
 2862 0f33 01       		.uleb128 0x1
 2863 0f34 50       		.byte	0x50
 2864 0f35 02       		.uleb128 0x2
 2865 0f36 75       		.byte	0x75
 2866 0f37 00       		.sleb128 0
 2867 0f38 00       		.byte	0
 2868 0f39 05       		.uleb128 0x5
 2869 0f3a 40000000 		.4byte	.LVL10
 2870 0f3e C5080000 		.4byte	0x8c5
 2871 0f42 530F0000 		.4byte	0xf53
 2872 0f46 01       		.uleb128 0x1
 2873 0f47 01       		.uleb128 0x1
 2874 0f48 50       		.byte	0x50
 2875 0f49 02       		.uleb128 0x2
 2876 0f4a 74       		.byte	0x74
 2877 0f4b 18       		.sleb128 24
 2878 0f4c 01       		.uleb128 0x1
 2879 0f4d 01       		.uleb128 0x1
 2880 0f4e 51       		.byte	0x51
 2881 0f4f 02       		.uleb128 0x2
 2882 0f50 09       		.byte	0x9
 2883 0f51 FE       		.byte	0xfe
 2884 0f52 00       		.byte	0
 2885 0f53 05       		.uleb128 0x5
 2886 0f54 4C000000 		.4byte	.LVL11
 2887 0f58 C5080000 		.4byte	0x8c5
 2888 0f5c 6D0F0000 		.4byte	0xf6d
 2889 0f60 01       		.uleb128 0x1
 2890 0f61 01       		.uleb128 0x1
 2891 0f62 50       		.byte	0x50
 2892 0f63 02       		.uleb128 0x2
 2893 0f64 74       		.byte	0x74
 2894 0f65 1C       		.sleb128 28
 2895 0f66 01       		.uleb128 0x1
 2896 0f67 01       		.uleb128 0x1
 2897 0f68 51       		.byte	0x51
 2898 0f69 02       		.uleb128 0x2
 2899 0f6a 09       		.byte	0x9
 2900 0f6b FE       		.byte	0xfe
 2901 0f6c 00       		.byte	0
 2902 0f6d 3A       		.uleb128 0x3a
 2903 0f6e 50000000 		.4byte	.LVL12
 2904 0f72 BD080000 		.4byte	0x8bd
 2905 0f76 2E       		.uleb128 0x2e
 2906 0f77 60000000 		.4byte	.LVL14
 2907 0f7b AD080000 		.4byte	0x8ad
ARM GAS  /tmp/ccLpdAKn.s 			page 52


 2908 0f7f 01       		.uleb128 0x1
 2909 0f80 01       		.uleb128 0x1
 2910 0f81 50       		.byte	0x50
 2911 0f82 0B       		.uleb128 0xb
 2912 0f83 A3       		.byte	0xa3
 2913 0f84 03       		.uleb128 0x3
 2914 0f85 A5       		.byte	0xa5
 2915 0f86 00       		.uleb128 0
 2916 0f87 26       		.uleb128 0x26
 2917 0f88 A8       		.byte	0xa8
 2918 0f89 2D       		.uleb128 0x2d
 2919 0f8a A8       		.byte	0xa8
 2920 0f8b 00       		.uleb128 0
 2921 0f8c 23       		.byte	0x23
 2922 0f8d 20       		.uleb128 0x20
 2923 0f8e 00       		.byte	0
 2924 0f8f 00       		.byte	0
 2925 0f90 13       		.uleb128 0x13
 2926 0f91 B8000000 		.4byte	0xb8
 2927 0f95 A00F0000 		.4byte	0xfa0
 2928 0f99 14       		.uleb128 0x14
 2929 0f9a 2D000000 		.4byte	0x2d
 2930 0f9e 0B       		.byte	0xb
 2931 0f9f 00       		.byte	0
 2932 0fa0 0D       		.uleb128 0xd
 2933 0fa1 900F0000 		.4byte	0xf90
 2934 0fa5 2C       		.uleb128 0x2c
 2935 0fa6 97030000 		.4byte	.LASF135
 2936 0faa CE       		.byte	0xce
 2937 0fab 00000000 		.4byte	.LFB209
 2938 0faf 4C000000 		.4byte	.LFE209-.LFB209
 2939 0fb3 01       		.uleb128 0x1
 2940 0fb4 9C       		.byte	0x9c
 2941 0fb5 3A100000 		.4byte	0x103a
 2942 0fb9 1C       		.uleb128 0x1c
 2943 0fba 707000   		.ascii	"pp\000"
 2944 0fbd CE       		.byte	0xce
 2945 0fbe 1F       		.byte	0x1f
 2946 0fbf 960B0000 		.4byte	0xb96
 2947 0fc3 A6030000 		.4byte	.LLST0
 2948 0fc7 9E030000 		.4byte	.LVUS0
 2949 0fcb 1C       		.uleb128 0x1c
 2950 0fcc 62756600 		.ascii	"buf\000"
 2951 0fd0 CE       		.byte	0xce
 2952 0fd1 2C       		.byte	0x2c
 2953 0fd2 9F030000 		.4byte	0x39f
 2954 0fd6 CF030000 		.4byte	.LLST1
 2955 0fda CB030000 		.4byte	.LVUS1
 2956 0fde 1C       		.uleb128 0x1c
 2957 0fdf 6E00     		.ascii	"n\000"
 2958 0fe1 CE       		.byte	0xce
 2959 0fe2 38       		.byte	0x38
 2960 0fe3 3B000000 		.4byte	0x3b
 2961 0fe7 EC030000 		.4byte	.LLST2
 2962 0feb E8030000 		.4byte	.LVUS2
 2963 0fef 15       		.uleb128 0x15
 2964 0ff0 40040000 		.4byte	.LASF133
ARM GAS  /tmp/ccLpdAKn.s 			page 53


 2965 0ff4 4A100000 		.4byte	0x104a
 2966 0ff8 05       		.uleb128 0x5
 2967 0ff9 38000000 		.4byte	.LVL3
 2968 0ffd EB080000 		.4byte	0x8eb
 2969 1001 0C100000 		.4byte	0x100c
 2970 1005 01       		.uleb128 0x1
 2971 1006 01       		.uleb128 0x1
 2972 1007 50       		.byte	0x50
 2973 1008 02       		.uleb128 0x2
 2974 1009 74       		.byte	0x74
 2975 100a 20       		.sleb128 32
 2976 100b 00       		.byte	0
 2977 100c 05       		.uleb128 0x5
 2978 100d 40000000 		.4byte	.LVL4
 2979 1011 EB080000 		.4byte	0x8eb
 2980 1015 20100000 		.4byte	0x1020
 2981 1019 01       		.uleb128 0x1
 2982 101a 01       		.uleb128 0x1
 2983 101b 50       		.byte	0x50
 2984 101c 02       		.uleb128 0x2
 2985 101d 74       		.byte	0x74
 2986 101e 30       		.sleb128 48
 2987 101f 00       		.byte	0
 2988 1020 2E       		.uleb128 0x2e
 2989 1021 4C000000 		.4byte	.LVL6
 2990 1025 EB080000 		.4byte	0x8eb
 2991 1029 01       		.uleb128 0x1
 2992 102a 01       		.uleb128 0x1
 2993 102b 50       		.byte	0x50
 2994 102c 0B       		.uleb128 0xb
 2995 102d A3       		.byte	0xa3
 2996 102e 03       		.uleb128 0x3
 2997 102f A5       		.byte	0xa5
 2998 1030 00       		.uleb128 0
 2999 1031 26       		.uleb128 0x26
 3000 1032 A8       		.byte	0xa8
 3001 1033 2D       		.uleb128 0x2d
 3002 1034 A8       		.byte	0xa8
 3003 1035 00       		.uleb128 0
 3004 1036 23       		.byte	0x23
 3005 1037 40       		.uleb128 0x40
 3006 1038 00       		.byte	0
 3007 1039 00       		.byte	0
 3008 103a 13       		.uleb128 0x13
 3009 103b B8000000 		.4byte	0xb8
 3010 103f 4A100000 		.4byte	0x104a
 3011 1043 14       		.uleb128 0x14
 3012 1044 2D000000 		.4byte	0x2d
 3013 1048 10       		.byte	0x10
 3014 1049 00       		.byte	0
 3015 104a 0D       		.uleb128 0xd
 3016 104b 3A100000 		.4byte	0x103a
 3017 104f 16       		.uleb128 0x16
 3018 1050 40000000 		.4byte	.LASF136
 3019 1054 01       		.byte	0x1
 3020 1055 9B       		.byte	0x9b
 3021 1056 0F       		.byte	0xf
ARM GAS  /tmp/ccLpdAKn.s 			page 54


 3022 1057 3B000000 		.4byte	0x3b
 3023 105b 01       		.byte	0x1
 3024 105c 95100000 		.4byte	0x1095
 3025 1060 0C       		.uleb128 0xc
 3026 1061 707000   		.ascii	"pp\000"
 3027 1064 01       		.byte	0x1
 3028 1065 9B       		.byte	0x9b
 3029 1066 21       		.byte	0x21
 3030 1067 960B0000 		.4byte	0xb96
 3031 106b 0C       		.uleb128 0xc
 3032 106c 627000   		.ascii	"bp\000"
 3033 106f 01       		.byte	0x1
 3034 1070 9B       		.byte	0x9b
 3035 1071 2E       		.byte	0x2e
 3036 1072 9F030000 		.4byte	0x39f
 3037 1076 0C       		.uleb128 0xc
 3038 1077 6E00     		.ascii	"n\000"
 3039 1079 01       		.byte	0x1
 3040 107a 9B       		.byte	0x9b
 3041 107b 39       		.byte	0x39
 3042 107c 3B000000 		.4byte	0x3b
 3043 1080 1D       		.uleb128 0x1d
 3044 1081 733100   		.ascii	"s1\000"
 3045 1084 9C       		.byte	0x9c
 3046 1085 0A       		.byte	0xa
 3047 1086 3B000000 		.4byte	0x3b
 3048 108a 1D       		.uleb128 0x1d
 3049 108b 733200   		.ascii	"s2\000"
 3050 108e 9C       		.byte	0x9c
 3051 108f 0E       		.byte	0xe
 3052 1090 3B000000 		.4byte	0x3b
 3053 1094 00       		.byte	0
 3054 1095 16       		.uleb128 0x16
 3055 1096 73000000 		.4byte	.LASF137
 3056 109a 01       		.byte	0x1
 3057 109b 68       		.byte	0x68
 3058 109c 0F       		.byte	0xf
 3059 109d 3B000000 		.4byte	0x3b
 3060 10a1 01       		.byte	0x1
 3061 10a2 DB100000 		.4byte	0x10db
 3062 10a6 0C       		.uleb128 0xc
 3063 10a7 707000   		.ascii	"pp\000"
 3064 10aa 01       		.byte	0x1
 3065 10ab 68       		.byte	0x68
 3066 10ac 22       		.byte	0x22
 3067 10ad 960B0000 		.4byte	0xb96
 3068 10b1 0C       		.uleb128 0xc
 3069 10b2 627000   		.ascii	"bp\000"
 3070 10b5 01       		.byte	0x1
 3071 10b6 68       		.byte	0x68
 3072 10b7 35       		.byte	0x35
 3073 10b8 840E0000 		.4byte	0xe84
 3074 10bc 0C       		.uleb128 0xc
 3075 10bd 6E00     		.ascii	"n\000"
 3076 10bf 01       		.byte	0x1
 3077 10c0 68       		.byte	0x68
 3078 10c1 40       		.byte	0x40
ARM GAS  /tmp/ccLpdAKn.s 			page 55


 3079 10c2 3B000000 		.4byte	0x3b
 3080 10c6 1D       		.uleb128 0x1d
 3081 10c7 733100   		.ascii	"s1\000"
 3082 10ca 69       		.byte	0x69
 3083 10cb 0A       		.byte	0xa
 3084 10cc 3B000000 		.4byte	0x3b
 3085 10d0 1D       		.uleb128 0x1d
 3086 10d1 733200   		.ascii	"s2\000"
 3087 10d4 69       		.byte	0x69
 3088 10d5 0E       		.byte	0xe
 3089 10d6 3B000000 		.4byte	0x3b
 3090 10da 00       		.byte	0
 3091 10db 16       		.uleb128 0x16
 3092 10dc 76030000 		.4byte	.LASF138
 3093 10e0 04       		.byte	0x4
 3094 10e1 BA       		.byte	0xba
 3095 10e2 16       		.byte	0x16
 3096 10e3 3B000000 		.4byte	0x3b
 3097 10e7 03       		.byte	0x3
 3098 10e8 F8100000 		.4byte	0x10f8
 3099 10ec 0C       		.uleb128 0xc
 3100 10ed 707000   		.ascii	"pp\000"
 3101 10f0 04       		.byte	0x4
 3102 10f1 BA       		.byte	0xba
 3103 10f2 37       		.byte	0x37
 3104 10f3 F8100000 		.4byte	0x10f8
 3105 10f7 00       		.byte	0
 3106 10f8 06       		.uleb128 0x6
 3107 10f9 50080000 		.4byte	0x850
 3108 10fd 16       		.uleb128 0x16
 3109 10fe 02030000 		.4byte	.LASF139
 3110 1102 04       		.byte	0x4
 3111 1103 AD       		.byte	0xad
 3112 1104 16       		.byte	0x16
 3113 1105 3B000000 		.4byte	0x3b
 3114 1109 03       		.byte	0x3
 3115 110a 1A110000 		.4byte	0x111a
 3116 110e 0C       		.uleb128 0xc
 3117 110f 707000   		.ascii	"pp\000"
 3118 1112 04       		.byte	0x4
 3119 1113 AD       		.byte	0xad
 3120 1114 37       		.byte	0x37
 3121 1115 F8100000 		.4byte	0x10f8
 3122 1119 00       		.byte	0
 3123 111a 16       		.uleb128 0x16
 3124 111b AD030000 		.4byte	.LASF140
 3125 111f 04       		.byte	0x4
 3126 1120 9D       		.byte	0x9d
 3127 1121 16       		.byte	0x16
 3128 1122 3B000000 		.4byte	0x3b
 3129 1126 03       		.byte	0x3
 3130 1127 37110000 		.4byte	0x1137
 3131 112b 0C       		.uleb128 0xc
 3132 112c 707000   		.ascii	"pp\000"
 3133 112f 04       		.byte	0x4
 3134 1130 9D       		.byte	0x9d
 3135 1131 32       		.byte	0x32
ARM GAS  /tmp/ccLpdAKn.s 			page 56


 3136 1132 F8100000 		.4byte	0x10f8
 3137 1136 00       		.byte	0
 3138 1137 3B       		.uleb128 0x3b
 3139 1138 D9010000 		.4byte	.LASF148
 3140 113c 02       		.byte	0x2
 3141 113d 8101     		.2byte	0x181
 3142 113f 14       		.byte	0x14
 3143 1140 03       		.byte	0x3
 3144 1141 4F110000 		.4byte	0x114f
 3145 1145 15       		.uleb128 0x15
 3146 1146 40040000 		.4byte	.LASF133
 3147 114a A00F0000 		.4byte	0xfa0
 3148 114e 00       		.byte	0
 3149 114f 22       		.uleb128 0x22
 3150 1150 A8020000 		.4byte	.LASF141
 3151 1154 02       		.byte	0x2
 3152 1155 7301     		.2byte	0x173
 3153 1157 22       		.uleb128 0x22
 3154 1158 22070000 		.4byte	.LASF142
 3155 115c 03       		.byte	0x3
 3156 115d EF02     		.2byte	0x2ef
 3157 115f 22       		.uleb128 0x22
 3158 1160 B3000000 		.4byte	.LASF143
 3159 1164 03       		.byte	0x3
 3160 1165 E302     		.2byte	0x2e3
 3161 1167 3C       		.uleb128 0x3c
 3162 1168 0E070000 		.4byte	.LASF122
 3163 116c F5000000 		.4byte	.LASF149
 3164 1170 14       		.byte	0x14
 3165 1171 00       		.byte	0
 3166 1172 00       		.byte	0
 3167              		.section	.debug_abbrev,"",%progbits
 3168              	.Ldebug_abbrev0:
 3169 0000 01       		.uleb128 0x1
 3170 0001 49       		.uleb128 0x49
 3171 0002 00       		.byte	0
 3172 0003 02       		.uleb128 0x2
 3173 0004 18       		.uleb128 0x18
 3174 0005 7E       		.uleb128 0x7e
 3175 0006 18       		.uleb128 0x18
 3176 0007 00       		.byte	0
 3177 0008 00       		.byte	0
 3178 0009 02       		.uleb128 0x2
 3179 000a 16       		.uleb128 0x16
 3180 000b 00       		.byte	0
 3181 000c 03       		.uleb128 0x3
 3182 000d 0E       		.uleb128 0xe
 3183 000e 3A       		.uleb128 0x3a
 3184 000f 0B       		.uleb128 0xb
 3185 0010 3B       		.uleb128 0x3b
 3186 0011 0B       		.uleb128 0xb
 3187 0012 39       		.uleb128 0x39
 3188 0013 0B       		.uleb128 0xb
 3189 0014 49       		.uleb128 0x49
 3190 0015 13       		.uleb128 0x13
 3191 0016 00       		.byte	0
 3192 0017 00       		.byte	0
ARM GAS  /tmp/ccLpdAKn.s 			page 57


 3193 0018 03       		.uleb128 0x3
 3194 0019 0D       		.uleb128 0xd
 3195 001a 00       		.byte	0
 3196 001b 03       		.uleb128 0x3
 3197 001c 0E       		.uleb128 0xe
 3198 001d 3A       		.uleb128 0x3a
 3199 001e 0B       		.uleb128 0xb
 3200 001f 3B       		.uleb128 0x3b
 3201 0020 0B       		.uleb128 0xb
 3202 0021 39       		.uleb128 0x39
 3203 0022 0B       		.uleb128 0xb
 3204 0023 49       		.uleb128 0x49
 3205 0024 13       		.uleb128 0x13
 3206 0025 38       		.uleb128 0x38
 3207 0026 0B       		.uleb128 0xb
 3208 0027 00       		.byte	0
 3209 0028 00       		.byte	0
 3210 0029 04       		.uleb128 0x4
 3211 002a 0D       		.uleb128 0xd
 3212 002b 00       		.byte	0
 3213 002c 03       		.uleb128 0x3
 3214 002d 0E       		.uleb128 0xe
 3215 002e 3A       		.uleb128 0x3a
 3216 002f 0B       		.uleb128 0xb
 3217 0030 3B       		.uleb128 0x3b
 3218 0031 05       		.uleb128 0x5
 3219 0032 39       		.uleb128 0x39
 3220 0033 0B       		.uleb128 0xb
 3221 0034 49       		.uleb128 0x49
 3222 0035 13       		.uleb128 0x13
 3223 0036 38       		.uleb128 0x38
 3224 0037 0B       		.uleb128 0xb
 3225 0038 00       		.byte	0
 3226 0039 00       		.byte	0
 3227 003a 05       		.uleb128 0x5
 3228 003b 48       		.uleb128 0x48
 3229 003c 01       		.byte	0x1
 3230 003d 7D       		.uleb128 0x7d
 3231 003e 01       		.uleb128 0x1
 3232 003f 7F       		.uleb128 0x7f
 3233 0040 13       		.uleb128 0x13
 3234 0041 01       		.uleb128 0x1
 3235 0042 13       		.uleb128 0x13
 3236 0043 00       		.byte	0
 3237 0044 00       		.byte	0
 3238 0045 06       		.uleb128 0x6
 3239 0046 0F       		.uleb128 0xf
 3240 0047 00       		.byte	0
 3241 0048 0B       		.uleb128 0xb
 3242 0049 21       		.uleb128 0x21
 3243 004a 04       		.sleb128 4
 3244 004b 49       		.uleb128 0x49
 3245 004c 13       		.uleb128 0x13
 3246 004d 00       		.byte	0
 3247 004e 00       		.byte	0
 3248 004f 07       		.uleb128 0x7
 3249 0050 0D       		.uleb128 0xd
ARM GAS  /tmp/ccLpdAKn.s 			page 58


 3250 0051 00       		.byte	0
 3251 0052 03       		.uleb128 0x3
 3252 0053 08       		.uleb128 0x8
 3253 0054 3A       		.uleb128 0x3a
 3254 0055 0B       		.uleb128 0xb
 3255 0056 3B       		.uleb128 0x3b
 3256 0057 05       		.uleb128 0x5
 3257 0058 39       		.uleb128 0x39
 3258 0059 0B       		.uleb128 0xb
 3259 005a 49       		.uleb128 0x49
 3260 005b 13       		.uleb128 0x13
 3261 005c 38       		.uleb128 0x38
 3262 005d 0B       		.uleb128 0xb
 3263 005e 00       		.byte	0
 3264 005f 00       		.byte	0
 3265 0060 08       		.uleb128 0x8
 3266 0061 05       		.uleb128 0x5
 3267 0062 00       		.byte	0
 3268 0063 49       		.uleb128 0x49
 3269 0064 13       		.uleb128 0x13
 3270 0065 00       		.byte	0
 3271 0066 00       		.byte	0
 3272 0067 09       		.uleb128 0x9
 3273 0068 24       		.uleb128 0x24
 3274 0069 00       		.byte	0
 3275 006a 0B       		.uleb128 0xb
 3276 006b 0B       		.uleb128 0xb
 3277 006c 3E       		.uleb128 0x3e
 3278 006d 0B       		.uleb128 0xb
 3279 006e 03       		.uleb128 0x3
 3280 006f 0E       		.uleb128 0xe
 3281 0070 00       		.byte	0
 3282 0071 00       		.byte	0
 3283 0072 0A       		.uleb128 0xa
 3284 0073 13       		.uleb128 0x13
 3285 0074 01       		.byte	0x1
 3286 0075 03       		.uleb128 0x3
 3287 0076 0E       		.uleb128 0xe
 3288 0077 0B       		.uleb128 0xb
 3289 0078 0B       		.uleb128 0xb
 3290 0079 3A       		.uleb128 0x3a
 3291 007a 0B       		.uleb128 0xb
 3292 007b 3B       		.uleb128 0x3b
 3293 007c 0B       		.uleb128 0xb
 3294 007d 39       		.uleb128 0x39
 3295 007e 0B       		.uleb128 0xb
 3296 007f 01       		.uleb128 0x1
 3297 0080 13       		.uleb128 0x13
 3298 0081 00       		.byte	0
 3299 0082 00       		.byte	0
 3300 0083 0B       		.uleb128 0xb
 3301 0084 05       		.uleb128 0x5
 3302 0085 00       		.byte	0
 3303 0086 31       		.uleb128 0x31
 3304 0087 13       		.uleb128 0x13
 3305 0088 02       		.uleb128 0x2
 3306 0089 17       		.uleb128 0x17
ARM GAS  /tmp/ccLpdAKn.s 			page 59


 3307 008a B742     		.uleb128 0x2137
 3308 008c 17       		.uleb128 0x17
 3309 008d 00       		.byte	0
 3310 008e 00       		.byte	0
 3311 008f 0C       		.uleb128 0xc
 3312 0090 05       		.uleb128 0x5
 3313 0091 00       		.byte	0
 3314 0092 03       		.uleb128 0x3
 3315 0093 08       		.uleb128 0x8
 3316 0094 3A       		.uleb128 0x3a
 3317 0095 0B       		.uleb128 0xb
 3318 0096 3B       		.uleb128 0x3b
 3319 0097 0B       		.uleb128 0xb
 3320 0098 39       		.uleb128 0x39
 3321 0099 0B       		.uleb128 0xb
 3322 009a 49       		.uleb128 0x49
 3323 009b 13       		.uleb128 0x13
 3324 009c 00       		.byte	0
 3325 009d 00       		.byte	0
 3326 009e 0D       		.uleb128 0xd
 3327 009f 26       		.uleb128 0x26
 3328 00a0 00       		.byte	0
 3329 00a1 49       		.uleb128 0x49
 3330 00a2 13       		.uleb128 0x13
 3331 00a3 00       		.byte	0
 3332 00a4 00       		.byte	0
 3333 00a5 0E       		.uleb128 0xe
 3334 00a6 48       		.uleb128 0x48
 3335 00a7 01       		.byte	0x1
 3336 00a8 7D       		.uleb128 0x7d
 3337 00a9 01       		.uleb128 0x1
 3338 00aa 7F       		.uleb128 0x7f
 3339 00ab 13       		.uleb128 0x13
 3340 00ac 00       		.byte	0
 3341 00ad 00       		.byte	0
 3342 00ae 0F       		.uleb128 0xf
 3343 00af 0D       		.uleb128 0xd
 3344 00b0 00       		.byte	0
 3345 00b1 03       		.uleb128 0x3
 3346 00b2 08       		.uleb128 0x8
 3347 00b3 3A       		.uleb128 0x3a
 3348 00b4 0B       		.uleb128 0xb
 3349 00b5 3B       		.uleb128 0x3b
 3350 00b6 0B       		.uleb128 0xb
 3351 00b7 39       		.uleb128 0x39
 3352 00b8 0B       		.uleb128 0xb
 3353 00b9 49       		.uleb128 0x49
 3354 00ba 13       		.uleb128 0x13
 3355 00bb 38       		.uleb128 0x38
 3356 00bc 0B       		.uleb128 0xb
 3357 00bd 00       		.byte	0
 3358 00be 00       		.byte	0
 3359 00bf 10       		.uleb128 0x10
 3360 00c0 0D       		.uleb128 0xd
 3361 00c1 00       		.byte	0
 3362 00c2 03       		.uleb128 0x3
 3363 00c3 0E       		.uleb128 0xe
ARM GAS  /tmp/ccLpdAKn.s 			page 60


 3364 00c4 3A       		.uleb128 0x3a
 3365 00c5 21       		.uleb128 0x21
 3366 00c6 0A       		.sleb128 10
 3367 00c7 3B       		.uleb128 0x3b
 3368 00c8 05       		.uleb128 0x5
 3369 00c9 39       		.uleb128 0x39
 3370 00ca 0B       		.uleb128 0xb
 3371 00cb 49       		.uleb128 0x49
 3372 00cc 13       		.uleb128 0x13
 3373 00cd 00       		.byte	0
 3374 00ce 00       		.byte	0
 3375 00cf 11       		.uleb128 0x11
 3376 00d0 05       		.uleb128 0x5
 3377 00d1 00       		.byte	0
 3378 00d2 03       		.uleb128 0x3
 3379 00d3 08       		.uleb128 0x8
 3380 00d4 3A       		.uleb128 0x3a
 3381 00d5 21       		.uleb128 0x21
 3382 00d6 01       		.sleb128 1
 3383 00d7 3B       		.uleb128 0x3b
 3384 00d8 05       		.uleb128 0x5
 3385 00d9 39       		.uleb128 0x39
 3386 00da 0B       		.uleb128 0xb
 3387 00db 49       		.uleb128 0x49
 3388 00dc 13       		.uleb128 0x13
 3389 00dd 02       		.uleb128 0x2
 3390 00de 17       		.uleb128 0x17
 3391 00df B742     		.uleb128 0x2137
 3392 00e1 17       		.uleb128 0x17
 3393 00e2 00       		.byte	0
 3394 00e3 00       		.byte	0
 3395 00e4 12       		.uleb128 0x12
 3396 00e5 13       		.uleb128 0x13
 3397 00e6 01       		.byte	0x1
 3398 00e7 03       		.uleb128 0x3
 3399 00e8 0E       		.uleb128 0xe
 3400 00e9 0B       		.uleb128 0xb
 3401 00ea 0B       		.uleb128 0xb
 3402 00eb 3A       		.uleb128 0x3a
 3403 00ec 0B       		.uleb128 0xb
 3404 00ed 3B       		.uleb128 0x3b
 3405 00ee 05       		.uleb128 0x5
 3406 00ef 39       		.uleb128 0x39
 3407 00f0 0B       		.uleb128 0xb
 3408 00f1 01       		.uleb128 0x1
 3409 00f2 13       		.uleb128 0x13
 3410 00f3 00       		.byte	0
 3411 00f4 00       		.byte	0
 3412 00f5 13       		.uleb128 0x13
 3413 00f6 01       		.uleb128 0x1
 3414 00f7 01       		.byte	0x1
 3415 00f8 49       		.uleb128 0x49
 3416 00f9 13       		.uleb128 0x13
 3417 00fa 01       		.uleb128 0x1
 3418 00fb 13       		.uleb128 0x13
 3419 00fc 00       		.byte	0
 3420 00fd 00       		.byte	0
ARM GAS  /tmp/ccLpdAKn.s 			page 61


 3421 00fe 14       		.uleb128 0x14
 3422 00ff 21       		.uleb128 0x21
 3423 0100 00       		.byte	0
 3424 0101 49       		.uleb128 0x49
 3425 0102 13       		.uleb128 0x13
 3426 0103 2F       		.uleb128 0x2f
 3427 0104 0B       		.uleb128 0xb
 3428 0105 00       		.byte	0
 3429 0106 00       		.byte	0
 3430 0107 15       		.uleb128 0x15
 3431 0108 34       		.uleb128 0x34
 3432 0109 00       		.byte	0
 3433 010a 03       		.uleb128 0x3
 3434 010b 0E       		.uleb128 0xe
 3435 010c 49       		.uleb128 0x49
 3436 010d 13       		.uleb128 0x13
 3437 010e 34       		.uleb128 0x34
 3438 010f 19       		.uleb128 0x19
 3439 0110 00       		.byte	0
 3440 0111 00       		.byte	0
 3441 0112 16       		.uleb128 0x16
 3442 0113 2E       		.uleb128 0x2e
 3443 0114 01       		.byte	0x1
 3444 0115 03       		.uleb128 0x3
 3445 0116 0E       		.uleb128 0xe
 3446 0117 3A       		.uleb128 0x3a
 3447 0118 0B       		.uleb128 0xb
 3448 0119 3B       		.uleb128 0x3b
 3449 011a 0B       		.uleb128 0xb
 3450 011b 39       		.uleb128 0x39
 3451 011c 0B       		.uleb128 0xb
 3452 011d 27       		.uleb128 0x27
 3453 011e 19       		.uleb128 0x19
 3454 011f 49       		.uleb128 0x49
 3455 0120 13       		.uleb128 0x13
 3456 0121 20       		.uleb128 0x20
 3457 0122 0B       		.uleb128 0xb
 3458 0123 01       		.uleb128 0x1
 3459 0124 13       		.uleb128 0x13
 3460 0125 00       		.byte	0
 3461 0126 00       		.byte	0
 3462 0127 17       		.uleb128 0x17
 3463 0128 34       		.uleb128 0x34
 3464 0129 00       		.byte	0
 3465 012a 03       		.uleb128 0x3
 3466 012b 08       		.uleb128 0x8
 3467 012c 3A       		.uleb128 0x3a
 3468 012d 21       		.uleb128 0x21
 3469 012e 01       		.sleb128 1
 3470 012f 3B       		.uleb128 0x3b
 3471 0130 05       		.uleb128 0x5
 3472 0131 39       		.uleb128 0x39
 3473 0132 0B       		.uleb128 0xb
 3474 0133 49       		.uleb128 0x49
 3475 0134 13       		.uleb128 0x13
 3476 0135 02       		.uleb128 0x2
 3477 0136 17       		.uleb128 0x17
ARM GAS  /tmp/ccLpdAKn.s 			page 62


 3478 0137 B742     		.uleb128 0x2137
 3479 0139 17       		.uleb128 0x17
 3480 013a 00       		.byte	0
 3481 013b 00       		.byte	0
 3482 013c 18       		.uleb128 0x18
 3483 013d 0B       		.uleb128 0xb
 3484 013e 01       		.byte	0x1
 3485 013f 55       		.uleb128 0x55
 3486 0140 17       		.uleb128 0x17
 3487 0141 01       		.uleb128 0x1
 3488 0142 13       		.uleb128 0x13
 3489 0143 00       		.byte	0
 3490 0144 00       		.byte	0
 3491 0145 19       		.uleb128 0x19
 3492 0146 1D       		.uleb128 0x1d
 3493 0147 01       		.byte	0x1
 3494 0148 31       		.uleb128 0x31
 3495 0149 13       		.uleb128 0x13
 3496 014a 52       		.uleb128 0x52
 3497 014b 01       		.uleb128 0x1
 3498 014c B842     		.uleb128 0x2138
 3499 014e 0B       		.uleb128 0xb
 3500 014f 55       		.uleb128 0x55
 3501 0150 17       		.uleb128 0x17
 3502 0151 58       		.uleb128 0x58
 3503 0152 21       		.uleb128 0x21
 3504 0153 01       		.sleb128 1
 3505 0154 59       		.uleb128 0x59
 3506 0155 05       		.uleb128 0x5
 3507 0156 57       		.uleb128 0x57
 3508 0157 0B       		.uleb128 0xb
 3509 0158 01       		.uleb128 0x1
 3510 0159 13       		.uleb128 0x13
 3511 015a 00       		.byte	0
 3512 015b 00       		.byte	0
 3513 015c 1A       		.uleb128 0x1a
 3514 015d 1D       		.uleb128 0x1d
 3515 015e 00       		.byte	0
 3516 015f 31       		.uleb128 0x31
 3517 0160 13       		.uleb128 0x13
 3518 0161 52       		.uleb128 0x52
 3519 0162 01       		.uleb128 0x1
 3520 0163 B842     		.uleb128 0x2138
 3521 0165 0B       		.uleb128 0xb
 3522 0166 11       		.uleb128 0x11
 3523 0167 01       		.uleb128 0x1
 3524 0168 12       		.uleb128 0x12
 3525 0169 06       		.uleb128 0x6
 3526 016a 58       		.uleb128 0x58
 3527 016b 21       		.uleb128 0x21
 3528 016c 02       		.sleb128 2
 3529 016d 59       		.uleb128 0x59
 3530 016e 05       		.uleb128 0x5
 3531 016f 57       		.uleb128 0x57
 3532 0170 21       		.uleb128 0x21
 3533 0171 03       		.sleb128 3
 3534 0172 00       		.byte	0
ARM GAS  /tmp/ccLpdAKn.s 			page 63


 3535 0173 00       		.byte	0
 3536 0174 1B       		.uleb128 0x1b
 3537 0175 34       		.uleb128 0x34
 3538 0176 00       		.byte	0
 3539 0177 31       		.uleb128 0x31
 3540 0178 13       		.uleb128 0x13
 3541 0179 02       		.uleb128 0x2
 3542 017a 17       		.uleb128 0x17
 3543 017b B742     		.uleb128 0x2137
 3544 017d 17       		.uleb128 0x17
 3545 017e 00       		.byte	0
 3546 017f 00       		.byte	0
 3547 0180 1C       		.uleb128 0x1c
 3548 0181 05       		.uleb128 0x5
 3549 0182 00       		.byte	0
 3550 0183 03       		.uleb128 0x3
 3551 0184 08       		.uleb128 0x8
 3552 0185 3A       		.uleb128 0x3a
 3553 0186 21       		.uleb128 0x21
 3554 0187 01       		.sleb128 1
 3555 0188 3B       		.uleb128 0x3b
 3556 0189 0B       		.uleb128 0xb
 3557 018a 39       		.uleb128 0x39
 3558 018b 0B       		.uleb128 0xb
 3559 018c 49       		.uleb128 0x49
 3560 018d 13       		.uleb128 0x13
 3561 018e 02       		.uleb128 0x2
 3562 018f 17       		.uleb128 0x17
 3563 0190 B742     		.uleb128 0x2137
 3564 0192 17       		.uleb128 0x17
 3565 0193 00       		.byte	0
 3566 0194 00       		.byte	0
 3567 0195 1D       		.uleb128 0x1d
 3568 0196 34       		.uleb128 0x34
 3569 0197 00       		.byte	0
 3570 0198 03       		.uleb128 0x3
 3571 0199 08       		.uleb128 0x8
 3572 019a 3A       		.uleb128 0x3a
 3573 019b 21       		.uleb128 0x21
 3574 019c 01       		.sleb128 1
 3575 019d 3B       		.uleb128 0x3b
 3576 019e 0B       		.uleb128 0xb
 3577 019f 39       		.uleb128 0x39
 3578 01a0 0B       		.uleb128 0xb
 3579 01a1 49       		.uleb128 0x49
 3580 01a2 13       		.uleb128 0x13
 3581 01a3 00       		.byte	0
 3582 01a4 00       		.byte	0
 3583 01a5 1E       		.uleb128 0x1e
 3584 01a6 35       		.uleb128 0x35
 3585 01a7 00       		.byte	0
 3586 01a8 49       		.uleb128 0x49
 3587 01a9 13       		.uleb128 0x13
 3588 01aa 00       		.byte	0
 3589 01ab 00       		.byte	0
 3590 01ac 1F       		.uleb128 0x1f
 3591 01ad 0D       		.uleb128 0xd
ARM GAS  /tmp/ccLpdAKn.s 			page 64


 3592 01ae 00       		.byte	0
 3593 01af 03       		.uleb128 0x3
 3594 01b0 0E       		.uleb128 0xe
 3595 01b1 3A       		.uleb128 0x3a
 3596 01b2 21       		.uleb128 0x21
 3597 01b3 0A       		.sleb128 10
 3598 01b4 3B       		.uleb128 0x3b
 3599 01b5 0B       		.uleb128 0xb
 3600 01b6 39       		.uleb128 0x39
 3601 01b7 21       		.uleb128 0x21
 3602 01b8 21       		.sleb128 33
 3603 01b9 49       		.uleb128 0x49
 3604 01ba 13       		.uleb128 0x13
 3605 01bb 00       		.byte	0
 3606 01bc 00       		.byte	0
 3607 01bd 20       		.uleb128 0x20
 3608 01be 2E       		.uleb128 0x2e
 3609 01bf 01       		.byte	0x1
 3610 01c0 3F       		.uleb128 0x3f
 3611 01c1 19       		.uleb128 0x19
 3612 01c2 03       		.uleb128 0x3
 3613 01c3 0E       		.uleb128 0xe
 3614 01c4 3A       		.uleb128 0x3a
 3615 01c5 21       		.uleb128 0x21
 3616 01c6 10       		.sleb128 16
 3617 01c7 3B       		.uleb128 0x3b
 3618 01c8 0B       		.uleb128 0xb
 3619 01c9 39       		.uleb128 0x39
 3620 01ca 21       		.uleb128 0x21
 3621 01cb 08       		.sleb128 8
 3622 01cc 27       		.uleb128 0x27
 3623 01cd 19       		.uleb128 0x19
 3624 01ce 3C       		.uleb128 0x3c
 3625 01cf 19       		.uleb128 0x19
 3626 01d0 01       		.uleb128 0x1
 3627 01d1 13       		.uleb128 0x13
 3628 01d2 00       		.byte	0
 3629 01d3 00       		.byte	0
 3630 01d4 21       		.uleb128 0x21
 3631 01d5 1D       		.uleb128 0x1d
 3632 01d6 01       		.byte	0x1
 3633 01d7 31       		.uleb128 0x31
 3634 01d8 13       		.uleb128 0x13
 3635 01d9 52       		.uleb128 0x52
 3636 01da 01       		.uleb128 0x1
 3637 01db B842     		.uleb128 0x2138
 3638 01dd 0B       		.uleb128 0xb
 3639 01de 55       		.uleb128 0x55
 3640 01df 17       		.uleb128 0x17
 3641 01e0 58       		.uleb128 0x58
 3642 01e1 0B       		.uleb128 0xb
 3643 01e2 59       		.uleb128 0x59
 3644 01e3 0B       		.uleb128 0xb
 3645 01e4 57       		.uleb128 0x57
 3646 01e5 0B       		.uleb128 0xb
 3647 01e6 01       		.uleb128 0x1
 3648 01e7 13       		.uleb128 0x13
ARM GAS  /tmp/ccLpdAKn.s 			page 65


 3649 01e8 00       		.byte	0
 3650 01e9 00       		.byte	0
 3651 01ea 22       		.uleb128 0x22
 3652 01eb 2E       		.uleb128 0x2e
 3653 01ec 00       		.byte	0
 3654 01ed 03       		.uleb128 0x3
 3655 01ee 0E       		.uleb128 0xe
 3656 01ef 3A       		.uleb128 0x3a
 3657 01f0 0B       		.uleb128 0xb
 3658 01f1 3B       		.uleb128 0x3b
 3659 01f2 05       		.uleb128 0x5
 3660 01f3 39       		.uleb128 0x39
 3661 01f4 21       		.uleb128 0x21
 3662 01f5 14       		.sleb128 20
 3663 01f6 27       		.uleb128 0x27
 3664 01f7 19       		.uleb128 0x19
 3665 01f8 20       		.uleb128 0x20
 3666 01f9 21       		.uleb128 0x21
 3667 01fa 03       		.sleb128 3
 3668 01fb 00       		.byte	0
 3669 01fc 00       		.byte	0
 3670 01fd 23       		.uleb128 0x23
 3671 01fe 17       		.uleb128 0x17
 3672 01ff 01       		.byte	0x1
 3673 0200 0B       		.uleb128 0xb
 3674 0201 0B       		.uleb128 0xb
 3675 0202 3A       		.uleb128 0x3a
 3676 0203 21       		.uleb128 0x21
 3677 0204 0A       		.sleb128 10
 3678 0205 3B       		.uleb128 0x3b
 3679 0206 0B       		.uleb128 0xb
 3680 0207 39       		.uleb128 0x39
 3681 0208 21       		.uleb128 0x21
 3682 0209 03       		.sleb128 3
 3683 020a 01       		.uleb128 0x1
 3684 020b 13       		.uleb128 0x13
 3685 020c 00       		.byte	0
 3686 020d 00       		.byte	0
 3687 020e 24       		.uleb128 0x24
 3688 020f 16       		.uleb128 0x16
 3689 0210 00       		.byte	0
 3690 0211 03       		.uleb128 0x3
 3691 0212 0E       		.uleb128 0xe
 3692 0213 3A       		.uleb128 0x3a
 3693 0214 21       		.uleb128 0x21
 3694 0215 0A       		.sleb128 10
 3695 0216 3B       		.uleb128 0x3b
 3696 0217 05       		.uleb128 0x5
 3697 0218 39       		.uleb128 0x39
 3698 0219 21       		.uleb128 0x21
 3699 021a 03       		.sleb128 3
 3700 021b 49       		.uleb128 0x49
 3701 021c 13       		.uleb128 0x13
 3702 021d 00       		.byte	0
 3703 021e 00       		.byte	0
 3704 021f 25       		.uleb128 0x25
 3705 0220 2E       		.uleb128 0x2e
ARM GAS  /tmp/ccLpdAKn.s 			page 66


 3706 0221 01       		.byte	0x1
 3707 0222 3F       		.uleb128 0x3f
 3708 0223 19       		.uleb128 0x19
 3709 0224 03       		.uleb128 0x3
 3710 0225 0E       		.uleb128 0xe
 3711 0226 3A       		.uleb128 0x3a
 3712 0227 21       		.uleb128 0x21
 3713 0228 12       		.sleb128 18
 3714 0229 3B       		.uleb128 0x3b
 3715 022a 05       		.uleb128 0x5
 3716 022b 39       		.uleb128 0x39
 3717 022c 21       		.uleb128 0x21
 3718 022d 08       		.sleb128 8
 3719 022e 27       		.uleb128 0x27
 3720 022f 19       		.uleb128 0x19
 3721 0230 3C       		.uleb128 0x3c
 3722 0231 19       		.uleb128 0x19
 3723 0232 01       		.uleb128 0x1
 3724 0233 13       		.uleb128 0x13
 3725 0234 00       		.byte	0
 3726 0235 00       		.byte	0
 3727 0236 26       		.uleb128 0x26
 3728 0237 2E       		.uleb128 0x2e
 3729 0238 01       		.byte	0x1
 3730 0239 3F       		.uleb128 0x3f
 3731 023a 19       		.uleb128 0x19
 3732 023b 03       		.uleb128 0x3
 3733 023c 0E       		.uleb128 0xe
 3734 023d 3A       		.uleb128 0x3a
 3735 023e 21       		.uleb128 0x21
 3736 023f 01       		.sleb128 1
 3737 0240 3B       		.uleb128 0x3b
 3738 0241 05       		.uleb128 0x5
 3739 0242 39       		.uleb128 0x39
 3740 0243 21       		.uleb128 0x21
 3741 0244 08       		.sleb128 8
 3742 0245 27       		.uleb128 0x27
 3743 0246 19       		.uleb128 0x19
 3744 0247 49       		.uleb128 0x49
 3745 0248 13       		.uleb128 0x13
 3746 0249 11       		.uleb128 0x11
 3747 024a 01       		.uleb128 0x1
 3748 024b 12       		.uleb128 0x12
 3749 024c 06       		.uleb128 0x6
 3750 024d 40       		.uleb128 0x40
 3751 024e 18       		.uleb128 0x18
 3752 024f 7A       		.uleb128 0x7a
 3753 0250 19       		.uleb128 0x19
 3754 0251 01       		.uleb128 0x1
 3755 0252 13       		.uleb128 0x13
 3756 0253 00       		.byte	0
 3757 0254 00       		.byte	0
 3758 0255 27       		.uleb128 0x27
 3759 0256 05       		.uleb128 0x5
 3760 0257 00       		.byte	0
 3761 0258 03       		.uleb128 0x3
 3762 0259 0E       		.uleb128 0xe
ARM GAS  /tmp/ccLpdAKn.s 			page 67


 3763 025a 3A       		.uleb128 0x3a
 3764 025b 21       		.uleb128 0x21
 3765 025c 01       		.sleb128 1
 3766 025d 3B       		.uleb128 0x3b
 3767 025e 05       		.uleb128 0x5
 3768 025f 39       		.uleb128 0x39
 3769 0260 0B       		.uleb128 0xb
 3770 0261 49       		.uleb128 0x49
 3771 0262 13       		.uleb128 0x13
 3772 0263 02       		.uleb128 0x2
 3773 0264 17       		.uleb128 0x17
 3774 0265 B742     		.uleb128 0x2137
 3775 0267 17       		.uleb128 0x17
 3776 0268 00       		.byte	0
 3777 0269 00       		.byte	0
 3778 026a 28       		.uleb128 0x28
 3779 026b 34       		.uleb128 0x34
 3780 026c 00       		.byte	0
 3781 026d 03       		.uleb128 0x3
 3782 026e 0E       		.uleb128 0xe
 3783 026f 3A       		.uleb128 0x3a
 3784 0270 21       		.uleb128 0x21
 3785 0271 01       		.sleb128 1
 3786 0272 3B       		.uleb128 0x3b
 3787 0273 05       		.uleb128 0x5
 3788 0274 39       		.uleb128 0x39
 3789 0275 21       		.uleb128 0x21
 3790 0276 0C       		.sleb128 12
 3791 0277 49       		.uleb128 0x49
 3792 0278 13       		.uleb128 0x13
 3793 0279 02       		.uleb128 0x2
 3794 027a 17       		.uleb128 0x17
 3795 027b B742     		.uleb128 0x2137
 3796 027d 17       		.uleb128 0x17
 3797 027e 00       		.byte	0
 3798 027f 00       		.byte	0
 3799 0280 29       		.uleb128 0x29
 3800 0281 1D       		.uleb128 0x1d
 3801 0282 00       		.byte	0
 3802 0283 31       		.uleb128 0x31
 3803 0284 13       		.uleb128 0x13
 3804 0285 52       		.uleb128 0x52
 3805 0286 01       		.uleb128 0x1
 3806 0287 B842     		.uleb128 0x2138
 3807 0289 0B       		.uleb128 0xb
 3808 028a 55       		.uleb128 0x55
 3809 028b 17       		.uleb128 0x17
 3810 028c 58       		.uleb128 0x58
 3811 028d 21       		.uleb128 0x21
 3812 028e 02       		.sleb128 2
 3813 028f 59       		.uleb128 0x59
 3814 0290 21       		.uleb128 0x21
 3815 0291 F502     		.sleb128 373
 3816 0293 57       		.uleb128 0x57
 3817 0294 21       		.uleb128 0x21
 3818 0295 03       		.sleb128 3
 3819 0296 00       		.byte	0
ARM GAS  /tmp/ccLpdAKn.s 			page 68


 3820 0297 00       		.byte	0
 3821 0298 2A       		.uleb128 0x2a
 3822 0299 1D       		.uleb128 0x1d
 3823 029a 01       		.byte	0x1
 3824 029b 31       		.uleb128 0x31
 3825 029c 13       		.uleb128 0x13
 3826 029d 52       		.uleb128 0x52
 3827 029e 01       		.uleb128 0x1
 3828 029f B842     		.uleb128 0x2138
 3829 02a1 0B       		.uleb128 0xb
 3830 02a2 11       		.uleb128 0x11
 3831 02a3 01       		.uleb128 0x1
 3832 02a4 12       		.uleb128 0x12
 3833 02a5 06       		.uleb128 0x6
 3834 02a6 58       		.uleb128 0x58
 3835 02a7 21       		.uleb128 0x21
 3836 02a8 01       		.sleb128 1
 3837 02a9 59       		.uleb128 0x59
 3838 02aa 05       		.uleb128 0x5
 3839 02ab 57       		.uleb128 0x57
 3840 02ac 21       		.uleb128 0x21
 3841 02ad 07       		.sleb128 7
 3842 02ae 01       		.uleb128 0x1
 3843 02af 13       		.uleb128 0x13
 3844 02b0 00       		.byte	0
 3845 02b1 00       		.byte	0
 3846 02b2 2B       		.uleb128 0x2b
 3847 02b3 0B       		.uleb128 0xb
 3848 02b4 01       		.byte	0x1
 3849 02b5 55       		.uleb128 0x55
 3850 02b6 17       		.uleb128 0x17
 3851 02b7 00       		.byte	0
 3852 02b8 00       		.byte	0
 3853 02b9 2C       		.uleb128 0x2c
 3854 02ba 2E       		.uleb128 0x2e
 3855 02bb 01       		.byte	0x1
 3856 02bc 3F       		.uleb128 0x3f
 3857 02bd 19       		.uleb128 0x19
 3858 02be 03       		.uleb128 0x3
 3859 02bf 0E       		.uleb128 0xe
 3860 02c0 3A       		.uleb128 0x3a
 3861 02c1 21       		.uleb128 0x21
 3862 02c2 01       		.sleb128 1
 3863 02c3 3B       		.uleb128 0x3b
 3864 02c4 0B       		.uleb128 0xb
 3865 02c5 39       		.uleb128 0x39
 3866 02c6 21       		.uleb128 0x21
 3867 02c7 06       		.sleb128 6
 3868 02c8 27       		.uleb128 0x27
 3869 02c9 19       		.uleb128 0x19
 3870 02ca 11       		.uleb128 0x11
 3871 02cb 01       		.uleb128 0x1
 3872 02cc 12       		.uleb128 0x12
 3873 02cd 06       		.uleb128 0x6
 3874 02ce 40       		.uleb128 0x40
 3875 02cf 18       		.uleb128 0x18
 3876 02d0 7A       		.uleb128 0x7a
ARM GAS  /tmp/ccLpdAKn.s 			page 69


 3877 02d1 19       		.uleb128 0x19
 3878 02d2 01       		.uleb128 0x1
 3879 02d3 13       		.uleb128 0x13
 3880 02d4 00       		.byte	0
 3881 02d5 00       		.byte	0
 3882 02d6 2D       		.uleb128 0x2d
 3883 02d7 1D       		.uleb128 0x1d
 3884 02d8 01       		.byte	0x1
 3885 02d9 31       		.uleb128 0x31
 3886 02da 13       		.uleb128 0x13
 3887 02db 52       		.uleb128 0x52
 3888 02dc 01       		.uleb128 0x1
 3889 02dd B842     		.uleb128 0x2138
 3890 02df 0B       		.uleb128 0xb
 3891 02e0 11       		.uleb128 0x11
 3892 02e1 01       		.uleb128 0x1
 3893 02e2 12       		.uleb128 0x12
 3894 02e3 06       		.uleb128 0x6
 3895 02e4 58       		.uleb128 0x58
 3896 02e5 21       		.uleb128 0x21
 3897 02e6 01       		.sleb128 1
 3898 02e7 59       		.uleb128 0x59
 3899 02e8 0B       		.uleb128 0xb
 3900 02e9 57       		.uleb128 0x57
 3901 02ea 21       		.uleb128 0x21
 3902 02eb 03       		.sleb128 3
 3903 02ec 01       		.uleb128 0x1
 3904 02ed 13       		.uleb128 0x13
 3905 02ee 00       		.byte	0
 3906 02ef 00       		.byte	0
 3907 02f0 2E       		.uleb128 0x2e
 3908 02f1 48       		.uleb128 0x48
 3909 02f2 01       		.byte	0x1
 3910 02f3 7D       		.uleb128 0x7d
 3911 02f4 01       		.uleb128 0x1
 3912 02f5 8201     		.uleb128 0x82
 3913 02f7 19       		.uleb128 0x19
 3914 02f8 7F       		.uleb128 0x7f
 3915 02f9 13       		.uleb128 0x13
 3916 02fa 00       		.byte	0
 3917 02fb 00       		.byte	0
 3918 02fc 2F       		.uleb128 0x2f
 3919 02fd 11       		.uleb128 0x11
 3920 02fe 01       		.byte	0x1
 3921 02ff 25       		.uleb128 0x25
 3922 0300 0E       		.uleb128 0xe
 3923 0301 13       		.uleb128 0x13
 3924 0302 0B       		.uleb128 0xb
 3925 0303 03       		.uleb128 0x3
 3926 0304 0E       		.uleb128 0xe
 3927 0305 1B       		.uleb128 0x1b
 3928 0306 0E       		.uleb128 0xe
 3929 0307 55       		.uleb128 0x55
 3930 0308 17       		.uleb128 0x17
 3931 0309 11       		.uleb128 0x11
 3932 030a 01       		.uleb128 0x1
 3933 030b 10       		.uleb128 0x10
ARM GAS  /tmp/ccLpdAKn.s 			page 70


 3934 030c 17       		.uleb128 0x17
 3935 030d 00       		.byte	0
 3936 030e 00       		.byte	0
 3937 030f 30       		.uleb128 0x30
 3938 0310 24       		.uleb128 0x24
 3939 0311 00       		.byte	0
 3940 0312 0B       		.uleb128 0xb
 3941 0313 0B       		.uleb128 0xb
 3942 0314 3E       		.uleb128 0x3e
 3943 0315 0B       		.uleb128 0xb
 3944 0316 03       		.uleb128 0x3
 3945 0317 08       		.uleb128 0x8
 3946 0318 00       		.byte	0
 3947 0319 00       		.byte	0
 3948 031a 31       		.uleb128 0x31
 3949 031b 0F       		.uleb128 0xf
 3950 031c 00       		.byte	0
 3951 031d 0B       		.uleb128 0xb
 3952 031e 0B       		.uleb128 0xb
 3953 031f 00       		.byte	0
 3954 0320 00       		.byte	0
 3955 0321 32       		.uleb128 0x32
 3956 0322 15       		.uleb128 0x15
 3957 0323 01       		.byte	0x1
 3958 0324 27       		.uleb128 0x27
 3959 0325 19       		.uleb128 0x19
 3960 0326 01       		.uleb128 0x1
 3961 0327 13       		.uleb128 0x13
 3962 0328 00       		.byte	0
 3963 0329 00       		.byte	0
 3964 032a 33       		.uleb128 0x33
 3965 032b 13       		.uleb128 0x13
 3966 032c 01       		.byte	0x1
 3967 032d 0B       		.uleb128 0xb
 3968 032e 0B       		.uleb128 0xb
 3969 032f 3A       		.uleb128 0x3a
 3970 0330 0B       		.uleb128 0xb
 3971 0331 3B       		.uleb128 0x3b
 3972 0332 0B       		.uleb128 0xb
 3973 0333 39       		.uleb128 0x39
 3974 0334 0B       		.uleb128 0xb
 3975 0335 01       		.uleb128 0x1
 3976 0336 13       		.uleb128 0x13
 3977 0337 00       		.byte	0
 3978 0338 00       		.byte	0
 3979 0339 34       		.uleb128 0x34
 3980 033a 2E       		.uleb128 0x2e
 3981 033b 01       		.byte	0x1
 3982 033c 3F       		.uleb128 0x3f
 3983 033d 19       		.uleb128 0x19
 3984 033e 03       		.uleb128 0x3
 3985 033f 0E       		.uleb128 0xe
 3986 0340 3A       		.uleb128 0x3a
 3987 0341 0B       		.uleb128 0xb
 3988 0342 3B       		.uleb128 0x3b
 3989 0343 0B       		.uleb128 0xb
 3990 0344 39       		.uleb128 0x39
ARM GAS  /tmp/ccLpdAKn.s 			page 71


 3991 0345 0B       		.uleb128 0xb
 3992 0346 27       		.uleb128 0x27
 3993 0347 19       		.uleb128 0x19
 3994 0348 49       		.uleb128 0x49
 3995 0349 13       		.uleb128 0x13
 3996 034a 3C       		.uleb128 0x3c
 3997 034b 19       		.uleb128 0x19
 3998 034c 01       		.uleb128 0x1
 3999 034d 13       		.uleb128 0x13
 4000 034e 00       		.byte	0
 4001 034f 00       		.byte	0
 4002 0350 35       		.uleb128 0x35
 4003 0351 26       		.uleb128 0x26
 4004 0352 00       		.byte	0
 4005 0353 00       		.byte	0
 4006 0354 00       		.byte	0
 4007 0355 36       		.uleb128 0x36
 4008 0356 2E       		.uleb128 0x2e
 4009 0357 01       		.byte	0x1
 4010 0358 3F       		.uleb128 0x3f
 4011 0359 19       		.uleb128 0x19
 4012 035a 03       		.uleb128 0x3
 4013 035b 0E       		.uleb128 0xe
 4014 035c 3A       		.uleb128 0x3a
 4015 035d 0B       		.uleb128 0xb
 4016 035e 3B       		.uleb128 0x3b
 4017 035f 05       		.uleb128 0x5
 4018 0360 39       		.uleb128 0x39
 4019 0361 0B       		.uleb128 0xb
 4020 0362 27       		.uleb128 0x27
 4021 0363 19       		.uleb128 0x19
 4022 0364 49       		.uleb128 0x49
 4023 0365 13       		.uleb128 0x13
 4024 0366 3C       		.uleb128 0x3c
 4025 0367 19       		.uleb128 0x19
 4026 0368 01       		.uleb128 0x1
 4027 0369 13       		.uleb128 0x13
 4028 036a 00       		.byte	0
 4029 036b 00       		.byte	0
 4030 036c 37       		.uleb128 0x37
 4031 036d 2E       		.uleb128 0x2e
 4032 036e 00       		.byte	0
 4033 036f 3F       		.uleb128 0x3f
 4034 0370 19       		.uleb128 0x19
 4035 0371 03       		.uleb128 0x3
 4036 0372 0E       		.uleb128 0xe
 4037 0373 3A       		.uleb128 0x3a
 4038 0374 0B       		.uleb128 0xb
 4039 0375 3B       		.uleb128 0x3b
 4040 0376 0B       		.uleb128 0xb
 4041 0377 39       		.uleb128 0x39
 4042 0378 0B       		.uleb128 0xb
 4043 0379 27       		.uleb128 0x27
 4044 037a 19       		.uleb128 0x19
 4045 037b 3C       		.uleb128 0x3c
 4046 037c 19       		.uleb128 0x19
 4047 037d 00       		.byte	0
ARM GAS  /tmp/ccLpdAKn.s 			page 72


 4048 037e 00       		.byte	0
 4049 037f 38       		.uleb128 0x38
 4050 0380 1D       		.uleb128 0x1d
 4051 0381 01       		.byte	0x1
 4052 0382 31       		.uleb128 0x31
 4053 0383 13       		.uleb128 0x13
 4054 0384 11       		.uleb128 0x11
 4055 0385 01       		.uleb128 0x1
 4056 0386 12       		.uleb128 0x12
 4057 0387 06       		.uleb128 0x6
 4058 0388 58       		.uleb128 0x58
 4059 0389 0B       		.uleb128 0xb
 4060 038a 59       		.uleb128 0x59
 4061 038b 0B       		.uleb128 0xb
 4062 038c 57       		.uleb128 0x57
 4063 038d 0B       		.uleb128 0xb
 4064 038e 00       		.byte	0
 4065 038f 00       		.byte	0
 4066 0390 39       		.uleb128 0x39
 4067 0391 05       		.uleb128 0x5
 4068 0392 00       		.byte	0
 4069 0393 31       		.uleb128 0x31
 4070 0394 13       		.uleb128 0x13
 4071 0395 00       		.byte	0
 4072 0396 00       		.byte	0
 4073 0397 3A       		.uleb128 0x3a
 4074 0398 48       		.uleb128 0x48
 4075 0399 00       		.byte	0
 4076 039a 7D       		.uleb128 0x7d
 4077 039b 01       		.uleb128 0x1
 4078 039c 7F       		.uleb128 0x7f
 4079 039d 13       		.uleb128 0x13
 4080 039e 00       		.byte	0
 4081 039f 00       		.byte	0
 4082 03a0 3B       		.uleb128 0x3b
 4083 03a1 2E       		.uleb128 0x2e
 4084 03a2 01       		.byte	0x1
 4085 03a3 03       		.uleb128 0x3
 4086 03a4 0E       		.uleb128 0xe
 4087 03a5 3A       		.uleb128 0x3a
 4088 03a6 0B       		.uleb128 0xb
 4089 03a7 3B       		.uleb128 0x3b
 4090 03a8 05       		.uleb128 0x5
 4091 03a9 39       		.uleb128 0x39
 4092 03aa 0B       		.uleb128 0xb
 4093 03ab 27       		.uleb128 0x27
 4094 03ac 19       		.uleb128 0x19
 4095 03ad 20       		.uleb128 0x20
 4096 03ae 0B       		.uleb128 0xb
 4097 03af 01       		.uleb128 0x1
 4098 03b0 13       		.uleb128 0x13
 4099 03b1 00       		.byte	0
 4100 03b2 00       		.byte	0
 4101 03b3 3C       		.uleb128 0x3c
 4102 03b4 2E       		.uleb128 0x2e
 4103 03b5 00       		.byte	0
 4104 03b6 3F       		.uleb128 0x3f
ARM GAS  /tmp/ccLpdAKn.s 			page 73


 4105 03b7 19       		.uleb128 0x19
 4106 03b8 3C       		.uleb128 0x3c
 4107 03b9 19       		.uleb128 0x19
 4108 03ba 6E       		.uleb128 0x6e
 4109 03bb 0E       		.uleb128 0xe
 4110 03bc 03       		.uleb128 0x3
 4111 03bd 0E       		.uleb128 0xe
 4112 03be 3A       		.uleb128 0x3a
 4113 03bf 0B       		.uleb128 0xb
 4114 03c0 3B       		.uleb128 0x3b
 4115 03c1 0B       		.uleb128 0xb
 4116 03c2 00       		.byte	0
 4117 03c3 00       		.byte	0
 4118 03c4 00       		.byte	0
 4119              		.section	.debug_loclists,"",%progbits
 4120 0000 01040000 		.4byte	.Ldebug_loc3-.Ldebug_loc2
 4121              	.Ldebug_loc2:
 4122 0004 0500     		.2byte	0x5
 4123 0006 04       		.byte	0x4
 4124 0007 00       		.byte	0
 4125 0008 00000000 		.4byte	0
 4126              	.Ldebug_loc0:
 4127              	.LVUS24:
 4128 000c 00       		.uleb128 0
 4129 000d 00       		.uleb128 .LVU205
 4130 000e 00       		.uleb128 .LVU205
 4131 000f 00       		.uleb128 .LVU206
 4132 0010 00       		.uleb128 .LVU206
 4133 0011 00       		.uleb128 .LVU208
 4134 0012 00       		.uleb128 .LVU208
 4135 0013 00       		.uleb128 0
 4136              	.LLST24:
 4137 0014 06       		.byte	0x6
 4138 0015 00000000 		.4byte	.LVL45
 4139 0019 04       		.byte	0x4
 4140 001a 00       		.uleb128 .LVL45-.LVL45
 4141 001b 20       		.uleb128 .LVL47-.LVL45
 4142 001c 01       		.uleb128 0x1
 4143 001d 50       		.byte	0x50
 4144 001e 04       		.byte	0x4
 4145 001f 20       		.uleb128 .LVL47-.LVL45
 4146 0020 28       		.uleb128 .LVL48-.LVL45
 4147 0021 0A       		.uleb128 0xa
 4148 0022 A3       		.byte	0xa3
 4149 0023 03       		.uleb128 0x3
 4150 0024 A5       		.byte	0xa5
 4151 0025 00       		.uleb128 0
 4152 0026 26       		.uleb128 0x26
 4153 0027 A8       		.byte	0xa8
 4154 0028 2D       		.uleb128 0x2d
 4155 0029 A8       		.byte	0xa8
 4156 002a 00       		.uleb128 0
 4157 002b 9F       		.byte	0x9f
 4158 002c 04       		.byte	0x4
 4159 002d 28       		.uleb128 .LVL48-.LVL45
 4160 002e 38       		.uleb128 .LVL49-.LVL45
 4161 002f 01       		.uleb128 0x1
ARM GAS  /tmp/ccLpdAKn.s 			page 74


 4162 0030 50       		.byte	0x50
 4163 0031 04       		.byte	0x4
 4164 0032 38       		.uleb128 .LVL49-.LVL45
 4165 0033 EC02     		.uleb128 .LFE212-.LVL45
 4166 0035 01       		.uleb128 0x1
 4167 0036 54       		.byte	0x54
 4168 0037 00       		.byte	0
 4169              	.LVUS25:
 4170 0038 00       		.uleb128 0
 4171 0039 00       		.uleb128 .LVU209
 4172 003a 00       		.uleb128 .LVU209
 4173 003b 00       		.uleb128 0
 4174              	.LLST25:
 4175 003c 06       		.byte	0x6
 4176 003d 00000000 		.4byte	.LVL45
 4177 0041 04       		.byte	0x4
 4178 0042 00       		.uleb128 .LVL45-.LVL45
 4179 0043 43       		.uleb128 .LVL50-1-.LVL45
 4180 0044 01       		.uleb128 0x1
 4181 0045 51       		.byte	0x51
 4182 0046 04       		.byte	0x4
 4183 0047 43       		.uleb128 .LVL50-1-.LVL45
 4184 0048 EC02     		.uleb128 .LFE212-.LVL45
 4185 004a 01       		.uleb128 0x1
 4186 004b 57       		.byte	0x57
 4187 004c 00       		.byte	0
 4188              	.LVUS26:
 4189 004d 00       		.uleb128 0
 4190 004e 00       		.uleb128 .LVU209
 4191 004f 00       		.uleb128 .LVU209
 4192 0050 00       		.uleb128 .LVU214
 4193 0051 00       		.uleb128 .LVU214
 4194 0052 00       		.uleb128 .LVU265
 4195 0053 00       		.uleb128 .LVU268
 4196 0054 00       		.uleb128 0
 4197              	.LLST26:
 4198 0055 06       		.byte	0x6
 4199 0056 00000000 		.4byte	.LVL45
 4200 005a 04       		.byte	0x4
 4201 005b 00       		.uleb128 .LVL45-.LVL45
 4202 005c 43       		.uleb128 .LVL50-1-.LVL45
 4203 005d 01       		.uleb128 0x1
 4204 005e 52       		.byte	0x52
 4205 005f 04       		.byte	0x4
 4206 0060 43       		.uleb128 .LVL50-1-.LVL45
 4207 0061 64       		.uleb128 .LVL51-.LVL45
 4208 0062 01       		.uleb128 0x1
 4209 0063 55       		.byte	0x55
 4210 0064 04       		.byte	0x4
 4211 0065 64       		.uleb128 .LVL51-.LVL45
 4212 0066 F001     		.uleb128 .LVL64-.LVL45
 4213 0068 01       		.uleb128 0x1
 4214 0069 56       		.byte	0x56
 4215 006a 04       		.byte	0x4
 4216 006b 8402     		.uleb128 .LVL66-.LVL45
 4217 006d EC02     		.uleb128 .LFE212-.LVL45
 4218 006f 01       		.uleb128 0x1
ARM GAS  /tmp/ccLpdAKn.s 			page 75


 4219 0070 56       		.byte	0x56
 4220 0071 00       		.byte	0
 4221              	.LVUS27:
 4222 0072 00       		.uleb128 0
 4223 0073 00       		.uleb128 .LVU200
 4224 0074 00       		.uleb128 .LVU200
 4225 0075 00       		.uleb128 0
 4226              	.LLST27:
 4227 0076 06       		.byte	0x6
 4228 0077 00000000 		.4byte	.LVL45
 4229 007b 04       		.byte	0x4
 4230 007c 00       		.uleb128 .LVL45-.LVL45
 4231 007d 0C       		.uleb128 .LVL46-.LVL45
 4232 007e 01       		.uleb128 0x1
 4233 007f 53       		.byte	0x53
 4234 0080 04       		.byte	0x4
 4235 0081 0C       		.uleb128 .LVL46-.LVL45
 4236 0082 EC02     		.uleb128 .LFE212-.LVL45
 4237 0084 01       		.uleb128 0x1
 4238 0085 59       		.byte	0x59
 4239 0086 00       		.byte	0
 4240              	.LVUS28:
 4241 0087 02       		.uleb128 .LVU194
 4242 0088 00       		.uleb128 .LVU209
 4243 0089 00       		.uleb128 .LVU209
 4244 008a 01       		.uleb128 .LVU267
 4245 008b 01       		.uleb128 .LVU267
 4246 008c 00       		.uleb128 .LVU268
 4247 008d 00       		.uleb128 .LVU268
 4248 008e 00       		.uleb128 .LVU303
 4249 008f 00       		.uleb128 .LVU303
 4250 0090 00       		.uleb128 .LVU305
 4251 0091 00       		.uleb128 .LVU305
 4252 0092 00       		.uleb128 0
 4253              	.LLST28:
 4254 0093 06       		.byte	0x6
 4255 0094 00000000 		.4byte	.LVL45
 4256 0098 04       		.byte	0x4
 4257 0099 00       		.uleb128 .LVL45-.LVL45
 4258 009a 43       		.uleb128 .LVL50-1-.LVL45
 4259 009b 01       		.uleb128 0x1
 4260 009c 52       		.byte	0x52
 4261 009d 04       		.byte	0x4
 4262 009e 43       		.uleb128 .LVL50-1-.LVL45
 4263 009f F801     		.uleb128 .LVL65-.LVL45
 4264 00a1 01       		.uleb128 0x1
 4265 00a2 55       		.byte	0x55
 4266 00a3 04       		.byte	0x4
 4267 00a4 F801     		.uleb128 .LVL65-.LVL45
 4268 00a6 8402     		.uleb128 .LVL66-.LVL45
 4269 00a8 0A       		.uleb128 0xa
 4270 00a9 A3       		.byte	0xa3
 4271 00aa 03       		.uleb128 0x3
 4272 00ab A5       		.byte	0xa5
 4273 00ac 02       		.uleb128 0x2
 4274 00ad 26       		.uleb128 0x26
 4275 00ae A8       		.byte	0xa8
ARM GAS  /tmp/ccLpdAKn.s 			page 76


 4276 00af 2D       		.uleb128 0x2d
 4277 00b0 A8       		.byte	0xa8
 4278 00b1 00       		.uleb128 0
 4279 00b2 9F       		.byte	0x9f
 4280 00b3 04       		.byte	0x4
 4281 00b4 8402     		.uleb128 .LVL66-.LVL45
 4282 00b6 CC02     		.uleb128 .LVL71-.LVL45
 4283 00b8 01       		.uleb128 0x1
 4284 00b9 55       		.byte	0x55
 4285 00ba 04       		.byte	0x4
 4286 00bb CC02     		.uleb128 .LVL71-.LVL45
 4287 00bd D402     		.uleb128 .LVL73-.LVL45
 4288 00bf 0A       		.uleb128 0xa
 4289 00c0 A3       		.byte	0xa3
 4290 00c1 03       		.uleb128 0x3
 4291 00c2 A5       		.byte	0xa5
 4292 00c3 02       		.uleb128 0x2
 4293 00c4 26       		.uleb128 0x26
 4294 00c5 A8       		.byte	0xa8
 4295 00c6 2D       		.uleb128 0x2d
 4296 00c7 A8       		.byte	0xa8
 4297 00c8 00       		.uleb128 0
 4298 00c9 9F       		.byte	0x9f
 4299 00ca 04       		.byte	0x4
 4300 00cb D402     		.uleb128 .LVL73-.LVL45
 4301 00cd EC02     		.uleb128 .LFE212-.LVL45
 4302 00cf 01       		.uleb128 0x1
 4303 00d0 55       		.byte	0x55
 4304 00d1 00       		.byte	0
 4305              	.LVUS30:
 4306 00d2 01       		.uleb128 .LVU253
 4307 00d3 00       		.uleb128 .LVU265
 4308 00d4 01       		.uleb128 .LVU275
 4309 00d5 00       		.uleb128 .LVU305
 4310              	.LLST30:
 4311 00d6 06       		.byte	0x6
 4312 00d7 D4000000 		.4byte	.LVL60
 4313 00db 04       		.byte	0x4
 4314 00dc 00       		.uleb128 .LVL60-.LVL60
 4315 00dd 1C       		.uleb128 .LVL64-.LVL60
 4316 00de 01       		.uleb128 0x1
 4317 00df 5A       		.byte	0x5a
 4318 00e0 04       		.byte	0x4
 4319 00e1 4C       		.uleb128 .LVL68-.LVL60
 4320 00e2 8001     		.uleb128 .LVL73-.LVL60
 4321 00e4 01       		.uleb128 0x1
 4322 00e5 5A       		.byte	0x5a
 4323 00e6 00       		.byte	0
 4324              	.LVUS32:
 4325 00e7 00       		.uleb128 .LVU289
 4326 00e8 00       		.uleb128 .LVU302
 4327              	.LLST32:
 4328 00e9 08       		.byte	0x8
 4329 00ea 38010000 		.4byte	.LVL69
 4330 00ee 10       		.uleb128 .LVL70-.LVL69
 4331 00ef 01       		.uleb128 0x1
 4332 00f0 50       		.byte	0x50
ARM GAS  /tmp/ccLpdAKn.s 			page 77


 4333 00f1 00       		.byte	0
 4334              	.LVUS35:
 4335 00f2 03       		.uleb128 .LVU217
 4336 00f3 00       		.uleb128 .LVU228
 4337 00f4 00       		.uleb128 .LVU228
 4338 00f5 01       		.uleb128 .LVU253
 4339 00f6 00       		.uleb128 .LVU268
 4340 00f7 01       		.uleb128 .LVU275
 4341 00f8 00       		.uleb128 .LVU305
 4342 00f9 00       		.uleb128 0
 4343              	.LLST35:
 4344 00fa 06       		.byte	0x6
 4345 00fb 64000000 		.4byte	.LVL51
 4346 00ff 04       		.byte	0x4
 4347 0100 00       		.uleb128 .LVL51-.LVL51
 4348 0101 1C       		.uleb128 .LVL54-.LVL51
 4349 0102 01       		.uleb128 0x1
 4350 0103 56       		.byte	0x56
 4351 0104 04       		.byte	0x4
 4352 0105 1C       		.uleb128 .LVL54-.LVL51
 4353 0106 70       		.uleb128 .LVL60-.LVL51
 4354 0107 01       		.uleb128 0x1
 4355 0108 5A       		.byte	0x5a
 4356 0109 04       		.byte	0x4
 4357 010a A001     		.uleb128 .LVL66-.LVL51
 4358 010c BC01     		.uleb128 .LVL68-.LVL51
 4359 010e 01       		.uleb128 0x1
 4360 010f 5A       		.byte	0x5a
 4361 0110 04       		.byte	0x4
 4362 0111 F001     		.uleb128 .LVL73-.LVL51
 4363 0113 8802     		.uleb128 .LFE212-.LVL51
 4364 0115 01       		.uleb128 0x1
 4365 0116 5A       		.byte	0x5a
 4366 0117 00       		.byte	0
 4367              	.LVUS36:
 4368 0118 03       		.uleb128 .LVU217
 4369 0119 01       		.uleb128 .LVU242
 4370 011a 01       		.uleb128 .LVU242
 4371 011b 00       		.uleb128 .LVU245
 4372 011c 00       		.uleb128 .LVU245
 4373 011d 00       		.uleb128 .LVU246
 4374 011e 00       		.uleb128 .LVU246
 4375 011f 01       		.uleb128 .LVU253
 4376 0120 00       		.uleb128 .LVU268
 4377 0121 01       		.uleb128 .LVU275
 4378 0122 00       		.uleb128 .LVU305
 4379 0123 00       		.uleb128 0
 4380              	.LLST36:
 4381 0124 06       		.byte	0x6
 4382 0125 64000000 		.4byte	.LVL51
 4383 0129 04       		.byte	0x4
 4384 012a 00       		.uleb128 .LVL51-.LVL51
 4385 012b 44       		.uleb128 .LVL56-.LVL51
 4386 012c 01       		.uleb128 0x1
 4387 012d 57       		.byte	0x57
 4388 012e 04       		.byte	0x4
 4389 012f 44       		.uleb128 .LVL56-.LVL51
ARM GAS  /tmp/ccLpdAKn.s 			page 78


 4390 0130 50       		.uleb128 .LVL58-.LVL51
 4391 0131 06       		.uleb128 0x6
 4392 0132 77       		.byte	0x77
 4393 0133 00       		.sleb128 0
 4394 0134 7B       		.byte	0x7b
 4395 0135 00       		.sleb128 0
 4396 0136 22       		.byte	0x22
 4397 0137 9F       		.byte	0x9f
 4398 0138 04       		.byte	0x4
 4399 0139 50       		.uleb128 .LVL58-.LVL51
 4400 013a 57       		.uleb128 .LVL59-1-.LVL51
 4401 013b 01       		.uleb128 0x1
 4402 013c 50       		.byte	0x50
 4403 013d 04       		.byte	0x4
 4404 013e 57       		.uleb128 .LVL59-1-.LVL51
 4405 013f 70       		.uleb128 .LVL60-.LVL51
 4406 0140 06       		.uleb128 0x6
 4407 0141 77       		.byte	0x77
 4408 0142 00       		.sleb128 0
 4409 0143 7B       		.byte	0x7b
 4410 0144 00       		.sleb128 0
 4411 0145 22       		.byte	0x22
 4412 0146 9F       		.byte	0x9f
 4413 0147 04       		.byte	0x4
 4414 0148 A001     		.uleb128 .LVL66-.LVL51
 4415 014a BC01     		.uleb128 .LVL68-.LVL51
 4416 014c 01       		.uleb128 0x1
 4417 014d 57       		.byte	0x57
 4418 014e 04       		.byte	0x4
 4419 014f F001     		.uleb128 .LVL73-.LVL51
 4420 0151 8802     		.uleb128 .LFE212-.LVL51
 4421 0153 01       		.uleb128 0x1
 4422 0154 57       		.byte	0x57
 4423 0155 00       		.byte	0
 4424              	.LVUS37:
 4425 0156 03       		.uleb128 .LVU217
 4426 0157 01       		.uleb128 .LVU253
 4427 0158 00       		.uleb128 .LVU268
 4428 0159 01       		.uleb128 .LVU275
 4429 015a 00       		.uleb128 .LVU305
 4430 015b 00       		.uleb128 0
 4431              	.LLST37:
 4432 015c 06       		.byte	0x6
 4433 015d 64000000 		.4byte	.LVL51
 4434 0161 04       		.byte	0x4
 4435 0162 00       		.uleb128 .LVL51-.LVL51
 4436 0163 70       		.uleb128 .LVL60-.LVL51
 4437 0164 01       		.uleb128 0x1
 4438 0165 54       		.byte	0x54
 4439 0166 04       		.byte	0x4
 4440 0167 A001     		.uleb128 .LVL66-.LVL51
 4441 0169 BC01     		.uleb128 .LVL68-.LVL51
 4442 016b 01       		.uleb128 0x1
 4443 016c 54       		.byte	0x54
 4444 016d 04       		.byte	0x4
 4445 016e F001     		.uleb128 .LVL73-.LVL51
 4446 0170 8802     		.uleb128 .LFE212-.LVL51
ARM GAS  /tmp/ccLpdAKn.s 			page 79


 4447 0172 01       		.uleb128 0x1
 4448 0173 54       		.byte	0x54
 4449 0174 00       		.byte	0
 4450              	.LVUS38:
 4451 0175 01       		.uleb128 .LVU235
 4452 0176 01       		.uleb128 .LVU253
 4453 0177 00       		.uleb128 .LVU268
 4454 0178 01       		.uleb128 .LVU275
 4455 0179 00       		.uleb128 .LVU305
 4456 017a 00       		.uleb128 0
 4457              	.LLST38:
 4458 017b 06       		.byte	0x6
 4459 017c 94000000 		.4byte	.LVL55
 4460 0180 04       		.byte	0x4
 4461 0181 00       		.uleb128 .LVL55-.LVL55
 4462 0182 40       		.uleb128 .LVL60-.LVL55
 4463 0183 01       		.uleb128 0x1
 4464 0184 5B       		.byte	0x5b
 4465 0185 04       		.byte	0x4
 4466 0186 70       		.uleb128 .LVL66-.LVL55
 4467 0187 8C01     		.uleb128 .LVL68-.LVL55
 4468 0189 01       		.uleb128 0x1
 4469 018a 5B       		.byte	0x5b
 4470 018b 04       		.byte	0x4
 4471 018c C001     		.uleb128 .LVL73-.LVL55
 4472 018e D801     		.uleb128 .LFE212-.LVL55
 4473 0190 01       		.uleb128 0x1
 4474 0191 5B       		.byte	0x5b
 4475 0192 00       		.byte	0
 4476              	.LVUS39:
 4477 0193 00       		.uleb128 .LVU244
 4478 0194 00       		.uleb128 .LVU246
 4479 0195 00       		.uleb128 .LVU246
 4480 0196 01       		.uleb128 .LVU253
 4481              	.LLST39:
 4482 0197 06       		.byte	0x6
 4483 0198 AC000000 		.4byte	.LVL57
 4484 019c 04       		.byte	0x4
 4485 019d 00       		.uleb128 .LVL57-.LVL57
 4486 019e 0F       		.uleb128 .LVL59-1-.LVL57
 4487 019f 01       		.uleb128 0x1
 4488 01a0 52       		.byte	0x52
 4489 01a1 04       		.byte	0x4
 4490 01a2 0F       		.uleb128 .LVL59-1-.LVL57
 4491 01a3 28       		.uleb128 .LVL60-.LVL57
 4492 01a4 02       		.uleb128 0x2
 4493 01a5 91       		.byte	0x91
 4494 01a6 40       		.sleb128 -64
 4495 01a7 00       		.byte	0
 4496              	.LVUS41:
 4497 01a8 01       		.uleb128 .LVU221
 4498 01a9 00       		.uleb128 .LVU225
 4499              	.LLST41:
 4500 01aa 08       		.byte	0x8
 4501 01ab 6C000000 		.4byte	.LVL52
 4502 01af 04       		.uleb128 .LVL53-.LVL52
 4503 01b0 01       		.uleb128 0x1
ARM GAS  /tmp/ccLpdAKn.s 			page 80


 4504 01b1 54       		.byte	0x54
 4505 01b2 00       		.byte	0
 4506              	.LVUS4:
 4507 01b3 00       		.uleb128 0
 4508 01b4 00       		.uleb128 .LVU85
 4509 01b5 00       		.uleb128 .LVU85
 4510 01b6 00       		.uleb128 .LVU86
 4511 01b7 00       		.uleb128 .LVU86
 4512 01b8 00       		.uleb128 .LVU88
 4513 01b9 00       		.uleb128 .LVU88
 4514 01ba 00       		.uleb128 0
 4515              	.LLST4:
 4516 01bb 06       		.byte	0x6
 4517 01bc 00000000 		.4byte	.LVL15
 4518 01c0 04       		.byte	0x4
 4519 01c1 00       		.uleb128 .LVL15-.LVL15
 4520 01c2 20       		.uleb128 .LVL17-.LVL15
 4521 01c3 01       		.uleb128 0x1
 4522 01c4 50       		.byte	0x50
 4523 01c5 04       		.byte	0x4
 4524 01c6 20       		.uleb128 .LVL17-.LVL15
 4525 01c7 28       		.uleb128 .LVL18-.LVL15
 4526 01c8 0A       		.uleb128 0xa
 4527 01c9 A3       		.byte	0xa3
 4528 01ca 03       		.uleb128 0x3
 4529 01cb A5       		.byte	0xa5
 4530 01cc 00       		.uleb128 0
 4531 01cd 26       		.uleb128 0x26
 4532 01ce A8       		.byte	0xa8
 4533 01cf 2D       		.uleb128 0x2d
 4534 01d0 A8       		.byte	0xa8
 4535 01d1 00       		.uleb128 0
 4536 01d2 9F       		.byte	0x9f
 4537 01d3 04       		.byte	0x4
 4538 01d4 28       		.uleb128 .LVL18-.LVL15
 4539 01d5 38       		.uleb128 .LVL19-.LVL15
 4540 01d6 01       		.uleb128 0x1
 4541 01d7 50       		.byte	0x50
 4542 01d8 04       		.byte	0x4
 4543 01d9 38       		.uleb128 .LVL19-.LVL15
 4544 01da F002     		.uleb128 .LFE211-.LVL15
 4545 01dc 01       		.uleb128 0x1
 4546 01dd 55       		.byte	0x55
 4547 01de 00       		.byte	0
 4548              	.LVUS5:
 4549 01df 00       		.uleb128 0
 4550 01e0 00       		.uleb128 .LVU89
 4551 01e1 00       		.uleb128 .LVU89
 4552 01e2 00       		.uleb128 0
 4553              	.LLST5:
 4554 01e3 06       		.byte	0x6
 4555 01e4 00000000 		.4byte	.LVL15
 4556 01e8 04       		.byte	0x4
 4557 01e9 00       		.uleb128 .LVL15-.LVL15
 4558 01ea 43       		.uleb128 .LVL20-1-.LVL15
 4559 01eb 01       		.uleb128 0x1
 4560 01ec 51       		.byte	0x51
ARM GAS  /tmp/ccLpdAKn.s 			page 81


 4561 01ed 04       		.byte	0x4
 4562 01ee 43       		.uleb128 .LVL20-1-.LVL15
 4563 01ef F002     		.uleb128 .LFE211-.LVL15
 4564 01f1 01       		.uleb128 0x1
 4565 01f2 57       		.byte	0x57
 4566 01f3 00       		.byte	0
 4567              	.LVUS6:
 4568 01f4 00       		.uleb128 0
 4569 01f5 00       		.uleb128 .LVU89
 4570 01f6 00       		.uleb128 .LVU89
 4571 01f7 00       		.uleb128 .LVU94
 4572 01f8 00       		.uleb128 .LVU94
 4573 01f9 00       		.uleb128 .LVU149
 4574 01fa 00       		.uleb128 .LVU152
 4575 01fb 00       		.uleb128 0
 4576              	.LLST6:
 4577 01fc 06       		.byte	0x6
 4578 01fd 00000000 		.4byte	.LVL15
 4579 0201 04       		.byte	0x4
 4580 0202 00       		.uleb128 .LVL15-.LVL15
 4581 0203 43       		.uleb128 .LVL20-1-.LVL15
 4582 0204 01       		.uleb128 0x1
 4583 0205 52       		.byte	0x52
 4584 0206 04       		.byte	0x4
 4585 0207 43       		.uleb128 .LVL20-1-.LVL15
 4586 0208 64       		.uleb128 .LVL21-.LVL15
 4587 0209 01       		.uleb128 0x1
 4588 020a 54       		.byte	0x54
 4589 020b 04       		.byte	0x4
 4590 020c 64       		.uleb128 .LVL21-.LVL15
 4591 020d F401     		.uleb128 .LVL34-.LVL15
 4592 020f 01       		.uleb128 0x1
 4593 0210 56       		.byte	0x56
 4594 0211 04       		.byte	0x4
 4595 0212 8802     		.uleb128 .LVL36-.LVL15
 4596 0214 F002     		.uleb128 .LFE211-.LVL15
 4597 0216 01       		.uleb128 0x1
 4598 0217 56       		.byte	0x56
 4599 0218 00       		.byte	0
 4600              	.LVUS7:
 4601 0219 00       		.uleb128 0
 4602 021a 00       		.uleb128 .LVU80
 4603 021b 00       		.uleb128 .LVU80
 4604 021c 00       		.uleb128 0
 4605              	.LLST7:
 4606 021d 06       		.byte	0x6
 4607 021e 00000000 		.4byte	.LVL15
 4608 0222 04       		.byte	0x4
 4609 0223 00       		.uleb128 .LVL15-.LVL15
 4610 0224 0C       		.uleb128 .LVL16-.LVL15
 4611 0225 01       		.uleb128 0x1
 4612 0226 53       		.byte	0x53
 4613 0227 04       		.byte	0x4
 4614 0228 0C       		.uleb128 .LVL16-.LVL15
 4615 0229 F002     		.uleb128 .LFE211-.LVL15
 4616 022b 01       		.uleb128 0x1
 4617 022c 59       		.byte	0x59
ARM GAS  /tmp/ccLpdAKn.s 			page 82


 4618 022d 00       		.byte	0
 4619              	.LVUS8:
 4620 022e 02       		.uleb128 .LVU74
 4621 022f 00       		.uleb128 .LVU89
 4622 0230 00       		.uleb128 .LVU89
 4623 0231 01       		.uleb128 .LVU151
 4624 0232 01       		.uleb128 .LVU151
 4625 0233 00       		.uleb128 .LVU152
 4626 0234 00       		.uleb128 .LVU152
 4627 0235 00       		.uleb128 .LVU187
 4628 0236 00       		.uleb128 .LVU187
 4629 0237 00       		.uleb128 .LVU189
 4630 0238 00       		.uleb128 .LVU189
 4631 0239 00       		.uleb128 0
 4632              	.LLST8:
 4633 023a 06       		.byte	0x6
 4634 023b 00000000 		.4byte	.LVL15
 4635 023f 04       		.byte	0x4
 4636 0240 00       		.uleb128 .LVL15-.LVL15
 4637 0241 43       		.uleb128 .LVL20-1-.LVL15
 4638 0242 01       		.uleb128 0x1
 4639 0243 52       		.byte	0x52
 4640 0244 04       		.byte	0x4
 4641 0245 43       		.uleb128 .LVL20-1-.LVL15
 4642 0246 FC01     		.uleb128 .LVL35-.LVL15
 4643 0248 01       		.uleb128 0x1
 4644 0249 54       		.byte	0x54
 4645 024a 04       		.byte	0x4
 4646 024b FC01     		.uleb128 .LVL35-.LVL15
 4647 024d 8802     		.uleb128 .LVL36-.LVL15
 4648 024f 0A       		.uleb128 0xa
 4649 0250 A3       		.byte	0xa3
 4650 0251 03       		.uleb128 0x3
 4651 0252 A5       		.byte	0xa5
 4652 0253 02       		.uleb128 0x2
 4653 0254 26       		.uleb128 0x26
 4654 0255 A8       		.byte	0xa8
 4655 0256 2D       		.uleb128 0x2d
 4656 0257 A8       		.byte	0xa8
 4657 0258 00       		.uleb128 0
 4658 0259 9F       		.byte	0x9f
 4659 025a 04       		.byte	0x4
 4660 025b 8802     		.uleb128 .LVL36-.LVL15
 4661 025d D002     		.uleb128 .LVL41-.LVL15
 4662 025f 01       		.uleb128 0x1
 4663 0260 54       		.byte	0x54
 4664 0261 04       		.byte	0x4
 4665 0262 D002     		.uleb128 .LVL41-.LVL15
 4666 0264 D802     		.uleb128 .LVL43-.LVL15
 4667 0266 0A       		.uleb128 0xa
 4668 0267 A3       		.byte	0xa3
 4669 0268 03       		.uleb128 0x3
 4670 0269 A5       		.byte	0xa5
 4671 026a 02       		.uleb128 0x2
 4672 026b 26       		.uleb128 0x26
 4673 026c A8       		.byte	0xa8
 4674 026d 2D       		.uleb128 0x2d
ARM GAS  /tmp/ccLpdAKn.s 			page 83


 4675 026e A8       		.byte	0xa8
 4676 026f 00       		.uleb128 0
 4677 0270 9F       		.byte	0x9f
 4678 0271 04       		.byte	0x4
 4679 0272 D802     		.uleb128 .LVL43-.LVL15
 4680 0274 F002     		.uleb128 .LFE211-.LVL15
 4681 0276 01       		.uleb128 0x1
 4682 0277 54       		.byte	0x54
 4683 0278 00       		.byte	0
 4684              	.LVUS10:
 4685 0279 01       		.uleb128 .LVU137
 4686 027a 00       		.uleb128 .LVU149
 4687 027b 01       		.uleb128 .LVU159
 4688 027c 00       		.uleb128 .LVU189
 4689              	.LLST10:
 4690 027d 06       		.byte	0x6
 4691 027e D8000000 		.4byte	.LVL30
 4692 0282 04       		.byte	0x4
 4693 0283 00       		.uleb128 .LVL30-.LVL30
 4694 0284 1C       		.uleb128 .LVL34-.LVL30
 4695 0285 01       		.uleb128 0x1
 4696 0286 5A       		.byte	0x5a
 4697 0287 04       		.byte	0x4
 4698 0288 4C       		.uleb128 .LVL38-.LVL30
 4699 0289 8001     		.uleb128 .LVL43-.LVL30
 4700 028b 01       		.uleb128 0x1
 4701 028c 5A       		.byte	0x5a
 4702 028d 00       		.byte	0
 4703              	.LVUS12:
 4704 028e 00       		.uleb128 .LVU173
 4705 028f 00       		.uleb128 .LVU186
 4706              	.LLST12:
 4707 0290 08       		.byte	0x8
 4708 0291 3C010000 		.4byte	.LVL39
 4709 0295 10       		.uleb128 .LVL40-.LVL39
 4710 0296 01       		.uleb128 0x1
 4711 0297 50       		.byte	0x50
 4712 0298 00       		.byte	0
 4713              	.LVUS15:
 4714 0299 03       		.uleb128 .LVU97
 4715 029a 00       		.uleb128 .LVU112
 4716 029b 00       		.uleb128 .LVU112
 4717 029c 01       		.uleb128 .LVU137
 4718 029d 00       		.uleb128 .LVU152
 4719 029e 01       		.uleb128 .LVU159
 4720 029f 00       		.uleb128 .LVU189
 4721 02a0 00       		.uleb128 0
 4722              	.LLST15:
 4723 02a1 06       		.byte	0x6
 4724 02a2 64000000 		.4byte	.LVL21
 4725 02a6 04       		.byte	0x4
 4726 02a7 00       		.uleb128 .LVL21-.LVL21
 4727 02a8 20       		.uleb128 .LVL24-.LVL21
 4728 02a9 01       		.uleb128 0x1
 4729 02aa 56       		.byte	0x56
 4730 02ab 04       		.byte	0x4
 4731 02ac 20       		.uleb128 .LVL24-.LVL21
ARM GAS  /tmp/ccLpdAKn.s 			page 84


 4732 02ad 74       		.uleb128 .LVL30-.LVL21
 4733 02ae 01       		.uleb128 0x1
 4734 02af 5A       		.byte	0x5a
 4735 02b0 04       		.byte	0x4
 4736 02b1 A401     		.uleb128 .LVL36-.LVL21
 4737 02b3 C001     		.uleb128 .LVL38-.LVL21
 4738 02b5 01       		.uleb128 0x1
 4739 02b6 5A       		.byte	0x5a
 4740 02b7 04       		.byte	0x4
 4741 02b8 F401     		.uleb128 .LVL43-.LVL21
 4742 02ba 8C02     		.uleb128 .LFE211-.LVL21
 4743 02bc 01       		.uleb128 0x1
 4744 02bd 5A       		.byte	0x5a
 4745 02be 00       		.byte	0
 4746              	.LVUS16:
 4747 02bf 03       		.uleb128 .LVU97
 4748 02c0 01       		.uleb128 .LVU126
 4749 02c1 01       		.uleb128 .LVU126
 4750 02c2 00       		.uleb128 .LVU129
 4751 02c3 00       		.uleb128 .LVU129
 4752 02c4 00       		.uleb128 .LVU130
 4753 02c5 00       		.uleb128 .LVU130
 4754 02c6 01       		.uleb128 .LVU137
 4755 02c7 00       		.uleb128 .LVU152
 4756 02c8 01       		.uleb128 .LVU159
 4757 02c9 00       		.uleb128 .LVU189
 4758 02ca 00       		.uleb128 0
 4759              	.LLST16:
 4760 02cb 06       		.byte	0x6
 4761 02cc 64000000 		.4byte	.LVL21
 4762 02d0 04       		.byte	0x4
 4763 02d1 00       		.uleb128 .LVL21-.LVL21
 4764 02d2 48       		.uleb128 .LVL26-.LVL21
 4765 02d3 01       		.uleb128 0x1
 4766 02d4 57       		.byte	0x57
 4767 02d5 04       		.byte	0x4
 4768 02d6 48       		.uleb128 .LVL26-.LVL21
 4769 02d7 54       		.uleb128 .LVL28-.LVL21
 4770 02d8 06       		.uleb128 0x6
 4771 02d9 77       		.byte	0x77
 4772 02da 00       		.sleb128 0
 4773 02db 7B       		.byte	0x7b
 4774 02dc 00       		.sleb128 0
 4775 02dd 22       		.byte	0x22
 4776 02de 9F       		.byte	0x9f
 4777 02df 04       		.byte	0x4
 4778 02e0 54       		.uleb128 .LVL28-.LVL21
 4779 02e1 5B       		.uleb128 .LVL29-1-.LVL21
 4780 02e2 01       		.uleb128 0x1
 4781 02e3 51       		.byte	0x51
 4782 02e4 04       		.byte	0x4
 4783 02e5 5B       		.uleb128 .LVL29-1-.LVL21
 4784 02e6 74       		.uleb128 .LVL30-.LVL21
 4785 02e7 06       		.uleb128 0x6
 4786 02e8 77       		.byte	0x77
 4787 02e9 00       		.sleb128 0
 4788 02ea 7B       		.byte	0x7b
ARM GAS  /tmp/ccLpdAKn.s 			page 85


 4789 02eb 00       		.sleb128 0
 4790 02ec 22       		.byte	0x22
 4791 02ed 9F       		.byte	0x9f
 4792 02ee 04       		.byte	0x4
 4793 02ef A401     		.uleb128 .LVL36-.LVL21
 4794 02f1 C001     		.uleb128 .LVL38-.LVL21
 4795 02f3 01       		.uleb128 0x1
 4796 02f4 57       		.byte	0x57
 4797 02f5 04       		.byte	0x4
 4798 02f6 F401     		.uleb128 .LVL43-.LVL21
 4799 02f8 8C02     		.uleb128 .LFE211-.LVL21
 4800 02fa 01       		.uleb128 0x1
 4801 02fb 57       		.byte	0x57
 4802 02fc 00       		.byte	0
 4803              	.LVUS17:
 4804 02fd 03       		.uleb128 .LVU97
 4805 02fe 01       		.uleb128 .LVU137
 4806 02ff 00       		.uleb128 .LVU152
 4807 0300 01       		.uleb128 .LVU159
 4808 0301 00       		.uleb128 .LVU189
 4809 0302 00       		.uleb128 0
 4810              	.LLST17:
 4811 0303 06       		.byte	0x6
 4812 0304 64000000 		.4byte	.LVL21
 4813 0308 04       		.byte	0x4
 4814 0309 00       		.uleb128 .LVL21-.LVL21
 4815 030a 74       		.uleb128 .LVL30-.LVL21
 4816 030b 01       		.uleb128 0x1
 4817 030c 55       		.byte	0x55
 4818 030d 04       		.byte	0x4
 4819 030e A401     		.uleb128 .LVL36-.LVL21
 4820 0310 C001     		.uleb128 .LVL38-.LVL21
 4821 0312 01       		.uleb128 0x1
 4822 0313 55       		.byte	0x55
 4823 0314 04       		.byte	0x4
 4824 0315 F401     		.uleb128 .LVL43-.LVL21
 4825 0317 8C02     		.uleb128 .LFE211-.LVL21
 4826 0319 01       		.uleb128 0x1
 4827 031a 55       		.byte	0x55
 4828 031b 00       		.byte	0
 4829              	.LVUS18:
 4830 031c 01       		.uleb128 .LVU119
 4831 031d 01       		.uleb128 .LVU137
 4832 031e 00       		.uleb128 .LVU152
 4833 031f 01       		.uleb128 .LVU159
 4834 0320 00       		.uleb128 .LVU189
 4835 0321 00       		.uleb128 0
 4836              	.LLST18:
 4837 0322 06       		.byte	0x6
 4838 0323 98000000 		.4byte	.LVL25
 4839 0327 04       		.byte	0x4
 4840 0328 00       		.uleb128 .LVL25-.LVL25
 4841 0329 40       		.uleb128 .LVL30-.LVL25
 4842 032a 01       		.uleb128 0x1
 4843 032b 5B       		.byte	0x5b
 4844 032c 04       		.byte	0x4
 4845 032d 70       		.uleb128 .LVL36-.LVL25
ARM GAS  /tmp/ccLpdAKn.s 			page 86


 4846 032e 8C01     		.uleb128 .LVL38-.LVL25
 4847 0330 01       		.uleb128 0x1
 4848 0331 5B       		.byte	0x5b
 4849 0332 04       		.byte	0x4
 4850 0333 C001     		.uleb128 .LVL43-.LVL25
 4851 0335 D801     		.uleb128 .LFE211-.LVL25
 4852 0337 01       		.uleb128 0x1
 4853 0338 5B       		.byte	0x5b
 4854 0339 00       		.byte	0
 4855              	.LVUS19:
 4856 033a 00       		.uleb128 .LVU128
 4857 033b 00       		.uleb128 .LVU130
 4858 033c 00       		.uleb128 .LVU130
 4859 033d 01       		.uleb128 .LVU137
 4860              	.LLST19:
 4861 033e 06       		.byte	0x6
 4862 033f B0000000 		.4byte	.LVL27
 4863 0343 04       		.byte	0x4
 4864 0344 00       		.uleb128 .LVL27-.LVL27
 4865 0345 0F       		.uleb128 .LVL29-1-.LVL27
 4866 0346 01       		.uleb128 0x1
 4867 0347 52       		.byte	0x52
 4868 0348 04       		.byte	0x4
 4869 0349 0F       		.uleb128 .LVL29-1-.LVL27
 4870 034a 28       		.uleb128 .LVL30-.LVL27
 4871 034b 02       		.uleb128 0x2
 4872 034c 91       		.byte	0x91
 4873 034d 40       		.sleb128 -64
 4874 034e 00       		.byte	0
 4875              	.LVUS21:
 4876 034f 01       		.uleb128 .LVU101
 4877 0350 00       		.uleb128 .LVU108
 4878              	.LLST21:
 4879 0351 08       		.byte	0x8
 4880 0352 6C000000 		.4byte	.LVL22
 4881 0356 08       		.uleb128 .LVL23-.LVL22
 4882 0357 01       		.uleb128 0x1
 4883 0358 55       		.byte	0x55
 4884 0359 00       		.byte	0
 4885              	.LVUS23:
 4886 035a 03       		.uleb128 .LVU103
 4887 035b 00       		.uleb128 .LVU149
 4888 035c 00       		.uleb128 .LVU152
 4889 035d 00       		.uleb128 0
 4890              	.LLST23:
 4891 035e 06       		.byte	0x6
 4892 035f 6C000000 		.4byte	.LVL22
 4893 0363 04       		.byte	0x4
 4894 0364 00       		.uleb128 .LVL22-.LVL22
 4895 0365 8801     		.uleb128 .LVL34-.LVL22
 4896 0367 01       		.uleb128 0x1
 4897 0368 55       		.byte	0x55
 4898 0369 04       		.byte	0x4
 4899 036a 9C01     		.uleb128 .LVL36-.LVL22
 4900 036c 8402     		.uleb128 .LFE211-.LVL22
 4901 036e 01       		.uleb128 0x1
 4902 036f 55       		.byte	0x55
ARM GAS  /tmp/ccLpdAKn.s 			page 87


 4903 0370 00       		.byte	0
 4904              	.LVUS3:
 4905 0371 00       		.uleb128 0
 4906 0372 00       		.uleb128 .LVU38
 4907 0373 00       		.uleb128 .LVU38
 4908 0374 00       		.uleb128 .LVU70
 4909 0375 00       		.uleb128 .LVU70
 4910 0376 00       		.uleb128 .LVU71
 4911 0377 00       		.uleb128 .LVU71
 4912 0378 00       		.uleb128 0
 4913              	.LLST3:
 4914 0379 06       		.byte	0x6
 4915 037a 00000000 		.4byte	.LVL7
 4916 037e 04       		.byte	0x4
 4917 037f 00       		.uleb128 .LVL7-.LVL7
 4918 0380 10       		.uleb128 .LVL8-.LVL7
 4919 0381 01       		.uleb128 0x1
 4920 0382 50       		.byte	0x50
 4921 0383 04       		.byte	0x4
 4922 0384 10       		.uleb128 .LVL8-.LVL7
 4923 0385 5C       		.uleb128 .LVL13-.LVL7
 4924 0386 01       		.uleb128 0x1
 4925 0387 54       		.byte	0x54
 4926 0388 04       		.byte	0x4
 4927 0389 5C       		.uleb128 .LVL13-.LVL7
 4928 038a 5F       		.uleb128 .LVL14-1-.LVL7
 4929 038b 03       		.uleb128 0x3
 4930 038c 70       		.byte	0x70
 4931 038d 60       		.sleb128 -32
 4932 038e 9F       		.byte	0x9f
 4933 038f 04       		.byte	0x4
 4934 0390 5F       		.uleb128 .LVL14-1-.LVL7
 4935 0391 60       		.uleb128 .LFE210-.LVL7
 4936 0392 0A       		.uleb128 0xa
 4937 0393 A3       		.byte	0xa3
 4938 0394 03       		.uleb128 0x3
 4939 0395 A5       		.byte	0xa5
 4940 0396 00       		.uleb128 0
 4941 0397 26       		.uleb128 0x26
 4942 0398 A8       		.byte	0xa8
 4943 0399 2D       		.uleb128 0x2d
 4944 039a A8       		.byte	0xa8
 4945 039b 00       		.uleb128 0
 4946 039c 9F       		.byte	0x9f
 4947 039d 00       		.byte	0
 4948              	.LVUS0:
 4949 039e 00       		.uleb128 0
 4950 039f 00       		.uleb128 .LVU24
 4951 03a0 00       		.uleb128 .LVU24
 4952 03a1 00       		.uleb128 .LVU28
 4953 03a2 00       		.uleb128 .LVU28
 4954 03a3 00       		.uleb128 .LVU29
 4955 03a4 00       		.uleb128 .LVU29
 4956 03a5 00       		.uleb128 0
 4957              	.LLST0:
 4958 03a6 06       		.byte	0x6
 4959 03a7 00000000 		.4byte	.LVL0
ARM GAS  /tmp/ccLpdAKn.s 			page 88


 4960 03ab 04       		.byte	0x4
 4961 03ac 00       		.uleb128 .LVL0-.LVL0
 4962 03ad 34       		.uleb128 .LVL2-.LVL0
 4963 03ae 01       		.uleb128 0x1
 4964 03af 50       		.byte	0x50
 4965 03b0 04       		.byte	0x4
 4966 03b1 34       		.uleb128 .LVL2-.LVL0
 4967 03b2 48       		.uleb128 .LVL5-.LVL0
 4968 03b3 01       		.uleb128 0x1
 4969 03b4 54       		.byte	0x54
 4970 03b5 04       		.byte	0x4
 4971 03b6 48       		.uleb128 .LVL5-.LVL0
 4972 03b7 4B       		.uleb128 .LVL6-1-.LVL0
 4973 03b8 03       		.uleb128 0x3
 4974 03b9 70       		.byte	0x70
 4975 03ba 40       		.sleb128 -64
 4976 03bb 9F       		.byte	0x9f
 4977 03bc 04       		.byte	0x4
 4978 03bd 4B       		.uleb128 .LVL6-1-.LVL0
 4979 03be 4C       		.uleb128 .LFE209-.LVL0
 4980 03bf 0A       		.uleb128 0xa
 4981 03c0 A3       		.byte	0xa3
 4982 03c1 03       		.uleb128 0x3
 4983 03c2 A5       		.byte	0xa5
 4984 03c3 00       		.uleb128 0
 4985 03c4 26       		.uleb128 0x26
 4986 03c5 A8       		.byte	0xa8
 4987 03c6 2D       		.uleb128 0x2d
 4988 03c7 A8       		.byte	0xa8
 4989 03c8 00       		.uleb128 0
 4990 03c9 9F       		.byte	0x9f
 4991 03ca 00       		.byte	0
 4992              	.LVUS1:
 4993 03cb 00       		.uleb128 0
 4994 03cc 00       		.uleb128 .LVU25
 4995 03cd 00       		.uleb128 .LVU25
 4996 03ce 00       		.uleb128 0
 4997              	.LLST1:
 4998 03cf 06       		.byte	0x6
 4999 03d0 00000000 		.4byte	.LVL0
 5000 03d4 04       		.byte	0x4
 5001 03d5 00       		.uleb128 .LVL0-.LVL0
 5002 03d6 37       		.uleb128 .LVL3-1-.LVL0
 5003 03d7 01       		.uleb128 0x1
 5004 03d8 51       		.byte	0x51
 5005 03d9 04       		.byte	0x4
 5006 03da 37       		.uleb128 .LVL3-1-.LVL0
 5007 03db 4C       		.uleb128 .LFE209-.LVL0
 5008 03dc 0A       		.uleb128 0xa
 5009 03dd A3       		.byte	0xa3
 5010 03de 03       		.uleb128 0x3
 5011 03df A5       		.byte	0xa5
 5012 03e0 01       		.uleb128 0x1
 5013 03e1 26       		.uleb128 0x26
 5014 03e2 A8       		.byte	0xa8
 5015 03e3 2D       		.uleb128 0x2d
 5016 03e4 A8       		.byte	0xa8
ARM GAS  /tmp/ccLpdAKn.s 			page 89


 5017 03e5 00       		.uleb128 0
 5018 03e6 9F       		.byte	0x9f
 5019 03e7 00       		.byte	0
 5020              	.LVUS2:
 5021 03e8 00       		.uleb128 0
 5022 03e9 00       		.uleb128 .LVU9
 5023 03ea 00       		.uleb128 .LVU9
 5024 03eb 00       		.uleb128 0
 5025              	.LLST2:
 5026 03ec 06       		.byte	0x6
 5027 03ed 00000000 		.4byte	.LVL0
 5028 03f1 04       		.byte	0x4
 5029 03f2 00       		.uleb128 .LVL0-.LVL0
 5030 03f3 10       		.uleb128 .LVL1-.LVL0
 5031 03f4 01       		.uleb128 0x1
 5032 03f5 52       		.byte	0x52
 5033 03f6 04       		.byte	0x4
 5034 03f7 10       		.uleb128 .LVL1-.LVL0
 5035 03f8 4C       		.uleb128 .LFE209-.LVL0
 5036 03f9 0A       		.uleb128 0xa
 5037 03fa A3       		.byte	0xa3
 5038 03fb 03       		.uleb128 0x3
 5039 03fc A5       		.byte	0xa5
 5040 03fd 02       		.uleb128 0x2
 5041 03fe 26       		.uleb128 0x26
 5042 03ff A8       		.byte	0xa8
 5043 0400 2D       		.uleb128 0x2d
 5044 0401 A8       		.byte	0xa8
 5045 0402 00       		.uleb128 0
 5046 0403 9F       		.byte	0x9f
 5047 0404 00       		.byte	0
 5048              	.Ldebug_loc3:
 5049              		.section	.debug_aranges,"",%progbits
 5050 0000 34000000 		.4byte	0x34
 5051 0004 0200     		.2byte	0x2
 5052 0006 00000000 		.4byte	.Ldebug_info0
 5053 000a 04       		.byte	0x4
 5054 000b 00       		.byte	0
 5055 000c 0000     		.2byte	0
 5056 000e 0000     		.2byte	0
 5057 0010 00000000 		.4byte	.LFB209
 5058 0014 4C000000 		.4byte	.LFE209-.LFB209
 5059 0018 00000000 		.4byte	.LFB210
 5060 001c 60000000 		.4byte	.LFE210-.LFB210
 5061 0020 00000000 		.4byte	.LFB211
 5062 0024 70010000 		.4byte	.LFE211-.LFB211
 5063 0028 00000000 		.4byte	.LFB212
 5064 002c 6C010000 		.4byte	.LFE212-.LFB212
 5065 0030 00000000 		.4byte	0
 5066 0034 00000000 		.4byte	0
 5067              		.section	.debug_rnglists,"",%progbits
 5068              	.Ldebug_ranges0:
 5069 0000 E0000000 		.4byte	.Ldebug_ranges3-.Ldebug_ranges2
 5070              	.Ldebug_ranges2:
 5071 0004 0500     		.2byte	0x5
 5072 0006 04       		.byte	0x4
 5073 0007 00       		.byte	0
ARM GAS  /tmp/ccLpdAKn.s 			page 90


 5074 0008 00000000 		.4byte	0
 5075              	.LLRL9:
 5076 000c 05       		.byte	0x5
 5077 000d 50000000 		.4byte	.LBB78
 5078 0011 04       		.byte	0x4
 5079 0012 00       		.uleb128 .LBB78-.LBB78
 5080 0013 9801     		.uleb128 .LBE78-.LBB78
 5081 0015 04       		.byte	0x4
 5082 0016 9C01     		.uleb128 .LBB110-.LBB78
 5083 0018 A001     		.uleb128 .LBE110-.LBB78
 5084 001a 04       		.byte	0x4
 5085 001b B801     		.uleb128 .LBB111-.LBB78
 5086 001d F801     		.uleb128 .LBE111-.LBB78
 5087 001f 04       		.byte	0x4
 5088 0020 8802     		.uleb128 .LBB112-.LBB78
 5089 0022 A002     		.uleb128 .LBE112-.LBB78
 5090 0024 00       		.byte	0
 5091              	.LLRL11:
 5092 0025 05       		.byte	0x5
 5093 0026 58000000 		.4byte	.LBB79
 5094 002a 04       		.byte	0x4
 5095 002b 00       		.uleb128 .LBB79-.LBB79
 5096 002c 0C       		.uleb128 .LBE79-.LBB79
 5097 002d 04       		.byte	0x4
 5098 002e CC01     		.uleb128 .LBB107-.LBB79
 5099 0030 CC01     		.uleb128 .LBE107-.LBB79
 5100 0032 04       		.byte	0x4
 5101 0033 D401     		.uleb128 .LBB108-.LBB79
 5102 0035 F001     		.uleb128 .LBE108-.LBB79
 5103 0037 00       		.byte	0
 5104              	.LLRL13:
 5105 0038 05       		.byte	0x5
 5106 0039 24010000 		.4byte	.LBB80
 5107 003d 04       		.byte	0x4
 5108 003e 00       		.uleb128 .LBB80-.LBB80
 5109 003f 00       		.uleb128 .LBE80-.LBB80
 5110 0040 04       		.byte	0x4
 5111 0041 08       		.uleb128 .LBB85-.LBB80
 5112 0042 0C       		.uleb128 .LBE85-.LBB80
 5113 0043 00       		.byte	0
 5114              	.LLRL14:
 5115 0044 05       		.byte	0x5
 5116 0045 64000000 		.4byte	.LBB90
 5117 0049 04       		.byte	0x4
 5118 004a 00       		.uleb128 .LBB90-.LBB90
 5119 004b 74       		.uleb128 .LBE90-.LBB90
 5120 004c 04       		.byte	0x4
 5121 004d A401     		.uleb128 .LBB106-.LBB90
 5122 004f C001     		.uleb128 .LBE106-.LBB90
 5123 0051 04       		.byte	0x4
 5124 0052 F401     		.uleb128 .LBB109-.LBB90
 5125 0054 8C02     		.uleb128 .LBE109-.LBB90
 5126 0056 00       		.byte	0
 5127              	.LLRL20:
 5128 0057 05       		.byte	0x5
 5129 0058 6C000000 		.4byte	.LBB92
 5130 005c 04       		.byte	0x4
ARM GAS  /tmp/ccLpdAKn.s 			page 91


 5131 005d 00       		.uleb128 .LBB92-.LBB92
 5132 005e 00       		.uleb128 .LBE92-.LBB92
 5133 005f 04       		.byte	0x4
 5134 0060 00       		.uleb128 .LBB103-.LBB92
 5135 0061 10       		.uleb128 .LBE103-.LBB92
 5136 0062 00       		.byte	0
 5137              	.LLRL22:
 5138 0063 05       		.byte	0x5
 5139 0064 6C000000 		.4byte	.LBB94
 5140 0068 04       		.byte	0x4
 5141 0069 00       		.uleb128 .LBB94-.LBB94
 5142 006a 00       		.uleb128 .LBE94-.LBB94
 5143 006b 04       		.byte	0x4
 5144 006c 00       		.uleb128 .LBB98-.LBB94
 5145 006d 04       		.uleb128 .LBE98-.LBB94
 5146 006e 04       		.byte	0x4
 5147 006f 08       		.uleb128 .LBB101-.LBB94
 5148 0070 0C       		.uleb128 .LBE101-.LBB94
 5149 0071 00       		.byte	0
 5150              	.LLRL29:
 5151 0072 05       		.byte	0x5
 5152 0073 50000000 		.4byte	.LBB126
 5153 0077 04       		.byte	0x4
 5154 0078 00       		.uleb128 .LBB126-.LBB126
 5155 0079 9401     		.uleb128 .LBE126-.LBB126
 5156 007b 04       		.byte	0x4
 5157 007c 9801     		.uleb128 .LBB150-.LBB126
 5158 007e 9C01     		.uleb128 .LBE150-.LBB126
 5159 0080 04       		.byte	0x4
 5160 0081 B401     		.uleb128 .LBB151-.LBB126
 5161 0083 F401     		.uleb128 .LBE151-.LBB126
 5162 0085 04       		.byte	0x4
 5163 0086 8402     		.uleb128 .LBB152-.LBB126
 5164 0088 9C02     		.uleb128 .LBE152-.LBB126
 5165 008a 00       		.byte	0
 5166              	.LLRL31:
 5167 008b 05       		.byte	0x5
 5168 008c 58000000 		.4byte	.LBB127
 5169 0090 04       		.byte	0x4
 5170 0091 00       		.uleb128 .LBB127-.LBB127
 5171 0092 0C       		.uleb128 .LBE127-.LBB127
 5172 0093 04       		.byte	0x4
 5173 0094 C801     		.uleb128 .LBB147-.LBB127
 5174 0096 C801     		.uleb128 .LBE147-.LBB127
 5175 0098 04       		.byte	0x4
 5176 0099 D001     		.uleb128 .LBB148-.LBB127
 5177 009b EC01     		.uleb128 .LBE148-.LBB127
 5178 009d 00       		.byte	0
 5179              	.LLRL33:
 5180 009e 05       		.byte	0x5
 5181 009f 20010000 		.4byte	.LBB128
 5182 00a3 04       		.byte	0x4
 5183 00a4 00       		.uleb128 .LBB128-.LBB128
 5184 00a5 00       		.uleb128 .LBE128-.LBB128
 5185 00a6 04       		.byte	0x4
 5186 00a7 08       		.uleb128 .LBB133-.LBB128
 5187 00a8 0C       		.uleb128 .LBE133-.LBB128
ARM GAS  /tmp/ccLpdAKn.s 			page 92


 5188 00a9 00       		.byte	0
 5189              	.LLRL34:
 5190 00aa 05       		.byte	0x5
 5191 00ab 64000000 		.4byte	.LBB138
 5192 00af 04       		.byte	0x4
 5193 00b0 00       		.uleb128 .LBB138-.LBB138
 5194 00b1 70       		.uleb128 .LBE138-.LBB138
 5195 00b2 04       		.byte	0x4
 5196 00b3 A001     		.uleb128 .LBB146-.LBB138
 5197 00b5 BC01     		.uleb128 .LBE146-.LBB138
 5198 00b7 04       		.byte	0x4
 5199 00b8 F001     		.uleb128 .LBB149-.LBB138
 5200 00ba 8802     		.uleb128 .LBE149-.LBB138
 5201 00bc 00       		.byte	0
 5202              	.LLRL40:
 5203 00bd 05       		.byte	0x5
 5204 00be 6C000000 		.4byte	.LBB140
 5205 00c2 04       		.byte	0x4
 5206 00c3 00       		.uleb128 .LBB140-.LBB140
 5207 00c4 00       		.uleb128 .LBE140-.LBB140
 5208 00c5 04       		.byte	0x4
 5209 00c6 00       		.uleb128 .LBB143-.LBB140
 5210 00c7 04       		.uleb128 .LBE143-.LBB140
 5211 00c8 00       		.byte	0
 5212              	.LLRL42:
 5213 00c9 07       		.byte	0x7
 5214 00ca 00000000 		.4byte	.LFB209
 5215 00ce 4C       		.uleb128 .LFE209-.LFB209
 5216 00cf 07       		.byte	0x7
 5217 00d0 00000000 		.4byte	.LFB210
 5218 00d4 60       		.uleb128 .LFE210-.LFB210
 5219 00d5 07       		.byte	0x7
 5220 00d6 00000000 		.4byte	.LFB211
 5221 00da F002     		.uleb128 .LFE211-.LFB211
 5222 00dc 07       		.byte	0x7
 5223 00dd 00000000 		.4byte	.LFB212
 5224 00e1 EC02     		.uleb128 .LFE212-.LFB212
 5225 00e3 00       		.byte	0
 5226              	.Ldebug_ranges3:
 5227              		.section	.debug_line,"",%progbits
 5228              	.Ldebug_line0:
 5229 0000 64080000 		.section	.debug_str,"MS",%progbits,1
 5229      0300B203 
 5229      00000201 
 5229      FB0E0D00 
 5229      01010101 
 5230              	.LASF107:
 5231 0000 63737461 		.ascii	"cstack_base\000"
 5231      636B5F62 
 5231      61736500 
 5232              	.LASF99:
 5233 000c 77746D74 		.ascii	"wtmtxp\000"
 5233      787000
 5234              	.LASF127:
 5235 0013 63684D74 		.ascii	"chMtxLock\000"
 5235      784C6F63 
 5235      6B00
ARM GAS  /tmp/ccLpdAKn.s 			page 93


 5236              	.LASF39:
 5237 001d 64697370 		.ascii	"dispose\000"
 5237      6F736500 
 5238              	.LASF20:
 5239 0025 706F7274 		.ascii	"port_stkline_t\000"
 5239      5F73746B 
 5239      6C696E65 
 5239      5F7400
 5240              	.LASF87:
 5241 0034 63685F72 		.ascii	"ch_registry\000"
 5241      65676973 
 5241      74727900 
 5242              	.LASF136:
 5243 0040 70697065 		.ascii	"pipe_read\000"
 5243      5F726561 
 5243      6400
 5244              	.LASF35:
 5245 004a 666C6167 		.ascii	"flags\000"
 5245      7300
 5246              	.LASF65:
 5247 0050 73797374 		.ascii	"systime_t\000"
 5247      696D655F 
 5247      7400
 5248              	.LASF46:
 5249 005a 7265616C 		.ascii	"realprio\000"
 5249      7072696F 
 5249      00
 5250              	.LASF114:
 5251 0063 62756666 		.ascii	"buffer\000"
 5251      657200
 5252              	.LASF44:
 5253 006a 6570656E 		.ascii	"epending\000"
 5253      64696E67 
 5253      00
 5254              	.LASF137:
 5255 0073 70697065 		.ascii	"pipe_write\000"
 5255      5F777269 
 5255      746500
 5256              	.LASF1:
 5257 007e 756E7369 		.ascii	"unsigned int\000"
 5257      676E6564 
 5257      20696E74 
 5257      00
 5258              	.LASF72:
 5259 008b 6E657874 		.ascii	"next\000"
 5259      00
 5260              	.LASF119:
 5261 0090 776D7478 		.ascii	"wmtx\000"
 5261      00
 5262              	.LASF53:
 5263 0095 636F7265 		.ascii	"core_id\000"
 5263      5F696400 
 5264              	.LASF10:
 5265 009d 5F5F696E 		.ascii	"__int32_t\000"
 5265      7433325F 
 5265      7400
 5266              	.LASF36:
ARM GAS  /tmp/ccLpdAKn.s 			page 94


 5267 00a7 72656673 		.ascii	"refs\000"
 5267      00
 5268              	.LASF96:
 5269 00ac 77746F62 		.ascii	"wtobjp\000"
 5269      6A7000
 5270              	.LASF143:
 5271 00b3 706F7274 		.ascii	"port_lock\000"
 5271      5F6C6F63 
 5271      6B00
 5272              	.LASF51:
 5273 00bd 76746C69 		.ascii	"vtlist\000"
 5273      737400
 5274              	.LASF69:
 5275 00c4 706F7274 		.ascii	"port_context\000"
 5275      5F636F6E 
 5275      74657874 
 5275      00
 5276              	.LASF103:
 5277 00d1 63685F72 		.ascii	"ch_ready_list\000"
 5277      65616479 
 5277      5F6C6973 
 5277      7400
 5278              	.LASF85:
 5279 00df 6C617374 		.ascii	"laststamp\000"
 5279      7374616D 
 5279      7000
 5280              	.LASF100:
 5281 00e9 65776D61 		.ascii	"ewmask\000"
 5281      736B00
 5282              	.LASF75:
 5283 00f0 70726576 		.ascii	"prev\000"
 5283      00
 5284              	.LASF149:
 5285 00f5 5F5F6275 		.ascii	"__builtin_memcpy\000"
 5285      696C7469 
 5285      6E5F6D65 
 5285      6D637079 
 5285      00
 5286              	.LASF71:
 5287 0106 63685F6C 		.ascii	"ch_list\000"
 5287      69737400 
 5288              	.LASF62:
 5289 010e 63685F73 		.ascii	"ch_system_debug\000"
 5289      79737465 
 5289      6D5F6465 
 5289      62756700 
 5290              	.LASF92:
 5291 011e 6C697374 		.ascii	"list\000"
 5291      00
 5292              	.LASF126:
 5293 0123 63685468 		.ascii	"chThdResumeI\000"
 5293      64526573 
 5293      756D6549 
 5293      00
 5294              	.LASF80:
 5295 0130 63685F64 		.ascii	"ch_delta_list\000"
 5295      656C7461 
ARM GAS  /tmp/ccLpdAKn.s 			page 95


 5295      5F6C6973 
 5295      7400
 5296              	.LASF18:
 5297 013e 75696E74 		.ascii	"uint32_t\000"
 5297      33325F74 
 5297      00
 5298              	.LASF43:
 5299 0147 73656E74 		.ascii	"sentmsg\000"
 5299      6D736700 
 5300              	.LASF27:
 5301 014f 6576656E 		.ascii	"eventmask_t\000"
 5301      746D6173 
 5301      6B5F7400 
 5302              	.LASF101:
 5303 015b 63685F73 		.ascii	"ch_semaphore\000"
 5303      656D6170 
 5303      686F7265 
 5303      00
 5304              	.LASF25:
 5305 0168 74707269 		.ascii	"tprio_t\000"
 5305      6F5F7400 
 5306              	.LASF111:
 5307 0170 6F735F69 		.ascii	"os_instance_config_t\000"
 5307      6E737461 
 5307      6E63655F 
 5307      636F6E66 
 5307      69675F74 
 5308              	.LASF68:
 5309 0185 66707363 		.ascii	"fpscr\000"
 5309      7200
 5310              	.LASF0:
 5311 018b 6C6F6E67 		.ascii	"long long unsigned int\000"
 5311      206C6F6E 
 5311      6720756E 
 5311      7369676E 
 5311      65642069 
 5312              	.LASF145:
 5313 01a2 2E2E2F2E 		.ascii	"../../../os/oslib/src/chpipes.c\000"
 5313      2E2F2E2E 
 5313      2F6F732F 
 5313      6F736C69 
 5313      622F7372 
 5314              	.LASF93:
 5315 01c2 70717565 		.ascii	"pqueue\000"
 5315      756500
 5316              	.LASF28:
 5317 01c9 636E745F 		.ascii	"cnt_t\000"
 5317      7400
 5318              	.LASF21:
 5319 01cf 73746B6C 		.ascii	"stkline_t\000"
 5319      696E655F 
 5319      7400
 5320              	.LASF148:
 5321 01d9 63685379 		.ascii	"chSysUnlock\000"
 5321      73556E6C 
 5321      6F636B00 
 5322              	.LASF115:
ARM GAS  /tmp/ccLpdAKn.s 			page 96


 5323 01e5 77727074 		.ascii	"wrptr\000"
 5323      7200
 5324              	.LASF31:
 5325 01eb 6F776E65 		.ascii	"owner\000"
 5325      7200
 5326              	.LASF45:
 5327 01f1 6D74786C 		.ascii	"mtxlist\000"
 5327      69737400 
 5328              	.LASF82:
 5329 01f9 63685F76 		.ascii	"ch_virtual_timers_list\000"
 5329      69727475 
 5329      616C5F74 
 5329      696D6572 
 5329      735F6C69 
 5330              	.LASF54:
 5331 0210 72666375 		.ascii	"rfcu\000"
 5331      00
 5332              	.LASF134:
 5333 0215 63685069 		.ascii	"chPipeReset\000"
 5333      70655265 
 5333      73657400 
 5334              	.LASF30:
 5335 0221 74687265 		.ascii	"thread_t\000"
 5335      61645F74 
 5335      00
 5336              	.LASF5:
 5337 022a 73697A65 		.ascii	"size_t\000"
 5337      5F7400
 5338              	.LASF94:
 5339 0231 7264796D 		.ascii	"rdymsg\000"
 5339      736700
 5340              	.LASF76:
 5341 0238 63685F70 		.ascii	"ch_priority_queue_t\000"
 5341      72696F72 
 5341      6974795F 
 5341      71756575 
 5341      655F7400 
 5342              	.LASF132:
 5343 024c 63685069 		.ascii	"chPipeWriteTimeout\000"
 5343      70655772 
 5343      69746554 
 5343      696D656F 
 5343      757400
 5344              	.LASF113:
 5345 025f 5F426F6F 		.ascii	"_Bool\000"
 5345      6C00
 5346              	.LASF40:
 5347 0265 6F626A65 		.ascii	"object\000"
 5347      637400
 5348              	.LASF59:
 5349 026c 63685F72 		.ascii	"ch_rfcu\000"
 5349      66637500 
 5350              	.LASF102:
 5351 0274 63685F6D 		.ascii	"ch_mutex\000"
 5351      75746578 
 5351      00
 5352              	.LASF14:
ARM GAS  /tmp/ccLpdAKn.s 			page 97


 5353 027d 5F5F7569 		.ascii	"__uint64_t\000"
 5353      6E743634 
 5353      5F7400
 5354              	.LASF147:
 5355 0288 63685363 		.ascii	"chSchRescheduleS\000"
 5355      68526573 
 5355      63686564 
 5355      756C6553 
 5355      00
 5356              	.LASF49:
 5357 0299 63685F6F 		.ascii	"ch_os_instance\000"
 5357      735F696E 
 5357      7374616E 
 5357      636500
 5358              	.LASF141:
 5359 02a8 63685379 		.ascii	"chSysLock\000"
 5359      734C6F63 
 5359      6B00
 5360              	.LASF78:
 5361 02b2 7072696F 		.ascii	"prio\000"
 5361      00
 5362              	.LASF15:
 5363 02b7 63686172 		.ascii	"char\000"
 5363      00
 5364              	.LASF79:
 5365 02bc 63685F64 		.ascii	"ch_delta_list_t\000"
 5365      656C7461 
 5365      5F6C6973 
 5365      745F7400 
 5366              	.LASF58:
 5367 02cc 72666375 		.ascii	"rfcu_mask_t\000"
 5367      5F6D6173 
 5367      6B5F7400 
 5368              	.LASF90:
 5369 02d8 74687265 		.ascii	"thread_reference_t\000"
 5369      61645F72 
 5369      65666572 
 5369      656E6365 
 5369      5F7400
 5370              	.LASF32:
 5371 02eb 77616261 		.ascii	"wabase\000"
 5371      736500
 5372              	.LASF23:
 5373 02f2 74737461 		.ascii	"tstate_t\000"
 5373      74655F74 
 5373      00
 5374              	.LASF38:
 5375 02fb 72717565 		.ascii	"rqueue\000"
 5375      756500
 5376              	.LASF139:
 5377 0302 63685069 		.ascii	"chPipeGetUsedCount\000"
 5377      70654765 
 5377      74557365 
 5377      64436F75 
 5377      6E7400
 5378              	.LASF124:
 5379 0315 63685468 		.ascii	"chThdResume\000"
ARM GAS  /tmp/ccLpdAKn.s 			page 98


 5379      64526573 
 5379      756D6500 
 5380              	.LASF16:
 5381 0321 75696E74 		.ascii	"uint8_t\000"
 5381      385F7400 
 5382              	.LASF42:
 5383 0329 6D736771 		.ascii	"msgqueue\000"
 5383      75657565 
 5383      00
 5384              	.LASF48:
 5385 0332 63685F74 		.ascii	"ch_thread\000"
 5385      68726561 
 5385      6400
 5386              	.LASF64:
 5387 033c 73797374 		.ascii	"system_debug_t\000"
 5387      656D5F64 
 5387      65627567 
 5387      5F7400
 5388              	.LASF2:
 5389 034b 6C6F6E67 		.ascii	"long long int\000"
 5389      206C6F6E 
 5389      6720696E 
 5389      7400
 5390              	.LASF125:
 5391 0359 63684D74 		.ascii	"chMtxUnlock\000"
 5391      78556E6C 
 5391      6F636B00 
 5392              	.LASF26:
 5393 0365 6D73675F 		.ascii	"msg_t\000"
 5393      7400
 5394              	.LASF89:
 5395 036b 72656769 		.ascii	"registry_t\000"
 5395      73747279 
 5395      5F7400
 5396              	.LASF138:
 5397 0376 63685069 		.ascii	"chPipeGetFreeCount\000"
 5397      70654765 
 5397      74467265 
 5397      65436F75 
 5397      6E7400
 5398              	.LASF110:
 5399 0389 69646C65 		.ascii	"idlestack_end\000"
 5399      73746163 
 5399      6B5F656E 
 5399      6400
 5400              	.LASF135:
 5401 0397 63685069 		.ascii	"chPipeObjectInit\000"
 5401      70654F62 
 5401      6A656374 
 5401      496E6974 
 5401      00
 5402              	.LASF60:
 5403 03a8 6D61736B 		.ascii	"mask\000"
 5403      00
 5404              	.LASF140:
 5405 03ad 63685069 		.ascii	"chPipeGetSize\000"
 5405      70654765 
ARM GAS  /tmp/ccLpdAKn.s 			page 99


 5405      7453697A 
 5405      6500
 5406              	.LASF91:
 5407 03bb 74687265 		.ascii	"thread_dispose_t\000"
 5407      61645F64 
 5407      6973706F 
 5407      73655F74 
 5407      00
 5408              	.LASF66:
 5409 03cc 73797369 		.ascii	"sysinterval_t\000"
 5409      6E746572 
 5409      76616C5F 
 5409      7400
 5410              	.LASF73:
 5411 03da 63685F71 		.ascii	"ch_queue_t\000"
 5411      75657565 
 5411      5F7400
 5412              	.LASF63:
 5413 03e5 70616E69 		.ascii	"panic_msg\000"
 5413      635F6D73 
 5413      6700
 5414              	.LASF109:
 5415 03ef 69646C65 		.ascii	"idlestack_base\000"
 5415      73746163 
 5415      6B5F6261 
 5415      736500
 5416              	.LASF130:
 5417 03fe 646F6E65 		.ascii	"done\000"
 5417      00
 5418              	.LASF22:
 5419 0403 746D6F64 		.ascii	"tmode_t\000"
 5419      655F7400 
 5420              	.LASF84:
 5421 040b 73797374 		.ascii	"systime\000"
 5421      696D6500 
 5422              	.LASF56:
 5423 0413 69646C65 		.ascii	"idlethread\000"
 5423      74687265 
 5423      616400
 5424              	.LASF3:
 5425 041e 6C6F6E67 		.ascii	"long double\000"
 5425      20646F75 
 5425      626C6500 
 5426              	.LASF70:
 5427 042a 63685F6C 		.ascii	"ch_list_t\000"
 5427      6973745F 
 5427      7400
 5428              	.LASF118:
 5429 0434 636D7478 		.ascii	"cmtx\000"
 5429      00
 5430              	.LASF55:
 5431 0439 636F6E66 		.ascii	"config\000"
 5431      696700
 5432              	.LASF133:
 5433 0440 5F5F6675 		.ascii	"__func__\000"
 5433      6E635F5F 
 5433      00
ARM GAS  /tmp/ccLpdAKn.s 			page 100


 5434              	.LASF128:
 5435 0449 63684D74 		.ascii	"chMtxObjectInit\000"
 5435      784F626A 
 5435      65637449 
 5435      6E697400 
 5436              	.LASF8:
 5437 0459 73686F72 		.ascii	"short int\000"
 5437      7420696E 
 5437      7400
 5438              	.LASF11:
 5439 0463 6C6F6E67 		.ascii	"long int\000"
 5439      20696E74 
 5439      00
 5440              	.LASF67:
 5441 046c 706F7274 		.ascii	"port_intctx\000"
 5441      5F696E74 
 5441      63747800 
 5442              	.LASF144:
 5443 0478 474E5520 		.ascii	"GNU C17 13.3.1 20240614 -mcpu=cortex-r8 -mfloat-abi"
 5443      43313720 
 5443      31332E33 
 5443      2E312032 
 5443      30323430 
 5444 04ab 3D686172 		.ascii	"=hard -mfpu=vfpv3-d16 -mno-thumb-interwork -marm -m"
 5444      64202D6D 
 5444      6670753D 
 5444      76667076 
 5444      332D6431 
 5445 04de 61726368 		.ascii	"arch=armv7-r+fp+idiv -ggdb -O2 -fomit-frame-pointer"
 5445      3D61726D 
 5445      76372D72 
 5445      2B66702B 
 5445      69646976 
 5446 0511 202D6661 		.ascii	" -falign-functions=16 -ffunction-sections -fdata-se"
 5446      6C69676E 
 5446      2D66756E 
 5446      6374696F 
 5446      6E733D31 
 5447 0544 6374696F 		.ascii	"ctions -fno-common\000"
 5447      6E73202D 
 5447      666E6F2D 
 5447      636F6D6D 
 5447      6F6E00
 5448              	.LASF33:
 5449 0557 7761656E 		.ascii	"waend\000"
 5449      6400
 5450              	.LASF108:
 5451 055d 63737461 		.ascii	"cstack_end\000"
 5451      636B5F65 
 5451      6E6400
 5452              	.LASF106:
 5453 0568 63685F6F 		.ascii	"ch_os_instance_config\000"
 5453      735F696E 
 5453      7374616E 
 5453      63655F63 
 5453      6F6E6669 
 5454              	.LASF83:
ARM GAS  /tmp/ccLpdAKn.s 			page 101


 5455 057e 646C6973 		.ascii	"dlist\000"
 5455      7400
 5456              	.LASF19:
 5457 0584 75696E74 		.ascii	"uint64_t\000"
 5457      36345F74 
 5457      00
 5458              	.LASF50:
 5459 058d 726C6973 		.ascii	"rlist\000"
 5459      7400
 5460              	.LASF117:
 5461 0593 72657365 		.ascii	"reset\000"
 5461      7400
 5462              	.LASF121:
 5463 0599 70697065 		.ascii	"pipe_t\000"
 5463      5F7400
 5464              	.LASF6:
 5465 05a0 5F5F7569 		.ascii	"__uint8_t\000"
 5465      6E74385F 
 5465      7400
 5466              	.LASF37:
 5467 05aa 6E616D65 		.ascii	"name\000"
 5467      00
 5468              	.LASF24:
 5469 05af 74726566 		.ascii	"trefs_t\000"
 5469      735F7400 
 5470              	.LASF13:
 5471 05b7 6C6F6E67 		.ascii	"long unsigned int\000"
 5471      20756E73 
 5471      69676E65 
 5471      6420696E 
 5471      7400
 5472              	.LASF105:
 5473 05c9 72656164 		.ascii	"ready_list_t\000"
 5473      795F6C69 
 5473      73745F74 
 5473      00
 5474              	.LASF88:
 5475 05d6 71756575 		.ascii	"queue\000"
 5475      6500
 5476              	.LASF17:
 5477 05dc 696E7433 		.ascii	"int32_t\000"
 5477      325F7400 
 5478              	.LASF61:
 5479 05e4 72666375 		.ascii	"rfcu_t\000"
 5479      5F7400
 5480              	.LASF98:
 5481 05eb 77747365 		.ascii	"wtsemp\000"
 5481      6D7000
 5482              	.LASF77:
 5483 05f2 63685F70 		.ascii	"ch_priority_queue\000"
 5483      72696F72 
 5483      6974795F 
 5483      71756575 
 5483      6500
 5484              	.LASF74:
 5485 0604 63685F71 		.ascii	"ch_queue\000"
 5485      75657565 
ARM GAS  /tmp/ccLpdAKn.s 			page 102


 5485      00
 5486              	.LASF112:
 5487 060d 6D757465 		.ascii	"mutex_t\000"
 5487      785F7400 
 5488              	.LASF7:
 5489 0615 756E7369 		.ascii	"unsigned char\000"
 5489      676E6564 
 5489      20636861 
 5489      7200
 5490              	.LASF12:
 5491 0623 5F5F7569 		.ascii	"__uint32_t\000"
 5491      6E743332 
 5491      5F7400
 5492              	.LASF41:
 5493 062e 77616974 		.ascii	"waiting\000"
 5493      696E6700 
 5494              	.LASF86:
 5495 0636 76697274 		.ascii	"virtual_timers_list_t\000"
 5495      75616C5F 
 5495      74696D65 
 5495      72735F6C 
 5495      6973745F 
 5496              	.LASF129:
 5497 064c 74696D65 		.ascii	"timeout\000"
 5497      6F757400 
 5498              	.LASF146:
 5499 0654 2F686F6D 		.ascii	"/home/emirhan/Documents/gemstone/chibiOS-port/Chibi"
 5499      652F656D 
 5499      69726861 
 5499      6E2F446F 
 5499      63756D65 
 5500 0687 4F532F64 		.ascii	"OS/demos/various/RT-ARMCR8-GENERIC\000"
 5500      656D6F73 
 5500      2F766172 
 5500      696F7573 
 5500      2F52542D 
 5501              	.LASF131:
 5502 06aa 63685069 		.ascii	"chPipeReadTimeout\000"
 5502      70655265 
 5502      61645469 
 5502      6D656F75 
 5502      7400
 5503              	.LASF57:
 5504 06bc 6D61696E 		.ascii	"mainthread\000"
 5504      74687265 
 5504      616400
 5505              	.LASF34:
 5506 06c7 73746174 		.ascii	"state\000"
 5506      6500
 5507              	.LASF47:
 5508 06cd 6F735F69 		.ascii	"os_instance_t\000"
 5508      6E737461 
 5508      6E63655F 
 5508      7400
 5509              	.LASF52:
 5510 06db 7265676C 		.ascii	"reglist\000"
 5510      69737400 
ARM GAS  /tmp/ccLpdAKn.s 			page 103


 5511              	.LASF97:
 5512 06e3 77747472 		.ascii	"wttrp\000"
 5512      7000
 5513              	.LASF4:
 5514 06e9 7369676E 		.ascii	"signed char\000"
 5514      65642063 
 5514      68617200 
 5515              	.LASF81:
 5516 06f5 64656C74 		.ascii	"delta\000"
 5516      6100
 5517              	.LASF9:
 5518 06fb 73686F72 		.ascii	"short unsigned int\000"
 5518      7420756E 
 5518      7369676E 
 5518      65642069 
 5518      6E7400
 5519              	.LASF122:
 5520 070e 6D656D63 		.ascii	"memcpy\000"
 5520      707900
 5521              	.LASF104:
 5522 0715 63757272 		.ascii	"current\000"
 5522      656E7400 
 5523              	.LASF120:
 5524 071d 726D7478 		.ascii	"rmtx\000"
 5524      00
 5525              	.LASF142:
 5526 0722 706F7274 		.ascii	"port_unlock\000"
 5526      5F756E6C 
 5526      6F636B00 
 5527              	.LASF116:
 5528 072e 72647074 		.ascii	"rdptr\000"
 5528      7200
 5529              	.LASF95:
 5530 0734 65786974 		.ascii	"exitcode\000"
 5530      636F6465 
 5530      00
 5531              	.LASF123:
 5532 073d 63685468 		.ascii	"chThdSuspendTimeoutS\000"
 5532      64537573 
 5532      70656E64 
 5532      54696D65 
 5532      6F757453 
 5533              	.LASF29:
 5534 0752 636F7265 		.ascii	"core_id_t\000"
 5534      5F69645F 
 5534      7400
 5535              		.ident	"GCC: (Arm GNU Toolchain 13.3.Rel1 (Build arm-13.24)) 13.3.1 20240614"
ARM GAS  /tmp/ccLpdAKn.s 			page 104


DEFINED SYMBOLS
                            *ABS*:00000000 chpipes.c
     /tmp/ccLpdAKn.s:21     .text.chPipeObjectInit:00000000 $a
     /tmp/ccLpdAKn.s:27     .text.chPipeObjectInit:00000000 chPipeObjectInit
     /tmp/ccLpdAKn.s:98     .text.chPipeReset:00000000 $a
     /tmp/ccLpdAKn.s:104    .text.chPipeReset:00000000 chPipeReset
     /tmp/ccLpdAKn.s:227    .text.chPipeWriteTimeout:00000000 $a
     /tmp/ccLpdAKn.s:233    .text.chPipeWriteTimeout:00000000 chPipeWriteTimeout
     /tmp/ccLpdAKn.s:599    .text.chPipeReadTimeout:00000000 $a
     /tmp/ccLpdAKn.s:605    .text.chPipeReadTimeout:00000000 chPipeReadTimeout

UNDEFINED SYMBOLS
chMtxObjectInit
chMtxLock
chThdResumeI
chSchRescheduleS
chMtxUnlock
memcpy
chThdResume
chThdSuspendTimeoutS
