ARM GAS  /tmp/ccM7HEsR.s 			page 1


   1              		.cpu cortex-r8
   2              		.arch armv7-r
   3              		.fpu vfpv3-d16
   4              		.arch_extension idiv
   5              		.eabi_attribute 28, 1
   6              		.eabi_attribute 20, 1
   7              		.eabi_attribute 21, 1
   8              		.eabi_attribute 23, 3
   9              		.eabi_attribute 24, 1
  10              		.eabi_attribute 25, 1
  11              		.eabi_attribute 26, 1
  12              		.eabi_attribute 30, 2
  13              		.eabi_attribute 34, 1
  14              		.eabi_attribute 18, 4
  15              		.file	"chregistry.c"
  16              		.text
  17              	.Ltext0:
  18              		.cfi_sections	.debug_frame
  19              		.file 1 "../../../os/rt/src/chregistry.c"
  20              		.section	.text.chRegFirstThread,"ax",%progbits
  21              		.align	2
  22              		.p2align 4,,15
  23              		.global	chRegFirstThread
  24              		.syntax unified
  25              		.arm
  26              		.type	chRegFirstThread, %function
  27              	chRegFirstThread:
  28              	.LFB207:
  29              		.loc 1 158 34 view -0
  30              		.cfi_startproc
  31              		@ args = 0, pretend = 0, frame = 0
  32              		@ frame_needed = 0, uses_anonymous_args = 0
  33              		@ link register save eliminated.
  34              		.loc 1 159 3 view .LVU1
  35              		.loc 1 160 3 view .LVU2
  36              		.loc 1 162 3 view .LVU3
  37              	.LBB54:
  38              	.LBI54:
  39              		.file 2 "../../../os/rt/include/chsys.h"
  40              		.loc 2 371 20 view .LVU4
  41              		.loc 2 373 3 view .LVU5
  42              	.LBB55:
  43              	.LBI55:
  44              		.file 3 "../../../os/common/ports/ARMv7-R/chcore.h"
  45              		.loc 3 739 20 view .LVU6
  46              	.LBB56:
  47              		.loc 3 741 3 view .LVU7
  48              		.syntax divided
  49              	@ 741 "../../../os/common/ports/ARMv7-R/chcore.h" 1
  50 0000 80000CF1 		cpsid   i
  51              	@ 0 "" 2
  52              		.arm
  53              		.syntax unified
  54              	.LBE56:
  55              	.LBE55:
  56              		.loc 2 374 35 view .LVU8
  57              		.loc 2 375 21 view .LVU9
ARM GAS  /tmp/ccM7HEsR.s 			page 2


  58              	.LBE54:
  59              		.loc 1 163 3 view .LVU10
  60              		.loc 1 163 5 is_stmt 0 view .LVU11
  61 0004 003000E3 		movw	r3, #:lower16:ch0
  62 0008 003040E3 		movt	r3, #:upper16:ch0
  63 000c 280093E5 		ldr	r0, [r3, #40]
  64              	.LVL0:
  65              		.loc 1 164 3 is_stmt 1 view .LVU12
  66              		.loc 1 166 3 view .LVU13
  67              		.loc 1 166 11 is_stmt 0 view .LVU14
  68 0010 063050E5 		ldrb	r3, [r0, #-6]	@ zero_extendqisi2
  69 0014 013083E2 		add	r3, r3, #1
  70 0018 063040E5 		strb	r3, [r0, #-6]
  71              		.loc 1 168 3 is_stmt 1 view .LVU15
  72              	.LBB57:
  73              	.LBI57:
  74              		.loc 2 385 20 view .LVU16
  75              	.LBB58:
  76              		.loc 2 387 23 view .LVU17
  77              		.loc 2 388 34 view .LVU18
  78              		.loc 2 394 3 view .LVU19
  79              		.loc 2 394 3 view .LVU20
  80              		.loc 2 394 3 discriminator 7 view .LVU21
  81              		.loc 2 398 3 view .LVU22
  82              	.LBB59:
  83              	.LBI59:
  84              		.loc 3 751 20 view .LVU23
  85              	.LBB60:
  86              		.loc 3 756 3 view .LVU24
  87              		.syntax divided
  88              	@ 756 "../../../os/common/ports/ARMv7-R/chcore.h" 1
  89 001c C00008F1 		cpsie   if
  90              	@ 0 "" 2
  91              		.arm
  92              		.syntax unified
  93              	.LBE60:
  94              	.LBE59:
  95              	.LBE58:
  96              	.LBE57:
  97              		.loc 1 170 3 view .LVU25
  98              		.loc 1 171 1 is_stmt 0 view .LVU26
  99 0020 240040E2 		sub	r0, r0, #36
 100              	.LVL1:
 101              		.loc 1 171 1 view .LVU27
 102 0024 1EFF2FE1 		bx	lr
 103              		.cfi_endproc
 104              	.LFE207:
 105              		.size	chRegFirstThread, .-chRegFirstThread
 106              		.section	.text.chRegNextThread,"ax",%progbits
 107              		.align	2
 108              		.p2align 4,,15
 109              		.global	chRegNextThread
 110              		.syntax unified
 111              		.arm
 112              		.type	chRegNextThread, %function
 113              	chRegNextThread:
 114              	.LVL2:
ARM GAS  /tmp/ccM7HEsR.s 			page 3


 115              	.LFB208:
 116              		.loc 1 184 41 is_stmt 1 view -0
 117              		.cfi_startproc
 118              		@ args = 0, pretend = 0, frame = 0
 119              		@ frame_needed = 0, uses_anonymous_args = 0
 120              		.loc 1 185 3 view .LVU29
 121              		.loc 1 186 3 view .LVU30
 122              		.loc 1 188 3 view .LVU31
 123              	.LBB69:
 124              	.LBI69:
 125              		.loc 2 371 20 view .LVU32
 126              		.loc 2 373 3 view .LVU33
 127              	.LBB70:
 128              	.LBI70:
 129              		.loc 3 739 20 view .LVU34
 130              	.LBB71:
 131              		.loc 3 741 3 view .LVU35
 132              	.LBE71:
 133              	.LBE70:
 134              	.LBE69:
 135              		.loc 1 184 41 is_stmt 0 view .LVU36
 136 0000 10402DE9 		push	{r4, lr}
 137              		.cfi_def_cfa_offset 8
 138              		.cfi_offset 4, -8
 139              		.cfi_offset 14, -4
 140              	.LBB74:
 141              	.LBB73:
 142              	.LBB72:
 143              		.loc 3 741 3 view .LVU37
 144              		.syntax divided
 145              	@ 741 "../../../os/common/ports/ARMv7-R/chcore.h" 1
 146 0004 80000CF1 		cpsid   i
 147              	@ 0 "" 2
 148              		.arm
 149              		.syntax unified
 150              	.LBE72:
 151              	.LBE73:
 152              		.loc 2 374 35 is_stmt 1 view .LVU38
 153              		.loc 2 375 21 view .LVU39
 154              	.LBE74:
 155              		.loc 1 191 3 view .LVU40
 156              		.loc 1 192 6 is_stmt 0 view .LVU41
 157 0008 28209FE5 		ldr	r2, .L7
 158              		.loc 1 191 7 view .LVU42
 159 000c 243090E5 		ldr	r3, [r0, #36]
 160              	.LVL3:
 161              		.loc 1 192 3 is_stmt 1 view .LVU43
 162              		.loc 1 192 6 is_stmt 0 view .LVU44
 163 0010 020053E1 		cmp	r3, r2
 164              	.LBB75:
 165              		.loc 1 196 5 is_stmt 1 view .LVU45
 166              	.LVL4:
 167              		.loc 1 197 5 view .LVU46
 168              		.loc 1 202 14 is_stmt 0 view .LVU47
 169 0014 06205315 		ldrbne	r2, [r3, #-6]	@ zero_extendqisi2
 170              	.LBE75:
 171              		.loc 1 193 9 view .LVU48
ARM GAS  /tmp/ccM7HEsR.s 			page 4


 172 0018 0040A003 		moveq	r4, #0
 173              	.LBB76:
 174              		.loc 1 202 14 view .LVU49
 175 001c 01208212 		addne	r2, r2, #1
 176              		.loc 1 197 9 view .LVU50
 177 0020 24404312 		subne	r4, r3, #36
 178              		.loc 1 200 5 is_stmt 1 view .LVU51
 179              		.loc 1 200 5 view .LVU52
 180              		.loc 1 200 5 discriminator 5 view .LVU53
 181              		.loc 1 202 5 view .LVU54
 182              	.LVL5:
 183              		.loc 1 202 5 is_stmt 0 view .LVU55
 184              	.LBE76:
 185              		.loc 1 205 3 is_stmt 1 view .LVU56
 186              	.LBB77:
 187              	.LBI77:
 188              		.loc 2 385 20 view .LVU57
 189              	.LBB78:
 190              		.loc 2 387 23 view .LVU58
 191              		.loc 2 388 34 view .LVU59
 192              		.loc 2 394 3 view .LVU60
 193              		.loc 2 394 3 view .LVU61
 194              		.loc 2 394 3 discriminator 7 view .LVU62
 195              		.loc 2 398 3 view .LVU63
 196              	.LBB79:
 197              	.LBI79:
 198              		.loc 3 751 20 view .LVU64
 199              	.LBB80:
 200              		.loc 3 756 3 view .LVU65
 201              	.LBE80:
 202              	.LBE79:
 203              	.LBE78:
 204              	.LBE77:
 205              	.LBB84:
 206              		.loc 1 202 14 is_stmt 0 view .LVU66
 207 0024 06204315 		strbne	r2, [r3, #-6]
 208              	.LBE84:
 209              	.LBB85:
 210              	.LBB83:
 211              	.LBB82:
 212              	.LBB81:
 213              		.loc 3 756 3 view .LVU67
 214              		.syntax divided
 215              	@ 756 "../../../os/common/ports/ARMv7-R/chcore.h" 1
 216 0028 C00008F1 		cpsie   if
 217              	@ 0 "" 2
 218              		.arm
 219              		.syntax unified
 220              	.LBE81:
 221              	.LBE82:
 222              	.LBE83:
 223              	.LBE85:
 224              		.loc 1 207 3 is_stmt 1 view .LVU68
 225 002c FEFFFFEB 		bl	chThdRelease
 226              	.LVL6:
 227              		.loc 1 210 3 view .LVU69
 228              		.loc 1 211 1 is_stmt 0 view .LVU70
ARM GAS  /tmp/ccM7HEsR.s 			page 5


 229 0030 0400A0E1 		mov	r0, r4
 230 0034 1080BDE8 		pop	{r4, pc}
 231              	.L8:
 232              		.align	2
 233              	.L7:
 234 0038 28000000 		.word	ch0+40
 235              		.cfi_endproc
 236              	.LFE208:
 237              		.size	chRegNextThread, .-chRegNextThread
 238              		.section	.text.chRegFindThreadByName,"ax",%progbits
 239              		.align	2
 240              		.p2align 4,,15
 241              		.global	chRegFindThreadByName
 242              		.syntax unified
 243              		.arm
 244              		.type	chRegFindThreadByName, %function
 245              	chRegFindThreadByName:
 246              	.LVL7:
 247              	.LFB209:
 248              		.loc 1 225 51 is_stmt 1 view -0
 249              		.cfi_startproc
 250              		@ args = 0, pretend = 0, frame = 0
 251              		@ frame_needed = 0, uses_anonymous_args = 0
 252              		.loc 1 226 3 view .LVU72
 253              		.loc 1 229 3 view .LVU73
 254              	.LBB107:
 255              	.LBI107:
 256              		.loc 1 158 11 view .LVU74
 257              	.LBB108:
 258              		.loc 1 159 3 view .LVU75
 259              		.loc 1 160 3 view .LVU76
 260              		.loc 1 162 3 view .LVU77
 261              	.LBB109:
 262              	.LBI109:
 263              		.loc 2 371 20 view .LVU78
 264              		.loc 2 373 3 view .LVU79
 265              	.LBB110:
 266              	.LBI110:
 267              		.loc 3 739 20 view .LVU80
 268              	.LBB111:
 269              		.loc 3 741 3 view .LVU81
 270              	.LBE111:
 271              	.LBE110:
 272              	.LBE109:
 273              	.LBE108:
 274              	.LBE107:
 275              		.loc 1 225 51 is_stmt 0 view .LVU82
 276 0000 F0412DE9 		push	{r4, r5, r6, r7, r8, lr}
 277              		.cfi_def_cfa_offset 24
 278              		.cfi_offset 4, -24
 279              		.cfi_offset 5, -20
 280              		.cfi_offset 6, -16
 281              		.cfi_offset 7, -12
 282              		.cfi_offset 8, -8
 283              		.cfi_offset 14, -4
 284              		.loc 1 225 51 view .LVU83
 285 0004 0070A0E1 		mov	r7, r0
ARM GAS  /tmp/ccM7HEsR.s 			page 6


 286              	.LBB120:
 287              	.LBB119:
 288              	.LBB114:
 289              	.LBB113:
 290              	.LBB112:
 291              		.loc 3 741 3 view .LVU84
 292              		.syntax divided
 293              	@ 741 "../../../os/common/ports/ARMv7-R/chcore.h" 1
 294 0008 80000CF1 		cpsid   i
 295              	@ 0 "" 2
 296              		.arm
 297              		.syntax unified
 298              	.LBE112:
 299              	.LBE113:
 300              		.loc 2 374 35 is_stmt 1 view .LVU85
 301              		.loc 2 375 21 view .LVU86
 302              	.LBE114:
 303              		.loc 1 163 3 view .LVU87
 304              		.loc 1 163 5 is_stmt 0 view .LVU88
 305 000c 006000E3 		movw	r6, #:lower16:ch0
 306 0010 006040E3 		movt	r6, #:upper16:ch0
 307 0014 2830B6E5 		ldr	r3, [r6, #40]!
 308              	.LVL8:
 309              		.loc 1 164 3 is_stmt 1 view .LVU89
 310              		.loc 1 166 11 is_stmt 0 view .LVU90
 311 0018 062053E5 		ldrb	r2, [r3, #-6]	@ zero_extendqisi2
 312              		.loc 1 164 6 view .LVU91
 313 001c 244043E2 		sub	r4, r3, #36
 314              	.LVL9:
 315              		.loc 1 166 3 is_stmt 1 view .LVU92
 316              		.loc 1 166 11 is_stmt 0 view .LVU93
 317 0020 012082E2 		add	r2, r2, #1
 318 0024 062043E5 		strb	r2, [r3, #-6]
 319              		.loc 1 168 3 is_stmt 1 view .LVU94
 320              	.LBB115:
 321              	.LBI115:
 322              		.loc 2 385 20 view .LVU95
 323              	.LBB116:
 324              		.loc 2 387 23 view .LVU96
 325              		.loc 2 388 34 view .LVU97
 326              		.loc 2 394 3 view .LVU98
 327              		.loc 2 394 3 view .LVU99
 328              		.loc 2 394 3 discriminator 7 view .LVU100
 329              		.loc 2 398 3 view .LVU101
 330              	.LBB117:
 331              	.LBI117:
 332              		.loc 3 751 20 view .LVU102
 333              	.LBB118:
 334              		.loc 3 756 3 view .LVU103
 335              		.syntax divided
 336              	@ 756 "../../../os/common/ports/ARMv7-R/chcore.h" 1
 337 0028 C00008F1 		cpsie   if
 338              	@ 0 "" 2
 339              		.arm
 340              		.syntax unified
 341              	.LBE118:
 342              	.LBE117:
ARM GAS  /tmp/ccM7HEsR.s 			page 7


 343              	.LBE116:
 344              	.LBE115:
 345              		.loc 1 170 3 view .LVU104
 346              	.LVL10:
 347              		.loc 1 170 3 is_stmt 0 view .LVU105
 348 002c 060000EA 		b	.L12
 349              	.LVL11:
 350              	.L11:
 351              		.loc 1 170 3 view .LVU106
 352              	.LBE119:
 353              	.LBE120:
 354              	.LBB121:
 355              	.LBB122:
 356              	.LBB123:
 357              		.loc 1 202 14 view .LVU107
 358 0030 062053E5 		ldrb	r2, [r3, #-6]	@ zero_extendqisi2
 359 0034 012082E2 		add	r2, r2, #1
 360 0038 062043E5 		strb	r2, [r3, #-6]
 361              		.loc 1 202 14 view .LVU108
 362              	.LBE123:
 363              		.loc 1 205 3 is_stmt 1 view .LVU109
 364              	.LBB124:
 365              	.LBI124:
 366              		.loc 2 385 20 view .LVU110
 367              	.LBB125:
 368              		.loc 2 387 23 view .LVU111
 369              		.loc 2 388 34 view .LVU112
 370              		.loc 2 394 3 view .LVU113
 371              		.loc 2 394 3 view .LVU114
 372              		.loc 2 394 3 discriminator 7 view .LVU115
 373              		.loc 2 398 3 view .LVU116
 374              	.LBB126:
 375              	.LBI126:
 376              		.loc 3 751 20 view .LVU117
 377              	.LBB127:
 378              		.loc 3 756 3 view .LVU118
 379              		.syntax divided
 380              	@ 756 "../../../os/common/ports/ARMv7-R/chcore.h" 1
 381 003c C00008F1 		cpsie   if
 382              	@ 0 "" 2
 383              		.arm
 384              		.syntax unified
 385              	.LBE127:
 386              	.LBE126:
 387              	.LBE125:
 388              	.LBE124:
 389              		.loc 1 207 3 view .LVU119
 390 0040 0400A0E1 		mov	r0, r4
 391 0044 FEFFFFEB 		bl	chThdRelease
 392              	.LVL12:
 393              		.loc 1 210 3 view .LVU120
 394              		.loc 1 210 3 is_stmt 0 view .LVU121
 395              	.LBE122:
 396              	.LBE121:
 397              		.loc 1 235 16 is_stmt 1 view .LVU122
 398              		.loc 1 234 11 is_stmt 0 view .LVU123
 399 0048 0540A0E1 		mov	r4, r5
ARM GAS  /tmp/ccM7HEsR.s 			page 8


 400              	.LVL13:
 401              	.L12:
 402              		.loc 1 230 3 is_stmt 1 view .LVU124
 403              		.loc 1 231 5 view .LVU125
 404              	.LBB143:
 405              	.LBI143:
 406              		.file 4 "../../../os/rt/include/chregistry.h"
 407              		.loc 4 184 27 view .LVU126
 408              	.LBB144:
 409              		.loc 4 187 3 view .LVU127
 410              		.loc 4 187 3 is_stmt 0 view .LVU128
 411              	.LBE144:
 412              	.LBE143:
 413              		.loc 1 231 9 discriminator 1 view .LVU129
 414 004c 0710A0E1 		mov	r1, r7
 415 0050 200094E5 		ldr	r0, [r4, #32]
 416 0054 FEFFFFEB 		bl	strcmp
 417              	.LVL14:
 418              		.loc 1 234 5 is_stmt 1 view .LVU130
 419              	.LBB145:
 420              	.LBI121:
 421              		.loc 1 184 11 view .LVU131
 422              	.LBB141:
 423              		.loc 1 185 3 view .LVU132
 424              		.loc 1 186 3 view .LVU133
 425              		.loc 1 188 3 view .LVU134
 426              	.LBB131:
 427              	.LBI131:
 428              		.loc 2 371 20 view .LVU135
 429              		.loc 2 373 3 view .LVU136
 430              	.LBB132:
 431              	.LBI132:
 432              		.loc 3 739 20 view .LVU137
 433              	.LBB133:
 434              		.loc 3 741 3 view .LVU138
 435              	.LBE133:
 436              	.LBE132:
 437              	.LBE131:
 438              	.LBE141:
 439              	.LBE145:
 440              		.loc 1 231 8 is_stmt 0 discriminator 2 view .LVU139
 441 0058 000050E3 		cmp	r0, #0
 442 005c 0800000A 		beq	.L9
 443              	.LBB146:
 444              	.LBB142:
 445              	.LBB136:
 446              	.LBB135:
 447              	.LBB134:
 448              		.loc 3 741 3 view .LVU140
 449              		.syntax divided
 450              	@ 741 "../../../os/common/ports/ARMv7-R/chcore.h" 1
 451 0060 80000CF1 		cpsid   i
 452              	@ 0 "" 2
 453              		.arm
 454              		.syntax unified
 455              	.LBE134:
 456              	.LBE135:
ARM GAS  /tmp/ccM7HEsR.s 			page 9


 457              		.loc 2 374 35 is_stmt 1 view .LVU141
 458              		.loc 2 375 21 view .LVU142
 459              	.LBE136:
 460              		.loc 1 191 3 view .LVU143
 461              	.LBB137:
 462              		.loc 1 196 5 view .LVU144
 463              	.LBE137:
 464              		.loc 1 191 7 is_stmt 0 view .LVU145
 465 0064 243094E5 		ldr	r3, [r4, #36]
 466              	.LVL15:
 467              		.loc 1 192 3 is_stmt 1 view .LVU146
 468              	.LBB138:
 469              		.loc 1 197 5 view .LVU147
 470              	.LBE138:
 471              		.loc 1 192 6 is_stmt 0 view .LVU148
 472 0068 060053E1 		cmp	r3, r6
 473              	.LBB139:
 474              		.loc 1 197 9 view .LVU149
 475 006c 245043E2 		sub	r5, r3, #36
 476              	.LVL16:
 477              		.loc 1 200 5 is_stmt 1 view .LVU150
 478              		.loc 1 200 5 view .LVU151
 479              		.loc 1 200 5 discriminator 5 view .LVU152
 480              		.loc 1 202 5 view .LVU153
 481              	.LBE139:
 482              		.loc 1 192 6 is_stmt 0 view .LVU154
 483 0070 EEFFFF1A 		bne	.L11
 484              	.LVL17:
 485              		.loc 1 205 3 is_stmt 1 view .LVU155
 486              	.LBB140:
 487              		.loc 2 385 20 view .LVU156
 488              	.LBB130:
 489              		.loc 2 387 23 view .LVU157
 490              		.loc 2 388 34 view .LVU158
 491              		.loc 2 394 3 view .LVU159
 492              		.loc 2 394 3 view .LVU160
 493              		.loc 2 394 3 discriminator 7 view .LVU161
 494              		.loc 2 398 3 view .LVU162
 495              	.LBB129:
 496              		.loc 3 751 20 view .LVU163
 497              	.LBB128:
 498              		.loc 3 756 3 view .LVU164
 499              		.syntax divided
 500              	@ 756 "../../../os/common/ports/ARMv7-R/chcore.h" 1
 501 0074 C00008F1 		cpsie   if
 502              	@ 0 "" 2
 503              		.arm
 504              		.syntax unified
 505              	.LBE128:
 506              	.LBE129:
 507              	.LBE130:
 508              	.LBE140:
 509              		.loc 1 207 3 view .LVU165
 510 0078 0400A0E1 		mov	r0, r4
 511 007c FEFFFFEB 		bl	chThdRelease
 512              	.LVL18:
 513              		.loc 1 210 3 view .LVU166
ARM GAS  /tmp/ccM7HEsR.s 			page 10


 514              		.loc 1 210 3 is_stmt 0 view .LVU167
 515              	.LBE142:
 516              	.LBE146:
 517              		.loc 1 235 16 is_stmt 1 view .LVU168
 518              		.loc 1 237 10 is_stmt 0 view .LVU169
 519 0080 0040A0E3 		mov	r4, #0
 520              	.LVL19:
 521              	.L9:
 522              		.loc 1 238 1 view .LVU170
 523 0084 0400A0E1 		mov	r0, r4
 524 0088 F081BDE8 		pop	{r4, r5, r6, r7, r8, pc}
 525              		.cfi_endproc
 526              	.LFE209:
 527              		.size	chRegFindThreadByName, .-chRegFindThreadByName
 528              		.section	.text.chRegFindThreadByPointer,"ax",%progbits
 529              		.align	2
 530              		.p2align 4,,15
 531              		.global	chRegFindThreadByPointer
 532              		.syntax unified
 533              		.arm
 534              		.type	chRegFindThreadByPointer, %function
 535              	chRegFindThreadByPointer:
 536              	.LVL20:
 537              	.LFB210:
 538              		.loc 1 252 50 is_stmt 1 view -0
 539              		.cfi_startproc
 540              		@ args = 0, pretend = 0, frame = 0
 541              		@ frame_needed = 0, uses_anonymous_args = 0
 542              		.loc 1 253 3 view .LVU172
 543              		.loc 1 256 3 view .LVU173
 544              	.LBB166:
 545              	.LBI166:
 546              		.loc 1 158 11 view .LVU174
 547              	.LBB167:
 548              		.loc 1 159 3 view .LVU175
 549              		.loc 1 160 3 view .LVU176
 550              		.loc 1 162 3 view .LVU177
 551              	.LBB168:
 552              	.LBI168:
 553              		.loc 2 371 20 view .LVU178
 554              		.loc 2 373 3 view .LVU179
 555              	.LBB169:
 556              	.LBI169:
 557              		.loc 3 739 20 view .LVU180
 558              	.LBB170:
 559              		.loc 3 741 3 view .LVU181
 560              	.LBE170:
 561              	.LBE169:
 562              	.LBE168:
 563              	.LBE167:
 564              	.LBE166:
 565              		.loc 1 252 50 is_stmt 0 view .LVU182
 566 0000 70402DE9 		push	{r4, r5, r6, lr}
 567              		.cfi_def_cfa_offset 16
 568              		.cfi_offset 4, -16
 569              		.cfi_offset 5, -12
 570              		.cfi_offset 6, -8
ARM GAS  /tmp/ccM7HEsR.s 			page 11


 571              		.cfi_offset 14, -4
 572              		.loc 1 252 50 view .LVU183
 573 0004 0060A0E1 		mov	r6, r0
 574              	.LBB179:
 575              	.LBB178:
 576              	.LBB173:
 577              	.LBB172:
 578              	.LBB171:
 579              		.loc 3 741 3 view .LVU184
 580              		.syntax divided
 581              	@ 741 "../../../os/common/ports/ARMv7-R/chcore.h" 1
 582 0008 80000CF1 		cpsid   i
 583              	@ 0 "" 2
 584              		.arm
 585              		.syntax unified
 586              	.LBE171:
 587              	.LBE172:
 588              		.loc 2 374 35 is_stmt 1 view .LVU185
 589              		.loc 2 375 21 view .LVU186
 590              	.LBE173:
 591              		.loc 1 163 3 view .LVU187
 592              		.loc 1 163 5 is_stmt 0 view .LVU188
 593 000c 005000E3 		movw	r5, #:lower16:ch0
 594 0010 005040E3 		movt	r5, #:upper16:ch0
 595 0014 283095E5 		ldr	r3, [r5, #40]
 596              	.LVL21:
 597              		.loc 1 164 3 is_stmt 1 view .LVU189
 598              		.loc 1 166 11 is_stmt 0 view .LVU190
 599 0018 062053E5 		ldrb	r2, [r3, #-6]	@ zero_extendqisi2
 600              		.loc 1 164 6 view .LVU191
 601 001c 240043E2 		sub	r0, r3, #36
 602              	.LVL22:
 603              		.loc 1 166 3 is_stmt 1 view .LVU192
 604              		.loc 1 166 11 is_stmt 0 view .LVU193
 605 0020 012082E2 		add	r2, r2, #1
 606 0024 062043E5 		strb	r2, [r3, #-6]
 607              		.loc 1 168 3 is_stmt 1 view .LVU194
 608              	.LBB174:
 609              	.LBI174:
 610              		.loc 2 385 20 view .LVU195
 611              	.LBB175:
 612              		.loc 2 387 23 view .LVU196
 613              		.loc 2 388 34 view .LVU197
 614              		.loc 2 394 3 view .LVU198
 615              		.loc 2 394 3 view .LVU199
 616              		.loc 2 394 3 discriminator 7 view .LVU200
 617              		.loc 2 398 3 view .LVU201
 618              	.LBB176:
 619              	.LBI176:
 620              		.loc 3 751 20 view .LVU202
 621              	.LBB177:
 622              		.loc 3 756 3 view .LVU203
 623              		.syntax divided
 624              	@ 756 "../../../os/common/ports/ARMv7-R/chcore.h" 1
 625 0028 C00008F1 		cpsie   if
 626              	@ 0 "" 2
 627              		.arm
ARM GAS  /tmp/ccM7HEsR.s 			page 12


 628              		.syntax unified
 629              	.LBE177:
 630              	.LBE176:
 631              	.LBE175:
 632              	.LBE174:
 633              		.loc 1 170 3 view .LVU204
 634              	.LVL23:
 635              		.loc 1 170 3 is_stmt 0 view .LVU205
 636              	.LBE178:
 637              	.LBE179:
 638              		.loc 1 257 3 is_stmt 1 view .LVU206
 639              		.loc 1 258 5 view .LVU207
 640              		.loc 1 258 8 is_stmt 0 view .LVU208
 641 002c 000056E1 		cmp	r6, r0
 642 0030 1300000A 		beq	.L21
 643 0034 285085E2 		add	r5, r5, #40
 644 0038 070000EA 		b	.L20
 645              	.LVL24:
 646              	.L19:
 647              	.LBB180:
 648              	.LBB181:
 649              	.LBB182:
 650              		.loc 1 202 14 view .LVU209
 651 003c 062053E5 		ldrb	r2, [r3, #-6]	@ zero_extendqisi2
 652 0040 012082E2 		add	r2, r2, #1
 653 0044 062043E5 		strb	r2, [r3, #-6]
 654              		.loc 1 202 14 view .LVU210
 655              	.LBE182:
 656              		.loc 1 205 3 is_stmt 1 view .LVU211
 657              	.LBB183:
 658              	.LBI183:
 659              		.loc 2 385 20 view .LVU212
 660              	.LBB184:
 661              		.loc 2 387 23 view .LVU213
 662              		.loc 2 388 34 view .LVU214
 663              		.loc 2 394 3 view .LVU215
 664              		.loc 2 394 3 view .LVU216
 665              		.loc 2 394 3 discriminator 7 view .LVU217
 666              		.loc 2 398 3 view .LVU218
 667              	.LBB185:
 668              	.LBI185:
 669              		.loc 3 751 20 view .LVU219
 670              	.LBB186:
 671              		.loc 3 756 3 view .LVU220
 672              		.syntax divided
 673              	@ 756 "../../../os/common/ports/ARMv7-R/chcore.h" 1
 674 0048 C00008F1 		cpsie   if
 675              	@ 0 "" 2
 676              		.arm
 677              		.syntax unified
 678              	.LBE186:
 679              	.LBE185:
 680              	.LBE184:
 681              	.LBE183:
 682              		.loc 1 207 3 view .LVU221
 683 004c FEFFFFEB 		bl	chThdRelease
 684              	.LVL25:
ARM GAS  /tmp/ccM7HEsR.s 			page 13


 685              		.loc 1 210 3 view .LVU222
 686              		.loc 1 210 3 is_stmt 0 view .LVU223
 687              	.LBE181:
 688              	.LBE180:
 689              		.loc 1 262 16 is_stmt 1 view .LVU224
 690              		.loc 1 257 3 view .LVU225
 691              		.loc 1 258 5 view .LVU226
 692              		.loc 1 258 8 is_stmt 0 view .LVU227
 693 0050 040056E1 		cmp	r6, r4
 694 0054 0800000A 		beq	.L17
 695              		.loc 1 258 8 view .LVU228
 696 0058 0400A0E1 		mov	r0, r4
 697              	.LVL26:
 698              	.L20:
 699              		.loc 1 261 5 is_stmt 1 view .LVU229
 700              	.LBB198:
 701              	.LBI180:
 702              		.loc 1 184 11 view .LVU230
 703              	.LBB197:
 704              		.loc 1 185 3 view .LVU231
 705              		.loc 1 186 3 view .LVU232
 706              		.loc 1 188 3 view .LVU233
 707              	.LBB190:
 708              	.LBI190:
 709              		.loc 2 371 20 view .LVU234
 710              		.loc 2 373 3 view .LVU235
 711              	.LBB191:
 712              	.LBI191:
 713              		.loc 3 739 20 view .LVU236
 714              	.LBB192:
 715              		.loc 3 741 3 view .LVU237
 716              		.syntax divided
 717              	@ 741 "../../../os/common/ports/ARMv7-R/chcore.h" 1
 718 005c 80000CF1 		cpsid   i
 719              	@ 0 "" 2
 720              		.arm
 721              		.syntax unified
 722              	.LBE192:
 723              	.LBE191:
 724              		.loc 2 374 35 view .LVU238
 725              		.loc 2 375 21 view .LVU239
 726              	.LBE190:
 727              		.loc 1 191 3 view .LVU240
 728              	.LBB193:
 729              		.loc 1 196 5 view .LVU241
 730              	.LBE193:
 731              		.loc 1 191 7 is_stmt 0 view .LVU242
 732 0060 243090E5 		ldr	r3, [r0, #36]
 733              	.LVL27:
 734              		.loc 1 192 3 is_stmt 1 view .LVU243
 735              	.LBB194:
 736              		.loc 1 197 5 view .LVU244
 737              	.LBE194:
 738              		.loc 1 192 6 is_stmt 0 view .LVU245
 739 0064 050053E1 		cmp	r3, r5
 740              	.LBB195:
 741              		.loc 1 197 9 view .LVU246
ARM GAS  /tmp/ccM7HEsR.s 			page 14


 742 0068 244043E2 		sub	r4, r3, #36
 743              	.LVL28:
 744              		.loc 1 200 5 is_stmt 1 view .LVU247
 745              		.loc 1 200 5 view .LVU248
 746              		.loc 1 200 5 discriminator 5 view .LVU249
 747              		.loc 1 202 5 view .LVU250
 748              	.LBE195:
 749              		.loc 1 192 6 is_stmt 0 view .LVU251
 750 006c F2FFFF1A 		bne	.L19
 751              	.LVL29:
 752              		.loc 1 205 3 is_stmt 1 view .LVU252
 753              	.LBB196:
 754              		.loc 2 385 20 view .LVU253
 755              	.LBB189:
 756              		.loc 2 387 23 view .LVU254
 757              		.loc 2 388 34 view .LVU255
 758              		.loc 2 394 3 view .LVU256
 759              		.loc 2 394 3 view .LVU257
 760              		.loc 2 394 3 discriminator 7 view .LVU258
 761              		.loc 2 398 3 view .LVU259
 762              	.LBB188:
 763              		.loc 3 751 20 view .LVU260
 764              	.LBB187:
 765              		.loc 3 756 3 view .LVU261
 766              		.syntax divided
 767              	@ 756 "../../../os/common/ports/ARMv7-R/chcore.h" 1
 768 0070 C00008F1 		cpsie   if
 769              	@ 0 "" 2
 770              		.arm
 771              		.syntax unified
 772              	.LBE187:
 773              	.LBE188:
 774              	.LBE189:
 775              	.LBE196:
 776              		.loc 1 207 3 view .LVU262
 777 0074 FEFFFFEB 		bl	chThdRelease
 778              	.LVL30:
 779              		.loc 1 210 3 view .LVU263
 780              		.loc 1 210 3 is_stmt 0 view .LVU264
 781              	.LBE197:
 782              	.LBE198:
 783              		.loc 1 262 16 is_stmt 1 view .LVU265
 784              		.loc 1 264 10 is_stmt 0 view .LVU266
 785 0078 0040A0E3 		mov	r4, #0
 786              	.LVL31:
 787              	.L17:
 788              		.loc 1 265 1 view .LVU267
 789 007c 0400A0E1 		mov	r0, r4
 790 0080 7080BDE8 		pop	{r4, r5, r6, pc}
 791              	.LVL32:
 792              	.L21:
 793              		.loc 1 259 14 view .LVU268
 794 0084 0640A0E1 		mov	r4, r6
 795 0088 FBFFFFEA 		b	.L17
 796              		.cfi_endproc
 797              	.LFE210:
 798              		.size	chRegFindThreadByPointer, .-chRegFindThreadByPointer
ARM GAS  /tmp/ccM7HEsR.s 			page 15


 799              		.section	.text.chRegFindThreadByWorkingArea,"ax",%progbits
 800              		.align	2
 801              		.p2align 4,,15
 802              		.global	chRegFindThreadByWorkingArea
 803              		.syntax unified
 804              		.arm
 805              		.type	chRegFindThreadByWorkingArea, %function
 806              	chRegFindThreadByWorkingArea:
 807              	.LVL33:
 808              	.LFB211:
 809              		.loc 1 279 55 is_stmt 1 view -0
 810              		.cfi_startproc
 811              		@ args = 0, pretend = 0, frame = 0
 812              		@ frame_needed = 0, uses_anonymous_args = 0
 813              		.loc 1 280 3 view .LVU270
 814              		.loc 1 283 3 view .LVU271
 815              	.LBB220:
 816              	.LBI220:
 817              		.loc 1 158 11 view .LVU272
 818              	.LBB221:
 819              		.loc 1 159 3 view .LVU273
 820              		.loc 1 160 3 view .LVU274
 821              		.loc 1 162 3 view .LVU275
 822              	.LBB222:
 823              	.LBI222:
 824              		.loc 2 371 20 view .LVU276
 825              		.loc 2 373 3 view .LVU277
 826              	.LBB223:
 827              	.LBI223:
 828              		.loc 3 739 20 view .LVU278
 829              	.LBB224:
 830              		.loc 3 741 3 view .LVU279
 831              	.LBE224:
 832              	.LBE223:
 833              	.LBE222:
 834              	.LBE221:
 835              	.LBE220:
 836              		.loc 1 279 55 is_stmt 0 view .LVU280
 837 0000 F0412DE9 		push	{r4, r5, r6, r7, r8, lr}
 838              		.cfi_def_cfa_offset 24
 839              		.cfi_offset 4, -24
 840              		.cfi_offset 5, -20
 841              		.cfi_offset 6, -16
 842              		.cfi_offset 7, -12
 843              		.cfi_offset 8, -8
 844              		.cfi_offset 14, -4
 845              		.loc 1 279 55 view .LVU281
 846 0004 0070A0E1 		mov	r7, r0
 847              	.LBB233:
 848              	.LBB232:
 849              	.LBB227:
 850              	.LBB226:
 851              	.LBB225:
 852              		.loc 3 741 3 view .LVU282
 853              		.syntax divided
 854              	@ 741 "../../../os/common/ports/ARMv7-R/chcore.h" 1
 855 0008 80000CF1 		cpsid   i
ARM GAS  /tmp/ccM7HEsR.s 			page 16


 856              	@ 0 "" 2
 857              		.arm
 858              		.syntax unified
 859              	.LBE225:
 860              	.LBE226:
 861              		.loc 2 374 35 is_stmt 1 view .LVU283
 862              		.loc 2 375 21 view .LVU284
 863              	.LBE227:
 864              		.loc 1 163 3 view .LVU285
 865              		.loc 1 163 5 is_stmt 0 view .LVU286
 866 000c 006000E3 		movw	r6, #:lower16:ch0
 867 0010 006040E3 		movt	r6, #:upper16:ch0
 868 0014 283096E5 		ldr	r3, [r6, #40]
 869              	.LVL34:
 870              		.loc 1 164 3 is_stmt 1 view .LVU287
 871              		.loc 1 166 11 is_stmt 0 view .LVU288
 872 0018 062053E5 		ldrb	r2, [r3, #-6]	@ zero_extendqisi2
 873              		.loc 1 164 6 view .LVU289
 874 001c 240043E2 		sub	r0, r3, #36
 875              	.LVL35:
 876              		.loc 1 166 3 is_stmt 1 view .LVU290
 877              		.loc 1 166 11 is_stmt 0 view .LVU291
 878 0020 012082E2 		add	r2, r2, #1
 879 0024 062043E5 		strb	r2, [r3, #-6]
 880              		.loc 1 168 3 is_stmt 1 view .LVU292
 881              	.LBB228:
 882              	.LBI228:
 883              		.loc 2 385 20 view .LVU293
 884              	.LBB229:
 885              		.loc 2 387 23 view .LVU294
 886              		.loc 2 388 34 view .LVU295
 887              		.loc 2 394 3 view .LVU296
 888              		.loc 2 394 3 view .LVU297
 889              		.loc 2 394 3 discriminator 7 view .LVU298
 890              		.loc 2 398 3 view .LVU299
 891              	.LBB230:
 892              	.LBI230:
 893              		.loc 3 751 20 view .LVU300
 894              	.LBB231:
 895              		.loc 3 756 3 view .LVU301
 896              		.syntax divided
 897              	@ 756 "../../../os/common/ports/ARMv7-R/chcore.h" 1
 898 0028 C00008F1 		cpsie   if
 899              	@ 0 "" 2
 900              		.arm
 901              		.syntax unified
 902              	.LBE231:
 903              	.LBE230:
 904              	.LBE229:
 905              	.LBE228:
 906              		.loc 1 170 3 view .LVU302
 907              	.LVL36:
 908              		.loc 1 170 3 is_stmt 0 view .LVU303
 909              	.LBE232:
 910              	.LBE233:
 911              		.loc 1 284 3 is_stmt 1 view .LVU304
 912              		.loc 1 285 5 view .LVU305
ARM GAS  /tmp/ccM7HEsR.s 			page 17


 913              	.LBB234:
 914              	.LBI234:
 915              		.file 5 "../../../os/rt/include/chthreads.h"
 916              		.loc 5 569 26 view .LVU306
 917              	.LBB235:
 918              		.loc 5 571 3 view .LVU307
 919              		.loc 5 571 3 is_stmt 0 view .LVU308
 920              	.LBE235:
 921              	.LBE234:
 922              		.loc 1 285 8 discriminator 1 view .LVU309
 923 002c 103013E5 		ldr	r3, [r3, #-16]
 924 0030 030057E1 		cmp	r7, r3
 925 0034 1400000A 		beq	.L28
 926 0038 286086E2 		add	r6, r6, #40
 927 003c 080000EA 		b	.L27
 928              	.LVL37:
 929              	.L26:
 930              	.LBB237:
 931              	.LBB238:
 932              	.LBB239:
 933              		.loc 1 202 14 view .LVU310
 934 0040 063054E5 		ldrb	r3, [r4, #-6]	@ zero_extendqisi2
 935 0044 013083E2 		add	r3, r3, #1
 936 0048 063044E5 		strb	r3, [r4, #-6]
 937              		.loc 1 202 14 view .LVU311
 938              	.LBE239:
 939              		.loc 1 205 3 is_stmt 1 view .LVU312
 940              	.LBB240:
 941              	.LBI240:
 942              		.loc 2 385 20 view .LVU313
 943              	.LBB241:
 944              		.loc 2 387 23 view .LVU314
 945              		.loc 2 388 34 view .LVU315
 946              		.loc 2 394 3 view .LVU316
 947              		.loc 2 394 3 view .LVU317
 948              		.loc 2 394 3 discriminator 7 view .LVU318
 949              		.loc 2 398 3 view .LVU319
 950              	.LBB242:
 951              	.LBI242:
 952              		.loc 3 751 20 view .LVU320
 953              	.LBB243:
 954              		.loc 3 756 3 view .LVU321
 955              		.syntax divided
 956              	@ 756 "../../../os/common/ports/ARMv7-R/chcore.h" 1
 957 004c C00008F1 		cpsie   if
 958              	@ 0 "" 2
 959              		.arm
 960              		.syntax unified
 961              	.LBE243:
 962              	.LBE242:
 963              	.LBE241:
 964              	.LBE240:
 965              		.loc 1 207 3 view .LVU322
 966 0050 FEFFFFEB 		bl	chThdRelease
 967              	.LVL38:
 968              		.loc 1 210 3 view .LVU323
 969              		.loc 1 210 3 is_stmt 0 view .LVU324
ARM GAS  /tmp/ccM7HEsR.s 			page 18


 970              	.LBE238:
 971              	.LBE237:
 972              		.loc 1 289 16 is_stmt 1 view .LVU325
 973              		.loc 1 284 3 view .LVU326
 974              		.loc 1 285 5 view .LVU327
 975              	.LBB255:
 976              		.loc 5 569 26 view .LVU328
 977              	.LBB236:
 978              		.loc 5 571 3 view .LVU329
 979              		.loc 5 571 3 is_stmt 0 view .LVU330
 980              	.LBE236:
 981              	.LBE255:
 982              		.loc 1 285 8 discriminator 1 view .LVU331
 983 0054 103014E5 		ldr	r3, [r4, #-16]
 984 0058 030057E1 		cmp	r7, r3
 985 005c 0800000A 		beq	.L24
 986              		.loc 1 285 8 discriminator 1 view .LVU332
 987 0060 0500A0E1 		mov	r0, r5
 988              	.LVL39:
 989              	.L27:
 990              		.loc 1 288 5 is_stmt 1 view .LVU333
 991              	.LBB256:
 992              	.LBI237:
 993              		.loc 1 184 11 view .LVU334
 994              	.LBB254:
 995              		.loc 1 185 3 view .LVU335
 996              		.loc 1 186 3 view .LVU336
 997              		.loc 1 188 3 view .LVU337
 998              	.LBB247:
 999              	.LBI247:
 1000              		.loc 2 371 20 view .LVU338
 1001              		.loc 2 373 3 view .LVU339
 1002              	.LBB248:
 1003              	.LBI248:
 1004              		.loc 3 739 20 view .LVU340
 1005              	.LBB249:
 1006              		.loc 3 741 3 view .LVU341
 1007              		.syntax divided
 1008              	@ 741 "../../../os/common/ports/ARMv7-R/chcore.h" 1
 1009 0064 80000CF1 		cpsid   i
 1010              	@ 0 "" 2
 1011              		.arm
 1012              		.syntax unified
 1013              	.LBE249:
 1014              	.LBE248:
 1015              		.loc 2 374 35 view .LVU342
 1016              		.loc 2 375 21 view .LVU343
 1017              	.LBE247:
 1018              		.loc 1 191 3 view .LVU344
 1019              	.LBB250:
 1020              		.loc 1 196 5 view .LVU345
 1021              	.LBE250:
 1022              		.loc 1 191 7 is_stmt 0 view .LVU346
 1023 0068 244090E5 		ldr	r4, [r0, #36]
 1024              	.LVL40:
 1025              		.loc 1 192 3 is_stmt 1 view .LVU347
 1026              	.LBB251:
ARM GAS  /tmp/ccM7HEsR.s 			page 19


 1027              		.loc 1 197 5 view .LVU348
 1028              	.LBE251:
 1029              		.loc 1 192 6 is_stmt 0 view .LVU349
 1030 006c 060054E1 		cmp	r4, r6
 1031              	.LBB252:
 1032              		.loc 1 197 9 view .LVU350
 1033 0070 245044E2 		sub	r5, r4, #36
 1034              	.LVL41:
 1035              		.loc 1 200 5 is_stmt 1 view .LVU351
 1036              		.loc 1 200 5 view .LVU352
 1037              		.loc 1 200 5 discriminator 5 view .LVU353
 1038              		.loc 1 202 5 view .LVU354
 1039              	.LBE252:
 1040              		.loc 1 192 6 is_stmt 0 view .LVU355
 1041 0074 F1FFFF1A 		bne	.L26
 1042              	.LVL42:
 1043              		.loc 1 205 3 is_stmt 1 view .LVU356
 1044              	.LBB253:
 1045              		.loc 2 385 20 view .LVU357
 1046              	.LBB246:
 1047              		.loc 2 387 23 view .LVU358
 1048              		.loc 2 388 34 view .LVU359
 1049              		.loc 2 394 3 view .LVU360
 1050              		.loc 2 394 3 view .LVU361
 1051              		.loc 2 394 3 discriminator 7 view .LVU362
 1052              		.loc 2 398 3 view .LVU363
 1053              	.LBB245:
 1054              		.loc 3 751 20 view .LVU364
 1055              	.LBB244:
 1056              		.loc 3 756 3 view .LVU365
 1057              		.syntax divided
 1058              	@ 756 "../../../os/common/ports/ARMv7-R/chcore.h" 1
 1059 0078 C00008F1 		cpsie   if
 1060              	@ 0 "" 2
 1061              		.arm
 1062              		.syntax unified
 1063              	.LBE244:
 1064              	.LBE245:
 1065              	.LBE246:
 1066              	.LBE253:
 1067              		.loc 1 207 3 view .LVU366
 1068 007c FEFFFFEB 		bl	chThdRelease
 1069              	.LVL43:
 1070              		.loc 1 210 3 view .LVU367
 1071              		.loc 1 210 3 is_stmt 0 view .LVU368
 1072              	.LBE254:
 1073              	.LBE256:
 1074              		.loc 1 289 16 is_stmt 1 view .LVU369
 1075              		.loc 1 291 10 is_stmt 0 view .LVU370
 1076 0080 0050A0E3 		mov	r5, #0
 1077              	.LVL44:
 1078              	.L24:
 1079              		.loc 1 292 1 view .LVU371
 1080 0084 0500A0E1 		mov	r0, r5
 1081 0088 F081BDE8 		pop	{r4, r5, r6, r7, r8, pc}
 1082              	.LVL45:
 1083              	.L28:
ARM GAS  /tmp/ccM7HEsR.s 			page 20


 1084              		.loc 1 286 14 view .LVU372
 1085 008c 0050A0E1 		mov	r5, r0
 1086 0090 FBFFFFEA 		b	.L24
 1087              		.cfi_endproc
 1088              	.LFE211:
 1089              		.size	chRegFindThreadByWorkingArea, .-chRegFindThreadByWorkingArea
 1090              		.global	ch_debug
 1091              		.section	.rodata.ch_debug,"a"
 1092              		.align	2
 1093              		.type	ch_debug, %object
 1094              		.size	ch_debug, 44
 1095              	ch_debug:
 1096 0000 6D61696E 		.ascii	"main"
 1097 0004 00       		.byte	0
 1098 0005 2C       		.byte	44
 1099 0006 0040     		.short	16384
 1100 0008 04       		.byte	4
 1101 0009 04       		.byte	4
 1102 000a 54       		.byte	84
 1103 000b 08       		.byte	8
 1104 000c 0C       		.byte	12
 1105 000d 24       		.byte	36
 1106 000e 28       		.byte	40
 1107 000f 20       		.byte	32
 1108 0010 14       		.byte	20
 1109 0011 1C       		.byte	28
 1110 0012 1D       		.byte	29
 1111 0013 1E       		.byte	30
 1112 0014 00       		.byte	0
 1113 0015 00       		.byte	0
 1114 0016 00000000 		.ascii	"\000\000\000\000"
 1115 001a A8       		.byte	-88
 1116 001b 04       		.byte	4
 1117 001c 01       		.byte	1
 1118 001d 00       		.byte	0
 1119 001e 04       		.byte	4
 1120 001f 00       		.byte	0
 1121 0020 00       		.byte	0
 1122 0021 00000000 		.ascii	"\000\000\000\000"
 1123 0025 0C       		.byte	12
 1124 0026 00       		.byte	0
 1125 0027 10       		.byte	16
 1126 0028 28       		.byte	40
 1127 0029 30       		.byte	48
 1128 002a 34       		.byte	52
 1129 002b 00       		.space	1
 1130              		.text
 1131              	.Letext0:
 1132              		.file 6 "/home/emirhan/Documents/gemstone/chibiOS-port/tools/arm-gnu-toolchain-13.3.rel1-x86_64-ar
 1133              		.file 7 "/home/emirhan/Documents/gemstone/chibiOS-port/tools/arm-gnu-toolchain-13.3.rel1-x86_64-ar
 1134              		.file 8 "/home/emirhan/Documents/gemstone/chibiOS-port/tools/arm-gnu-toolchain-13.3.rel1-x86_64-ar
 1135              		.file 9 "../../../os/common/ports/ARM-common/include/chtypes.h"
 1136              		.file 10 "../../../os/rt/include/chearly.h"
 1137              		.file 11 "../../../os/rt/include/chobjects.h"
 1138              		.file 12 "../../../os/rt/include/chrfcu.h"
 1139              		.file 13 "../../../os/rt/include/chdebug.h"
 1140              		.file 14 "../../../os/rt/include/chtime.h"
ARM GAS  /tmp/ccM7HEsR.s 			page 21


 1141              		.file 15 "../../../os/rt/include/chlists.h"
 1142              		.file 16 "../../../os/rt/include/chsem.h"
 1143              		.file 17 "../../../os/rt/include/chmtx.h"
 1144              		.file 18 "/home/emirhan/Documents/gemstone/chibiOS-port/tools/arm-gnu-toolchain-13.3.rel1-x86_64-a
 1145              		.section	.debug_info,"",%progbits
 1146              	.Ldebug_info0:
 1147 0000 A1110000 		.4byte	0x11a1
 1148 0004 0500     		.2byte	0x5
 1149 0006 01       		.byte	0x1
 1150 0007 04       		.byte	0x4
 1151 0008 00000000 		.4byte	.Ldebug_abbrev0
 1152 000c 29       		.uleb128 0x29
 1153 000d 5A050000 		.4byte	.LASF171
 1154 0011 1D       		.byte	0x1d
 1155 0012 71010000 		.4byte	.LASF172
 1156 0016 7C070000 		.4byte	.LASF173
 1157 001a 14010000 		.4byte	.LLRL52
 1158 001e 00000000 		.4byte	0
 1159 0022 00000000 		.4byte	.Ldebug_line0
 1160 0026 07       		.uleb128 0x7
 1161 0027 08       		.byte	0x8
 1162 0028 07       		.byte	0x7
 1163 0029 48020000 		.4byte	.LASF0
 1164 002d 07       		.uleb128 0x7
 1165 002e 04       		.byte	0x4
 1166 002f 07       		.byte	0x7
 1167 0030 DD000000 		.4byte	.LASF1
 1168 0034 2A       		.uleb128 0x2a
 1169 0035 04       		.byte	0x4
 1170 0036 05       		.byte	0x5
 1171 0037 696E7400 		.ascii	"int\000"
 1172 003b 02       		.uleb128 0x2
 1173 003c D5020000 		.4byte	.LASF5
 1174 0040 06       		.byte	0x6
 1175 0041 D6       		.byte	0xd6
 1176 0042 17       		.byte	0x17
 1177 0043 2D000000 		.4byte	0x2d
 1178 0047 07       		.uleb128 0x7
 1179 0048 08       		.byte	0x8
 1180 0049 05       		.byte	0x5
 1181 004a 2C040000 		.4byte	.LASF2
 1182 004e 07       		.uleb128 0x7
 1183 004f 08       		.byte	0x8
 1184 0050 04       		.byte	0x4
 1185 0051 04050000 		.4byte	.LASF3
 1186 0055 07       		.uleb128 0x7
 1187 0056 01       		.byte	0x1
 1188 0057 06       		.byte	0x6
 1189 0058 47080000 		.4byte	.LASF4
 1190 005c 02       		.uleb128 0x2
 1191 005d 8D060000 		.4byte	.LASF6
 1192 0061 07       		.byte	0x7
 1193 0062 2B       		.byte	0x2b
 1194 0063 18       		.byte	0x18
 1195 0064 68000000 		.4byte	0x68
 1196 0068 07       		.uleb128 0x7
 1197 0069 01       		.byte	0x1
ARM GAS  /tmp/ccM7HEsR.s 			page 22


 1198 006a 08       		.byte	0x8
 1199 006b 38070000 		.4byte	.LASF7
 1200 006f 07       		.uleb128 0x7
 1201 0070 02       		.byte	0x2
 1202 0071 05       		.byte	0x5
 1203 0072 3B050000 		.4byte	.LASF8
 1204 0076 02       		.uleb128 0x2
 1205 0077 66020000 		.4byte	.LASF9
 1206 007b 07       		.byte	0x7
 1207 007c 39       		.byte	0x39
 1208 007d 19       		.byte	0x19
 1209 007e 82000000 		.4byte	0x82
 1210 0082 07       		.uleb128 0x7
 1211 0083 02       		.byte	0x2
 1212 0084 07       		.byte	0x7
 1213 0085 59080000 		.4byte	.LASF10
 1214 0089 02       		.uleb128 0x2
 1215 008a FF000000 		.4byte	.LASF11
 1216 008e 07       		.byte	0x7
 1217 008f 4D       		.byte	0x4d
 1218 0090 18       		.byte	0x18
 1219 0091 95000000 		.4byte	0x95
 1220 0095 07       		.uleb128 0x7
 1221 0096 04       		.byte	0x4
 1222 0097 05       		.byte	0x5
 1223 0098 45050000 		.4byte	.LASF12
 1224 009c 02       		.uleb128 0x2
 1225 009d 46070000 		.4byte	.LASF13
 1226 00a1 07       		.byte	0x7
 1227 00a2 4F       		.byte	0x4f
 1228 00a3 19       		.byte	0x19
 1229 00a4 A8000000 		.4byte	0xa8
 1230 00a8 07       		.uleb128 0x7
 1231 00a9 04       		.byte	0x4
 1232 00aa 07       		.byte	0x7
 1233 00ab BB060000 		.4byte	.LASF14
 1234 00af 02       		.uleb128 0x2
 1235 00b0 15030000 		.4byte	.LASF15
 1236 00b4 07       		.byte	0x7
 1237 00b5 69       		.byte	0x69
 1238 00b6 19       		.byte	0x19
 1239 00b7 26000000 		.4byte	0x26
 1240 00bb 2B       		.uleb128 0x2b
 1241 00bc 04       		.byte	0x4
 1242 00bd 07       		.uleb128 0x7
 1243 00be 01       		.byte	0x1
 1244 00bf 08       		.byte	0x8
 1245 00c0 73030000 		.4byte	.LASF16
 1246 00c4 12       		.uleb128 0x12
 1247 00c5 BD000000 		.4byte	0xbd
 1248 00c9 05       		.uleb128 0x5
 1249 00ca C4000000 		.4byte	0xc4
 1250 00ce 14       		.uleb128 0x14
 1251 00cf C9000000 		.4byte	0xc9
 1252 00d3 02       		.uleb128 0x2
 1253 00d4 EE030000 		.4byte	.LASF17
 1254 00d8 08       		.byte	0x8
ARM GAS  /tmp/ccM7HEsR.s 			page 23


 1255 00d9 18       		.byte	0x18
 1256 00da 13       		.byte	0x13
 1257 00db 5C000000 		.4byte	0x5c
 1258 00df 02       		.uleb128 0x2
 1259 00e0 10050000 		.4byte	.LASF18
 1260 00e4 08       		.byte	0x8
 1261 00e5 24       		.byte	0x24
 1262 00e6 14       		.byte	0x14
 1263 00e7 76000000 		.4byte	0x76
 1264 00eb 02       		.uleb128 0x2
 1265 00ec F6060000 		.4byte	.LASF19
 1266 00f0 08       		.byte	0x8
 1267 00f1 2C       		.byte	0x2c
 1268 00f2 13       		.byte	0x13
 1269 00f3 89000000 		.4byte	0x89
 1270 00f7 02       		.uleb128 0x2
 1271 00f8 E2010000 		.4byte	.LASF20
 1272 00fc 08       		.byte	0x8
 1273 00fd 30       		.byte	0x30
 1274 00fe 14       		.byte	0x14
 1275 00ff 9C000000 		.4byte	0x9c
 1276 0103 02       		.uleb128 0x2
 1277 0104 70060000 		.4byte	.LASF21
 1278 0108 08       		.byte	0x8
 1279 0109 3C       		.byte	0x3c
 1280 010a 14       		.byte	0x14
 1281 010b AF000000 		.4byte	0xaf
 1282 010f 14       		.uleb128 0x14
 1283 0110 03010000 		.4byte	0x103
 1284 0114 02       		.uleb128 0x2
 1285 0115 75000000 		.4byte	.LASF22
 1286 0119 09       		.byte	0x9
 1287 011a 47       		.byte	0x47
 1288 011b 1D       		.byte	0x1d
 1289 011c 03010000 		.4byte	0x103
 1290 0120 02       		.uleb128 0x2
 1291 0121 77020000 		.4byte	.LASF23
 1292 0125 0A       		.byte	0xa
 1293 0126 4F       		.byte	0x4f
 1294 0127 19       		.byte	0x19
 1295 0128 14010000 		.4byte	0x114
 1296 012c 02       		.uleb128 0x2
 1297 012d DC040000 		.4byte	.LASF24
 1298 0131 0A       		.byte	0xa
 1299 0132 52       		.byte	0x52
 1300 0133 19       		.byte	0x19
 1301 0134 D3000000 		.4byte	0xd3
 1302 0138 02       		.uleb128 0x2
 1303 0139 D1030000 		.4byte	.LASF25
 1304 013d 0A       		.byte	0xa
 1305 013e 53       		.byte	0x53
 1306 013f 19       		.byte	0x19
 1307 0140 D3000000 		.4byte	0xd3
 1308 0144 02       		.uleb128 0x2
 1309 0145 B3060000 		.4byte	.LASF26
 1310 0149 0A       		.byte	0xa
 1311 014a 54       		.byte	0x54
ARM GAS  /tmp/ccM7HEsR.s 			page 24


 1312 014b 19       		.byte	0x19
 1313 014c D3000000 		.4byte	0xd3
 1314 0150 02       		.uleb128 0x2
 1315 0151 25020000 		.4byte	.LASF27
 1316 0155 0A       		.byte	0xa
 1317 0156 56       		.byte	0x56
 1318 0157 19       		.byte	0x19
 1319 0158 F7000000 		.4byte	0xf7
 1320 015c 02       		.uleb128 0x2
 1321 015d 3F040000 		.4byte	.LASF28
 1322 0161 0A       		.byte	0xa
 1323 0162 57       		.byte	0x57
 1324 0163 19       		.byte	0x19
 1325 0164 EB000000 		.4byte	0xeb
 1326 0168 02       		.uleb128 0x2
 1327 0169 F3010000 		.4byte	.LASF29
 1328 016d 0A       		.byte	0xa
 1329 016e 59       		.byte	0x59
 1330 016f 19       		.byte	0x19
 1331 0170 F7000000 		.4byte	0xf7
 1332 0174 02       		.uleb128 0x2
 1333 0175 71020000 		.4byte	.LASF30
 1334 0179 0A       		.byte	0xa
 1335 017a 5B       		.byte	0x5b
 1336 017b 19       		.byte	0x19
 1337 017c EB000000 		.4byte	0xeb
 1338 0180 02       		.uleb128 0x2
 1339 0181 D2080000 		.4byte	.LASF31
 1340 0185 0A       		.byte	0xa
 1341 0186 7F       		.byte	0x7f
 1342 0187 12       		.byte	0x12
 1343 0188 2D000000 		.4byte	0x2d
 1344 018c 02       		.uleb128 0x2
 1345 018d B8020000 		.4byte	.LASF32
 1346 0191 0A       		.byte	0xa
 1347 0192 84       		.byte	0x84
 1348 0193 1A       		.byte	0x1a
 1349 0194 98010000 		.4byte	0x198
 1350 0198 08       		.uleb128 0x8
 1351 0199 FF030000 		.4byte	.LASF50
 1352 019d 54       		.byte	0x54
 1353 019e 0B       		.byte	0xb
 1354 019f A6       		.byte	0xa6
 1355 01a0 08       		.byte	0x8
 1356 01a1 A2020000 		.4byte	0x2a2
 1357 01a5 1C       		.uleb128 0x1c
 1358 01a6 68647200 		.ascii	"hdr\000"
 1359 01aa 0B       		.byte	0xb
 1360 01ab B7       		.byte	0xb7
 1361 01ac 05       		.byte	0x5
 1362 01ad 46060000 		.4byte	0x646
 1363 01b1 00       		.byte	0
 1364 01b2 1C       		.uleb128 0x1c
 1365 01b3 63747800 		.ascii	"ctx\000"
 1366 01b7 0B       		.byte	0xb
 1367 01b8 BB       		.byte	0xbb
 1368 01b9 21       		.byte	0x21
ARM GAS  /tmp/ccM7HEsR.s 			page 25


 1369 01ba 67040000 		.4byte	0x467
 1370 01be 0C       		.byte	0xc
 1371 01bf 01       		.uleb128 0x1
 1372 01c0 8E020000 		.4byte	.LASF33
 1373 01c4 0B       		.byte	0xb
 1374 01c5 BF       		.byte	0xbf
 1375 01c6 22       		.byte	0x22
 1376 01c7 34070000 		.4byte	0x734
 1377 01cb 10       		.byte	0x10
 1378 01cc 01       		.uleb128 0x1
 1379 01cd A7030000 		.4byte	.LASF34
 1380 01d1 0B       		.byte	0xb
 1381 01d2 C5       		.byte	0xc5
 1382 01d3 22       		.byte	0x22
 1383 01d4 39070000 		.4byte	0x739
 1384 01d8 14       		.byte	0x14
 1385 01d9 01       		.uleb128 0x1
 1386 01da 43060000 		.4byte	.LASF35
 1387 01de 0B       		.byte	0xb
 1388 01df CA       		.byte	0xca
 1389 01e0 21       		.byte	0x21
 1390 01e1 39070000 		.4byte	0x739
 1391 01e5 18       		.byte	0x18
 1392 01e6 01       		.uleb128 0x1
 1393 01e7 EE070000 		.4byte	.LASF36
 1394 01eb 0B       		.byte	0xb
 1395 01ec CE       		.byte	0xce
 1396 01ed 21       		.byte	0x21
 1397 01ee 38010000 		.4byte	0x138
 1398 01f2 1C       		.byte	0x1c
 1399 01f3 01       		.uleb128 0x1
 1400 01f4 90000000 		.4byte	.LASF37
 1401 01f8 0B       		.byte	0xb
 1402 01f9 D2       		.byte	0xd2
 1403 01fa 21       		.byte	0x21
 1404 01fb 2C010000 		.4byte	0x12c
 1405 01ff 1D       		.byte	0x1d
 1406 0200 01       		.uleb128 0x1
 1407 0201 09010000 		.4byte	.LASF38
 1408 0205 0B       		.byte	0xb
 1409 0206 D7       		.byte	0xd7
 1410 0207 21       		.byte	0x21
 1411 0208 44010000 		.4byte	0x144
 1412 020c 1E       		.byte	0x1e
 1413 020d 01       		.uleb128 0x1
 1414 020e 97060000 		.4byte	.LASF39
 1415 0212 0B       		.byte	0xb
 1416 0213 DB       		.byte	0xdb
 1417 0214 22       		.byte	0x22
 1418 0215 C9000000 		.4byte	0xc9
 1419 0219 20       		.byte	0x20
 1420 021a 01       		.uleb128 0x1
 1421 021b DA030000 		.4byte	.LASF40
 1422 021f 0B       		.byte	0xb
 1423 0220 DF       		.byte	0xdf
 1424 0221 21       		.byte	0x21
 1425 0222 B4040000 		.4byte	0x4b4
ARM GAS  /tmp/ccM7HEsR.s 			page 26


 1426 0226 24       		.byte	0x24
 1427 0227 01       		.uleb128 0x1
 1428 0228 4C000000 		.4byte	.LASF41
 1429 022c 0B       		.byte	0xb
 1430 022d E5       		.byte	0xe5
 1431 022e 21       		.byte	0x21
 1432 022f 2A060000 		.4byte	0x62a
 1433 0233 2C       		.byte	0x2c
 1434 0234 01       		.uleb128 0x1
 1435 0235 FD020000 		.4byte	.LASF42
 1436 0239 0B       		.byte	0xb
 1437 023a EB       		.byte	0xeb
 1438 023b 22       		.byte	0x22
 1439 023c BB000000 		.4byte	0xbb
 1440 0240 30       		.byte	0x30
 1441 0241 06       		.uleb128 0x6
 1442 0242 7500     		.ascii	"u\000"
 1443 0244 0B       		.byte	0xb
 1444 0245 3601     		.2byte	0x136
 1445 0247 21       		.byte	0x21
 1446 0248 6C060000 		.4byte	0x66c
 1447 024c 34       		.byte	0x34
 1448 024d 03       		.uleb128 0x3
 1449 024e 51070000 		.4byte	.LASF43
 1450 0252 0B       		.byte	0xb
 1451 0253 3B01     		.2byte	0x13b
 1452 0255 21       		.byte	0x21
 1453 0256 88040000 		.4byte	0x488
 1454 025a 38       		.byte	0x38
 1455 025b 03       		.uleb128 0x3
 1456 025c F6030000 		.4byte	.LASF44
 1457 0260 0B       		.byte	0xb
 1458 0261 4101     		.2byte	0x141
 1459 0263 21       		.byte	0x21
 1460 0264 B4040000 		.4byte	0x4b4
 1461 0268 3C       		.byte	0x3c
 1462 0269 03       		.uleb128 0x3
 1463 026a EB010000 		.4byte	.LASF45
 1464 026e 0B       		.byte	0xb
 1465 026f 5301     		.2byte	0x153
 1466 0271 21       		.byte	0x21
 1467 0272 5C010000 		.4byte	0x15c
 1468 0276 44       		.byte	0x44
 1469 0277 03       		.uleb128 0x3
 1470 0278 D4000000 		.4byte	.LASF46
 1471 027c 0B       		.byte	0xb
 1472 027d 5901     		.2byte	0x159
 1473 027f 21       		.byte	0x21
 1474 0280 68010000 		.4byte	0x168
 1475 0284 48       		.byte	0x48
 1476 0285 03       		.uleb128 0x3
 1477 0286 94020000 		.4byte	.LASF47
 1478 028a 0B       		.byte	0xb
 1479 028b 6001     		.2byte	0x160
 1480 028d 22       		.byte	0x22
 1481 028e 2F070000 		.4byte	0x72f
 1482 0292 4C       		.byte	0x4c
ARM GAS  /tmp/ccM7HEsR.s 			page 27


 1483 0293 03       		.uleb128 0x3
 1484 0294 A0000000 		.4byte	.LASF48
 1485 0298 0B       		.byte	0xb
 1486 0299 6401     		.2byte	0x164
 1487 029b 21       		.byte	0x21
 1488 029c 50010000 		.4byte	0x150
 1489 02a0 50       		.byte	0x50
 1490 02a1 00       		.byte	0
 1491 02a2 02       		.uleb128 0x2
 1492 02a3 0B080000 		.4byte	.LASF49
 1493 02a7 0A       		.byte	0xa
 1494 02a8 89       		.byte	0x89
 1495 02a9 1F       		.byte	0x1f
 1496 02aa AE020000 		.4byte	0x2ae
 1497 02ae 0E       		.uleb128 0xe
 1498 02af 3D030000 		.4byte	.LASF51
 1499 02b3 E8       		.byte	0xe8
 1500 02b4 0B       		.byte	0xb
 1501 02b5 A001     		.2byte	0x1a0
 1502 02b7 08       		.byte	0x8
 1503 02b8 3B030000 		.4byte	0x33b
 1504 02bc 03       		.uleb128 0x3
 1505 02bd 79060000 		.4byte	.LASF52
 1506 02c1 0B       		.byte	0xb
 1507 02c2 A401     		.2byte	0x1a4
 1508 02c4 21       		.byte	0x21
 1509 02c5 69070000 		.4byte	0x769
 1510 02c9 00       		.byte	0
 1511 02ca 03       		.uleb128 0x3
 1512 02cb 28010000 		.4byte	.LASF53
 1513 02cf 0B       		.byte	0xb
 1514 02d0 A801     		.2byte	0x1a8
 1515 02d2 21       		.byte	0x21
 1516 02d3 E6050000 		.4byte	0x5e6
 1517 02d7 10       		.byte	0x10
 1518 02d8 03       		.uleb128 0x3
 1519 02d9 19080000 		.4byte	.LASF54
 1520 02dd 0B       		.byte	0xb
 1521 02de AF01     		.2byte	0x1af
 1522 02e0 21       		.byte	0x21
 1523 02e1 0D060000 		.4byte	0x60d
 1524 02e5 28       		.byte	0x28
 1525 02e6 03       		.uleb128 0x3
 1526 02e7 F7000000 		.4byte	.LASF55
 1527 02eb 0B       		.byte	0xb
 1528 02ec B401     		.2byte	0x1b4
 1529 02ee 21       		.byte	0x21
 1530 02ef 80010000 		.4byte	0x180
 1531 02f3 30       		.byte	0x30
 1532 02f4 03       		.uleb128 0x3
 1533 02f5 B3020000 		.4byte	.LASF56
 1534 02f9 0B       		.byte	0xb
 1535 02fa BA01     		.2byte	0x1ba
 1536 02fc 21       		.byte	0x21
 1537 02fd 62030000 		.4byte	0x362
 1538 0301 34       		.byte	0x34
 1539 0302 03       		.uleb128 0x3
ARM GAS  /tmp/ccM7HEsR.s 			page 28


 1540 0303 2C050000 		.4byte	.LASF57
 1541 0307 0B       		.byte	0xb
 1542 0308 BF01     		.2byte	0x1bf
 1543 030a 22       		.byte	0x22
 1544 030b D9070000 		.4byte	0x7d9
 1545 030f 38       		.byte	0x38
 1546 0310 03       		.uleb128 0x3
 1547 0311 EC040000 		.4byte	.LASF58
 1548 0315 0B       		.byte	0xb
 1549 0316 C301     		.2byte	0x1c3
 1550 0318 21       		.byte	0x21
 1551 0319 8C010000 		.4byte	0x18c
 1552 031d 3C       		.byte	0x3c
 1553 031e 03       		.uleb128 0x3
 1554 031f E3070000 		.4byte	.LASF59
 1555 0323 0B       		.byte	0xb
 1556 0324 C801     		.2byte	0x1c8
 1557 0326 21       		.byte	0x21
 1558 0327 8C010000 		.4byte	0x18c
 1559 032b 90       		.byte	0x90
 1560 032c 06       		.uleb128 0x6
 1561 032d 64626700 		.ascii	"dbg\000"
 1562 0331 0B       		.byte	0xb
 1563 0332 CD01     		.2byte	0x1cd
 1564 0334 21       		.byte	0x21
 1565 0335 89030000 		.4byte	0x389
 1566 0339 E4       		.byte	0xe4
 1567 033a 00       		.byte	0
 1568 033b 02       		.uleb128 0x2
 1569 033c 88030000 		.4byte	.LASF60
 1570 0340 0C       		.byte	0xc
 1571 0341 3E       		.byte	0x3e
 1572 0342 12       		.byte	0x12
 1573 0343 F7000000 		.4byte	0xf7
 1574 0347 08       		.uleb128 0x8
 1575 0348 04030000 		.4byte	.LASF61
 1576 034c 04       		.byte	0x4
 1577 034d 0C       		.byte	0xc
 1578 034e 43       		.byte	0x43
 1579 034f 10       		.byte	0x10
 1580 0350 62030000 		.4byte	0x362
 1581 0354 01       		.uleb128 0x1
 1582 0355 87040000 		.4byte	.LASF62
 1583 0359 0C       		.byte	0xc
 1584 035a 47       		.byte	0x47
 1585 035b 21       		.byte	0x21
 1586 035c 3B030000 		.4byte	0x33b
 1587 0360 00       		.byte	0
 1588 0361 00       		.byte	0
 1589 0362 02       		.uleb128 0x2
 1590 0363 FE060000 		.4byte	.LASF63
 1591 0367 0C       		.byte	0xc
 1592 0368 48       		.byte	0x48
 1593 0369 03       		.byte	0x3
 1594 036a 47030000 		.4byte	0x347
 1595 036e 08       		.uleb128 0x8
 1596 036f BF010000 		.4byte	.LASF64
ARM GAS  /tmp/ccM7HEsR.s 			page 29


 1597 0373 04       		.byte	0x4
 1598 0374 0D       		.byte	0xd
 1599 0375 3D       		.byte	0x3d
 1600 0376 10       		.byte	0x10
 1601 0377 89030000 		.4byte	0x389
 1602 037b 01       		.uleb128 0x1
 1603 037c C3040000 		.4byte	.LASF65
 1604 0380 0D       		.byte	0xd
 1605 0381 45       		.byte	0x45
 1606 0382 24       		.byte	0x24
 1607 0383 CE000000 		.4byte	0xce
 1608 0387 00       		.byte	0
 1609 0388 00       		.byte	0
 1610 0389 02       		.uleb128 0x2
 1611 038a 1D040000 		.4byte	.LASF66
 1612 038e 0D       		.byte	0xd
 1613 038f 50       		.byte	0x50
 1614 0390 03       		.byte	0x3
 1615 0391 6E030000 		.4byte	0x36e
 1616 0395 02       		.uleb128 0x2
 1617 0396 96000000 		.4byte	.LASF67
 1618 039a 0E       		.byte	0xe
 1619 039b 6C       		.byte	0x6c
 1620 039c 12       		.byte	0x12
 1621 039d F7000000 		.4byte	0xf7
 1622 03a1 14       		.uleb128 0x14
 1623 03a2 95030000 		.4byte	0x395
 1624 03a6 02       		.uleb128 0x2
 1625 03a7 AA040000 		.4byte	.LASF68
 1626 03ab 0E       		.byte	0xe
 1627 03ac 78       		.byte	0x78
 1628 03ad 12       		.byte	0x12
 1629 03ae F7000000 		.4byte	0xf7
 1630 03b2 05       		.uleb128 0x5
 1631 03b3 D3000000 		.4byte	0xd3
 1632 03b7 0E       		.uleb128 0xe
 1633 03b8 4E050000 		.4byte	.LASF69
 1634 03bc A8       		.byte	0xa8
 1635 03bd 03       		.byte	0x3
 1636 03be 0102     		.2byte	0x201
 1637 03c0 08       		.byte	0x8
 1638 03c1 57040000 		.4byte	0x457
 1639 03c5 06       		.uleb128 0x6
 1640 03c6 6400     		.ascii	"d\000"
 1641 03c8 03       		.byte	0x3
 1642 03c9 0302     		.2byte	0x203
 1643 03cb 19       		.byte	0x19
 1644 03cc 57040000 		.4byte	0x457
 1645 03d0 00       		.byte	0
 1646 03d1 03       		.uleb128 0x3
 1647 03d2 42020000 		.4byte	.LASF70
 1648 03d6 03       		.byte	0x3
 1649 03d7 0402     		.2byte	0x204
 1650 03d9 19       		.byte	0x19
 1651 03da F7000000 		.4byte	0xf7
 1652 03de 80       		.byte	0x80
 1653 03df 06       		.uleb128 0x6
ARM GAS  /tmp/ccM7HEsR.s 			page 30


 1654 03e0 723400   		.ascii	"r4\000"
 1655 03e3 03       		.byte	0x3
 1656 03e4 0602     		.2byte	0x206
 1657 03e6 19       		.byte	0x19
 1658 03e7 F7000000 		.4byte	0xf7
 1659 03eb 84       		.byte	0x84
 1660 03ec 06       		.uleb128 0x6
 1661 03ed 723500   		.ascii	"r5\000"
 1662 03f0 03       		.byte	0x3
 1663 03f1 0702     		.2byte	0x207
 1664 03f3 19       		.byte	0x19
 1665 03f4 F7000000 		.4byte	0xf7
 1666 03f8 88       		.byte	0x88
 1667 03f9 06       		.uleb128 0x6
 1668 03fa 723600   		.ascii	"r6\000"
 1669 03fd 03       		.byte	0x3
 1670 03fe 0802     		.2byte	0x208
 1671 0400 19       		.byte	0x19
 1672 0401 F7000000 		.4byte	0xf7
 1673 0405 8C       		.byte	0x8c
 1674 0406 06       		.uleb128 0x6
 1675 0407 723700   		.ascii	"r7\000"
 1676 040a 03       		.byte	0x3
 1677 040b 0902     		.2byte	0x209
 1678 040d 19       		.byte	0x19
 1679 040e F7000000 		.4byte	0xf7
 1680 0412 90       		.byte	0x90
 1681 0413 06       		.uleb128 0x6
 1682 0414 723800   		.ascii	"r8\000"
 1683 0417 03       		.byte	0x3
 1684 0418 0A02     		.2byte	0x20a
 1685 041a 19       		.byte	0x19
 1686 041b F7000000 		.4byte	0xf7
 1687 041f 94       		.byte	0x94
 1688 0420 06       		.uleb128 0x6
 1689 0421 723900   		.ascii	"r9\000"
 1690 0424 03       		.byte	0x3
 1691 0425 0B02     		.2byte	0x20b
 1692 0427 19       		.byte	0x19
 1693 0428 F7000000 		.4byte	0xf7
 1694 042c 98       		.byte	0x98
 1695 042d 06       		.uleb128 0x6
 1696 042e 72313000 		.ascii	"r10\000"
 1697 0432 03       		.byte	0x3
 1698 0433 0C02     		.2byte	0x20c
 1699 0435 19       		.byte	0x19
 1700 0436 F7000000 		.4byte	0xf7
 1701 043a 9C       		.byte	0x9c
 1702 043b 06       		.uleb128 0x6
 1703 043c 72313100 		.ascii	"r11\000"
 1704 0440 03       		.byte	0x3
 1705 0441 0D02     		.2byte	0x20d
 1706 0443 19       		.byte	0x19
 1707 0444 F7000000 		.4byte	0xf7
 1708 0448 A0       		.byte	0xa0
 1709 0449 06       		.uleb128 0x6
 1710 044a 6C7200   		.ascii	"lr\000"
ARM GAS  /tmp/ccM7HEsR.s 			page 31


 1711 044d 03       		.byte	0x3
 1712 044e 0E02     		.2byte	0x20e
 1713 0450 19       		.byte	0x19
 1714 0451 F7000000 		.4byte	0xf7
 1715 0455 A4       		.byte	0xa4
 1716 0456 00       		.byte	0
 1717 0457 0F       		.uleb128 0xf
 1718 0458 03010000 		.4byte	0x103
 1719 045c 67040000 		.4byte	0x467
 1720 0460 10       		.uleb128 0x10
 1721 0461 2D000000 		.4byte	0x2d
 1722 0465 0F       		.byte	0xf
 1723 0466 00       		.byte	0
 1724 0467 0E       		.uleb128 0xe
 1725 0468 2F010000 		.4byte	.LASF71
 1726 046c 04       		.byte	0x4
 1727 046d 03       		.byte	0x3
 1728 046e 1702     		.2byte	0x217
 1729 0470 08       		.byte	0x8
 1730 0471 83040000 		.4byte	0x483
 1731 0475 06       		.uleb128 0x6
 1732 0476 737000   		.ascii	"sp\000"
 1733 0479 03       		.byte	0x3
 1734 047a 1802     		.2byte	0x218
 1735 047c 1A       		.byte	0x1a
 1736 047d 83040000 		.4byte	0x483
 1737 0481 00       		.byte	0
 1738 0482 00       		.byte	0
 1739 0483 05       		.uleb128 0x5
 1740 0484 B7030000 		.4byte	0x3b7
 1741 0488 02       		.uleb128 0x2
 1742 0489 19050000 		.4byte	.LASF72
 1743 048d 0F       		.byte	0xf
 1744 048e 31       		.byte	0x31
 1745 048f 18       		.byte	0x18
 1746 0490 94040000 		.4byte	0x494
 1747 0494 08       		.uleb128 0x8
 1748 0495 AD010000 		.4byte	.LASF73
 1749 0499 04       		.byte	0x4
 1750 049a 0F       		.byte	0xf
 1751 049b 37       		.byte	0x37
 1752 049c 08       		.byte	0x8
 1753 049d AF040000 		.4byte	0x4af
 1754 04a1 01       		.uleb128 0x1
 1755 04a2 EA000000 		.4byte	.LASF74
 1756 04a6 0F       		.byte	0xf
 1757 04a7 38       		.byte	0x38
 1758 04a8 1A       		.byte	0x1a
 1759 04a9 AF040000 		.4byte	0x4af
 1760 04ad 00       		.byte	0
 1761 04ae 00       		.byte	0
 1762 04af 05       		.uleb128 0x5
 1763 04b0 88040000 		.4byte	0x488
 1764 04b4 02       		.uleb128 0x2
 1765 04b5 B8040000 		.4byte	.LASF75
 1766 04b9 0F       		.byte	0xf
 1767 04ba 3E       		.byte	0x3e
ARM GAS  /tmp/ccM7HEsR.s 			page 32


 1768 04bb 19       		.byte	0x19
 1769 04bc C0040000 		.4byte	0x4c0
 1770 04c0 08       		.uleb128 0x8
 1771 04c1 1E070000 		.4byte	.LASF76
 1772 04c5 08       		.byte	0x8
 1773 04c6 0F       		.byte	0xf
 1774 04c7 44       		.byte	0x44
 1775 04c8 08       		.byte	0x8
 1776 04c9 E8040000 		.4byte	0x4e8
 1777 04cd 01       		.uleb128 0x1
 1778 04ce EA000000 		.4byte	.LASF74
 1779 04d2 0F       		.byte	0xf
 1780 04d3 45       		.byte	0x45
 1781 04d4 1A       		.byte	0x1a
 1782 04d5 E8040000 		.4byte	0x4e8
 1783 04d9 00       		.byte	0
 1784 04da 01       		.uleb128 0x1
 1785 04db 91010000 		.4byte	.LASF77
 1786 04df 0F       		.byte	0xf
 1787 04e0 46       		.byte	0x46
 1788 04e1 1A       		.byte	0x1a
 1789 04e2 E8040000 		.4byte	0x4e8
 1790 04e6 04       		.byte	0x4
 1791 04e7 00       		.byte	0
 1792 04e8 05       		.uleb128 0x5
 1793 04e9 B4040000 		.4byte	0x4b4
 1794 04ed 02       		.uleb128 0x2
 1795 04ee E3020000 		.4byte	.LASF78
 1796 04f2 0F       		.byte	0xf
 1797 04f3 4D       		.byte	0x4d
 1798 04f4 22       		.byte	0x22
 1799 04f5 F9040000 		.4byte	0x4f9
 1800 04f9 08       		.uleb128 0x8
 1801 04fa 0C070000 		.4byte	.LASF79
 1802 04fe 0C       		.byte	0xc
 1803 04ff 0F       		.byte	0xf
 1804 0500 54       		.byte	0x54
 1805 0501 08       		.byte	0x8
 1806 0502 2E050000 		.4byte	0x52e
 1807 0506 01       		.uleb128 0x1
 1808 0507 EA000000 		.4byte	.LASF74
 1809 050b 0F       		.byte	0xf
 1810 050c 55       		.byte	0x55
 1811 050d 1A       		.byte	0x1a
 1812 050e 2E050000 		.4byte	0x52e
 1813 0512 00       		.byte	0
 1814 0513 01       		.uleb128 0x1
 1815 0514 91010000 		.4byte	.LASF77
 1816 0518 0F       		.byte	0xf
 1817 0519 56       		.byte	0x56
 1818 051a 1A       		.byte	0x1a
 1819 051b 2E050000 		.4byte	0x52e
 1820 051f 04       		.byte	0x4
 1821 0520 01       		.uleb128 0x1
 1822 0521 6E030000 		.4byte	.LASF80
 1823 0525 0F       		.byte	0xf
 1824 0526 57       		.byte	0x57
ARM GAS  /tmp/ccM7HEsR.s 			page 33


 1825 0527 19       		.byte	0x19
 1826 0528 50010000 		.4byte	0x150
 1827 052c 08       		.byte	0x8
 1828 052d 00       		.byte	0
 1829 052e 05       		.uleb128 0x5
 1830 052f ED040000 		.4byte	0x4ed
 1831 0533 02       		.uleb128 0x2
 1832 0534 78030000 		.4byte	.LASF81
 1833 0538 0F       		.byte	0xf
 1834 0539 5E       		.byte	0x5e
 1835 053a 1E       		.byte	0x1e
 1836 053b 3F050000 		.4byte	0x53f
 1837 053f 08       		.uleb128 0x8
 1838 0540 D4010000 		.4byte	.LASF82
 1839 0544 0C       		.byte	0xc
 1840 0545 0F       		.byte	0xf
 1841 0546 63       		.byte	0x63
 1842 0547 08       		.byte	0x8
 1843 0548 74050000 		.4byte	0x574
 1844 054c 01       		.uleb128 0x1
 1845 054d EA000000 		.4byte	.LASF74
 1846 0551 0F       		.byte	0xf
 1847 0552 64       		.byte	0x64
 1848 0553 1A       		.byte	0x1a
 1849 0554 74050000 		.4byte	0x574
 1850 0558 00       		.byte	0
 1851 0559 01       		.uleb128 0x1
 1852 055a 91010000 		.4byte	.LASF77
 1853 055e 0F       		.byte	0xf
 1854 055f 65       		.byte	0x65
 1855 0560 1A       		.byte	0x1a
 1856 0561 74050000 		.4byte	0x574
 1857 0565 04       		.byte	0x4
 1858 0566 01       		.uleb128 0x1
 1859 0567 53080000 		.4byte	.LASF83
 1860 056b 0F       		.byte	0xf
 1861 056c 66       		.byte	0x66
 1862 056d 19       		.byte	0x19
 1863 056e A6030000 		.4byte	0x3a6
 1864 0572 08       		.byte	0x8
 1865 0573 00       		.byte	0
 1866 0574 05       		.uleb128 0x5
 1867 0575 33050000 		.4byte	0x533
 1868 0579 2C       		.uleb128 0x2c
 1869 057a 07       		.byte	0x7
 1870 057b 01       		.byte	0x1
 1871 057c 68000000 		.4byte	0x68
 1872 0580 0B       		.byte	0xb
 1873 0581 31       		.byte	0x31
 1874 0582 0E       		.byte	0xe
 1875 0583 A0050000 		.4byte	0x5a0
 1876 0587 15       		.uleb128 0x15
 1877 0588 7F060000 		.4byte	.LASF84
 1878 058c 00       		.byte	0
 1879 058d 15       		.uleb128 0x15
 1880 058e 33080000 		.4byte	.LASF85
 1881 0592 01       		.byte	0x1
ARM GAS  /tmp/ccM7HEsR.s 			page 34


 1882 0593 15       		.uleb128 0x15
 1883 0594 3D000000 		.4byte	.LASF86
 1884 0598 02       		.byte	0x2
 1885 0599 15       		.uleb128 0x15
 1886 059a 0A020000 		.4byte	.LASF87
 1887 059e 03       		.byte	0x3
 1888 059f 00       		.byte	0
 1889 05a0 02       		.uleb128 0x2
 1890 05a1 AC080000 		.4byte	.LASF88
 1891 05a5 0B       		.byte	0xb
 1892 05a6 36       		.byte	0x36
 1893 05a7 03       		.byte	0x3
 1894 05a8 79050000 		.4byte	0x579
 1895 05ac 14       		.uleb128 0x14
 1896 05ad A0050000 		.4byte	0x5a0
 1897 05b1 08       		.uleb128 0x8
 1898 05b2 9C020000 		.4byte	.LASF89
 1899 05b6 18       		.byte	0x18
 1900 05b7 0B       		.byte	0xb
 1901 05b8 61       		.byte	0x61
 1902 05b9 10       		.byte	0x10
 1903 05ba E6050000 		.4byte	0x5e6
 1904 05be 01       		.uleb128 0x1
 1905 05bf 6A060000 		.4byte	.LASF90
 1906 05c3 0B       		.byte	0xb
 1907 05c4 65       		.byte	0x65
 1908 05c5 21       		.byte	0x21
 1909 05c6 33050000 		.4byte	0x533
 1910 05ca 00       		.byte	0
 1911 05cb 01       		.uleb128 0x1
 1912 05cc E4040000 		.4byte	.LASF91
 1913 05d0 0B       		.byte	0xb
 1914 05d1 6A       		.byte	0x6a
 1915 05d2 21       		.byte	0x21
 1916 05d3 A1030000 		.4byte	0x3a1
 1917 05d7 0C       		.byte	0xc
 1918 05d8 01       		.uleb128 0x1
 1919 05d9 60010000 		.4byte	.LASF92
 1920 05dd 0B       		.byte	0xb
 1921 05de 7E       		.byte	0x7e
 1922 05df 21       		.byte	0x21
 1923 05e0 0F010000 		.4byte	0x10f
 1924 05e4 10       		.byte	0x10
 1925 05e5 00       		.byte	0
 1926 05e6 02       		.uleb128 0x2
 1927 05e7 66070000 		.4byte	.LASF93
 1928 05eb 0B       		.byte	0xb
 1929 05ec 80       		.byte	0x80
 1930 05ed 03       		.byte	0x3
 1931 05ee B1050000 		.4byte	0x5b1
 1932 05f2 08       		.uleb128 0x8
 1933 05f3 84000000 		.4byte	.LASF94
 1934 05f7 08       		.byte	0x8
 1935 05f8 0B       		.byte	0xb
 1936 05f9 85       		.byte	0x85
 1937 05fa 10       		.byte	0x10
 1938 05fb 0D060000 		.4byte	0x60d
ARM GAS  /tmp/ccM7HEsR.s 			page 35


 1939 05ff 01       		.uleb128 0x1
 1940 0600 F0060000 		.4byte	.LASF95
 1941 0604 0B       		.byte	0xb
 1942 0605 89       		.byte	0x89
 1943 0606 21       		.byte	0x21
 1944 0607 B4040000 		.4byte	0x4b4
 1945 060b 00       		.byte	0
 1946 060c 00       		.byte	0
 1947 060d 02       		.uleb128 0x2
 1948 060e 61040000 		.4byte	.LASF96
 1949 0612 0B       		.byte	0xb
 1950 0613 8A       		.byte	0x8a
 1951 0614 03       		.byte	0x3
 1952 0615 F2050000 		.4byte	0x5f2
 1953 0619 02       		.uleb128 0x2
 1954 061a 94030000 		.4byte	.LASF97
 1955 061e 0B       		.byte	0xb
 1956 061f 8F       		.byte	0x8f
 1957 0620 14       		.byte	0x14
 1958 0621 25060000 		.4byte	0x625
 1959 0625 05       		.uleb128 0x5
 1960 0626 8C010000 		.4byte	0x18c
 1961 062a 02       		.uleb128 0x2
 1962 062b 99040000 		.4byte	.LASF98
 1963 062f 0B       		.byte	0xb
 1964 0630 9E       		.byte	0x9e
 1965 0631 10       		.byte	0x10
 1966 0632 36060000 		.4byte	0x636
 1967 0636 05       		.uleb128 0x5
 1968 0637 3B060000 		.4byte	0x63b
 1969 063b 2D       		.uleb128 0x2d
 1970 063c 46060000 		.4byte	0x646
 1971 0640 16       		.uleb128 0x16
 1972 0641 25060000 		.4byte	0x625
 1973 0645 00       		.byte	0
 1974 0646 22       		.uleb128 0x22
 1975 0647 0C       		.byte	0xc
 1976 0648 AA       		.byte	0xaa
 1977 0649 6C060000 		.4byte	0x66c
 1978 064d 1D       		.uleb128 0x1d
 1979 064e CF010000 		.4byte	.LASF99
 1980 0652 AE       		.byte	0xae
 1981 0653 88040000 		.4byte	0x488
 1982 0657 1D       		.uleb128 0x1d
 1983 0658 F0060000 		.4byte	.LASF95
 1984 065c B2       		.byte	0xb2
 1985 065d B4040000 		.4byte	0x4b4
 1986 0661 1D       		.uleb128 0x1d
 1987 0662 5F020000 		.4byte	.LASF100
 1988 0666 B6       		.byte	0xb6
 1989 0667 ED040000 		.4byte	0x4ed
 1990 066b 00       		.byte	0
 1991 066c 22       		.uleb128 0x22
 1992 066d 04       		.byte	0x4
 1993 066e FF       		.byte	0xff
 1994 066f C8060000 		.4byte	0x6c8
 1995 0673 0C       		.uleb128 0xc
ARM GAS  /tmp/ccM7HEsR.s 			page 36


 1996 0674 DC020000 		.4byte	.LASF101
 1997 0678 0601     		.2byte	0x106
 1998 067a 21       		.byte	0x21
 1999 067b 5C010000 		.4byte	0x15c
 2000 067f 0C       		.uleb128 0xc
 2001 0680 C9080000 		.4byte	.LASF102
 2002 0684 0D01     		.2byte	0x10d
 2003 0686 21       		.byte	0x21
 2004 0687 5C010000 		.4byte	0x15c
 2005 068b 0C       		.uleb128 0xc
 2006 068c 17010000 		.4byte	.LASF103
 2007 0690 1401     		.2byte	0x114
 2008 0692 22       		.byte	0x22
 2009 0693 BB000000 		.4byte	0xbb
 2010 0697 0C       		.uleb128 0xc
 2011 0698 2D080000 		.4byte	.LASF104
 2012 069c 1B01     		.2byte	0x11b
 2013 069e 22       		.byte	0x22
 2014 069f C8060000 		.4byte	0x6c8
 2015 06a3 0C       		.uleb128 0xc
 2016 06a4 05070000 		.4byte	.LASF105
 2017 06a8 2301     		.2byte	0x123
 2018 06aa 22       		.byte	0x22
 2019 06ab F5060000 		.4byte	0x6f5
 2020 06af 0C       		.uleb128 0xc
 2021 06b0 36000000 		.4byte	.LASF106
 2022 06b4 2C01     		.2byte	0x12c
 2023 06b6 22       		.byte	0x22
 2024 06b7 2F070000 		.4byte	0x72f
 2025 06bb 0C       		.uleb128 0xc
 2026 06bc 6A010000 		.4byte	.LASF107
 2027 06c0 3401     		.2byte	0x134
 2028 06c2 21       		.byte	0x21
 2029 06c3 68010000 		.4byte	0x168
 2030 06c7 00       		.byte	0
 2031 06c8 05       		.uleb128 0x5
 2032 06c9 19060000 		.4byte	0x619
 2033 06cd 08       		.uleb128 0x8
 2034 06ce 18020000 		.4byte	.LASF108
 2035 06d2 0C       		.byte	0xc
 2036 06d3 10       		.byte	0x10
 2037 06d4 33       		.byte	0x33
 2038 06d5 10       		.byte	0x10
 2039 06d6 F5060000 		.4byte	0x6f5
 2040 06da 01       		.uleb128 0x1
 2041 06db F0060000 		.4byte	.LASF95
 2042 06df 10       		.byte	0x10
 2043 06e0 34       		.byte	0x34
 2044 06e1 19       		.byte	0x19
 2045 06e2 B4040000 		.4byte	0x4b4
 2046 06e6 00       		.byte	0
 2047 06e7 1C       		.uleb128 0x1c
 2048 06e8 636E7400 		.ascii	"cnt\000"
 2049 06ec 10       		.byte	0x10
 2050 06ed 36       		.byte	0x36
 2051 06ee 19       		.byte	0x19
 2052 06ef 74010000 		.4byte	0x174
ARM GAS  /tmp/ccM7HEsR.s 			page 37


 2053 06f3 08       		.byte	0x8
 2054 06f4 00       		.byte	0
 2055 06f5 05       		.uleb128 0x5
 2056 06f6 CD060000 		.4byte	0x6cd
 2057 06fa 08       		.uleb128 0x8
 2058 06fb 0C030000 		.4byte	.LASF109
 2059 06ff 10       		.byte	0x10
 2060 0700 11       		.byte	0x11
 2061 0701 38       		.byte	0x38
 2062 0702 08       		.byte	0x8
 2063 0703 2F070000 		.4byte	0x72f
 2064 0707 01       		.uleb128 0x1
 2065 0708 F0060000 		.4byte	.LASF95
 2066 070c 11       		.byte	0x11
 2067 070d 39       		.byte	0x39
 2068 070e 19       		.byte	0x19
 2069 070f B4040000 		.4byte	0x4b4
 2070 0713 00       		.byte	0
 2071 0714 01       		.uleb128 0x1
 2072 0715 8E020000 		.4byte	.LASF33
 2073 0719 11       		.byte	0x11
 2074 071a 3B       		.byte	0x3b
 2075 071b 1A       		.byte	0x1a
 2076 071c 25060000 		.4byte	0x625
 2077 0720 08       		.byte	0x8
 2078 0721 01       		.uleb128 0x1
 2079 0722 EA000000 		.4byte	.LASF74
 2080 0726 11       		.byte	0x11
 2081 0727 3D       		.byte	0x3d
 2082 0728 1A       		.byte	0x1a
 2083 0729 310A0000 		.4byte	0xa31
 2084 072d 0C       		.byte	0xc
 2085 072e 00       		.byte	0
 2086 072f 05       		.uleb128 0x5
 2087 0730 FA060000 		.4byte	0x6fa
 2088 0734 05       		.uleb128 0x5
 2089 0735 A2020000 		.4byte	0x2a2
 2090 0739 05       		.uleb128 0x5
 2091 073a 20010000 		.4byte	0x120
 2092 073e 0E       		.uleb128 0xe
 2093 073f 48010000 		.4byte	.LASF110
 2094 0743 10       		.byte	0x10
 2095 0744 0B       		.byte	0xb
 2096 0745 7501     		.2byte	0x175
 2097 0747 10       		.byte	0x10
 2098 0748 69070000 		.4byte	0x769
 2099 074c 03       		.uleb128 0x3
 2100 074d 5F020000 		.4byte	.LASF100
 2101 0751 0B       		.byte	0xb
 2102 0752 7A01     		.2byte	0x17a
 2103 0754 21       		.byte	0x21
 2104 0755 ED040000 		.4byte	0x4ed
 2105 0759 00       		.byte	0
 2106 075a 03       		.uleb128 0x3
 2107 075b 75080000 		.4byte	.LASF111
 2108 075f 0B       		.byte	0xb
 2109 0760 7E01     		.2byte	0x17e
ARM GAS  /tmp/ccM7HEsR.s 			page 38


 2110 0762 22       		.byte	0x22
 2111 0763 25060000 		.4byte	0x625
 2112 0767 0C       		.byte	0xc
 2113 0768 00       		.byte	0
 2114 0769 1E       		.uleb128 0x1e
 2115 076a CD060000 		.4byte	.LASF112
 2116 076e 7F01     		.2byte	0x17f
 2117 0770 3E070000 		.4byte	0x73e
 2118 0774 0E       		.uleb128 0xe
 2119 0775 54060000 		.4byte	.LASF113
 2120 0779 14       		.byte	0x14
 2121 077a 0B       		.byte	0xb
 2122 077b 8401     		.2byte	0x184
 2123 077d 10       		.byte	0x10
 2124 077e C9070000 		.4byte	0x7c9
 2125 0782 03       		.uleb128 0x3
 2126 0783 97060000 		.4byte	.LASF39
 2127 0787 0B       		.byte	0xb
 2128 0788 8801     		.2byte	0x188
 2129 078a 22       		.byte	0x22
 2130 078b C9000000 		.4byte	0xc9
 2131 078f 00       		.byte	0
 2132 0790 03       		.uleb128 0x3
 2133 0791 10000000 		.4byte	.LASF114
 2134 0795 0B       		.byte	0xb
 2135 0796 8C01     		.2byte	0x18c
 2136 0798 22       		.byte	0x22
 2137 0799 39070000 		.4byte	0x739
 2138 079d 04       		.byte	0x4
 2139 079e 03       		.uleb128 0x3
 2140 079f 49060000 		.4byte	.LASF115
 2141 07a3 0B       		.byte	0xb
 2142 07a4 9001     		.2byte	0x190
 2143 07a6 22       		.byte	0x22
 2144 07a7 39070000 		.4byte	0x739
 2145 07ab 08       		.byte	0x8
 2146 07ac 03       		.uleb128 0x3
 2147 07ad CD040000 		.4byte	.LASF116
 2148 07b1 0B       		.byte	0xb
 2149 07b2 9501     		.2byte	0x195
 2150 07b4 22       		.byte	0x22
 2151 07b5 39070000 		.4byte	0x739
 2152 07b9 0C       		.byte	0xc
 2153 07ba 03       		.uleb128 0x3
 2154 07bb 79040000 		.4byte	.LASF117
 2155 07bf 0B       		.byte	0xb
 2156 07c0 9901     		.2byte	0x199
 2157 07c2 22       		.byte	0x22
 2158 07c3 39070000 		.4byte	0x739
 2159 07c7 10       		.byte	0x10
 2160 07c8 00       		.byte	0
 2161 07c9 1E       		.uleb128 0x1e
 2162 07ca 2D020000 		.4byte	.LASF118
 2163 07ce 9B01     		.2byte	0x19b
 2164 07d0 74070000 		.4byte	0x774
 2165 07d4 12       		.uleb128 0x12
 2166 07d5 C9070000 		.4byte	0x7c9
ARM GAS  /tmp/ccM7HEsR.s 			page 39


 2167 07d9 05       		.uleb128 0x5
 2168 07da D4070000 		.4byte	0x7d4
 2169 07de 0E       		.uleb128 0xe
 2170 07df 39060000 		.4byte	.LASF119
 2171 07e3 08       		.byte	0x8
 2172 07e4 0B       		.byte	0xb
 2173 07e5 E501     		.2byte	0x1e5
 2174 07e7 10       		.byte	0x10
 2175 07e8 09080000 		.4byte	0x809
 2176 07ec 03       		.uleb128 0x3
 2177 07ed EE070000 		.4byte	.LASF36
 2178 07f1 0B       		.byte	0xb
 2179 07f2 E901     		.2byte	0x1e9
 2180 07f4 21       		.byte	0x21
 2181 07f5 AC050000 		.4byte	0x5ac
 2182 07f9 00       		.byte	0
 2183 07fa 03       		.uleb128 0x3
 2184 07fb 56010000 		.4byte	.LASF120
 2185 07ff 0B       		.byte	0xb
 2186 0800 ED01     		.2byte	0x1ed
 2187 0802 22       		.byte	0x22
 2188 0803 09080000 		.4byte	0x809
 2189 0807 04       		.byte	0x4
 2190 0808 00       		.byte	0
 2191 0809 0F       		.uleb128 0xf
 2192 080a 34070000 		.4byte	0x734
 2193 080e 19080000 		.4byte	0x819
 2194 0812 10       		.uleb128 0x10
 2195 0813 2D000000 		.4byte	0x2d
 2196 0817 00       		.byte	0
 2197 0818 00       		.byte	0
 2198 0819 1E       		.uleb128 0x1e
 2199 081a 21080000 		.4byte	.LASF121
 2200 081e 0902     		.2byte	0x209
 2201 0820 DE070000 		.4byte	0x7de
 2202 0824 2E       		.uleb128 0x2e
 2203 0825 63683000 		.ascii	"ch0\000"
 2204 0829 02       		.byte	0x2
 2205 082a 1E01     		.2byte	0x11e
 2206 082c 16       		.byte	0x16
 2207 082d A2020000 		.4byte	0x2a2
 2208 0831 2F       		.uleb128 0x2f
 2209 0832 2C       		.byte	0x2c
 2210 0833 04       		.byte	0x4
 2211 0834 33       		.byte	0x33
 2212 0835 09       		.byte	0x9
 2213 0836 E8090000 		.4byte	0x9e8
 2214 083a 01       		.uleb128 0x1
 2215 083b 9C060000 		.4byte	.LASF122
 2216 083f 04       		.byte	0x4
 2217 0840 34       		.byte	0x34
 2218 0841 0D       		.byte	0xd
 2219 0842 E8090000 		.4byte	0x9e8
 2220 0846 00       		.byte	0
 2221 0847 01       		.uleb128 0x1
 2222 0848 3A040000 		.4byte	.LASF123
 2223 084c 04       		.byte	0x4
ARM GAS  /tmp/ccM7HEsR.s 			page 40


 2224 084d 35       		.byte	0x35
 2225 084e 0D       		.byte	0xd
 2226 084f D3000000 		.4byte	0xd3
 2227 0853 04       		.byte	0x4
 2228 0854 01       		.uleb128 0x1
 2229 0855 6C040000 		.4byte	.LASF124
 2230 0859 04       		.byte	0x4
 2231 085a 36       		.byte	0x36
 2232 085b 0D       		.byte	0xd
 2233 085c D3000000 		.4byte	0xd3
 2234 0860 05       		.byte	0x5
 2235 0861 01       		.uleb128 0x1
 2236 0862 EF000000 		.4byte	.LASF125
 2237 0866 04       		.byte	0x4
 2238 0867 37       		.byte	0x37
 2239 0868 0D       		.byte	0xd
 2240 0869 DF000000 		.4byte	0xdf
 2241 086d 06       		.byte	0x6
 2242 086e 01       		.uleb128 0x1
 2243 086f 71040000 		.4byte	.LASF126
 2244 0873 04       		.byte	0x4
 2245 0874 38       		.byte	0x38
 2246 0875 0D       		.byte	0xd
 2247 0876 D3000000 		.4byte	0xd3
 2248 087a 08       		.byte	0x8
 2249 087b 01       		.uleb128 0x1
 2250 087c 1C000000 		.4byte	.LASF127
 2251 0880 04       		.byte	0x4
 2252 0881 39       		.byte	0x39
 2253 0882 0D       		.byte	0xd
 2254 0883 D3000000 		.4byte	0xd3
 2255 0887 09       		.byte	0x9
 2256 0888 01       		.uleb128 0x1
 2257 0889 FF010000 		.4byte	.LASF128
 2258 088d 04       		.byte	0x4
 2259 088e 3A       		.byte	0x3a
 2260 088f 0D       		.byte	0xd
 2261 0890 D3000000 		.4byte	0xd3
 2262 0894 0A       		.byte	0xa
 2263 0895 01       		.uleb128 0x1
 2264 0896 23050000 		.4byte	.LASF129
 2265 089a 04       		.byte	0x4
 2266 089b 3B       		.byte	0x3b
 2267 089c 0D       		.byte	0xd
 2268 089d D3000000 		.4byte	0xd3
 2269 08a1 0B       		.byte	0xb
 2270 08a2 01       		.uleb128 0x1
 2271 08a3 35030000 		.4byte	.LASF130
 2272 08a7 04       		.byte	0x4
 2273 08a8 3C       		.byte	0x3c
 2274 08a9 0D       		.byte	0xd
 2275 08aa D3000000 		.4byte	0xd3
 2276 08ae 0C       		.byte	0xc
 2277 08af 01       		.uleb128 0x1
 2278 08b0 B5010000 		.4byte	.LASF131
 2279 08b4 04       		.byte	0x4
 2280 08b5 3D       		.byte	0x3d
ARM GAS  /tmp/ccM7HEsR.s 			page 41


 2281 08b6 0D       		.byte	0xd
 2282 08b7 D3000000 		.4byte	0xd3
 2283 08bb 0D       		.byte	0xd
 2284 08bc 01       		.uleb128 0x1
 2285 08bd C1020000 		.4byte	.LASF132
 2286 08c1 04       		.byte	0x4
 2287 08c2 3E       		.byte	0x3e
 2288 08c3 0D       		.byte	0xd
 2289 08c4 D3000000 		.4byte	0xd3
 2290 08c8 0E       		.byte	0xe
 2291 08c9 01       		.uleb128 0x1
 2292 08ca 09040000 		.4byte	.LASF133
 2293 08ce 04       		.byte	0x4
 2294 08cf 3F       		.byte	0x3f
 2295 08d0 0D       		.byte	0xd
 2296 08d1 D3000000 		.4byte	0xd3
 2297 08d5 0F       		.byte	0xf
 2298 08d6 01       		.uleb128 0x1
 2299 08d7 81020000 		.4byte	.LASF134
 2300 08db 04       		.byte	0x4
 2301 08dc 40       		.byte	0x40
 2302 08dd 0D       		.byte	0xd
 2303 08de D3000000 		.4byte	0xd3
 2304 08e2 10       		.byte	0x10
 2305 08e3 01       		.uleb128 0x1
 2306 08e4 CB020000 		.4byte	.LASF135
 2307 08e8 04       		.byte	0x4
 2308 08e9 41       		.byte	0x41
 2309 08ea 0D       		.byte	0xd
 2310 08eb D3000000 		.4byte	0xd3
 2311 08ef 11       		.byte	0x11
 2312 08f0 01       		.uleb128 0x1
 2313 08f1 64030000 		.4byte	.LASF136
 2314 08f5 04       		.byte	0x4
 2315 08f6 42       		.byte	0x42
 2316 08f7 0D       		.byte	0xd
 2317 08f8 D3000000 		.4byte	0xd3
 2318 08fc 12       		.byte	0x12
 2319 08fd 01       		.uleb128 0x1
 2320 08fe 6C080000 		.4byte	.LASF137
 2321 0902 04       		.byte	0x4
 2322 0903 43       		.byte	0x43
 2323 0904 0D       		.byte	0xd
 2324 0905 D3000000 		.4byte	0xd3
 2325 0909 13       		.byte	0x13
 2326 090a 01       		.uleb128 0x1
 2327 090b A7060000 		.4byte	.LASF138
 2328 090f 04       		.byte	0x4
 2329 0910 44       		.byte	0x44
 2330 0911 0D       		.byte	0xd
 2331 0912 D3000000 		.4byte	0xd3
 2332 0916 14       		.byte	0x14
 2333 0917 01       		.uleb128 0x1
 2334 0918 0E010000 		.4byte	.LASF139
 2335 091c 04       		.byte	0x4
 2336 091d 45       		.byte	0x45
 2337 091e 0D       		.byte	0xd
ARM GAS  /tmp/ccM7HEsR.s 			page 42


 2338 091f D3000000 		.4byte	0xd3
 2339 0923 15       		.byte	0x15
 2340 0924 01       		.uleb128 0x1
 2341 0925 A0010000 		.4byte	.LASF140
 2342 0929 04       		.byte	0x4
 2343 092a 46       		.byte	0x46
 2344 092b 0D       		.byte	0xd
 2345 092c F8090000 		.4byte	0x9f8
 2346 0930 16       		.byte	0x16
 2347 0931 01       		.uleb128 0x1
 2348 0932 12040000 		.4byte	.LASF141
 2349 0936 04       		.byte	0x4
 2350 0937 47       		.byte	0x47
 2351 0938 0D       		.byte	0xd
 2352 0939 D3000000 		.4byte	0xd3
 2353 093d 1A       		.byte	0x1a
 2354 093e 01       		.uleb128 0x1
 2355 093f 59070000 		.4byte	.LASF142
 2356 0943 04       		.byte	0x4
 2357 0944 48       		.byte	0x48
 2358 0945 0D       		.byte	0xd
 2359 0946 D3000000 		.4byte	0xd3
 2360 094a 1B       		.byte	0x1b
 2361 094b 01       		.uleb128 0x1
 2362 094c F7040000 		.4byte	.LASF143
 2363 0950 04       		.byte	0x4
 2364 0951 49       		.byte	0x49
 2365 0952 0D       		.byte	0xd
 2366 0953 D3000000 		.4byte	0xd3
 2367 0957 1C       		.byte	0x1c
 2368 0958 01       		.uleb128 0x1
 2369 0959 56030000 		.4byte	.LASF144
 2370 095d 04       		.byte	0x4
 2371 095e 4A       		.byte	0x4a
 2372 095f 0D       		.byte	0xd
 2373 0960 D3000000 		.4byte	0xd3
 2374 0964 1D       		.byte	0x1d
 2375 0965 01       		.uleb128 0x1
 2376 0966 A9000000 		.4byte	.LASF145
 2377 096a 04       		.byte	0x4
 2378 096b 4B       		.byte	0x4b
 2379 096c 0D       		.byte	0xd
 2380 096d D3000000 		.4byte	0xd3
 2381 0971 1E       		.byte	0x1e
 2382 0972 01       		.uleb128 0x1
 2383 0973 54000000 		.4byte	.LASF146
 2384 0977 04       		.byte	0x4
 2385 0978 4D       		.byte	0x4d
 2386 0979 0D       		.byte	0xd
 2387 097a D3000000 		.4byte	0xd3
 2388 097e 1F       		.byte	0x1f
 2389 097f 01       		.uleb128 0x1
 2390 0980 E1030000 		.4byte	.LASF147
 2391 0984 04       		.byte	0x4
 2392 0985 4E       		.byte	0x4e
 2393 0986 0D       		.byte	0xd
 2394 0987 D3000000 		.4byte	0xd3
ARM GAS  /tmp/ccM7HEsR.s 			page 43


 2395 098b 20       		.byte	0x20
 2396 098c 01       		.uleb128 0x1
 2397 098d 25000000 		.4byte	.LASF148
 2398 0991 04       		.byte	0x4
 2399 0992 4F       		.byte	0x4f
 2400 0993 0D       		.byte	0xd
 2401 0994 F8090000 		.4byte	0x9f8
 2402 0998 21       		.byte	0x21
 2403 0999 01       		.uleb128 0x1
 2404 099a F4070000 		.4byte	.LASF149
 2405 099e 04       		.byte	0x4
 2406 099f 50       		.byte	0x50
 2407 09a0 0D       		.byte	0xd
 2408 09a1 D3000000 		.4byte	0xd3
 2409 09a5 25       		.byte	0x25
 2410 09a6 01       		.uleb128 0x1
 2411 09a7 C2030000 		.4byte	.LASF150
 2412 09ab 04       		.byte	0x4
 2413 09ac 52       		.byte	0x52
 2414 09ad 0D       		.byte	0xd
 2415 09ae D3000000 		.4byte	0xd3
 2416 09b2 26       		.byte	0x26
 2417 09b3 01       		.uleb128 0x1
 2418 09b4 00000000 		.4byte	.LASF151
 2419 09b8 04       		.byte	0x4
 2420 09b9 53       		.byte	0x53
 2421 09ba 0D       		.byte	0xd
 2422 09bb D3000000 		.4byte	0xd3
 2423 09bf 27       		.byte	0x27
 2424 09c0 01       		.uleb128 0x1
 2425 09c1 27070000 		.4byte	.LASF152
 2426 09c5 04       		.byte	0x4
 2427 09c6 54       		.byte	0x54
 2428 09c7 0D       		.byte	0xd
 2429 09c8 D3000000 		.4byte	0xd3
 2430 09cc 28       		.byte	0x28
 2431 09cd 01       		.uleb128 0x1
 2432 09ce 64000000 		.4byte	.LASF153
 2433 09d2 04       		.byte	0x4
 2434 09d3 55       		.byte	0x55
 2435 09d4 0D       		.byte	0xd
 2436 09d5 D3000000 		.4byte	0xd3
 2437 09d9 29       		.byte	0x29
 2438 09da 01       		.uleb128 0x1
 2439 09db BB080000 		.4byte	.LASF154
 2440 09df 04       		.byte	0x4
 2441 09e0 56       		.byte	0x56
 2442 09e1 0D       		.byte	0xd
 2443 09e2 D3000000 		.4byte	0xd3
 2444 09e6 2A       		.byte	0x2a
 2445 09e7 00       		.byte	0
 2446 09e8 0F       		.uleb128 0xf
 2447 09e9 BD000000 		.4byte	0xbd
 2448 09ed F8090000 		.4byte	0x9f8
 2449 09f1 10       		.uleb128 0x10
 2450 09f2 2D000000 		.4byte	0x2d
 2451 09f6 03       		.byte	0x3
ARM GAS  /tmp/ccM7HEsR.s 			page 44


 2452 09f7 00       		.byte	0
 2453 09f8 0F       		.uleb128 0xf
 2454 09f9 D3000000 		.4byte	0xd3
 2455 09fd 080A0000 		.4byte	0xa08
 2456 0a01 10       		.uleb128 0x10
 2457 0a02 2D000000 		.4byte	0x2d
 2458 0a06 03       		.byte	0x3
 2459 0a07 00       		.byte	0
 2460 0a08 02       		.uleb128 0x2
 2461 0a09 96010000 		.4byte	.LASF155
 2462 0a0d 04       		.byte	0x4
 2463 0a0e 57       		.byte	0x57
 2464 0a0f 03       		.byte	0x3
 2465 0a10 31080000 		.4byte	0x831
 2466 0a14 12       		.uleb128 0x12
 2467 0a15 080A0000 		.4byte	0xa08
 2468 0a19 30       		.uleb128 0x30
 2469 0a1a 86080000 		.4byte	.LASF156
 2470 0a1e 04       		.byte	0x4
 2471 0a1f 7E       		.byte	0x7e
 2472 0a20 1D       		.byte	0x1d
 2473 0a21 140A0000 		.4byte	0xa14
 2474 0a25 02       		.uleb128 0x2
 2475 0a26 33050000 		.4byte	.LASF157
 2476 0a2a 11       		.byte	0x11
 2477 0a2b 33       		.byte	0x33
 2478 0a2c 19       		.byte	0x19
 2479 0a2d FA060000 		.4byte	0x6fa
 2480 0a31 05       		.uleb128 0x5
 2481 0a32 250A0000 		.4byte	0xa25
 2482 0a36 07       		.uleb128 0x7
 2483 0a37 01       		.byte	0x1
 2484 0a38 02       		.byte	0x2
 2485 0a39 F7020000 		.4byte	.LASF158
 2486 0a3d 31       		.uleb128 0x31
 2487 0a3e 190A0000 		.4byte	0xa19
 2488 0a42 01       		.byte	0x1
 2489 0a43 4C       		.byte	0x4c
 2490 0a44 14       		.byte	0x14
 2491 0a45 05       		.uleb128 0x5
 2492 0a46 03       		.byte	0x3
 2493 0a47 00000000 		.4byte	ch_debug
 2494 0a4b 32       		.uleb128 0x32
 2495 0a4c DC080000 		.4byte	.LASF162
 2496 0a50 12       		.byte	0x12
 2497 0a51 24       		.byte	0x24
 2498 0a52 06       		.byte	0x6
 2499 0a53 34000000 		.4byte	0x34
 2500 0a57 660A0000 		.4byte	0xa66
 2501 0a5b 16       		.uleb128 0x16
 2502 0a5c C9000000 		.4byte	0xc9
 2503 0a60 16       		.uleb128 0x16
 2504 0a61 C9000000 		.4byte	0xc9
 2505 0a65 00       		.byte	0
 2506 0a66 33       		.uleb128 0x33
 2507 0a67 8C040000 		.4byte	.LASF174
 2508 0a6b 05       		.byte	0x5
ARM GAS  /tmp/ccM7HEsR.s 			page 45


 2509 0a6c C801     		.2byte	0x1c8
 2510 0a6e 08       		.byte	0x8
 2511 0a6f 790A0000 		.4byte	0xa79
 2512 0a73 16       		.uleb128 0x16
 2513 0a74 25060000 		.4byte	0x625
 2514 0a78 00       		.byte	0
 2515 0a79 34       		.uleb128 0x34
 2516 0a7a 8F080000 		.4byte	.LASF159
 2517 0a7e 01       		.byte	0x1
 2518 0a7f 1701     		.2byte	0x117
 2519 0a81 0B       		.byte	0xb
 2520 0a82 25060000 		.4byte	0x625
 2521 0a86 00000000 		.4byte	.LFB211
 2522 0a8a 94000000 		.4byte	.LFE211-.LFB211
 2523 0a8e 01       		.uleb128 0x1
 2524 0a8f 9C       		.byte	0x9c
 2525 0a90 240C0000 		.4byte	0xc24
 2526 0a94 35       		.uleb128 0x35
 2527 0a95 776100   		.ascii	"wa\000"
 2528 0a98 01       		.byte	0x1
 2529 0a99 1701     		.2byte	0x117
 2530 0a9b 33       		.byte	0x33
 2531 0a9c 39070000 		.4byte	0x739
 2532 0aa0 10000000 		.4byte	.LLST37
 2533 0aa4 0C000000 		.4byte	.LVUS37
 2534 0aa8 36       		.uleb128 0x36
 2535 0aa9 63747000 		.ascii	"ctp\000"
 2536 0aad 01       		.byte	0x1
 2537 0aae 1801     		.2byte	0x118
 2538 0ab0 0D       		.byte	0xd
 2539 0ab1 25060000 		.4byte	0x625
 2540 0ab5 2B000000 		.4byte	.LLST38
 2541 0ab9 21000000 		.4byte	.LVUS38
 2542 0abd 1F       		.uleb128 0x1f
 2543 0abe C60F0000 		.4byte	0xfc6
 2544 0ac2 00000000 		.4byte	.LBI220
 2545 0ac6 03       		.byte	.LVU272
 2546 0ac7 C6000000 		.4byte	.LLRL39
 2547 0acb 1B01     		.2byte	0x11b
 2548 0acd 3E0B0000 		.4byte	0xb3e
 2549 0ad1 0A       		.uleb128 0xa
 2550 0ad2 C6000000 		.4byte	.LLRL39
 2551 0ad6 04       		.uleb128 0x4
 2552 0ad7 D40F0000 		.4byte	0xfd4
 2553 0adb 4D000000 		.4byte	.LLST40
 2554 0adf 4B000000 		.4byte	.LVUS40
 2555 0ae3 04       		.uleb128 0x4
 2556 0ae4 DE0F0000 		.4byte	0xfde
 2557 0ae8 58000000 		.4byte	.LLST41
 2558 0aec 56000000 		.4byte	.LVUS41
 2559 0af0 09       		.uleb128 0x9
 2560 0af1 51100000 		.4byte	0x1051
 2561 0af5 00000000 		.4byte	.LBI222
 2562 0af9 07       		.byte	.LVU276
 2563 0afa D2000000 		.4byte	.LLRL42
 2564 0afe A2       		.byte	0xa2
 2565 0aff 03       		.byte	0x3
ARM GAS  /tmp/ccM7HEsR.s 			page 46


 2566 0b00 150B0000 		.4byte	0xb15
 2567 0b04 0B       		.uleb128 0xb
 2568 0b05 61100000 		.4byte	0x1061
 2569 0b09 00000000 		.4byte	.LBI223
 2570 0b0d 09       		.byte	.LVU278
 2571 0b0e D2000000 		.4byte	.LLRL42
 2572 0b12 7501     		.2byte	0x175
 2573 0b14 00       		.byte	0
 2574 0b15 17       		.uleb128 0x17
 2575 0b16 24100000 		.4byte	0x1024
 2576 0b1a 28000000 		.4byte	.LBI228
 2577 0b1e 01       		.byte	.LVU293
 2578 0b1f 28000000 		.4byte	.LBB228
 2579 0b23 04000000 		.4byte	.LBE228-.LBB228
 2580 0b27 0D       		.uleb128 0xd
 2581 0b28 59100000 		.4byte	0x1059
 2582 0b2c 28000000 		.4byte	.LBI230
 2583 0b30 08       		.byte	.LVU300
 2584 0b31 28000000 		.4byte	.LBB230
 2585 0b35 04000000 		.4byte	.LBE230-.LBB230
 2586 0b39 8E01     		.2byte	0x18e
 2587 0b3b 00       		.byte	0
 2588 0b3c 00       		.byte	0
 2589 0b3d 00       		.byte	0
 2590 0b3e 1F       		.uleb128 0x1f
 2591 0b3f 05100000 		.4byte	0x1005
 2592 0b43 2C000000 		.4byte	.LBI234
 2593 0b47 04       		.byte	.LVU306
 2594 0b48 DE000000 		.4byte	.LLRL43
 2595 0b4c 1D01     		.2byte	0x11d
 2596 0b4e 600B0000 		.4byte	0xb60
 2597 0b52 11       		.uleb128 0x11
 2598 0b53 17100000 		.4byte	0x1017
 2599 0b57 65000000 		.4byte	.LLST44
 2600 0b5b 61000000 		.4byte	.LVUS44
 2601 0b5f 00       		.byte	0
 2602 0b60 23       		.uleb128 0x23
 2603 0b61 6D0F0000 		.4byte	0xf6d
 2604 0b65 64000000 		.4byte	.LBI237
 2605 0b69 01       		.byte	.LVU334
 2606 0b6a EA000000 		.4byte	.LLRL45
 2607 0b6e 2001     		.2byte	0x120
 2608 0b70 11       		.uleb128 0x11
 2609 0b71 7B0F0000 		.4byte	0xf7b
 2610 0b75 7A000000 		.4byte	.LLST46
 2611 0b79 76000000 		.4byte	.LVUS46
 2612 0b7d 0A       		.uleb128 0xa
 2613 0b7e EA000000 		.4byte	.LLRL45
 2614 0b82 04       		.uleb128 0x4
 2615 0b83 860F0000 		.4byte	0xf86
 2616 0b87 90000000 		.4byte	.LLST47
 2617 0b8b 8A000000 		.4byte	.LVUS47
 2618 0b8f 04       		.uleb128 0x4
 2619 0b90 910F0000 		.4byte	0xf91
 2620 0b94 AA000000 		.4byte	.LLST48
 2621 0b98 A6000000 		.4byte	.LVUS48
 2622 0b9c 18       		.uleb128 0x18
ARM GAS  /tmp/ccM7HEsR.s 			page 47


 2623 0b9d A50F0000 		.4byte	0xfa5
 2624 0ba1 F6000000 		.4byte	.LLRL49
 2625 0ba5 B70B0000 		.4byte	0xbb7
 2626 0ba9 04       		.uleb128 0x4
 2627 0baa A60F0000 		.4byte	0xfa6
 2628 0bae BE000000 		.4byte	.LLST50
 2629 0bb2 BA000000 		.4byte	.LVUS50
 2630 0bb6 00       		.byte	0
 2631 0bb7 09       		.uleb128 0x9
 2632 0bb8 24100000 		.4byte	0x1024
 2633 0bbc 4C000000 		.4byte	.LBI240
 2634 0bc0 02       		.byte	.LVU313
 2635 0bc1 08010000 		.4byte	.LLRL51
 2636 0bc5 CD       		.byte	0xcd
 2637 0bc6 03       		.byte	0x3
 2638 0bc7 E20B0000 		.4byte	0xbe2
 2639 0bcb 0A       		.uleb128 0xa
 2640 0bcc 08010000 		.4byte	.LLRL51
 2641 0bd0 0B       		.uleb128 0xb
 2642 0bd1 59100000 		.4byte	0x1059
 2643 0bd5 4C000000 		.4byte	.LBI242
 2644 0bd9 09       		.byte	.LVU320
 2645 0bda 08010000 		.4byte	.LLRL51
 2646 0bde 8E01     		.2byte	0x18e
 2647 0be0 00       		.byte	0
 2648 0be1 00       		.byte	0
 2649 0be2 19       		.uleb128 0x19
 2650 0be3 51100000 		.4byte	0x1051
 2651 0be7 64000000 		.4byte	.LBI247
 2652 0beb 05       		.byte	.LVU338
 2653 0bec 64000000 		.4byte	.LBB247
 2654 0bf0 04000000 		.4byte	.LBE247-.LBB247
 2655 0bf4 BC       		.byte	0xbc
 2656 0bf5 03       		.byte	0x3
 2657 0bf6 0F0C0000 		.4byte	0xc0f
 2658 0bfa 0D       		.uleb128 0xd
 2659 0bfb 61100000 		.4byte	0x1061
 2660 0bff 64000000 		.4byte	.LBI248
 2661 0c03 07       		.byte	.LVU340
 2662 0c04 64000000 		.4byte	.LBB248
 2663 0c08 04000000 		.4byte	.LBE248-.LBB248
 2664 0c0c 7501     		.2byte	0x175
 2665 0c0e 00       		.byte	0
 2666 0c0f 1A       		.uleb128 0x1a
 2667 0c10 54000000 		.4byte	.LVL38
 2668 0c14 660A0000 		.4byte	0xa66
 2669 0c18 1A       		.uleb128 0x1a
 2670 0c19 80000000 		.4byte	.LVL43
 2671 0c1d 660A0000 		.4byte	0xa66
 2672 0c21 00       		.byte	0
 2673 0c22 00       		.byte	0
 2674 0c23 00       		.byte	0
 2675 0c24 24       		.uleb128 0x24
 2676 0c25 BB000000 		.4byte	.LASF160
 2677 0c29 FC       		.byte	0xfc
 2678 0c2a 25060000 		.4byte	0x625
 2679 0c2e 00000000 		.4byte	.LFB210
ARM GAS  /tmp/ccM7HEsR.s 			page 48


 2680 0c32 8C000000 		.4byte	.LFE210-.LFB210
 2681 0c36 01       		.uleb128 0x1
 2682 0c37 9C       		.byte	0x9c
 2683 0c38 A60D0000 		.4byte	0xda6
 2684 0c3c 37       		.uleb128 0x37
 2685 0c3d 747000   		.ascii	"tp\000"
 2686 0c40 01       		.byte	0x1
 2687 0c41 FC       		.byte	0xfc
 2688 0c42 2E       		.byte	0x2e
 2689 0c43 25060000 		.4byte	0x625
 2690 0c47 D2000000 		.4byte	.LLST24
 2691 0c4b CE000000 		.4byte	.LVUS24
 2692 0c4f 25       		.uleb128 0x25
 2693 0c50 63747000 		.ascii	"ctp\000"
 2694 0c54 FD       		.byte	0xfd
 2695 0c55 25060000 		.4byte	0x625
 2696 0c59 ED000000 		.4byte	.LLST25
 2697 0c5d E3000000 		.4byte	.LVUS25
 2698 0c61 1F       		.uleb128 0x1f
 2699 0c62 C60F0000 		.4byte	0xfc6
 2700 0c66 00000000 		.4byte	.LBI166
 2701 0c6a 03       		.byte	.LVU174
 2702 0c6b 84000000 		.4byte	.LLRL26
 2703 0c6f 0001     		.2byte	0x100
 2704 0c71 E20C0000 		.4byte	0xce2
 2705 0c75 0A       		.uleb128 0xa
 2706 0c76 84000000 		.4byte	.LLRL26
 2707 0c7a 04       		.uleb128 0x4
 2708 0c7b D40F0000 		.4byte	0xfd4
 2709 0c7f 0F010000 		.4byte	.LLST27
 2710 0c83 0D010000 		.4byte	.LVUS27
 2711 0c87 04       		.uleb128 0x4
 2712 0c88 DE0F0000 		.4byte	0xfde
 2713 0c8c 1A010000 		.4byte	.LLST28
 2714 0c90 18010000 		.4byte	.LVUS28
 2715 0c94 09       		.uleb128 0x9
 2716 0c95 51100000 		.4byte	0x1051
 2717 0c99 00000000 		.4byte	.LBI168
 2718 0c9d 07       		.byte	.LVU178
 2719 0c9e 90000000 		.4byte	.LLRL29
 2720 0ca2 A2       		.byte	0xa2
 2721 0ca3 03       		.byte	0x3
 2722 0ca4 B90C0000 		.4byte	0xcb9
 2723 0ca8 0B       		.uleb128 0xb
 2724 0ca9 61100000 		.4byte	0x1061
 2725 0cad 00000000 		.4byte	.LBI169
 2726 0cb1 09       		.byte	.LVU180
 2727 0cb2 90000000 		.4byte	.LLRL29
 2728 0cb6 7501     		.2byte	0x175
 2729 0cb8 00       		.byte	0
 2730 0cb9 17       		.uleb128 0x17
 2731 0cba 24100000 		.4byte	0x1024
 2732 0cbe 28000000 		.4byte	.LBI174
 2733 0cc2 01       		.byte	.LVU195
 2734 0cc3 28000000 		.4byte	.LBB174
 2735 0cc7 04000000 		.4byte	.LBE174-.LBB174
 2736 0ccb 0D       		.uleb128 0xd
ARM GAS  /tmp/ccM7HEsR.s 			page 49


 2737 0ccc 59100000 		.4byte	0x1059
 2738 0cd0 28000000 		.4byte	.LBI176
 2739 0cd4 08       		.byte	.LVU202
 2740 0cd5 28000000 		.4byte	.LBB176
 2741 0cd9 04000000 		.4byte	.LBE176-.LBB176
 2742 0cdd 8E01     		.2byte	0x18e
 2743 0cdf 00       		.byte	0
 2744 0ce0 00       		.byte	0
 2745 0ce1 00       		.byte	0
 2746 0ce2 23       		.uleb128 0x23
 2747 0ce3 6D0F0000 		.4byte	0xf6d
 2748 0ce7 5C000000 		.4byte	.LBI180
 2749 0ceb 01       		.byte	.LVU230
 2750 0cec 9C000000 		.4byte	.LLRL30
 2751 0cf0 0501     		.2byte	0x105
 2752 0cf2 11       		.uleb128 0x11
 2753 0cf3 7B0F0000 		.4byte	0xf7b
 2754 0cf7 27010000 		.4byte	.LLST31
 2755 0cfb 23010000 		.4byte	.LVUS31
 2756 0cff 0A       		.uleb128 0xa
 2757 0d00 9C000000 		.4byte	.LLRL30
 2758 0d04 04       		.uleb128 0x4
 2759 0d05 860F0000 		.4byte	0xf86
 2760 0d09 3D010000 		.4byte	.LLST32
 2761 0d0d 37010000 		.4byte	.LVUS32
 2762 0d11 04       		.uleb128 0x4
 2763 0d12 910F0000 		.4byte	0xf91
 2764 0d16 5B010000 		.4byte	.LLST33
 2765 0d1a 53010000 		.4byte	.LVUS33
 2766 0d1e 18       		.uleb128 0x18
 2767 0d1f A50F0000 		.4byte	0xfa5
 2768 0d23 A8000000 		.4byte	.LLRL34
 2769 0d27 390D0000 		.4byte	0xd39
 2770 0d2b 04       		.uleb128 0x4
 2771 0d2c A60F0000 		.4byte	0xfa6
 2772 0d30 81010000 		.4byte	.LLST35
 2773 0d34 79010000 		.4byte	.LVUS35
 2774 0d38 00       		.byte	0
 2775 0d39 09       		.uleb128 0x9
 2776 0d3a 24100000 		.4byte	0x1024
 2777 0d3e 48000000 		.4byte	.LBI183
 2778 0d42 02       		.byte	.LVU212
 2779 0d43 BA000000 		.4byte	.LLRL36
 2780 0d47 CD       		.byte	0xcd
 2781 0d48 03       		.byte	0x3
 2782 0d49 640D0000 		.4byte	0xd64
 2783 0d4d 0A       		.uleb128 0xa
 2784 0d4e BA000000 		.4byte	.LLRL36
 2785 0d52 0B       		.uleb128 0xb
 2786 0d53 59100000 		.4byte	0x1059
 2787 0d57 48000000 		.4byte	.LBI185
 2788 0d5b 09       		.byte	.LVU219
 2789 0d5c BA000000 		.4byte	.LLRL36
 2790 0d60 8E01     		.2byte	0x18e
 2791 0d62 00       		.byte	0
 2792 0d63 00       		.byte	0
 2793 0d64 19       		.uleb128 0x19
ARM GAS  /tmp/ccM7HEsR.s 			page 50


 2794 0d65 51100000 		.4byte	0x1051
 2795 0d69 5C000000 		.4byte	.LBI190
 2796 0d6d 05       		.byte	.LVU234
 2797 0d6e 5C000000 		.4byte	.LBB190
 2798 0d72 04000000 		.4byte	.LBE190-.LBB190
 2799 0d76 BC       		.byte	0xbc
 2800 0d77 03       		.byte	0x3
 2801 0d78 910D0000 		.4byte	0xd91
 2802 0d7c 0D       		.uleb128 0xd
 2803 0d7d 61100000 		.4byte	0x1061
 2804 0d81 5C000000 		.4byte	.LBI191
 2805 0d85 07       		.byte	.LVU236
 2806 0d86 5C000000 		.4byte	.LBB191
 2807 0d8a 04000000 		.4byte	.LBE191-.LBB191
 2808 0d8e 7501     		.2byte	0x175
 2809 0d90 00       		.byte	0
 2810 0d91 1A       		.uleb128 0x1a
 2811 0d92 50000000 		.4byte	.LVL25
 2812 0d96 660A0000 		.4byte	0xa66
 2813 0d9a 1A       		.uleb128 0x1a
 2814 0d9b 78000000 		.4byte	.LVL30
 2815 0d9f 660A0000 		.4byte	0xa66
 2816 0da3 00       		.byte	0
 2817 0da4 00       		.byte	0
 2818 0da5 00       		.byte	0
 2819 0da6 24       		.uleb128 0x24
 2820 0da7 DA060000 		.4byte	.LASF161
 2821 0dab E1       		.byte	0xe1
 2822 0dac 25060000 		.4byte	0x625
 2823 0db0 00000000 		.4byte	.LFB209
 2824 0db4 8C000000 		.4byte	.LFE209-.LFB209
 2825 0db8 01       		.uleb128 0x1
 2826 0db9 9C       		.byte	0x9c
 2827 0dba 6D0F0000 		.4byte	0xf6d
 2828 0dbe 38       		.uleb128 0x38
 2829 0dbf 97060000 		.4byte	.LASF39
 2830 0dc3 01       		.byte	0x1
 2831 0dc4 E1       		.byte	0xe1
 2832 0dc5 2D       		.byte	0x2d
 2833 0dc6 C9000000 		.4byte	0xc9
 2834 0dca A3010000 		.4byte	.LLST9
 2835 0dce 9F010000 		.4byte	.LVUS9
 2836 0dd2 25       		.uleb128 0x25
 2837 0dd3 63747000 		.ascii	"ctp\000"
 2838 0dd7 E2       		.byte	0xe2
 2839 0dd8 25060000 		.4byte	0x625
 2840 0ddc BC010000 		.4byte	.LLST10
 2841 0de0 B4010000 		.4byte	.LVUS10
 2842 0de4 09       		.uleb128 0x9
 2843 0de5 C60F0000 		.4byte	0xfc6
 2844 0de9 00000000 		.4byte	.LBI107
 2845 0ded 03       		.byte	.LVU74
 2846 0dee 33000000 		.4byte	.LLRL11
 2847 0df2 E5       		.byte	0xe5
 2848 0df3 09       		.byte	0x9
 2849 0df4 650E0000 		.4byte	0xe65
 2850 0df8 0A       		.uleb128 0xa
ARM GAS  /tmp/ccM7HEsR.s 			page 51


 2851 0df9 33000000 		.4byte	.LLRL11
 2852 0dfd 04       		.uleb128 0x4
 2853 0dfe D40F0000 		.4byte	0xfd4
 2854 0e02 D9010000 		.4byte	.LLST12
 2855 0e06 D7010000 		.4byte	.LVUS12
 2856 0e0a 04       		.uleb128 0x4
 2857 0e0b DE0F0000 		.4byte	0xfde
 2858 0e0f E4010000 		.4byte	.LLST13
 2859 0e13 E2010000 		.4byte	.LVUS13
 2860 0e17 09       		.uleb128 0x9
 2861 0e18 51100000 		.4byte	0x1051
 2862 0e1c 00000000 		.4byte	.LBI109
 2863 0e20 07       		.byte	.LVU78
 2864 0e21 3F000000 		.4byte	.LLRL14
 2865 0e25 A2       		.byte	0xa2
 2866 0e26 03       		.byte	0x3
 2867 0e27 3C0E0000 		.4byte	0xe3c
 2868 0e2b 0B       		.uleb128 0xb
 2869 0e2c 61100000 		.4byte	0x1061
 2870 0e30 00000000 		.4byte	.LBI110
 2871 0e34 09       		.byte	.LVU80
 2872 0e35 3F000000 		.4byte	.LLRL14
 2873 0e39 7501     		.2byte	0x175
 2874 0e3b 00       		.byte	0
 2875 0e3c 17       		.uleb128 0x17
 2876 0e3d 24100000 		.4byte	0x1024
 2877 0e41 28000000 		.4byte	.LBI115
 2878 0e45 01       		.byte	.LVU95
 2879 0e46 28000000 		.4byte	.LBB115
 2880 0e4a 04000000 		.4byte	.LBE115-.LBB115
 2881 0e4e 0D       		.uleb128 0xd
 2882 0e4f 59100000 		.4byte	0x1059
 2883 0e53 28000000 		.4byte	.LBI117
 2884 0e57 08       		.byte	.LVU102
 2885 0e58 28000000 		.4byte	.LBB117
 2886 0e5c 04000000 		.4byte	.LBE117-.LBB117
 2887 0e60 8E01     		.2byte	0x18e
 2888 0e62 00       		.byte	0
 2889 0e63 00       		.byte	0
 2890 0e64 00       		.byte	0
 2891 0e65 09       		.uleb128 0x9
 2892 0e66 6D0F0000 		.4byte	0xf6d
 2893 0e6a 58000000 		.4byte	.LBI121
 2894 0e6e 01       		.byte	.LVU131
 2895 0e6f 4B000000 		.4byte	.LLRL15
 2896 0e73 EA       		.byte	0xea
 2897 0e74 0B       		.byte	0xb
 2898 0e75 360F0000 		.4byte	0xf36
 2899 0e79 11       		.uleb128 0x11
 2900 0e7a 7B0F0000 		.4byte	0xf7b
 2901 0e7e F1010000 		.4byte	.LLST16
 2902 0e82 ED010000 		.4byte	.LVUS16
 2903 0e86 0A       		.uleb128 0xa
 2904 0e87 4B000000 		.4byte	.LLRL15
 2905 0e8b 04       		.uleb128 0x4
 2906 0e8c 860F0000 		.4byte	0xf86
 2907 0e90 07020000 		.4byte	.LLST17
ARM GAS  /tmp/ccM7HEsR.s 			page 52


 2908 0e94 01020000 		.4byte	.LVUS17
 2909 0e98 04       		.uleb128 0x4
 2910 0e99 910F0000 		.4byte	0xf91
 2911 0e9d 25020000 		.4byte	.LLST18
 2912 0ea1 1D020000 		.4byte	.LVUS18
 2913 0ea5 18       		.uleb128 0x18
 2914 0ea6 A50F0000 		.4byte	0xfa5
 2915 0eaa 5A000000 		.4byte	.LLRL19
 2916 0eae C00E0000 		.4byte	0xec0
 2917 0eb2 04       		.uleb128 0x4
 2918 0eb3 A60F0000 		.4byte	0xfa6
 2919 0eb7 4B020000 		.4byte	.LLST20
 2920 0ebb 43020000 		.4byte	.LVUS20
 2921 0ebf 00       		.byte	0
 2922 0ec0 09       		.uleb128 0x9
 2923 0ec1 24100000 		.4byte	0x1024
 2924 0ec5 3C000000 		.4byte	.LBI124
 2925 0ec9 02       		.byte	.LVU110
 2926 0eca 6C000000 		.4byte	.LLRL21
 2927 0ece CD       		.byte	0xcd
 2928 0ecf 03       		.byte	0x3
 2929 0ed0 EB0E0000 		.4byte	0xeeb
 2930 0ed4 0A       		.uleb128 0xa
 2931 0ed5 6C000000 		.4byte	.LLRL21
 2932 0ed9 0B       		.uleb128 0xb
 2933 0eda 59100000 		.4byte	0x1059
 2934 0ede 3C000000 		.4byte	.LBI126
 2935 0ee2 09       		.byte	.LVU117
 2936 0ee3 6C000000 		.4byte	.LLRL21
 2937 0ee7 8E01     		.2byte	0x18e
 2938 0ee9 00       		.byte	0
 2939 0eea 00       		.byte	0
 2940 0eeb 09       		.uleb128 0x9
 2941 0eec 51100000 		.4byte	0x1051
 2942 0ef0 58000000 		.4byte	.LBI131
 2943 0ef4 05       		.byte	.LVU135
 2944 0ef5 78000000 		.4byte	.LLRL22
 2945 0ef9 BC       		.byte	0xbc
 2946 0efa 03       		.byte	0x3
 2947 0efb 100F0000 		.4byte	0xf10
 2948 0eff 0B       		.uleb128 0xb
 2949 0f00 61100000 		.4byte	0x1061
 2950 0f04 58000000 		.4byte	.LBI132
 2951 0f08 07       		.byte	.LVU137
 2952 0f09 78000000 		.4byte	.LLRL22
 2953 0f0d 7501     		.2byte	0x175
 2954 0f0f 00       		.byte	0
 2955 0f10 39       		.uleb128 0x39
 2956 0f11 48000000 		.4byte	.LVL12
 2957 0f15 660A0000 		.4byte	0xa66
 2958 0f19 240F0000 		.4byte	0xf24
 2959 0f1d 1B       		.uleb128 0x1b
 2960 0f1e 01       		.uleb128 0x1
 2961 0f1f 50       		.byte	0x50
 2962 0f20 02       		.uleb128 0x2
 2963 0f21 74       		.byte	0x74
 2964 0f22 00       		.sleb128 0
ARM GAS  /tmp/ccM7HEsR.s 			page 53


 2965 0f23 00       		.byte	0
 2966 0f24 20       		.uleb128 0x20
 2967 0f25 80000000 		.4byte	.LVL18
 2968 0f29 660A0000 		.4byte	0xa66
 2969 0f2d 1B       		.uleb128 0x1b
 2970 0f2e 01       		.uleb128 0x1
 2971 0f2f 50       		.byte	0x50
 2972 0f30 02       		.uleb128 0x2
 2973 0f31 74       		.byte	0x74
 2974 0f32 00       		.sleb128 0
 2975 0f33 00       		.byte	0
 2976 0f34 00       		.byte	0
 2977 0f35 00       		.byte	0
 2978 0f36 19       		.uleb128 0x19
 2979 0f37 E80F0000 		.4byte	0xfe8
 2980 0f3b 4C000000 		.4byte	.LBI143
 2981 0f3f 02       		.byte	.LVU126
 2982 0f40 4C000000 		.4byte	.LBB143
 2983 0f44 00000000 		.4byte	.LBE143-.LBB143
 2984 0f48 E7       		.byte	0xe7
 2985 0f49 09       		.byte	0x9
 2986 0f4a 5C0F0000 		.4byte	0xf5c
 2987 0f4e 11       		.uleb128 0x11
 2988 0f4f F90F0000 		.4byte	0xff9
 2989 0f53 6B020000 		.4byte	.LLST23
 2990 0f57 69020000 		.4byte	.LVUS23
 2991 0f5b 00       		.byte	0
 2992 0f5c 20       		.uleb128 0x20
 2993 0f5d 58000000 		.4byte	.LVL14
 2994 0f61 4B0A0000 		.4byte	0xa4b
 2995 0f65 1B       		.uleb128 0x1b
 2996 0f66 01       		.uleb128 0x1
 2997 0f67 51       		.byte	0x51
 2998 0f68 02       		.uleb128 0x2
 2999 0f69 77       		.byte	0x77
 3000 0f6a 00       		.sleb128 0
 3001 0f6b 00       		.byte	0
 3002 0f6c 00       		.byte	0
 3003 0f6d 26       		.uleb128 0x26
 3004 0f6e 45040000 		.4byte	.LASF163
 3005 0f72 B8       		.byte	0xb8
 3006 0f73 25060000 		.4byte	0x625
 3007 0f77 B10F0000 		.4byte	0xfb1
 3008 0f7b 27       		.uleb128 0x27
 3009 0f7c 747000   		.ascii	"tp\000"
 3010 0f7f 01       		.byte	0x1
 3011 0f80 B8       		.byte	0xb8
 3012 0f81 25       		.byte	0x25
 3013 0f82 25060000 		.4byte	0x625
 3014 0f86 13       		.uleb128 0x13
 3015 0f87 6E747000 		.ascii	"ntp\000"
 3016 0f8b B9       		.byte	0xb9
 3017 0f8c 0D       		.byte	0xd
 3018 0f8d 25060000 		.4byte	0x625
 3019 0f91 13       		.uleb128 0x13
 3020 0f92 6E717000 		.ascii	"nqp\000"
 3021 0f96 BA       		.byte	0xba
ARM GAS  /tmp/ccM7HEsR.s 			page 54


 3022 0f97 0F       		.byte	0xf
 3023 0f98 E8040000 		.4byte	0x4e8
 3024 0f9c 28       		.uleb128 0x28
 3025 0f9d 7D080000 		.4byte	.LASF167
 3026 0fa1 C10F0000 		.4byte	0xfc1
 3027 0fa5 3A       		.uleb128 0x3a
 3028 0fa6 13       		.uleb128 0x13
 3029 0fa7 7000     		.ascii	"p\000"
 3030 0fa9 C4       		.byte	0xc4
 3031 0faa 0E       		.byte	0xe
 3032 0fab B2030000 		.4byte	0x3b2
 3033 0faf 00       		.byte	0
 3034 0fb0 00       		.byte	0
 3035 0fb1 0F       		.uleb128 0xf
 3036 0fb2 C4000000 		.4byte	0xc4
 3037 0fb6 C10F0000 		.4byte	0xfc1
 3038 0fba 10       		.uleb128 0x10
 3039 0fbb 2D000000 		.4byte	0x2d
 3040 0fbf 0F       		.byte	0xf
 3041 0fc0 00       		.byte	0
 3042 0fc1 12       		.uleb128 0x12
 3043 0fc2 B10F0000 		.4byte	0xfb1
 3044 0fc6 26       		.uleb128 0x26
 3045 0fc7 D2070000 		.4byte	.LASF164
 3046 0fcb 9E       		.byte	0x9e
 3047 0fcc 25060000 		.4byte	0x625
 3048 0fd0 E80F0000 		.4byte	0xfe8
 3049 0fd4 13       		.uleb128 0x13
 3050 0fd5 747000   		.ascii	"tp\000"
 3051 0fd8 9F       		.byte	0x9f
 3052 0fd9 0D       		.byte	0xd
 3053 0fda 25060000 		.4byte	0x625
 3054 0fde 13       		.uleb128 0x13
 3055 0fdf 7000     		.ascii	"p\000"
 3056 0fe1 A0       		.byte	0xa0
 3057 0fe2 0C       		.byte	0xc
 3058 0fe3 B2030000 		.4byte	0x3b2
 3059 0fe7 00       		.byte	0
 3060 0fe8 3B       		.uleb128 0x3b
 3061 0fe9 AE030000 		.4byte	.LASF165
 3062 0fed 04       		.byte	0x4
 3063 0fee B8       		.byte	0xb8
 3064 0fef 1B       		.byte	0x1b
 3065 0ff0 C9000000 		.4byte	0xc9
 3066 0ff4 03       		.byte	0x3
 3067 0ff5 05100000 		.4byte	0x1005
 3068 0ff9 27       		.uleb128 0x27
 3069 0ffa 747000   		.ascii	"tp\000"
 3070 0ffd 04       		.byte	0x4
 3071 0ffe B8       		.byte	0xb8
 3072 0fff 39       		.byte	0x39
 3073 1000 25060000 		.4byte	0x625
 3074 1004 00       		.byte	0
 3075 1005 3C       		.uleb128 0x3c
 3076 1006 20030000 		.4byte	.LASF166
 3077 100a 05       		.byte	0x5
 3078 100b 3902     		.2byte	0x239
ARM GAS  /tmp/ccM7HEsR.s 			page 55


 3079 100d 1A       		.byte	0x1a
 3080 100e 39070000 		.4byte	0x739
 3081 1012 03       		.byte	0x3
 3082 1013 24100000 		.4byte	0x1024
 3083 1017 3D       		.uleb128 0x3d
 3084 1018 747000   		.ascii	"tp\000"
 3085 101b 05       		.byte	0x5
 3086 101c 3902     		.2byte	0x239
 3087 101e 39       		.byte	0x39
 3088 101f 25060000 		.4byte	0x625
 3089 1023 00       		.byte	0
 3090 1024 3E       		.uleb128 0x3e
 3091 1025 55040000 		.4byte	.LASF175
 3092 1029 02       		.byte	0x2
 3093 102a 8101     		.2byte	0x181
 3094 102c 14       		.byte	0x14
 3095 102d 03       		.byte	0x3
 3096 102e 3C100000 		.4byte	0x103c
 3097 1032 28       		.uleb128 0x28
 3098 1033 7D080000 		.4byte	.LASF167
 3099 1037 4C100000 		.4byte	0x104c
 3100 103b 00       		.byte	0
 3101 103c 0F       		.uleb128 0xf
 3102 103d C4000000 		.4byte	0xc4
 3103 1041 4C100000 		.4byte	0x104c
 3104 1045 10       		.uleb128 0x10
 3105 1046 2D000000 		.4byte	0x2d
 3106 104a 0B       		.byte	0xb
 3107 104b 00       		.byte	0
 3108 104c 12       		.uleb128 0x12
 3109 104d 3C100000 		.4byte	0x103c
 3110 1051 21       		.uleb128 0x21
 3111 1052 4C030000 		.4byte	.LASF168
 3112 1056 02       		.byte	0x2
 3113 1057 7301     		.2byte	0x173
 3114 1059 21       		.uleb128 0x21
 3115 105a 3C010000 		.4byte	.LASF169
 3116 105e 03       		.byte	0x3
 3117 105f EF02     		.2byte	0x2ef
 3118 1061 21       		.uleb128 0x21
 3119 1062 1E010000 		.4byte	.LASF170
 3120 1066 03       		.byte	0x3
 3121 1067 E302     		.2byte	0x2e3
 3122 1069 3F       		.uleb128 0x3f
 3123 106a C60F0000 		.4byte	0xfc6
 3124 106e 00000000 		.4byte	.LFB207
 3125 1072 28000000 		.4byte	.LFE207-.LFB207
 3126 1076 01       		.uleb128 0x1
 3127 1077 9C       		.byte	0x9c
 3128 1078 EB100000 		.4byte	0x10eb
 3129 107c 04       		.uleb128 0x4
 3130 107d D40F0000 		.4byte	0xfd4
 3131 1081 78020000 		.4byte	.LLST0
 3132 1085 74020000 		.4byte	.LVUS0
 3133 1089 04       		.uleb128 0x4
 3134 108a DE0F0000 		.4byte	0xfde
 3135 108e 8E020000 		.4byte	.LLST1
ARM GAS  /tmp/ccM7HEsR.s 			page 56


 3136 1092 8A020000 		.4byte	.LVUS1
 3137 1096 19       		.uleb128 0x19
 3138 1097 51100000 		.4byte	0x1051
 3139 109b 00000000 		.4byte	.LBI54
 3140 109f 04       		.byte	.LVU4
 3141 10a0 00000000 		.4byte	.LBB54
 3142 10a4 04000000 		.4byte	.LBE54-.LBB54
 3143 10a8 A2       		.byte	0xa2
 3144 10a9 03       		.byte	0x3
 3145 10aa C3100000 		.4byte	0x10c3
 3146 10ae 0D       		.uleb128 0xd
 3147 10af 61100000 		.4byte	0x1061
 3148 10b3 00000000 		.4byte	.LBI55
 3149 10b7 06       		.byte	.LVU6
 3150 10b8 00000000 		.4byte	.LBB55
 3151 10bc 04000000 		.4byte	.LBE55-.LBB55
 3152 10c0 7501     		.2byte	0x175
 3153 10c2 00       		.byte	0
 3154 10c3 17       		.uleb128 0x17
 3155 10c4 24100000 		.4byte	0x1024
 3156 10c8 1C000000 		.4byte	.LBI57
 3157 10cc 01       		.byte	.LVU16
 3158 10cd 1C000000 		.4byte	.LBB57
 3159 10d1 04000000 		.4byte	.LBE57-.LBB57
 3160 10d5 0D       		.uleb128 0xd
 3161 10d6 59100000 		.4byte	0x1059
 3162 10da 1C000000 		.4byte	.LBI59
 3163 10de 08       		.byte	.LVU23
 3164 10df 1C000000 		.4byte	.LBB59
 3165 10e3 04000000 		.4byte	.LBE59-.LBB59
 3166 10e7 8E01     		.2byte	0x18e
 3167 10e9 00       		.byte	0
 3168 10ea 00       		.byte	0
 3169 10eb 40       		.uleb128 0x40
 3170 10ec 6D0F0000 		.4byte	0xf6d
 3171 10f0 00000000 		.4byte	.LFB208
 3172 10f4 3C000000 		.4byte	.LFE208-.LFB208
 3173 10f8 01       		.uleb128 0x1
 3174 10f9 9C       		.byte	0x9c
 3175 10fa 11       		.uleb128 0x11
 3176 10fb 7B0F0000 		.4byte	0xf7b
 3177 10ff A4020000 		.4byte	.LLST2
 3178 1103 A0020000 		.4byte	.LVUS2
 3179 1107 04       		.uleb128 0x4
 3180 1108 860F0000 		.4byte	0xf86
 3181 110c BF020000 		.4byte	.LLST3
 3182 1110 BD020000 		.4byte	.LVUS3
 3183 1114 04       		.uleb128 0x4
 3184 1115 910F0000 		.4byte	0xf91
 3185 1119 CA020000 		.4byte	.LLST4
 3186 111d C8020000 		.4byte	.LVUS4
 3187 1121 09       		.uleb128 0x9
 3188 1122 51100000 		.4byte	0x1051
 3189 1126 00000000 		.4byte	.LBI69
 3190 112a 04       		.byte	.LVU32
 3191 112b 0C000000 		.4byte	.LLRL5
 3192 112f BC       		.byte	0xbc
ARM GAS  /tmp/ccM7HEsR.s 			page 57


 3193 1130 03       		.byte	0x3
 3194 1131 46110000 		.4byte	0x1146
 3195 1135 0B       		.uleb128 0xb
 3196 1136 61100000 		.4byte	0x1061
 3197 113a 00000000 		.4byte	.LBI70
 3198 113e 06       		.byte	.LVU34
 3199 113f 0C000000 		.4byte	.LLRL5
 3200 1143 7501     		.2byte	0x175
 3201 1145 00       		.byte	0
 3202 1146 18       		.uleb128 0x18
 3203 1147 A50F0000 		.4byte	0xfa5
 3204 114b 18000000 		.4byte	.LLRL6
 3205 114f 61110000 		.4byte	0x1161
 3206 1153 04       		.uleb128 0x4
 3207 1154 A60F0000 		.4byte	0xfa6
 3208 1158 D5020000 		.4byte	.LLST7
 3209 115c D3020000 		.4byte	.LVUS7
 3210 1160 00       		.byte	0
 3211 1161 09       		.uleb128 0x9
 3212 1162 24100000 		.4byte	0x1024
 3213 1166 24000000 		.4byte	.LBI77
 3214 116a 06       		.byte	.LVU57
 3215 116b 27000000 		.4byte	.LLRL8
 3216 116f CD       		.byte	0xcd
 3217 1170 03       		.byte	0x3
 3218 1171 8C110000 		.4byte	0x118c
 3219 1175 0A       		.uleb128 0xa
 3220 1176 27000000 		.4byte	.LLRL8
 3221 117a 0B       		.uleb128 0xb
 3222 117b 59100000 		.4byte	0x1059
 3223 117f 24000000 		.4byte	.LBI79
 3224 1183 0D       		.byte	.LVU64
 3225 1184 27000000 		.4byte	.LLRL8
 3226 1188 8E01     		.2byte	0x18e
 3227 118a 00       		.byte	0
 3228 118b 00       		.byte	0
 3229 118c 20       		.uleb128 0x20
 3230 118d 30000000 		.4byte	.LVL6
 3231 1191 660A0000 		.4byte	0xa66
 3232 1195 1B       		.uleb128 0x1b
 3233 1196 01       		.uleb128 0x1
 3234 1197 50       		.byte	0x50
 3235 1198 09       		.uleb128 0x9
 3236 1199 A3       		.byte	0xa3
 3237 119a 03       		.uleb128 0x3
 3238 119b A5       		.byte	0xa5
 3239 119c 00       		.uleb128 0
 3240 119d 26       		.uleb128 0x26
 3241 119e A8       		.byte	0xa8
 3242 119f 2D       		.uleb128 0x2d
 3243 11a0 A8       		.byte	0xa8
 3244 11a1 00       		.uleb128 0
 3245 11a2 00       		.byte	0
 3246 11a3 00       		.byte	0
 3247 11a4 00       		.byte	0
 3248              		.section	.debug_abbrev,"",%progbits
 3249              	.Ldebug_abbrev0:
ARM GAS  /tmp/ccM7HEsR.s 			page 58


 3250 0000 01       		.uleb128 0x1
 3251 0001 0D       		.uleb128 0xd
 3252 0002 00       		.byte	0
 3253 0003 03       		.uleb128 0x3
 3254 0004 0E       		.uleb128 0xe
 3255 0005 3A       		.uleb128 0x3a
 3256 0006 0B       		.uleb128 0xb
 3257 0007 3B       		.uleb128 0x3b
 3258 0008 0B       		.uleb128 0xb
 3259 0009 39       		.uleb128 0x39
 3260 000a 0B       		.uleb128 0xb
 3261 000b 49       		.uleb128 0x49
 3262 000c 13       		.uleb128 0x13
 3263 000d 38       		.uleb128 0x38
 3264 000e 0B       		.uleb128 0xb
 3265 000f 00       		.byte	0
 3266 0010 00       		.byte	0
 3267 0011 02       		.uleb128 0x2
 3268 0012 16       		.uleb128 0x16
 3269 0013 00       		.byte	0
 3270 0014 03       		.uleb128 0x3
 3271 0015 0E       		.uleb128 0xe
 3272 0016 3A       		.uleb128 0x3a
 3273 0017 0B       		.uleb128 0xb
 3274 0018 3B       		.uleb128 0x3b
 3275 0019 0B       		.uleb128 0xb
 3276 001a 39       		.uleb128 0x39
 3277 001b 0B       		.uleb128 0xb
 3278 001c 49       		.uleb128 0x49
 3279 001d 13       		.uleb128 0x13
 3280 001e 00       		.byte	0
 3281 001f 00       		.byte	0
 3282 0020 03       		.uleb128 0x3
 3283 0021 0D       		.uleb128 0xd
 3284 0022 00       		.byte	0
 3285 0023 03       		.uleb128 0x3
 3286 0024 0E       		.uleb128 0xe
 3287 0025 3A       		.uleb128 0x3a
 3288 0026 0B       		.uleb128 0xb
 3289 0027 3B       		.uleb128 0x3b
 3290 0028 05       		.uleb128 0x5
 3291 0029 39       		.uleb128 0x39
 3292 002a 0B       		.uleb128 0xb
 3293 002b 49       		.uleb128 0x49
 3294 002c 13       		.uleb128 0x13
 3295 002d 38       		.uleb128 0x38
 3296 002e 0B       		.uleb128 0xb
 3297 002f 00       		.byte	0
 3298 0030 00       		.byte	0
 3299 0031 04       		.uleb128 0x4
 3300 0032 34       		.uleb128 0x34
 3301 0033 00       		.byte	0
 3302 0034 31       		.uleb128 0x31
 3303 0035 13       		.uleb128 0x13
 3304 0036 02       		.uleb128 0x2
 3305 0037 17       		.uleb128 0x17
 3306 0038 B742     		.uleb128 0x2137
ARM GAS  /tmp/ccM7HEsR.s 			page 59


 3307 003a 17       		.uleb128 0x17
 3308 003b 00       		.byte	0
 3309 003c 00       		.byte	0
 3310 003d 05       		.uleb128 0x5
 3311 003e 0F       		.uleb128 0xf
 3312 003f 00       		.byte	0
 3313 0040 0B       		.uleb128 0xb
 3314 0041 21       		.uleb128 0x21
 3315 0042 04       		.sleb128 4
 3316 0043 49       		.uleb128 0x49
 3317 0044 13       		.uleb128 0x13
 3318 0045 00       		.byte	0
 3319 0046 00       		.byte	0
 3320 0047 06       		.uleb128 0x6
 3321 0048 0D       		.uleb128 0xd
 3322 0049 00       		.byte	0
 3323 004a 03       		.uleb128 0x3
 3324 004b 08       		.uleb128 0x8
 3325 004c 3A       		.uleb128 0x3a
 3326 004d 0B       		.uleb128 0xb
 3327 004e 3B       		.uleb128 0x3b
 3328 004f 05       		.uleb128 0x5
 3329 0050 39       		.uleb128 0x39
 3330 0051 0B       		.uleb128 0xb
 3331 0052 49       		.uleb128 0x49
 3332 0053 13       		.uleb128 0x13
 3333 0054 38       		.uleb128 0x38
 3334 0055 0B       		.uleb128 0xb
 3335 0056 00       		.byte	0
 3336 0057 00       		.byte	0
 3337 0058 07       		.uleb128 0x7
 3338 0059 24       		.uleb128 0x24
 3339 005a 00       		.byte	0
 3340 005b 0B       		.uleb128 0xb
 3341 005c 0B       		.uleb128 0xb
 3342 005d 3E       		.uleb128 0x3e
 3343 005e 0B       		.uleb128 0xb
 3344 005f 03       		.uleb128 0x3
 3345 0060 0E       		.uleb128 0xe
 3346 0061 00       		.byte	0
 3347 0062 00       		.byte	0
 3348 0063 08       		.uleb128 0x8
 3349 0064 13       		.uleb128 0x13
 3350 0065 01       		.byte	0x1
 3351 0066 03       		.uleb128 0x3
 3352 0067 0E       		.uleb128 0xe
 3353 0068 0B       		.uleb128 0xb
 3354 0069 0B       		.uleb128 0xb
 3355 006a 3A       		.uleb128 0x3a
 3356 006b 0B       		.uleb128 0xb
 3357 006c 3B       		.uleb128 0x3b
 3358 006d 0B       		.uleb128 0xb
 3359 006e 39       		.uleb128 0x39
 3360 006f 0B       		.uleb128 0xb
 3361 0070 01       		.uleb128 0x1
 3362 0071 13       		.uleb128 0x13
 3363 0072 00       		.byte	0
ARM GAS  /tmp/ccM7HEsR.s 			page 60


 3364 0073 00       		.byte	0
 3365 0074 09       		.uleb128 0x9
 3366 0075 1D       		.uleb128 0x1d
 3367 0076 01       		.byte	0x1
 3368 0077 31       		.uleb128 0x31
 3369 0078 13       		.uleb128 0x13
 3370 0079 52       		.uleb128 0x52
 3371 007a 01       		.uleb128 0x1
 3372 007b B842     		.uleb128 0x2138
 3373 007d 0B       		.uleb128 0xb
 3374 007e 55       		.uleb128 0x55
 3375 007f 17       		.uleb128 0x17
 3376 0080 58       		.uleb128 0x58
 3377 0081 21       		.uleb128 0x21
 3378 0082 01       		.sleb128 1
 3379 0083 59       		.uleb128 0x59
 3380 0084 0B       		.uleb128 0xb
 3381 0085 57       		.uleb128 0x57
 3382 0086 0B       		.uleb128 0xb
 3383 0087 01       		.uleb128 0x1
 3384 0088 13       		.uleb128 0x13
 3385 0089 00       		.byte	0
 3386 008a 00       		.byte	0
 3387 008b 0A       		.uleb128 0xa
 3388 008c 0B       		.uleb128 0xb
 3389 008d 01       		.byte	0x1
 3390 008e 55       		.uleb128 0x55
 3391 008f 17       		.uleb128 0x17
 3392 0090 00       		.byte	0
 3393 0091 00       		.byte	0
 3394 0092 0B       		.uleb128 0xb
 3395 0093 1D       		.uleb128 0x1d
 3396 0094 00       		.byte	0
 3397 0095 31       		.uleb128 0x31
 3398 0096 13       		.uleb128 0x13
 3399 0097 52       		.uleb128 0x52
 3400 0098 01       		.uleb128 0x1
 3401 0099 B842     		.uleb128 0x2138
 3402 009b 0B       		.uleb128 0xb
 3403 009c 55       		.uleb128 0x55
 3404 009d 17       		.uleb128 0x17
 3405 009e 58       		.uleb128 0x58
 3406 009f 21       		.uleb128 0x21
 3407 00a0 02       		.sleb128 2
 3408 00a1 59       		.uleb128 0x59
 3409 00a2 05       		.uleb128 0x5
 3410 00a3 57       		.uleb128 0x57
 3411 00a4 21       		.uleb128 0x21
 3412 00a5 03       		.sleb128 3
 3413 00a6 00       		.byte	0
 3414 00a7 00       		.byte	0
 3415 00a8 0C       		.uleb128 0xc
 3416 00a9 0D       		.uleb128 0xd
 3417 00aa 00       		.byte	0
 3418 00ab 03       		.uleb128 0x3
 3419 00ac 0E       		.uleb128 0xe
 3420 00ad 3A       		.uleb128 0x3a
ARM GAS  /tmp/ccM7HEsR.s 			page 61


 3421 00ae 21       		.uleb128 0x21
 3422 00af 0B       		.sleb128 11
 3423 00b0 3B       		.uleb128 0x3b
 3424 00b1 05       		.uleb128 0x5
 3425 00b2 39       		.uleb128 0x39
 3426 00b3 0B       		.uleb128 0xb
 3427 00b4 49       		.uleb128 0x49
 3428 00b5 13       		.uleb128 0x13
 3429 00b6 00       		.byte	0
 3430 00b7 00       		.byte	0
 3431 00b8 0D       		.uleb128 0xd
 3432 00b9 1D       		.uleb128 0x1d
 3433 00ba 00       		.byte	0
 3434 00bb 31       		.uleb128 0x31
 3435 00bc 13       		.uleb128 0x13
 3436 00bd 52       		.uleb128 0x52
 3437 00be 01       		.uleb128 0x1
 3438 00bf B842     		.uleb128 0x2138
 3439 00c1 0B       		.uleb128 0xb
 3440 00c2 11       		.uleb128 0x11
 3441 00c3 01       		.uleb128 0x1
 3442 00c4 12       		.uleb128 0x12
 3443 00c5 06       		.uleb128 0x6
 3444 00c6 58       		.uleb128 0x58
 3445 00c7 21       		.uleb128 0x21
 3446 00c8 02       		.sleb128 2
 3447 00c9 59       		.uleb128 0x59
 3448 00ca 05       		.uleb128 0x5
 3449 00cb 57       		.uleb128 0x57
 3450 00cc 21       		.uleb128 0x21
 3451 00cd 03       		.sleb128 3
 3452 00ce 00       		.byte	0
 3453 00cf 00       		.byte	0
 3454 00d0 0E       		.uleb128 0xe
 3455 00d1 13       		.uleb128 0x13
 3456 00d2 01       		.byte	0x1
 3457 00d3 03       		.uleb128 0x3
 3458 00d4 0E       		.uleb128 0xe
 3459 00d5 0B       		.uleb128 0xb
 3460 00d6 0B       		.uleb128 0xb
 3461 00d7 3A       		.uleb128 0x3a
 3462 00d8 0B       		.uleb128 0xb
 3463 00d9 3B       		.uleb128 0x3b
 3464 00da 05       		.uleb128 0x5
 3465 00db 39       		.uleb128 0x39
 3466 00dc 0B       		.uleb128 0xb
 3467 00dd 01       		.uleb128 0x1
 3468 00de 13       		.uleb128 0x13
 3469 00df 00       		.byte	0
 3470 00e0 00       		.byte	0
 3471 00e1 0F       		.uleb128 0xf
 3472 00e2 01       		.uleb128 0x1
 3473 00e3 01       		.byte	0x1
 3474 00e4 49       		.uleb128 0x49
 3475 00e5 13       		.uleb128 0x13
 3476 00e6 01       		.uleb128 0x1
 3477 00e7 13       		.uleb128 0x13
ARM GAS  /tmp/ccM7HEsR.s 			page 62


 3478 00e8 00       		.byte	0
 3479 00e9 00       		.byte	0
 3480 00ea 10       		.uleb128 0x10
 3481 00eb 21       		.uleb128 0x21
 3482 00ec 00       		.byte	0
 3483 00ed 49       		.uleb128 0x49
 3484 00ee 13       		.uleb128 0x13
 3485 00ef 2F       		.uleb128 0x2f
 3486 00f0 0B       		.uleb128 0xb
 3487 00f1 00       		.byte	0
 3488 00f2 00       		.byte	0
 3489 00f3 11       		.uleb128 0x11
 3490 00f4 05       		.uleb128 0x5
 3491 00f5 00       		.byte	0
 3492 00f6 31       		.uleb128 0x31
 3493 00f7 13       		.uleb128 0x13
 3494 00f8 02       		.uleb128 0x2
 3495 00f9 17       		.uleb128 0x17
 3496 00fa B742     		.uleb128 0x2137
 3497 00fc 17       		.uleb128 0x17
 3498 00fd 00       		.byte	0
 3499 00fe 00       		.byte	0
 3500 00ff 12       		.uleb128 0x12
 3501 0100 26       		.uleb128 0x26
 3502 0101 00       		.byte	0
 3503 0102 49       		.uleb128 0x49
 3504 0103 13       		.uleb128 0x13
 3505 0104 00       		.byte	0
 3506 0105 00       		.byte	0
 3507 0106 13       		.uleb128 0x13
 3508 0107 34       		.uleb128 0x34
 3509 0108 00       		.byte	0
 3510 0109 03       		.uleb128 0x3
 3511 010a 08       		.uleb128 0x8
 3512 010b 3A       		.uleb128 0x3a
 3513 010c 21       		.uleb128 0x21
 3514 010d 01       		.sleb128 1
 3515 010e 3B       		.uleb128 0x3b
 3516 010f 0B       		.uleb128 0xb
 3517 0110 39       		.uleb128 0x39
 3518 0111 0B       		.uleb128 0xb
 3519 0112 49       		.uleb128 0x49
 3520 0113 13       		.uleb128 0x13
 3521 0114 00       		.byte	0
 3522 0115 00       		.byte	0
 3523 0116 14       		.uleb128 0x14
 3524 0117 35       		.uleb128 0x35
 3525 0118 00       		.byte	0
 3526 0119 49       		.uleb128 0x49
 3527 011a 13       		.uleb128 0x13
 3528 011b 00       		.byte	0
 3529 011c 00       		.byte	0
 3530 011d 15       		.uleb128 0x15
 3531 011e 28       		.uleb128 0x28
 3532 011f 00       		.byte	0
 3533 0120 03       		.uleb128 0x3
 3534 0121 0E       		.uleb128 0xe
ARM GAS  /tmp/ccM7HEsR.s 			page 63


 3535 0122 1C       		.uleb128 0x1c
 3536 0123 0B       		.uleb128 0xb
 3537 0124 00       		.byte	0
 3538 0125 00       		.byte	0
 3539 0126 16       		.uleb128 0x16
 3540 0127 05       		.uleb128 0x5
 3541 0128 00       		.byte	0
 3542 0129 49       		.uleb128 0x49
 3543 012a 13       		.uleb128 0x13
 3544 012b 00       		.byte	0
 3545 012c 00       		.byte	0
 3546 012d 17       		.uleb128 0x17
 3547 012e 1D       		.uleb128 0x1d
 3548 012f 01       		.byte	0x1
 3549 0130 31       		.uleb128 0x31
 3550 0131 13       		.uleb128 0x13
 3551 0132 52       		.uleb128 0x52
 3552 0133 01       		.uleb128 0x1
 3553 0134 B842     		.uleb128 0x2138
 3554 0136 0B       		.uleb128 0xb
 3555 0137 11       		.uleb128 0x11
 3556 0138 01       		.uleb128 0x1
 3557 0139 12       		.uleb128 0x12
 3558 013a 06       		.uleb128 0x6
 3559 013b 58       		.uleb128 0x58
 3560 013c 21       		.uleb128 0x21
 3561 013d 01       		.sleb128 1
 3562 013e 59       		.uleb128 0x59
 3563 013f 21       		.uleb128 0x21
 3564 0140 A801     		.sleb128 168
 3565 0142 57       		.uleb128 0x57
 3566 0143 21       		.uleb128 0x21
 3567 0144 03       		.sleb128 3
 3568 0145 00       		.byte	0
 3569 0146 00       		.byte	0
 3570 0147 18       		.uleb128 0x18
 3571 0148 0B       		.uleb128 0xb
 3572 0149 01       		.byte	0x1
 3573 014a 31       		.uleb128 0x31
 3574 014b 13       		.uleb128 0x13
 3575 014c 55       		.uleb128 0x55
 3576 014d 17       		.uleb128 0x17
 3577 014e 01       		.uleb128 0x1
 3578 014f 13       		.uleb128 0x13
 3579 0150 00       		.byte	0
 3580 0151 00       		.byte	0
 3581 0152 19       		.uleb128 0x19
 3582 0153 1D       		.uleb128 0x1d
 3583 0154 01       		.byte	0x1
 3584 0155 31       		.uleb128 0x31
 3585 0156 13       		.uleb128 0x13
 3586 0157 52       		.uleb128 0x52
 3587 0158 01       		.uleb128 0x1
 3588 0159 B842     		.uleb128 0x2138
 3589 015b 0B       		.uleb128 0xb
 3590 015c 11       		.uleb128 0x11
 3591 015d 01       		.uleb128 0x1
ARM GAS  /tmp/ccM7HEsR.s 			page 64


 3592 015e 12       		.uleb128 0x12
 3593 015f 06       		.uleb128 0x6
 3594 0160 58       		.uleb128 0x58
 3595 0161 21       		.uleb128 0x21
 3596 0162 01       		.sleb128 1
 3597 0163 59       		.uleb128 0x59
 3598 0164 0B       		.uleb128 0xb
 3599 0165 57       		.uleb128 0x57
 3600 0166 0B       		.uleb128 0xb
 3601 0167 01       		.uleb128 0x1
 3602 0168 13       		.uleb128 0x13
 3603 0169 00       		.byte	0
 3604 016a 00       		.byte	0
 3605 016b 1A       		.uleb128 0x1a
 3606 016c 48       		.uleb128 0x48
 3607 016d 00       		.byte	0
 3608 016e 7D       		.uleb128 0x7d
 3609 016f 01       		.uleb128 0x1
 3610 0170 7F       		.uleb128 0x7f
 3611 0171 13       		.uleb128 0x13
 3612 0172 00       		.byte	0
 3613 0173 00       		.byte	0
 3614 0174 1B       		.uleb128 0x1b
 3615 0175 49       		.uleb128 0x49
 3616 0176 00       		.byte	0
 3617 0177 02       		.uleb128 0x2
 3618 0178 18       		.uleb128 0x18
 3619 0179 7E       		.uleb128 0x7e
 3620 017a 18       		.uleb128 0x18
 3621 017b 00       		.byte	0
 3622 017c 00       		.byte	0
 3623 017d 1C       		.uleb128 0x1c
 3624 017e 0D       		.uleb128 0xd
 3625 017f 00       		.byte	0
 3626 0180 03       		.uleb128 0x3
 3627 0181 08       		.uleb128 0x8
 3628 0182 3A       		.uleb128 0x3a
 3629 0183 0B       		.uleb128 0xb
 3630 0184 3B       		.uleb128 0x3b
 3631 0185 0B       		.uleb128 0xb
 3632 0186 39       		.uleb128 0x39
 3633 0187 0B       		.uleb128 0xb
 3634 0188 49       		.uleb128 0x49
 3635 0189 13       		.uleb128 0x13
 3636 018a 38       		.uleb128 0x38
 3637 018b 0B       		.uleb128 0xb
 3638 018c 00       		.byte	0
 3639 018d 00       		.byte	0
 3640 018e 1D       		.uleb128 0x1d
 3641 018f 0D       		.uleb128 0xd
 3642 0190 00       		.byte	0
 3643 0191 03       		.uleb128 0x3
 3644 0192 0E       		.uleb128 0xe
 3645 0193 3A       		.uleb128 0x3a
 3646 0194 21       		.uleb128 0x21
 3647 0195 0B       		.sleb128 11
 3648 0196 3B       		.uleb128 0x3b
ARM GAS  /tmp/ccM7HEsR.s 			page 65


 3649 0197 0B       		.uleb128 0xb
 3650 0198 39       		.uleb128 0x39
 3651 0199 21       		.uleb128 0x21
 3652 019a 21       		.sleb128 33
 3653 019b 49       		.uleb128 0x49
 3654 019c 13       		.uleb128 0x13
 3655 019d 00       		.byte	0
 3656 019e 00       		.byte	0
 3657 019f 1E       		.uleb128 0x1e
 3658 01a0 16       		.uleb128 0x16
 3659 01a1 00       		.byte	0
 3660 01a2 03       		.uleb128 0x3
 3661 01a3 0E       		.uleb128 0xe
 3662 01a4 3A       		.uleb128 0x3a
 3663 01a5 21       		.uleb128 0x21
 3664 01a6 0B       		.sleb128 11
 3665 01a7 3B       		.uleb128 0x3b
 3666 01a8 05       		.uleb128 0x5
 3667 01a9 39       		.uleb128 0x39
 3668 01aa 21       		.uleb128 0x21
 3669 01ab 03       		.sleb128 3
 3670 01ac 49       		.uleb128 0x49
 3671 01ad 13       		.uleb128 0x13
 3672 01ae 00       		.byte	0
 3673 01af 00       		.byte	0
 3674 01b0 1F       		.uleb128 0x1f
 3675 01b1 1D       		.uleb128 0x1d
 3676 01b2 01       		.byte	0x1
 3677 01b3 31       		.uleb128 0x31
 3678 01b4 13       		.uleb128 0x13
 3679 01b5 52       		.uleb128 0x52
 3680 01b6 01       		.uleb128 0x1
 3681 01b7 B842     		.uleb128 0x2138
 3682 01b9 0B       		.uleb128 0xb
 3683 01ba 55       		.uleb128 0x55
 3684 01bb 17       		.uleb128 0x17
 3685 01bc 58       		.uleb128 0x58
 3686 01bd 21       		.uleb128 0x21
 3687 01be 01       		.sleb128 1
 3688 01bf 59       		.uleb128 0x59
 3689 01c0 05       		.uleb128 0x5
 3690 01c1 57       		.uleb128 0x57
 3691 01c2 21       		.uleb128 0x21
 3692 01c3 09       		.sleb128 9
 3693 01c4 01       		.uleb128 0x1
 3694 01c5 13       		.uleb128 0x13
 3695 01c6 00       		.byte	0
 3696 01c7 00       		.byte	0
 3697 01c8 20       		.uleb128 0x20
 3698 01c9 48       		.uleb128 0x48
 3699 01ca 01       		.byte	0x1
 3700 01cb 7D       		.uleb128 0x7d
 3701 01cc 01       		.uleb128 0x1
 3702 01cd 7F       		.uleb128 0x7f
 3703 01ce 13       		.uleb128 0x13
 3704 01cf 00       		.byte	0
 3705 01d0 00       		.byte	0
ARM GAS  /tmp/ccM7HEsR.s 			page 66


 3706 01d1 21       		.uleb128 0x21
 3707 01d2 2E       		.uleb128 0x2e
 3708 01d3 00       		.byte	0
 3709 01d4 03       		.uleb128 0x3
 3710 01d5 0E       		.uleb128 0xe
 3711 01d6 3A       		.uleb128 0x3a
 3712 01d7 0B       		.uleb128 0xb
 3713 01d8 3B       		.uleb128 0x3b
 3714 01d9 05       		.uleb128 0x5
 3715 01da 39       		.uleb128 0x39
 3716 01db 21       		.uleb128 0x21
 3717 01dc 14       		.sleb128 20
 3718 01dd 27       		.uleb128 0x27
 3719 01de 19       		.uleb128 0x19
 3720 01df 20       		.uleb128 0x20
 3721 01e0 21       		.uleb128 0x21
 3722 01e1 03       		.sleb128 3
 3723 01e2 00       		.byte	0
 3724 01e3 00       		.byte	0
 3725 01e4 22       		.uleb128 0x22
 3726 01e5 17       		.uleb128 0x17
 3727 01e6 01       		.byte	0x1
 3728 01e7 0B       		.uleb128 0xb
 3729 01e8 0B       		.uleb128 0xb
 3730 01e9 3A       		.uleb128 0x3a
 3731 01ea 21       		.uleb128 0x21
 3732 01eb 0B       		.sleb128 11
 3733 01ec 3B       		.uleb128 0x3b
 3734 01ed 0B       		.uleb128 0xb
 3735 01ee 39       		.uleb128 0x39
 3736 01ef 21       		.uleb128 0x21
 3737 01f0 03       		.sleb128 3
 3738 01f1 01       		.uleb128 0x1
 3739 01f2 13       		.uleb128 0x13
 3740 01f3 00       		.byte	0
 3741 01f4 00       		.byte	0
 3742 01f5 23       		.uleb128 0x23
 3743 01f6 1D       		.uleb128 0x1d
 3744 01f7 01       		.byte	0x1
 3745 01f8 31       		.uleb128 0x31
 3746 01f9 13       		.uleb128 0x13
 3747 01fa 52       		.uleb128 0x52
 3748 01fb 01       		.uleb128 0x1
 3749 01fc B842     		.uleb128 0x2138
 3750 01fe 0B       		.uleb128 0xb
 3751 01ff 55       		.uleb128 0x55
 3752 0200 17       		.uleb128 0x17
 3753 0201 58       		.uleb128 0x58
 3754 0202 21       		.uleb128 0x21
 3755 0203 01       		.sleb128 1
 3756 0204 59       		.uleb128 0x59
 3757 0205 05       		.uleb128 0x5
 3758 0206 57       		.uleb128 0x57
 3759 0207 21       		.uleb128 0x21
 3760 0208 0B       		.sleb128 11
 3761 0209 00       		.byte	0
 3762 020a 00       		.byte	0
ARM GAS  /tmp/ccM7HEsR.s 			page 67


 3763 020b 24       		.uleb128 0x24
 3764 020c 2E       		.uleb128 0x2e
 3765 020d 01       		.byte	0x1
 3766 020e 3F       		.uleb128 0x3f
 3767 020f 19       		.uleb128 0x19
 3768 0210 03       		.uleb128 0x3
 3769 0211 0E       		.uleb128 0xe
 3770 0212 3A       		.uleb128 0x3a
 3771 0213 21       		.uleb128 0x21
 3772 0214 01       		.sleb128 1
 3773 0215 3B       		.uleb128 0x3b
 3774 0216 0B       		.uleb128 0xb
 3775 0217 39       		.uleb128 0x39
 3776 0218 21       		.uleb128 0x21
 3777 0219 0B       		.sleb128 11
 3778 021a 27       		.uleb128 0x27
 3779 021b 19       		.uleb128 0x19
 3780 021c 49       		.uleb128 0x49
 3781 021d 13       		.uleb128 0x13
 3782 021e 11       		.uleb128 0x11
 3783 021f 01       		.uleb128 0x1
 3784 0220 12       		.uleb128 0x12
 3785 0221 06       		.uleb128 0x6
 3786 0222 40       		.uleb128 0x40
 3787 0223 18       		.uleb128 0x18
 3788 0224 7A       		.uleb128 0x7a
 3789 0225 19       		.uleb128 0x19
 3790 0226 01       		.uleb128 0x1
 3791 0227 13       		.uleb128 0x13
 3792 0228 00       		.byte	0
 3793 0229 00       		.byte	0
 3794 022a 25       		.uleb128 0x25
 3795 022b 34       		.uleb128 0x34
 3796 022c 00       		.byte	0
 3797 022d 03       		.uleb128 0x3
 3798 022e 08       		.uleb128 0x8
 3799 022f 3A       		.uleb128 0x3a
 3800 0230 21       		.uleb128 0x21
 3801 0231 01       		.sleb128 1
 3802 0232 3B       		.uleb128 0x3b
 3803 0233 0B       		.uleb128 0xb
 3804 0234 39       		.uleb128 0x39
 3805 0235 21       		.uleb128 0x21
 3806 0236 0D       		.sleb128 13
 3807 0237 49       		.uleb128 0x49
 3808 0238 13       		.uleb128 0x13
 3809 0239 02       		.uleb128 0x2
 3810 023a 17       		.uleb128 0x17
 3811 023b B742     		.uleb128 0x2137
 3812 023d 17       		.uleb128 0x17
 3813 023e 00       		.byte	0
 3814 023f 00       		.byte	0
 3815 0240 26       		.uleb128 0x26
 3816 0241 2E       		.uleb128 0x2e
 3817 0242 01       		.byte	0x1
 3818 0243 3F       		.uleb128 0x3f
 3819 0244 19       		.uleb128 0x19
ARM GAS  /tmp/ccM7HEsR.s 			page 68


 3820 0245 03       		.uleb128 0x3
 3821 0246 0E       		.uleb128 0xe
 3822 0247 3A       		.uleb128 0x3a
 3823 0248 21       		.uleb128 0x21
 3824 0249 01       		.sleb128 1
 3825 024a 3B       		.uleb128 0x3b
 3826 024b 0B       		.uleb128 0xb
 3827 024c 39       		.uleb128 0x39
 3828 024d 21       		.uleb128 0x21
 3829 024e 0B       		.sleb128 11
 3830 024f 27       		.uleb128 0x27
 3831 0250 19       		.uleb128 0x19
 3832 0251 49       		.uleb128 0x49
 3833 0252 13       		.uleb128 0x13
 3834 0253 20       		.uleb128 0x20
 3835 0254 21       		.uleb128 0x21
 3836 0255 01       		.sleb128 1
 3837 0256 01       		.uleb128 0x1
 3838 0257 13       		.uleb128 0x13
 3839 0258 00       		.byte	0
 3840 0259 00       		.byte	0
 3841 025a 27       		.uleb128 0x27
 3842 025b 05       		.uleb128 0x5
 3843 025c 00       		.byte	0
 3844 025d 03       		.uleb128 0x3
 3845 025e 08       		.uleb128 0x8
 3846 025f 3A       		.uleb128 0x3a
 3847 0260 0B       		.uleb128 0xb
 3848 0261 3B       		.uleb128 0x3b
 3849 0262 0B       		.uleb128 0xb
 3850 0263 39       		.uleb128 0x39
 3851 0264 0B       		.uleb128 0xb
 3852 0265 49       		.uleb128 0x49
 3853 0266 13       		.uleb128 0x13
 3854 0267 00       		.byte	0
 3855 0268 00       		.byte	0
 3856 0269 28       		.uleb128 0x28
 3857 026a 34       		.uleb128 0x34
 3858 026b 00       		.byte	0
 3859 026c 03       		.uleb128 0x3
 3860 026d 0E       		.uleb128 0xe
 3861 026e 49       		.uleb128 0x49
 3862 026f 13       		.uleb128 0x13
 3863 0270 34       		.uleb128 0x34
 3864 0271 19       		.uleb128 0x19
 3865 0272 00       		.byte	0
 3866 0273 00       		.byte	0
 3867 0274 29       		.uleb128 0x29
 3868 0275 11       		.uleb128 0x11
 3869 0276 01       		.byte	0x1
 3870 0277 25       		.uleb128 0x25
 3871 0278 0E       		.uleb128 0xe
 3872 0279 13       		.uleb128 0x13
 3873 027a 0B       		.uleb128 0xb
 3874 027b 03       		.uleb128 0x3
 3875 027c 0E       		.uleb128 0xe
 3876 027d 1B       		.uleb128 0x1b
ARM GAS  /tmp/ccM7HEsR.s 			page 69


 3877 027e 0E       		.uleb128 0xe
 3878 027f 55       		.uleb128 0x55
 3879 0280 17       		.uleb128 0x17
 3880 0281 11       		.uleb128 0x11
 3881 0282 01       		.uleb128 0x1
 3882 0283 10       		.uleb128 0x10
 3883 0284 17       		.uleb128 0x17
 3884 0285 00       		.byte	0
 3885 0286 00       		.byte	0
 3886 0287 2A       		.uleb128 0x2a
 3887 0288 24       		.uleb128 0x24
 3888 0289 00       		.byte	0
 3889 028a 0B       		.uleb128 0xb
 3890 028b 0B       		.uleb128 0xb
 3891 028c 3E       		.uleb128 0x3e
 3892 028d 0B       		.uleb128 0xb
 3893 028e 03       		.uleb128 0x3
 3894 028f 08       		.uleb128 0x8
 3895 0290 00       		.byte	0
 3896 0291 00       		.byte	0
 3897 0292 2B       		.uleb128 0x2b
 3898 0293 0F       		.uleb128 0xf
 3899 0294 00       		.byte	0
 3900 0295 0B       		.uleb128 0xb
 3901 0296 0B       		.uleb128 0xb
 3902 0297 00       		.byte	0
 3903 0298 00       		.byte	0
 3904 0299 2C       		.uleb128 0x2c
 3905 029a 04       		.uleb128 0x4
 3906 029b 01       		.byte	0x1
 3907 029c 3E       		.uleb128 0x3e
 3908 029d 0B       		.uleb128 0xb
 3909 029e 0B       		.uleb128 0xb
 3910 029f 0B       		.uleb128 0xb
 3911 02a0 49       		.uleb128 0x49
 3912 02a1 13       		.uleb128 0x13
 3913 02a2 3A       		.uleb128 0x3a
 3914 02a3 0B       		.uleb128 0xb
 3915 02a4 3B       		.uleb128 0x3b
 3916 02a5 0B       		.uleb128 0xb
 3917 02a6 39       		.uleb128 0x39
 3918 02a7 0B       		.uleb128 0xb
 3919 02a8 01       		.uleb128 0x1
 3920 02a9 13       		.uleb128 0x13
 3921 02aa 00       		.byte	0
 3922 02ab 00       		.byte	0
 3923 02ac 2D       		.uleb128 0x2d
 3924 02ad 15       		.uleb128 0x15
 3925 02ae 01       		.byte	0x1
 3926 02af 27       		.uleb128 0x27
 3927 02b0 19       		.uleb128 0x19
 3928 02b1 01       		.uleb128 0x1
 3929 02b2 13       		.uleb128 0x13
 3930 02b3 00       		.byte	0
 3931 02b4 00       		.byte	0
 3932 02b5 2E       		.uleb128 0x2e
 3933 02b6 34       		.uleb128 0x34
ARM GAS  /tmp/ccM7HEsR.s 			page 70


 3934 02b7 00       		.byte	0
 3935 02b8 03       		.uleb128 0x3
 3936 02b9 08       		.uleb128 0x8
 3937 02ba 3A       		.uleb128 0x3a
 3938 02bb 0B       		.uleb128 0xb
 3939 02bc 3B       		.uleb128 0x3b
 3940 02bd 05       		.uleb128 0x5
 3941 02be 39       		.uleb128 0x39
 3942 02bf 0B       		.uleb128 0xb
 3943 02c0 49       		.uleb128 0x49
 3944 02c1 13       		.uleb128 0x13
 3945 02c2 3F       		.uleb128 0x3f
 3946 02c3 19       		.uleb128 0x19
 3947 02c4 3C       		.uleb128 0x3c
 3948 02c5 19       		.uleb128 0x19
 3949 02c6 00       		.byte	0
 3950 02c7 00       		.byte	0
 3951 02c8 2F       		.uleb128 0x2f
 3952 02c9 13       		.uleb128 0x13
 3953 02ca 01       		.byte	0x1
 3954 02cb 0B       		.uleb128 0xb
 3955 02cc 0B       		.uleb128 0xb
 3956 02cd 3A       		.uleb128 0x3a
 3957 02ce 0B       		.uleb128 0xb
 3958 02cf 3B       		.uleb128 0x3b
 3959 02d0 0B       		.uleb128 0xb
 3960 02d1 39       		.uleb128 0x39
 3961 02d2 0B       		.uleb128 0xb
 3962 02d3 01       		.uleb128 0x1
 3963 02d4 13       		.uleb128 0x13
 3964 02d5 00       		.byte	0
 3965 02d6 00       		.byte	0
 3966 02d7 30       		.uleb128 0x30
 3967 02d8 34       		.uleb128 0x34
 3968 02d9 00       		.byte	0
 3969 02da 03       		.uleb128 0x3
 3970 02db 0E       		.uleb128 0xe
 3971 02dc 3A       		.uleb128 0x3a
 3972 02dd 0B       		.uleb128 0xb
 3973 02de 3B       		.uleb128 0x3b
 3974 02df 0B       		.uleb128 0xb
 3975 02e0 39       		.uleb128 0x39
 3976 02e1 0B       		.uleb128 0xb
 3977 02e2 49       		.uleb128 0x49
 3978 02e3 13       		.uleb128 0x13
 3979 02e4 3F       		.uleb128 0x3f
 3980 02e5 19       		.uleb128 0x19
 3981 02e6 3C       		.uleb128 0x3c
 3982 02e7 19       		.uleb128 0x19
 3983 02e8 00       		.byte	0
 3984 02e9 00       		.byte	0
 3985 02ea 31       		.uleb128 0x31
 3986 02eb 34       		.uleb128 0x34
 3987 02ec 00       		.byte	0
 3988 02ed 47       		.uleb128 0x47
 3989 02ee 13       		.uleb128 0x13
 3990 02ef 3A       		.uleb128 0x3a
ARM GAS  /tmp/ccM7HEsR.s 			page 71


 3991 02f0 0B       		.uleb128 0xb
 3992 02f1 3B       		.uleb128 0x3b
 3993 02f2 0B       		.uleb128 0xb
 3994 02f3 39       		.uleb128 0x39
 3995 02f4 0B       		.uleb128 0xb
 3996 02f5 02       		.uleb128 0x2
 3997 02f6 18       		.uleb128 0x18
 3998 02f7 00       		.byte	0
 3999 02f8 00       		.byte	0
 4000 02f9 32       		.uleb128 0x32
 4001 02fa 2E       		.uleb128 0x2e
 4002 02fb 01       		.byte	0x1
 4003 02fc 3F       		.uleb128 0x3f
 4004 02fd 19       		.uleb128 0x19
 4005 02fe 03       		.uleb128 0x3
 4006 02ff 0E       		.uleb128 0xe
 4007 0300 3A       		.uleb128 0x3a
 4008 0301 0B       		.uleb128 0xb
 4009 0302 3B       		.uleb128 0x3b
 4010 0303 0B       		.uleb128 0xb
 4011 0304 39       		.uleb128 0x39
 4012 0305 0B       		.uleb128 0xb
 4013 0306 27       		.uleb128 0x27
 4014 0307 19       		.uleb128 0x19
 4015 0308 49       		.uleb128 0x49
 4016 0309 13       		.uleb128 0x13
 4017 030a 3C       		.uleb128 0x3c
 4018 030b 19       		.uleb128 0x19
 4019 030c 01       		.uleb128 0x1
 4020 030d 13       		.uleb128 0x13
 4021 030e 00       		.byte	0
 4022 030f 00       		.byte	0
 4023 0310 33       		.uleb128 0x33
 4024 0311 2E       		.uleb128 0x2e
 4025 0312 01       		.byte	0x1
 4026 0313 3F       		.uleb128 0x3f
 4027 0314 19       		.uleb128 0x19
 4028 0315 03       		.uleb128 0x3
 4029 0316 0E       		.uleb128 0xe
 4030 0317 3A       		.uleb128 0x3a
 4031 0318 0B       		.uleb128 0xb
 4032 0319 3B       		.uleb128 0x3b
 4033 031a 05       		.uleb128 0x5
 4034 031b 39       		.uleb128 0x39
 4035 031c 0B       		.uleb128 0xb
 4036 031d 27       		.uleb128 0x27
 4037 031e 19       		.uleb128 0x19
 4038 031f 3C       		.uleb128 0x3c
 4039 0320 19       		.uleb128 0x19
 4040 0321 01       		.uleb128 0x1
 4041 0322 13       		.uleb128 0x13
 4042 0323 00       		.byte	0
 4043 0324 00       		.byte	0
 4044 0325 34       		.uleb128 0x34
 4045 0326 2E       		.uleb128 0x2e
 4046 0327 01       		.byte	0x1
 4047 0328 3F       		.uleb128 0x3f
ARM GAS  /tmp/ccM7HEsR.s 			page 72


 4048 0329 19       		.uleb128 0x19
 4049 032a 03       		.uleb128 0x3
 4050 032b 0E       		.uleb128 0xe
 4051 032c 3A       		.uleb128 0x3a
 4052 032d 0B       		.uleb128 0xb
 4053 032e 3B       		.uleb128 0x3b
 4054 032f 05       		.uleb128 0x5
 4055 0330 39       		.uleb128 0x39
 4056 0331 0B       		.uleb128 0xb
 4057 0332 27       		.uleb128 0x27
 4058 0333 19       		.uleb128 0x19
 4059 0334 49       		.uleb128 0x49
 4060 0335 13       		.uleb128 0x13
 4061 0336 11       		.uleb128 0x11
 4062 0337 01       		.uleb128 0x1
 4063 0338 12       		.uleb128 0x12
 4064 0339 06       		.uleb128 0x6
 4065 033a 40       		.uleb128 0x40
 4066 033b 18       		.uleb128 0x18
 4067 033c 7A       		.uleb128 0x7a
 4068 033d 19       		.uleb128 0x19
 4069 033e 01       		.uleb128 0x1
 4070 033f 13       		.uleb128 0x13
 4071 0340 00       		.byte	0
 4072 0341 00       		.byte	0
 4073 0342 35       		.uleb128 0x35
 4074 0343 05       		.uleb128 0x5
 4075 0344 00       		.byte	0
 4076 0345 03       		.uleb128 0x3
 4077 0346 08       		.uleb128 0x8
 4078 0347 3A       		.uleb128 0x3a
 4079 0348 0B       		.uleb128 0xb
 4080 0349 3B       		.uleb128 0x3b
 4081 034a 05       		.uleb128 0x5
 4082 034b 39       		.uleb128 0x39
 4083 034c 0B       		.uleb128 0xb
 4084 034d 49       		.uleb128 0x49
 4085 034e 13       		.uleb128 0x13
 4086 034f 02       		.uleb128 0x2
 4087 0350 17       		.uleb128 0x17
 4088 0351 B742     		.uleb128 0x2137
 4089 0353 17       		.uleb128 0x17
 4090 0354 00       		.byte	0
 4091 0355 00       		.byte	0
 4092 0356 36       		.uleb128 0x36
 4093 0357 34       		.uleb128 0x34
 4094 0358 00       		.byte	0
 4095 0359 03       		.uleb128 0x3
 4096 035a 08       		.uleb128 0x8
 4097 035b 3A       		.uleb128 0x3a
 4098 035c 0B       		.uleb128 0xb
 4099 035d 3B       		.uleb128 0x3b
 4100 035e 05       		.uleb128 0x5
 4101 035f 39       		.uleb128 0x39
 4102 0360 0B       		.uleb128 0xb
 4103 0361 49       		.uleb128 0x49
 4104 0362 13       		.uleb128 0x13
ARM GAS  /tmp/ccM7HEsR.s 			page 73


 4105 0363 02       		.uleb128 0x2
 4106 0364 17       		.uleb128 0x17
 4107 0365 B742     		.uleb128 0x2137
 4108 0367 17       		.uleb128 0x17
 4109 0368 00       		.byte	0
 4110 0369 00       		.byte	0
 4111 036a 37       		.uleb128 0x37
 4112 036b 05       		.uleb128 0x5
 4113 036c 00       		.byte	0
 4114 036d 03       		.uleb128 0x3
 4115 036e 08       		.uleb128 0x8
 4116 036f 3A       		.uleb128 0x3a
 4117 0370 0B       		.uleb128 0xb
 4118 0371 3B       		.uleb128 0x3b
 4119 0372 0B       		.uleb128 0xb
 4120 0373 39       		.uleb128 0x39
 4121 0374 0B       		.uleb128 0xb
 4122 0375 49       		.uleb128 0x49
 4123 0376 13       		.uleb128 0x13
 4124 0377 02       		.uleb128 0x2
 4125 0378 17       		.uleb128 0x17
 4126 0379 B742     		.uleb128 0x2137
 4127 037b 17       		.uleb128 0x17
 4128 037c 00       		.byte	0
 4129 037d 00       		.byte	0
 4130 037e 38       		.uleb128 0x38
 4131 037f 05       		.uleb128 0x5
 4132 0380 00       		.byte	0
 4133 0381 03       		.uleb128 0x3
 4134 0382 0E       		.uleb128 0xe
 4135 0383 3A       		.uleb128 0x3a
 4136 0384 0B       		.uleb128 0xb
 4137 0385 3B       		.uleb128 0x3b
 4138 0386 0B       		.uleb128 0xb
 4139 0387 39       		.uleb128 0x39
 4140 0388 0B       		.uleb128 0xb
 4141 0389 49       		.uleb128 0x49
 4142 038a 13       		.uleb128 0x13
 4143 038b 02       		.uleb128 0x2
 4144 038c 17       		.uleb128 0x17
 4145 038d B742     		.uleb128 0x2137
 4146 038f 17       		.uleb128 0x17
 4147 0390 00       		.byte	0
 4148 0391 00       		.byte	0
 4149 0392 39       		.uleb128 0x39
 4150 0393 48       		.uleb128 0x48
 4151 0394 01       		.byte	0x1
 4152 0395 7D       		.uleb128 0x7d
 4153 0396 01       		.uleb128 0x1
 4154 0397 7F       		.uleb128 0x7f
 4155 0398 13       		.uleb128 0x13
 4156 0399 01       		.uleb128 0x1
 4157 039a 13       		.uleb128 0x13
 4158 039b 00       		.byte	0
 4159 039c 00       		.byte	0
 4160 039d 3A       		.uleb128 0x3a
 4161 039e 0B       		.uleb128 0xb
ARM GAS  /tmp/ccM7HEsR.s 			page 74


 4162 039f 01       		.byte	0x1
 4163 03a0 00       		.byte	0
 4164 03a1 00       		.byte	0
 4165 03a2 3B       		.uleb128 0x3b
 4166 03a3 2E       		.uleb128 0x2e
 4167 03a4 01       		.byte	0x1
 4168 03a5 03       		.uleb128 0x3
 4169 03a6 0E       		.uleb128 0xe
 4170 03a7 3A       		.uleb128 0x3a
 4171 03a8 0B       		.uleb128 0xb
 4172 03a9 3B       		.uleb128 0x3b
 4173 03aa 0B       		.uleb128 0xb
 4174 03ab 39       		.uleb128 0x39
 4175 03ac 0B       		.uleb128 0xb
 4176 03ad 27       		.uleb128 0x27
 4177 03ae 19       		.uleb128 0x19
 4178 03af 49       		.uleb128 0x49
 4179 03b0 13       		.uleb128 0x13
 4180 03b1 20       		.uleb128 0x20
 4181 03b2 0B       		.uleb128 0xb
 4182 03b3 01       		.uleb128 0x1
 4183 03b4 13       		.uleb128 0x13
 4184 03b5 00       		.byte	0
 4185 03b6 00       		.byte	0
 4186 03b7 3C       		.uleb128 0x3c
 4187 03b8 2E       		.uleb128 0x2e
 4188 03b9 01       		.byte	0x1
 4189 03ba 03       		.uleb128 0x3
 4190 03bb 0E       		.uleb128 0xe
 4191 03bc 3A       		.uleb128 0x3a
 4192 03bd 0B       		.uleb128 0xb
 4193 03be 3B       		.uleb128 0x3b
 4194 03bf 05       		.uleb128 0x5
 4195 03c0 39       		.uleb128 0x39
 4196 03c1 0B       		.uleb128 0xb
 4197 03c2 27       		.uleb128 0x27
 4198 03c3 19       		.uleb128 0x19
 4199 03c4 49       		.uleb128 0x49
 4200 03c5 13       		.uleb128 0x13
 4201 03c6 20       		.uleb128 0x20
 4202 03c7 0B       		.uleb128 0xb
 4203 03c8 01       		.uleb128 0x1
 4204 03c9 13       		.uleb128 0x13
 4205 03ca 00       		.byte	0
 4206 03cb 00       		.byte	0
 4207 03cc 3D       		.uleb128 0x3d
 4208 03cd 05       		.uleb128 0x5
 4209 03ce 00       		.byte	0
 4210 03cf 03       		.uleb128 0x3
 4211 03d0 08       		.uleb128 0x8
 4212 03d1 3A       		.uleb128 0x3a
 4213 03d2 0B       		.uleb128 0xb
 4214 03d3 3B       		.uleb128 0x3b
 4215 03d4 05       		.uleb128 0x5
 4216 03d5 39       		.uleb128 0x39
 4217 03d6 0B       		.uleb128 0xb
 4218 03d7 49       		.uleb128 0x49
ARM GAS  /tmp/ccM7HEsR.s 			page 75


 4219 03d8 13       		.uleb128 0x13
 4220 03d9 00       		.byte	0
 4221 03da 00       		.byte	0
 4222 03db 3E       		.uleb128 0x3e
 4223 03dc 2E       		.uleb128 0x2e
 4224 03dd 01       		.byte	0x1
 4225 03de 03       		.uleb128 0x3
 4226 03df 0E       		.uleb128 0xe
 4227 03e0 3A       		.uleb128 0x3a
 4228 03e1 0B       		.uleb128 0xb
 4229 03e2 3B       		.uleb128 0x3b
 4230 03e3 05       		.uleb128 0x5
 4231 03e4 39       		.uleb128 0x39
 4232 03e5 0B       		.uleb128 0xb
 4233 03e6 27       		.uleb128 0x27
 4234 03e7 19       		.uleb128 0x19
 4235 03e8 20       		.uleb128 0x20
 4236 03e9 0B       		.uleb128 0xb
 4237 03ea 01       		.uleb128 0x1
 4238 03eb 13       		.uleb128 0x13
 4239 03ec 00       		.byte	0
 4240 03ed 00       		.byte	0
 4241 03ee 3F       		.uleb128 0x3f
 4242 03ef 2E       		.uleb128 0x2e
 4243 03f0 01       		.byte	0x1
 4244 03f1 31       		.uleb128 0x31
 4245 03f2 13       		.uleb128 0x13
 4246 03f3 11       		.uleb128 0x11
 4247 03f4 01       		.uleb128 0x1
 4248 03f5 12       		.uleb128 0x12
 4249 03f6 06       		.uleb128 0x6
 4250 03f7 40       		.uleb128 0x40
 4251 03f8 18       		.uleb128 0x18
 4252 03f9 7A       		.uleb128 0x7a
 4253 03fa 19       		.uleb128 0x19
 4254 03fb 01       		.uleb128 0x1
 4255 03fc 13       		.uleb128 0x13
 4256 03fd 00       		.byte	0
 4257 03fe 00       		.byte	0
 4258 03ff 40       		.uleb128 0x40
 4259 0400 2E       		.uleb128 0x2e
 4260 0401 01       		.byte	0x1
 4261 0402 31       		.uleb128 0x31
 4262 0403 13       		.uleb128 0x13
 4263 0404 11       		.uleb128 0x11
 4264 0405 01       		.uleb128 0x1
 4265 0406 12       		.uleb128 0x12
 4266 0407 06       		.uleb128 0x6
 4267 0408 40       		.uleb128 0x40
 4268 0409 18       		.uleb128 0x18
 4269 040a 7A       		.uleb128 0x7a
 4270 040b 19       		.uleb128 0x19
 4271 040c 00       		.byte	0
 4272 040d 00       		.byte	0
 4273 040e 00       		.byte	0
 4274              		.section	.debug_loclists,"",%progbits
 4275 0000 DA020000 		.4byte	.Ldebug_loc3-.Ldebug_loc2
ARM GAS  /tmp/ccM7HEsR.s 			page 76


 4276              	.Ldebug_loc2:
 4277 0004 0500     		.2byte	0x5
 4278 0006 04       		.byte	0x4
 4279 0007 00       		.byte	0
 4280 0008 00000000 		.4byte	0
 4281              	.Ldebug_loc0:
 4282              	.LVUS37:
 4283 000c 00       		.uleb128 0
 4284 000d 00       		.uleb128 .LVU290
 4285 000e 00       		.uleb128 .LVU290
 4286 000f 00       		.uleb128 0
 4287              	.LLST37:
 4288 0010 06       		.byte	0x6
 4289 0011 00000000 		.4byte	.LVL33
 4290 0015 04       		.byte	0x4
 4291 0016 00       		.uleb128 .LVL33-.LVL33
 4292 0017 20       		.uleb128 .LVL35-.LVL33
 4293 0018 01       		.uleb128 0x1
 4294 0019 50       		.byte	0x50
 4295 001a 04       		.byte	0x4
 4296 001b 20       		.uleb128 .LVL35-.LVL33
 4297 001c 9401     		.uleb128 .LFE211-.LVL33
 4298 001e 01       		.uleb128 0x1
 4299 001f 57       		.byte	0x57
 4300 0020 00       		.byte	0
 4301              	.LVUS38:
 4302 0021 01       		.uleb128 .LVU303
 4303 0022 00       		.uleb128 .LVU323
 4304 0023 01       		.uleb128 .LVU324
 4305 0024 00       		.uleb128 .LVU333
 4306 0025 00       		.uleb128 .LVU333
 4307 0026 00       		.uleb128 .LVU367
 4308 0027 01       		.uleb128 .LVU368
 4309 0028 00       		.uleb128 .LVU371
 4310 0029 00       		.uleb128 .LVU372
 4311 002a 00       		.uleb128 0
 4312              	.LLST38:
 4313 002b 06       		.byte	0x6
 4314 002c 2C000000 		.4byte	.LVL36
 4315 0030 04       		.byte	0x4
 4316 0031 00       		.uleb128 .LVL36-.LVL36
 4317 0032 27       		.uleb128 .LVL38-1-.LVL36
 4318 0033 01       		.uleb128 0x1
 4319 0034 50       		.byte	0x50
 4320 0035 04       		.byte	0x4
 4321 0036 28       		.uleb128 .LVL38-.LVL36
 4322 0037 38       		.uleb128 .LVL39-.LVL36
 4323 0038 01       		.uleb128 0x1
 4324 0039 55       		.byte	0x55
 4325 003a 04       		.byte	0x4
 4326 003b 38       		.uleb128 .LVL39-.LVL36
 4327 003c 53       		.uleb128 .LVL43-1-.LVL36
 4328 003d 01       		.uleb128 0x1
 4329 003e 50       		.byte	0x50
 4330 003f 04       		.byte	0x4
 4331 0040 54       		.uleb128 .LVL43-.LVL36
 4332 0041 58       		.uleb128 .LVL44-.LVL36
ARM GAS  /tmp/ccM7HEsR.s 			page 77


 4333 0042 02       		.uleb128 0x2
 4334 0043 30       		.byte	0x30
 4335 0044 9F       		.byte	0x9f
 4336 0045 04       		.byte	0x4
 4337 0046 60       		.uleb128 .LVL45-.LVL36
 4338 0047 68       		.uleb128 .LFE211-.LVL36
 4339 0048 01       		.uleb128 0x1
 4340 0049 50       		.byte	0x50
 4341 004a 00       		.byte	0
 4342              	.LVUS40:
 4343 004b 00       		.uleb128 .LVU290
 4344 004c 01       		.uleb128 .LVU303
 4345              	.LLST40:
 4346 004d 08       		.byte	0x8
 4347 004e 20000000 		.4byte	.LVL35
 4348 0052 0C       		.uleb128 .LVL36-.LVL35
 4349 0053 01       		.uleb128 0x1
 4350 0054 50       		.byte	0x50
 4351 0055 00       		.byte	0
 4352              	.LVUS41:
 4353 0056 00       		.uleb128 .LVU287
 4354 0057 01       		.uleb128 .LVU303
 4355              	.LLST41:
 4356 0058 08       		.byte	0x8
 4357 0059 18000000 		.4byte	.LVL34
 4358 005d 14       		.uleb128 .LVL36-.LVL34
 4359 005e 01       		.uleb128 0x1
 4360 005f 53       		.byte	0x53
 4361 0060 00       		.byte	0
 4362              	.LVUS44:
 4363 0061 04       		.uleb128 .LVU306
 4364 0062 06       		.uleb128 .LVU308
 4365 0063 05       		.uleb128 .LVU328
 4366 0064 07       		.uleb128 .LVU330
 4367              	.LLST44:
 4368 0065 08       		.byte	0x8
 4369 0066 2C000000 		.4byte	.LVL36
 4370 006a 00       		.uleb128 .LVL36-.LVL36
 4371 006b 01       		.uleb128 0x1
 4372 006c 50       		.byte	0x50
 4373 006d 08       		.byte	0x8
 4374 006e 54000000 		.4byte	.LVL38
 4375 0072 00       		.uleb128 .LVL38-.LVL38
 4376 0073 01       		.uleb128 0x1
 4377 0074 55       		.byte	0x55
 4378 0075 00       		.byte	0
 4379              	.LVUS46:
 4380 0076 00       		.uleb128 .LVU310
 4381 0077 00       		.uleb128 .LVU323
 4382 0078 01       		.uleb128 .LVU334
 4383 0079 00       		.uleb128 .LVU367
 4384              	.LLST46:
 4385 007a 06       		.byte	0x6
 4386 007b 40000000 		.4byte	.LVL37
 4387 007f 04       		.byte	0x4
 4388 0080 00       		.uleb128 .LVL37-.LVL37
 4389 0081 13       		.uleb128 .LVL38-1-.LVL37
ARM GAS  /tmp/ccM7HEsR.s 			page 78


 4390 0082 01       		.uleb128 0x1
 4391 0083 50       		.byte	0x50
 4392 0084 04       		.byte	0x4
 4393 0085 24       		.uleb128 .LVL39-.LVL37
 4394 0086 3F       		.uleb128 .LVL43-1-.LVL37
 4395 0087 01       		.uleb128 0x1
 4396 0088 50       		.byte	0x50
 4397 0089 00       		.byte	0
 4398              	.LVUS47:
 4399 008a 00       		.uleb128 .LVU310
 4400 008b 01       		.uleb128 .LVU324
 4401 008c 00       		.uleb128 .LVU351
 4402 008d 00       		.uleb128 .LVU356
 4403 008e 00       		.uleb128 .LVU356
 4404 008f 01       		.uleb128 .LVU368
 4405              	.LLST47:
 4406 0090 06       		.byte	0x6
 4407 0091 40000000 		.4byte	.LVL37
 4408 0095 04       		.byte	0x4
 4409 0096 00       		.uleb128 .LVL37-.LVL37
 4410 0097 14       		.uleb128 .LVL38-.LVL37
 4411 0098 01       		.uleb128 0x1
 4412 0099 55       		.byte	0x55
 4413 009a 04       		.byte	0x4
 4414 009b 34       		.uleb128 .LVL41-.LVL37
 4415 009c 38       		.uleb128 .LVL42-.LVL37
 4416 009d 01       		.uleb128 0x1
 4417 009e 55       		.byte	0x55
 4418 009f 04       		.byte	0x4
 4419 00a0 38       		.uleb128 .LVL42-.LVL37
 4420 00a1 40       		.uleb128 .LVL43-.LVL37
 4421 00a2 02       		.uleb128 0x2
 4422 00a3 30       		.byte	0x30
 4423 00a4 9F       		.byte	0x9f
 4424 00a5 00       		.byte	0
 4425              	.LVUS48:
 4426 00a6 00       		.uleb128 .LVU310
 4427 00a7 01       		.uleb128 .LVU324
 4428 00a8 00       		.uleb128 .LVU347
 4429 00a9 01       		.uleb128 .LVU368
 4430              	.LLST48:
 4431 00aa 06       		.byte	0x6
 4432 00ab 40000000 		.4byte	.LVL37
 4433 00af 04       		.byte	0x4
 4434 00b0 00       		.uleb128 .LVL37-.LVL37
 4435 00b1 14       		.uleb128 .LVL38-.LVL37
 4436 00b2 01       		.uleb128 0x1
 4437 00b3 54       		.byte	0x54
 4438 00b4 04       		.byte	0x4
 4439 00b5 2C       		.uleb128 .LVL40-.LVL37
 4440 00b6 40       		.uleb128 .LVL43-.LVL37
 4441 00b7 01       		.uleb128 0x1
 4442 00b8 54       		.byte	0x54
 4443 00b9 00       		.byte	0
 4444              	.LVUS50:
 4445 00ba 00       		.uleb128 .LVU310
 4446 00bb 00       		.uleb128 .LVU333
ARM GAS  /tmp/ccM7HEsR.s 			page 79


 4447 00bc 01       		.uleb128 .LVU348
 4448 00bd 00       		.uleb128 .LVU371
 4449              	.LLST50:
 4450 00be 06       		.byte	0x6
 4451 00bf 40000000 		.4byte	.LVL37
 4452 00c3 04       		.byte	0x4
 4453 00c4 00       		.uleb128 .LVL37-.LVL37
 4454 00c5 24       		.uleb128 .LVL39-.LVL37
 4455 00c6 01       		.uleb128 0x1
 4456 00c7 54       		.byte	0x54
 4457 00c8 04       		.byte	0x4
 4458 00c9 2C       		.uleb128 .LVL40-.LVL37
 4459 00ca 44       		.uleb128 .LVL44-.LVL37
 4460 00cb 01       		.uleb128 0x1
 4461 00cc 54       		.byte	0x54
 4462 00cd 00       		.byte	0
 4463              	.LVUS24:
 4464 00ce 00       		.uleb128 0
 4465 00cf 00       		.uleb128 .LVU192
 4466 00d0 00       		.uleb128 .LVU192
 4467 00d1 00       		.uleb128 0
 4468              	.LLST24:
 4469 00d2 06       		.byte	0x6
 4470 00d3 00000000 		.4byte	.LVL20
 4471 00d7 04       		.byte	0x4
 4472 00d8 00       		.uleb128 .LVL20-.LVL20
 4473 00d9 20       		.uleb128 .LVL22-.LVL20
 4474 00da 01       		.uleb128 0x1
 4475 00db 50       		.byte	0x50
 4476 00dc 04       		.byte	0x4
 4477 00dd 20       		.uleb128 .LVL22-.LVL20
 4478 00de 8C01     		.uleb128 .LFE210-.LVL20
 4479 00e0 01       		.uleb128 0x1
 4480 00e1 56       		.byte	0x56
 4481 00e2 00       		.byte	0
 4482              	.LVUS25:
 4483 00e3 01       		.uleb128 .LVU205
 4484 00e4 00       		.uleb128 .LVU222
 4485 00e5 01       		.uleb128 .LVU223
 4486 00e6 00       		.uleb128 .LVU229
 4487 00e7 00       		.uleb128 .LVU229
 4488 00e8 00       		.uleb128 .LVU263
 4489 00e9 01       		.uleb128 .LVU264
 4490 00ea 00       		.uleb128 .LVU267
 4491 00eb 00       		.uleb128 .LVU268
 4492 00ec 00       		.uleb128 0
 4493              	.LLST25:
 4494 00ed 06       		.byte	0x6
 4495 00ee 2C000000 		.4byte	.LVL23
 4496 00f2 04       		.byte	0x4
 4497 00f3 00       		.uleb128 .LVL23-.LVL23
 4498 00f4 23       		.uleb128 .LVL25-1-.LVL23
 4499 00f5 01       		.uleb128 0x1
 4500 00f6 50       		.byte	0x50
 4501 00f7 04       		.byte	0x4
 4502 00f8 24       		.uleb128 .LVL25-.LVL23
 4503 00f9 30       		.uleb128 .LVL26-.LVL23
ARM GAS  /tmp/ccM7HEsR.s 			page 80


 4504 00fa 01       		.uleb128 0x1
 4505 00fb 54       		.byte	0x54
 4506 00fc 04       		.byte	0x4
 4507 00fd 30       		.uleb128 .LVL26-.LVL23
 4508 00fe 4B       		.uleb128 .LVL30-1-.LVL23
 4509 00ff 01       		.uleb128 0x1
 4510 0100 50       		.byte	0x50
 4511 0101 04       		.byte	0x4
 4512 0102 4C       		.uleb128 .LVL30-.LVL23
 4513 0103 50       		.uleb128 .LVL31-.LVL23
 4514 0104 02       		.uleb128 0x2
 4515 0105 30       		.byte	0x30
 4516 0106 9F       		.byte	0x9f
 4517 0107 04       		.byte	0x4
 4518 0108 58       		.uleb128 .LVL32-.LVL23
 4519 0109 60       		.uleb128 .LFE210-.LVL23
 4520 010a 01       		.uleb128 0x1
 4521 010b 50       		.byte	0x50
 4522 010c 00       		.byte	0
 4523              	.LVUS27:
 4524 010d 00       		.uleb128 .LVU192
 4525 010e 01       		.uleb128 .LVU205
 4526              	.LLST27:
 4527 010f 08       		.byte	0x8
 4528 0110 20000000 		.4byte	.LVL22
 4529 0114 0C       		.uleb128 .LVL23-.LVL22
 4530 0115 01       		.uleb128 0x1
 4531 0116 50       		.byte	0x50
 4532 0117 00       		.byte	0
 4533              	.LVUS28:
 4534 0118 00       		.uleb128 .LVU189
 4535 0119 01       		.uleb128 .LVU205
 4536              	.LLST28:
 4537 011a 08       		.byte	0x8
 4538 011b 18000000 		.4byte	.LVL21
 4539 011f 14       		.uleb128 .LVL23-.LVL21
 4540 0120 01       		.uleb128 0x1
 4541 0121 53       		.byte	0x53
 4542 0122 00       		.byte	0
 4543              	.LVUS31:
 4544 0123 00       		.uleb128 .LVU209
 4545 0124 00       		.uleb128 .LVU222
 4546 0125 01       		.uleb128 .LVU230
 4547 0126 00       		.uleb128 .LVU263
 4548              	.LLST31:
 4549 0127 06       		.byte	0x6
 4550 0128 3C000000 		.4byte	.LVL24
 4551 012c 04       		.byte	0x4
 4552 012d 00       		.uleb128 .LVL24-.LVL24
 4553 012e 13       		.uleb128 .LVL25-1-.LVL24
 4554 012f 01       		.uleb128 0x1
 4555 0130 50       		.byte	0x50
 4556 0131 04       		.byte	0x4
 4557 0132 20       		.uleb128 .LVL26-.LVL24
 4558 0133 3B       		.uleb128 .LVL30-1-.LVL24
 4559 0134 01       		.uleb128 0x1
 4560 0135 50       		.byte	0x50
ARM GAS  /tmp/ccM7HEsR.s 			page 81


 4561 0136 00       		.byte	0
 4562              	.LVUS32:
 4563 0137 00       		.uleb128 .LVU209
 4564 0138 01       		.uleb128 .LVU223
 4565 0139 00       		.uleb128 .LVU247
 4566 013a 00       		.uleb128 .LVU252
 4567 013b 00       		.uleb128 .LVU252
 4568 013c 01       		.uleb128 .LVU264
 4569              	.LLST32:
 4570 013d 06       		.byte	0x6
 4571 013e 3C000000 		.4byte	.LVL24
 4572 0142 04       		.byte	0x4
 4573 0143 00       		.uleb128 .LVL24-.LVL24
 4574 0144 14       		.uleb128 .LVL25-.LVL24
 4575 0145 01       		.uleb128 0x1
 4576 0146 54       		.byte	0x54
 4577 0147 04       		.byte	0x4
 4578 0148 30       		.uleb128 .LVL28-.LVL24
 4579 0149 34       		.uleb128 .LVL29-.LVL24
 4580 014a 01       		.uleb128 0x1
 4581 014b 54       		.byte	0x54
 4582 014c 04       		.byte	0x4
 4583 014d 34       		.uleb128 .LVL29-.LVL24
 4584 014e 3C       		.uleb128 .LVL30-.LVL24
 4585 014f 02       		.uleb128 0x2
 4586 0150 30       		.byte	0x30
 4587 0151 9F       		.byte	0x9f
 4588 0152 00       		.byte	0
 4589              	.LVUS33:
 4590 0153 00       		.uleb128 .LVU209
 4591 0154 00       		.uleb128 .LVU222
 4592 0155 00       		.uleb128 .LVU222
 4593 0156 01       		.uleb128 .LVU223
 4594 0157 00       		.uleb128 .LVU243
 4595 0158 00       		.uleb128 .LVU263
 4596 0159 00       		.uleb128 .LVU263
 4597 015a 01       		.uleb128 .LVU264
 4598              	.LLST33:
 4599 015b 06       		.byte	0x6
 4600 015c 3C000000 		.4byte	.LVL24
 4601 0160 04       		.byte	0x4
 4602 0161 00       		.uleb128 .LVL24-.LVL24
 4603 0162 13       		.uleb128 .LVL25-1-.LVL24
 4604 0163 01       		.uleb128 0x1
 4605 0164 53       		.byte	0x53
 4606 0165 04       		.byte	0x4
 4607 0166 13       		.uleb128 .LVL25-1-.LVL24
 4608 0167 14       		.uleb128 .LVL25-.LVL24
 4609 0168 03       		.uleb128 0x3
 4610 0169 74       		.byte	0x74
 4611 016a 24       		.sleb128 36
 4612 016b 9F       		.byte	0x9f
 4613 016c 04       		.byte	0x4
 4614 016d 28       		.uleb128 .LVL27-.LVL24
 4615 016e 3B       		.uleb128 .LVL30-1-.LVL24
 4616 016f 01       		.uleb128 0x1
 4617 0170 53       		.byte	0x53
ARM GAS  /tmp/ccM7HEsR.s 			page 82


 4618 0171 04       		.byte	0x4
 4619 0172 3B       		.uleb128 .LVL30-1-.LVL24
 4620 0173 3C       		.uleb128 .LVL30-.LVL24
 4621 0174 03       		.uleb128 0x3
 4622 0175 74       		.byte	0x74
 4623 0176 24       		.sleb128 36
 4624 0177 9F       		.byte	0x9f
 4625 0178 00       		.byte	0
 4626              	.LVUS35:
 4627 0179 00       		.uleb128 .LVU209
 4628 017a 00       		.uleb128 .LVU222
 4629 017b 00       		.uleb128 .LVU222
 4630 017c 00       		.uleb128 .LVU229
 4631 017d 01       		.uleb128 .LVU244
 4632 017e 00       		.uleb128 .LVU263
 4633 017f 00       		.uleb128 .LVU263
 4634 0180 00       		.uleb128 .LVU267
 4635              	.LLST35:
 4636 0181 06       		.byte	0x6
 4637 0182 3C000000 		.4byte	.LVL24
 4638 0186 04       		.byte	0x4
 4639 0187 00       		.uleb128 .LVL24-.LVL24
 4640 0188 13       		.uleb128 .LVL25-1-.LVL24
 4641 0189 01       		.uleb128 0x1
 4642 018a 53       		.byte	0x53
 4643 018b 04       		.byte	0x4
 4644 018c 13       		.uleb128 .LVL25-1-.LVL24
 4645 018d 20       		.uleb128 .LVL26-.LVL24
 4646 018e 03       		.uleb128 0x3
 4647 018f 74       		.byte	0x74
 4648 0190 24       		.sleb128 36
 4649 0191 9F       		.byte	0x9f
 4650 0192 04       		.byte	0x4
 4651 0193 28       		.uleb128 .LVL27-.LVL24
 4652 0194 3B       		.uleb128 .LVL30-1-.LVL24
 4653 0195 01       		.uleb128 0x1
 4654 0196 53       		.byte	0x53
 4655 0197 04       		.byte	0x4
 4656 0198 3B       		.uleb128 .LVL30-1-.LVL24
 4657 0199 40       		.uleb128 .LVL31-.LVL24
 4658 019a 03       		.uleb128 0x3
 4659 019b 74       		.byte	0x74
 4660 019c 24       		.sleb128 36
 4661 019d 9F       		.byte	0x9f
 4662 019e 00       		.byte	0
 4663              	.LVUS9:
 4664 019f 00       		.uleb128 0
 4665 01a0 00       		.uleb128 .LVU106
 4666 01a1 00       		.uleb128 .LVU106
 4667 01a2 00       		.uleb128 0
 4668              	.LLST9:
 4669 01a3 06       		.byte	0x6
 4670 01a4 00000000 		.4byte	.LVL7
 4671 01a8 04       		.byte	0x4
 4672 01a9 00       		.uleb128 .LVL7-.LVL7
 4673 01aa 30       		.uleb128 .LVL11-.LVL7
 4674 01ab 01       		.uleb128 0x1
ARM GAS  /tmp/ccM7HEsR.s 			page 83


 4675 01ac 50       		.byte	0x50
 4676 01ad 04       		.byte	0x4
 4677 01ae 30       		.uleb128 .LVL11-.LVL7
 4678 01af 8C01     		.uleb128 .LFE209-.LVL7
 4679 01b1 01       		.uleb128 0x1
 4680 01b2 57       		.byte	0x57
 4681 01b3 00       		.byte	0
 4682              	.LVUS10:
 4683 01b4 01       		.uleb128 .LVU105
 4684 01b5 01       		.uleb128 .LVU121
 4685 01b6 01       		.uleb128 .LVU121
 4686 01b7 00       		.uleb128 .LVU124
 4687 01b8 00       		.uleb128 .LVU124
 4688 01b9 01       		.uleb128 .LVU167
 4689 01ba 01       		.uleb128 .LVU167
 4690 01bb 00       		.uleb128 .LVU170
 4691              	.LLST10:
 4692 01bc 06       		.byte	0x6
 4693 01bd 2C000000 		.4byte	.LVL10
 4694 01c1 04       		.byte	0x4
 4695 01c2 00       		.uleb128 .LVL10-.LVL10
 4696 01c3 1C       		.uleb128 .LVL12-.LVL10
 4697 01c4 01       		.uleb128 0x1
 4698 01c5 54       		.byte	0x54
 4699 01c6 04       		.byte	0x4
 4700 01c7 1C       		.uleb128 .LVL12-.LVL10
 4701 01c8 20       		.uleb128 .LVL13-.LVL10
 4702 01c9 01       		.uleb128 0x1
 4703 01ca 55       		.byte	0x55
 4704 01cb 04       		.byte	0x4
 4705 01cc 20       		.uleb128 .LVL13-.LVL10
 4706 01cd 54       		.uleb128 .LVL18-.LVL10
 4707 01ce 01       		.uleb128 0x1
 4708 01cf 54       		.byte	0x54
 4709 01d0 04       		.byte	0x4
 4710 01d1 54       		.uleb128 .LVL18-.LVL10
 4711 01d2 58       		.uleb128 .LVL19-.LVL10
 4712 01d3 02       		.uleb128 0x2
 4713 01d4 30       		.byte	0x30
 4714 01d5 9F       		.byte	0x9f
 4715 01d6 00       		.byte	0
 4716              	.LVUS12:
 4717 01d7 00       		.uleb128 .LVU92
 4718 01d8 01       		.uleb128 .LVU105
 4719              	.LLST12:
 4720 01d9 08       		.byte	0x8
 4721 01da 20000000 		.4byte	.LVL9
 4722 01de 0C       		.uleb128 .LVL10-.LVL9
 4723 01df 01       		.uleb128 0x1
 4724 01e0 54       		.byte	0x54
 4725 01e1 00       		.byte	0
 4726              	.LVUS13:
 4727 01e2 00       		.uleb128 .LVU89
 4728 01e3 01       		.uleb128 .LVU105
 4729              	.LLST13:
 4730 01e4 08       		.byte	0x8
 4731 01e5 18000000 		.4byte	.LVL8
ARM GAS  /tmp/ccM7HEsR.s 			page 84


 4732 01e9 14       		.uleb128 .LVL10-.LVL8
 4733 01ea 01       		.uleb128 0x1
 4734 01eb 53       		.byte	0x53
 4735 01ec 00       		.byte	0
 4736              	.LVUS16:
 4737 01ed 00       		.uleb128 .LVU106
 4738 01ee 01       		.uleb128 .LVU121
 4739 01ef 01       		.uleb128 .LVU131
 4740 01f0 01       		.uleb128 .LVU167
 4741              	.LLST16:
 4742 01f1 06       		.byte	0x6
 4743 01f2 30000000 		.4byte	.LVL11
 4744 01f6 04       		.byte	0x4
 4745 01f7 00       		.uleb128 .LVL11-.LVL11
 4746 01f8 18       		.uleb128 .LVL12-.LVL11
 4747 01f9 01       		.uleb128 0x1
 4748 01fa 54       		.byte	0x54
 4749 01fb 04       		.byte	0x4
 4750 01fc 28       		.uleb128 .LVL14-.LVL11
 4751 01fd 50       		.uleb128 .LVL18-.LVL11
 4752 01fe 01       		.uleb128 0x1
 4753 01ff 54       		.byte	0x54
 4754 0200 00       		.byte	0
 4755              	.LVUS17:
 4756 0201 00       		.uleb128 .LVU106
 4757 0202 01       		.uleb128 .LVU121
 4758 0203 00       		.uleb128 .LVU150
 4759 0204 00       		.uleb128 .LVU155
 4760 0205 00       		.uleb128 .LVU155
 4761 0206 01       		.uleb128 .LVU167
 4762              	.LLST17:
 4763 0207 06       		.byte	0x6
 4764 0208 30000000 		.4byte	.LVL11
 4765 020c 04       		.byte	0x4
 4766 020d 00       		.uleb128 .LVL11-.LVL11
 4767 020e 18       		.uleb128 .LVL12-.LVL11
 4768 020f 01       		.uleb128 0x1
 4769 0210 55       		.byte	0x55
 4770 0211 04       		.byte	0x4
 4771 0212 40       		.uleb128 .LVL16-.LVL11
 4772 0213 44       		.uleb128 .LVL17-.LVL11
 4773 0214 01       		.uleb128 0x1
 4774 0215 55       		.byte	0x55
 4775 0216 04       		.byte	0x4
 4776 0217 44       		.uleb128 .LVL17-.LVL11
 4777 0218 50       		.uleb128 .LVL18-.LVL11
 4778 0219 02       		.uleb128 0x2
 4779 021a 30       		.byte	0x30
 4780 021b 9F       		.byte	0x9f
 4781 021c 00       		.byte	0
 4782              	.LVUS18:
 4783 021d 00       		.uleb128 .LVU106
 4784 021e 00       		.uleb128 .LVU120
 4785 021f 00       		.uleb128 .LVU120
 4786 0220 01       		.uleb128 .LVU121
 4787 0221 00       		.uleb128 .LVU146
 4788 0222 00       		.uleb128 .LVU166
ARM GAS  /tmp/ccM7HEsR.s 			page 85


 4789 0223 00       		.uleb128 .LVU166
 4790 0224 01       		.uleb128 .LVU167
 4791              	.LLST18:
 4792 0225 06       		.byte	0x6
 4793 0226 30000000 		.4byte	.LVL11
 4794 022a 04       		.byte	0x4
 4795 022b 00       		.uleb128 .LVL11-.LVL11
 4796 022c 17       		.uleb128 .LVL12-1-.LVL11
 4797 022d 01       		.uleb128 0x1
 4798 022e 53       		.byte	0x53
 4799 022f 04       		.byte	0x4
 4800 0230 17       		.uleb128 .LVL12-1-.LVL11
 4801 0231 18       		.uleb128 .LVL12-.LVL11
 4802 0232 03       		.uleb128 0x3
 4803 0233 75       		.byte	0x75
 4804 0234 24       		.sleb128 36
 4805 0235 9F       		.byte	0x9f
 4806 0236 04       		.byte	0x4
 4807 0237 38       		.uleb128 .LVL15-.LVL11
 4808 0238 4F       		.uleb128 .LVL18-1-.LVL11
 4809 0239 01       		.uleb128 0x1
 4810 023a 53       		.byte	0x53
 4811 023b 04       		.byte	0x4
 4812 023c 4F       		.uleb128 .LVL18-1-.LVL11
 4813 023d 50       		.uleb128 .LVL18-.LVL11
 4814 023e 03       		.uleb128 0x3
 4815 023f 75       		.byte	0x75
 4816 0240 24       		.sleb128 36
 4817 0241 9F       		.byte	0x9f
 4818 0242 00       		.byte	0
 4819              	.LVUS20:
 4820 0243 00       		.uleb128 .LVU106
 4821 0244 00       		.uleb128 .LVU120
 4822 0245 00       		.uleb128 .LVU120
 4823 0246 00       		.uleb128 .LVU124
 4824 0247 01       		.uleb128 .LVU147
 4825 0248 00       		.uleb128 .LVU166
 4826 0249 00       		.uleb128 .LVU166
 4827 024a 00       		.uleb128 .LVU170
 4828              	.LLST20:
 4829 024b 06       		.byte	0x6
 4830 024c 30000000 		.4byte	.LVL11
 4831 0250 04       		.byte	0x4
 4832 0251 00       		.uleb128 .LVL11-.LVL11
 4833 0252 17       		.uleb128 .LVL12-1-.LVL11
 4834 0253 01       		.uleb128 0x1
 4835 0254 53       		.byte	0x53
 4836 0255 04       		.byte	0x4
 4837 0256 17       		.uleb128 .LVL12-1-.LVL11
 4838 0257 1C       		.uleb128 .LVL13-.LVL11
 4839 0258 03       		.uleb128 0x3
 4840 0259 75       		.byte	0x75
 4841 025a 24       		.sleb128 36
 4842 025b 9F       		.byte	0x9f
 4843 025c 04       		.byte	0x4
 4844 025d 38       		.uleb128 .LVL15-.LVL11
 4845 025e 4F       		.uleb128 .LVL18-1-.LVL11
ARM GAS  /tmp/ccM7HEsR.s 			page 86


 4846 025f 01       		.uleb128 0x1
 4847 0260 53       		.byte	0x53
 4848 0261 04       		.byte	0x4
 4849 0262 4F       		.uleb128 .LVL18-1-.LVL11
 4850 0263 54       		.uleb128 .LVL19-.LVL11
 4851 0264 03       		.uleb128 0x3
 4852 0265 75       		.byte	0x75
 4853 0266 24       		.sleb128 36
 4854 0267 9F       		.byte	0x9f
 4855 0268 00       		.byte	0
 4856              	.LVUS23:
 4857 0269 02       		.uleb128 .LVU126
 4858 026a 04       		.uleb128 .LVU128
 4859              	.LLST23:
 4860 026b 08       		.byte	0x8
 4861 026c 4C000000 		.4byte	.LVL13
 4862 0270 00       		.uleb128 .LVL13-.LVL13
 4863 0271 01       		.uleb128 0x1
 4864 0272 54       		.byte	0x54
 4865 0273 00       		.byte	0
 4866              	.LVUS0:
 4867 0274 01       		.uleb128 .LVU13
 4868 0275 00       		.uleb128 .LVU27
 4869 0276 00       		.uleb128 .LVU27
 4870 0277 00       		.uleb128 0
 4871              	.LLST0:
 4872 0278 06       		.byte	0x6
 4873 0279 10000000 		.4byte	.LVL0
 4874 027d 04       		.byte	0x4
 4875 027e 00       		.uleb128 .LVL0-.LVL0
 4876 027f 14       		.uleb128 .LVL1-.LVL0
 4877 0280 03       		.uleb128 0x3
 4878 0281 70       		.byte	0x70
 4879 0282 5C       		.sleb128 -36
 4880 0283 9F       		.byte	0x9f
 4881 0284 04       		.byte	0x4
 4882 0285 14       		.uleb128 .LVL1-.LVL0
 4883 0286 18       		.uleb128 .LFE207-.LVL0
 4884 0287 01       		.uleb128 0x1
 4885 0288 50       		.byte	0x50
 4886 0289 00       		.byte	0
 4887              	.LVUS1:
 4888 028a 00       		.uleb128 .LVU12
 4889 028b 00       		.uleb128 .LVU27
 4890 028c 00       		.uleb128 .LVU27
 4891 028d 00       		.uleb128 0
 4892              	.LLST1:
 4893 028e 06       		.byte	0x6
 4894 028f 10000000 		.4byte	.LVL0
 4895 0293 04       		.byte	0x4
 4896 0294 00       		.uleb128 .LVL0-.LVL0
 4897 0295 14       		.uleb128 .LVL1-.LVL0
 4898 0296 01       		.uleb128 0x1
 4899 0297 50       		.byte	0x50
 4900 0298 04       		.byte	0x4
 4901 0299 14       		.uleb128 .LVL1-.LVL0
 4902 029a 18       		.uleb128 .LFE207-.LVL0
ARM GAS  /tmp/ccM7HEsR.s 			page 87


 4903 029b 03       		.uleb128 0x3
 4904 029c 70       		.byte	0x70
 4905 029d 24       		.sleb128 36
 4906 029e 9F       		.byte	0x9f
 4907 029f 00       		.byte	0
 4908              	.LVUS2:
 4909 02a0 00       		.uleb128 0
 4910 02a1 00       		.uleb128 .LVU69
 4911 02a2 00       		.uleb128 .LVU69
 4912 02a3 00       		.uleb128 0
 4913              	.LLST2:
 4914 02a4 06       		.byte	0x6
 4915 02a5 00000000 		.4byte	.LVL2
 4916 02a9 04       		.byte	0x4
 4917 02aa 00       		.uleb128 .LVL2-.LVL2
 4918 02ab 2F       		.uleb128 .LVL6-1-.LVL2
 4919 02ac 01       		.uleb128 0x1
 4920 02ad 50       		.byte	0x50
 4921 02ae 04       		.byte	0x4
 4922 02af 2F       		.uleb128 .LVL6-1-.LVL2
 4923 02b0 3C       		.uleb128 .LFE208-.LVL2
 4924 02b1 0A       		.uleb128 0xa
 4925 02b2 A3       		.byte	0xa3
 4926 02b3 03       		.uleb128 0x3
 4927 02b4 A5       		.byte	0xa5
 4928 02b5 00       		.uleb128 0
 4929 02b6 26       		.uleb128 0x26
 4930 02b7 A8       		.byte	0xa8
 4931 02b8 2D       		.uleb128 0x2d
 4932 02b9 A8       		.byte	0xa8
 4933 02ba 00       		.uleb128 0
 4934 02bb 9F       		.byte	0x9f
 4935 02bc 00       		.byte	0
 4936              	.LVUS3:
 4937 02bd 04       		.uleb128 .LVU55
 4938 02be 00       		.uleb128 0
 4939              	.LLST3:
 4940 02bf 08       		.byte	0x8
 4941 02c0 24000000 		.4byte	.LVL5
 4942 02c4 18       		.uleb128 .LFE208-.LVL5
 4943 02c5 01       		.uleb128 0x1
 4944 02c6 54       		.byte	0x54
 4945 02c7 00       		.byte	0
 4946              	.LVUS4:
 4947 02c8 00       		.uleb128 .LVU43
 4948 02c9 00       		.uleb128 .LVU69
 4949              	.LLST4:
 4950 02ca 08       		.byte	0x8
 4951 02cb 10000000 		.4byte	.LVL3
 4952 02cf 1F       		.uleb128 .LVL6-1-.LVL3
 4953 02d0 01       		.uleb128 0x1
 4954 02d1 53       		.byte	0x53
 4955 02d2 00       		.byte	0
 4956              	.LVUS7:
 4957 02d3 01       		.uleb128 .LVU46
 4958 02d4 00       		.uleb128 .LVU69
 4959              	.LLST7:
ARM GAS  /tmp/ccM7HEsR.s 			page 88


 4960 02d5 08       		.byte	0x8
 4961 02d6 14000000 		.4byte	.LVL4
 4962 02da 1B       		.uleb128 .LVL6-1-.LVL4
 4963 02db 01       		.uleb128 0x1
 4964 02dc 53       		.byte	0x53
 4965 02dd 00       		.byte	0
 4966              	.Ldebug_loc3:
 4967              		.section	.debug_aranges,"",%progbits
 4968 0000 3C000000 		.4byte	0x3c
 4969 0004 0200     		.2byte	0x2
 4970 0006 00000000 		.4byte	.Ldebug_info0
 4971 000a 04       		.byte	0x4
 4972 000b 00       		.byte	0
 4973 000c 0000     		.2byte	0
 4974 000e 0000     		.2byte	0
 4975 0010 00000000 		.4byte	.LFB207
 4976 0014 28000000 		.4byte	.LFE207-.LFB207
 4977 0018 00000000 		.4byte	.LFB208
 4978 001c 3C000000 		.4byte	.LFE208-.LFB208
 4979 0020 00000000 		.4byte	.LFB209
 4980 0024 8C000000 		.4byte	.LFE209-.LFB209
 4981 0028 00000000 		.4byte	.LFB210
 4982 002c 8C000000 		.4byte	.LFE210-.LFB210
 4983 0030 00000000 		.4byte	.LFB211
 4984 0034 94000000 		.4byte	.LFE211-.LFB211
 4985 0038 00000000 		.4byte	0
 4986 003c 00000000 		.4byte	0
 4987              		.section	.debug_rnglists,"",%progbits
 4988              	.Ldebug_ranges0:
 4989 0000 32010000 		.4byte	.Ldebug_ranges3-.Ldebug_ranges2
 4990              	.Ldebug_ranges2:
 4991 0004 0500     		.2byte	0x5
 4992 0006 04       		.byte	0x4
 4993 0007 00       		.byte	0
 4994 0008 00000000 		.4byte	0
 4995              	.LLRL5:
 4996 000c 05       		.byte	0x5
 4997 000d 00000000 		.4byte	.LBB69
 4998 0011 04       		.byte	0x4
 4999 0012 00       		.uleb128 .LBB69-.LBB69
 5000 0013 00       		.uleb128 .LBE69-.LBB69
 5001 0014 04       		.byte	0x4
 5002 0015 04       		.uleb128 .LBB74-.LBB69
 5003 0016 08       		.uleb128 .LBE74-.LBB69
 5004 0017 00       		.byte	0
 5005              	.LLRL6:
 5006 0018 05       		.byte	0x5
 5007 0019 14000000 		.4byte	.LBB75
 5008 001d 04       		.byte	0x4
 5009 001e 00       		.uleb128 .LBB75-.LBB75
 5010 001f 04       		.uleb128 .LBE75-.LBB75
 5011 0020 04       		.byte	0x4
 5012 0021 08       		.uleb128 .LBB76-.LBB75
 5013 0022 10       		.uleb128 .LBE76-.LBB75
 5014 0023 04       		.byte	0x4
 5015 0024 10       		.uleb128 .LBB84-.LBB75
 5016 0025 14       		.uleb128 .LBE84-.LBB75
ARM GAS  /tmp/ccM7HEsR.s 			page 89


 5017 0026 00       		.byte	0
 5018              	.LLRL8:
 5019 0027 05       		.byte	0x5
 5020 0028 24000000 		.4byte	.LBB77
 5021 002c 04       		.byte	0x4
 5022 002d 00       		.uleb128 .LBB77-.LBB77
 5023 002e 00       		.uleb128 .LBE77-.LBB77
 5024 002f 04       		.byte	0x4
 5025 0030 04       		.uleb128 .LBB85-.LBB77
 5026 0031 08       		.uleb128 .LBE85-.LBB77
 5027 0032 00       		.byte	0
 5028              	.LLRL11:
 5029 0033 05       		.byte	0x5
 5030 0034 00000000 		.4byte	.LBB107
 5031 0038 04       		.byte	0x4
 5032 0039 00       		.uleb128 .LBB107-.LBB107
 5033 003a 00       		.uleb128 .LBE107-.LBB107
 5034 003b 04       		.byte	0x4
 5035 003c 08       		.uleb128 .LBB120-.LBB107
 5036 003d 30       		.uleb128 .LBE120-.LBB107
 5037 003e 00       		.byte	0
 5038              	.LLRL14:
 5039 003f 05       		.byte	0x5
 5040 0040 00000000 		.4byte	.LBB109
 5041 0044 04       		.byte	0x4
 5042 0045 00       		.uleb128 .LBB109-.LBB109
 5043 0046 00       		.uleb128 .LBE109-.LBB109
 5044 0047 04       		.byte	0x4
 5045 0048 08       		.uleb128 .LBB114-.LBB109
 5046 0049 0C       		.uleb128 .LBE114-.LBB109
 5047 004a 00       		.byte	0
 5048              	.LLRL15:
 5049 004b 05       		.byte	0x5
 5050 004c 30000000 		.4byte	.LBB121
 5051 0050 04       		.byte	0x4
 5052 0051 00       		.uleb128 .LBB121-.LBB121
 5053 0052 18       		.uleb128 .LBE121-.LBB121
 5054 0053 04       		.byte	0x4
 5055 0054 28       		.uleb128 .LBB145-.LBB121
 5056 0055 28       		.uleb128 .LBE145-.LBB121
 5057 0056 04       		.byte	0x4
 5058 0057 30       		.uleb128 .LBB146-.LBB121
 5059 0058 50       		.uleb128 .LBE146-.LBB121
 5060 0059 00       		.byte	0
 5061              	.LLRL19:
 5062 005a 05       		.byte	0x5
 5063 005b 30000000 		.4byte	.LBB123
 5064 005f 04       		.byte	0x4
 5065 0060 00       		.uleb128 .LBB123-.LBB123
 5066 0061 0C       		.uleb128 .LBE123-.LBB123
 5067 0062 04       		.byte	0x4
 5068 0063 34       		.uleb128 .LBB137-.LBB123
 5069 0064 34       		.uleb128 .LBE137-.LBB123
 5070 0065 04       		.byte	0x4
 5071 0066 38       		.uleb128 .LBB138-.LBB123
 5072 0067 38       		.uleb128 .LBE138-.LBB123
 5073 0068 04       		.byte	0x4
ARM GAS  /tmp/ccM7HEsR.s 			page 90


 5074 0069 3C       		.uleb128 .LBB139-.LBB123
 5075 006a 40       		.uleb128 .LBE139-.LBB123
 5076 006b 00       		.byte	0
 5077              	.LLRL21:
 5078 006c 05       		.byte	0x5
 5079 006d 3C000000 		.4byte	.LBB124
 5080 0071 04       		.byte	0x4
 5081 0072 00       		.uleb128 .LBB124-.LBB124
 5082 0073 04       		.uleb128 .LBE124-.LBB124
 5083 0074 04       		.byte	0x4
 5084 0075 38       		.uleb128 .LBB140-.LBB124
 5085 0076 3C       		.uleb128 .LBE140-.LBB124
 5086 0077 00       		.byte	0
 5087              	.LLRL22:
 5088 0078 05       		.byte	0x5
 5089 0079 58000000 		.4byte	.LBB131
 5090 007d 04       		.byte	0x4
 5091 007e 00       		.uleb128 .LBB131-.LBB131
 5092 007f 00       		.uleb128 .LBE131-.LBB131
 5093 0080 04       		.byte	0x4
 5094 0081 08       		.uleb128 .LBB136-.LBB131
 5095 0082 0C       		.uleb128 .LBE136-.LBB131
 5096 0083 00       		.byte	0
 5097              	.LLRL26:
 5098 0084 05       		.byte	0x5
 5099 0085 00000000 		.4byte	.LBB166
 5100 0089 04       		.byte	0x4
 5101 008a 00       		.uleb128 .LBB166-.LBB166
 5102 008b 00       		.uleb128 .LBE166-.LBB166
 5103 008c 04       		.byte	0x4
 5104 008d 08       		.uleb128 .LBB179-.LBB166
 5105 008e 2C       		.uleb128 .LBE179-.LBB166
 5106 008f 00       		.byte	0
 5107              	.LLRL29:
 5108 0090 05       		.byte	0x5
 5109 0091 00000000 		.4byte	.LBB168
 5110 0095 04       		.byte	0x4
 5111 0096 00       		.uleb128 .LBB168-.LBB168
 5112 0097 00       		.uleb128 .LBE168-.LBB168
 5113 0098 04       		.byte	0x4
 5114 0099 08       		.uleb128 .LBB173-.LBB168
 5115 009a 0C       		.uleb128 .LBE173-.LBB168
 5116 009b 00       		.byte	0
 5117              	.LLRL30:
 5118 009c 05       		.byte	0x5
 5119 009d 3C000000 		.4byte	.LBB180
 5120 00a1 04       		.byte	0x4
 5121 00a2 00       		.uleb128 .LBB180-.LBB180
 5122 00a3 14       		.uleb128 .LBE180-.LBB180
 5123 00a4 04       		.byte	0x4
 5124 00a5 20       		.uleb128 .LBB198-.LBB180
 5125 00a6 3C       		.uleb128 .LBE198-.LBB180
 5126 00a7 00       		.byte	0
 5127              	.LLRL34:
 5128 00a8 05       		.byte	0x5
 5129 00a9 3C000000 		.4byte	.LBB182
 5130 00ad 04       		.byte	0x4
ARM GAS  /tmp/ccM7HEsR.s 			page 91


 5131 00ae 00       		.uleb128 .LBB182-.LBB182
 5132 00af 0C       		.uleb128 .LBE182-.LBB182
 5133 00b0 04       		.byte	0x4
 5134 00b1 24       		.uleb128 .LBB193-.LBB182
 5135 00b2 24       		.uleb128 .LBE193-.LBB182
 5136 00b3 04       		.byte	0x4
 5137 00b4 28       		.uleb128 .LBB194-.LBB182
 5138 00b5 28       		.uleb128 .LBE194-.LBB182
 5139 00b6 04       		.byte	0x4
 5140 00b7 2C       		.uleb128 .LBB195-.LBB182
 5141 00b8 30       		.uleb128 .LBE195-.LBB182
 5142 00b9 00       		.byte	0
 5143              	.LLRL36:
 5144 00ba 05       		.byte	0x5
 5145 00bb 48000000 		.4byte	.LBB183
 5146 00bf 04       		.byte	0x4
 5147 00c0 00       		.uleb128 .LBB183-.LBB183
 5148 00c1 04       		.uleb128 .LBE183-.LBB183
 5149 00c2 04       		.byte	0x4
 5150 00c3 28       		.uleb128 .LBB196-.LBB183
 5151 00c4 2C       		.uleb128 .LBE196-.LBB183
 5152 00c5 00       		.byte	0
 5153              	.LLRL39:
 5154 00c6 05       		.byte	0x5
 5155 00c7 00000000 		.4byte	.LBB220
 5156 00cb 04       		.byte	0x4
 5157 00cc 00       		.uleb128 .LBB220-.LBB220
 5158 00cd 00       		.uleb128 .LBE220-.LBB220
 5159 00ce 04       		.byte	0x4
 5160 00cf 08       		.uleb128 .LBB233-.LBB220
 5161 00d0 2C       		.uleb128 .LBE233-.LBB220
 5162 00d1 00       		.byte	0
 5163              	.LLRL42:
 5164 00d2 05       		.byte	0x5
 5165 00d3 00000000 		.4byte	.LBB222
 5166 00d7 04       		.byte	0x4
 5167 00d8 00       		.uleb128 .LBB222-.LBB222
 5168 00d9 00       		.uleb128 .LBE222-.LBB222
 5169 00da 04       		.byte	0x4
 5170 00db 08       		.uleb128 .LBB227-.LBB222
 5171 00dc 0C       		.uleb128 .LBE227-.LBB222
 5172 00dd 00       		.byte	0
 5173              	.LLRL43:
 5174 00de 05       		.byte	0x5
 5175 00df 2C000000 		.4byte	.LBB234
 5176 00e3 04       		.byte	0x4
 5177 00e4 00       		.uleb128 .LBB234-.LBB234
 5178 00e5 00       		.uleb128 .LBE234-.LBB234
 5179 00e6 04       		.byte	0x4
 5180 00e7 28       		.uleb128 .LBB255-.LBB234
 5181 00e8 28       		.uleb128 .LBE255-.LBB234
 5182 00e9 00       		.byte	0
 5183              	.LLRL45:
 5184 00ea 05       		.byte	0x5
 5185 00eb 40000000 		.4byte	.LBB237
 5186 00ef 04       		.byte	0x4
 5187 00f0 00       		.uleb128 .LBB237-.LBB237
ARM GAS  /tmp/ccM7HEsR.s 			page 92


 5188 00f1 14       		.uleb128 .LBE237-.LBB237
 5189 00f2 04       		.byte	0x4
 5190 00f3 24       		.uleb128 .LBB256-.LBB237
 5191 00f4 40       		.uleb128 .LBE256-.LBB237
 5192 00f5 00       		.byte	0
 5193              	.LLRL49:
 5194 00f6 05       		.byte	0x5
 5195 00f7 40000000 		.4byte	.LBB239
 5196 00fb 04       		.byte	0x4
 5197 00fc 00       		.uleb128 .LBB239-.LBB239
 5198 00fd 0C       		.uleb128 .LBE239-.LBB239
 5199 00fe 04       		.byte	0x4
 5200 00ff 28       		.uleb128 .LBB250-.LBB239
 5201 0100 28       		.uleb128 .LBE250-.LBB239
 5202 0101 04       		.byte	0x4
 5203 0102 2C       		.uleb128 .LBB251-.LBB239
 5204 0103 2C       		.uleb128 .LBE251-.LBB239
 5205 0104 04       		.byte	0x4
 5206 0105 30       		.uleb128 .LBB252-.LBB239
 5207 0106 34       		.uleb128 .LBE252-.LBB239
 5208 0107 00       		.byte	0
 5209              	.LLRL51:
 5210 0108 05       		.byte	0x5
 5211 0109 4C000000 		.4byte	.LBB240
 5212 010d 04       		.byte	0x4
 5213 010e 00       		.uleb128 .LBB240-.LBB240
 5214 010f 04       		.uleb128 .LBE240-.LBB240
 5215 0110 04       		.byte	0x4
 5216 0111 2C       		.uleb128 .LBB253-.LBB240
 5217 0112 30       		.uleb128 .LBE253-.LBB240
 5218 0113 00       		.byte	0
 5219              	.LLRL52:
 5220 0114 07       		.byte	0x7
 5221 0115 00000000 		.4byte	.LFB207
 5222 0119 28       		.uleb128 .LFE207-.LFB207
 5223 011a 07       		.byte	0x7
 5224 011b 00000000 		.4byte	.LFB208
 5225 011f 3C       		.uleb128 .LFE208-.LFB208
 5226 0120 07       		.byte	0x7
 5227 0121 00000000 		.4byte	.LFB209
 5228 0125 8C01     		.uleb128 .LFE209-.LFB209
 5229 0127 07       		.byte	0x7
 5230 0128 00000000 		.4byte	.LFB210
 5231 012c 8C01     		.uleb128 .LFE210-.LFB210
 5232 012e 07       		.byte	0x7
 5233 012f 00000000 		.4byte	.LFB211
 5234 0133 9401     		.uleb128 .LFE211-.LFB211
 5235 0135 00       		.byte	0
 5236              	.Ldebug_ranges3:
 5237              		.section	.debug_line,"",%progbits
 5238              	.Ldebug_line0:
 5239 0000 E3090000 		.section	.debug_str,"MS",%progbits,1
 5239      03008103 
 5239      00000201 
 5239      FB0E0D00 
 5239      01010101 
 5240              	.LASF151:
ARM GAS  /tmp/ccM7HEsR.s 			page 93


 5241 0000 6F66665F 		.ascii	"off_inst_vtlist\000"
 5241      696E7374 
 5241      5F76746C 
 5241      69737400 
 5242              	.LASF114:
 5243 0010 63737461 		.ascii	"cstack_base\000"
 5243      636B5F62 
 5243      61736500 
 5244              	.LASF127:
 5245 001c 74696D65 		.ascii	"timesize\000"
 5245      73697A65 
 5245      00
 5246              	.LASF148:
 5247 0025 6F66665F 		.ascii	"off_sys_reserved\000"
 5247      7379735F 
 5247      72657365 
 5247      72766564 
 5247      00
 5248              	.LASF106:
 5249 0036 77746D74 		.ascii	"wtmtxp\000"
 5249      787000
 5250              	.LASF86:
 5251 003d 63685F73 		.ascii	"ch_sys_running\000"
 5251      79735F72 
 5251      756E6E69 
 5251      6E6700
 5252              	.LASF41:
 5253 004c 64697370 		.ascii	"dispose\000"
 5253      6F736500 
 5254              	.LASF146:
 5255 0054 6F66665F 		.ascii	"off_sys_reglist\000"
 5255      7379735F 
 5255      7265676C 
 5255      69737400 
 5256              	.LASF153:
 5257 0064 6F66665F 		.ascii	"off_inst_core_id\000"
 5257      696E7374 
 5257      5F636F72 
 5257      655F6964 
 5257      00
 5258              	.LASF22:
 5259 0075 706F7274 		.ascii	"port_stkline_t\000"
 5259      5F73746B 
 5259      6C696E65 
 5259      5F7400
 5260              	.LASF94:
 5261 0084 63685F72 		.ascii	"ch_registry\000"
 5261      65676973 
 5261      74727900 
 5262              	.LASF37:
 5263 0090 666C6167 		.ascii	"flags\000"
 5263      7300
 5264              	.LASF67:
 5265 0096 73797374 		.ascii	"systime_t\000"
 5265      696D655F 
 5265      7400
 5266              	.LASF48:
ARM GAS  /tmp/ccM7HEsR.s 			page 94


 5267 00a0 7265616C 		.ascii	"realprio\000"
 5267      7072696F 
 5267      00
 5268              	.LASF145:
 5269 00a9 6F66665F 		.ascii	"off_sys_instances\000"
 5269      7379735F 
 5269      696E7374 
 5269      616E6365 
 5269      7300
 5270              	.LASF160:
 5271 00bb 63685265 		.ascii	"chRegFindThreadByPointer\000"
 5271      6746696E 
 5271      64546872 
 5271      65616442 
 5271      79506F69 
 5272              	.LASF46:
 5273 00d4 6570656E 		.ascii	"epending\000"
 5273      64696E67 
 5273      00
 5274              	.LASF1:
 5275 00dd 756E7369 		.ascii	"unsigned int\000"
 5275      676E6564 
 5275      20696E74 
 5275      00
 5276              	.LASF74:
 5277 00ea 6E657874 		.ascii	"next\000"
 5277      00
 5278              	.LASF125:
 5279 00ef 76657273 		.ascii	"version\000"
 5279      696F6E00 
 5280              	.LASF55:
 5281 00f7 636F7265 		.ascii	"core_id\000"
 5281      5F696400 
 5282              	.LASF11:
 5283 00ff 5F5F696E 		.ascii	"__int32_t\000"
 5283      7433325F 
 5283      7400
 5284              	.LASF38:
 5285 0109 72656673 		.ascii	"refs\000"
 5285      00
 5286              	.LASF139:
 5287 010e 6F66665F 		.ascii	"off_time\000"
 5287      74696D65 
 5287      00
 5288              	.LASF103:
 5289 0117 77746F62 		.ascii	"wtobjp\000"
 5289      6A7000
 5290              	.LASF170:
 5291 011e 706F7274 		.ascii	"port_lock\000"
 5291      5F6C6F63 
 5291      6B00
 5292              	.LASF53:
 5293 0128 76746C69 		.ascii	"vtlist\000"
 5293      737400
 5294              	.LASF71:
 5295 012f 706F7274 		.ascii	"port_context\000"
 5295      5F636F6E 
ARM GAS  /tmp/ccM7HEsR.s 			page 95


 5295      74657874 
 5295      00
 5296              	.LASF169:
 5297 013c 706F7274 		.ascii	"port_unlock\000"
 5297      5F756E6C 
 5297      6F636B00 
 5298              	.LASF110:
 5299 0148 63685F72 		.ascii	"ch_ready_list\000"
 5299      65616479 
 5299      5F6C6973 
 5299      7400
 5300              	.LASF120:
 5301 0156 696E7374 		.ascii	"instances\000"
 5301      616E6365 
 5301      7300
 5302              	.LASF92:
 5303 0160 6C617374 		.ascii	"laststamp\000"
 5303      7374616D 
 5303      7000
 5304              	.LASF107:
 5305 016a 65776D61 		.ascii	"ewmask\000"
 5305      736B00
 5306              	.LASF172:
 5307 0171 2E2E2F2E 		.ascii	"../../../os/rt/src/chregistry.c\000"
 5307      2E2F2E2E 
 5307      2F6F732F 
 5307      72742F73 
 5307      72632F63 
 5308              	.LASF77:
 5309 0191 70726576 		.ascii	"prev\000"
 5309      00
 5310              	.LASF155:
 5311 0196 63686465 		.ascii	"chdebug_t\000"
 5311      6275675F 
 5311      7400
 5312              	.LASF140:
 5313 01a0 6F66665F 		.ascii	"off_reserved\000"
 5313      72657365 
 5313      72766564 
 5313      00
 5314              	.LASF73:
 5315 01ad 63685F6C 		.ascii	"ch_list\000"
 5315      69737400 
 5316              	.LASF131:
 5317 01b5 6F66665F 		.ascii	"off_newer\000"
 5317      6E657765 
 5317      7200
 5318              	.LASF64:
 5319 01bf 63685F73 		.ascii	"ch_system_debug\000"
 5319      79737465 
 5319      6D5F6465 
 5319      62756700 
 5320              	.LASF99:
 5321 01cf 6C697374 		.ascii	"list\000"
 5321      00
 5322              	.LASF82:
 5323 01d4 63685F64 		.ascii	"ch_delta_list\000"
ARM GAS  /tmp/ccM7HEsR.s 			page 96


 5323      656C7461 
 5323      5F6C6973 
 5323      7400
 5324              	.LASF20:
 5325 01e2 75696E74 		.ascii	"uint32_t\000"
 5325      33325F74 
 5325      00
 5326              	.LASF45:
 5327 01eb 73656E74 		.ascii	"sentmsg\000"
 5327      6D736700 
 5328              	.LASF29:
 5329 01f3 6576656E 		.ascii	"eventmask_t\000"
 5329      746D6173 
 5329      6B5F7400 
 5330              	.LASF128:
 5331 01ff 74687265 		.ascii	"threadsize\000"
 5331      61647369 
 5331      7A6500
 5332              	.LASF87:
 5333 020a 63685F73 		.ascii	"ch_sys_halted\000"
 5333      79735F68 
 5333      616C7465 
 5333      6400
 5334              	.LASF108:
 5335 0218 63685F73 		.ascii	"ch_semaphore\000"
 5335      656D6170 
 5335      686F7265 
 5335      00
 5336              	.LASF27:
 5337 0225 74707269 		.ascii	"tprio_t\000"
 5337      6F5F7400 
 5338              	.LASF118:
 5339 022d 6F735F69 		.ascii	"os_instance_config_t\000"
 5339      6E737461 
 5339      6E63655F 
 5339      636F6E66 
 5339      69675F74 
 5340              	.LASF70:
 5341 0242 66707363 		.ascii	"fpscr\000"
 5341      7200
 5342              	.LASF0:
 5343 0248 6C6F6E67 		.ascii	"long long unsigned int\000"
 5343      206C6F6E 
 5343      6720756E 
 5343      7369676E 
 5343      65642069 
 5344              	.LASF100:
 5345 025f 70717565 		.ascii	"pqueue\000"
 5345      756500
 5346              	.LASF9:
 5347 0266 5F5F7569 		.ascii	"__uint16_t\000"
 5347      6E743136 
 5347      5F7400
 5348              	.LASF30:
 5349 0271 636E745F 		.ascii	"cnt_t\000"
 5349      7400
 5350              	.LASF23:
ARM GAS  /tmp/ccM7HEsR.s 			page 97


 5351 0277 73746B6C 		.ascii	"stkline_t\000"
 5351      696E655F 
 5351      7400
 5352              	.LASF134:
 5353 0281 6F66665F 		.ascii	"off_stklimit\000"
 5353      73746B6C 
 5353      696D6974 
 5353      00
 5354              	.LASF33:
 5355 028e 6F776E65 		.ascii	"owner\000"
 5355      7200
 5356              	.LASF47:
 5357 0294 6D74786C 		.ascii	"mtxlist\000"
 5357      69737400 
 5358              	.LASF89:
 5359 029c 63685F76 		.ascii	"ch_virtual_timers_list\000"
 5359      69727475 
 5359      616C5F74 
 5359      696D6572 
 5359      735F6C69 
 5360              	.LASF56:
 5361 02b3 72666375 		.ascii	"rfcu\000"
 5361      00
 5362              	.LASF32:
 5363 02b8 74687265 		.ascii	"thread_t\000"
 5363      61645F74 
 5363      00
 5364              	.LASF132:
 5365 02c1 6F66665F 		.ascii	"off_older\000"
 5365      6F6C6465 
 5365      7200
 5366              	.LASF135:
 5367 02cb 6F66665F 		.ascii	"off_state\000"
 5367      73746174 
 5367      6500
 5368              	.LASF5:
 5369 02d5 73697A65 		.ascii	"size_t\000"
 5369      5F7400
 5370              	.LASF101:
 5371 02dc 7264796D 		.ascii	"rdymsg\000"
 5371      736700
 5372              	.LASF78:
 5373 02e3 63685F70 		.ascii	"ch_priority_queue_t\000"
 5373      72696F72 
 5373      6974795F 
 5373      71756575 
 5373      655F7400 
 5374              	.LASF158:
 5375 02f7 5F426F6F 		.ascii	"_Bool\000"
 5375      6C00
 5376              	.LASF42:
 5377 02fd 6F626A65 		.ascii	"object\000"
 5377      637400
 5378              	.LASF61:
 5379 0304 63685F72 		.ascii	"ch_rfcu\000"
 5379      66637500 
 5380              	.LASF109:
ARM GAS  /tmp/ccM7HEsR.s 			page 98


 5381 030c 63685F6D 		.ascii	"ch_mutex\000"
 5381      75746578 
 5381      00
 5382              	.LASF15:
 5383 0315 5F5F7569 		.ascii	"__uint64_t\000"
 5383      6E743634 
 5383      5F7400
 5384              	.LASF166:
 5385 0320 63685468 		.ascii	"chThdGetWorkingAreaX\000"
 5385      64476574 
 5385      576F726B 
 5385      696E6741 
 5385      72656158 
 5386              	.LASF130:
 5387 0335 6F66665F 		.ascii	"off_ctx\000"
 5387      63747800 
 5388              	.LASF51:
 5389 033d 63685F6F 		.ascii	"ch_os_instance\000"
 5389      735F696E 
 5389      7374616E 
 5389      636500
 5390              	.LASF168:
 5391 034c 63685379 		.ascii	"chSysLock\000"
 5391      734C6F63 
 5391      6B00
 5392              	.LASF144:
 5393 0356 6F66665F 		.ascii	"off_sys_state\000"
 5393      7379735F 
 5393      73746174 
 5393      6500
 5394              	.LASF136:
 5395 0364 6F66665F 		.ascii	"off_flags\000"
 5395      666C6167 
 5395      7300
 5396              	.LASF80:
 5397 036e 7072696F 		.ascii	"prio\000"
 5397      00
 5398              	.LASF16:
 5399 0373 63686172 		.ascii	"char\000"
 5399      00
 5400              	.LASF81:
 5401 0378 63685F64 		.ascii	"ch_delta_list_t\000"
 5401      656C7461 
 5401      5F6C6973 
 5401      745F7400 
 5402              	.LASF60:
 5403 0388 72666375 		.ascii	"rfcu_mask_t\000"
 5403      5F6D6173 
 5403      6B5F7400 
 5404              	.LASF97:
 5405 0394 74687265 		.ascii	"thread_reference_t\000"
 5405      61645F72 
 5405      65666572 
 5405      656E6365 
 5405      5F7400
 5406              	.LASF34:
 5407 03a7 77616261 		.ascii	"wabase\000"
ARM GAS  /tmp/ccM7HEsR.s 			page 99


 5407      736500
 5408              	.LASF165:
 5409 03ae 63685265 		.ascii	"chRegGetThreadNameX\000"
 5409      67476574 
 5409      54687265 
 5409      61644E61 
 5409      6D655800 
 5410              	.LASF150:
 5411 03c2 6F66665F 		.ascii	"off_inst_rlist\000"
 5411      696E7374 
 5411      5F726C69 
 5411      737400
 5412              	.LASF25:
 5413 03d1 74737461 		.ascii	"tstate_t\000"
 5413      74655F74 
 5413      00
 5414              	.LASF40:
 5415 03da 72717565 		.ascii	"rqueue\000"
 5415      756500
 5416              	.LASF147:
 5417 03e1 6F66665F 		.ascii	"off_sys_rfcu\000"
 5417      7379735F 
 5417      72666375 
 5417      00
 5418              	.LASF17:
 5419 03ee 75696E74 		.ascii	"uint8_t\000"
 5419      385F7400 
 5420              	.LASF44:
 5421 03f6 6D736771 		.ascii	"msgqueue\000"
 5421      75657565 
 5421      00
 5422              	.LASF50:
 5423 03ff 63685F74 		.ascii	"ch_thread\000"
 5423      68726561 
 5423      6400
 5424              	.LASF133:
 5425 0409 6F66665F 		.ascii	"off_name\000"
 5425      6E616D65 
 5425      00
 5426              	.LASF141:
 5427 0412 696E7463 		.ascii	"intctxsize\000"
 5427      74787369 
 5427      7A6500
 5428              	.LASF66:
 5429 041d 73797374 		.ascii	"system_debug_t\000"
 5429      656D5F64 
 5429      65627567 
 5429      5F7400
 5430              	.LASF2:
 5431 042c 6C6F6E67 		.ascii	"long long int\000"
 5431      206C6F6E 
 5431      6720696E 
 5431      7400
 5432              	.LASF123:
 5433 043a 7A65726F 		.ascii	"zero\000"
 5433      00
 5434              	.LASF28:
ARM GAS  /tmp/ccM7HEsR.s 			page 100


 5435 043f 6D73675F 		.ascii	"msg_t\000"
 5435      7400
 5436              	.LASF163:
 5437 0445 63685265 		.ascii	"chRegNextThread\000"
 5437      674E6578 
 5437      74546872 
 5437      65616400 
 5438              	.LASF175:
 5439 0455 63685379 		.ascii	"chSysUnlock\000"
 5439      73556E6C 
 5439      6F636B00 
 5440              	.LASF96:
 5441 0461 72656769 		.ascii	"registry_t\000"
 5441      73747279 
 5441      5F7400
 5442              	.LASF124:
 5443 046c 73697A65 		.ascii	"size\000"
 5443      00
 5444              	.LASF126:
 5445 0471 70747273 		.ascii	"ptrsize\000"
 5445      697A6500 
 5446              	.LASF117:
 5447 0479 69646C65 		.ascii	"idlestack_end\000"
 5447      73746163 
 5447      6B5F656E 
 5447      6400
 5448              	.LASF62:
 5449 0487 6D61736B 		.ascii	"mask\000"
 5449      00
 5450              	.LASF174:
 5451 048c 63685468 		.ascii	"chThdRelease\000"
 5451      6452656C 
 5451      65617365 
 5451      00
 5452              	.LASF98:
 5453 0499 74687265 		.ascii	"thread_dispose_t\000"
 5453      61645F64 
 5453      6973706F 
 5453      73655F74 
 5453      00
 5454              	.LASF68:
 5455 04aa 73797369 		.ascii	"sysinterval_t\000"
 5455      6E746572 
 5455      76616C5F 
 5455      7400
 5456              	.LASF75:
 5457 04b8 63685F71 		.ascii	"ch_queue_t\000"
 5457      75657565 
 5457      5F7400
 5458              	.LASF65:
 5459 04c3 70616E69 		.ascii	"panic_msg\000"
 5459      635F6D73 
 5459      6700
 5460              	.LASF116:
 5461 04cd 69646C65 		.ascii	"idlestack_base\000"
 5461      73746163 
 5461      6B5F6261 
ARM GAS  /tmp/ccM7HEsR.s 			page 101


 5461      736500
 5462              	.LASF24:
 5463 04dc 746D6F64 		.ascii	"tmode_t\000"
 5463      655F7400 
 5464              	.LASF91:
 5465 04e4 73797374 		.ascii	"systime\000"
 5465      696D6500 
 5466              	.LASF58:
 5467 04ec 69646C65 		.ascii	"idlethread\000"
 5467      74687265 
 5467      616400
 5468              	.LASF143:
 5469 04f7 696E7374 		.ascii	"instancesnum\000"
 5469      616E6365 
 5469      736E756D 
 5469      00
 5470              	.LASF3:
 5471 0504 6C6F6E67 		.ascii	"long double\000"
 5471      20646F75 
 5471      626C6500 
 5472              	.LASF18:
 5473 0510 75696E74 		.ascii	"uint16_t\000"
 5473      31365F74 
 5473      00
 5474              	.LASF72:
 5475 0519 63685F6C 		.ascii	"ch_list_t\000"
 5475      6973745F 
 5475      7400
 5476              	.LASF129:
 5477 0523 6F66665F 		.ascii	"off_prio\000"
 5477      7072696F 
 5477      00
 5478              	.LASF57:
 5479 052c 636F6E66 		.ascii	"config\000"
 5479      696700
 5480              	.LASF157:
 5481 0533 6D757465 		.ascii	"mutex_t\000"
 5481      785F7400 
 5482              	.LASF8:
 5483 053b 73686F72 		.ascii	"short int\000"
 5483      7420696E 
 5483      7400
 5484              	.LASF12:
 5485 0545 6C6F6E67 		.ascii	"long int\000"
 5485      20696E74 
 5485      00
 5486              	.LASF69:
 5487 054e 706F7274 		.ascii	"port_intctx\000"
 5487      5F696E74 
 5487      63747800 
 5488              	.LASF171:
 5489 055a 474E5520 		.ascii	"GNU C17 13.3.1 20240614 -mcpu=cortex-r8 -mfloat-abi"
 5489      43313720 
 5489      31332E33 
 5489      2E312032 
 5489      30323430 
 5490 058d 3D686172 		.ascii	"=hard -mfpu=vfpv3-d16 -mno-thumb-interwork -marm -m"
ARM GAS  /tmp/ccM7HEsR.s 			page 102


 5490      64202D6D 
 5490      6670753D 
 5490      76667076 
 5490      332D6431 
 5491 05c0 61726368 		.ascii	"arch=armv7-r+fp+idiv -ggdb -O2 -fomit-frame-pointer"
 5491      3D61726D 
 5491      76372D72 
 5491      2B66702B 
 5491      69646976 
 5492 05f3 202D6661 		.ascii	" -falign-functions=16 -ffunction-sections -fdata-se"
 5492      6C69676E 
 5492      2D66756E 
 5492      6374696F 
 5492      6E733D31 
 5493 0626 6374696F 		.ascii	"ctions -fno-common\000"
 5493      6E73202D 
 5493      666E6F2D 
 5493      636F6D6D 
 5493      6F6E00
 5494              	.LASF119:
 5495 0639 63685F73 		.ascii	"ch_system\000"
 5495      79737465 
 5495      6D00
 5496              	.LASF35:
 5497 0643 7761656E 		.ascii	"waend\000"
 5497      6400
 5498              	.LASF115:
 5499 0649 63737461 		.ascii	"cstack_end\000"
 5499      636B5F65 
 5499      6E6400
 5500              	.LASF113:
 5501 0654 63685F6F 		.ascii	"ch_os_instance_config\000"
 5501      735F696E 
 5501      7374616E 
 5501      63655F63 
 5501      6F6E6669 
 5502              	.LASF90:
 5503 066a 646C6973 		.ascii	"dlist\000"
 5503      7400
 5504              	.LASF21:
 5505 0670 75696E74 		.ascii	"uint64_t\000"
 5505      36345F74 
 5505      00
 5506              	.LASF52:
 5507 0679 726C6973 		.ascii	"rlist\000"
 5507      7400
 5508              	.LASF84:
 5509 067f 63685F73 		.ascii	"ch_sys_uninit\000"
 5509      79735F75 
 5509      6E696E69 
 5509      7400
 5510              	.LASF6:
 5511 068d 5F5F7569 		.ascii	"__uint8_t\000"
 5511      6E74385F 
 5511      7400
 5512              	.LASF39:
 5513 0697 6E616D65 		.ascii	"name\000"
ARM GAS  /tmp/ccM7HEsR.s 			page 103


 5513      00
 5514              	.LASF122:
 5515 069c 6964656E 		.ascii	"identifier\000"
 5515      74696669 
 5515      657200
 5516              	.LASF138:
 5517 06a7 6F66665F 		.ascii	"off_preempt\000"
 5517      70726565 
 5517      6D707400 
 5518              	.LASF26:
 5519 06b3 74726566 		.ascii	"trefs_t\000"
 5519      735F7400 
 5520              	.LASF14:
 5521 06bb 6C6F6E67 		.ascii	"long unsigned int\000"
 5521      20756E73 
 5521      69676E65 
 5521      6420696E 
 5521      7400
 5522              	.LASF112:
 5523 06cd 72656164 		.ascii	"ready_list_t\000"
 5523      795F6C69 
 5523      73745F74 
 5523      00
 5524              	.LASF161:
 5525 06da 63685265 		.ascii	"chRegFindThreadByName\000"
 5525      6746696E 
 5525      64546872 
 5525      65616442 
 5525      794E616D 
 5526              	.LASF95:
 5527 06f0 71756575 		.ascii	"queue\000"
 5527      6500
 5528              	.LASF19:
 5529 06f6 696E7433 		.ascii	"int32_t\000"
 5529      325F7400 
 5530              	.LASF63:
 5531 06fe 72666375 		.ascii	"rfcu_t\000"
 5531      5F7400
 5532              	.LASF105:
 5533 0705 77747365 		.ascii	"wtsemp\000"
 5533      6D7000
 5534              	.LASF79:
 5535 070c 63685F70 		.ascii	"ch_priority_queue\000"
 5535      72696F72 
 5535      6974795F 
 5535      71756575 
 5535      6500
 5536              	.LASF76:
 5537 071e 63685F71 		.ascii	"ch_queue\000"
 5537      75657565 
 5537      00
 5538              	.LASF152:
 5539 0727 6F66665F 		.ascii	"off_inst_reglist\000"
 5539      696E7374 
 5539      5F726567 
 5539      6C697374 
 5539      00
ARM GAS  /tmp/ccM7HEsR.s 			page 104


 5540              	.LASF7:
 5541 0738 756E7369 		.ascii	"unsigned char\000"
 5541      676E6564 
 5541      20636861 
 5541      7200
 5542              	.LASF13:
 5543 0746 5F5F7569 		.ascii	"__uint32_t\000"
 5543      6E743332 
 5543      5F7400
 5544              	.LASF43:
 5545 0751 77616974 		.ascii	"waiting\000"
 5545      696E6700 
 5546              	.LASF142:
 5547 0759 696E7465 		.ascii	"intervalsize\000"
 5547      7276616C 
 5547      73697A65 
 5547      00
 5548              	.LASF93:
 5549 0766 76697274 		.ascii	"virtual_timers_list_t\000"
 5549      75616C5F 
 5549      74696D65 
 5549      72735F6C 
 5549      6973745F 
 5550              	.LASF173:
 5551 077c 2F686F6D 		.ascii	"/home/emirhan/Documents/gemstone/chibiOS-port/Chibi"
 5551      652F656D 
 5551      69726861 
 5551      6E2F446F 
 5551      63756D65 
 5552 07af 4F532F64 		.ascii	"OS/demos/various/RT-ARMCR8-GENERIC\000"
 5552      656D6F73 
 5552      2F766172 
 5552      696F7573 
 5552      2F52542D 
 5553              	.LASF164:
 5554 07d2 63685265 		.ascii	"chRegFirstThread\000"
 5554      67466972 
 5554      73745468 
 5554      72656164 
 5554      00
 5555              	.LASF59:
 5556 07e3 6D61696E 		.ascii	"mainthread\000"
 5556      74687265 
 5556      616400
 5557              	.LASF36:
 5558 07ee 73746174 		.ascii	"state\000"
 5558      6500
 5559              	.LASF149:
 5560 07f4 6F66665F 		.ascii	"off_inst_rlist_current\000"
 5560      696E7374 
 5560      5F726C69 
 5560      73745F63 
 5560      75727265 
 5561              	.LASF49:
 5562 080b 6F735F69 		.ascii	"os_instance_t\000"
 5562      6E737461 
 5562      6E63655F 
ARM GAS  /tmp/ccM7HEsR.s 			page 105


 5562      7400
 5563              	.LASF54:
 5564 0819 7265676C 		.ascii	"reglist\000"
 5564      69737400 
 5565              	.LASF121:
 5566 0821 63685F73 		.ascii	"ch_system_t\000"
 5566      79737465 
 5566      6D5F7400 
 5567              	.LASF104:
 5568 082d 77747472 		.ascii	"wttrp\000"
 5568      7000
 5569              	.LASF85:
 5570 0833 63685F73 		.ascii	"ch_sys_initializing\000"
 5570      79735F69 
 5570      6E697469 
 5570      616C697A 
 5570      696E6700 
 5571              	.LASF4:
 5572 0847 7369676E 		.ascii	"signed char\000"
 5572      65642063 
 5572      68617200 
 5573              	.LASF83:
 5574 0853 64656C74 		.ascii	"delta\000"
 5574      6100
 5575              	.LASF10:
 5576 0859 73686F72 		.ascii	"short unsigned int\000"
 5576      7420756E 
 5576      7369676E 
 5576      65642069 
 5576      6E7400
 5577              	.LASF137:
 5578 086c 6F66665F 		.ascii	"off_refs\000"
 5578      72656673 
 5578      00
 5579              	.LASF111:
 5580 0875 63757272 		.ascii	"current\000"
 5580      656E7400 
 5581              	.LASF167:
 5582 087d 5F5F6675 		.ascii	"__func__\000"
 5582      6E635F5F 
 5582      00
 5583              	.LASF156:
 5584 0886 63685F64 		.ascii	"ch_debug\000"
 5584      65627567 
 5584      00
 5585              	.LASF159:
 5586 088f 63685265 		.ascii	"chRegFindThreadByWorkingArea\000"
 5586      6746696E 
 5586      64546872 
 5586      65616442 
 5586      79576F72 
 5587              	.LASF88:
 5588 08ac 73797374 		.ascii	"system_state_t\000"
 5588      656D5F73 
 5588      74617465 
 5588      5F7400
 5589              	.LASF154:
ARM GAS  /tmp/ccM7HEsR.s 			page 106


 5590 08bb 6F66665F 		.ascii	"off_inst_rfcu\000"
 5590      696E7374 
 5590      5F726663 
 5590      7500
 5591              	.LASF102:
 5592 08c9 65786974 		.ascii	"exitcode\000"
 5592      636F6465 
 5592      00
 5593              	.LASF31:
 5594 08d2 636F7265 		.ascii	"core_id_t\000"
 5594      5F69645F 
 5594      7400
 5595              	.LASF162:
 5596 08dc 73747263 		.ascii	"strcmp\000"
 5596      6D7000
 5597              		.ident	"GCC: (Arm GNU Toolchain 13.3.Rel1 (Build arm-13.24)) 13.3.1 20240614"
ARM GAS  /tmp/ccM7HEsR.s 			page 107


DEFINED SYMBOLS
                            *ABS*:00000000 chregistry.c
     /tmp/ccM7HEsR.s:21     .text.chRegFirstThread:00000000 $a
     /tmp/ccM7HEsR.s:27     .text.chRegFirstThread:00000000 chRegFirstThread
     /tmp/ccM7HEsR.s:107    .text.chRegNextThread:00000000 $a
     /tmp/ccM7HEsR.s:113    .text.chRegNextThread:00000000 chRegNextThread
     /tmp/ccM7HEsR.s:234    .text.chRegNextThread:00000038 $d
     /tmp/ccM7HEsR.s:239    .text.chRegFindThreadByName:00000000 $a
     /tmp/ccM7HEsR.s:245    .text.chRegFindThreadByName:00000000 chRegFindThreadByName
     /tmp/ccM7HEsR.s:529    .text.chRegFindThreadByPointer:00000000 $a
     /tmp/ccM7HEsR.s:535    .text.chRegFindThreadByPointer:00000000 chRegFindThreadByPointer
     /tmp/ccM7HEsR.s:800    .text.chRegFindThreadByWorkingArea:00000000 $a
     /tmp/ccM7HEsR.s:806    .text.chRegFindThreadByWorkingArea:00000000 chRegFindThreadByWorkingArea
     /tmp/ccM7HEsR.s:1095   .rodata.ch_debug:00000000 ch_debug
     /tmp/ccM7HEsR.s:1092   .rodata.ch_debug:00000000 $d

UNDEFINED SYMBOLS
ch0
chThdRelease
strcmp
