ARM GAS  /tmp/cckx8M46.s 			page 1


   1              		.cpu cortex-r8
   2              		.arch armv7-r
   3              		.fpu vfpv3-d16
   4              		.arch_extension idiv
   5              		.eabi_attribute 28, 1
   6              		.eabi_attribute 20, 1
   7              		.eabi_attribute 21, 1
   8              		.eabi_attribute 23, 3
   9              		.eabi_attribute 24, 1
  10              		.eabi_attribute 25, 1
  11              		.eabi_attribute 26, 1
  12              		.eabi_attribute 30, 2
  13              		.eabi_attribute 34, 1
  14              		.eabi_attribute 18, 4
  15              		.file	"chschd.c"
  16              		.text
  17              	.Ltext0:
  18              		.cfi_sections	.debug_frame
  19              		.file 1 "../../../os/rt/src/chschd.c"
  20              		.section	.text.__sch_wakeup,"ax",%progbits
  21              		.align	2
  22              		.p2align 4,,15
  23              		.syntax unified
  24              		.arm
  25              		.type	__sch_wakeup, %function
  26              	__sch_wakeup:
  27              	.LVL0:
  28              	.LFB211:
  29              		.loc 1 187 57 view -0
  30              		.cfi_startproc
  31              		@ args = 0, pretend = 0, frame = 0
  32              		@ frame_needed = 0, uses_anonymous_args = 0
  33              		@ link register save eliminated.
  34              		.loc 1 188 3 view .LVU1
  35              		.loc 1 190 3 view .LVU2
  36              		.loc 1 192 3 view .LVU3
  37              		.loc 1 193 3 view .LVU4
  38 0000 1C30D1E5 		ldrb	r3, [r1, #28]	@ zero_extendqisi2
  39 0004 0C0053E3 		cmp	r3, #12
  40 0008 03F19F97 		ldrls	pc, [pc, r3, asl #2]
  41 000c 140000EA 		b	.L2
  42              	.L4:
  43 0010 A0000000 		.word	.L1
  44 0014 64000000 		.word	.L2
  45 0018 64000000 		.word	.L2
  46 001c A4000000 		.word	.L6
  47 0020 54000000 		.word	.L3
  48 0024 44000000 		.word	.L5
  49 0028 64000000 		.word	.L2
  50 002c 54000000 		.word	.L3
  51 0030 64000000 		.word	.L2
  52 0034 64000000 		.word	.L2
  53 0038 64000000 		.word	.L2
  54 003c 64000000 		.word	.L2
  55 0040 54000000 		.word	.L3
  56              	.L5:
  57              		.loc 1 204 5 view .LVU5
ARM GAS  /tmp/cckx8M46.s 			page 2


  58              		.loc 1 204 27 is_stmt 0 view .LVU6
  59 0044 342091E5 		ldr	r2, [r1, #52]
  60              	.LVL1:
  61              	.LBB52:
  62              	.LBI52:
  63              		.file 2 "../../../os/rt/include/chsem.h"
  64              		.loc 2 174 20 is_stmt 1 view .LVU7
  65              	.LBB53:
  66              		.loc 2 176 21 view .LVU8
  67              		.loc 2 178 3 view .LVU9
  68              		.loc 2 178 10 is_stmt 0 view .LVU10
  69 0048 083092E5 		ldr	r3, [r2, #8]
  70 004c 013083E2 		add	r3, r3, #1
  71 0050 083082E5 		str	r3, [r2, #8]
  72              	.LVL2:
  73              	.L3:
  74              		.loc 2 178 10 view .LVU11
  75              	.LBE53:
  76              	.LBE52:
  77              		.loc 1 217 5 is_stmt 1 view .LVU12
  78              	.LBB54:
  79              	.LBI54:
  80              		.file 3 "../../../os/rt/include/chlists.h"
  81              		.loc 3 382 27 view .LVU13
  82              	.LBB55:
  83              		.loc 3 384 3 view .LVU14
  84              		.loc 3 384 4 is_stmt 0 view .LVU15
  85 0054 042091E5 		ldr	r2, [r1, #4]
  86              		.loc 3 384 20 view .LVU16
  87 0058 003091E5 		ldr	r3, [r1]
  88              		.loc 3 384 17 view .LVU17
  89 005c 003082E5 		str	r3, [r2]
  90              		.loc 3 385 3 is_stmt 1 view .LVU18
  91              		.loc 3 385 17 is_stmt 0 view .LVU19
  92 0060 042083E5 		str	r2, [r3, #4]
  93              		.loc 3 387 3 is_stmt 1 view .LVU20
  94              	.LVL3:
  95              		.loc 3 387 3 is_stmt 0 view .LVU21
  96              	.LBE55:
  97              	.LBE54:
  98              		.loc 1 218 5 is_stmt 1 view .LVU22
  99              	.L2:
 100              		.loc 1 225 3 view .LVU23
 101              		.loc 1 225 16 is_stmt 0 view .LVU24
 102 0064 00C0E0E3 		mvn	ip, #0
 103              	.LBB56:
 104              	.LBB57:
 105              		.loc 1 76 13 view .LVU25
 106 0068 0020A0E3 		mov	r2, #0
 107              		.loc 1 79 10 view .LVU26
 108 006c 103091E5 		ldr	r3, [r1, #16]
 109              	.LBB58:
 110              	.LBB59:
 111              		.loc 3 449 12 view .LVU27
 112 0070 080091E5 		ldr	r0, [r1, #8]
 113              	.LVL4:
 114              		.loc 3 449 12 view .LVU28
ARM GAS  /tmp/cckx8M46.s 			page 3


 115              	.LBE59:
 116              	.LBE58:
 117              	.LBE57:
 118              	.LBE56:
 119              		.loc 1 225 16 view .LVU29
 120 0074 34C081E5 		str	ip, [r1, #52]
 121              		.loc 1 228 3 is_stmt 1 view .LVU30
 122              	.LVL5:
 123              	.LBB64:
 124              	.LBI56:
 125              		.loc 1 66 18 view .LVU31
 126              	.LBB63:
 127              		.loc 1 68 3 view .LVU32
 128              		.loc 1 68 3 view .LVU33
 129              		.loc 1 68 3 discriminator 5 view .LVU34
 130              		.loc 1 73 34 view .LVU35
 131              		.loc 1 76 3 view .LVU36
 132              		.loc 1 76 13 is_stmt 0 view .LVU37
 133 0078 1C20C1E5 		strb	r2, [r1, #28]
 134              		.loc 1 79 3 is_stmt 1 view .LVU38
 135              	.LVL6:
 136              	.LBB62:
 137              	.LBI58:
 138              		.loc 3 437 36 view .LVU39
 139              	.L8:
 140              	.LBB61:
 141              		.loc 3 441 3 view .LVU40
 142              	.LBB60:
 143              		.loc 3 442 5 view .LVU41
 144              		.loc 3 442 26 is_stmt 0 view .LVU42
 145 007c 003093E5 		ldr	r3, [r3]
 146              	.LVL7:
 147              		.loc 3 445 5 is_stmt 1 view .LVU43
 148              		.loc 3 446 5 view .LVU44
 149              		.loc 3 446 5 view .LVU45
 150              		.loc 3 446 5 discriminator 5 view .LVU46
 151              		.loc 3 446 5 discriminator 5 view .LVU47
 152              		.loc 3 448 5 view .LVU48
 153              		.loc 3 448 5 is_stmt 0 view .LVU49
 154              	.LBE60:
 155              		.loc 3 449 12 is_stmt 1 view .LVU50
 156              		.loc 3 449 12 is_stmt 0 discriminator 1 view .LVU51
 157 0080 082093E5 		ldr	r2, [r3, #8]
 158 0084 000052E1 		cmp	r2, r0
 159 0088 FBFFFF2A 		bcs	.L8
 160              		.loc 3 452 3 is_stmt 1 view .LVU52
 161              		.loc 3 453 22 is_stmt 0 view .LVU53
 162 008c 042093E5 		ldr	r2, [r3, #4]
 163              		.loc 3 452 17 view .LVU54
 164 0090 003081E5 		str	r3, [r1]
 165              		.loc 3 453 3 is_stmt 1 view .LVU55
 166              		.loc 3 453 17 is_stmt 0 view .LVU56
 167 0094 042081E5 		str	r2, [r1, #4]
 168              		.loc 3 454 3 is_stmt 1 view .LVU57
 169              		.loc 3 454 17 is_stmt 0 view .LVU58
 170 0098 001082E5 		str	r1, [r2]
 171              		.loc 3 455 3 is_stmt 1 view .LVU59
ARM GAS  /tmp/cckx8M46.s 			page 4


 172              		.loc 3 455 17 is_stmt 0 view .LVU60
 173 009c 041083E5 		str	r1, [r3, #4]
 174              		.loc 3 457 3 is_stmt 1 view .LVU61
 175              	.LVL8:
 176              		.loc 3 457 3 is_stmt 0 view .LVU62
 177              	.LBE61:
 178              	.LBE62:
 179              	.LBE63:
 180              	.LBE64:
 181              		.loc 1 229 3 is_stmt 1 view .LVU63
 182              		.loc 1 231 3 view .LVU64
 183              	.L1:
 184              		.loc 1 232 1 is_stmt 0 view .LVU65
 185 00a0 1EFF2FE1 		bx	lr
 186              	.LVL9:
 187              	.L6:
 188              		.loc 1 200 5 is_stmt 1 view .LVU66
 189              		.loc 1 200 18 is_stmt 0 view .LVU67
 190 00a4 0020A0E3 		mov	r2, #0
 191              		.loc 1 200 11 view .LVU68
 192 00a8 343091E5 		ldr	r3, [r1, #52]
 193              		.loc 1 200 18 view .LVU69
 194 00ac 002083E5 		str	r2, [r3]
 195              		.loc 1 201 5 is_stmt 1 view .LVU70
 196 00b0 EBFFFFEA 		b	.L2
 197              		.cfi_endproc
 198              	.LFE211:
 199              		.size	__sch_wakeup, .-__sch_wakeup
 200              		.section	.text.chSchReadyI,"ax",%progbits
 201              		.align	2
 202              		.p2align 4,,15
 203              		.global	chSchReadyI
 204              		.syntax unified
 205              		.arm
 206              		.type	chSchReadyI, %function
 207              	chSchReadyI:
 208              	.LVL10:
 209              	.LFB212:
 210              		.loc 1 285 37 view -0
 211              		.cfi_startproc
 212              		@ args = 0, pretend = 0, frame = 0
 213              		@ frame_needed = 0, uses_anonymous_args = 0
 214              		@ link register save eliminated.
 215              		.loc 1 287 21 view .LVU72
 216              		.loc 1 288 3 view .LVU73
 217              		.loc 1 288 3 view .LVU74
 218              		.loc 1 288 3 discriminator 5 view .LVU75
 219              		.loc 1 298 3 view .LVU76
 220              	.LBB70:
 221              	.LBB71:
 222              		.loc 1 76 13 is_stmt 0 view .LVU77
 223 0000 0020A0E3 		mov	r2, #0
 224              	.LVL11:
 225              		.loc 1 76 13 view .LVU78
 226              	.LBE71:
 227              	.LBI70:
 228              		.loc 1 66 18 is_stmt 1 view .LVU79
ARM GAS  /tmp/cckx8M46.s 			page 5


 229              	.LBB77:
 230              		.loc 1 68 3 view .LVU80
 231              		.loc 1 68 3 view .LVU81
 232              		.loc 1 68 3 discriminator 5 view .LVU82
 233              		.loc 1 73 34 view .LVU83
 234              		.loc 1 76 3 view .LVU84
 235              		.loc 1 79 10 is_stmt 0 view .LVU85
 236 0004 103090E5 		ldr	r3, [r0, #16]
 237              	.LBB72:
 238              	.LBB73:
 239              		.loc 3 449 12 view .LVU86
 240 0008 081090E5 		ldr	r1, [r0, #8]
 241              	.LBE73:
 242              	.LBE72:
 243              		.loc 1 76 13 view .LVU87
 244 000c 1C20C0E5 		strb	r2, [r0, #28]
 245              		.loc 1 79 3 is_stmt 1 view .LVU88
 246              	.LVL12:
 247              	.LBB76:
 248              	.LBI72:
 249              		.loc 3 437 36 view .LVU89
 250              	.L12:
 251              	.LBB75:
 252              		.loc 3 441 3 view .LVU90
 253              	.LBB74:
 254              		.loc 3 442 5 view .LVU91
 255              		.loc 3 442 26 is_stmt 0 view .LVU92
 256 0010 003093E5 		ldr	r3, [r3]
 257              	.LVL13:
 258              		.loc 3 445 5 is_stmt 1 view .LVU93
 259              		.loc 3 446 5 view .LVU94
 260              		.loc 3 446 5 view .LVU95
 261              		.loc 3 446 5 discriminator 5 view .LVU96
 262              		.loc 3 446 5 discriminator 5 view .LVU97
 263              		.loc 3 448 5 view .LVU98
 264              		.loc 3 448 5 is_stmt 0 view .LVU99
 265              	.LBE74:
 266              		.loc 3 449 12 is_stmt 1 view .LVU100
 267              		.loc 3 449 12 is_stmt 0 discriminator 1 view .LVU101
 268 0014 082093E5 		ldr	r2, [r3, #8]
 269 0018 010052E1 		cmp	r2, r1
 270 001c FBFFFF2A 		bcs	.L12
 271              		.loc 3 452 3 is_stmt 1 view .LVU102
 272              		.loc 3 453 22 is_stmt 0 view .LVU103
 273 0020 042093E5 		ldr	r2, [r3, #4]
 274              		.loc 3 452 17 view .LVU104
 275 0024 003080E5 		str	r3, [r0]
 276              		.loc 3 453 3 is_stmt 1 view .LVU105
 277              		.loc 3 453 17 is_stmt 0 view .LVU106
 278 0028 042080E5 		str	r2, [r0, #4]
 279              		.loc 3 454 3 is_stmt 1 view .LVU107
 280              		.loc 3 454 17 is_stmt 0 view .LVU108
 281 002c 000082E5 		str	r0, [r2]
 282              		.loc 3 455 3 is_stmt 1 view .LVU109
 283              		.loc 3 455 17 is_stmt 0 view .LVU110
 284 0030 040083E5 		str	r0, [r3, #4]
 285              		.loc 3 457 3 is_stmt 1 view .LVU111
ARM GAS  /tmp/cckx8M46.s 			page 6


 286              	.LVL14:
 287              		.loc 3 457 3 is_stmt 0 view .LVU112
 288              	.LBE75:
 289              	.LBE76:
 290              	.LBE77:
 291              	.LBE70:
 292              		.loc 1 299 1 view .LVU113
 293 0034 1EFF2FE1 		bx	lr
 294              		.cfi_endproc
 295              	.LFE212:
 296              		.size	chSchReadyI, .-chSchReadyI
 297              		.section	.text.chSchGoSleepS,"ax",%progbits
 298              		.align	2
 299              		.p2align 4,,15
 300              		.global	chSchGoSleepS
 301              		.syntax unified
 302              		.arm
 303              		.type	chSchGoSleepS, %function
 304              	chSchGoSleepS:
 305              	.LVL15:
 306              	.LFB213:
 307              		.loc 1 310 39 is_stmt 1 view -0
 308              		.cfi_startproc
 309              		@ args = 0, pretend = 0, frame = 0
 310              		@ frame_needed = 0, uses_anonymous_args = 0
 311              		.loc 1 311 3 view .LVU115
 312              		.loc 1 312 3 view .LVU116
 313              		.loc 1 312 13 is_stmt 0 view .LVU117
 314 0000 003000E3 		movw	r3, #:lower16:ch0
 315              		.loc 1 310 39 view .LVU118
 316 0004 04E02DE5 		str	lr, [sp, #-4]!
 317              		.cfi_def_cfa_offset 4
 318              		.cfi_offset 14, -4
 319              		.loc 1 331 14 view .LVU119
 320 0008 01E0A0E3 		mov	lr, #1
 321              		.loc 1 312 13 view .LVU120
 322 000c 003040E3 		movt	r3, #:upper16:ch0
 323 0010 0C1093E5 		ldr	r1, [r3, #12]
 324              	.LVL16:
 325              		.loc 1 313 3 is_stmt 1 view .LVU121
 326              		.loc 1 315 21 view .LVU122
 327              		.loc 1 317 3 view .LVU123
 328              		.loc 1 317 3 view .LVU124
 329              		.loc 1 317 3 discriminator 5 view .LVU125
 330              		.loc 1 318 3 view .LVU126
 331              		.loc 1 318 3 view .LVU127
 332              		.loc 1 318 3 discriminator 5 view .LVU128
 333              		.loc 1 321 3 view .LVU129
 334              	.LBB80:
 335              	.LBB81:
 336              		.loc 3 417 24 is_stmt 0 view .LVU130
 337 0014 002093E5 		ldr	r2, [r3]
 338              	.LBE81:
 339              	.LBE80:
 340              		.loc 1 321 14 view .LVU131
 341 0018 1C00C1E5 		strb	r0, [r1, #28]
 342              		.loc 1 330 3 is_stmt 1 view .LVU132
ARM GAS  /tmp/cckx8M46.s 			page 7


 343              	.LVL17:
 344              	.LBB85:
 345              	.LBI80:
 346              		.loc 3 416 36 view .LVU133
 347              	.LBB82:
 348              		.loc 3 417 3 view .LVU134
 349              		.loc 3 419 3 view .LVU135
 350              		.loc 3 419 22 is_stmt 0 view .LVU136
 351 001c 00C092E5 		ldr	ip, [r2]
 352              	.LBE82:
 353              	.LBE85:
 354              		.loc 1 340 3 view .LVU137
 355 0020 0200A0E1 		mov	r0, r2
 356              	.LVL18:
 357              	.LBB86:
 358              	.LBB83:
 359              		.loc 3 420 19 view .LVU138
 360 0024 04308CE5 		str	r3, [ip, #4]
 361              	.LVL19:
 362              		.loc 3 420 19 view .LVU139
 363              	.LBE83:
 364              	.LBE86:
 365              		.loc 1 331 14 view .LVU140
 366 0028 1CE0C2E5 		strb	lr, [r2, #28]
 367              		.loc 1 341 1 view .LVU141
 368 002c 04E09DE4 		ldr	lr, [sp], #4
 369              		.cfi_restore 14
 370              		.cfi_def_cfa_offset 0
 371              	.LBB87:
 372              	.LBB84:
 373              		.loc 3 419 19 view .LVU142
 374 0030 00C083E5 		str	ip, [r3]
 375              		.loc 3 420 3 is_stmt 1 view .LVU143
 376              		.loc 3 422 3 view .LVU144
 377              	.LVL20:
 378              		.loc 3 422 3 is_stmt 0 view .LVU145
 379              	.LBE84:
 380              	.LBE87:
 381              		.loc 1 331 3 is_stmt 1 view .LVU146
 382              		.loc 1 332 3 view .LVU147
 383 0034 0C2083E5 		str	r2, [r3, #12]
 384              		.loc 1 335 3 view .LVU148
 385              		.loc 1 336 5 view .LVU149
 386              		.loc 1 336 5 view .LVU150
 387              		.loc 1 336 5 view .LVU151
 388              		.loc 1 340 3 view .LVU152
 389              		.loc 1 340 3 view .LVU153
 390              		.loc 1 340 3 view .LVU154
 391              		.loc 1 340 3 view .LVU155
 392              		.loc 1 340 3 view .LVU156
 393              		.loc 1 340 3 view .LVU157
 394 0038 FEFFFFEA 		b	__port_switch_arm
 395              	.LVL21:
 396              		.loc 1 340 3 is_stmt 0 view .LVU158
 397              		.cfi_endproc
 398              	.LFE213:
 399              		.size	chSchGoSleepS, .-chSchGoSleepS
ARM GAS  /tmp/cckx8M46.s 			page 8


 400              		.section	.text.chSchGoSleepTimeoutS,"ax",%progbits
 401              		.align	2
 402              		.p2align 4,,15
 403              		.global	chSchGoSleepTimeoutS
 404              		.syntax unified
 405              		.arm
 406              		.type	chSchGoSleepTimeoutS, %function
 407              	chSchGoSleepTimeoutS:
 408              	.LVL22:
 409              	.LFB214:
 410              		.loc 1 363 70 is_stmt 1 view -0
 411              		.cfi_startproc
 412              		@ args = 0, pretend = 0, frame = 24
 413              		@ frame_needed = 0, uses_anonymous_args = 0
 414              		.loc 1 364 3 view .LVU160
 415              		.loc 1 363 70 is_stmt 0 view .LVU161
 416 0000 70402DE9 		push	{r4, r5, r6, lr}
 417              		.cfi_def_cfa_offset 16
 418              		.cfi_offset 4, -16
 419              		.cfi_offset 5, -12
 420              		.cfi_offset 6, -8
 421              		.cfi_offset 14, -4
 422              		.loc 1 364 13 view .LVU162
 423 0004 004000E3 		movw	r4, #:lower16:ch0
 424              		.loc 1 368 6 view .LVU163
 425 0008 010071E3 		cmn	r1, #1
 426              		.loc 1 364 13 view .LVU164
 427 000c 004040E3 		movt	r4, #:upper16:ch0
 428              		.loc 1 363 70 view .LVU165
 429 0010 0050A0E1 		mov	r5, r0
 430              		.loc 1 364 13 view .LVU166
 431 0014 0C6094E5 		ldr	r6, [r4, #12]
 432              	.LVL23:
 433              		.loc 1 366 21 is_stmt 1 view .LVU167
 434              		.loc 1 368 3 view .LVU168
 435              		.loc 1 363 70 is_stmt 0 view .LVU169
 436 0018 18D04DE2 		sub	sp, sp, #24
 437              		.cfi_def_cfa_offset 40
 438              		.loc 1 368 6 view .LVU170
 439 001c 1600000A 		beq	.L17
 440              	.LBB99:
 441              		.loc 1 369 5 is_stmt 1 view .LVU171
 442              		.loc 1 371 5 view .LVU172
 443 0020 002000E3 		movw	r2, #:lower16:__sch_wakeup
 444 0024 0630A0E1 		mov	r3, r6
 445 0028 0D00A0E1 		mov	r0, sp
 446              	.LVL24:
 447              		.loc 1 371 5 is_stmt 0 view .LVU173
 448 002c 002040E3 		movt	r2, #:upper16:__sch_wakeup
 449 0030 FEFFFFEB 		bl	chVTDoSetI
 450              	.LVL25:
 451              		.loc 1 372 5 is_stmt 1 view .LVU174
 452              	.LBB100:
 453              	.LBI100:
 454              		.loc 1 310 6 view .LVU175
 455              	.LBB101:
 456              		.loc 1 311 3 view .LVU176
ARM GAS  /tmp/cckx8M46.s 			page 9


 457              		.loc 1 312 3 view .LVU177
 458              		.loc 1 331 14 is_stmt 0 view .LVU178
 459 0034 0120A0E3 		mov	r2, #1
 460              		.loc 1 312 13 view .LVU179
 461 0038 0C1094E5 		ldr	r1, [r4, #12]
 462              	.LVL26:
 463              		.loc 1 313 3 is_stmt 1 view .LVU180
 464              		.loc 1 315 21 view .LVU181
 465              		.loc 1 317 3 view .LVU182
 466              		.loc 1 317 3 view .LVU183
 467              		.loc 1 317 3 discriminator 5 view .LVU184
 468              		.loc 1 318 3 view .LVU185
 469              		.loc 1 318 3 view .LVU186
 470              		.loc 1 318 3 discriminator 5 view .LVU187
 471              		.loc 1 321 3 view .LVU188
 472              	.LBB102:
 473              	.LBB103:
 474              		.loc 3 417 24 is_stmt 0 view .LVU189
 475 003c 000094E5 		ldr	r0, [r4]
 476              	.LBE103:
 477              	.LBE102:
 478              		.loc 1 321 14 view .LVU190
 479 0040 1C50C1E5 		strb	r5, [r1, #28]
 480              		.loc 1 330 3 is_stmt 1 view .LVU191
 481              	.LVL27:
 482              	.LBB106:
 483              	.LBI102:
 484              		.loc 3 416 36 view .LVU192
 485              	.LBB104:
 486              		.loc 3 417 3 view .LVU193
 487              		.loc 3 419 3 view .LVU194
 488              		.loc 3 419 22 is_stmt 0 view .LVU195
 489 0044 003090E5 		ldr	r3, [r0]
 490              		.loc 3 420 19 view .LVU196
 491 0048 044083E5 		str	r4, [r3, #4]
 492              	.LBE104:
 493              	.LBE106:
 494              		.loc 1 331 14 view .LVU197
 495 004c 1C20C0E5 		strb	r2, [r0, #28]
 496              	.LBB107:
 497              	.LBB105:
 498              		.loc 3 419 19 view .LVU198
 499 0050 003084E5 		str	r3, [r4]
 500              		.loc 3 420 3 is_stmt 1 view .LVU199
 501              		.loc 3 422 3 view .LVU200
 502              	.LVL28:
 503              		.loc 3 422 3 is_stmt 0 view .LVU201
 504              	.LBE105:
 505              	.LBE107:
 506              		.loc 1 331 3 is_stmt 1 view .LVU202
 507              		.loc 1 332 3 view .LVU203
 508 0054 0C0084E5 		str	r0, [r4, #12]
 509              		.loc 1 335 3 view .LVU204
 510              		.loc 1 336 5 view .LVU205
 511              		.loc 1 336 5 view .LVU206
 512              		.loc 1 336 5 view .LVU207
 513              		.loc 1 340 3 view .LVU208
ARM GAS  /tmp/cckx8M46.s 			page 10


 514              		.loc 1 340 3 view .LVU209
 515              		.loc 1 340 3 view .LVU210
 516              		.loc 1 340 3 view .LVU211
 517              		.loc 1 340 3 view .LVU212
 518              		.loc 1 340 3 view .LVU213
 519 0058 FEFFFFEB 		bl	__port_switch_arm
 520              	.LVL29:
 521              		.loc 1 340 24 discriminator 1 view .LVU214
 522              		.loc 1 340 24 is_stmt 0 discriminator 1 view .LVU215
 523              	.LBE101:
 524              	.LBE100:
 525              		.loc 1 373 5 is_stmt 1 view .LVU216
 526              	.LBB108:
 527              	.LBI108:
 528              		.file 4 "../../../os/rt/include/chvt.h"
 529              		.loc 4 260 20 view .LVU217
 530              	.LBB109:
 531              		.loc 4 262 21 view .LVU218
 532              		.loc 4 264 3 view .LVU219
 533              		.loc 4 264 3 is_stmt 0 view .LVU220
 534              	.LBE109:
 535              	.LBE108:
 536              		.loc 1 373 8 discriminator 1 view .LVU221
 537 005c 00309DE5 		ldr	r3, [sp]
 538 0060 000053E3 		cmp	r3, #0
 539 0064 0100000A 		beq	.L19
 540              		.loc 1 374 7 is_stmt 1 view .LVU222
 541 0068 0D00A0E1 		mov	r0, sp
 542 006c FEFFFFEB 		bl	chVTDoResetI
 543              	.LVL30:
 544              	.L19:
 545              	.LBE99:
 546              		.loc 1 381 3 view .LVU223
 547              		.loc 1 382 1 is_stmt 0 view .LVU224
 548 0070 340096E5 		ldr	r0, [r6, #52]
 549 0074 18D08DE2 		add	sp, sp, #24
 550              		.cfi_remember_state
 551              		.cfi_def_cfa_offset 16
 552              		@ sp needed
 553 0078 7080BDE8 		pop	{r4, r5, r6, pc}
 554              	.LVL31:
 555              	.L17:
 556              		.cfi_restore_state
 557              		.loc 1 378 5 is_stmt 1 view .LVU225
 558              	.LBB110:
 559              	.LBI110:
 560              		.loc 1 310 6 view .LVU226
 561              	.LBB111:
 562              		.loc 1 311 3 view .LVU227
 563              		.loc 1 312 3 view .LVU228
 564              		.loc 1 313 3 view .LVU229
 565              		.loc 1 315 21 view .LVU230
 566              		.loc 1 317 3 view .LVU231
 567              		.loc 1 317 3 view .LVU232
 568              		.loc 1 317 3 discriminator 5 view .LVU233
 569              		.loc 1 318 3 view .LVU234
 570              		.loc 1 318 3 view .LVU235
ARM GAS  /tmp/cckx8M46.s 			page 11


 571              		.loc 1 318 3 discriminator 5 view .LVU236
 572              		.loc 1 321 3 view .LVU237
 573              		.loc 1 331 14 is_stmt 0 view .LVU238
 574 007c 0120A0E3 		mov	r2, #1
 575              	.LBB112:
 576              	.LBB113:
 577              		.loc 3 417 24 view .LVU239
 578 0080 000094E5 		ldr	r0, [r4]
 579              	.LVL32:
 580              		.loc 3 417 24 view .LVU240
 581              	.LBE113:
 582              	.LBE112:
 583              		.loc 1 321 14 view .LVU241
 584 0084 1C50C6E5 		strb	r5, [r6, #28]
 585              		.loc 1 330 3 is_stmt 1 view .LVU242
 586              	.LVL33:
 587              	.LBB117:
 588              	.LBI112:
 589              		.loc 3 416 36 view .LVU243
 590              	.LBB114:
 591              		.loc 3 417 3 view .LVU244
 592              		.loc 3 419 3 view .LVU245
 593              		.loc 3 419 22 is_stmt 0 view .LVU246
 594 0088 003090E5 		ldr	r3, [r0]
 595              	.LBE114:
 596              	.LBE117:
 597              		.loc 1 340 3 view .LVU247
 598 008c 0610A0E1 		mov	r1, r6
 599              	.LVL34:
 600              	.LBB118:
 601              	.LBB115:
 602              		.loc 3 420 19 view .LVU248
 603 0090 044083E5 		str	r4, [r3, #4]
 604              	.LBE115:
 605              	.LBE118:
 606              		.loc 1 331 14 view .LVU249
 607 0094 1C20C0E5 		strb	r2, [r0, #28]
 608              		.loc 1 332 3 view .LVU250
 609 0098 0C0084E5 		str	r0, [r4, #12]
 610              	.LBB119:
 611              	.LBB116:
 612              		.loc 3 419 19 view .LVU251
 613 009c 003084E5 		str	r3, [r4]
 614              		.loc 3 420 3 is_stmt 1 view .LVU252
 615              		.loc 3 422 3 view .LVU253
 616              	.LVL35:
 617              		.loc 3 422 3 is_stmt 0 view .LVU254
 618              	.LBE116:
 619              	.LBE119:
 620              		.loc 1 331 3 is_stmt 1 view .LVU255
 621              		.loc 1 332 3 view .LVU256
 622              		.loc 1 335 3 view .LVU257
 623              		.loc 1 336 5 view .LVU258
 624              		.loc 1 336 5 view .LVU259
 625              		.loc 1 336 5 view .LVU260
 626              		.loc 1 340 3 view .LVU261
 627              		.loc 1 340 3 view .LVU262
ARM GAS  /tmp/cckx8M46.s 			page 12


 628              		.loc 1 340 3 view .LVU263
 629              		.loc 1 340 3 view .LVU264
 630              		.loc 1 340 3 view .LVU265
 631              		.loc 1 340 3 view .LVU266
 632 00a0 FEFFFFEB 		bl	__port_switch_arm
 633              	.LVL36:
 634              		.loc 1 340 24 discriminator 1 view .LVU267
 635              		.loc 1 340 24 is_stmt 0 discriminator 1 view .LVU268
 636              	.LBE111:
 637              	.LBE110:
 638              		.loc 1 381 3 is_stmt 1 view .LVU269
 639              		.loc 1 382 1 is_stmt 0 view .LVU270
 640 00a4 340096E5 		ldr	r0, [r6, #52]
 641 00a8 18D08DE2 		add	sp, sp, #24
 642              		.cfi_def_cfa_offset 16
 643              		@ sp needed
 644 00ac 7080BDE8 		pop	{r4, r5, r6, pc}
 645              		.loc 1 382 1 view .LVU271
 646              		.cfi_endproc
 647              	.LFE214:
 648              		.size	chSchGoSleepTimeoutS, .-chSchGoSleepTimeoutS
 649              		.section	.text.chSchWakeupS,"ax",%progbits
 650              		.align	2
 651              		.p2align 4,,15
 652              		.global	chSchWakeupS
 653              		.syntax unified
 654              		.arm
 655              		.type	chSchWakeupS, %function
 656              	chSchWakeupS:
 657              	.LVL37:
 658              	.LFB215:
 659              		.loc 1 401 45 is_stmt 1 view -0
 660              		.cfi_startproc
 661              		@ args = 0, pretend = 0, frame = 0
 662              		@ frame_needed = 0, uses_anonymous_args = 0
 663              		.loc 1 402 3 view .LVU273
 664              		.loc 1 403 3 view .LVU274
 665              		.loc 1 403 13 is_stmt 0 view .LVU275
 666 0000 00C000E3 		movw	ip, #:lower16:ch0
 667 0004 00C040E3 		movt	ip, #:upper16:ch0
 668 0008 0C309CE5 		ldr	r3, [ip, #12]
 669              	.LVL38:
 670              		.loc 1 405 21 is_stmt 1 view .LVU276
 671              		.loc 1 407 3 view .LVU277
 672              		.loc 1 407 3 view .LVU278
 673              		.loc 1 407 3 discriminator 7 view .LVU279
 674              		.loc 1 413 3 view .LVU280
 675              		.loc 1 401 45 is_stmt 0 view .LVU281
 676 000c 04E02DE5 		str	lr, [sp, #-4]!
 677              		.cfi_def_cfa_offset 4
 678              		.cfi_offset 14, -4
 679              		.loc 1 431 7 view .LVU282
 680 0010 08E093E5 		ldr	lr, [r3, #8]
 681              		.loc 1 413 17 view .LVU283
 682 0014 341080E5 		str	r1, [r0, #52]
 683              		.loc 1 431 3 is_stmt 1 view .LVU284
 684              	.LBB130:
ARM GAS  /tmp/cckx8M46.s 			page 13


 685              	.LBB131:
 686              		.loc 1 76 13 is_stmt 0 view .LVU285
 687 0018 0010A0E3 		mov	r1, #0
 688              	.LVL39:
 689              		.loc 1 76 13 view .LVU286
 690              	.LBE131:
 691              	.LBE130:
 692              		.loc 1 431 7 view .LVU287
 693 001c 082090E5 		ldr	r2, [r0, #8]
 694              		.loc 1 431 6 discriminator 1 view .LVU288
 695 0020 0E0052E1 		cmp	r2, lr
 696              	.LBB136:
 697              	.LBB137:
 698              		.loc 1 112 10 view .LVU289
 699 0024 10209385 		ldrhi	r2, [r3, #16]
 700              		.loc 1 109 13 view .LVU290
 701 0028 1C10C385 		strbhi	r1, [r3, #28]
 702              	.LVL40:
 703              		.loc 1 109 13 view .LVU291
 704              	.LBE137:
 705              	.LBE136:
 706              		.loc 1 431 6 discriminator 1 view .LVU292
 707 002c 0E00009A 		bls	.L33
 708              	.L28:
 709              	.LVL41:
 710              	.LBB145:
 711              	.LBB143:
 712              	.LBB138:
 713              	.LBB139:
 714              		.loc 3 480 3 is_stmt 1 view .LVU293
 715              	.LBB140:
 716              		.loc 3 481 5 view .LVU294
 717              		.loc 3 481 26 is_stmt 0 view .LVU295
 718 0030 002092E5 		ldr	r2, [r2]
 719              	.LVL42:
 720              		.loc 3 484 5 is_stmt 1 view .LVU296
 721              		.loc 3 485 5 view .LVU297
 722              		.loc 3 485 5 view .LVU298
 723              		.loc 3 485 5 discriminator 5 view .LVU299
 724              		.loc 3 485 5 discriminator 5 view .LVU300
 725              		.loc 3 487 5 view .LVU301
 726              		.loc 3 487 5 is_stmt 0 view .LVU302
 727              	.LBE140:
 728              		.loc 3 488 12 is_stmt 1 view .LVU303
 729              		.loc 3 488 12 is_stmt 0 discriminator 1 view .LVU304
 730 0034 081092E5 		ldr	r1, [r2, #8]
 731 0038 01005EE1 		cmp	lr, r1
 732 003c FBFFFF3A 		bcc	.L28
 733              		.loc 3 491 3 is_stmt 1 view .LVU305
 734              	.LBE139:
 735              	.LBE138:
 736              	.LBE143:
 737              	.LBE145:
 738              		.loc 1 445 16 is_stmt 0 view .LVU306
 739 0040 01E0A0E3 		mov	lr, #1
 740              	.LBB146:
 741              	.LBB144:
ARM GAS  /tmp/cckx8M46.s 			page 14


 742              	.LBB142:
 743              	.LBB141:
 744              		.loc 3 492 22 view .LVU307
 745 0044 041092E5 		ldr	r1, [r2, #4]
 746              		.loc 3 491 17 view .LVU308
 747 0048 002083E5 		str	r2, [r3]
 748              		.loc 3 492 3 is_stmt 1 view .LVU309
 749              		.loc 3 492 17 is_stmt 0 view .LVU310
 750 004c 041083E5 		str	r1, [r3, #4]
 751              		.loc 3 493 3 is_stmt 1 view .LVU311
 752              		.loc 3 493 17 is_stmt 0 view .LVU312
 753 0050 003081E5 		str	r3, [r1]
 754              		.loc 3 494 3 is_stmt 1 view .LVU313
 755              		.loc 3 494 17 is_stmt 0 view .LVU314
 756 0054 043082E5 		str	r3, [r2, #4]
 757              		.loc 3 496 3 is_stmt 1 view .LVU315
 758              	.LVL43:
 759              		.loc 3 496 3 is_stmt 0 view .LVU316
 760              	.LBE141:
 761              	.LBE142:
 762              	.LBE144:
 763              	.LBE146:
 764              		.loc 1 440 5 is_stmt 1 view .LVU317
 765              		.loc 1 441 7 view .LVU318
 766              		.loc 1 441 7 view .LVU319
 767              		.loc 1 441 7 view .LVU320
 768              		.loc 1 445 5 view .LVU321
 769              		.loc 1 449 5 is_stmt 0 view .LVU322
 770 0058 0310A0E1 		mov	r1, r3
 771              		.loc 1 445 16 view .LVU323
 772 005c 1CE0C0E5 		strb	lr, [r0, #28]
 773              	.LVL44:
 774              		.loc 1 446 5 is_stmt 1 view .LVU324
 775              		.loc 1 449 5 view .LVU325
 776              		.loc 1 449 5 view .LVU326
 777              		.loc 1 449 5 view .LVU327
 778              		.loc 1 449 5 view .LVU328
 779              		.loc 1 449 5 view .LVU329
 780              		.loc 1 449 5 view .LVU330
 781              		.loc 1 451 1 is_stmt 0 view .LVU331
 782 0060 04E09DE4 		ldr	lr, [sp], #4
 783              		.cfi_remember_state
 784              		.cfi_restore 14
 785              		.cfi_def_cfa_offset 0
 786              		.loc 1 446 5 view .LVU332
 787 0064 0C008CE5 		str	r0, [ip, #12]
 788              		.loc 1 449 5 view .LVU333
 789 0068 FEFFFFEA 		b	__port_switch_arm
 790              	.LVL45:
 791              	.L33:
 792              		.cfi_restore_state
 793              		.loc 1 432 5 is_stmt 1 view .LVU334
 794              	.LBB147:
 795              	.LBI130:
 796              		.loc 1 66 18 view .LVU335
 797              	.LBB135:
 798              		.loc 1 68 3 view .LVU336
ARM GAS  /tmp/cckx8M46.s 			page 15


 799              		.loc 1 68 3 view .LVU337
 800              		.loc 1 68 3 discriminator 5 view .LVU338
 801              		.loc 1 73 34 view .LVU339
 802              		.loc 1 76 3 view .LVU340
 803              		.loc 1 79 10 is_stmt 0 view .LVU341
 804 006c 103090E5 		ldr	r3, [r0, #16]
 805              	.LVL46:
 806              		.loc 1 76 13 view .LVU342
 807 0070 1C10C0E5 		strb	r1, [r0, #28]
 808              		.loc 1 79 3 is_stmt 1 view .LVU343
 809              	.LVL47:
 810              	.LBB132:
 811              	.LBI132:
 812              		.loc 3 437 36 view .LVU344
 813              	.L26:
 814              	.LBB133:
 815              		.loc 3 441 3 view .LVU345
 816              	.LBB134:
 817              		.loc 3 442 5 view .LVU346
 818              		.loc 3 442 26 is_stmt 0 view .LVU347
 819 0074 003093E5 		ldr	r3, [r3]
 820              	.LVL48:
 821              		.loc 3 445 5 is_stmt 1 view .LVU348
 822              		.loc 3 446 5 view .LVU349
 823              		.loc 3 446 5 view .LVU350
 824              		.loc 3 446 5 discriminator 5 view .LVU351
 825              		.loc 3 446 5 discriminator 5 view .LVU352
 826              		.loc 3 448 5 view .LVU353
 827              		.loc 3 448 5 is_stmt 0 view .LVU354
 828              	.LBE134:
 829              		.loc 3 449 12 is_stmt 1 view .LVU355
 830              		.loc 3 449 12 is_stmt 0 discriminator 1 view .LVU356
 831 0078 081093E5 		ldr	r1, [r3, #8]
 832 007c 010052E1 		cmp	r2, r1
 833 0080 FBFFFF9A 		bls	.L26
 834              		.loc 3 452 3 is_stmt 1 view .LVU357
 835              		.loc 3 453 22 is_stmt 0 view .LVU358
 836 0084 042093E5 		ldr	r2, [r3, #4]
 837              		.loc 3 452 17 view .LVU359
 838 0088 003080E5 		str	r3, [r0]
 839              		.loc 3 453 3 is_stmt 1 view .LVU360
 840              		.loc 3 453 17 is_stmt 0 view .LVU361
 841 008c 042080E5 		str	r2, [r0, #4]
 842              		.loc 3 454 3 is_stmt 1 view .LVU362
 843              		.loc 3 454 17 is_stmt 0 view .LVU363
 844 0090 000082E5 		str	r0, [r2]
 845              		.loc 3 455 3 is_stmt 1 view .LVU364
 846              		.loc 3 455 17 is_stmt 0 view .LVU365
 847 0094 040083E5 		str	r0, [r3, #4]
 848              		.loc 3 457 3 is_stmt 1 view .LVU366
 849              	.LVL49:
 850              		.loc 3 457 3 is_stmt 0 view .LVU367
 851              	.LBE133:
 852              	.LBE132:
 853              	.LBE135:
 854              	.LBE147:
 855              		.loc 1 451 1 view .LVU368
ARM GAS  /tmp/cckx8M46.s 			page 16


 856 0098 04F09DE4 		ldr	pc, [sp], #4
 857              		.cfi_endproc
 858              	.LFE215:
 859              		.size	chSchWakeupS, .-chSchWakeupS
 860              		.section	.text.chSchIsPreemptionRequired,"ax",%progbits
 861              		.align	2
 862              		.p2align 4,,15
 863              		.global	chSchIsPreemptionRequired
 864              		.syntax unified
 865              		.arm
 866              		.type	chSchIsPreemptionRequired, %function
 867              	chSchIsPreemptionRequired:
 868              	.LFB217:
 869              		.loc 1 489 38 is_stmt 1 view -0
 870              		.cfi_startproc
 871              		@ args = 0, pretend = 0, frame = 0
 872              		@ frame_needed = 0, uses_anonymous_args = 0
 873              		@ link register save eliminated.
 874              		.loc 1 490 3 view .LVU370
 875              	.LVL50:
 876              		.loc 1 491 3 view .LVU371
 877              		.loc 1 493 3 view .LVU372
 878              		.loc 1 494 3 view .LVU373
 879              		.loc 1 505 3 view .LVU374
 880              		.loc 1 493 16 is_stmt 0 view .LVU375
 881 0000 003000E3 		movw	r3, #:lower16:ch0
 882 0004 003040E3 		movt	r3, #:upper16:ch0
 883              		.loc 1 493 11 view .LVU376
 884 0008 002093E5 		ldr	r2, [r3]
 885              		.loc 1 494 11 view .LVU377
 886 000c 0C3093E5 		ldr	r3, [r3, #12]
 887              		.loc 1 505 13 view .LVU378
 888 0010 080092E5 		ldr	r0, [r2, #8]
 889 0014 083093E5 		ldr	r3, [r3, #8]
 890              		.loc 1 507 1 view .LVU379
 891 0018 030050E1 		cmp	r0, r3
 892 001c 0000A093 		movls	r0, #0
 893 0020 0100A083 		movhi	r0, #1
 894 0024 1EFF2FE1 		bx	lr
 895              		.cfi_endproc
 896              	.LFE217:
 897              		.size	chSchIsPreemptionRequired, .-chSchIsPreemptionRequired
 898              		.section	.text.chSchDoPreemption,"ax",%progbits
 899              		.align	2
 900              		.p2align 4,,15
 901              		.global	chSchDoPreemption
 902              		.syntax unified
 903              		.arm
 904              		.type	chSchDoPreemption, %function
 905              	chSchDoPreemption:
 906              	.LFB218:
 907              		.loc 1 521 30 is_stmt 1 view -0
 908              		.cfi_startproc
 909              		@ args = 0, pretend = 0, frame = 0
 910              		@ frame_needed = 0, uses_anonymous_args = 0
 911              		.loc 1 522 3 view .LVU381
 912              	.LVL51:
ARM GAS  /tmp/cckx8M46.s 			page 17


 913              		.loc 1 523 3 view .LVU382
 914              		.loc 1 523 13 is_stmt 0 view .LVU383
 915 0000 003000E3 		movw	r3, #:lower16:ch0
 916              		.loc 1 528 14 view .LVU384
 917 0004 01C0A0E3 		mov	ip, #1
 918              		.loc 1 521 30 view .LVU385
 919 0008 04E02DE5 		str	lr, [sp, #-4]!
 920              		.cfi_def_cfa_offset 4
 921              		.cfi_offset 14, -4
 922              	.LBB155:
 923              	.LBB156:
 924              		.loc 1 109 13 view .LVU386
 925 000c 00E0A0E3 		mov	lr, #0
 926              	.LBE156:
 927              	.LBE155:
 928              		.loc 1 523 13 view .LVU387
 929 0010 003040E3 		movt	r3, #:upper16:ch0
 930              	.LBB166:
 931              	.LBB167:
 932              		.loc 3 417 24 view .LVU388
 933 0014 000093E5 		ldr	r0, [r3]
 934              	.LBE167:
 935              	.LBE166:
 936              		.loc 1 523 13 view .LVU389
 937 0018 0C1093E5 		ldr	r1, [r3, #12]
 938              	.LVL52:
 939              		.loc 1 524 3 is_stmt 1 view .LVU390
 940              		.loc 1 527 3 view .LVU391
 941              	.LBB170:
 942              	.LBI166:
 943              		.loc 3 416 36 view .LVU392
 944              	.LBB168:
 945              		.loc 3 417 3 view .LVU393
 946              		.loc 3 419 3 view .LVU394
 947              		.loc 3 419 22 is_stmt 0 view .LVU395
 948 001c 002090E5 		ldr	r2, [r0]
 949              		.loc 3 420 19 view .LVU396
 950 0020 043082E5 		str	r3, [r2, #4]
 951              	.LBE168:
 952              	.LBE170:
 953              		.loc 1 528 14 view .LVU397
 954 0024 1CC0C0E5 		strb	ip, [r0, #28]
 955              	.LBB171:
 956              	.LBB169:
 957              		.loc 3 419 19 view .LVU398
 958 0028 002083E5 		str	r2, [r3]
 959              		.loc 3 420 3 is_stmt 1 view .LVU399
 960              		.loc 3 422 3 view .LVU400
 961              	.LVL53:
 962              		.loc 3 422 3 is_stmt 0 view .LVU401
 963              	.LBE169:
 964              	.LBE171:
 965              		.loc 1 528 3 is_stmt 1 view .LVU402
 966              		.loc 1 529 3 view .LVU403
 967 002c 0C0083E5 		str	r0, [r3, #12]
 968              		.loc 1 532 3 view .LVU404
 969              		.loc 1 533 5 view .LVU405
ARM GAS  /tmp/cckx8M46.s 			page 18


 970              		.loc 1 533 5 view .LVU406
 971              		.loc 1 533 5 view .LVU407
 972              		.loc 1 556 3 view .LVU408
 973              	.LVL54:
 974              	.LBB172:
 975              	.LBI155:
 976              		.loc 1 99 18 view .LVU409
 977              	.LBB164:
 978              		.loc 1 101 3 view .LVU410
 979              		.loc 1 101 3 view .LVU411
 980              		.loc 1 101 3 discriminator 5 view .LVU412
 981              		.loc 1 106 34 view .LVU413
 982              		.loc 1 109 3 view .LVU414
 983              	.LBB157:
 984              	.LBB158:
 985              		.loc 3 488 12 is_stmt 0 view .LVU415
 986 0030 08C091E5 		ldr	ip, [r1, #8]
 987              	.LBE158:
 988              	.LBE157:
 989              		.loc 1 112 10 view .LVU416
 990 0034 103091E5 		ldr	r3, [r1, #16]
 991              		.loc 1 109 13 view .LVU417
 992 0038 1CE0C1E5 		strb	lr, [r1, #28]
 993              		.loc 1 112 3 is_stmt 1 view .LVU418
 994              	.LVL55:
 995              	.LBB162:
 996              	.LBI157:
 997              		.loc 3 476 36 view .LVU419
 998              	.L36:
 999              	.LBB160:
 1000              		.loc 3 480 3 view .LVU420
 1001              	.LBB159:
 1002              		.loc 3 481 5 view .LVU421
 1003              		.loc 3 481 26 is_stmt 0 view .LVU422
 1004 003c 003093E5 		ldr	r3, [r3]
 1005              	.LVL56:
 1006              		.loc 3 484 5 is_stmt 1 view .LVU423
 1007              		.loc 3 485 5 view .LVU424
 1008              		.loc 3 485 5 view .LVU425
 1009              		.loc 3 485 5 discriminator 5 view .LVU426
 1010              		.loc 3 485 5 discriminator 5 view .LVU427
 1011              		.loc 3 487 5 view .LVU428
 1012              		.loc 3 487 5 is_stmt 0 view .LVU429
 1013              	.LBE159:
 1014              		.loc 3 488 12 is_stmt 1 view .LVU430
 1015              		.loc 3 488 12 is_stmt 0 discriminator 1 view .LVU431
 1016 0040 082093E5 		ldr	r2, [r3, #8]
 1017 0044 0C0052E1 		cmp	r2, ip
 1018 0048 FBFFFF8A 		bhi	.L36
 1019              		.loc 3 491 3 is_stmt 1 view .LVU432
 1020              		.loc 3 492 22 is_stmt 0 view .LVU433
 1021 004c 042093E5 		ldr	r2, [r3, #4]
 1022              	.LBE160:
 1023              	.LBE162:
 1024              	.LBE164:
 1025              	.LBE172:
 1026              		.loc 1 561 1 view .LVU434
ARM GAS  /tmp/cckx8M46.s 			page 19


 1027 0050 04E09DE4 		ldr	lr, [sp], #4
 1028              		.cfi_restore 14
 1029              		.cfi_def_cfa_offset 0
 1030              	.LBB173:
 1031              	.LBB165:
 1032              	.LBB163:
 1033              	.LBB161:
 1034              		.loc 3 491 17 view .LVU435
 1035 0054 003081E5 		str	r3, [r1]
 1036              		.loc 3 492 3 is_stmt 1 view .LVU436
 1037              		.loc 3 492 17 is_stmt 0 view .LVU437
 1038 0058 042081E5 		str	r2, [r1, #4]
 1039              		.loc 3 493 3 is_stmt 1 view .LVU438
 1040              		.loc 3 493 17 is_stmt 0 view .LVU439
 1041 005c 001082E5 		str	r1, [r2]
 1042              		.loc 3 494 3 is_stmt 1 view .LVU440
 1043              		.loc 3 494 17 is_stmt 0 view .LVU441
 1044 0060 041083E5 		str	r1, [r3, #4]
 1045              		.loc 3 496 3 is_stmt 1 view .LVU442
 1046              	.LVL57:
 1047              		.loc 3 496 3 is_stmt 0 view .LVU443
 1048              	.LBE161:
 1049              	.LBE163:
 1050              	.LBE165:
 1051              	.LBE173:
 1052              		.loc 1 560 3 is_stmt 1 view .LVU444
 1053              		.loc 1 560 3 view .LVU445
 1054              		.loc 1 560 3 view .LVU446
 1055              		.loc 1 560 3 view .LVU447
 1056              		.loc 1 560 3 view .LVU448
 1057              		.loc 1 560 3 view .LVU449
 1058 0064 FEFFFFEA 		b	__port_switch_arm
 1059              	.LVL58:
 1060              		.loc 1 560 3 is_stmt 0 view .LVU450
 1061              		.cfi_endproc
 1062              	.LFE218:
 1063              		.size	chSchDoPreemption, .-chSchDoPreemption
 1064              		.set	__sch_reschedule_ahead,chSchDoPreemption
 1065              		.section	.text.chSchRescheduleS,"ax",%progbits
 1066              		.align	2
 1067              		.p2align 4,,15
 1068              		.global	chSchRescheduleS
 1069              		.syntax unified
 1070              		.arm
 1071              		.type	chSchRescheduleS, %function
 1072              	chSchRescheduleS:
 1073              	.LFB216:
 1074              		.loc 1 462 29 is_stmt 1 view -0
 1075              		.cfi_startproc
 1076              		@ args = 0, pretend = 0, frame = 0
 1077              		@ frame_needed = 0, uses_anonymous_args = 0
 1078              		@ link register save eliminated.
 1079              		.loc 1 463 3 view .LVU452
 1080              	.LVL59:
 1081              		.loc 1 464 3 view .LVU453
 1082              		.loc 1 466 21 view .LVU454
 1083              		.loc 1 470 3 view .LVU455
ARM GAS  /tmp/cckx8M46.s 			page 20


 1084              		.loc 1 470 7 is_stmt 0 view .LVU456
 1085 0000 003000E3 		movw	r3, #:lower16:ch0
 1086 0004 003040E3 		movt	r3, #:upper16:ch0
 1087 0008 002093E5 		ldr	r2, [r3]
 1088 000c 0C3093E5 		ldr	r3, [r3, #12]
 1089              		.loc 1 470 6 discriminator 1 view .LVU457
 1090 0010 082092E5 		ldr	r2, [r2, #8]
 1091 0014 083093E5 		ldr	r3, [r3, #8]
 1092 0018 030052E1 		cmp	r2, r3
 1093 001c 1EFF2F91 		bxls	lr
 1094              		.loc 1 471 5 is_stmt 1 view .LVU458
 1095 0020 FEFFFFEA 		b	__sch_reschedule_ahead
 1096              	.LVL60:
 1097              		.loc 1 471 5 is_stmt 0 view .LVU459
 1098              		.cfi_endproc
 1099              	.LFE216:
 1100              		.size	chSchRescheduleS, .-chSchRescheduleS
 1101              		.section	.text.chSchPreemption,"ax",%progbits
 1102              		.align	2
 1103              		.p2align 4,,15
 1104              		.global	chSchPreemption
 1105              		.syntax unified
 1106              		.arm
 1107              		.type	chSchPreemption, %function
 1108              	chSchPreemption:
 1109              	.LFB224:
 1110              		.cfi_startproc
 1111              		.loc 1 572 6 is_stmt 1 view -0
 1112              		@ args = 0, pretend = 0, frame = 0
 1113              		@ frame_needed = 0, uses_anonymous_args = 0
 1114              		@ link register save eliminated.
 1115 0000 003000E3 		movw	r3, #:lower16:ch0
 1116 0004 003040E3 		movt	r3, #:upper16:ch0
 1117 0008 002093E5 		ldr	r2, [r3]
 1118 000c 0C3093E5 		ldr	r3, [r3, #12]
 1119 0010 082092E5 		ldr	r2, [r2, #8]
 1120 0014 083093E5 		ldr	r3, [r3, #8]
 1121 0018 030052E1 		cmp	r2, r3
 1122 001c 1EFF2F91 		bxls	lr
 1123 0020 FEFFFFEA 		b	__sch_reschedule_ahead
 1124              		.cfi_endproc
 1125              	.LFE224:
 1126              		.size	chSchPreemption, .-chSchPreemption
 1127              		.section	.text.chSchDoYieldS,"ax",%progbits
 1128              		.align	2
 1129              		.p2align 4,,15
 1130              		.global	chSchDoYieldS
 1131              		.syntax unified
 1132              		.arm
 1133              		.type	chSchDoYieldS, %function
 1134              	chSchDoYieldS:
 1135              	.LFB220:
 1136              		.loc 1 606 26 view -0
 1137              		.cfi_startproc
 1138              		@ args = 0, pretend = 0, frame = 0
 1139              		@ frame_needed = 0, uses_anonymous_args = 0
 1140              		@ link register save eliminated.
ARM GAS  /tmp/cckx8M46.s 			page 21


 1141              		.loc 1 607 3 view .LVU462
 1142              	.LVL61:
 1143              		.loc 1 608 3 view .LVU463
 1144              		.loc 1 608 13 is_stmt 0 view .LVU464
 1145 0000 003000E3 		movw	r3, #:lower16:ch0
 1146 0004 003040E3 		movt	r3, #:upper16:ch0
 1147 0008 0C1093E5 		ldr	r1, [r3, #12]
 1148              	.LVL62:
 1149              		.loc 1 610 21 is_stmt 1 view .LVU465
 1150              		.loc 1 614 3 view .LVU466
 1151              		.loc 1 614 7 is_stmt 0 view .LVU467
 1152 000c 000093E5 		ldr	r0, [r3]
 1153 0010 082091E5 		ldr	r2, [r1, #8]
 1154              		.loc 1 614 6 discriminator 1 view .LVU468
 1155 0014 08C090E5 		ldr	ip, [r0, #8]
 1156 0018 02005CE1 		cmp	ip, r2
 1157 001c 1EFF2F31 		bxcc	lr
 1158              		.loc 1 615 5 is_stmt 1 view .LVU469
 1159              	.LBB183:
 1160              	.LBI183:
 1161              		.loc 1 126 13 view .LVU470
 1162              	.LBB184:
 1163              		.loc 1 127 3 view .LVU471
 1164              	.LVL63:
 1165              		.loc 1 128 3 view .LVU472
 1166              		.loc 1 129 3 view .LVU473
 1167              		.loc 1 132 3 view .LVU474
 1168              	.LBB185:
 1169              	.LBI185:
 1170              		.loc 3 416 36 view .LVU475
 1171              	.LBB186:
 1172              		.loc 3 417 3 view .LVU476
 1173              		.loc 3 419 3 view .LVU477
 1174              		.loc 3 419 22 is_stmt 0 view .LVU478
 1175 0020 00C090E5 		ldr	ip, [r0]
 1176              		.loc 3 420 19 view .LVU479
 1177 0024 04308CE5 		str	r3, [ip, #4]
 1178              		.loc 3 419 19 view .LVU480
 1179 0028 00C083E5 		str	ip, [r3]
 1180              		.loc 3 420 3 is_stmt 1 view .LVU481
 1181              		.loc 3 422 3 view .LVU482
 1182              	.LVL64:
 1183              		.loc 3 422 3 is_stmt 0 view .LVU483
 1184              	.LBE186:
 1185              	.LBE185:
 1186              		.loc 1 133 3 is_stmt 1 view .LVU484
 1187              		.loc 1 133 14 is_stmt 0 view .LVU485
 1188 002c 01C0A0E3 		mov	ip, #1
 1189              		.loc 1 134 3 view .LVU486
 1190 0030 0C0083E5 		str	r0, [r3, #12]
 1191              	.LBB187:
 1192              	.LBB188:
 1193              		.loc 1 76 13 view .LVU487
 1194 0034 0030A0E3 		mov	r3, #0
 1195              	.LBE188:
 1196              	.LBE187:
 1197              		.loc 1 133 14 view .LVU488
ARM GAS  /tmp/cckx8M46.s 			page 22


 1198 0038 1CC0C0E5 		strb	ip, [r0, #28]
 1199              		.loc 1 134 3 is_stmt 1 view .LVU489
 1200              		.loc 1 137 3 view .LVU490
 1201              		.loc 1 138 5 view .LVU491
 1202              		.loc 1 138 5 view .LVU492
 1203              		.loc 1 138 5 view .LVU493
 1204              		.loc 1 147 3 view .LVU494
 1205              	.LVL65:
 1206              	.LBB193:
 1207              	.LBI187:
 1208              		.loc 1 66 18 view .LVU495
 1209              	.LBB192:
 1210              		.loc 1 68 3 view .LVU496
 1211              		.loc 1 68 3 view .LVU497
 1212              		.loc 1 68 3 discriminator 5 view .LVU498
 1213              		.loc 1 73 34 view .LVU499
 1214              		.loc 1 76 3 view .LVU500
 1215              		.loc 1 76 13 is_stmt 0 view .LVU501
 1216 003c 1C30C1E5 		strb	r3, [r1, #28]
 1217              		.loc 1 79 3 is_stmt 1 view .LVU502
 1218              		.loc 1 79 10 is_stmt 0 view .LVU503
 1219 0040 103091E5 		ldr	r3, [r1, #16]
 1220              	.LVL66:
 1221              	.LBB189:
 1222              	.LBI189:
 1223              		.loc 3 437 36 is_stmt 1 view .LVU504
 1224              	.L45:
 1225              	.LBB190:
 1226              		.loc 3 441 3 view .LVU505
 1227              	.LBB191:
 1228              		.loc 3 442 5 view .LVU506
 1229              		.loc 3 442 26 is_stmt 0 view .LVU507
 1230 0044 003093E5 		ldr	r3, [r3]
 1231              	.LVL67:
 1232              		.loc 3 445 5 is_stmt 1 view .LVU508
 1233              		.loc 3 446 5 view .LVU509
 1234              		.loc 3 446 5 view .LVU510
 1235              		.loc 3 446 5 discriminator 5 view .LVU511
 1236              		.loc 3 446 5 discriminator 5 view .LVU512
 1237              		.loc 3 448 5 view .LVU513
 1238              		.loc 3 448 5 is_stmt 0 view .LVU514
 1239              	.LBE191:
 1240              		.loc 3 449 12 is_stmt 1 view .LVU515
 1241              		.loc 3 449 12 is_stmt 0 discriminator 1 view .LVU516
 1242 0048 08C093E5 		ldr	ip, [r3, #8]
 1243 004c 0C0052E1 		cmp	r2, ip
 1244 0050 FBFFFF9A 		bls	.L45
 1245              		.loc 3 452 3 is_stmt 1 view .LVU517
 1246              		.loc 3 453 22 is_stmt 0 view .LVU518
 1247 0054 042093E5 		ldr	r2, [r3, #4]
 1248              		.loc 3 452 17 view .LVU519
 1249 0058 003081E5 		str	r3, [r1]
 1250              		.loc 3 453 3 is_stmt 1 view .LVU520
 1251              		.loc 3 453 17 is_stmt 0 view .LVU521
 1252 005c 042081E5 		str	r2, [r1, #4]
 1253              		.loc 3 454 3 is_stmt 1 view .LVU522
 1254              		.loc 3 454 17 is_stmt 0 view .LVU523
ARM GAS  /tmp/cckx8M46.s 			page 23


 1255 0060 001082E5 		str	r1, [r2]
 1256              		.loc 3 455 3 is_stmt 1 view .LVU524
 1257              		.loc 3 455 17 is_stmt 0 view .LVU525
 1258 0064 041083E5 		str	r1, [r3, #4]
 1259              		.loc 3 457 3 is_stmt 1 view .LVU526
 1260              	.LVL68:
 1261              		.loc 3 457 3 is_stmt 0 view .LVU527
 1262              	.LBE190:
 1263              	.LBE189:
 1264              	.LBE192:
 1265              	.LBE193:
 1266              		.loc 1 150 3 is_stmt 1 view .LVU528
 1267              		.loc 1 150 3 view .LVU529
 1268              		.loc 1 150 3 view .LVU530
 1269              		.loc 1 150 3 view .LVU531
 1270              		.loc 1 150 3 view .LVU532
 1271              		.loc 1 150 3 view .LVU533
 1272 0068 FEFFFFEA 		b	__port_switch_arm
 1273              	.LVL69:
 1274              		.loc 1 150 3 is_stmt 0 view .LVU534
 1275              	.LBE184:
 1276              	.LBE183:
 1277              		.cfi_endproc
 1278              	.LFE220:
 1279              		.size	chSchDoYieldS, .-chSchDoYieldS
 1280              		.section	.text.chSchSelectFirst,"ax",%progbits
 1281              		.align	2
 1282              		.p2align 4,,15
 1283              		.global	chSchSelectFirst
 1284              		.syntax unified
 1285              		.arm
 1286              		.type	chSchSelectFirst, %function
 1287              	chSchSelectFirst:
 1288              	.LFB221:
 1289              		.loc 1 631 34 is_stmt 1 view -0
 1290              		.cfi_startproc
 1291              		@ args = 0, pretend = 0, frame = 0
 1292              		@ frame_needed = 0, uses_anonymous_args = 0
 1293              		.loc 1 632 3 view .LVU536
 1294              	.LVL70:
 1295              		.loc 1 633 3 view .LVU537
 1296              		.loc 1 633 13 is_stmt 0 view .LVU538
 1297 0000 002000E3 		movw	r2, #:lower16:ch0
 1298              		.loc 1 638 14 view .LVU539
 1299 0004 01C0A0E3 		mov	ip, #1
 1300              		.loc 1 631 34 view .LVU540
 1301 0008 04E02DE5 		str	lr, [sp, #-4]!
 1302              		.cfi_def_cfa_offset 4
 1303              		.cfi_offset 14, -4
 1304              	.LBB201:
 1305              	.LBB202:
 1306              		.loc 1 109 13 view .LVU541
 1307 000c 00E0A0E3 		mov	lr, #0
 1308              	.LBE202:
 1309              	.LBE201:
 1310              		.loc 1 633 13 view .LVU542
 1311 0010 002040E3 		movt	r2, #:upper16:ch0
ARM GAS  /tmp/cckx8M46.s 			page 24


 1312              	.LBB209:
 1313              	.LBB210:
 1314              		.loc 3 417 24 view .LVU543
 1315 0014 000092E5 		ldr	r0, [r2]
 1316              	.LBE210:
 1317              	.LBE209:
 1318              		.loc 1 633 13 view .LVU544
 1319 0018 0C3092E5 		ldr	r3, [r2, #12]
 1320              	.LVL71:
 1321              		.loc 1 634 3 is_stmt 1 view .LVU545
 1322              		.loc 1 637 3 view .LVU546
 1323              	.LBB213:
 1324              	.LBI209:
 1325              		.loc 3 416 36 view .LVU547
 1326              	.LBB211:
 1327              		.loc 3 417 3 view .LVU548
 1328              		.loc 3 419 3 view .LVU549
 1329              		.loc 3 419 22 is_stmt 0 view .LVU550
 1330 001c 001090E5 		ldr	r1, [r0]
 1331              		.loc 3 420 19 view .LVU551
 1332 0020 042081E5 		str	r2, [r1, #4]
 1333              	.LBE211:
 1334              	.LBE213:
 1335              		.loc 1 638 14 view .LVU552
 1336 0024 1CC0C0E5 		strb	ip, [r0, #28]
 1337              	.LBB214:
 1338              	.LBB212:
 1339              		.loc 3 419 19 view .LVU553
 1340 0028 001082E5 		str	r1, [r2]
 1341              		.loc 3 420 3 is_stmt 1 view .LVU554
 1342              		.loc 3 422 3 view .LVU555
 1343              	.LVL72:
 1344              		.loc 3 422 3 is_stmt 0 view .LVU556
 1345              	.LBE212:
 1346              	.LBE214:
 1347              		.loc 1 638 3 is_stmt 1 view .LVU557
 1348              		.loc 1 639 3 view .LVU558
 1349 002c 0C0082E5 		str	r0, [r2, #12]
 1350              		.loc 1 642 3 view .LVU559
 1351              		.loc 1 643 5 view .LVU560
 1352              		.loc 1 643 5 view .LVU561
 1353              		.loc 1 643 5 view .LVU562
 1354              		.loc 1 647 3 view .LVU563
 1355              	.LVL73:
 1356              	.LBB215:
 1357              	.LBI201:
 1358              		.loc 1 99 18 view .LVU564
 1359              	.LBB208:
 1360              		.loc 1 101 3 view .LVU565
 1361              		.loc 1 101 3 view .LVU566
 1362              		.loc 1 101 3 discriminator 5 view .LVU567
 1363              		.loc 1 106 34 view .LVU568
 1364              		.loc 1 109 3 view .LVU569
 1365              	.LBB203:
 1366              	.LBB204:
 1367              		.loc 3 488 12 is_stmt 0 view .LVU570
 1368 0030 08C093E5 		ldr	ip, [r3, #8]
ARM GAS  /tmp/cckx8M46.s 			page 25


 1369              	.LBE204:
 1370              	.LBE203:
 1371              		.loc 1 112 10 view .LVU571
 1372 0034 102093E5 		ldr	r2, [r3, #16]
 1373              		.loc 1 109 13 view .LVU572
 1374 0038 1CE0C3E5 		strb	lr, [r3, #28]
 1375              		.loc 1 112 3 is_stmt 1 view .LVU573
 1376              	.LVL74:
 1377              	.LBB207:
 1378              	.LBI203:
 1379              		.loc 3 476 36 view .LVU574
 1380              	.L48:
 1381              	.LBB206:
 1382              		.loc 3 480 3 view .LVU575
 1383              	.LBB205:
 1384              		.loc 3 481 5 view .LVU576
 1385              		.loc 3 481 26 is_stmt 0 view .LVU577
 1386 003c 002092E5 		ldr	r2, [r2]
 1387              	.LVL75:
 1388              		.loc 3 484 5 is_stmt 1 view .LVU578
 1389              		.loc 3 485 5 view .LVU579
 1390              		.loc 3 485 5 view .LVU580
 1391              		.loc 3 485 5 discriminator 5 view .LVU581
 1392              		.loc 3 485 5 discriminator 5 view .LVU582
 1393              		.loc 3 487 5 view .LVU583
 1394              		.loc 3 487 5 is_stmt 0 view .LVU584
 1395              	.LBE205:
 1396              		.loc 3 488 12 is_stmt 1 view .LVU585
 1397              		.loc 3 488 12 is_stmt 0 discriminator 1 view .LVU586
 1398 0040 081092E5 		ldr	r1, [r2, #8]
 1399 0044 0C0051E1 		cmp	r1, ip
 1400 0048 FBFFFF8A 		bhi	.L48
 1401              		.loc 3 491 3 is_stmt 1 view .LVU587
 1402              		.loc 3 492 22 is_stmt 0 view .LVU588
 1403 004c 041092E5 		ldr	r1, [r2, #4]
 1404              		.loc 3 491 17 view .LVU589
 1405 0050 002083E5 		str	r2, [r3]
 1406              		.loc 3 492 3 is_stmt 1 view .LVU590
 1407              		.loc 3 492 17 is_stmt 0 view .LVU591
 1408 0054 041083E5 		str	r1, [r3, #4]
 1409              		.loc 3 493 3 is_stmt 1 view .LVU592
 1410              		.loc 3 493 17 is_stmt 0 view .LVU593
 1411 0058 003081E5 		str	r3, [r1]
 1412              		.loc 3 494 3 is_stmt 1 view .LVU594
 1413              		.loc 3 494 17 is_stmt 0 view .LVU595
 1414 005c 043082E5 		str	r3, [r2, #4]
 1415              		.loc 3 496 3 is_stmt 1 view .LVU596
 1416              	.LVL76:
 1417              		.loc 3 496 3 is_stmt 0 view .LVU597
 1418              	.LBE206:
 1419              	.LBE207:
 1420              	.LBE208:
 1421              	.LBE215:
 1422              		.loc 1 649 3 is_stmt 1 view .LVU598
 1423              		.loc 1 650 1 is_stmt 0 view .LVU599
 1424 0060 04F09DE4 		ldr	pc, [sp], #4
 1425              		.cfi_endproc
ARM GAS  /tmp/cckx8M46.s 			page 26


 1426              	.LFE221:
 1427              		.size	chSchSelectFirst, .-chSchSelectFirst
 1428              		.text
 1429              	.Letext0:
 1430              		.file 5 "/home/emirhan/Documents/gemstone/chibiOS-port/tools/arm-gnu-toolchain-13.3.rel1-x86_64-ar
 1431              		.file 6 "/home/emirhan/Documents/gemstone/chibiOS-port/tools/arm-gnu-toolchain-13.3.rel1-x86_64-ar
 1432              		.file 7 "../../../os/common/ports/ARM-common/include/chtypes.h"
 1433              		.file 8 "../../../os/rt/include/chearly.h"
 1434              		.file 9 "../../../os/rt/include/chobjects.h"
 1435              		.file 10 "../../../os/rt/include/chrfcu.h"
 1436              		.file 11 "../../../os/rt/include/chdebug.h"
 1437              		.file 12 "../../../os/rt/include/chtime.h"
 1438              		.file 13 "../../../os/common/ports/ARMv7-R/chcore.h"
 1439              		.file 14 "../../../os/rt/include/chmtx.h"
 1440              		.file 15 "../../../os/rt/include/chsys.h"
 1441              		.file 16 "../../../os/rt/include/chsafety.h"
 1442              		.section	.debug_info,"",%progbits
 1443              	.Ldebug_info0:
 1444 0000 88140000 		.4byte	0x1488
 1445 0004 0500     		.2byte	0x5
 1446 0006 01       		.byte	0x1
 1447 0007 04       		.byte	0x4
 1448 0008 00000000 		.4byte	.Ldebug_abbrev0
 1449 000c 35       		.uleb128 0x35
 1450 000d A9040000 		.4byte	.LASF151
 1451 0011 1D       		.byte	0x1d
 1452 0012 DC020000 		.4byte	.LASF152
 1453 0016 19070000 		.4byte	.LASF153
 1454 001a 21010000 		.4byte	.LLRL80
 1455 001e 00000000 		.4byte	0
 1456 0022 00000000 		.4byte	.Ldebug_line0
 1457 0026 0A       		.uleb128 0xa
 1458 0027 08       		.byte	0x8
 1459 0028 07       		.byte	0x7
 1460 0029 E2010000 		.4byte	.LASF0
 1461 002d 0A       		.uleb128 0xa
 1462 002e 04       		.byte	0x4
 1463 002f 07       		.byte	0x7
 1464 0030 69000000 		.4byte	.LASF1
 1465 0034 0A       		.uleb128 0xa
 1466 0035 01       		.byte	0x1
 1467 0036 08       		.byte	0x8
 1468 0037 DA060000 		.4byte	.LASF2
 1469 003b 36       		.uleb128 0x36
 1470 003c 04       		.byte	0x4
 1471 003d 05       		.byte	0x5
 1472 003e 696E7400 		.ascii	"int\000"
 1473 0042 0A       		.uleb128 0xa
 1474 0043 08       		.byte	0x8
 1475 0044 05       		.byte	0x5
 1476 0045 B4030000 		.4byte	.LASF3
 1477 0049 0A       		.uleb128 0xa
 1478 004a 08       		.byte	0x8
 1479 004b 04       		.byte	0x4
 1480 004c 61040000 		.4byte	.LASF4
 1481 0050 0A       		.uleb128 0xa
 1482 0051 01       		.byte	0x1
ARM GAS  /tmp/cckx8M46.s 			page 27


 1483 0052 06       		.byte	0x6
 1484 0053 C5070000 		.4byte	.LASF5
 1485 0057 01       		.uleb128 0x1
 1486 0058 03060000 		.4byte	.LASF8
 1487 005c 05       		.byte	0x5
 1488 005d 2B       		.byte	0x2b
 1489 005e 18       		.byte	0x18
 1490 005f 34000000 		.4byte	0x34
 1491 0063 0A       		.uleb128 0xa
 1492 0064 02       		.byte	0x2
 1493 0065 05       		.byte	0x5
 1494 0066 8A040000 		.4byte	.LASF6
 1495 006a 0A       		.uleb128 0xa
 1496 006b 02       		.byte	0x2
 1497 006c 07       		.byte	0x7
 1498 006d F1070000 		.4byte	.LASF7
 1499 0071 01       		.uleb128 0x1
 1500 0072 94000000 		.4byte	.LASF9
 1501 0076 05       		.byte	0x5
 1502 0077 4D       		.byte	0x4d
 1503 0078 18       		.byte	0x18
 1504 0079 7D000000 		.4byte	0x7d
 1505 007d 0A       		.uleb128 0xa
 1506 007e 04       		.byte	0x4
 1507 007f 05       		.byte	0x5
 1508 0080 94040000 		.4byte	.LASF10
 1509 0084 01       		.uleb128 0x1
 1510 0085 E8060000 		.4byte	.LASF11
 1511 0089 05       		.byte	0x5
 1512 008a 4F       		.byte	0x4f
 1513 008b 19       		.byte	0x19
 1514 008c 90000000 		.4byte	0x90
 1515 0090 0A       		.uleb128 0xa
 1516 0091 04       		.byte	0x4
 1517 0092 07       		.byte	0x7
 1518 0093 49060000 		.4byte	.LASF12
 1519 0097 01       		.uleb128 0x1
 1520 0098 01030000 		.4byte	.LASF13
 1521 009c 05       		.byte	0x5
 1522 009d 69       		.byte	0x69
 1523 009e 19       		.byte	0x19
 1524 009f 26000000 		.4byte	0x26
 1525 00a3 01       		.uleb128 0x1
 1526 00a4 77040000 		.4byte	.LASF14
 1527 00a8 05       		.byte	0x5
 1528 00a9 E8       		.byte	0xe8
 1529 00aa 1A       		.byte	0x1a
 1530 00ab 2D000000 		.4byte	0x2d
 1531 00af 01       		.uleb128 0x1
 1532 00b0 8A030000 		.4byte	.LASF15
 1533 00b4 06       		.byte	0x6
 1534 00b5 18       		.byte	0x18
 1535 00b6 13       		.byte	0x13
 1536 00b7 57000000 		.4byte	0x57
 1537 00bb 01       		.uleb128 0x1
 1538 00bc 83060000 		.4byte	.LASF16
 1539 00c0 06       		.byte	0x6
ARM GAS  /tmp/cckx8M46.s 			page 28


 1540 00c1 2C       		.byte	0x2c
 1541 00c2 13       		.byte	0x13
 1542 00c3 71000000 		.4byte	0x71
 1543 00c7 01       		.uleb128 0x1
 1544 00c8 5A010000 		.4byte	.LASF17
 1545 00cc 06       		.byte	0x6
 1546 00cd 30       		.byte	0x30
 1547 00ce 14       		.byte	0x14
 1548 00cf 84000000 		.4byte	0x84
 1549 00d3 01       		.uleb128 0x1
 1550 00d4 F4050000 		.4byte	.LASF18
 1551 00d8 06       		.byte	0x6
 1552 00d9 3C       		.byte	0x3c
 1553 00da 14       		.byte	0x14
 1554 00db 97000000 		.4byte	0x97
 1555 00df 22       		.uleb128 0x22
 1556 00e0 D3000000 		.4byte	0xd3
 1557 00e4 01       		.uleb128 0x1
 1558 00e5 37060000 		.4byte	.LASF19
 1559 00e9 06       		.byte	0x6
 1560 00ea 52       		.byte	0x52
 1561 00eb 15       		.byte	0x15
 1562 00ec A3000000 		.4byte	0xa3
 1563 00f0 01       		.uleb128 0x1
 1564 00f1 1B000000 		.4byte	.LASF20
 1565 00f5 07       		.byte	0x7
 1566 00f6 47       		.byte	0x47
 1567 00f7 1D       		.byte	0x1d
 1568 00f8 D3000000 		.4byte	0xd3
 1569 00fc 01       		.uleb128 0x1
 1570 00fd 3E020000 		.4byte	.LASF21
 1571 0101 08       		.byte	0x8
 1572 0102 4F       		.byte	0x4f
 1573 0103 19       		.byte	0x19
 1574 0104 F0000000 		.4byte	0xf0
 1575 0108 01       		.uleb128 0x1
 1576 0109 46040000 		.4byte	.LASF22
 1577 010d 08       		.byte	0x8
 1578 010e 52       		.byte	0x52
 1579 010f 19       		.byte	0x19
 1580 0110 AF000000 		.4byte	0xaf
 1581 0114 01       		.uleb128 0x1
 1582 0115 7A030000 		.4byte	.LASF23
 1583 0119 08       		.byte	0x8
 1584 011a 53       		.byte	0x53
 1585 011b 19       		.byte	0x19
 1586 011c AF000000 		.4byte	0xaf
 1587 0120 01       		.uleb128 0x1
 1588 0121 41060000 		.4byte	.LASF24
 1589 0125 08       		.byte	0x8
 1590 0126 54       		.byte	0x54
 1591 0127 19       		.byte	0x19
 1592 0128 AF000000 		.4byte	0xaf
 1593 012c 01       		.uleb128 0x1
 1594 012d AE010000 		.4byte	.LASF25
 1595 0131 08       		.byte	0x8
 1596 0132 56       		.byte	0x56
ARM GAS  /tmp/cckx8M46.s 			page 29


 1597 0133 19       		.byte	0x19
 1598 0134 C7000000 		.4byte	0xc7
 1599 0138 01       		.uleb128 0x1
 1600 0139 C2030000 		.4byte	.LASF26
 1601 013d 08       		.byte	0x8
 1602 013e 57       		.byte	0x57
 1603 013f 19       		.byte	0x19
 1604 0140 BB000000 		.4byte	0xbb
 1605 0144 01       		.uleb128 0x1
 1606 0145 95010000 		.4byte	.LASF27
 1607 0149 08       		.byte	0x8
 1608 014a 59       		.byte	0x59
 1609 014b 19       		.byte	0x19
 1610 014c C7000000 		.4byte	0xc7
 1611 0150 01       		.uleb128 0x1
 1612 0151 2B020000 		.4byte	.LASF28
 1613 0155 08       		.byte	0x8
 1614 0156 5B       		.byte	0x5b
 1615 0157 19       		.byte	0x19
 1616 0158 BB000000 		.4byte	0xbb
 1617 015c 01       		.uleb128 0x1
 1618 015d 42080000 		.4byte	.LASF29
 1619 0161 08       		.byte	0x8
 1620 0162 7F       		.byte	0x7f
 1621 0163 12       		.byte	0x12
 1622 0164 2D000000 		.4byte	0x2d
 1623 0168 01       		.uleb128 0x1
 1624 0169 7E020000 		.4byte	.LASF30
 1625 016d 08       		.byte	0x8
 1626 016e 84       		.byte	0x84
 1627 016f 1A       		.byte	0x1a
 1628 0170 74010000 		.4byte	0x174
 1629 0174 0B       		.uleb128 0xb
 1630 0175 9B030000 		.4byte	.LASF48
 1631 0179 54       		.byte	0x54
 1632 017a 09       		.byte	0x9
 1633 017b A6       		.byte	0xa6
 1634 017c 08       		.byte	0x8
 1635 017d 7E020000 		.4byte	0x27e
 1636 0181 1E       		.uleb128 0x1e
 1637 0182 68647200 		.ascii	"hdr\000"
 1638 0186 09       		.byte	0x9
 1639 0187 B7       		.byte	0xb7
 1640 0188 05       		.byte	0x5
 1641 0189 76060000 		.4byte	0x676
 1642 018d 00       		.byte	0
 1643 018e 1E       		.uleb128 0x1e
 1644 018f 63747800 		.ascii	"ctx\000"
 1645 0193 09       		.byte	0x9
 1646 0194 BB       		.byte	0xbb
 1647 0195 21       		.byte	0x21
 1648 0196 54040000 		.4byte	0x454
 1649 019a 0C       		.byte	0xc
 1650 019b 02       		.uleb128 0x2
 1651 019c 48020000 		.4byte	.LASF31
 1652 01a0 09       		.byte	0x9
 1653 01a1 BF       		.byte	0xbf
ARM GAS  /tmp/cckx8M46.s 			page 30


 1654 01a2 22       		.byte	0x22
 1655 01a3 64070000 		.4byte	0x764
 1656 01a7 10       		.byte	0x10
 1657 01a8 02       		.uleb128 0x2
 1658 01a9 73030000 		.4byte	.LASF32
 1659 01ad 09       		.byte	0x9
 1660 01ae C5       		.byte	0xc5
 1661 01af 22       		.byte	0x22
 1662 01b0 69070000 		.4byte	0x769
 1663 01b4 14       		.byte	0x14
 1664 01b5 02       		.uleb128 0x2
 1665 01b6 C7050000 		.4byte	.LASF33
 1666 01ba 09       		.byte	0x9
 1667 01bb CA       		.byte	0xca
 1668 01bc 21       		.byte	0x21
 1669 01bd 69070000 		.4byte	0x769
 1670 01c1 18       		.byte	0x18
 1671 01c2 02       		.uleb128 0x2
 1672 01c3 87070000 		.4byte	.LASF34
 1673 01c7 09       		.byte	0x9
 1674 01c8 CE       		.byte	0xce
 1675 01c9 21       		.byte	0x21
 1676 01ca 14010000 		.4byte	0x114
 1677 01ce 1C       		.byte	0x1c
 1678 01cf 02       		.uleb128 0x2
 1679 01d0 36000000 		.4byte	.LASF35
 1680 01d4 09       		.byte	0x9
 1681 01d5 D2       		.byte	0xd2
 1682 01d6 21       		.byte	0x21
 1683 01d7 08010000 		.4byte	0x108
 1684 01db 1D       		.byte	0x1d
 1685 01dc 02       		.uleb128 0x2
 1686 01dd 9E000000 		.4byte	.LASF36
 1687 01e1 09       		.byte	0x9
 1688 01e2 D7       		.byte	0xd7
 1689 01e3 21       		.byte	0x21
 1690 01e4 20010000 		.4byte	0x120
 1691 01e8 1E       		.byte	0x1e
 1692 01e9 02       		.uleb128 0x2
 1693 01ea 0D060000 		.4byte	.LASF37
 1694 01ee 09       		.byte	0x9
 1695 01ef DB       		.byte	0xdb
 1696 01f0 22       		.byte	0x22
 1697 01f1 65030000 		.4byte	0x365
 1698 01f5 20       		.byte	0x20
 1699 01f6 02       		.uleb128 0x2
 1700 01f7 83030000 		.4byte	.LASF38
 1701 01fb 09       		.byte	0x9
 1702 01fc DF       		.byte	0xdf
 1703 01fd 21       		.byte	0x21
 1704 01fe A1040000 		.4byte	0x4a1
 1705 0202 24       		.byte	0x24
 1706 0203 02       		.uleb128 0x2
 1707 0204 13000000 		.4byte	.LASF39
 1708 0208 09       		.byte	0x9
 1709 0209 E5       		.byte	0xe5
 1710 020a 21       		.byte	0x21
ARM GAS  /tmp/cckx8M46.s 			page 31


 1711 020b 5A060000 		.4byte	0x65a
 1712 020f 2C       		.byte	0x2c
 1713 0210 02       		.uleb128 0x2
 1714 0211 CD020000 		.4byte	.LASF40
 1715 0215 09       		.byte	0x9
 1716 0216 EB       		.byte	0xeb
 1717 0217 22       		.byte	0x22
 1718 0218 DF050000 		.4byte	0x5df
 1719 021c 30       		.byte	0x30
 1720 021d 09       		.uleb128 0x9
 1721 021e 7500     		.ascii	"u\000"
 1722 0220 09       		.byte	0x9
 1723 0221 3601     		.2byte	0x136
 1724 0223 21       		.byte	0x21
 1725 0224 9C060000 		.4byte	0x69c
 1726 0228 34       		.byte	0x34
 1727 0229 04       		.uleb128 0x4
 1728 022a F3060000 		.4byte	.LASF41
 1729 022e 09       		.byte	0x9
 1730 022f 3B01     		.2byte	0x13b
 1731 0231 21       		.byte	0x21
 1732 0232 75040000 		.4byte	0x475
 1733 0236 38       		.byte	0x38
 1734 0237 04       		.uleb128 0x4
 1735 0238 92030000 		.4byte	.LASF42
 1736 023c 09       		.byte	0x9
 1737 023d 4101     		.2byte	0x141
 1738 023f 21       		.byte	0x21
 1739 0240 A1040000 		.4byte	0x4a1
 1740 0244 3C       		.byte	0x3c
 1741 0245 04       		.uleb128 0x4
 1742 0246 75010000 		.4byte	.LASF43
 1743 024a 09       		.byte	0x9
 1744 024b 5301     		.2byte	0x153
 1745 024d 21       		.byte	0x21
 1746 024e 38010000 		.4byte	0x138
 1747 0252 44       		.byte	0x44
 1748 0253 04       		.uleb128 0x4
 1749 0254 60000000 		.4byte	.LASF44
 1750 0258 09       		.byte	0x9
 1751 0259 5901     		.2byte	0x159
 1752 025b 21       		.byte	0x21
 1753 025c 44010000 		.4byte	0x144
 1754 0260 48       		.byte	0x48
 1755 0261 04       		.uleb128 0x4
 1756 0262 5A020000 		.4byte	.LASF45
 1757 0266 09       		.byte	0x9
 1758 0267 6001     		.2byte	0x160
 1759 0269 22       		.byte	0x22
 1760 026a 5F070000 		.4byte	0x75f
 1761 026e 4C       		.byte	0x4c
 1762 026f 04       		.uleb128 0x4
 1763 0270 46000000 		.4byte	.LASF46
 1764 0274 09       		.byte	0x9
 1765 0275 6401     		.2byte	0x164
 1766 0277 21       		.byte	0x21
 1767 0278 2C010000 		.4byte	0x12c
ARM GAS  /tmp/cckx8M46.s 			page 32


 1768 027c 50       		.byte	0x50
 1769 027d 00       		.byte	0
 1770 027e 01       		.uleb128 0x1
 1771 027f 97070000 		.4byte	.LASF47
 1772 0283 08       		.byte	0x8
 1773 0284 89       		.byte	0x89
 1774 0285 1F       		.byte	0x1f
 1775 0286 8A020000 		.4byte	0x28a
 1776 028a 1A       		.uleb128 0x1a
 1777 028b 1D030000 		.4byte	.LASF49
 1778 028f E8       		.byte	0xe8
 1779 0290 09       		.byte	0x9
 1780 0291 A001     		.2byte	0x1a0
 1781 0293 08       		.byte	0x8
 1782 0294 17030000 		.4byte	0x317
 1783 0298 04       		.uleb128 0x4
 1784 0299 FD050000 		.4byte	.LASF50
 1785 029d 09       		.byte	0x9
 1786 029e A401     		.2byte	0x1a4
 1787 02a0 21       		.byte	0x21
 1788 02a1 99070000 		.4byte	0x799
 1789 02a5 00       		.byte	0
 1790 02a6 04       		.uleb128 0x4
 1791 02a7 AA000000 		.4byte	.LASF51
 1792 02ab 09       		.byte	0x9
 1793 02ac A801     		.2byte	0x1a8
 1794 02ae 21       		.byte	0x21
 1795 02af 16060000 		.4byte	0x616
 1796 02b3 10       		.byte	0x10
 1797 02b4 04       		.uleb128 0x4
 1798 02b5 A5070000 		.4byte	.LASF52
 1799 02b9 09       		.byte	0x9
 1800 02ba AF01     		.2byte	0x1af
 1801 02bc 21       		.byte	0x21
 1802 02bd 3D060000 		.4byte	0x63d
 1803 02c1 28       		.byte	0x28
 1804 02c2 04       		.uleb128 0x4
 1805 02c3 82000000 		.4byte	.LASF53
 1806 02c7 09       		.byte	0x9
 1807 02c8 B401     		.2byte	0x1b4
 1808 02ca 21       		.byte	0x21
 1809 02cb 5C010000 		.4byte	0x15c
 1810 02cf 30       		.byte	0x30
 1811 02d0 04       		.uleb128 0x4
 1812 02d1 79020000 		.4byte	.LASF54
 1813 02d5 09       		.byte	0x9
 1814 02d6 BA01     		.2byte	0x1ba
 1815 02d8 21       		.byte	0x21
 1816 02d9 3E030000 		.4byte	0x33e
 1817 02dd 34       		.byte	0x34
 1818 02de 04       		.uleb128 0x4
 1819 02df 83040000 		.4byte	.LASF55
 1820 02e3 09       		.byte	0x9
 1821 02e4 BF01     		.2byte	0x1bf
 1822 02e6 22       		.byte	0x22
 1823 02e7 09080000 		.4byte	0x809
 1824 02eb 38       		.byte	0x38
ARM GAS  /tmp/cckx8M46.s 			page 33


 1825 02ec 04       		.uleb128 0x4
 1826 02ed 56040000 		.4byte	.LASF56
 1827 02f1 09       		.byte	0x9
 1828 02f2 C301     		.2byte	0x1c3
 1829 02f4 21       		.byte	0x21
 1830 02f5 68010000 		.4byte	0x168
 1831 02f9 3C       		.byte	0x3c
 1832 02fa 04       		.uleb128 0x4
 1833 02fb 7C070000 		.4byte	.LASF57
 1834 02ff 09       		.byte	0x9
 1835 0300 C801     		.2byte	0x1c8
 1836 0302 21       		.byte	0x21
 1837 0303 68010000 		.4byte	0x168
 1838 0307 90       		.byte	0x90
 1839 0308 09       		.uleb128 0x9
 1840 0309 64626700 		.ascii	"dbg\000"
 1841 030d 09       		.byte	0x9
 1842 030e CD01     		.2byte	0x1cd
 1843 0310 21       		.byte	0x21
 1844 0311 7B030000 		.4byte	0x37b
 1845 0315 E4       		.byte	0xe4
 1846 0316 00       		.byte	0
 1847 0317 01       		.uleb128 0x1
 1848 0318 54030000 		.4byte	.LASF58
 1849 031c 0A       		.byte	0xa
 1850 031d 3E       		.byte	0x3e
 1851 031e 12       		.byte	0x12
 1852 031f C7000000 		.4byte	0xc7
 1853 0323 0B       		.uleb128 0xb
 1854 0324 D4020000 		.4byte	.LASF59
 1855 0328 04       		.byte	0x4
 1856 0329 0A       		.byte	0xa
 1857 032a 43       		.byte	0x43
 1858 032b 10       		.byte	0x10
 1859 032c 3E030000 		.4byte	0x33e
 1860 0330 02       		.uleb128 0x2
 1861 0331 FE030000 		.4byte	.LASF60
 1862 0335 0A       		.byte	0xa
 1863 0336 47       		.byte	0x47
 1864 0337 21       		.byte	0x21
 1865 0338 17030000 		.4byte	0x317
 1866 033c 00       		.byte	0
 1867 033d 00       		.byte	0
 1868 033e 01       		.uleb128 0x1
 1869 033f 8B060000 		.4byte	.LASF61
 1870 0343 0A       		.byte	0xa
 1871 0344 48       		.byte	0x48
 1872 0345 03       		.byte	0x3
 1873 0346 23030000 		.4byte	0x323
 1874 034a 0B       		.uleb128 0xb
 1875 034b 37010000 		.4byte	.LASF62
 1876 034f 04       		.byte	0x4
 1877 0350 0B       		.byte	0xb
 1878 0351 3D       		.byte	0x3d
 1879 0352 10       		.byte	0x10
 1880 0353 65030000 		.4byte	0x365
 1881 0357 02       		.uleb128 0x2
ARM GAS  /tmp/cckx8M46.s 			page 34


 1882 0358 2D040000 		.4byte	.LASF63
 1883 035c 0B       		.byte	0xb
 1884 035d 45       		.byte	0x45
 1885 035e 24       		.byte	0x24
 1886 035f 6A030000 		.4byte	0x36a
 1887 0363 00       		.byte	0
 1888 0364 00       		.byte	0
 1889 0365 06       		.uleb128 0x6
 1890 0366 76030000 		.4byte	0x376
 1891 036a 22       		.uleb128 0x22
 1892 036b 65030000 		.4byte	0x365
 1893 036f 0A       		.uleb128 0xa
 1894 0370 01       		.byte	0x1
 1895 0371 08       		.byte	0x8
 1896 0372 3F030000 		.4byte	.LASF64
 1897 0376 0C       		.uleb128 0xc
 1898 0377 6F030000 		.4byte	0x36f
 1899 037b 01       		.uleb128 0x1
 1900 037c A5030000 		.4byte	.LASF65
 1901 0380 0B       		.byte	0xb
 1902 0381 50       		.byte	0x50
 1903 0382 03       		.byte	0x3
 1904 0383 4A030000 		.4byte	0x34a
 1905 0387 01       		.uleb128 0x1
 1906 0388 3C000000 		.4byte	.LASF66
 1907 038c 0C       		.byte	0xc
 1908 038d 6C       		.byte	0x6c
 1909 038e 12       		.byte	0x12
 1910 038f C7000000 		.4byte	0xc7
 1911 0393 22       		.uleb128 0x22
 1912 0394 87030000 		.4byte	0x387
 1913 0398 01       		.uleb128 0x1
 1914 0399 14040000 		.4byte	.LASF67
 1915 039d 0C       		.byte	0xc
 1916 039e 78       		.byte	0x78
 1917 039f 12       		.byte	0x12
 1918 03a0 C7000000 		.4byte	0xc7
 1919 03a4 1A       		.uleb128 0x1a
 1920 03a5 9D040000 		.4byte	.LASF68
 1921 03a9 A8       		.byte	0xa8
 1922 03aa 0D       		.byte	0xd
 1923 03ab 0102     		.2byte	0x201
 1924 03ad 08       		.byte	0x8
 1925 03ae 44040000 		.4byte	0x444
 1926 03b2 09       		.uleb128 0x9
 1927 03b3 6400     		.ascii	"d\000"
 1928 03b5 0D       		.byte	0xd
 1929 03b6 0302     		.2byte	0x203
 1930 03b8 19       		.byte	0x19
 1931 03b9 44040000 		.4byte	0x444
 1932 03bd 00       		.byte	0
 1933 03be 04       		.uleb128 0x4
 1934 03bf DC010000 		.4byte	.LASF69
 1935 03c3 0D       		.byte	0xd
 1936 03c4 0402     		.2byte	0x204
 1937 03c6 19       		.byte	0x19
 1938 03c7 C7000000 		.4byte	0xc7
ARM GAS  /tmp/cckx8M46.s 			page 35


 1939 03cb 80       		.byte	0x80
 1940 03cc 09       		.uleb128 0x9
 1941 03cd 723400   		.ascii	"r4\000"
 1942 03d0 0D       		.byte	0xd
 1943 03d1 0602     		.2byte	0x206
 1944 03d3 19       		.byte	0x19
 1945 03d4 C7000000 		.4byte	0xc7
 1946 03d8 84       		.byte	0x84
 1947 03d9 09       		.uleb128 0x9
 1948 03da 723500   		.ascii	"r5\000"
 1949 03dd 0D       		.byte	0xd
 1950 03de 0702     		.2byte	0x207
 1951 03e0 19       		.byte	0x19
 1952 03e1 C7000000 		.4byte	0xc7
 1953 03e5 88       		.byte	0x88
 1954 03e6 09       		.uleb128 0x9
 1955 03e7 723600   		.ascii	"r6\000"
 1956 03ea 0D       		.byte	0xd
 1957 03eb 0802     		.2byte	0x208
 1958 03ed 19       		.byte	0x19
 1959 03ee C7000000 		.4byte	0xc7
 1960 03f2 8C       		.byte	0x8c
 1961 03f3 09       		.uleb128 0x9
 1962 03f4 723700   		.ascii	"r7\000"
 1963 03f7 0D       		.byte	0xd
 1964 03f8 0902     		.2byte	0x209
 1965 03fa 19       		.byte	0x19
 1966 03fb C7000000 		.4byte	0xc7
 1967 03ff 90       		.byte	0x90
 1968 0400 09       		.uleb128 0x9
 1969 0401 723800   		.ascii	"r8\000"
 1970 0404 0D       		.byte	0xd
 1971 0405 0A02     		.2byte	0x20a
 1972 0407 19       		.byte	0x19
 1973 0408 C7000000 		.4byte	0xc7
 1974 040c 94       		.byte	0x94
 1975 040d 09       		.uleb128 0x9
 1976 040e 723900   		.ascii	"r9\000"
 1977 0411 0D       		.byte	0xd
 1978 0412 0B02     		.2byte	0x20b
 1979 0414 19       		.byte	0x19
 1980 0415 C7000000 		.4byte	0xc7
 1981 0419 98       		.byte	0x98
 1982 041a 09       		.uleb128 0x9
 1983 041b 72313000 		.ascii	"r10\000"
 1984 041f 0D       		.byte	0xd
 1985 0420 0C02     		.2byte	0x20c
 1986 0422 19       		.byte	0x19
 1987 0423 C7000000 		.4byte	0xc7
 1988 0427 9C       		.byte	0x9c
 1989 0428 09       		.uleb128 0x9
 1990 0429 72313100 		.ascii	"r11\000"
 1991 042d 0D       		.byte	0xd
 1992 042e 0D02     		.2byte	0x20d
 1993 0430 19       		.byte	0x19
 1994 0431 C7000000 		.4byte	0xc7
 1995 0435 A0       		.byte	0xa0
ARM GAS  /tmp/cckx8M46.s 			page 36


 1996 0436 09       		.uleb128 0x9
 1997 0437 6C7200   		.ascii	"lr\000"
 1998 043a 0D       		.byte	0xd
 1999 043b 0E02     		.2byte	0x20e
 2000 043d 19       		.byte	0x19
 2001 043e C7000000 		.4byte	0xc7
 2002 0442 A4       		.byte	0xa4
 2003 0443 00       		.byte	0
 2004 0444 0E       		.uleb128 0xe
 2005 0445 D3000000 		.4byte	0xd3
 2006 0449 54040000 		.4byte	0x454
 2007 044d 0F       		.uleb128 0xf
 2008 044e 2D000000 		.4byte	0x2d
 2009 0452 0F       		.byte	0xf
 2010 0453 00       		.byte	0
 2011 0454 1A       		.uleb128 0x1a
 2012 0455 B1000000 		.4byte	.LASF70
 2013 0459 04       		.byte	0x4
 2014 045a 0D       		.byte	0xd
 2015 045b 1702     		.2byte	0x217
 2016 045d 08       		.byte	0x8
 2017 045e 70040000 		.4byte	0x470
 2018 0462 09       		.uleb128 0x9
 2019 0463 737000   		.ascii	"sp\000"
 2020 0466 0D       		.byte	0xd
 2021 0467 1802     		.2byte	0x218
 2022 0469 1A       		.byte	0x1a
 2023 046a 70040000 		.4byte	0x470
 2024 046e 00       		.byte	0
 2025 046f 00       		.byte	0
 2026 0470 06       		.uleb128 0x6
 2027 0471 A4030000 		.4byte	0x3a4
 2028 0475 01       		.uleb128 0x1
 2029 0476 6D040000 		.4byte	.LASF71
 2030 047a 03       		.byte	0x3
 2031 047b 31       		.byte	0x31
 2032 047c 18       		.byte	0x18
 2033 047d 81040000 		.4byte	0x481
 2034 0481 0B       		.uleb128 0xb
 2035 0482 1A010000 		.4byte	.LASF72
 2036 0486 04       		.byte	0x4
 2037 0487 03       		.byte	0x3
 2038 0488 37       		.byte	0x37
 2039 0489 08       		.byte	0x8
 2040 048a 9C040000 		.4byte	0x49c
 2041 048e 02       		.uleb128 0x2
 2042 048f 76000000 		.4byte	.LASF73
 2043 0493 03       		.byte	0x3
 2044 0494 38       		.byte	0x38
 2045 0495 1A       		.byte	0x1a
 2046 0496 9C040000 		.4byte	0x49c
 2047 049a 00       		.byte	0
 2048 049b 00       		.byte	0
 2049 049c 06       		.uleb128 0x6
 2050 049d 75040000 		.4byte	0x475
 2051 04a1 01       		.uleb128 0x1
 2052 04a2 22040000 		.4byte	.LASF74
ARM GAS  /tmp/cckx8M46.s 			page 37


 2053 04a6 03       		.byte	0x3
 2054 04a7 3E       		.byte	0x3e
 2055 04a8 19       		.byte	0x19
 2056 04a9 AD040000 		.4byte	0x4ad
 2057 04ad 0B       		.uleb128 0xb
 2058 04ae B4060000 		.4byte	.LASF75
 2059 04b2 08       		.byte	0x8
 2060 04b3 03       		.byte	0x3
 2061 04b4 44       		.byte	0x44
 2062 04b5 08       		.byte	0x8
 2063 04b6 D5040000 		.4byte	0x4d5
 2064 04ba 02       		.uleb128 0x2
 2065 04bb 76000000 		.4byte	.LASF73
 2066 04bf 03       		.byte	0x3
 2067 04c0 45       		.byte	0x45
 2068 04c1 1A       		.byte	0x1a
 2069 04c2 D5040000 		.4byte	0x4d5
 2070 04c6 00       		.byte	0
 2071 04c7 02       		.uleb128 0x2
 2072 04c8 04010000 		.4byte	.LASF76
 2073 04cc 03       		.byte	0x3
 2074 04cd 46       		.byte	0x46
 2075 04ce 1A       		.byte	0x1a
 2076 04cf D5040000 		.4byte	0x4d5
 2077 04d3 04       		.byte	0x4
 2078 04d4 00       		.byte	0
 2079 04d5 06       		.uleb128 0x6
 2080 04d6 A1040000 		.4byte	0x4a1
 2081 04da 01       		.uleb128 0x1
 2082 04db A1020000 		.4byte	.LASF77
 2083 04df 03       		.byte	0x3
 2084 04e0 4D       		.byte	0x4d
 2085 04e1 22       		.byte	0x22
 2086 04e2 E6040000 		.4byte	0x4e6
 2087 04e6 0B       		.uleb128 0xb
 2088 04e7 A2060000 		.4byte	.LASF78
 2089 04eb 0C       		.byte	0xc
 2090 04ec 03       		.byte	0x3
 2091 04ed 54       		.byte	0x54
 2092 04ee 08       		.byte	0x8
 2093 04ef 1B050000 		.4byte	0x51b
 2094 04f3 02       		.uleb128 0x2
 2095 04f4 76000000 		.4byte	.LASF73
 2096 04f8 03       		.byte	0x3
 2097 04f9 55       		.byte	0x55
 2098 04fa 1A       		.byte	0x1a
 2099 04fb 1B050000 		.4byte	0x51b
 2100 04ff 00       		.byte	0
 2101 0500 02       		.uleb128 0x2
 2102 0501 04010000 		.4byte	.LASF76
 2103 0505 03       		.byte	0x3
 2104 0506 56       		.byte	0x56
 2105 0507 1A       		.byte	0x1a
 2106 0508 1B050000 		.4byte	0x51b
 2107 050c 04       		.byte	0x4
 2108 050d 02       		.uleb128 0x2
 2109 050e 3A030000 		.4byte	.LASF79
ARM GAS  /tmp/cckx8M46.s 			page 38


 2110 0512 03       		.byte	0x3
 2111 0513 57       		.byte	0x57
 2112 0514 19       		.byte	0x19
 2113 0515 2C010000 		.4byte	0x12c
 2114 0519 08       		.byte	0x8
 2115 051a 00       		.byte	0
 2116 051b 06       		.uleb128 0x6
 2117 051c DA040000 		.4byte	0x4da
 2118 0520 01       		.uleb128 0x1
 2119 0521 44030000 		.4byte	.LASF80
 2120 0525 03       		.byte	0x3
 2121 0526 5E       		.byte	0x5e
 2122 0527 1E       		.byte	0x1e
 2123 0528 2C050000 		.4byte	0x52c
 2124 052c 0B       		.uleb128 0xb
 2125 052d 4C010000 		.4byte	.LASF81
 2126 0531 0C       		.byte	0xc
 2127 0532 03       		.byte	0x3
 2128 0533 63       		.byte	0x63
 2129 0534 08       		.byte	0x8
 2130 0535 61050000 		.4byte	0x561
 2131 0539 02       		.uleb128 0x2
 2132 053a 76000000 		.4byte	.LASF73
 2133 053e 03       		.byte	0x3
 2134 053f 64       		.byte	0x64
 2135 0540 1A       		.byte	0x1a
 2136 0541 61050000 		.4byte	0x561
 2137 0545 00       		.byte	0
 2138 0546 02       		.uleb128 0x2
 2139 0547 04010000 		.4byte	.LASF76
 2140 054b 03       		.byte	0x3
 2141 054c 65       		.byte	0x65
 2142 054d 1A       		.byte	0x1a
 2143 054e 61050000 		.4byte	0x561
 2144 0552 04       		.byte	0x4
 2145 0553 02       		.uleb128 0x2
 2146 0554 D1070000 		.4byte	.LASF82
 2147 0558 03       		.byte	0x3
 2148 0559 66       		.byte	0x66
 2149 055a 19       		.byte	0x19
 2150 055b 98030000 		.4byte	0x398
 2151 055f 08       		.byte	0x8
 2152 0560 00       		.byte	0
 2153 0561 06       		.uleb128 0x6
 2154 0562 20050000 		.4byte	0x520
 2155 0566 01       		.uleb128 0x1
 2156 0567 D5030000 		.4byte	.LASF83
 2157 056b 09       		.byte	0x9
 2158 056c 3B       		.byte	0x3b
 2159 056d 21       		.byte	0x21
 2160 056e 77050000 		.4byte	0x577
 2161 0572 0C       		.uleb128 0xc
 2162 0573 66050000 		.4byte	0x566
 2163 0577 0B       		.uleb128 0xb
 2164 0578 B6010000 		.4byte	.LASF84
 2165 057c 18       		.byte	0x18
 2166 057d 09       		.byte	0x9
ARM GAS  /tmp/cckx8M46.s 			page 39


 2167 057e 48       		.byte	0x48
 2168 057f 08       		.byte	0x8
 2169 0580 B9050000 		.4byte	0x5b9
 2170 0584 02       		.uleb128 0x2
 2171 0585 EE050000 		.4byte	.LASF85
 2172 0589 09       		.byte	0x9
 2173 058a 4C       		.byte	0x4c
 2174 058b 21       		.byte	0x21
 2175 058c 20050000 		.4byte	0x520
 2176 0590 00       		.byte	0
 2177 0591 02       		.uleb128 0x2
 2178 0592 F8000000 		.4byte	.LASF86
 2179 0596 09       		.byte	0x9
 2180 0597 50       		.byte	0x50
 2181 0598 21       		.byte	0x21
 2182 0599 B9050000 		.4byte	0x5b9
 2183 059d 0C       		.byte	0xc
 2184 059e 1E       		.uleb128 0x1e
 2185 059f 70617200 		.ascii	"par\000"
 2186 05a3 09       		.byte	0x9
 2187 05a4 54       		.byte	0x54
 2188 05a5 22       		.byte	0x22
 2189 05a6 DF050000 		.4byte	0x5df
 2190 05aa 10       		.byte	0x10
 2191 05ab 02       		.uleb128 0x2
 2192 05ac 7B000000 		.4byte	.LASF87
 2193 05b0 09       		.byte	0x9
 2194 05b1 58       		.byte	0x58
 2195 05b2 21       		.byte	0x21
 2196 05b3 98030000 		.4byte	0x398
 2197 05b7 14       		.byte	0x14
 2198 05b8 00       		.byte	0
 2199 05b9 01       		.uleb128 0x1
 2200 05ba 22010000 		.4byte	.LASF88
 2201 05be 09       		.byte	0x9
 2202 05bf 43       		.byte	0x43
 2203 05c0 10       		.byte	0x10
 2204 05c1 C5050000 		.4byte	0x5c5
 2205 05c5 06       		.uleb128 0x6
 2206 05c6 CA050000 		.4byte	0x5ca
 2207 05ca 29       		.uleb128 0x29
 2208 05cb DA050000 		.4byte	0x5da
 2209 05cf 0D       		.uleb128 0xd
 2210 05d0 DA050000 		.4byte	0x5da
 2211 05d4 0D       		.uleb128 0xd
 2212 05d5 DF050000 		.4byte	0x5df
 2213 05d9 00       		.byte	0
 2214 05da 06       		.uleb128 0x6
 2215 05db 66050000 		.4byte	0x566
 2216 05df 37       		.uleb128 0x37
 2217 05e0 04       		.byte	0x4
 2218 05e1 0B       		.uleb128 0xb
 2219 05e2 62020000 		.4byte	.LASF89
 2220 05e6 18       		.byte	0x18
 2221 05e7 09       		.byte	0x9
 2222 05e8 61       		.byte	0x61
 2223 05e9 10       		.byte	0x10
ARM GAS  /tmp/cckx8M46.s 			page 40


 2224 05ea 16060000 		.4byte	0x616
 2225 05ee 02       		.uleb128 0x2
 2226 05ef EE050000 		.4byte	.LASF85
 2227 05f3 09       		.byte	0x9
 2228 05f4 65       		.byte	0x65
 2229 05f5 21       		.byte	0x21
 2230 05f6 20050000 		.4byte	0x520
 2231 05fa 00       		.byte	0
 2232 05fb 02       		.uleb128 0x2
 2233 05fc 4E040000 		.4byte	.LASF90
 2234 0600 09       		.byte	0x9
 2235 0601 6A       		.byte	0x6a
 2236 0602 21       		.byte	0x21
 2237 0603 93030000 		.4byte	0x393
 2238 0607 0C       		.byte	0xc
 2239 0608 02       		.uleb128 0x2
 2240 0609 8A000000 		.4byte	.LASF91
 2241 060d 09       		.byte	0x9
 2242 060e 7E       		.byte	0x7e
 2243 060f 21       		.byte	0x21
 2244 0610 DF000000 		.4byte	0xdf
 2245 0614 10       		.byte	0x10
 2246 0615 00       		.byte	0
 2247 0616 01       		.uleb128 0x1
 2248 0617 FB060000 		.4byte	.LASF92
 2249 061b 09       		.byte	0x9
 2250 061c 80       		.byte	0x80
 2251 061d 03       		.byte	0x3
 2252 061e E1050000 		.4byte	0x5e1
 2253 0622 0B       		.uleb128 0xb
 2254 0623 2A000000 		.4byte	.LASF93
 2255 0627 08       		.byte	0x8
 2256 0628 09       		.byte	0x9
 2257 0629 85       		.byte	0x85
 2258 062a 10       		.byte	0x10
 2259 062b 3D060000 		.4byte	0x63d
 2260 062f 02       		.uleb128 0x2
 2261 0630 7D060000 		.4byte	.LASF94
 2262 0634 09       		.byte	0x9
 2263 0635 89       		.byte	0x89
 2264 0636 21       		.byte	0x21
 2265 0637 A1040000 		.4byte	0x4a1
 2266 063b 00       		.byte	0
 2267 063c 00       		.byte	0
 2268 063d 01       		.uleb128 0x1
 2269 063e E5030000 		.4byte	.LASF95
 2270 0642 09       		.byte	0x9
 2271 0643 8A       		.byte	0x8a
 2272 0644 03       		.byte	0x3
 2273 0645 22060000 		.4byte	0x622
 2274 0649 01       		.uleb128 0x1
 2275 064a 60030000 		.4byte	.LASF96
 2276 064e 09       		.byte	0x9
 2277 064f 8F       		.byte	0x8f
 2278 0650 14       		.byte	0x14
 2279 0651 55060000 		.4byte	0x655
 2280 0655 06       		.uleb128 0x6
ARM GAS  /tmp/cckx8M46.s 			page 41


 2281 0656 68010000 		.4byte	0x168
 2282 065a 01       		.uleb128 0x1
 2283 065b 03040000 		.4byte	.LASF97
 2284 065f 09       		.byte	0x9
 2285 0660 9E       		.byte	0x9e
 2286 0661 10       		.byte	0x10
 2287 0662 66060000 		.4byte	0x666
 2288 0666 06       		.uleb128 0x6
 2289 0667 6B060000 		.4byte	0x66b
 2290 066b 29       		.uleb128 0x29
 2291 066c 76060000 		.4byte	0x676
 2292 0670 0D       		.uleb128 0xd
 2293 0671 55060000 		.4byte	0x655
 2294 0675 00       		.byte	0
 2295 0676 2A       		.uleb128 0x2a
 2296 0677 0C       		.byte	0xc
 2297 0678 AA       		.byte	0xaa
 2298 0679 9C060000 		.4byte	0x69c
 2299 067d 23       		.uleb128 0x23
 2300 067e 47010000 		.4byte	.LASF98
 2301 0682 AE       		.byte	0xae
 2302 0683 75040000 		.4byte	0x475
 2303 0687 23       		.uleb128 0x23
 2304 0688 7D060000 		.4byte	.LASF94
 2305 068c B2       		.byte	0xb2
 2306 068d A1040000 		.4byte	0x4a1
 2307 0691 23       		.uleb128 0x23
 2308 0692 24020000 		.4byte	.LASF99
 2309 0696 B6       		.byte	0xb6
 2310 0697 DA040000 		.4byte	0x4da
 2311 069b 00       		.byte	0
 2312 069c 2A       		.uleb128 0x2a
 2313 069d 04       		.byte	0x4
 2314 069e FF       		.byte	0xff
 2315 069f F8060000 		.4byte	0x6f8
 2316 06a3 11       		.uleb128 0x11
 2317 06a4 9A020000 		.4byte	.LASF100
 2318 06a8 0601     		.2byte	0x106
 2319 06aa 21       		.byte	0x21
 2320 06ab 38010000 		.4byte	0x138
 2321 06af 11       		.uleb128 0x11
 2322 06b0 39080000 		.4byte	.LASF101
 2323 06b4 0D01     		.2byte	0x10d
 2324 06b6 21       		.byte	0x21
 2325 06b7 38010000 		.4byte	0x138
 2326 06bb 11       		.uleb128 0x11
 2327 06bc A3000000 		.4byte	.LASF102
 2328 06c0 1401     		.2byte	0x114
 2329 06c2 22       		.byte	0x22
 2330 06c3 DF050000 		.4byte	0x5df
 2331 06c7 11       		.uleb128 0x11
 2332 06c8 BF070000 		.4byte	.LASF103
 2333 06cc 1B01     		.2byte	0x11b
 2334 06ce 22       		.byte	0x22
 2335 06cf F8060000 		.4byte	0x6f8
 2336 06d3 11       		.uleb128 0x11
 2337 06d4 9B060000 		.4byte	.LASF104
ARM GAS  /tmp/cckx8M46.s 			page 42


 2338 06d8 2301     		.2byte	0x123
 2339 06da 22       		.byte	0x22
 2340 06db 25070000 		.4byte	0x725
 2341 06df 11       		.uleb128 0x11
 2342 06e0 0C000000 		.4byte	.LASF105
 2343 06e4 2C01     		.2byte	0x12c
 2344 06e6 22       		.byte	0x22
 2345 06e7 5F070000 		.4byte	0x75f
 2346 06eb 11       		.uleb128 0x11
 2347 06ec FD000000 		.4byte	.LASF106
 2348 06f0 3401     		.2byte	0x134
 2349 06f2 21       		.byte	0x21
 2350 06f3 44010000 		.4byte	0x144
 2351 06f7 00       		.byte	0
 2352 06f8 06       		.uleb128 0x6
 2353 06f9 49060000 		.4byte	0x649
 2354 06fd 0B       		.uleb128 0xb
 2355 06fe A1010000 		.4byte	.LASF107
 2356 0702 0C       		.byte	0xc
 2357 0703 02       		.byte	0x2
 2358 0704 33       		.byte	0x33
 2359 0705 10       		.byte	0x10
 2360 0706 25070000 		.4byte	0x725
 2361 070a 02       		.uleb128 0x2
 2362 070b 7D060000 		.4byte	.LASF94
 2363 070f 02       		.byte	0x2
 2364 0710 34       		.byte	0x34
 2365 0711 19       		.byte	0x19
 2366 0712 A1040000 		.4byte	0x4a1
 2367 0716 00       		.byte	0
 2368 0717 1E       		.uleb128 0x1e
 2369 0718 636E7400 		.ascii	"cnt\000"
 2370 071c 02       		.byte	0x2
 2371 071d 36       		.byte	0x36
 2372 071e 19       		.byte	0x19
 2373 071f 50010000 		.4byte	0x150
 2374 0723 08       		.byte	0x8
 2375 0724 00       		.byte	0
 2376 0725 06       		.uleb128 0x6
 2377 0726 FD060000 		.4byte	0x6fd
 2378 072a 0B       		.uleb128 0xb
 2379 072b F8020000 		.4byte	.LASF108
 2380 072f 10       		.byte	0x10
 2381 0730 0E       		.byte	0xe
 2382 0731 38       		.byte	0x38
 2383 0732 08       		.byte	0x8
 2384 0733 5F070000 		.4byte	0x75f
 2385 0737 02       		.uleb128 0x2
 2386 0738 7D060000 		.4byte	.LASF94
 2387 073c 0E       		.byte	0xe
 2388 073d 39       		.byte	0x39
 2389 073e 19       		.byte	0x19
 2390 073f A1040000 		.4byte	0x4a1
 2391 0743 00       		.byte	0
 2392 0744 02       		.uleb128 0x2
 2393 0745 48020000 		.4byte	.LASF31
 2394 0749 0E       		.byte	0xe
ARM GAS  /tmp/cckx8M46.s 			page 43


 2395 074a 3B       		.byte	0x3b
 2396 074b 1A       		.byte	0x1a
 2397 074c 55060000 		.4byte	0x655
 2398 0750 08       		.byte	0x8
 2399 0751 02       		.uleb128 0x2
 2400 0752 76000000 		.4byte	.LASF73
 2401 0756 0E       		.byte	0xe
 2402 0757 3D       		.byte	0x3d
 2403 0758 1A       		.byte	0x1a
 2404 0759 33080000 		.4byte	0x833
 2405 075d 0C       		.byte	0xc
 2406 075e 00       		.byte	0
 2407 075f 06       		.uleb128 0x6
 2408 0760 2A070000 		.4byte	0x72a
 2409 0764 06       		.uleb128 0x6
 2410 0765 7E020000 		.4byte	0x27e
 2411 0769 06       		.uleb128 0x6
 2412 076a FC000000 		.4byte	0xfc
 2413 076e 1A       		.uleb128 0x1a
 2414 076f D1000000 		.4byte	.LASF109
 2415 0773 10       		.byte	0x10
 2416 0774 09       		.byte	0x9
 2417 0775 7501     		.2byte	0x175
 2418 0777 10       		.byte	0x10
 2419 0778 99070000 		.4byte	0x799
 2420 077c 04       		.uleb128 0x4
 2421 077d 24020000 		.4byte	.LASF99
 2422 0781 09       		.byte	0x9
 2423 0782 7A01     		.2byte	0x17a
 2424 0784 21       		.byte	0x21
 2425 0785 DA040000 		.4byte	0x4da
 2426 0789 00       		.byte	0
 2427 078a 04       		.uleb128 0x4
 2428 078b 04080000 		.4byte	.LASF110
 2429 078f 09       		.byte	0x9
 2430 0790 7E01     		.2byte	0x17e
 2431 0792 22       		.byte	0x22
 2432 0793 55060000 		.4byte	0x655
 2433 0797 0C       		.byte	0xc
 2434 0798 00       		.byte	0
 2435 0799 2B       		.uleb128 0x2b
 2436 079a 5B060000 		.4byte	.LASF111
 2437 079e 7F01     		.2byte	0x17f
 2438 07a0 6E070000 		.4byte	0x76e
 2439 07a4 1A       		.uleb128 0x1a
 2440 07a5 D8050000 		.4byte	.LASF112
 2441 07a9 14       		.byte	0x14
 2442 07aa 09       		.byte	0x9
 2443 07ab 8401     		.2byte	0x184
 2444 07ad 10       		.byte	0x10
 2445 07ae F9070000 		.4byte	0x7f9
 2446 07b2 04       		.uleb128 0x4
 2447 07b3 0D060000 		.4byte	.LASF37
 2448 07b7 09       		.byte	0x9
 2449 07b8 8801     		.2byte	0x188
 2450 07ba 22       		.byte	0x22
 2451 07bb 65030000 		.4byte	0x365
ARM GAS  /tmp/cckx8M46.s 			page 44


 2452 07bf 00       		.byte	0
 2453 07c0 04       		.uleb128 0x4
 2454 07c1 00000000 		.4byte	.LASF113
 2455 07c5 09       		.byte	0x9
 2456 07c6 8C01     		.2byte	0x18c
 2457 07c8 22       		.byte	0x22
 2458 07c9 69070000 		.4byte	0x769
 2459 07cd 04       		.byte	0x4
 2460 07ce 04       		.uleb128 0x4
 2461 07cf CD050000 		.4byte	.LASF114
 2462 07d3 09       		.byte	0x9
 2463 07d4 9001     		.2byte	0x190
 2464 07d6 22       		.byte	0x22
 2465 07d7 69070000 		.4byte	0x769
 2466 07db 08       		.byte	0x8
 2467 07dc 04       		.uleb128 0x4
 2468 07dd 37040000 		.4byte	.LASF115
 2469 07e1 09       		.byte	0x9
 2470 07e2 9501     		.2byte	0x195
 2471 07e4 22       		.byte	0x22
 2472 07e5 69070000 		.4byte	0x769
 2473 07e9 0C       		.byte	0xc
 2474 07ea 04       		.uleb128 0x4
 2475 07eb F0030000 		.4byte	.LASF116
 2476 07ef 09       		.byte	0x9
 2477 07f0 9901     		.2byte	0x199
 2478 07f2 22       		.byte	0x22
 2479 07f3 69070000 		.4byte	0x769
 2480 07f7 10       		.byte	0x10
 2481 07f8 00       		.byte	0
 2482 07f9 2B       		.uleb128 0x2b
 2483 07fa C7010000 		.4byte	.LASF117
 2484 07fe 9B01     		.2byte	0x19b
 2485 0800 A4070000 		.4byte	0x7a4
 2486 0804 0C       		.uleb128 0xc
 2487 0805 F9070000 		.4byte	0x7f9
 2488 0809 06       		.uleb128 0x6
 2489 080a 04080000 		.4byte	0x804
 2490 080e 38       		.uleb128 0x38
 2491 080f 63683000 		.ascii	"ch0\000"
 2492 0813 0F       		.byte	0xf
 2493 0814 1E01     		.2byte	0x11e
 2494 0816 16       		.byte	0x16
 2495 0817 7E020000 		.4byte	0x27e
 2496 081b 01       		.uleb128 0x1
 2497 081c 4E020000 		.4byte	.LASF118
 2498 0820 02       		.byte	0x2
 2499 0821 37       		.byte	0x37
 2500 0822 03       		.byte	0x3
 2501 0823 FD060000 		.4byte	0x6fd
 2502 0827 01       		.uleb128 0x1
 2503 0828 BD060000 		.4byte	.LASF119
 2504 082c 0E       		.byte	0xe
 2505 082d 33       		.byte	0x33
 2506 082e 19       		.byte	0x19
 2507 082f 2A070000 		.4byte	0x72a
 2508 0833 06       		.uleb128 0x6
ARM GAS  /tmp/cckx8M46.s 			page 45


 2509 0834 27080000 		.4byte	0x827
 2510 0838 0A       		.uleb128 0xa
 2511 0839 01       		.byte	0x1
 2512 083a 02       		.byte	0x2
 2513 083b B5020000 		.4byte	.LASF120
 2514 083f 24       		.uleb128 0x24
 2515 0840 C8030000 		.4byte	.LASF121
 2516 0844 04       		.byte	0x4
 2517 0845 6A       		.byte	0x6a
 2518 0846 50080000 		.4byte	0x850
 2519 084a 0D       		.uleb128 0xd
 2520 084b DA050000 		.4byte	0x5da
 2521 084f 00       		.byte	0
 2522 0850 24       		.uleb128 0x24
 2523 0851 AC050000 		.4byte	.LASF122
 2524 0855 04       		.byte	0x4
 2525 0856 66       		.byte	0x66
 2526 0857 70080000 		.4byte	0x870
 2527 085b 0D       		.uleb128 0xd
 2528 085c DA050000 		.4byte	0x5da
 2529 0860 0D       		.uleb128 0xd
 2530 0861 98030000 		.4byte	0x398
 2531 0865 0D       		.uleb128 0xd
 2532 0866 B9050000 		.4byte	0x5b9
 2533 086a 0D       		.uleb128 0xd
 2534 086b DF050000 		.4byte	0x5df
 2535 086f 00       		.byte	0
 2536 0870 39       		.uleb128 0x39
 2537 0871 AD070000 		.4byte	.LASF123
 2538 0875 0D       		.byte	0xd
 2539 0876 8C02     		.2byte	0x28c
 2540 0878 08       		.byte	0x8
 2541 0879 88080000 		.4byte	0x888
 2542 087d 0D       		.uleb128 0xd
 2543 087e 55060000 		.4byte	0x655
 2544 0882 0D       		.uleb128 0xd
 2545 0883 55060000 		.4byte	0x655
 2546 0887 00       		.byte	0
 2547 0888 24       		.uleb128 0x24
 2548 0889 8D070000 		.4byte	.LASF124
 2549 088d 08       		.byte	0x8
 2550 088e E5       		.byte	0xe5
 2551 088f 99080000 		.4byte	0x899
 2552 0893 0D       		.uleb128 0xd
 2553 0894 65030000 		.4byte	0x365
 2554 0898 00       		.byte	0
 2555 0899 1F       		.uleb128 0x1f
 2556 089a 4F000000 		.4byte	.LASF127
 2557 089e 7702     		.2byte	0x277
 2558 08a0 0B       		.byte	0xb
 2559 08a1 55060000 		.4byte	0x655
 2560 08a5 00000000 		.4byte	.LFB221
 2561 08a9 64000000 		.4byte	.LFE221-.LFB221
 2562 08ad 01       		.uleb128 0x1
 2563 08ae 9C       		.byte	0x9c
 2564 08af 86090000 		.4byte	0x986
 2565 08b3 07       		.uleb128 0x7
ARM GAS  /tmp/cckx8M46.s 			page 46


 2566 08b4 6F697000 		.ascii	"oip\000"
 2567 08b8 01       		.byte	0x1
 2568 08b9 7802     		.2byte	0x278
 2569 08bb 12       		.byte	0x12
 2570 08bc 64070000 		.4byte	0x764
 2571 08c0 12       		.uleb128 0x12
 2572 08c1 6F747000 		.ascii	"otp\000"
 2573 08c5 7902     		.2byte	0x279
 2574 08c7 55060000 		.4byte	0x655
 2575 08cb 0E000000 		.4byte	.LLST69
 2576 08cf 0C000000 		.4byte	.LVUS69
 2577 08d3 12       		.uleb128 0x12
 2578 08d4 6E747000 		.ascii	"ntp\000"
 2579 08d8 7A02     		.2byte	0x27a
 2580 08da 55060000 		.4byte	0x655
 2581 08de 19000000 		.4byte	.LLST70
 2582 08e2 17000000 		.4byte	.LVUS70
 2583 08e6 13       		.uleb128 0x13
 2584 08e7 E4110000 		.4byte	0x11e4
 2585 08eb 30000000 		.4byte	.LBI201
 2586 08ef 05       		.byte	.LVU564
 2587 08f0 EE000000 		.4byte	.LLRL71
 2588 08f4 8702     		.2byte	0x287
 2589 08f6 0A       		.byte	0xa
 2590 08f7 5A090000 		.4byte	0x95a
 2591 08fb 03       		.uleb128 0x3
 2592 08fc F2110000 		.4byte	0x11f2
 2593 0900 24000000 		.4byte	.LLST72
 2594 0904 22000000 		.4byte	.LVUS72
 2595 0908 08       		.uleb128 0x8
 2596 0909 EE000000 		.4byte	.LLRL71
 2597 090d 1B       		.uleb128 0x1b
 2598 090e A6120000 		.4byte	0x12a6
 2599 0912 3C000000 		.4byte	.LBI203
 2600 0916 01       		.byte	.LVU574
 2601 0917 FA000000 		.4byte	.LLRL73
 2602 091b 70       		.byte	0x70
 2603 091c 03       		.uleb128 0x3
 2604 091d C4120000 		.4byte	0x12c4
 2605 0921 2F000000 		.4byte	.LLST74
 2606 0925 2D000000 		.4byte	.LVUS74
 2607 0929 03       		.uleb128 0x3
 2608 092a B7120000 		.4byte	0x12b7
 2609 092e 3C000000 		.4byte	.LLST75
 2610 0932 38000000 		.4byte	.LVUS75
 2611 0936 08       		.uleb128 0x8
 2612 0937 06010000 		.4byte	.LLRL76
 2613 093b 14       		.uleb128 0x14
 2614 093c D8120000 		.4byte	0x12d8
 2615 0940 3C000000 		.4byte	.LBB205
 2616 0944 04000000 		.4byte	.LBE205-.LBB205
 2617 0948 05       		.uleb128 0x5
 2618 0949 D9120000 		.4byte	0x12d9
 2619 094d 4E000000 		.4byte	.LLST77
 2620 0951 4C000000 		.4byte	.LVUS77
 2621 0955 00       		.byte	0
 2622 0956 00       		.byte	0
ARM GAS  /tmp/cckx8M46.s 			page 47


 2623 0957 00       		.byte	0
 2624 0958 00       		.byte	0
 2625 0959 00       		.byte	0
 2626 095a 3A       		.uleb128 0x3a
 2627 095b 50130000 		.4byte	0x1350
 2628 095f 1C000000 		.4byte	.LBI209
 2629 0963 02       		.byte	.LVU547
 2630 0964 12010000 		.4byte	.LLRL78
 2631 0968 01       		.byte	0x1
 2632 0969 7D02     		.2byte	0x27d
 2633 096b 09       		.byte	0x9
 2634 096c 10       		.uleb128 0x10
 2635 096d 61130000 		.4byte	0x1361
 2636 0971 08       		.uleb128 0x8
 2637 0972 12010000 		.4byte	.LLRL78
 2638 0976 05       		.uleb128 0x5
 2639 0977 6E130000 		.4byte	0x136e
 2640 097b 59000000 		.4byte	.LLST79
 2641 097f 57000000 		.4byte	.LVUS79
 2642 0983 00       		.byte	0
 2643 0984 00       		.byte	0
 2644 0985 00       		.byte	0
 2645 0986 25       		.uleb128 0x25
 2646 0987 2C030000 		.4byte	.LASF125
 2647 098b 5E02     		.2byte	0x25e
 2648 098d 00000000 		.4byte	.LFB220
 2649 0991 6C000000 		.4byte	.LFE220-.LFB220
 2650 0995 01       		.uleb128 0x1
 2651 0996 9C       		.byte	0x9c
 2652 0997 960A0000 		.4byte	0xa96
 2653 099b 07       		.uleb128 0x7
 2654 099c 6F697000 		.ascii	"oip\000"
 2655 09a0 01       		.byte	0x1
 2656 09a1 5F02     		.2byte	0x25f
 2657 09a3 12       		.byte	0x12
 2658 09a4 64070000 		.4byte	0x764
 2659 09a8 12       		.uleb128 0x12
 2660 09a9 747000   		.ascii	"tp\000"
 2661 09ac 6002     		.2byte	0x260
 2662 09ae 55060000 		.4byte	0x655
 2663 09b2 64000000 		.4byte	.LLST60
 2664 09b6 62000000 		.4byte	.LVUS60
 2665 09ba 26       		.uleb128 0x26
 2666 09bb B5110000 		.4byte	0x11b5
 2667 09bf 20000000 		.4byte	.LBI183
 2668 09c3 01       		.byte	.LVU470
 2669 09c4 20000000 		.4byte	.LBB183
 2670 09c8 4C000000 		.4byte	.LBE183-.LBB183
 2671 09cc 6702     		.2byte	0x267
 2672 09ce 05       		.byte	0x5
 2673 09cf 18       		.uleb128 0x18
 2674 09d0 C2110000 		.4byte	0x11c2
 2675 09d4 05       		.uleb128 0x5
 2676 09d5 CD110000 		.4byte	0x11cd
 2677 09d9 71000000 		.4byte	.LLST61
 2678 09dd 6D000000 		.4byte	.LVUS61
 2679 09e1 05       		.uleb128 0x5
ARM GAS  /tmp/cckx8M46.s 			page 48


 2680 09e2 D8110000 		.4byte	0x11d8
 2681 09e6 84000000 		.4byte	.LLST62
 2682 09ea 82000000 		.4byte	.LVUS62
 2683 09ee 27       		.uleb128 0x27
 2684 09ef 50130000 		.4byte	0x1350
 2685 09f3 20000000 		.4byte	.LBI185
 2686 09f7 06       		.byte	.LVU475
 2687 09f8 20000000 		.4byte	.LBB185
 2688 09fc 0C000000 		.4byte	.LBE185-.LBB185
 2689 0a00 84       		.byte	0x84
 2690 0a01 09       		.byte	0x9
 2691 0a02 190A0000 		.4byte	0xa19
 2692 0a06 10       		.uleb128 0x10
 2693 0a07 61130000 		.4byte	0x1361
 2694 0a0b 05       		.uleb128 0x5
 2695 0a0c 6E130000 		.4byte	0x136e
 2696 0a10 8F000000 		.4byte	.LLST63
 2697 0a14 8D000000 		.4byte	.LVUS63
 2698 0a18 00       		.byte	0
 2699 0a19 3B       		.uleb128 0x3b
 2700 0a1a 1C120000 		.4byte	0x121c
 2701 0a1e 3C000000 		.4byte	.LBI187
 2702 0a22 06       		.byte	.LVU495
 2703 0a23 E2000000 		.4byte	.LLRL64
 2704 0a27 01       		.byte	0x1
 2705 0a28 93       		.byte	0x93
 2706 0a29 09       		.byte	0x9
 2707 0a2a 8B0A0000 		.4byte	0xa8b
 2708 0a2e 03       		.uleb128 0x3
 2709 0a2f 2A120000 		.4byte	0x122a
 2710 0a33 9A000000 		.4byte	.LLST65
 2711 0a37 98000000 		.4byte	.LVUS65
 2712 0a3b 08       		.uleb128 0x8
 2713 0a3c E2000000 		.4byte	.LLRL64
 2714 0a40 2C       		.uleb128 0x2c
 2715 0a41 FB120000 		.4byte	0x12fb
 2716 0a45 44000000 		.4byte	.LBI189
 2717 0a49 00       		.byte	.LVU504
 2718 0a4a 44000000 		.4byte	.LBB189
 2719 0a4e 24000000 		.4byte	.LBE189-.LBB189
 2720 0a52 4F       		.byte	0x4f
 2721 0a53 03       		.uleb128 0x3
 2722 0a54 19130000 		.4byte	0x1319
 2723 0a58 A5000000 		.4byte	.LLST66
 2724 0a5c A3000000 		.4byte	.LVUS66
 2725 0a60 03       		.uleb128 0x3
 2726 0a61 0C130000 		.4byte	0x130c
 2727 0a65 B2000000 		.4byte	.LLST67
 2728 0a69 AE000000 		.4byte	.LVUS67
 2729 0a6d 14       		.uleb128 0x14
 2730 0a6e 2D130000 		.4byte	0x132d
 2731 0a72 44000000 		.4byte	.LBB191
 2732 0a76 04000000 		.4byte	.LBE191-.LBB191
 2733 0a7a 05       		.uleb128 0x5
 2734 0a7b 2E130000 		.4byte	0x132e
 2735 0a7f C4000000 		.4byte	.LLST68
 2736 0a83 C2000000 		.4byte	.LVUS68
ARM GAS  /tmp/cckx8M46.s 			page 49


 2737 0a87 00       		.byte	0
 2738 0a88 00       		.byte	0
 2739 0a89 00       		.byte	0
 2740 0a8a 00       		.byte	0
 2741 0a8b 20       		.uleb128 0x20
 2742 0a8c 6C000000 		.4byte	.LVL69
 2743 0a90 70080000 		.4byte	0x870
 2744 0a94 00       		.byte	0
 2745 0a95 00       		.byte	0
 2746 0a96 3C       		.uleb128 0x3c
 2747 0a97 B7050000 		.4byte	.LASF154
 2748 0a9b 01       		.byte	0x1
 2749 0a9c 3C02     		.2byte	0x23c
 2750 0a9e 06       		.byte	0x6
 2751 0a9f D50A0000 		.4byte	0xad5
 2752 0aa3 07       		.uleb128 0x7
 2753 0aa4 6F697000 		.ascii	"oip\000"
 2754 0aa8 01       		.byte	0x1
 2755 0aa9 3D02     		.2byte	0x23d
 2756 0aab 12       		.byte	0x12
 2757 0aac 64070000 		.4byte	0x764
 2758 0ab0 07       		.uleb128 0x7
 2759 0ab1 747000   		.ascii	"tp\000"
 2760 0ab4 01       		.byte	0x1
 2761 0ab5 3E02     		.2byte	0x23e
 2762 0ab7 0D       		.byte	0xd
 2763 0ab8 55060000 		.4byte	0x655
 2764 0abc 07       		.uleb128 0x7
 2765 0abd 703100   		.ascii	"p1\000"
 2766 0ac0 01       		.byte	0x1
 2767 0ac1 3F02     		.2byte	0x23f
 2768 0ac3 0B       		.byte	0xb
 2769 0ac4 2C010000 		.4byte	0x12c
 2770 0ac8 07       		.uleb128 0x7
 2771 0ac9 703200   		.ascii	"p2\000"
 2772 0acc 01       		.byte	0x1
 2773 0acd 4002     		.2byte	0x240
 2774 0acf 0B       		.byte	0xb
 2775 0ad0 2C010000 		.4byte	0x12c
 2776 0ad4 00       		.byte	0
 2777 0ad5 25       		.uleb128 0x25
 2778 0ad6 63010000 		.4byte	.LASF126
 2779 0ada 0902     		.2byte	0x209
 2780 0adc 00000000 		.4byte	.LFB218
 2781 0ae0 68000000 		.4byte	.LFE218-.LFB218
 2782 0ae4 01       		.uleb128 0x1
 2783 0ae5 9C       		.byte	0x9c
 2784 0ae6 C90B0000 		.4byte	0xbc9
 2785 0aea 07       		.uleb128 0x7
 2786 0aeb 6F697000 		.ascii	"oip\000"
 2787 0aef 01       		.byte	0x1
 2788 0af0 0A02     		.2byte	0x20a
 2789 0af2 12       		.byte	0x12
 2790 0af3 64070000 		.4byte	0x764
 2791 0af7 12       		.uleb128 0x12
 2792 0af8 6F747000 		.ascii	"otp\000"
 2793 0afc 0B02     		.2byte	0x20b
ARM GAS  /tmp/cckx8M46.s 			page 50


 2794 0afe 55060000 		.4byte	0x655
 2795 0b02 D1000000 		.4byte	.LLST49
 2796 0b06 CD000000 		.4byte	.LVUS49
 2797 0b0a 12       		.uleb128 0x12
 2798 0b0b 6E747000 		.ascii	"ntp\000"
 2799 0b0f 0C02     		.2byte	0x20c
 2800 0b11 55060000 		.4byte	0x655
 2801 0b15 E4000000 		.4byte	.LLST50
 2802 0b19 E2000000 		.4byte	.LVUS50
 2803 0b1d 13       		.uleb128 0x13
 2804 0b1e E4110000 		.4byte	0x11e4
 2805 0b22 30000000 		.4byte	.LBI155
 2806 0b26 05       		.byte	.LVU409
 2807 0b27 A6000000 		.4byte	.LLRL51
 2808 0b2b 2C02     		.2byte	0x22c
 2809 0b2d 09       		.byte	0x9
 2810 0b2e 910B0000 		.4byte	0xb91
 2811 0b32 03       		.uleb128 0x3
 2812 0b33 F2110000 		.4byte	0x11f2
 2813 0b37 EF000000 		.4byte	.LLST52
 2814 0b3b ED000000 		.4byte	.LVUS52
 2815 0b3f 08       		.uleb128 0x8
 2816 0b40 A6000000 		.4byte	.LLRL51
 2817 0b44 1B       		.uleb128 0x1b
 2818 0b45 A6120000 		.4byte	0x12a6
 2819 0b49 3C000000 		.4byte	.LBI157
 2820 0b4d 01       		.byte	.LVU419
 2821 0b4e B5000000 		.4byte	.LLRL53
 2822 0b52 70       		.byte	0x70
 2823 0b53 03       		.uleb128 0x3
 2824 0b54 C4120000 		.4byte	0x12c4
 2825 0b58 FA000000 		.4byte	.LLST54
 2826 0b5c F8000000 		.4byte	.LVUS54
 2827 0b60 03       		.uleb128 0x3
 2828 0b61 B7120000 		.4byte	0x12b7
 2829 0b65 07010000 		.4byte	.LLST55
 2830 0b69 03010000 		.4byte	.LVUS55
 2831 0b6d 08       		.uleb128 0x8
 2832 0b6e C4000000 		.4byte	.LLRL56
 2833 0b72 14       		.uleb128 0x14
 2834 0b73 D8120000 		.4byte	0x12d8
 2835 0b77 3C000000 		.4byte	.LBB159
 2836 0b7b 04000000 		.4byte	.LBE159-.LBB159
 2837 0b7f 05       		.uleb128 0x5
 2838 0b80 D9120000 		.4byte	0x12d9
 2839 0b84 19010000 		.4byte	.LLST57
 2840 0b88 17010000 		.4byte	.LVUS57
 2841 0b8c 00       		.byte	0
 2842 0b8d 00       		.byte	0
 2843 0b8e 00       		.byte	0
 2844 0b8f 00       		.byte	0
 2845 0b90 00       		.byte	0
 2846 0b91 13       		.uleb128 0x13
 2847 0b92 50130000 		.4byte	0x1350
 2848 0b96 1C000000 		.4byte	.LBI166
 2849 0b9a 02       		.byte	.LVU392
 2850 0b9b D3000000 		.4byte	.LLRL58
ARM GAS  /tmp/cckx8M46.s 			page 51


 2851 0b9f 0F02     		.2byte	0x20f
 2852 0ba1 09       		.byte	0x9
 2853 0ba2 BF0B0000 		.4byte	0xbbf
 2854 0ba6 10       		.uleb128 0x10
 2855 0ba7 61130000 		.4byte	0x1361
 2856 0bab 08       		.uleb128 0x8
 2857 0bac D3000000 		.4byte	.LLRL58
 2858 0bb0 05       		.uleb128 0x5
 2859 0bb1 6E130000 		.4byte	0x136e
 2860 0bb5 24010000 		.4byte	.LLST59
 2861 0bb9 22010000 		.4byte	.LVUS59
 2862 0bbd 00       		.byte	0
 2863 0bbe 00       		.byte	0
 2864 0bbf 20       		.uleb128 0x20
 2865 0bc0 68000000 		.4byte	.LVL58
 2866 0bc4 70080000 		.4byte	0x870
 2867 0bc8 00       		.byte	0
 2868 0bc9 1F       		.uleb128 0x1f
 2869 0bca 0A020000 		.4byte	.LASF128
 2870 0bce E901     		.2byte	0x1e9
 2871 0bd0 06       		.byte	0x6
 2872 0bd1 38080000 		.4byte	0x838
 2873 0bd5 00000000 		.4byte	.LFB217
 2874 0bd9 28000000 		.4byte	.LFE217-.LFB217
 2875 0bdd 01       		.uleb128 0x1
 2876 0bde 9C       		.byte	0x9c
 2877 0bdf 150C0000 		.4byte	0xc15
 2878 0be3 07       		.uleb128 0x7
 2879 0be4 6F697000 		.ascii	"oip\000"
 2880 0be8 01       		.byte	0x1
 2881 0be9 EA01     		.2byte	0x1ea
 2882 0beb 12       		.byte	0x12
 2883 0bec 64070000 		.4byte	0x764
 2884 0bf0 07       		.uleb128 0x7
 2885 0bf1 747000   		.ascii	"tp\000"
 2886 0bf4 01       		.byte	0x1
 2887 0bf5 EB01     		.2byte	0x1eb
 2888 0bf7 0D       		.byte	0xd
 2889 0bf8 55060000 		.4byte	0x655
 2890 0bfc 07       		.uleb128 0x7
 2891 0bfd 703100   		.ascii	"p1\000"
 2892 0c00 01       		.byte	0x1
 2893 0c01 ED01     		.2byte	0x1ed
 2894 0c03 0B       		.byte	0xb
 2895 0c04 2C010000 		.4byte	0x12c
 2896 0c08 07       		.uleb128 0x7
 2897 0c09 703200   		.ascii	"p2\000"
 2898 0c0c 01       		.byte	0x1
 2899 0c0d EE01     		.2byte	0x1ee
 2900 0c0f 0B       		.byte	0xb
 2901 0c10 2C010000 		.4byte	0x12c
 2902 0c14 00       		.byte	0
 2903 0c15 2D       		.uleb128 0x2d
 2904 0c16 0C030000 		.4byte	.LASF129
 2905 0c1a CE01     		.2byte	0x1ce
 2906 0c1c 3A0C0000 		.4byte	0xc3a
 2907 0c20 07       		.uleb128 0x7
ARM GAS  /tmp/cckx8M46.s 			page 52


 2908 0c21 6F697000 		.ascii	"oip\000"
 2909 0c25 01       		.byte	0x1
 2910 0c26 CF01     		.2byte	0x1cf
 2911 0c28 12       		.byte	0x12
 2912 0c29 64070000 		.4byte	0x764
 2913 0c2d 07       		.uleb128 0x7
 2914 0c2e 747000   		.ascii	"tp\000"
 2915 0c31 01       		.byte	0x1
 2916 0c32 D001     		.2byte	0x1d0
 2917 0c34 0D       		.byte	0xd
 2918 0c35 55060000 		.4byte	0x655
 2919 0c39 00       		.byte	0
 2920 0c3a 25       		.uleb128 0x25
 2921 0c3b 6F070000 		.4byte	.LASF130
 2922 0c3f 9101     		.2byte	0x191
 2923 0c41 00000000 		.4byte	.LFB215
 2924 0c45 9C000000 		.4byte	.LFE215-.LFB215
 2925 0c49 01       		.uleb128 0x1
 2926 0c4a 9C       		.byte	0x9c
 2927 0c4b 830D0000 		.4byte	0xd83
 2928 0c4f 2E       		.uleb128 0x2e
 2929 0c50 6E747000 		.ascii	"ntp\000"
 2930 0c54 1D       		.byte	0x1d
 2931 0c55 55060000 		.4byte	0x655
 2932 0c59 33010000 		.4byte	.LLST37
 2933 0c5d 2D010000 		.4byte	.LVUS37
 2934 0c61 2E       		.uleb128 0x2e
 2935 0c62 6D736700 		.ascii	"msg\000"
 2936 0c66 28       		.byte	0x28
 2937 0c67 38010000 		.4byte	0x138
 2938 0c6b 58010000 		.4byte	.LLST38
 2939 0c6f 52010000 		.4byte	.LVUS38
 2940 0c73 07       		.uleb128 0x7
 2941 0c74 6F697000 		.ascii	"oip\000"
 2942 0c78 01       		.byte	0x1
 2943 0c79 9201     		.2byte	0x192
 2944 0c7b 12       		.byte	0x12
 2945 0c7c 64070000 		.4byte	0x764
 2946 0c80 12       		.uleb128 0x12
 2947 0c81 6F747000 		.ascii	"otp\000"
 2948 0c85 9301     		.2byte	0x193
 2949 0c87 55060000 		.4byte	0x655
 2950 0c8b 82010000 		.4byte	.LLST39
 2951 0c8f 78010000 		.4byte	.LVUS39
 2952 0c93 15       		.uleb128 0x15
 2953 0c94 0C080000 		.4byte	.LASF135
 2954 0c98 930D0000 		.4byte	0xd93
 2955 0c9c 13       		.uleb128 0x13
 2956 0c9d 1C120000 		.4byte	0x121c
 2957 0ca1 6C000000 		.4byte	.LBI130
 2958 0ca5 01       		.byte	.LVU335
 2959 0ca6 87000000 		.4byte	.LLRL40
 2960 0caa B001     		.2byte	0x1b0
 2961 0cac 0C       		.byte	0xc
 2962 0cad 0E0D0000 		.4byte	0xd0e
 2963 0cb1 03       		.uleb128 0x3
 2964 0cb2 2A120000 		.4byte	0x122a
ARM GAS  /tmp/cckx8M46.s 			page 53


 2965 0cb6 A6010000 		.4byte	.LLST41
 2966 0cba A4010000 		.4byte	.LVUS41
 2967 0cbe 08       		.uleb128 0x8
 2968 0cbf 87000000 		.4byte	.LLRL40
 2969 0cc3 2C       		.uleb128 0x2c
 2970 0cc4 FB120000 		.4byte	0x12fb
 2971 0cc8 74000000 		.4byte	.LBI132
 2972 0ccc 01       		.byte	.LVU344
 2973 0ccd 74000000 		.4byte	.LBB132
 2974 0cd1 24000000 		.4byte	.LBE132-.LBB132
 2975 0cd5 4F       		.byte	0x4f
 2976 0cd6 03       		.uleb128 0x3
 2977 0cd7 19130000 		.4byte	0x1319
 2978 0cdb B1010000 		.4byte	.LLST42
 2979 0cdf AF010000 		.4byte	.LVUS42
 2980 0ce3 03       		.uleb128 0x3
 2981 0ce4 0C130000 		.4byte	0x130c
 2982 0ce8 BE010000 		.4byte	.LLST43
 2983 0cec BA010000 		.4byte	.LVUS43
 2984 0cf0 14       		.uleb128 0x14
 2985 0cf1 2D130000 		.4byte	0x132d
 2986 0cf5 74000000 		.4byte	.LBB134
 2987 0cf9 04000000 		.4byte	.LBE134-.LBB134
 2988 0cfd 05       		.uleb128 0x5
 2989 0cfe 2E130000 		.4byte	0x132e
 2990 0d02 D0010000 		.4byte	.LLST44
 2991 0d06 CE010000 		.4byte	.LVUS44
 2992 0d0a 00       		.byte	0
 2993 0d0b 00       		.byte	0
 2994 0d0c 00       		.byte	0
 2995 0d0d 00       		.byte	0
 2996 0d0e 3D       		.uleb128 0x3d
 2997 0d0f E4110000 		.4byte	0x11e4
 2998 0d13 94000000 		.4byte	.LLRL45
 2999 0d17 01       		.byte	0x1
 3000 0d18 B501     		.2byte	0x1b5
 3001 0d1a 0B       		.byte	0xb
 3002 0d1b 6B0D0000 		.4byte	0xd6b
 3003 0d1f 10       		.uleb128 0x10
 3004 0d20 F2110000 		.4byte	0x11f2
 3005 0d24 08       		.uleb128 0x8
 3006 0d25 94000000 		.4byte	.LLRL45
 3007 0d29 3E       		.uleb128 0x3e
 3008 0d2a A6120000 		.4byte	0x12a6
 3009 0d2e 9A000000 		.4byte	.LLRL46
 3010 0d32 01       		.byte	0x1
 3011 0d33 70       		.byte	0x70
 3012 0d34 0A       		.byte	0xa
 3013 0d35 10       		.uleb128 0x10
 3014 0d36 C4120000 		.4byte	0x12c4
 3015 0d3a 03       		.uleb128 0x3
 3016 0d3b B7120000 		.4byte	0x12b7
 3017 0d3f DD010000 		.4byte	.LLST47
 3018 0d43 D9010000 		.4byte	.LVUS47
 3019 0d47 08       		.uleb128 0x8
 3020 0d48 9A000000 		.4byte	.LLRL46
 3021 0d4c 14       		.uleb128 0x14
ARM GAS  /tmp/cckx8M46.s 			page 54


 3022 0d4d D8120000 		.4byte	0x12d8
 3023 0d51 30000000 		.4byte	.LBB140
 3024 0d55 04000000 		.4byte	.LBE140-.LBB140
 3025 0d59 05       		.uleb128 0x5
 3026 0d5a D9120000 		.4byte	0x12d9
 3027 0d5e EF010000 		.4byte	.LLST48
 3028 0d62 ED010000 		.4byte	.LVUS48
 3029 0d66 00       		.byte	0
 3030 0d67 00       		.byte	0
 3031 0d68 00       		.byte	0
 3032 0d69 00       		.byte	0
 3033 0d6a 00       		.byte	0
 3034 0d6b 3F       		.uleb128 0x3f
 3035 0d6c 6C000000 		.4byte	.LVL45
 3036 0d70 70080000 		.4byte	0x870
 3037 0d74 16       		.uleb128 0x16
 3038 0d75 01       		.uleb128 0x1
 3039 0d76 50       		.byte	0x50
 3040 0d77 09       		.uleb128 0x9
 3041 0d78 A3       		.byte	0xa3
 3042 0d79 03       		.uleb128 0x3
 3043 0d7a A5       		.byte	0xa5
 3044 0d7b 00       		.uleb128 0
 3045 0d7c 26       		.uleb128 0x26
 3046 0d7d A8       		.byte	0xa8
 3047 0d7e 2D       		.uleb128 0x2d
 3048 0d7f A8       		.byte	0xa8
 3049 0d80 00       		.uleb128 0
 3050 0d81 00       		.byte	0
 3051 0d82 00       		.byte	0
 3052 0d83 0E       		.uleb128 0xe
 3053 0d84 76030000 		.4byte	0x376
 3054 0d88 930D0000 		.4byte	0xd93
 3055 0d8c 0F       		.uleb128 0xf
 3056 0d8d 2D000000 		.4byte	0x2d
 3057 0d91 0C       		.byte	0xc
 3058 0d92 00       		.byte	0
 3059 0d93 0C       		.uleb128 0xc
 3060 0d94 830D0000 		.4byte	0xd83
 3061 0d98 1F       		.uleb128 0x1f
 3062 0d99 68060000 		.4byte	.LASF131
 3063 0d9d 6B01     		.2byte	0x16b
 3064 0d9f 07       		.byte	0x7
 3065 0da0 38010000 		.4byte	0x138
 3066 0da4 00000000 		.4byte	.LFB214
 3067 0da8 B0000000 		.4byte	.LFE214-.LFB214
 3068 0dac 01       		.uleb128 0x1
 3069 0dad 9C       		.byte	0x9c
 3070 0dae 6A0F0000 		.4byte	0xf6a
 3071 0db2 2F       		.uleb128 0x2f
 3072 0db3 92060000 		.4byte	.LASF132
 3073 0db7 25       		.byte	0x25
 3074 0db8 14010000 		.4byte	0x114
 3075 0dbc 00020000 		.4byte	.LLST23
 3076 0dc0 F8010000 		.4byte	.LVUS23
 3077 0dc4 2F       		.uleb128 0x2f
 3078 0dc5 11070000 		.4byte	.LASF133
ARM GAS  /tmp/cckx8M46.s 			page 55


 3079 0dc9 3D       		.byte	0x3d
 3080 0dca 98030000 		.4byte	0x398
 3081 0dce 25020000 		.4byte	.LLST24
 3082 0dd2 1D020000 		.4byte	.LVUS24
 3083 0dd6 12       		.uleb128 0x12
 3084 0dd7 747000   		.ascii	"tp\000"
 3085 0dda 6C01     		.2byte	0x16c
 3086 0ddc 55060000 		.4byte	0x655
 3087 0de0 56020000 		.4byte	.LLST25
 3088 0de4 54020000 		.4byte	.LVUS25
 3089 0de8 40       		.uleb128 0x40
 3090 0de9 20000000 		.4byte	.LBB99
 3091 0ded 50000000 		.4byte	.LBE99-.LBB99
 3092 0df1 E90E0000 		.4byte	0xee9
 3093 0df5 41       		.uleb128 0x41
 3094 0df6 767400   		.ascii	"vt\000"
 3095 0df9 01       		.byte	0x1
 3096 0dfa 7101     		.2byte	0x171
 3097 0dfc 15       		.byte	0x15
 3098 0dfd 66050000 		.4byte	0x566
 3099 0e01 02       		.uleb128 0x2
 3100 0e02 91       		.byte	0x91
 3101 0e03 58       		.sleb128 -40
 3102 0e04 30       		.uleb128 0x30
 3103 0e05 6A0F0000 		.4byte	0xf6a
 3104 0e09 34000000 		.4byte	.LBI100
 3105 0e0d 01       		.byte	.LVU175
 3106 0e0e 34000000 		.4byte	.LBB100
 3107 0e12 28000000 		.4byte	.LBE100-.LBB100
 3108 0e16 7401     		.2byte	0x174
 3109 0e18 05       		.byte	0x5
 3110 0e19 810E0000 		.4byte	0xe81
 3111 0e1d 03       		.uleb128 0x3
 3112 0e1e 750F0000 		.4byte	0xf75
 3113 0e22 62020000 		.4byte	.LLST26
 3114 0e26 60020000 		.4byte	.LVUS26
 3115 0e2a 18       		.uleb128 0x18
 3116 0e2b 820F0000 		.4byte	0xf82
 3117 0e2f 05       		.uleb128 0x5
 3118 0e30 8F0F0000 		.4byte	0xf8f
 3119 0e34 6D020000 		.4byte	.LLST27
 3120 0e38 6B020000 		.4byte	.LVUS27
 3121 0e3c 05       		.uleb128 0x5
 3122 0e3d 9C0F0000 		.4byte	0xf9c
 3123 0e41 78020000 		.4byte	.LLST28
 3124 0e45 76020000 		.4byte	.LVUS28
 3125 0e49 13       		.uleb128 0x13
 3126 0e4a 50130000 		.4byte	0x1350
 3127 0e4e 44000000 		.4byte	.LBI102
 3128 0e52 01       		.byte	.LVU192
 3129 0e53 66000000 		.4byte	.LLRL29
 3130 0e57 4A01     		.2byte	0x14a
 3131 0e59 09       		.byte	0x9
 3132 0e5a 770E0000 		.4byte	0xe77
 3133 0e5e 10       		.uleb128 0x10
 3134 0e5f 61130000 		.4byte	0x1361
 3135 0e63 08       		.uleb128 0x8
ARM GAS  /tmp/cckx8M46.s 			page 56


 3136 0e64 66000000 		.4byte	.LLRL29
 3137 0e68 05       		.uleb128 0x5
 3138 0e69 6E130000 		.4byte	0x136e
 3139 0e6d 83020000 		.4byte	.LLST30
 3140 0e71 81020000 		.4byte	.LVUS30
 3141 0e75 00       		.byte	0
 3142 0e76 00       		.byte	0
 3143 0e77 42       		.uleb128 0x42
 3144 0e78 5C000000 		.4byte	.LVL29
 3145 0e7c 70080000 		.4byte	0x870
 3146 0e80 00       		.byte	0
 3147 0e81 30       		.uleb128 0x30
 3148 0e82 72120000 		.4byte	0x1272
 3149 0e86 5C000000 		.4byte	.LBI108
 3150 0e8a 03       		.byte	.LVU217
 3151 0e8b 5C000000 		.4byte	.LBB108
 3152 0e8f 00000000 		.4byte	.LBE108-.LBB108
 3153 0e93 7501     		.2byte	0x175
 3154 0e95 09       		.byte	0x9
 3155 0e96 A80E0000 		.4byte	0xea8
 3156 0e9a 03       		.uleb128 0x3
 3157 0e9b 83120000 		.4byte	0x1283
 3158 0e9f 8E020000 		.4byte	.LLST31
 3159 0ea3 8C020000 		.4byte	.LVUS31
 3160 0ea7 00       		.byte	0
 3161 0ea8 43       		.uleb128 0x43
 3162 0ea9 34000000 		.4byte	.LVL25
 3163 0ead 50080000 		.4byte	0x850
 3164 0eb1 D80E0000 		.4byte	0xed8
 3165 0eb5 16       		.uleb128 0x16
 3166 0eb6 01       		.uleb128 0x1
 3167 0eb7 50       		.byte	0x50
 3168 0eb8 02       		.uleb128 0x2
 3169 0eb9 91       		.byte	0x91
 3170 0eba 50       		.sleb128 -48
 3171 0ebb 16       		.uleb128 0x16
 3172 0ebc 01       		.uleb128 0x1
 3173 0ebd 51       		.byte	0x51
 3174 0ebe 09       		.uleb128 0x9
 3175 0ebf A3       		.byte	0xa3
 3176 0ec0 03       		.uleb128 0x3
 3177 0ec1 A5       		.byte	0xa5
 3178 0ec2 01       		.uleb128 0x1
 3179 0ec3 26       		.uleb128 0x26
 3180 0ec4 A8       		.byte	0xa8
 3181 0ec5 2D       		.uleb128 0x2d
 3182 0ec6 A8       		.byte	0xa8
 3183 0ec7 00       		.uleb128 0
 3184 0ec8 16       		.uleb128 0x16
 3185 0ec9 01       		.uleb128 0x1
 3186 0eca 52       		.byte	0x52
 3187 0ecb 05       		.uleb128 0x5
 3188 0ecc 03       		.byte	0x3
 3189 0ecd 00000000 		.4byte	__sch_wakeup
 3190 0ed1 16       		.uleb128 0x16
 3191 0ed2 01       		.uleb128 0x1
 3192 0ed3 53       		.byte	0x53
ARM GAS  /tmp/cckx8M46.s 			page 57


 3193 0ed4 02       		.uleb128 0x2
 3194 0ed5 76       		.byte	0x76
 3195 0ed6 00       		.sleb128 0
 3196 0ed7 00       		.byte	0
 3197 0ed8 31       		.uleb128 0x31
 3198 0ed9 70000000 		.4byte	.LVL30
 3199 0edd 3F080000 		.4byte	0x83f
 3200 0ee1 16       		.uleb128 0x16
 3201 0ee2 01       		.uleb128 0x1
 3202 0ee3 50       		.byte	0x50
 3203 0ee4 02       		.uleb128 0x2
 3204 0ee5 91       		.byte	0x91
 3205 0ee6 50       		.sleb128 -48
 3206 0ee7 00       		.byte	0
 3207 0ee8 00       		.byte	0
 3208 0ee9 26       		.uleb128 0x26
 3209 0eea 6A0F0000 		.4byte	0xf6a
 3210 0eee 7C000000 		.4byte	.LBI110
 3211 0ef2 01       		.byte	.LVU226
 3212 0ef3 7C000000 		.4byte	.LBB110
 3213 0ef7 28000000 		.4byte	.LBE110-.LBB110
 3214 0efb 7A01     		.2byte	0x17a
 3215 0efd 05       		.byte	0x5
 3216 0efe 03       		.uleb128 0x3
 3217 0eff 750F0000 		.4byte	0xf75
 3218 0f03 9B020000 		.4byte	.LLST32
 3219 0f07 99020000 		.4byte	.LVUS32
 3220 0f0b 18       		.uleb128 0x18
 3221 0f0c 820F0000 		.4byte	0xf82
 3222 0f10 05       		.uleb128 0x5
 3223 0f11 8F0F0000 		.4byte	0xf8f
 3224 0f15 A6020000 		.4byte	.LLST33
 3225 0f19 A4020000 		.4byte	.LVUS33
 3226 0f1d 05       		.uleb128 0x5
 3227 0f1e 9C0F0000 		.4byte	0xf9c
 3228 0f22 B1020000 		.4byte	.LLST34
 3229 0f26 AF020000 		.4byte	.LVUS34
 3230 0f2a 13       		.uleb128 0x13
 3231 0f2b 50130000 		.4byte	0x1350
 3232 0f2f 88000000 		.4byte	.LBI112
 3233 0f33 01       		.byte	.LVU243
 3234 0f34 75000000 		.4byte	.LLRL35
 3235 0f38 4A01     		.2byte	0x14a
 3236 0f3a 09       		.byte	0x9
 3237 0f3b 580F0000 		.4byte	0xf58
 3238 0f3f 10       		.uleb128 0x10
 3239 0f40 61130000 		.4byte	0x1361
 3240 0f44 08       		.uleb128 0x8
 3241 0f45 75000000 		.4byte	.LLRL35
 3242 0f49 05       		.uleb128 0x5
 3243 0f4a 6E130000 		.4byte	0x136e
 3244 0f4e BC020000 		.4byte	.LLST36
 3245 0f52 BA020000 		.4byte	.LVUS36
 3246 0f56 00       		.byte	0
 3247 0f57 00       		.byte	0
 3248 0f58 31       		.uleb128 0x31
 3249 0f59 A4000000 		.4byte	.LVL36
ARM GAS  /tmp/cckx8M46.s 			page 58


 3250 0f5d 70080000 		.4byte	0x870
 3251 0f61 16       		.uleb128 0x16
 3252 0f62 01       		.uleb128 0x1
 3253 0f63 51       		.byte	0x51
 3254 0f64 02       		.uleb128 0x2
 3255 0f65 76       		.byte	0x76
 3256 0f66 00       		.sleb128 0
 3257 0f67 00       		.byte	0
 3258 0f68 00       		.byte	0
 3259 0f69 00       		.byte	0
 3260 0f6a 2D       		.uleb128 0x2d
 3261 0f6b 12060000 		.4byte	.LASF134
 3262 0f6f 3601     		.2byte	0x136
 3263 0f71 B30F0000 		.4byte	0xfb3
 3264 0f75 44       		.uleb128 0x44
 3265 0f76 92060000 		.4byte	.LASF132
 3266 0f7a 01       		.byte	0x1
 3267 0f7b 3601     		.2byte	0x136
 3268 0f7d 1D       		.byte	0x1d
 3269 0f7e 14010000 		.4byte	0x114
 3270 0f82 07       		.uleb128 0x7
 3271 0f83 6F697000 		.ascii	"oip\000"
 3272 0f87 01       		.byte	0x1
 3273 0f88 3701     		.2byte	0x137
 3274 0f8a 12       		.byte	0x12
 3275 0f8b 64070000 		.4byte	0x764
 3276 0f8f 07       		.uleb128 0x7
 3277 0f90 6F747000 		.ascii	"otp\000"
 3278 0f94 01       		.byte	0x1
 3279 0f95 3801     		.2byte	0x138
 3280 0f97 0D       		.byte	0xd
 3281 0f98 55060000 		.4byte	0x655
 3282 0f9c 07       		.uleb128 0x7
 3283 0f9d 6E747000 		.ascii	"ntp\000"
 3284 0fa1 01       		.byte	0x1
 3285 0fa2 3901     		.2byte	0x139
 3286 0fa4 0D       		.byte	0xd
 3287 0fa5 55060000 		.4byte	0x655
 3288 0fa9 15       		.uleb128 0x15
 3289 0faa 0C080000 		.4byte	.LASF135
 3290 0fae C30F0000 		.4byte	0xfc3
 3291 0fb2 00       		.byte	0
 3292 0fb3 0E       		.uleb128 0xe
 3293 0fb4 76030000 		.4byte	0x376
 3294 0fb8 C30F0000 		.4byte	0xfc3
 3295 0fbc 0F       		.uleb128 0xf
 3296 0fbd 2D000000 		.4byte	0x2d
 3297 0fc1 0D       		.byte	0xd
 3298 0fc2 00       		.byte	0
 3299 0fc3 0C       		.uleb128 0xc
 3300 0fc4 B30F0000 		.4byte	0xfb3
 3301 0fc8 1F       		.uleb128 0x1f
 3302 0fc9 2B010000 		.4byte	.LASF136
 3303 0fcd 1D01     		.2byte	0x11d
 3304 0fcf 0B       		.byte	0xb
 3305 0fd0 55060000 		.4byte	0x655
 3306 0fd4 00000000 		.4byte	.LFB212
ARM GAS  /tmp/cckx8M46.s 			page 59


 3307 0fd8 38000000 		.4byte	.LFE212-.LFB212
 3308 0fdc 01       		.uleb128 0x1
 3309 0fdd 9C       		.byte	0x9c
 3310 0fde 6E100000 		.4byte	0x106e
 3311 0fe2 45       		.uleb128 0x45
 3312 0fe3 747000   		.ascii	"tp\000"
 3313 0fe6 01       		.byte	0x1
 3314 0fe7 1D01     		.2byte	0x11d
 3315 0fe9 21       		.byte	0x21
 3316 0fea 55060000 		.4byte	0x655
 3317 0fee 01       		.uleb128 0x1
 3318 0fef 50       		.byte	0x50
 3319 0ff0 15       		.uleb128 0x15
 3320 0ff1 0C080000 		.4byte	.LASF135
 3321 0ff5 7E100000 		.4byte	0x107e
 3322 0ff9 26       		.uleb128 0x26
 3323 0ffa 1C120000 		.4byte	0x121c
 3324 0ffe 04000000 		.4byte	.LBI70
 3325 1002 01       		.byte	.LVU79
 3326 1003 00000000 		.4byte	.LBB70
 3327 1007 34000000 		.4byte	.LBE70-.LBB70
 3328 100b 2A01     		.2byte	0x12a
 3329 100d 0A       		.byte	0xa
 3330 100e 03       		.uleb128 0x3
 3331 100f 2A120000 		.4byte	0x122a
 3332 1013 C7020000 		.4byte	.LLST11
 3333 1017 C5020000 		.4byte	.LVUS11
 3334 101b 08       		.uleb128 0x8
 3335 101c 30000000 		.4byte	.LLRL12
 3336 1020 1B       		.uleb128 0x1b
 3337 1021 FB120000 		.4byte	0x12fb
 3338 1025 10000000 		.4byte	.LBI72
 3339 1029 01       		.byte	.LVU89
 3340 102a 3C000000 		.4byte	.LLRL13
 3341 102e 4F       		.byte	0x4f
 3342 102f 03       		.uleb128 0x3
 3343 1030 19130000 		.4byte	0x1319
 3344 1034 D2020000 		.4byte	.LLST14
 3345 1038 D0020000 		.4byte	.LVUS14
 3346 103c 03       		.uleb128 0x3
 3347 103d 0C130000 		.4byte	0x130c
 3348 1041 DF020000 		.4byte	.LLST15
 3349 1045 DB020000 		.4byte	.LVUS15
 3350 1049 08       		.uleb128 0x8
 3351 104a 48000000 		.4byte	.LLRL16
 3352 104e 14       		.uleb128 0x14
 3353 104f 2D130000 		.4byte	0x132d
 3354 1053 10000000 		.4byte	.LBB74
 3355 1057 04000000 		.4byte	.LBE74-.LBB74
 3356 105b 05       		.uleb128 0x5
 3357 105c 2E130000 		.4byte	0x132e
 3358 1060 F1020000 		.4byte	.LLST17
 3359 1064 EF020000 		.4byte	.LVUS17
 3360 1068 00       		.byte	0
 3361 1069 00       		.byte	0
 3362 106a 00       		.byte	0
 3363 106b 00       		.byte	0
ARM GAS  /tmp/cckx8M46.s 			page 60


 3364 106c 00       		.byte	0
 3365 106d 00       		.byte	0
 3366 106e 0E       		.uleb128 0xe
 3367 106f 76030000 		.4byte	0x376
 3368 1073 7E100000 		.4byte	0x107e
 3369 1077 0F       		.uleb128 0xf
 3370 1078 2D000000 		.4byte	0x2d
 3371 107c 0B       		.byte	0xb
 3372 107d 00       		.byte	0
 3373 107e 0C       		.uleb128 0xc
 3374 107f 6E100000 		.4byte	0x106e
 3375 1083 46       		.uleb128 0x46
 3376 1084 88050000 		.4byte	.LASF155
 3377 1088 01       		.byte	0x1
 3378 1089 BB       		.byte	0xbb
 3379 108a 0D       		.byte	0xd
 3380 108b 00000000 		.4byte	.LFB211
 3381 108f B4000000 		.4byte	.LFE211-.LFB211
 3382 1093 01       		.uleb128 0x1
 3383 1094 9C       		.byte	0x9c
 3384 1095 87110000 		.4byte	0x1187
 3385 1099 47       		.uleb128 0x47
 3386 109a 76747000 		.ascii	"vtp\000"
 3387 109e 01       		.byte	0x1
 3388 109f BB       		.byte	0xbb
 3389 10a0 2B       		.byte	0x2b
 3390 10a1 DA050000 		.4byte	0x5da
 3391 10a5 00030000 		.4byte	.LLST0
 3392 10a9 FA020000 		.4byte	.LVUS0
 3393 10ad 48       		.uleb128 0x48
 3394 10ae 7000     		.ascii	"p\000"
 3395 10b0 01       		.byte	0x1
 3396 10b1 BB       		.byte	0xbb
 3397 10b2 36       		.byte	0x36
 3398 10b3 DF050000 		.4byte	0x5df
 3399 10b7 01       		.uleb128 0x1
 3400 10b8 51       		.byte	0x51
 3401 10b9 49       		.uleb128 0x49
 3402 10ba 747000   		.ascii	"tp\000"
 3403 10bd 01       		.byte	0x1
 3404 10be BC       		.byte	0xbc
 3405 10bf 0D       		.byte	0xd
 3406 10c0 55060000 		.4byte	0x655
 3407 10c4 23030000 		.4byte	.LLST1
 3408 10c8 21030000 		.4byte	.LVUS1
 3409 10cc 27       		.uleb128 0x27
 3410 10cd 54120000 		.4byte	0x1254
 3411 10d1 48000000 		.4byte	.LBI52
 3412 10d5 00       		.byte	.LVU7
 3413 10d6 48000000 		.4byte	.LBB52
 3414 10da 0C000000 		.4byte	.LBE52-.LBB52
 3415 10de CC       		.byte	0xcc
 3416 10df 05       		.byte	0x5
 3417 10e0 F2100000 		.4byte	0x10f2
 3418 10e4 03       		.uleb128 0x3
 3419 10e5 61120000 		.4byte	0x1261
 3420 10e9 2F030000 		.4byte	.LLST2
ARM GAS  /tmp/cckx8M46.s 			page 61


 3421 10ed 2D030000 		.4byte	.LVUS2
 3422 10f1 00       		.byte	0
 3423 10f2 27       		.uleb128 0x27
 3424 10f3 7A130000 		.4byte	0x137a
 3425 10f7 54000000 		.4byte	.LBI54
 3426 10fb 02       		.byte	.LVU13
 3427 10fc 54000000 		.4byte	.LBB54
 3428 1100 10000000 		.4byte	.LBE54-.LBB54
 3429 1104 D9       		.byte	0xd9
 3430 1105 0C       		.byte	0xc
 3431 1106 18110000 		.4byte	0x1118
 3432 110a 03       		.uleb128 0x3
 3433 110b 8B130000 		.4byte	0x138b
 3434 110f 3A030000 		.4byte	.LLST3
 3435 1113 38030000 		.4byte	.LVUS3
 3436 1117 00       		.byte	0
 3437 1118 1B       		.uleb128 0x1b
 3438 1119 1C120000 		.4byte	0x121c
 3439 111d 78000000 		.4byte	.LBI56
 3440 1121 01       		.byte	.LVU31
 3441 1122 0C000000 		.4byte	.LLRL4
 3442 1126 E4       		.byte	0xe4
 3443 1127 03       		.uleb128 0x3
 3444 1128 2A120000 		.4byte	0x122a
 3445 112c 45030000 		.4byte	.LLST5
 3446 1130 43030000 		.4byte	.LVUS5
 3447 1134 08       		.uleb128 0x8
 3448 1135 0C000000 		.4byte	.LLRL4
 3449 1139 1B       		.uleb128 0x1b
 3450 113a FB120000 		.4byte	0x12fb
 3451 113e 7C000000 		.4byte	.LBI58
 3452 1142 01       		.byte	.LVU39
 3453 1143 18000000 		.4byte	.LLRL6
 3454 1147 4F       		.byte	0x4f
 3455 1148 03       		.uleb128 0x3
 3456 1149 19130000 		.4byte	0x1319
 3457 114d 50030000 		.4byte	.LLST7
 3458 1151 4E030000 		.4byte	.LVUS7
 3459 1155 03       		.uleb128 0x3
 3460 1156 0C130000 		.4byte	0x130c
 3461 115a 5D030000 		.4byte	.LLST8
 3462 115e 59030000 		.4byte	.LVUS8
 3463 1162 08       		.uleb128 0x8
 3464 1163 24000000 		.4byte	.LLRL9
 3465 1167 14       		.uleb128 0x14
 3466 1168 2D130000 		.4byte	0x132d
 3467 116c 7C000000 		.4byte	.LBB60
 3468 1170 04000000 		.4byte	.LBE60-.LBB60
 3469 1174 05       		.uleb128 0x5
 3470 1175 2E130000 		.4byte	0x132e
 3471 1179 6F030000 		.4byte	.LLST10
 3472 117d 6D030000 		.4byte	.LVUS10
 3473 1181 00       		.byte	0
 3474 1182 00       		.byte	0
 3475 1183 00       		.byte	0
 3476 1184 00       		.byte	0
 3477 1185 00       		.byte	0
ARM GAS  /tmp/cckx8M46.s 			page 62


 3478 1186 00       		.byte	0
 3479 1187 4A       		.uleb128 0x4a
 3480 1188 95050000 		.4byte	.LASF156
 3481 118c 01       		.byte	0x1
 3482 118d A2       		.byte	0xa2
 3483 118e 0D       		.byte	0xd
 3484 118f B5110000 		.4byte	0x11b5
 3485 1193 19       		.uleb128 0x19
 3486 1194 6F697000 		.ascii	"oip\000"
 3487 1198 A3       		.byte	0xa3
 3488 1199 12       		.byte	0x12
 3489 119a 64070000 		.4byte	0x764
 3490 119e 19       		.uleb128 0x19
 3491 119f 6F747000 		.ascii	"otp\000"
 3492 11a3 A4       		.byte	0xa4
 3493 11a4 0D       		.byte	0xd
 3494 11a5 55060000 		.4byte	0x655
 3495 11a9 19       		.uleb128 0x19
 3496 11aa 6E747000 		.ascii	"ntp\000"
 3497 11ae A5       		.byte	0xa5
 3498 11af 0D       		.byte	0xd
 3499 11b0 55060000 		.4byte	0x655
 3500 11b4 00       		.byte	0
 3501 11b5 28       		.uleb128 0x28
 3502 11b6 7D010000 		.4byte	.LASF139
 3503 11ba 01       		.byte	0x1
 3504 11bb 7E       		.byte	0x7e
 3505 11bc 0D       		.byte	0xd
 3506 11bd 01       		.byte	0x1
 3507 11be E4110000 		.4byte	0x11e4
 3508 11c2 19       		.uleb128 0x19
 3509 11c3 6F697000 		.ascii	"oip\000"
 3510 11c7 7F       		.byte	0x7f
 3511 11c8 12       		.byte	0x12
 3512 11c9 64070000 		.4byte	0x764
 3513 11cd 19       		.uleb128 0x19
 3514 11ce 6F747000 		.ascii	"otp\000"
 3515 11d2 80       		.byte	0x80
 3516 11d3 0D       		.byte	0xd
 3517 11d4 55060000 		.4byte	0x655
 3518 11d8 19       		.uleb128 0x19
 3519 11d9 6E747000 		.ascii	"ntp\000"
 3520 11dd 81       		.byte	0x81
 3521 11de 0D       		.byte	0xd
 3522 11df 55060000 		.4byte	0x655
 3523 11e3 00       		.byte	0
 3524 11e4 32       		.uleb128 0x32
 3525 11e5 BB020000 		.4byte	.LASF137
 3526 11e9 63       		.byte	0x63
 3527 11ea 55060000 		.4byte	0x655
 3528 11ee 07120000 		.4byte	0x1207
 3529 11f2 1C       		.uleb128 0x1c
 3530 11f3 747000   		.ascii	"tp\000"
 3531 11f6 01       		.byte	0x1
 3532 11f7 63       		.byte	0x63
 3533 11f8 2E       		.byte	0x2e
 3534 11f9 55060000 		.4byte	0x655
ARM GAS  /tmp/cckx8M46.s 			page 63


 3535 11fd 15       		.uleb128 0x15
 3536 11fe 0C080000 		.4byte	.LASF135
 3537 1202 17120000 		.4byte	0x1217
 3538 1206 00       		.byte	0
 3539 1207 0E       		.uleb128 0xe
 3540 1208 76030000 		.4byte	0x376
 3541 120c 17120000 		.4byte	0x1217
 3542 1210 0F       		.uleb128 0xf
 3543 1211 2D000000 		.4byte	0x2d
 3544 1215 11       		.byte	0x11
 3545 1216 00       		.byte	0
 3546 1217 0C       		.uleb128 0xc
 3547 1218 07120000 		.4byte	0x1207
 3548 121c 32       		.uleb128 0x32
 3549 121d 26080000 		.4byte	.LASF138
 3550 1221 42       		.byte	0x42
 3551 1222 55060000 		.4byte	0x655
 3552 1226 3F120000 		.4byte	0x123f
 3553 122a 1C       		.uleb128 0x1c
 3554 122b 747000   		.ascii	"tp\000"
 3555 122e 01       		.byte	0x1
 3556 122f 42       		.byte	0x42
 3557 1230 2F       		.byte	0x2f
 3558 1231 55060000 		.4byte	0x655
 3559 1235 15       		.uleb128 0x15
 3560 1236 0C080000 		.4byte	.LASF135
 3561 123a 4F120000 		.4byte	0x124f
 3562 123e 00       		.byte	0
 3563 123f 0E       		.uleb128 0xe
 3564 1240 76030000 		.4byte	0x376
 3565 1244 4F120000 		.4byte	0x124f
 3566 1248 0F       		.uleb128 0xf
 3567 1249 2D000000 		.4byte	0x2d
 3568 124d 12       		.byte	0x12
 3569 124e 00       		.byte	0
 3570 124f 0C       		.uleb128 0xc
 3571 1250 3F120000 		.4byte	0x123f
 3572 1254 28       		.uleb128 0x28
 3573 1255 15080000 		.4byte	.LASF140
 3574 1259 02       		.byte	0x2
 3575 125a AE       		.byte	0xae
 3576 125b 14       		.byte	0x14
 3577 125c 03       		.byte	0x3
 3578 125d 6D120000 		.4byte	0x126d
 3579 1261 1C       		.uleb128 0x1c
 3580 1262 737000   		.ascii	"sp\000"
 3581 1265 02       		.byte	0x2
 3582 1266 AE       		.byte	0xae
 3583 1267 32       		.byte	0x32
 3584 1268 6D120000 		.4byte	0x126d
 3585 126c 00       		.byte	0
 3586 126d 06       		.uleb128 0x6
 3587 126e 1B080000 		.4byte	0x81b
 3588 1272 1D       		.uleb128 0x1d
 3589 1273 31020000 		.4byte	.LASF141
 3590 1277 04       		.byte	0x4
 3591 1278 0401     		.2byte	0x104
ARM GAS  /tmp/cckx8M46.s 			page 64


 3592 127a 14       		.byte	0x14
 3593 127b 38080000 		.4byte	0x838
 3594 127f 91120000 		.4byte	0x1291
 3595 1283 17       		.uleb128 0x17
 3596 1284 76747000 		.ascii	"vtp\000"
 3597 1288 04       		.byte	0x4
 3598 1289 0401     		.2byte	0x104
 3599 128b 38       		.byte	0x38
 3600 128c 91120000 		.4byte	0x1291
 3601 1290 00       		.byte	0
 3602 1291 06       		.uleb128 0x6
 3603 1292 72050000 		.4byte	0x572
 3604 1296 21       		.uleb128 0x21
 3605 1297 87020000 		.4byte	.LASF142
 3606 129b 0F       		.byte	0xf
 3607 129c B501     		.2byte	0x1b5
 3608 129e 21       		.uleb128 0x21
 3609 129f 09010000 		.4byte	.LASF143
 3610 12a3 0F       		.byte	0xf
 3611 12a4 9F01     		.2byte	0x19f
 3612 12a6 1D       		.uleb128 0x1d
 3613 12a7 20060000 		.4byte	.LASF144
 3614 12ab 03       		.byte	0x3
 3615 12ac DC01     		.2byte	0x1dc
 3616 12ae 24       		.byte	0x24
 3617 12af 1B050000 		.4byte	0x51b
 3618 12b3 E6120000 		.4byte	0x12e6
 3619 12b7 17       		.uleb128 0x17
 3620 12b8 70717000 		.ascii	"pqp\000"
 3621 12bc 03       		.byte	0x3
 3622 12bd DC01     		.2byte	0x1dc
 3623 12bf 50       		.byte	0x50
 3624 12c0 1B050000 		.4byte	0x51b
 3625 12c4 17       		.uleb128 0x17
 3626 12c5 7000     		.ascii	"p\000"
 3627 12c7 03       		.byte	0x3
 3628 12c8 DD01     		.2byte	0x1dd
 3629 12ca 50       		.byte	0x50
 3630 12cb 1B050000 		.4byte	0x51b
 3631 12cf 15       		.uleb128 0x15
 3632 12d0 0C080000 		.4byte	.LASF135
 3633 12d4 F6120000 		.4byte	0x12f6
 3634 12d8 33       		.uleb128 0x33
 3635 12d9 34       		.uleb128 0x34
 3636 12da 76000000 		.4byte	.LASF73
 3637 12de E101     		.2byte	0x1e1
 3638 12e0 1B050000 		.4byte	0x51b
 3639 12e4 00       		.byte	0
 3640 12e5 00       		.byte	0
 3641 12e6 0E       		.uleb128 0xe
 3642 12e7 76030000 		.4byte	0x376
 3643 12eb F6120000 		.4byte	0x12f6
 3644 12ef 0F       		.uleb128 0xf
 3645 12f0 2D000000 		.4byte	0x2d
 3646 12f4 16       		.byte	0x16
 3647 12f5 00       		.byte	0
 3648 12f6 0C       		.uleb128 0xc
ARM GAS  /tmp/cckx8M46.s 			page 65


 3649 12f7 E6120000 		.4byte	0x12e6
 3650 12fb 1D       		.uleb128 0x1d
 3651 12fc 4C080000 		.4byte	.LASF145
 3652 1300 03       		.byte	0x3
 3653 1301 B501     		.2byte	0x1b5
 3654 1303 24       		.byte	0x24
 3655 1304 1B050000 		.4byte	0x51b
 3656 1308 3B130000 		.4byte	0x133b
 3657 130c 17       		.uleb128 0x17
 3658 130d 70717000 		.ascii	"pqp\000"
 3659 1311 03       		.byte	0x3
 3660 1312 B501     		.2byte	0x1b5
 3661 1314 51       		.byte	0x51
 3662 1315 1B050000 		.4byte	0x51b
 3663 1319 17       		.uleb128 0x17
 3664 131a 7000     		.ascii	"p\000"
 3665 131c 03       		.byte	0x3
 3666 131d B601     		.2byte	0x1b6
 3667 131f 51       		.byte	0x51
 3668 1320 1B050000 		.4byte	0x51b
 3669 1324 15       		.uleb128 0x15
 3670 1325 0C080000 		.4byte	.LASF135
 3671 1329 4B130000 		.4byte	0x134b
 3672 132d 33       		.uleb128 0x33
 3673 132e 34       		.uleb128 0x34
 3674 132f 76000000 		.4byte	.LASF73
 3675 1333 BA01     		.2byte	0x1ba
 3676 1335 1B050000 		.4byte	0x51b
 3677 1339 00       		.byte	0
 3678 133a 00       		.byte	0
 3679 133b 0E       		.uleb128 0xe
 3680 133c 76030000 		.4byte	0x376
 3681 1340 4B130000 		.4byte	0x134b
 3682 1344 0F       		.uleb128 0xf
 3683 1345 2D000000 		.4byte	0x2d
 3684 1349 17       		.byte	0x17
 3685 134a 00       		.byte	0
 3686 134b 0C       		.uleb128 0xc
 3687 134c 3B130000 		.4byte	0x133b
 3688 1350 1D       		.uleb128 0x1d
 3689 1351 DF000000 		.4byte	.LASF146
 3690 1355 03       		.byte	0x3
 3691 1356 A001     		.2byte	0x1a0
 3692 1358 24       		.byte	0x24
 3693 1359 1B050000 		.4byte	0x51b
 3694 135d 7A130000 		.4byte	0x137a
 3695 1361 17       		.uleb128 0x17
 3696 1362 70717000 		.ascii	"pqp\000"
 3697 1366 03       		.byte	0x3
 3698 1367 A001     		.2byte	0x1a0
 3699 1369 52       		.byte	0x52
 3700 136a 1B050000 		.4byte	0x51b
 3701 136e 07       		.uleb128 0x7
 3702 136f 7000     		.ascii	"p\000"
 3703 1371 03       		.byte	0x3
 3704 1372 A101     		.2byte	0x1a1
 3705 1374 18       		.byte	0x18
ARM GAS  /tmp/cckx8M46.s 			page 66


 3706 1375 1B050000 		.4byte	0x51b
 3707 1379 00       		.byte	0
 3708 137a 1D       		.uleb128 0x1d
 3709 137b F9010000 		.4byte	.LASF147
 3710 137f 03       		.byte	0x3
 3711 1380 7E01     		.2byte	0x17e
 3712 1382 1B       		.byte	0x1b
 3713 1383 D5040000 		.4byte	0x4d5
 3714 1387 97130000 		.4byte	0x1397
 3715 138b 17       		.uleb128 0x17
 3716 138c 7000     		.ascii	"p\000"
 3717 138e 03       		.byte	0x3
 3718 138f 7E01     		.2byte	0x17e
 3719 1391 38       		.byte	0x38
 3720 1392 D5040000 		.4byte	0x4d5
 3721 1396 00       		.byte	0
 3722 1397 28       		.uleb128 0x28
 3723 1398 D7070000 		.4byte	.LASF148
 3724 139c 10       		.byte	0x10
 3725 139d 97       		.byte	0x97
 3726 139e 14       		.byte	0x14
 3727 139f 03       		.byte	0x3
 3728 13a0 C6130000 		.4byte	0x13c6
 3729 13a4 1C       		.uleb128 0x1c
 3730 13a5 6C00     		.ascii	"l\000"
 3731 13a7 10       		.byte	0x10
 3732 13a8 97       		.byte	0x97
 3733 13a9 32       		.byte	0x32
 3734 13aa 3B000000 		.4byte	0x3b
 3735 13ae 1C       		.uleb128 0x1c
 3736 13af 7000     		.ascii	"p\000"
 3737 13b1 10       		.byte	0x10
 3738 13b2 97       		.byte	0x97
 3739 13b3 41       		.byte	0x41
 3740 13b4 C6130000 		.4byte	0x13c6
 3741 13b8 4B       		.uleb128 0x4b
 3742 13b9 0C080000 		.4byte	.LASF135
 3743 13bd DC130000 		.4byte	0x13dc
 3744 13c1 D7070000 		.4byte	.LASF148
 3745 13c5 00       		.byte	0
 3746 13c6 06       		.uleb128 0x6
 3747 13c7 CB130000 		.4byte	0x13cb
 3748 13cb 4C       		.uleb128 0x4c
 3749 13cc 0E       		.uleb128 0xe
 3750 13cd 76030000 		.4byte	0x376
 3751 13d1 DC130000 		.4byte	0x13dc
 3752 13d5 0F       		.uleb128 0xf
 3753 13d6 2D000000 		.4byte	0x2d
 3754 13da 19       		.byte	0x19
 3755 13db 00       		.byte	0
 3756 13dc 0C       		.uleb128 0xc
 3757 13dd CC130000 		.4byte	0x13cc
 3758 13e1 21       		.uleb128 0x21
 3759 13e2 C5060000 		.4byte	.LASF149
 3760 13e6 0D       		.byte	0xd
 3761 13e7 0603     		.2byte	0x306
 3762 13e9 21       		.uleb128 0x21
ARM GAS  /tmp/cckx8M46.s 			page 67


 3763 13ea BE000000 		.4byte	.LASF150
 3764 13ee 0D       		.byte	0xd
 3765 13ef FB02     		.2byte	0x2fb
 3766 13f1 4D       		.uleb128 0x4d
 3767 13f2 6A0F0000 		.4byte	0xf6a
 3768 13f6 00000000 		.4byte	.LFB213
 3769 13fa 3C000000 		.4byte	.LFE213-.LFB213
 3770 13fe 01       		.uleb128 0x1
 3771 13ff 9C       		.byte	0x9c
 3772 1400 68140000 		.4byte	0x1468
 3773 1404 03       		.uleb128 0x3
 3774 1405 750F0000 		.4byte	0xf75
 3775 1409 7E030000 		.4byte	.LLST18
 3776 140d 78030000 		.4byte	.LVUS18
 3777 1411 18       		.uleb128 0x18
 3778 1412 820F0000 		.4byte	0xf82
 3779 1416 05       		.uleb128 0x5
 3780 1417 8F0F0000 		.4byte	0xf8f
 3781 141b 9F030000 		.4byte	.LLST19
 3782 141f 9D030000 		.4byte	.LVUS19
 3783 1423 05       		.uleb128 0x5
 3784 1424 9C0F0000 		.4byte	0xf9c
 3785 1428 AA030000 		.4byte	.LLST20
 3786 142c A8030000 		.4byte	.LVUS20
 3787 1430 13       		.uleb128 0x13
 3788 1431 50130000 		.4byte	0x1350
 3789 1435 1C000000 		.4byte	.LBI80
 3790 1439 01       		.byte	.LVU133
 3791 143a 54000000 		.4byte	.LLRL21
 3792 143e 4A01     		.2byte	0x14a
 3793 1440 09       		.byte	0x9
 3794 1441 5E140000 		.4byte	0x145e
 3795 1445 10       		.uleb128 0x10
 3796 1446 61130000 		.4byte	0x1361
 3797 144a 08       		.uleb128 0x8
 3798 144b 54000000 		.4byte	.LLRL21
 3799 144f 05       		.uleb128 0x5
 3800 1450 6E130000 		.4byte	0x136e
 3801 1454 B5030000 		.4byte	.LLST22
 3802 1458 B3030000 		.4byte	.LVUS22
 3803 145c 00       		.byte	0
 3804 145d 00       		.byte	0
 3805 145e 20       		.uleb128 0x20
 3806 145f 3C000000 		.4byte	.LVL21
 3807 1463 70080000 		.4byte	0x870
 3808 1467 00       		.byte	0
 3809 1468 4E       		.uleb128 0x4e
 3810 1469 150C0000 		.4byte	0xc15
 3811 146d 00000000 		.4byte	.LFB216
 3812 1471 24000000 		.4byte	.LFE216-.LFB216
 3813 1475 01       		.uleb128 0x1
 3814 1476 9C       		.byte	0x9c
 3815 1477 18       		.uleb128 0x18
 3816 1478 200C0000 		.4byte	0xc20
 3817 147c 18       		.uleb128 0x18
 3818 147d 2D0C0000 		.4byte	0xc2d
 3819 1481 20       		.uleb128 0x20
ARM GAS  /tmp/cckx8M46.s 			page 68


 3820 1482 24000000 		.4byte	.LVL60
 3821 1486 87110000 		.4byte	0x1187
 3822 148a 00       		.byte	0
 3823 148b 00       		.byte	0
 3824              		.section	.debug_abbrev,"",%progbits
 3825              	.Ldebug_abbrev0:
 3826 0000 01       		.uleb128 0x1
 3827 0001 16       		.uleb128 0x16
 3828 0002 00       		.byte	0
 3829 0003 03       		.uleb128 0x3
 3830 0004 0E       		.uleb128 0xe
 3831 0005 3A       		.uleb128 0x3a
 3832 0006 0B       		.uleb128 0xb
 3833 0007 3B       		.uleb128 0x3b
 3834 0008 0B       		.uleb128 0xb
 3835 0009 39       		.uleb128 0x39
 3836 000a 0B       		.uleb128 0xb
 3837 000b 49       		.uleb128 0x49
 3838 000c 13       		.uleb128 0x13
 3839 000d 00       		.byte	0
 3840 000e 00       		.byte	0
 3841 000f 02       		.uleb128 0x2
 3842 0010 0D       		.uleb128 0xd
 3843 0011 00       		.byte	0
 3844 0012 03       		.uleb128 0x3
 3845 0013 0E       		.uleb128 0xe
 3846 0014 3A       		.uleb128 0x3a
 3847 0015 0B       		.uleb128 0xb
 3848 0016 3B       		.uleb128 0x3b
 3849 0017 0B       		.uleb128 0xb
 3850 0018 39       		.uleb128 0x39
 3851 0019 0B       		.uleb128 0xb
 3852 001a 49       		.uleb128 0x49
 3853 001b 13       		.uleb128 0x13
 3854 001c 38       		.uleb128 0x38
 3855 001d 0B       		.uleb128 0xb
 3856 001e 00       		.byte	0
 3857 001f 00       		.byte	0
 3858 0020 03       		.uleb128 0x3
 3859 0021 05       		.uleb128 0x5
 3860 0022 00       		.byte	0
 3861 0023 31       		.uleb128 0x31
 3862 0024 13       		.uleb128 0x13
 3863 0025 02       		.uleb128 0x2
 3864 0026 17       		.uleb128 0x17
 3865 0027 B742     		.uleb128 0x2137
 3866 0029 17       		.uleb128 0x17
 3867 002a 00       		.byte	0
 3868 002b 00       		.byte	0
 3869 002c 04       		.uleb128 0x4
 3870 002d 0D       		.uleb128 0xd
 3871 002e 00       		.byte	0
 3872 002f 03       		.uleb128 0x3
 3873 0030 0E       		.uleb128 0xe
 3874 0031 3A       		.uleb128 0x3a
 3875 0032 0B       		.uleb128 0xb
 3876 0033 3B       		.uleb128 0x3b
ARM GAS  /tmp/cckx8M46.s 			page 69


 3877 0034 05       		.uleb128 0x5
 3878 0035 39       		.uleb128 0x39
 3879 0036 0B       		.uleb128 0xb
 3880 0037 49       		.uleb128 0x49
 3881 0038 13       		.uleb128 0x13
 3882 0039 38       		.uleb128 0x38
 3883 003a 0B       		.uleb128 0xb
 3884 003b 00       		.byte	0
 3885 003c 00       		.byte	0
 3886 003d 05       		.uleb128 0x5
 3887 003e 34       		.uleb128 0x34
 3888 003f 00       		.byte	0
 3889 0040 31       		.uleb128 0x31
 3890 0041 13       		.uleb128 0x13
 3891 0042 02       		.uleb128 0x2
 3892 0043 17       		.uleb128 0x17
 3893 0044 B742     		.uleb128 0x2137
 3894 0046 17       		.uleb128 0x17
 3895 0047 00       		.byte	0
 3896 0048 00       		.byte	0
 3897 0049 06       		.uleb128 0x6
 3898 004a 0F       		.uleb128 0xf
 3899 004b 00       		.byte	0
 3900 004c 0B       		.uleb128 0xb
 3901 004d 21       		.uleb128 0x21
 3902 004e 04       		.sleb128 4
 3903 004f 49       		.uleb128 0x49
 3904 0050 13       		.uleb128 0x13
 3905 0051 00       		.byte	0
 3906 0052 00       		.byte	0
 3907 0053 07       		.uleb128 0x7
 3908 0054 34       		.uleb128 0x34
 3909 0055 00       		.byte	0
 3910 0056 03       		.uleb128 0x3
 3911 0057 08       		.uleb128 0x8
 3912 0058 3A       		.uleb128 0x3a
 3913 0059 0B       		.uleb128 0xb
 3914 005a 3B       		.uleb128 0x3b
 3915 005b 05       		.uleb128 0x5
 3916 005c 39       		.uleb128 0x39
 3917 005d 0B       		.uleb128 0xb
 3918 005e 49       		.uleb128 0x49
 3919 005f 13       		.uleb128 0x13
 3920 0060 00       		.byte	0
 3921 0061 00       		.byte	0
 3922 0062 08       		.uleb128 0x8
 3923 0063 0B       		.uleb128 0xb
 3924 0064 01       		.byte	0x1
 3925 0065 55       		.uleb128 0x55
 3926 0066 17       		.uleb128 0x17
 3927 0067 00       		.byte	0
 3928 0068 00       		.byte	0
 3929 0069 09       		.uleb128 0x9
 3930 006a 0D       		.uleb128 0xd
 3931 006b 00       		.byte	0
 3932 006c 03       		.uleb128 0x3
 3933 006d 08       		.uleb128 0x8
ARM GAS  /tmp/cckx8M46.s 			page 70


 3934 006e 3A       		.uleb128 0x3a
 3935 006f 0B       		.uleb128 0xb
 3936 0070 3B       		.uleb128 0x3b
 3937 0071 05       		.uleb128 0x5
 3938 0072 39       		.uleb128 0x39
 3939 0073 0B       		.uleb128 0xb
 3940 0074 49       		.uleb128 0x49
 3941 0075 13       		.uleb128 0x13
 3942 0076 38       		.uleb128 0x38
 3943 0077 0B       		.uleb128 0xb
 3944 0078 00       		.byte	0
 3945 0079 00       		.byte	0
 3946 007a 0A       		.uleb128 0xa
 3947 007b 24       		.uleb128 0x24
 3948 007c 00       		.byte	0
 3949 007d 0B       		.uleb128 0xb
 3950 007e 0B       		.uleb128 0xb
 3951 007f 3E       		.uleb128 0x3e
 3952 0080 0B       		.uleb128 0xb
 3953 0081 03       		.uleb128 0x3
 3954 0082 0E       		.uleb128 0xe
 3955 0083 00       		.byte	0
 3956 0084 00       		.byte	0
 3957 0085 0B       		.uleb128 0xb
 3958 0086 13       		.uleb128 0x13
 3959 0087 01       		.byte	0x1
 3960 0088 03       		.uleb128 0x3
 3961 0089 0E       		.uleb128 0xe
 3962 008a 0B       		.uleb128 0xb
 3963 008b 0B       		.uleb128 0xb
 3964 008c 3A       		.uleb128 0x3a
 3965 008d 0B       		.uleb128 0xb
 3966 008e 3B       		.uleb128 0x3b
 3967 008f 0B       		.uleb128 0xb
 3968 0090 39       		.uleb128 0x39
 3969 0091 0B       		.uleb128 0xb
 3970 0092 01       		.uleb128 0x1
 3971 0093 13       		.uleb128 0x13
 3972 0094 00       		.byte	0
 3973 0095 00       		.byte	0
 3974 0096 0C       		.uleb128 0xc
 3975 0097 26       		.uleb128 0x26
 3976 0098 00       		.byte	0
 3977 0099 49       		.uleb128 0x49
 3978 009a 13       		.uleb128 0x13
 3979 009b 00       		.byte	0
 3980 009c 00       		.byte	0
 3981 009d 0D       		.uleb128 0xd
 3982 009e 05       		.uleb128 0x5
 3983 009f 00       		.byte	0
 3984 00a0 49       		.uleb128 0x49
 3985 00a1 13       		.uleb128 0x13
 3986 00a2 00       		.byte	0
 3987 00a3 00       		.byte	0
 3988 00a4 0E       		.uleb128 0xe
 3989 00a5 01       		.uleb128 0x1
 3990 00a6 01       		.byte	0x1
ARM GAS  /tmp/cckx8M46.s 			page 71


 3991 00a7 49       		.uleb128 0x49
 3992 00a8 13       		.uleb128 0x13
 3993 00a9 01       		.uleb128 0x1
 3994 00aa 13       		.uleb128 0x13
 3995 00ab 00       		.byte	0
 3996 00ac 00       		.byte	0
 3997 00ad 0F       		.uleb128 0xf
 3998 00ae 21       		.uleb128 0x21
 3999 00af 00       		.byte	0
 4000 00b0 49       		.uleb128 0x49
 4001 00b1 13       		.uleb128 0x13
 4002 00b2 2F       		.uleb128 0x2f
 4003 00b3 0B       		.uleb128 0xb
 4004 00b4 00       		.byte	0
 4005 00b5 00       		.byte	0
 4006 00b6 10       		.uleb128 0x10
 4007 00b7 05       		.uleb128 0x5
 4008 00b8 00       		.byte	0
 4009 00b9 31       		.uleb128 0x31
 4010 00ba 13       		.uleb128 0x13
 4011 00bb 00       		.byte	0
 4012 00bc 00       		.byte	0
 4013 00bd 11       		.uleb128 0x11
 4014 00be 0D       		.uleb128 0xd
 4015 00bf 00       		.byte	0
 4016 00c0 03       		.uleb128 0x3
 4017 00c1 0E       		.uleb128 0xe
 4018 00c2 3A       		.uleb128 0x3a
 4019 00c3 21       		.uleb128 0x21
 4020 00c4 09       		.sleb128 9
 4021 00c5 3B       		.uleb128 0x3b
 4022 00c6 05       		.uleb128 0x5
 4023 00c7 39       		.uleb128 0x39
 4024 00c8 0B       		.uleb128 0xb
 4025 00c9 49       		.uleb128 0x49
 4026 00ca 13       		.uleb128 0x13
 4027 00cb 00       		.byte	0
 4028 00cc 00       		.byte	0
 4029 00cd 12       		.uleb128 0x12
 4030 00ce 34       		.uleb128 0x34
 4031 00cf 00       		.byte	0
 4032 00d0 03       		.uleb128 0x3
 4033 00d1 08       		.uleb128 0x8
 4034 00d2 3A       		.uleb128 0x3a
 4035 00d3 21       		.uleb128 0x21
 4036 00d4 01       		.sleb128 1
 4037 00d5 3B       		.uleb128 0x3b
 4038 00d6 05       		.uleb128 0x5
 4039 00d7 39       		.uleb128 0x39
 4040 00d8 21       		.uleb128 0x21
 4041 00d9 0D       		.sleb128 13
 4042 00da 49       		.uleb128 0x49
 4043 00db 13       		.uleb128 0x13
 4044 00dc 02       		.uleb128 0x2
 4045 00dd 17       		.uleb128 0x17
 4046 00de B742     		.uleb128 0x2137
 4047 00e0 17       		.uleb128 0x17
ARM GAS  /tmp/cckx8M46.s 			page 72


 4048 00e1 00       		.byte	0
 4049 00e2 00       		.byte	0
 4050 00e3 13       		.uleb128 0x13
 4051 00e4 1D       		.uleb128 0x1d
 4052 00e5 01       		.byte	0x1
 4053 00e6 31       		.uleb128 0x31
 4054 00e7 13       		.uleb128 0x13
 4055 00e8 52       		.uleb128 0x52
 4056 00e9 01       		.uleb128 0x1
 4057 00ea B842     		.uleb128 0x2138
 4058 00ec 0B       		.uleb128 0xb
 4059 00ed 55       		.uleb128 0x55
 4060 00ee 17       		.uleb128 0x17
 4061 00ef 58       		.uleb128 0x58
 4062 00f0 21       		.uleb128 0x21
 4063 00f1 01       		.sleb128 1
 4064 00f2 59       		.uleb128 0x59
 4065 00f3 05       		.uleb128 0x5
 4066 00f4 57       		.uleb128 0x57
 4067 00f5 0B       		.uleb128 0xb
 4068 00f6 01       		.uleb128 0x1
 4069 00f7 13       		.uleb128 0x13
 4070 00f8 00       		.byte	0
 4071 00f9 00       		.byte	0
 4072 00fa 14       		.uleb128 0x14
 4073 00fb 0B       		.uleb128 0xb
 4074 00fc 01       		.byte	0x1
 4075 00fd 31       		.uleb128 0x31
 4076 00fe 13       		.uleb128 0x13
 4077 00ff 11       		.uleb128 0x11
 4078 0100 01       		.uleb128 0x1
 4079 0101 12       		.uleb128 0x12
 4080 0102 06       		.uleb128 0x6
 4081 0103 00       		.byte	0
 4082 0104 00       		.byte	0
 4083 0105 15       		.uleb128 0x15
 4084 0106 34       		.uleb128 0x34
 4085 0107 00       		.byte	0
 4086 0108 03       		.uleb128 0x3
 4087 0109 0E       		.uleb128 0xe
 4088 010a 49       		.uleb128 0x49
 4089 010b 13       		.uleb128 0x13
 4090 010c 34       		.uleb128 0x34
 4091 010d 19       		.uleb128 0x19
 4092 010e 00       		.byte	0
 4093 010f 00       		.byte	0
 4094 0110 16       		.uleb128 0x16
 4095 0111 49       		.uleb128 0x49
 4096 0112 00       		.byte	0
 4097 0113 02       		.uleb128 0x2
 4098 0114 18       		.uleb128 0x18
 4099 0115 7E       		.uleb128 0x7e
 4100 0116 18       		.uleb128 0x18
 4101 0117 00       		.byte	0
 4102 0118 00       		.byte	0
 4103 0119 17       		.uleb128 0x17
 4104 011a 05       		.uleb128 0x5
ARM GAS  /tmp/cckx8M46.s 			page 73


 4105 011b 00       		.byte	0
 4106 011c 03       		.uleb128 0x3
 4107 011d 08       		.uleb128 0x8
 4108 011e 3A       		.uleb128 0x3a
 4109 011f 0B       		.uleb128 0xb
 4110 0120 3B       		.uleb128 0x3b
 4111 0121 05       		.uleb128 0x5
 4112 0122 39       		.uleb128 0x39
 4113 0123 0B       		.uleb128 0xb
 4114 0124 49       		.uleb128 0x49
 4115 0125 13       		.uleb128 0x13
 4116 0126 00       		.byte	0
 4117 0127 00       		.byte	0
 4118 0128 18       		.uleb128 0x18
 4119 0129 34       		.uleb128 0x34
 4120 012a 00       		.byte	0
 4121 012b 31       		.uleb128 0x31
 4122 012c 13       		.uleb128 0x13
 4123 012d 00       		.byte	0
 4124 012e 00       		.byte	0
 4125 012f 19       		.uleb128 0x19
 4126 0130 34       		.uleb128 0x34
 4127 0131 00       		.byte	0
 4128 0132 03       		.uleb128 0x3
 4129 0133 08       		.uleb128 0x8
 4130 0134 3A       		.uleb128 0x3a
 4131 0135 21       		.uleb128 0x21
 4132 0136 01       		.sleb128 1
 4133 0137 3B       		.uleb128 0x3b
 4134 0138 0B       		.uleb128 0xb
 4135 0139 39       		.uleb128 0x39
 4136 013a 0B       		.uleb128 0xb
 4137 013b 49       		.uleb128 0x49
 4138 013c 13       		.uleb128 0x13
 4139 013d 00       		.byte	0
 4140 013e 00       		.byte	0
 4141 013f 1A       		.uleb128 0x1a
 4142 0140 13       		.uleb128 0x13
 4143 0141 01       		.byte	0x1
 4144 0142 03       		.uleb128 0x3
 4145 0143 0E       		.uleb128 0xe
 4146 0144 0B       		.uleb128 0xb
 4147 0145 0B       		.uleb128 0xb
 4148 0146 3A       		.uleb128 0x3a
 4149 0147 0B       		.uleb128 0xb
 4150 0148 3B       		.uleb128 0x3b
 4151 0149 05       		.uleb128 0x5
 4152 014a 39       		.uleb128 0x39
 4153 014b 0B       		.uleb128 0xb
 4154 014c 01       		.uleb128 0x1
 4155 014d 13       		.uleb128 0x13
 4156 014e 00       		.byte	0
 4157 014f 00       		.byte	0
 4158 0150 1B       		.uleb128 0x1b
 4159 0151 1D       		.uleb128 0x1d
 4160 0152 01       		.byte	0x1
 4161 0153 31       		.uleb128 0x31
ARM GAS  /tmp/cckx8M46.s 			page 74


 4162 0154 13       		.uleb128 0x13
 4163 0155 52       		.uleb128 0x52
 4164 0156 01       		.uleb128 0x1
 4165 0157 B842     		.uleb128 0x2138
 4166 0159 0B       		.uleb128 0xb
 4167 015a 55       		.uleb128 0x55
 4168 015b 17       		.uleb128 0x17
 4169 015c 58       		.uleb128 0x58
 4170 015d 21       		.uleb128 0x21
 4171 015e 01       		.sleb128 1
 4172 015f 59       		.uleb128 0x59
 4173 0160 0B       		.uleb128 0xb
 4174 0161 57       		.uleb128 0x57
 4175 0162 21       		.uleb128 0x21
 4176 0163 0A       		.sleb128 10
 4177 0164 00       		.byte	0
 4178 0165 00       		.byte	0
 4179 0166 1C       		.uleb128 0x1c
 4180 0167 05       		.uleb128 0x5
 4181 0168 00       		.byte	0
 4182 0169 03       		.uleb128 0x3
 4183 016a 08       		.uleb128 0x8
 4184 016b 3A       		.uleb128 0x3a
 4185 016c 0B       		.uleb128 0xb
 4186 016d 3B       		.uleb128 0x3b
 4187 016e 0B       		.uleb128 0xb
 4188 016f 39       		.uleb128 0x39
 4189 0170 0B       		.uleb128 0xb
 4190 0171 49       		.uleb128 0x49
 4191 0172 13       		.uleb128 0x13
 4192 0173 00       		.byte	0
 4193 0174 00       		.byte	0
 4194 0175 1D       		.uleb128 0x1d
 4195 0176 2E       		.uleb128 0x2e
 4196 0177 01       		.byte	0x1
 4197 0178 03       		.uleb128 0x3
 4198 0179 0E       		.uleb128 0xe
 4199 017a 3A       		.uleb128 0x3a
 4200 017b 0B       		.uleb128 0xb
 4201 017c 3B       		.uleb128 0x3b
 4202 017d 05       		.uleb128 0x5
 4203 017e 39       		.uleb128 0x39
 4204 017f 0B       		.uleb128 0xb
 4205 0180 27       		.uleb128 0x27
 4206 0181 19       		.uleb128 0x19
 4207 0182 49       		.uleb128 0x49
 4208 0183 13       		.uleb128 0x13
 4209 0184 20       		.uleb128 0x20
 4210 0185 21       		.uleb128 0x21
 4211 0186 03       		.sleb128 3
 4212 0187 01       		.uleb128 0x1
 4213 0188 13       		.uleb128 0x13
 4214 0189 00       		.byte	0
 4215 018a 00       		.byte	0
 4216 018b 1E       		.uleb128 0x1e
 4217 018c 0D       		.uleb128 0xd
 4218 018d 00       		.byte	0
ARM GAS  /tmp/cckx8M46.s 			page 75


 4219 018e 03       		.uleb128 0x3
 4220 018f 08       		.uleb128 0x8
 4221 0190 3A       		.uleb128 0x3a
 4222 0191 0B       		.uleb128 0xb
 4223 0192 3B       		.uleb128 0x3b
 4224 0193 0B       		.uleb128 0xb
 4225 0194 39       		.uleb128 0x39
 4226 0195 0B       		.uleb128 0xb
 4227 0196 49       		.uleb128 0x49
 4228 0197 13       		.uleb128 0x13
 4229 0198 38       		.uleb128 0x38
 4230 0199 0B       		.uleb128 0xb
 4231 019a 00       		.byte	0
 4232 019b 00       		.byte	0
 4233 019c 1F       		.uleb128 0x1f
 4234 019d 2E       		.uleb128 0x2e
 4235 019e 01       		.byte	0x1
 4236 019f 3F       		.uleb128 0x3f
 4237 01a0 19       		.uleb128 0x19
 4238 01a1 03       		.uleb128 0x3
 4239 01a2 0E       		.uleb128 0xe
 4240 01a3 3A       		.uleb128 0x3a
 4241 01a4 21       		.uleb128 0x21
 4242 01a5 01       		.sleb128 1
 4243 01a6 3B       		.uleb128 0x3b
 4244 01a7 05       		.uleb128 0x5
 4245 01a8 39       		.uleb128 0x39
 4246 01a9 0B       		.uleb128 0xb
 4247 01aa 27       		.uleb128 0x27
 4248 01ab 19       		.uleb128 0x19
 4249 01ac 49       		.uleb128 0x49
 4250 01ad 13       		.uleb128 0x13
 4251 01ae 11       		.uleb128 0x11
 4252 01af 01       		.uleb128 0x1
 4253 01b0 12       		.uleb128 0x12
 4254 01b1 06       		.uleb128 0x6
 4255 01b2 40       		.uleb128 0x40
 4256 01b3 18       		.uleb128 0x18
 4257 01b4 7A       		.uleb128 0x7a
 4258 01b5 19       		.uleb128 0x19
 4259 01b6 01       		.uleb128 0x1
 4260 01b7 13       		.uleb128 0x13
 4261 01b8 00       		.byte	0
 4262 01b9 00       		.byte	0
 4263 01ba 20       		.uleb128 0x20
 4264 01bb 48       		.uleb128 0x48
 4265 01bc 00       		.byte	0
 4266 01bd 7D       		.uleb128 0x7d
 4267 01be 01       		.uleb128 0x1
 4268 01bf 8201     		.uleb128 0x82
 4269 01c1 19       		.uleb128 0x19
 4270 01c2 7F       		.uleb128 0x7f
 4271 01c3 13       		.uleb128 0x13
 4272 01c4 00       		.byte	0
 4273 01c5 00       		.byte	0
 4274 01c6 21       		.uleb128 0x21
 4275 01c7 2E       		.uleb128 0x2e
ARM GAS  /tmp/cckx8M46.s 			page 76


 4276 01c8 00       		.byte	0
 4277 01c9 03       		.uleb128 0x3
 4278 01ca 0E       		.uleb128 0xe
 4279 01cb 3A       		.uleb128 0x3a
 4280 01cc 0B       		.uleb128 0xb
 4281 01cd 3B       		.uleb128 0x3b
 4282 01ce 05       		.uleb128 0x5
 4283 01cf 39       		.uleb128 0x39
 4284 01d0 21       		.uleb128 0x21
 4285 01d1 14       		.sleb128 20
 4286 01d2 27       		.uleb128 0x27
 4287 01d3 19       		.uleb128 0x19
 4288 01d4 20       		.uleb128 0x20
 4289 01d5 21       		.uleb128 0x21
 4290 01d6 03       		.sleb128 3
 4291 01d7 00       		.byte	0
 4292 01d8 00       		.byte	0
 4293 01d9 22       		.uleb128 0x22
 4294 01da 35       		.uleb128 0x35
 4295 01db 00       		.byte	0
 4296 01dc 49       		.uleb128 0x49
 4297 01dd 13       		.uleb128 0x13
 4298 01de 00       		.byte	0
 4299 01df 00       		.byte	0
 4300 01e0 23       		.uleb128 0x23
 4301 01e1 0D       		.uleb128 0xd
 4302 01e2 00       		.byte	0
 4303 01e3 03       		.uleb128 0x3
 4304 01e4 0E       		.uleb128 0xe
 4305 01e5 3A       		.uleb128 0x3a
 4306 01e6 21       		.uleb128 0x21
 4307 01e7 09       		.sleb128 9
 4308 01e8 3B       		.uleb128 0x3b
 4309 01e9 0B       		.uleb128 0xb
 4310 01ea 39       		.uleb128 0x39
 4311 01eb 21       		.uleb128 0x21
 4312 01ec 21       		.sleb128 33
 4313 01ed 49       		.uleb128 0x49
 4314 01ee 13       		.uleb128 0x13
 4315 01ef 00       		.byte	0
 4316 01f0 00       		.byte	0
 4317 01f1 24       		.uleb128 0x24
 4318 01f2 2E       		.uleb128 0x2e
 4319 01f3 01       		.byte	0x1
 4320 01f4 3F       		.uleb128 0x3f
 4321 01f5 19       		.uleb128 0x19
 4322 01f6 03       		.uleb128 0x3
 4323 01f7 0E       		.uleb128 0xe
 4324 01f8 3A       		.uleb128 0x3a
 4325 01f9 0B       		.uleb128 0xb
 4326 01fa 3B       		.uleb128 0x3b
 4327 01fb 0B       		.uleb128 0xb
 4328 01fc 39       		.uleb128 0x39
 4329 01fd 21       		.uleb128 0x21
 4330 01fe 08       		.sleb128 8
 4331 01ff 27       		.uleb128 0x27
 4332 0200 19       		.uleb128 0x19
ARM GAS  /tmp/cckx8M46.s 			page 77


 4333 0201 3C       		.uleb128 0x3c
 4334 0202 19       		.uleb128 0x19
 4335 0203 01       		.uleb128 0x1
 4336 0204 13       		.uleb128 0x13
 4337 0205 00       		.byte	0
 4338 0206 00       		.byte	0
 4339 0207 25       		.uleb128 0x25
 4340 0208 2E       		.uleb128 0x2e
 4341 0209 01       		.byte	0x1
 4342 020a 3F       		.uleb128 0x3f
 4343 020b 19       		.uleb128 0x19
 4344 020c 03       		.uleb128 0x3
 4345 020d 0E       		.uleb128 0xe
 4346 020e 3A       		.uleb128 0x3a
 4347 020f 21       		.uleb128 0x21
 4348 0210 01       		.sleb128 1
 4349 0211 3B       		.uleb128 0x3b
 4350 0212 05       		.uleb128 0x5
 4351 0213 39       		.uleb128 0x39
 4352 0214 21       		.uleb128 0x21
 4353 0215 06       		.sleb128 6
 4354 0216 27       		.uleb128 0x27
 4355 0217 19       		.uleb128 0x19
 4356 0218 11       		.uleb128 0x11
 4357 0219 01       		.uleb128 0x1
 4358 021a 12       		.uleb128 0x12
 4359 021b 06       		.uleb128 0x6
 4360 021c 40       		.uleb128 0x40
 4361 021d 18       		.uleb128 0x18
 4362 021e 7A       		.uleb128 0x7a
 4363 021f 19       		.uleb128 0x19
 4364 0220 01       		.uleb128 0x1
 4365 0221 13       		.uleb128 0x13
 4366 0222 00       		.byte	0
 4367 0223 00       		.byte	0
 4368 0224 26       		.uleb128 0x26
 4369 0225 1D       		.uleb128 0x1d
 4370 0226 01       		.byte	0x1
 4371 0227 31       		.uleb128 0x31
 4372 0228 13       		.uleb128 0x13
 4373 0229 52       		.uleb128 0x52
 4374 022a 01       		.uleb128 0x1
 4375 022b B842     		.uleb128 0x2138
 4376 022d 0B       		.uleb128 0xb
 4377 022e 11       		.uleb128 0x11
 4378 022f 01       		.uleb128 0x1
 4379 0230 12       		.uleb128 0x12
 4380 0231 06       		.uleb128 0x6
 4381 0232 58       		.uleb128 0x58
 4382 0233 21       		.uleb128 0x21
 4383 0234 01       		.sleb128 1
 4384 0235 59       		.uleb128 0x59
 4385 0236 05       		.uleb128 0x5
 4386 0237 57       		.uleb128 0x57
 4387 0238 0B       		.uleb128 0xb
 4388 0239 00       		.byte	0
 4389 023a 00       		.byte	0
ARM GAS  /tmp/cckx8M46.s 			page 78


 4390 023b 27       		.uleb128 0x27
 4391 023c 1D       		.uleb128 0x1d
 4392 023d 01       		.byte	0x1
 4393 023e 31       		.uleb128 0x31
 4394 023f 13       		.uleb128 0x13
 4395 0240 52       		.uleb128 0x52
 4396 0241 01       		.uleb128 0x1
 4397 0242 B842     		.uleb128 0x2138
 4398 0244 0B       		.uleb128 0xb
 4399 0245 11       		.uleb128 0x11
 4400 0246 01       		.uleb128 0x1
 4401 0247 12       		.uleb128 0x12
 4402 0248 06       		.uleb128 0x6
 4403 0249 58       		.uleb128 0x58
 4404 024a 21       		.uleb128 0x21
 4405 024b 01       		.sleb128 1
 4406 024c 59       		.uleb128 0x59
 4407 024d 0B       		.uleb128 0xb
 4408 024e 57       		.uleb128 0x57
 4409 024f 0B       		.uleb128 0xb
 4410 0250 01       		.uleb128 0x1
 4411 0251 13       		.uleb128 0x13
 4412 0252 00       		.byte	0
 4413 0253 00       		.byte	0
 4414 0254 28       		.uleb128 0x28
 4415 0255 2E       		.uleb128 0x2e
 4416 0256 01       		.byte	0x1
 4417 0257 03       		.uleb128 0x3
 4418 0258 0E       		.uleb128 0xe
 4419 0259 3A       		.uleb128 0x3a
 4420 025a 0B       		.uleb128 0xb
 4421 025b 3B       		.uleb128 0x3b
 4422 025c 0B       		.uleb128 0xb
 4423 025d 39       		.uleb128 0x39
 4424 025e 0B       		.uleb128 0xb
 4425 025f 27       		.uleb128 0x27
 4426 0260 19       		.uleb128 0x19
 4427 0261 20       		.uleb128 0x20
 4428 0262 0B       		.uleb128 0xb
 4429 0263 01       		.uleb128 0x1
 4430 0264 13       		.uleb128 0x13
 4431 0265 00       		.byte	0
 4432 0266 00       		.byte	0
 4433 0267 29       		.uleb128 0x29
 4434 0268 15       		.uleb128 0x15
 4435 0269 01       		.byte	0x1
 4436 026a 27       		.uleb128 0x27
 4437 026b 19       		.uleb128 0x19
 4438 026c 01       		.uleb128 0x1
 4439 026d 13       		.uleb128 0x13
 4440 026e 00       		.byte	0
 4441 026f 00       		.byte	0
 4442 0270 2A       		.uleb128 0x2a
 4443 0271 17       		.uleb128 0x17
 4444 0272 01       		.byte	0x1
 4445 0273 0B       		.uleb128 0xb
 4446 0274 0B       		.uleb128 0xb
ARM GAS  /tmp/cckx8M46.s 			page 79


 4447 0275 3A       		.uleb128 0x3a
 4448 0276 21       		.uleb128 0x21
 4449 0277 09       		.sleb128 9
 4450 0278 3B       		.uleb128 0x3b
 4451 0279 0B       		.uleb128 0xb
 4452 027a 39       		.uleb128 0x39
 4453 027b 21       		.uleb128 0x21
 4454 027c 03       		.sleb128 3
 4455 027d 01       		.uleb128 0x1
 4456 027e 13       		.uleb128 0x13
 4457 027f 00       		.byte	0
 4458 0280 00       		.byte	0
 4459 0281 2B       		.uleb128 0x2b
 4460 0282 16       		.uleb128 0x16
 4461 0283 00       		.byte	0
 4462 0284 03       		.uleb128 0x3
 4463 0285 0E       		.uleb128 0xe
 4464 0286 3A       		.uleb128 0x3a
 4465 0287 21       		.uleb128 0x21
 4466 0288 09       		.sleb128 9
 4467 0289 3B       		.uleb128 0x3b
 4468 028a 05       		.uleb128 0x5
 4469 028b 39       		.uleb128 0x39
 4470 028c 21       		.uleb128 0x21
 4471 028d 03       		.sleb128 3
 4472 028e 49       		.uleb128 0x49
 4473 028f 13       		.uleb128 0x13
 4474 0290 00       		.byte	0
 4475 0291 00       		.byte	0
 4476 0292 2C       		.uleb128 0x2c
 4477 0293 1D       		.uleb128 0x1d
 4478 0294 01       		.byte	0x1
 4479 0295 31       		.uleb128 0x31
 4480 0296 13       		.uleb128 0x13
 4481 0297 52       		.uleb128 0x52
 4482 0298 01       		.uleb128 0x1
 4483 0299 B842     		.uleb128 0x2138
 4484 029b 0B       		.uleb128 0xb
 4485 029c 11       		.uleb128 0x11
 4486 029d 01       		.uleb128 0x1
 4487 029e 12       		.uleb128 0x12
 4488 029f 06       		.uleb128 0x6
 4489 02a0 58       		.uleb128 0x58
 4490 02a1 21       		.uleb128 0x21
 4491 02a2 01       		.sleb128 1
 4492 02a3 59       		.uleb128 0x59
 4493 02a4 0B       		.uleb128 0xb
 4494 02a5 57       		.uleb128 0x57
 4495 02a6 21       		.uleb128 0x21
 4496 02a7 0A       		.sleb128 10
 4497 02a8 00       		.byte	0
 4498 02a9 00       		.byte	0
 4499 02aa 2D       		.uleb128 0x2d
 4500 02ab 2E       		.uleb128 0x2e
 4501 02ac 01       		.byte	0x1
 4502 02ad 3F       		.uleb128 0x3f
 4503 02ae 19       		.uleb128 0x19
ARM GAS  /tmp/cckx8M46.s 			page 80


 4504 02af 03       		.uleb128 0x3
 4505 02b0 0E       		.uleb128 0xe
 4506 02b1 3A       		.uleb128 0x3a
 4507 02b2 21       		.uleb128 0x21
 4508 02b3 01       		.sleb128 1
 4509 02b4 3B       		.uleb128 0x3b
 4510 02b5 05       		.uleb128 0x5
 4511 02b6 39       		.uleb128 0x39
 4512 02b7 21       		.uleb128 0x21
 4513 02b8 06       		.sleb128 6
 4514 02b9 27       		.uleb128 0x27
 4515 02ba 19       		.uleb128 0x19
 4516 02bb 20       		.uleb128 0x20
 4517 02bc 21       		.uleb128 0x21
 4518 02bd 01       		.sleb128 1
 4519 02be 01       		.uleb128 0x1
 4520 02bf 13       		.uleb128 0x13
 4521 02c0 00       		.byte	0
 4522 02c1 00       		.byte	0
 4523 02c2 2E       		.uleb128 0x2e
 4524 02c3 05       		.uleb128 0x5
 4525 02c4 00       		.byte	0
 4526 02c5 03       		.uleb128 0x3
 4527 02c6 08       		.uleb128 0x8
 4528 02c7 3A       		.uleb128 0x3a
 4529 02c8 21       		.uleb128 0x21
 4530 02c9 01       		.sleb128 1
 4531 02ca 3B       		.uleb128 0x3b
 4532 02cb 21       		.uleb128 0x21
 4533 02cc 9103     		.sleb128 401
 4534 02ce 39       		.uleb128 0x39
 4535 02cf 0B       		.uleb128 0xb
 4536 02d0 49       		.uleb128 0x49
 4537 02d1 13       		.uleb128 0x13
 4538 02d2 02       		.uleb128 0x2
 4539 02d3 17       		.uleb128 0x17
 4540 02d4 B742     		.uleb128 0x2137
 4541 02d6 17       		.uleb128 0x17
 4542 02d7 00       		.byte	0
 4543 02d8 00       		.byte	0
 4544 02d9 2F       		.uleb128 0x2f
 4545 02da 05       		.uleb128 0x5
 4546 02db 00       		.byte	0
 4547 02dc 03       		.uleb128 0x3
 4548 02dd 0E       		.uleb128 0xe
 4549 02de 3A       		.uleb128 0x3a
 4550 02df 21       		.uleb128 0x21
 4551 02e0 01       		.sleb128 1
 4552 02e1 3B       		.uleb128 0x3b
 4553 02e2 21       		.uleb128 0x21
 4554 02e3 EB02     		.sleb128 363
 4555 02e5 39       		.uleb128 0x39
 4556 02e6 0B       		.uleb128 0xb
 4557 02e7 49       		.uleb128 0x49
 4558 02e8 13       		.uleb128 0x13
 4559 02e9 02       		.uleb128 0x2
 4560 02ea 17       		.uleb128 0x17
ARM GAS  /tmp/cckx8M46.s 			page 81


 4561 02eb B742     		.uleb128 0x2137
 4562 02ed 17       		.uleb128 0x17
 4563 02ee 00       		.byte	0
 4564 02ef 00       		.byte	0
 4565 02f0 30       		.uleb128 0x30
 4566 02f1 1D       		.uleb128 0x1d
 4567 02f2 01       		.byte	0x1
 4568 02f3 31       		.uleb128 0x31
 4569 02f4 13       		.uleb128 0x13
 4570 02f5 52       		.uleb128 0x52
 4571 02f6 01       		.uleb128 0x1
 4572 02f7 B842     		.uleb128 0x2138
 4573 02f9 0B       		.uleb128 0xb
 4574 02fa 11       		.uleb128 0x11
 4575 02fb 01       		.uleb128 0x1
 4576 02fc 12       		.uleb128 0x12
 4577 02fd 06       		.uleb128 0x6
 4578 02fe 58       		.uleb128 0x58
 4579 02ff 21       		.uleb128 0x21
 4580 0300 01       		.sleb128 1
 4581 0301 59       		.uleb128 0x59
 4582 0302 05       		.uleb128 0x5
 4583 0303 57       		.uleb128 0x57
 4584 0304 0B       		.uleb128 0xb
 4585 0305 01       		.uleb128 0x1
 4586 0306 13       		.uleb128 0x13
 4587 0307 00       		.byte	0
 4588 0308 00       		.byte	0
 4589 0309 31       		.uleb128 0x31
 4590 030a 48       		.uleb128 0x48
 4591 030b 01       		.byte	0x1
 4592 030c 7D       		.uleb128 0x7d
 4593 030d 01       		.uleb128 0x1
 4594 030e 7F       		.uleb128 0x7f
 4595 030f 13       		.uleb128 0x13
 4596 0310 00       		.byte	0
 4597 0311 00       		.byte	0
 4598 0312 32       		.uleb128 0x32
 4599 0313 2E       		.uleb128 0x2e
 4600 0314 01       		.byte	0x1
 4601 0315 03       		.uleb128 0x3
 4602 0316 0E       		.uleb128 0xe
 4603 0317 3A       		.uleb128 0x3a
 4604 0318 21       		.uleb128 0x21
 4605 0319 01       		.sleb128 1
 4606 031a 3B       		.uleb128 0x3b
 4607 031b 0B       		.uleb128 0xb
 4608 031c 39       		.uleb128 0x39
 4609 031d 21       		.uleb128 0x21
 4610 031e 12       		.sleb128 18
 4611 031f 27       		.uleb128 0x27
 4612 0320 19       		.uleb128 0x19
 4613 0321 49       		.uleb128 0x49
 4614 0322 13       		.uleb128 0x13
 4615 0323 20       		.uleb128 0x20
 4616 0324 21       		.uleb128 0x21
 4617 0325 01       		.sleb128 1
ARM GAS  /tmp/cckx8M46.s 			page 82


 4618 0326 01       		.uleb128 0x1
 4619 0327 13       		.uleb128 0x13
 4620 0328 00       		.byte	0
 4621 0329 00       		.byte	0
 4622 032a 33       		.uleb128 0x33
 4623 032b 0B       		.uleb128 0xb
 4624 032c 01       		.byte	0x1
 4625 032d 00       		.byte	0
 4626 032e 00       		.byte	0
 4627 032f 34       		.uleb128 0x34
 4628 0330 34       		.uleb128 0x34
 4629 0331 00       		.byte	0
 4630 0332 03       		.uleb128 0x3
 4631 0333 0E       		.uleb128 0xe
 4632 0334 3A       		.uleb128 0x3a
 4633 0335 21       		.uleb128 0x21
 4634 0336 03       		.sleb128 3
 4635 0337 3B       		.uleb128 0x3b
 4636 0338 05       		.uleb128 0x5
 4637 0339 39       		.uleb128 0x39
 4638 033a 21       		.uleb128 0x21
 4639 033b 1A       		.sleb128 26
 4640 033c 49       		.uleb128 0x49
 4641 033d 13       		.uleb128 0x13
 4642 033e 00       		.byte	0
 4643 033f 00       		.byte	0
 4644 0340 35       		.uleb128 0x35
 4645 0341 11       		.uleb128 0x11
 4646 0342 01       		.byte	0x1
 4647 0343 25       		.uleb128 0x25
 4648 0344 0E       		.uleb128 0xe
 4649 0345 13       		.uleb128 0x13
 4650 0346 0B       		.uleb128 0xb
 4651 0347 03       		.uleb128 0x3
 4652 0348 0E       		.uleb128 0xe
 4653 0349 1B       		.uleb128 0x1b
 4654 034a 0E       		.uleb128 0xe
 4655 034b 55       		.uleb128 0x55
 4656 034c 17       		.uleb128 0x17
 4657 034d 11       		.uleb128 0x11
 4658 034e 01       		.uleb128 0x1
 4659 034f 10       		.uleb128 0x10
 4660 0350 17       		.uleb128 0x17
 4661 0351 00       		.byte	0
 4662 0352 00       		.byte	0
 4663 0353 36       		.uleb128 0x36
 4664 0354 24       		.uleb128 0x24
 4665 0355 00       		.byte	0
 4666 0356 0B       		.uleb128 0xb
 4667 0357 0B       		.uleb128 0xb
 4668 0358 3E       		.uleb128 0x3e
 4669 0359 0B       		.uleb128 0xb
 4670 035a 03       		.uleb128 0x3
 4671 035b 08       		.uleb128 0x8
 4672 035c 00       		.byte	0
 4673 035d 00       		.byte	0
 4674 035e 37       		.uleb128 0x37
ARM GAS  /tmp/cckx8M46.s 			page 83


 4675 035f 0F       		.uleb128 0xf
 4676 0360 00       		.byte	0
 4677 0361 0B       		.uleb128 0xb
 4678 0362 0B       		.uleb128 0xb
 4679 0363 00       		.byte	0
 4680 0364 00       		.byte	0
 4681 0365 38       		.uleb128 0x38
 4682 0366 34       		.uleb128 0x34
 4683 0367 00       		.byte	0
 4684 0368 03       		.uleb128 0x3
 4685 0369 08       		.uleb128 0x8
 4686 036a 3A       		.uleb128 0x3a
 4687 036b 0B       		.uleb128 0xb
 4688 036c 3B       		.uleb128 0x3b
 4689 036d 05       		.uleb128 0x5
 4690 036e 39       		.uleb128 0x39
 4691 036f 0B       		.uleb128 0xb
 4692 0370 49       		.uleb128 0x49
 4693 0371 13       		.uleb128 0x13
 4694 0372 3F       		.uleb128 0x3f
 4695 0373 19       		.uleb128 0x19
 4696 0374 3C       		.uleb128 0x3c
 4697 0375 19       		.uleb128 0x19
 4698 0376 00       		.byte	0
 4699 0377 00       		.byte	0
 4700 0378 39       		.uleb128 0x39
 4701 0379 2E       		.uleb128 0x2e
 4702 037a 01       		.byte	0x1
 4703 037b 3F       		.uleb128 0x3f
 4704 037c 19       		.uleb128 0x19
 4705 037d 03       		.uleb128 0x3
 4706 037e 0E       		.uleb128 0xe
 4707 037f 3A       		.uleb128 0x3a
 4708 0380 0B       		.uleb128 0xb
 4709 0381 3B       		.uleb128 0x3b
 4710 0382 05       		.uleb128 0x5
 4711 0383 39       		.uleb128 0x39
 4712 0384 0B       		.uleb128 0xb
 4713 0385 27       		.uleb128 0x27
 4714 0386 19       		.uleb128 0x19
 4715 0387 3C       		.uleb128 0x3c
 4716 0388 19       		.uleb128 0x19
 4717 0389 01       		.uleb128 0x1
 4718 038a 13       		.uleb128 0x13
 4719 038b 00       		.byte	0
 4720 038c 00       		.byte	0
 4721 038d 3A       		.uleb128 0x3a
 4722 038e 1D       		.uleb128 0x1d
 4723 038f 01       		.byte	0x1
 4724 0390 31       		.uleb128 0x31
 4725 0391 13       		.uleb128 0x13
 4726 0392 52       		.uleb128 0x52
 4727 0393 01       		.uleb128 0x1
 4728 0394 B842     		.uleb128 0x2138
 4729 0396 0B       		.uleb128 0xb
 4730 0397 55       		.uleb128 0x55
 4731 0398 17       		.uleb128 0x17
ARM GAS  /tmp/cckx8M46.s 			page 84


 4732 0399 58       		.uleb128 0x58
 4733 039a 0B       		.uleb128 0xb
 4734 039b 59       		.uleb128 0x59
 4735 039c 05       		.uleb128 0x5
 4736 039d 57       		.uleb128 0x57
 4737 039e 0B       		.uleb128 0xb
 4738 039f 00       		.byte	0
 4739 03a0 00       		.byte	0
 4740 03a1 3B       		.uleb128 0x3b
 4741 03a2 1D       		.uleb128 0x1d
 4742 03a3 01       		.byte	0x1
 4743 03a4 31       		.uleb128 0x31
 4744 03a5 13       		.uleb128 0x13
 4745 03a6 52       		.uleb128 0x52
 4746 03a7 01       		.uleb128 0x1
 4747 03a8 B842     		.uleb128 0x2138
 4748 03aa 0B       		.uleb128 0xb
 4749 03ab 55       		.uleb128 0x55
 4750 03ac 17       		.uleb128 0x17
 4751 03ad 58       		.uleb128 0x58
 4752 03ae 0B       		.uleb128 0xb
 4753 03af 59       		.uleb128 0x59
 4754 03b0 0B       		.uleb128 0xb
 4755 03b1 57       		.uleb128 0x57
 4756 03b2 0B       		.uleb128 0xb
 4757 03b3 01       		.uleb128 0x1
 4758 03b4 13       		.uleb128 0x13
 4759 03b5 00       		.byte	0
 4760 03b6 00       		.byte	0
 4761 03b7 3C       		.uleb128 0x3c
 4762 03b8 2E       		.uleb128 0x2e
 4763 03b9 01       		.byte	0x1
 4764 03ba 3F       		.uleb128 0x3f
 4765 03bb 19       		.uleb128 0x19
 4766 03bc 03       		.uleb128 0x3
 4767 03bd 0E       		.uleb128 0xe
 4768 03be 3A       		.uleb128 0x3a
 4769 03bf 0B       		.uleb128 0xb
 4770 03c0 3B       		.uleb128 0x3b
 4771 03c1 05       		.uleb128 0x5
 4772 03c2 39       		.uleb128 0x39
 4773 03c3 0B       		.uleb128 0xb
 4774 03c4 27       		.uleb128 0x27
 4775 03c5 19       		.uleb128 0x19
 4776 03c6 01       		.uleb128 0x1
 4777 03c7 13       		.uleb128 0x13
 4778 03c8 00       		.byte	0
 4779 03c9 00       		.byte	0
 4780 03ca 3D       		.uleb128 0x3d
 4781 03cb 1D       		.uleb128 0x1d
 4782 03cc 01       		.byte	0x1
 4783 03cd 31       		.uleb128 0x31
 4784 03ce 13       		.uleb128 0x13
 4785 03cf 55       		.uleb128 0x55
 4786 03d0 17       		.uleb128 0x17
 4787 03d1 58       		.uleb128 0x58
 4788 03d2 0B       		.uleb128 0xb
ARM GAS  /tmp/cckx8M46.s 			page 85


 4789 03d3 59       		.uleb128 0x59
 4790 03d4 05       		.uleb128 0x5
 4791 03d5 57       		.uleb128 0x57
 4792 03d6 0B       		.uleb128 0xb
 4793 03d7 01       		.uleb128 0x1
 4794 03d8 13       		.uleb128 0x13
 4795 03d9 00       		.byte	0
 4796 03da 00       		.byte	0
 4797 03db 3E       		.uleb128 0x3e
 4798 03dc 1D       		.uleb128 0x1d
 4799 03dd 01       		.byte	0x1
 4800 03de 31       		.uleb128 0x31
 4801 03df 13       		.uleb128 0x13
 4802 03e0 55       		.uleb128 0x55
 4803 03e1 17       		.uleb128 0x17
 4804 03e2 58       		.uleb128 0x58
 4805 03e3 0B       		.uleb128 0xb
 4806 03e4 59       		.uleb128 0x59
 4807 03e5 0B       		.uleb128 0xb
 4808 03e6 57       		.uleb128 0x57
 4809 03e7 0B       		.uleb128 0xb
 4810 03e8 00       		.byte	0
 4811 03e9 00       		.byte	0
 4812 03ea 3F       		.uleb128 0x3f
 4813 03eb 48       		.uleb128 0x48
 4814 03ec 01       		.byte	0x1
 4815 03ed 7D       		.uleb128 0x7d
 4816 03ee 01       		.uleb128 0x1
 4817 03ef 8201     		.uleb128 0x82
 4818 03f1 19       		.uleb128 0x19
 4819 03f2 7F       		.uleb128 0x7f
 4820 03f3 13       		.uleb128 0x13
 4821 03f4 00       		.byte	0
 4822 03f5 00       		.byte	0
 4823 03f6 40       		.uleb128 0x40
 4824 03f7 0B       		.uleb128 0xb
 4825 03f8 01       		.byte	0x1
 4826 03f9 11       		.uleb128 0x11
 4827 03fa 01       		.uleb128 0x1
 4828 03fb 12       		.uleb128 0x12
 4829 03fc 06       		.uleb128 0x6
 4830 03fd 01       		.uleb128 0x1
 4831 03fe 13       		.uleb128 0x13
 4832 03ff 00       		.byte	0
 4833 0400 00       		.byte	0
 4834 0401 41       		.uleb128 0x41
 4835 0402 34       		.uleb128 0x34
 4836 0403 00       		.byte	0
 4837 0404 03       		.uleb128 0x3
 4838 0405 08       		.uleb128 0x8
 4839 0406 3A       		.uleb128 0x3a
 4840 0407 0B       		.uleb128 0xb
 4841 0408 3B       		.uleb128 0x3b
 4842 0409 05       		.uleb128 0x5
 4843 040a 39       		.uleb128 0x39
 4844 040b 0B       		.uleb128 0xb
 4845 040c 49       		.uleb128 0x49
ARM GAS  /tmp/cckx8M46.s 			page 86


 4846 040d 13       		.uleb128 0x13
 4847 040e 02       		.uleb128 0x2
 4848 040f 18       		.uleb128 0x18
 4849 0410 00       		.byte	0
 4850 0411 00       		.byte	0
 4851 0412 42       		.uleb128 0x42
 4852 0413 48       		.uleb128 0x48
 4853 0414 00       		.byte	0
 4854 0415 7D       		.uleb128 0x7d
 4855 0416 01       		.uleb128 0x1
 4856 0417 7F       		.uleb128 0x7f
 4857 0418 13       		.uleb128 0x13
 4858 0419 00       		.byte	0
 4859 041a 00       		.byte	0
 4860 041b 43       		.uleb128 0x43
 4861 041c 48       		.uleb128 0x48
 4862 041d 01       		.byte	0x1
 4863 041e 7D       		.uleb128 0x7d
 4864 041f 01       		.uleb128 0x1
 4865 0420 7F       		.uleb128 0x7f
 4866 0421 13       		.uleb128 0x13
 4867 0422 01       		.uleb128 0x1
 4868 0423 13       		.uleb128 0x13
 4869 0424 00       		.byte	0
 4870 0425 00       		.byte	0
 4871 0426 44       		.uleb128 0x44
 4872 0427 05       		.uleb128 0x5
 4873 0428 00       		.byte	0
 4874 0429 03       		.uleb128 0x3
 4875 042a 0E       		.uleb128 0xe
 4876 042b 3A       		.uleb128 0x3a
 4877 042c 0B       		.uleb128 0xb
 4878 042d 3B       		.uleb128 0x3b
 4879 042e 05       		.uleb128 0x5
 4880 042f 39       		.uleb128 0x39
 4881 0430 0B       		.uleb128 0xb
 4882 0431 49       		.uleb128 0x49
 4883 0432 13       		.uleb128 0x13
 4884 0433 00       		.byte	0
 4885 0434 00       		.byte	0
 4886 0435 45       		.uleb128 0x45
 4887 0436 05       		.uleb128 0x5
 4888 0437 00       		.byte	0
 4889 0438 03       		.uleb128 0x3
 4890 0439 08       		.uleb128 0x8
 4891 043a 3A       		.uleb128 0x3a
 4892 043b 0B       		.uleb128 0xb
 4893 043c 3B       		.uleb128 0x3b
 4894 043d 05       		.uleb128 0x5
 4895 043e 39       		.uleb128 0x39
 4896 043f 0B       		.uleb128 0xb
 4897 0440 49       		.uleb128 0x49
 4898 0441 13       		.uleb128 0x13
 4899 0442 02       		.uleb128 0x2
 4900 0443 18       		.uleb128 0x18
 4901 0444 00       		.byte	0
 4902 0445 00       		.byte	0
ARM GAS  /tmp/cckx8M46.s 			page 87


 4903 0446 46       		.uleb128 0x46
 4904 0447 2E       		.uleb128 0x2e
 4905 0448 01       		.byte	0x1
 4906 0449 03       		.uleb128 0x3
 4907 044a 0E       		.uleb128 0xe
 4908 044b 3A       		.uleb128 0x3a
 4909 044c 0B       		.uleb128 0xb
 4910 044d 3B       		.uleb128 0x3b
 4911 044e 0B       		.uleb128 0xb
 4912 044f 39       		.uleb128 0x39
 4913 0450 0B       		.uleb128 0xb
 4914 0451 27       		.uleb128 0x27
 4915 0452 19       		.uleb128 0x19
 4916 0453 11       		.uleb128 0x11
 4917 0454 01       		.uleb128 0x1
 4918 0455 12       		.uleb128 0x12
 4919 0456 06       		.uleb128 0x6
 4920 0457 40       		.uleb128 0x40
 4921 0458 18       		.uleb128 0x18
 4922 0459 7A       		.uleb128 0x7a
 4923 045a 19       		.uleb128 0x19
 4924 045b 01       		.uleb128 0x1
 4925 045c 13       		.uleb128 0x13
 4926 045d 00       		.byte	0
 4927 045e 00       		.byte	0
 4928 045f 47       		.uleb128 0x47
 4929 0460 05       		.uleb128 0x5
 4930 0461 00       		.byte	0
 4931 0462 03       		.uleb128 0x3
 4932 0463 08       		.uleb128 0x8
 4933 0464 3A       		.uleb128 0x3a
 4934 0465 0B       		.uleb128 0xb
 4935 0466 3B       		.uleb128 0x3b
 4936 0467 0B       		.uleb128 0xb
 4937 0468 39       		.uleb128 0x39
 4938 0469 0B       		.uleb128 0xb
 4939 046a 49       		.uleb128 0x49
 4940 046b 13       		.uleb128 0x13
 4941 046c 02       		.uleb128 0x2
 4942 046d 17       		.uleb128 0x17
 4943 046e B742     		.uleb128 0x2137
 4944 0470 17       		.uleb128 0x17
 4945 0471 00       		.byte	0
 4946 0472 00       		.byte	0
 4947 0473 48       		.uleb128 0x48
 4948 0474 05       		.uleb128 0x5
 4949 0475 00       		.byte	0
 4950 0476 03       		.uleb128 0x3
 4951 0477 08       		.uleb128 0x8
 4952 0478 3A       		.uleb128 0x3a
 4953 0479 0B       		.uleb128 0xb
 4954 047a 3B       		.uleb128 0x3b
 4955 047b 0B       		.uleb128 0xb
 4956 047c 39       		.uleb128 0x39
 4957 047d 0B       		.uleb128 0xb
 4958 047e 49       		.uleb128 0x49
 4959 047f 13       		.uleb128 0x13
ARM GAS  /tmp/cckx8M46.s 			page 88


 4960 0480 02       		.uleb128 0x2
 4961 0481 18       		.uleb128 0x18
 4962 0482 00       		.byte	0
 4963 0483 00       		.byte	0
 4964 0484 49       		.uleb128 0x49
 4965 0485 34       		.uleb128 0x34
 4966 0486 00       		.byte	0
 4967 0487 03       		.uleb128 0x3
 4968 0488 08       		.uleb128 0x8
 4969 0489 3A       		.uleb128 0x3a
 4970 048a 0B       		.uleb128 0xb
 4971 048b 3B       		.uleb128 0x3b
 4972 048c 0B       		.uleb128 0xb
 4973 048d 39       		.uleb128 0x39
 4974 048e 0B       		.uleb128 0xb
 4975 048f 49       		.uleb128 0x49
 4976 0490 13       		.uleb128 0x13
 4977 0491 02       		.uleb128 0x2
 4978 0492 17       		.uleb128 0x17
 4979 0493 B742     		.uleb128 0x2137
 4980 0495 17       		.uleb128 0x17
 4981 0496 00       		.byte	0
 4982 0497 00       		.byte	0
 4983 0498 4A       		.uleb128 0x4a
 4984 0499 2E       		.uleb128 0x2e
 4985 049a 01       		.byte	0x1
 4986 049b 03       		.uleb128 0x3
 4987 049c 0E       		.uleb128 0xe
 4988 049d 3A       		.uleb128 0x3a
 4989 049e 0B       		.uleb128 0xb
 4990 049f 3B       		.uleb128 0x3b
 4991 04a0 0B       		.uleb128 0xb
 4992 04a1 39       		.uleb128 0x39
 4993 04a2 0B       		.uleb128 0xb
 4994 04a3 27       		.uleb128 0x27
 4995 04a4 19       		.uleb128 0x19
 4996 04a5 01       		.uleb128 0x1
 4997 04a6 13       		.uleb128 0x13
 4998 04a7 00       		.byte	0
 4999 04a8 00       		.byte	0
 5000 04a9 4B       		.uleb128 0x4b
 5001 04aa 34       		.uleb128 0x34
 5002 04ab 00       		.byte	0
 5003 04ac 03       		.uleb128 0x3
 5004 04ad 0E       		.uleb128 0xe
 5005 04ae 49       		.uleb128 0x49
 5006 04af 13       		.uleb128 0x13
 5007 04b0 34       		.uleb128 0x34
 5008 04b1 19       		.uleb128 0x19
 5009 04b2 1C       		.uleb128 0x1c
 5010 04b3 0E       		.uleb128 0xe
 5011 04b4 00       		.byte	0
 5012 04b5 00       		.byte	0
 5013 04b6 4C       		.uleb128 0x4c
 5014 04b7 26       		.uleb128 0x26
 5015 04b8 00       		.byte	0
 5016 04b9 00       		.byte	0
ARM GAS  /tmp/cckx8M46.s 			page 89


 5017 04ba 00       		.byte	0
 5018 04bb 4D       		.uleb128 0x4d
 5019 04bc 2E       		.uleb128 0x2e
 5020 04bd 01       		.byte	0x1
 5021 04be 31       		.uleb128 0x31
 5022 04bf 13       		.uleb128 0x13
 5023 04c0 11       		.uleb128 0x11
 5024 04c1 01       		.uleb128 0x1
 5025 04c2 12       		.uleb128 0x12
 5026 04c3 06       		.uleb128 0x6
 5027 04c4 40       		.uleb128 0x40
 5028 04c5 18       		.uleb128 0x18
 5029 04c6 7A       		.uleb128 0x7a
 5030 04c7 19       		.uleb128 0x19
 5031 04c8 01       		.uleb128 0x1
 5032 04c9 13       		.uleb128 0x13
 5033 04ca 00       		.byte	0
 5034 04cb 00       		.byte	0
 5035 04cc 4E       		.uleb128 0x4e
 5036 04cd 2E       		.uleb128 0x2e
 5037 04ce 01       		.byte	0x1
 5038 04cf 31       		.uleb128 0x31
 5039 04d0 13       		.uleb128 0x13
 5040 04d1 11       		.uleb128 0x11
 5041 04d2 01       		.uleb128 0x1
 5042 04d3 12       		.uleb128 0x12
 5043 04d4 06       		.uleb128 0x6
 5044 04d5 40       		.uleb128 0x40
 5045 04d6 18       		.uleb128 0x18
 5046 04d7 7A       		.uleb128 0x7a
 5047 04d8 19       		.uleb128 0x19
 5048 04d9 00       		.byte	0
 5049 04da 00       		.byte	0
 5050 04db 00       		.byte	0
 5051              		.section	.debug_loclists,"",%progbits
 5052 0000 BA030000 		.4byte	.Ldebug_loc3-.Ldebug_loc2
 5053              	.Ldebug_loc2:
 5054 0004 0500     		.2byte	0x5
 5055 0006 04       		.byte	0x4
 5056 0007 00       		.byte	0
 5057 0008 00000000 		.4byte	0
 5058              	.Ldebug_loc0:
 5059              	.LVUS69:
 5060 000c 00       		.uleb128 .LVU545
 5061 000d 00       		.uleb128 0
 5062              	.LLST69:
 5063 000e 08       		.byte	0x8
 5064 000f 1C000000 		.4byte	.LVL71
 5065 0013 48       		.uleb128 .LFE221-.LVL71
 5066 0014 01       		.uleb128 0x1
 5067 0015 53       		.byte	0x53
 5068 0016 00       		.byte	0
 5069              	.LVUS70:
 5070 0017 02       		.uleb128 .LVU556
 5071 0018 00       		.uleb128 0
 5072              	.LLST70:
 5073 0019 08       		.byte	0x8
ARM GAS  /tmp/cckx8M46.s 			page 90


 5074 001a 2C000000 		.4byte	.LVL72
 5075 001e 38       		.uleb128 .LFE221-.LVL72
 5076 001f 01       		.uleb128 0x1
 5077 0020 50       		.byte	0x50
 5078 0021 00       		.byte	0
 5079              	.LVUS72:
 5080 0022 05       		.uleb128 .LVU564
 5081 0023 01       		.uleb128 .LVU597
 5082              	.LLST72:
 5083 0024 08       		.byte	0x8
 5084 0025 30000000 		.4byte	.LVL73
 5085 0029 30       		.uleb128 .LVL76-.LVL73
 5086 002a 01       		.uleb128 0x1
 5087 002b 53       		.byte	0x53
 5088 002c 00       		.byte	0
 5089              	.LVUS74:
 5090 002d 01       		.uleb128 .LVU574
 5091 002e 01       		.uleb128 .LVU597
 5092              	.LLST74:
 5093 002f 08       		.byte	0x8
 5094 0030 3C000000 		.4byte	.LVL74
 5095 0034 24       		.uleb128 .LVL76-.LVL74
 5096 0035 01       		.uleb128 0x1
 5097 0036 53       		.byte	0x53
 5098 0037 00       		.byte	0
 5099              	.LVUS75:
 5100 0038 01       		.uleb128 .LVU574
 5101 0039 00       		.uleb128 .LVU578
 5102 003a 06       		.uleb128 .LVU584
 5103 003b 01       		.uleb128 .LVU597
 5104              	.LLST75:
 5105 003c 06       		.byte	0x6
 5106 003d 3C000000 		.4byte	.LVL74
 5107 0041 04       		.byte	0x4
 5108 0042 00       		.uleb128 .LVL74-.LVL74
 5109 0043 04       		.uleb128 .LVL75-.LVL74
 5110 0044 01       		.uleb128 0x1
 5111 0045 52       		.byte	0x52
 5112 0046 04       		.byte	0x4
 5113 0047 04       		.uleb128 .LVL75-.LVL74
 5114 0048 24       		.uleb128 .LVL76-.LVL74
 5115 0049 01       		.uleb128 0x1
 5116 004a 52       		.byte	0x52
 5117 004b 00       		.byte	0
 5118              	.LVUS77:
 5119 004c 00       		.uleb128 .LVU578
 5120 004d 01       		.uleb128 .LVU597
 5121              	.LLST77:
 5122 004e 08       		.byte	0x8
 5123 004f 40000000 		.4byte	.LVL75
 5124 0053 20       		.uleb128 .LVL76-.LVL75
 5125 0054 01       		.uleb128 0x1
 5126 0055 52       		.byte	0x52
 5127 0056 00       		.byte	0
 5128              	.LVUS79:
 5129 0057 04       		.uleb128 .LVU549
 5130 0058 02       		.uleb128 .LVU556
ARM GAS  /tmp/cckx8M46.s 			page 91


 5131              	.LLST79:
 5132 0059 08       		.byte	0x8
 5133 005a 1C000000 		.4byte	.LVL71
 5134 005e 10       		.uleb128 .LVL72-.LVL71
 5135 005f 01       		.uleb128 0x1
 5136 0060 50       		.byte	0x50
 5137 0061 00       		.byte	0
 5138              	.LVUS60:
 5139 0062 00       		.uleb128 .LVU465
 5140 0063 00       		.uleb128 .LVU534
 5141              	.LLST60:
 5142 0064 08       		.byte	0x8
 5143 0065 0C000000 		.4byte	.LVL62
 5144 0069 5F       		.uleb128 .LVL69-1-.LVL62
 5145 006a 01       		.uleb128 0x1
 5146 006b 51       		.byte	0x51
 5147 006c 00       		.byte	0
 5148              	.LVUS61:
 5149 006d 04       		.uleb128 .LVU473
 5150 006e 01       		.uleb128 .LVU527
 5151 006f 01       		.uleb128 .LVU527
 5152 0070 00       		.uleb128 .LVU534
 5153              	.LLST61:
 5154 0071 06       		.byte	0x6
 5155 0072 20000000 		.4byte	.LVL63
 5156 0076 04       		.byte	0x4
 5157 0077 00       		.uleb128 .LVL63-.LVL63
 5158 0078 48       		.uleb128 .LVL68-.LVL63
 5159 0079 01       		.uleb128 0x1
 5160 007a 51       		.byte	0x51
 5161 007b 04       		.byte	0x4
 5162 007c 48       		.uleb128 .LVL68-.LVL63
 5163 007d 4B       		.uleb128 .LVL69-1-.LVL63
 5164 007e 02       		.uleb128 0x2
 5165 007f 73       		.byte	0x73
 5166 0080 04       		.sleb128 4
 5167 0081 00       		.byte	0
 5168              	.LVUS62:
 5169 0082 02       		.uleb128 .LVU483
 5170 0083 00       		.uleb128 .LVU534
 5171              	.LLST62:
 5172 0084 08       		.byte	0x8
 5173 0085 2C000000 		.4byte	.LVL64
 5174 0089 3F       		.uleb128 .LVL69-1-.LVL64
 5175 008a 01       		.uleb128 0x1
 5176 008b 50       		.byte	0x50
 5177 008c 00       		.byte	0
 5178              	.LVUS63:
 5179 008d 08       		.uleb128 .LVU477
 5180 008e 02       		.uleb128 .LVU483
 5181              	.LLST63:
 5182 008f 08       		.byte	0x8
 5183 0090 20000000 		.4byte	.LVL63
 5184 0094 0C       		.uleb128 .LVL64-.LVL63
 5185 0095 01       		.uleb128 0x1
 5186 0096 50       		.byte	0x50
 5187 0097 00       		.byte	0
ARM GAS  /tmp/cckx8M46.s 			page 92


 5188              	.LVUS65:
 5189 0098 06       		.uleb128 .LVU495
 5190 0099 01       		.uleb128 .LVU527
 5191              	.LLST65:
 5192 009a 08       		.byte	0x8
 5193 009b 3C000000 		.4byte	.LVL65
 5194 009f 2C       		.uleb128 .LVL68-.LVL65
 5195 00a0 01       		.uleb128 0x1
 5196 00a1 51       		.byte	0x51
 5197 00a2 00       		.byte	0
 5198              	.LVUS66:
 5199 00a3 00       		.uleb128 .LVU504
 5200 00a4 01       		.uleb128 .LVU527
 5201              	.LLST66:
 5202 00a5 08       		.byte	0x8
 5203 00a6 44000000 		.4byte	.LVL66
 5204 00aa 24       		.uleb128 .LVL68-.LVL66
 5205 00ab 01       		.uleb128 0x1
 5206 00ac 51       		.byte	0x51
 5207 00ad 00       		.byte	0
 5208              	.LVUS67:
 5209 00ae 00       		.uleb128 .LVU504
 5210 00af 00       		.uleb128 .LVU508
 5211 00b0 06       		.uleb128 .LVU514
 5212 00b1 01       		.uleb128 .LVU527
 5213              	.LLST67:
 5214 00b2 06       		.byte	0x6
 5215 00b3 44000000 		.4byte	.LVL66
 5216 00b7 04       		.byte	0x4
 5217 00b8 00       		.uleb128 .LVL66-.LVL66
 5218 00b9 04       		.uleb128 .LVL67-.LVL66
 5219 00ba 01       		.uleb128 0x1
 5220 00bb 53       		.byte	0x53
 5221 00bc 04       		.byte	0x4
 5222 00bd 04       		.uleb128 .LVL67-.LVL66
 5223 00be 24       		.uleb128 .LVL68-.LVL66
 5224 00bf 01       		.uleb128 0x1
 5225 00c0 53       		.byte	0x53
 5226 00c1 00       		.byte	0
 5227              	.LVUS68:
 5228 00c2 00       		.uleb128 .LVU508
 5229 00c3 01       		.uleb128 .LVU527
 5230              	.LLST68:
 5231 00c4 08       		.byte	0x8
 5232 00c5 48000000 		.4byte	.LVL67
 5233 00c9 20       		.uleb128 .LVL68-.LVL67
 5234 00ca 01       		.uleb128 0x1
 5235 00cb 53       		.byte	0x53
 5236 00cc 00       		.byte	0
 5237              	.LVUS49:
 5238 00cd 00       		.uleb128 .LVU390
 5239 00ce 01       		.uleb128 .LVU443
 5240 00cf 01       		.uleb128 .LVU443
 5241 00d0 00       		.uleb128 .LVU450
 5242              	.LLST49:
 5243 00d1 06       		.byte	0x6
 5244 00d2 1C000000 		.4byte	.LVL52
ARM GAS  /tmp/cckx8M46.s 			page 93


 5245 00d6 04       		.byte	0x4
 5246 00d7 00       		.uleb128 .LVL52-.LVL52
 5247 00d8 48       		.uleb128 .LVL57-.LVL52
 5248 00d9 01       		.uleb128 0x1
 5249 00da 51       		.byte	0x51
 5250 00db 04       		.byte	0x4
 5251 00dc 48       		.uleb128 .LVL57-.LVL52
 5252 00dd 4B       		.uleb128 .LVL58-1-.LVL52
 5253 00de 02       		.uleb128 0x2
 5254 00df 73       		.byte	0x73
 5255 00e0 04       		.sleb128 4
 5256 00e1 00       		.byte	0
 5257              	.LVUS50:
 5258 00e2 02       		.uleb128 .LVU401
 5259 00e3 00       		.uleb128 .LVU450
 5260              	.LLST50:
 5261 00e4 08       		.byte	0x8
 5262 00e5 2C000000 		.4byte	.LVL53
 5263 00e9 3B       		.uleb128 .LVL58-1-.LVL53
 5264 00ea 01       		.uleb128 0x1
 5265 00eb 50       		.byte	0x50
 5266 00ec 00       		.byte	0
 5267              	.LVUS52:
 5268 00ed 05       		.uleb128 .LVU409
 5269 00ee 01       		.uleb128 .LVU443
 5270              	.LLST52:
 5271 00ef 08       		.byte	0x8
 5272 00f0 30000000 		.4byte	.LVL54
 5273 00f4 34       		.uleb128 .LVL57-.LVL54
 5274 00f5 01       		.uleb128 0x1
 5275 00f6 51       		.byte	0x51
 5276 00f7 00       		.byte	0
 5277              	.LVUS54:
 5278 00f8 01       		.uleb128 .LVU419
 5279 00f9 01       		.uleb128 .LVU443
 5280              	.LLST54:
 5281 00fa 08       		.byte	0x8
 5282 00fb 3C000000 		.4byte	.LVL55
 5283 00ff 28       		.uleb128 .LVL57-.LVL55
 5284 0100 01       		.uleb128 0x1
 5285 0101 51       		.byte	0x51
 5286 0102 00       		.byte	0
 5287              	.LVUS55:
 5288 0103 01       		.uleb128 .LVU419
 5289 0104 00       		.uleb128 .LVU423
 5290 0105 06       		.uleb128 .LVU429
 5291 0106 01       		.uleb128 .LVU443
 5292              	.LLST55:
 5293 0107 06       		.byte	0x6
 5294 0108 3C000000 		.4byte	.LVL55
 5295 010c 04       		.byte	0x4
 5296 010d 00       		.uleb128 .LVL55-.LVL55
 5297 010e 04       		.uleb128 .LVL56-.LVL55
 5298 010f 01       		.uleb128 0x1
 5299 0110 53       		.byte	0x53
 5300 0111 04       		.byte	0x4
 5301 0112 04       		.uleb128 .LVL56-.LVL55
ARM GAS  /tmp/cckx8M46.s 			page 94


 5302 0113 28       		.uleb128 .LVL57-.LVL55
 5303 0114 01       		.uleb128 0x1
 5304 0115 53       		.byte	0x53
 5305 0116 00       		.byte	0
 5306              	.LVUS57:
 5307 0117 00       		.uleb128 .LVU423
 5308 0118 01       		.uleb128 .LVU443
 5309              	.LLST57:
 5310 0119 08       		.byte	0x8
 5311 011a 40000000 		.4byte	.LVL56
 5312 011e 24       		.uleb128 .LVL57-.LVL56
 5313 011f 01       		.uleb128 0x1
 5314 0120 53       		.byte	0x53
 5315 0121 00       		.byte	0
 5316              	.LVUS59:
 5317 0122 04       		.uleb128 .LVU394
 5318 0123 02       		.uleb128 .LVU401
 5319              	.LLST59:
 5320 0124 08       		.byte	0x8
 5321 0125 1C000000 		.4byte	.LVL52
 5322 0129 10       		.uleb128 .LVL53-.LVL52
 5323 012a 01       		.uleb128 0x1
 5324 012b 50       		.byte	0x50
 5325 012c 00       		.byte	0
 5326              	.LVUS37:
 5327 012d 00       		.uleb128 0
 5328 012e 00       		.uleb128 .LVU334
 5329 012f 00       		.uleb128 .LVU334
 5330 0130 00       		.uleb128 .LVU334
 5331 0131 00       		.uleb128 .LVU334
 5332 0132 00       		.uleb128 0
 5333              	.LLST37:
 5334 0133 06       		.byte	0x6
 5335 0134 00000000 		.4byte	.LVL37
 5336 0138 04       		.byte	0x4
 5337 0139 00       		.uleb128 .LVL37-.LVL37
 5338 013a 6B       		.uleb128 .LVL45-1-.LVL37
 5339 013b 01       		.uleb128 0x1
 5340 013c 50       		.byte	0x50
 5341 013d 04       		.byte	0x4
 5342 013e 6B       		.uleb128 .LVL45-1-.LVL37
 5343 013f 6C       		.uleb128 .LVL45-.LVL37
 5344 0140 0A       		.uleb128 0xa
 5345 0141 A3       		.byte	0xa3
 5346 0142 03       		.uleb128 0x3
 5347 0143 A5       		.byte	0xa5
 5348 0144 00       		.uleb128 0
 5349 0145 26       		.uleb128 0x26
 5350 0146 A8       		.byte	0xa8
 5351 0147 2D       		.uleb128 0x2d
 5352 0148 A8       		.byte	0xa8
 5353 0149 00       		.uleb128 0
 5354 014a 9F       		.byte	0x9f
 5355 014b 04       		.byte	0x4
 5356 014c 6C       		.uleb128 .LVL45-.LVL37
 5357 014d 9C01     		.uleb128 .LFE215-.LVL37
 5358 014f 01       		.uleb128 0x1
ARM GAS  /tmp/cckx8M46.s 			page 95


 5359 0150 50       		.byte	0x50
 5360 0151 00       		.byte	0
 5361              	.LVUS38:
 5362 0152 00       		.uleb128 0
 5363 0153 00       		.uleb128 .LVU286
 5364 0154 00       		.uleb128 .LVU286
 5365 0155 00       		.uleb128 .LVU291
 5366 0156 00       		.uleb128 .LVU291
 5367 0157 00       		.uleb128 0
 5368              	.LLST38:
 5369 0158 06       		.byte	0x6
 5370 0159 00000000 		.4byte	.LVL37
 5371 015d 04       		.byte	0x4
 5372 015e 00       		.uleb128 .LVL37-.LVL37
 5373 015f 1C       		.uleb128 .LVL39-.LVL37
 5374 0160 01       		.uleb128 0x1
 5375 0161 51       		.byte	0x51
 5376 0162 04       		.byte	0x4
 5377 0163 1C       		.uleb128 .LVL39-.LVL37
 5378 0164 2C       		.uleb128 .LVL40-.LVL37
 5379 0165 02       		.uleb128 0x2
 5380 0166 70       		.byte	0x70
 5381 0167 34       		.sleb128 52
 5382 0168 04       		.byte	0x4
 5383 0169 2C       		.uleb128 .LVL40-.LVL37
 5384 016a 9C01     		.uleb128 .LFE215-.LVL37
 5385 016c 0A       		.uleb128 0xa
 5386 016d A3       		.byte	0xa3
 5387 016e 03       		.uleb128 0x3
 5388 016f A5       		.byte	0xa5
 5389 0170 01       		.uleb128 0x1
 5390 0171 26       		.uleb128 0x26
 5391 0172 A8       		.byte	0xa8
 5392 0173 2D       		.uleb128 0x2d
 5393 0174 A8       		.byte	0xa8
 5394 0175 00       		.uleb128 0
 5395 0176 9F       		.byte	0x9f
 5396 0177 00       		.byte	0
 5397              	.LVUS39:
 5398 0178 00       		.uleb128 .LVU276
 5399 0179 01       		.uleb128 .LVU316
 5400 017a 01       		.uleb128 .LVU316
 5401 017b 00       		.uleb128 .LVU324
 5402 017c 00       		.uleb128 .LVU324
 5403 017d 00       		.uleb128 .LVU334
 5404 017e 00       		.uleb128 .LVU334
 5405 017f 00       		.uleb128 .LVU342
 5406 0180 00       		.uleb128 .LVU342
 5407 0181 00       		.uleb128 0
 5408              	.LLST39:
 5409 0182 06       		.byte	0x6
 5410 0183 0C000000 		.4byte	.LVL38
 5411 0187 04       		.byte	0x4
 5412 0188 00       		.uleb128 .LVL38-.LVL38
 5413 0189 4C       		.uleb128 .LVL43-.LVL38
 5414 018a 01       		.uleb128 0x1
 5415 018b 53       		.byte	0x53
ARM GAS  /tmp/cckx8M46.s 			page 96


 5416 018c 04       		.byte	0x4
 5417 018d 4C       		.uleb128 .LVL43-.LVL38
 5418 018e 54       		.uleb128 .LVL44-.LVL38
 5419 018f 02       		.uleb128 0x2
 5420 0190 72       		.byte	0x72
 5421 0191 04       		.sleb128 4
 5422 0192 04       		.byte	0x4
 5423 0193 54       		.uleb128 .LVL44-.LVL38
 5424 0194 5F       		.uleb128 .LVL45-1-.LVL38
 5425 0195 01       		.uleb128 0x1
 5426 0196 51       		.byte	0x51
 5427 0197 04       		.byte	0x4
 5428 0198 60       		.uleb128 .LVL45-.LVL38
 5429 0199 64       		.uleb128 .LVL46-.LVL38
 5430 019a 01       		.uleb128 0x1
 5431 019b 53       		.byte	0x53
 5432 019c 04       		.byte	0x4
 5433 019d 64       		.uleb128 .LVL46-.LVL38
 5434 019e 9001     		.uleb128 .LFE215-.LVL38
 5435 01a0 02       		.uleb128 0x2
 5436 01a1 7C       		.byte	0x7c
 5437 01a2 0C       		.sleb128 12
 5438 01a3 00       		.byte	0
 5439              	.LVUS41:
 5440 01a4 01       		.uleb128 .LVU335
 5441 01a5 01       		.uleb128 .LVU367
 5442              	.LLST41:
 5443 01a6 08       		.byte	0x8
 5444 01a7 6C000000 		.4byte	.LVL45
 5445 01ab 2C       		.uleb128 .LVL49-.LVL45
 5446 01ac 01       		.uleb128 0x1
 5447 01ad 50       		.byte	0x50
 5448 01ae 00       		.byte	0
 5449              	.LVUS42:
 5450 01af 01       		.uleb128 .LVU344
 5451 01b0 01       		.uleb128 .LVU367
 5452              	.LLST42:
 5453 01b1 08       		.byte	0x8
 5454 01b2 74000000 		.4byte	.LVL47
 5455 01b6 24       		.uleb128 .LVL49-.LVL47
 5456 01b7 01       		.uleb128 0x1
 5457 01b8 50       		.byte	0x50
 5458 01b9 00       		.byte	0
 5459              	.LVUS43:
 5460 01ba 01       		.uleb128 .LVU344
 5461 01bb 00       		.uleb128 .LVU348
 5462 01bc 06       		.uleb128 .LVU354
 5463 01bd 01       		.uleb128 .LVU367
 5464              	.LLST43:
 5465 01be 06       		.byte	0x6
 5466 01bf 74000000 		.4byte	.LVL47
 5467 01c3 04       		.byte	0x4
 5468 01c4 00       		.uleb128 .LVL47-.LVL47
 5469 01c5 04       		.uleb128 .LVL48-.LVL47
 5470 01c6 01       		.uleb128 0x1
 5471 01c7 53       		.byte	0x53
 5472 01c8 04       		.byte	0x4
ARM GAS  /tmp/cckx8M46.s 			page 97


 5473 01c9 04       		.uleb128 .LVL48-.LVL47
 5474 01ca 24       		.uleb128 .LVL49-.LVL47
 5475 01cb 01       		.uleb128 0x1
 5476 01cc 53       		.byte	0x53
 5477 01cd 00       		.byte	0
 5478              	.LVUS44:
 5479 01ce 00       		.uleb128 .LVU348
 5480 01cf 01       		.uleb128 .LVU367
 5481              	.LLST44:
 5482 01d0 08       		.byte	0x8
 5483 01d1 78000000 		.4byte	.LVL48
 5484 01d5 20       		.uleb128 .LVL49-.LVL48
 5485 01d6 01       		.uleb128 0x1
 5486 01d7 53       		.byte	0x53
 5487 01d8 00       		.byte	0
 5488              	.LVUS47:
 5489 01d9 00       		.uleb128 .LVU293
 5490 01da 00       		.uleb128 .LVU296
 5491 01db 06       		.uleb128 .LVU302
 5492 01dc 01       		.uleb128 .LVU316
 5493              	.LLST47:
 5494 01dd 06       		.byte	0x6
 5495 01de 30000000 		.4byte	.LVL41
 5496 01e2 04       		.byte	0x4
 5497 01e3 00       		.uleb128 .LVL41-.LVL41
 5498 01e4 04       		.uleb128 .LVL42-.LVL41
 5499 01e5 01       		.uleb128 0x1
 5500 01e6 52       		.byte	0x52
 5501 01e7 04       		.byte	0x4
 5502 01e8 04       		.uleb128 .LVL42-.LVL41
 5503 01e9 28       		.uleb128 .LVL43-.LVL41
 5504 01ea 01       		.uleb128 0x1
 5505 01eb 52       		.byte	0x52
 5506 01ec 00       		.byte	0
 5507              	.LVUS48:
 5508 01ed 00       		.uleb128 .LVU296
 5509 01ee 01       		.uleb128 .LVU316
 5510              	.LLST48:
 5511 01ef 08       		.byte	0x8
 5512 01f0 34000000 		.4byte	.LVL42
 5513 01f4 24       		.uleb128 .LVL43-.LVL42
 5514 01f5 01       		.uleb128 0x1
 5515 01f6 52       		.byte	0x52
 5516 01f7 00       		.byte	0
 5517              	.LVUS23:
 5518 01f8 00       		.uleb128 0
 5519 01f9 00       		.uleb128 .LVU173
 5520 01fa 00       		.uleb128 .LVU173
 5521 01fb 00       		.uleb128 .LVU225
 5522 01fc 00       		.uleb128 .LVU225
 5523 01fd 00       		.uleb128 .LVU240
 5524 01fe 00       		.uleb128 .LVU240
 5525 01ff 00       		.uleb128 0
 5526              	.LLST23:
 5527 0200 06       		.byte	0x6
 5528 0201 00000000 		.4byte	.LVL22
 5529 0205 04       		.byte	0x4
ARM GAS  /tmp/cckx8M46.s 			page 98


 5530 0206 00       		.uleb128 .LVL22-.LVL22
 5531 0207 2C       		.uleb128 .LVL24-.LVL22
 5532 0208 01       		.uleb128 0x1
 5533 0209 50       		.byte	0x50
 5534 020a 04       		.byte	0x4
 5535 020b 2C       		.uleb128 .LVL24-.LVL22
 5536 020c 7C       		.uleb128 .LVL31-.LVL22
 5537 020d 01       		.uleb128 0x1
 5538 020e 55       		.byte	0x55
 5539 020f 04       		.byte	0x4
 5540 0210 7C       		.uleb128 .LVL31-.LVL22
 5541 0211 8401     		.uleb128 .LVL32-.LVL22
 5542 0213 01       		.uleb128 0x1
 5543 0214 50       		.byte	0x50
 5544 0215 04       		.byte	0x4
 5545 0216 8401     		.uleb128 .LVL32-.LVL22
 5546 0218 B001     		.uleb128 .LFE214-.LVL22
 5547 021a 01       		.uleb128 0x1
 5548 021b 55       		.byte	0x55
 5549 021c 00       		.byte	0
 5550              	.LVUS24:
 5551 021d 00       		.uleb128 0
 5552 021e 00       		.uleb128 .LVU174
 5553 021f 00       		.uleb128 .LVU174
 5554 0220 00       		.uleb128 .LVU225
 5555 0221 00       		.uleb128 .LVU225
 5556 0222 00       		.uleb128 .LVU248
 5557 0223 00       		.uleb128 .LVU248
 5558 0224 00       		.uleb128 0
 5559              	.LLST24:
 5560 0225 06       		.byte	0x6
 5561 0226 00000000 		.4byte	.LVL22
 5562 022a 04       		.byte	0x4
 5563 022b 00       		.uleb128 .LVL22-.LVL22
 5564 022c 33       		.uleb128 .LVL25-1-.LVL22
 5565 022d 01       		.uleb128 0x1
 5566 022e 51       		.byte	0x51
 5567 022f 04       		.byte	0x4
 5568 0230 33       		.uleb128 .LVL25-1-.LVL22
 5569 0231 7C       		.uleb128 .LVL31-.LVL22
 5570 0232 0A       		.uleb128 0xa
 5571 0233 A3       		.byte	0xa3
 5572 0234 03       		.uleb128 0x3
 5573 0235 A5       		.byte	0xa5
 5574 0236 01       		.uleb128 0x1
 5575 0237 26       		.uleb128 0x26
 5576 0238 A8       		.byte	0xa8
 5577 0239 2D       		.uleb128 0x2d
 5578 023a A8       		.byte	0xa8
 5579 023b 00       		.uleb128 0
 5580 023c 9F       		.byte	0x9f
 5581 023d 04       		.byte	0x4
 5582 023e 7C       		.uleb128 .LVL31-.LVL22
 5583 023f 9001     		.uleb128 .LVL34-.LVL22
 5584 0241 01       		.uleb128 0x1
 5585 0242 51       		.byte	0x51
 5586 0243 04       		.byte	0x4
ARM GAS  /tmp/cckx8M46.s 			page 99


 5587 0244 9001     		.uleb128 .LVL34-.LVL22
 5588 0246 B001     		.uleb128 .LFE214-.LVL22
 5589 0248 0A       		.uleb128 0xa
 5590 0249 A3       		.byte	0xa3
 5591 024a 03       		.uleb128 0x3
 5592 024b A5       		.byte	0xa5
 5593 024c 01       		.uleb128 0x1
 5594 024d 26       		.uleb128 0x26
 5595 024e A8       		.byte	0xa8
 5596 024f 2D       		.uleb128 0x2d
 5597 0250 A8       		.byte	0xa8
 5598 0251 00       		.uleb128 0
 5599 0252 9F       		.byte	0x9f
 5600 0253 00       		.byte	0
 5601              	.LVUS25:
 5602 0254 00       		.uleb128 .LVU167
 5603 0255 00       		.uleb128 0
 5604              	.LLST25:
 5605 0256 08       		.byte	0x8
 5606 0257 18000000 		.4byte	.LVL23
 5607 025b 9801     		.uleb128 .LFE214-.LVL23
 5608 025d 01       		.uleb128 0x1
 5609 025e 56       		.byte	0x56
 5610 025f 00       		.byte	0
 5611              	.LVUS26:
 5612 0260 01       		.uleb128 .LVU175
 5613 0261 01       		.uleb128 .LVU215
 5614              	.LLST26:
 5615 0262 08       		.byte	0x8
 5616 0263 34000000 		.4byte	.LVL25
 5617 0267 28       		.uleb128 .LVL29-.LVL25
 5618 0268 01       		.uleb128 0x1
 5619 0269 55       		.byte	0x55
 5620 026a 00       		.byte	0
 5621              	.LVUS27:
 5622 026b 00       		.uleb128 .LVU180
 5623 026c 00       		.uleb128 .LVU214
 5624              	.LLST27:
 5625 026d 08       		.byte	0x8
 5626 026e 3C000000 		.4byte	.LVL26
 5627 0272 1F       		.uleb128 .LVL29-1-.LVL26
 5628 0273 01       		.uleb128 0x1
 5629 0274 51       		.byte	0x51
 5630 0275 00       		.byte	0
 5631              	.LVUS28:
 5632 0276 02       		.uleb128 .LVU201
 5633 0277 00       		.uleb128 .LVU214
 5634              	.LLST28:
 5635 0278 08       		.byte	0x8
 5636 0279 54000000 		.4byte	.LVL28
 5637 027d 07       		.uleb128 .LVL29-1-.LVL28
 5638 027e 01       		.uleb128 0x1
 5639 027f 50       		.byte	0x50
 5640 0280 00       		.byte	0
 5641              	.LVUS30:
 5642 0281 03       		.uleb128 .LVU194
 5643 0282 02       		.uleb128 .LVU201
ARM GAS  /tmp/cckx8M46.s 			page 100


 5644              	.LLST30:
 5645 0283 08       		.byte	0x8
 5646 0284 44000000 		.4byte	.LVL27
 5647 0288 10       		.uleb128 .LVL28-.LVL27
 5648 0289 01       		.uleb128 0x1
 5649 028a 50       		.byte	0x50
 5650 028b 00       		.byte	0
 5651              	.LVUS31:
 5652 028c 03       		.uleb128 .LVU217
 5653 028d 06       		.uleb128 .LVU220
 5654              	.LLST31:
 5655 028e 08       		.byte	0x8
 5656 028f 5C000000 		.4byte	.LVL29
 5657 0293 00       		.uleb128 .LVL29-.LVL29
 5658 0294 03       		.uleb128 0x3
 5659 0295 91       		.byte	0x91
 5660 0296 50       		.sleb128 -48
 5661 0297 9F       		.byte	0x9f
 5662 0298 00       		.byte	0
 5663              	.LVUS32:
 5664 0299 01       		.uleb128 .LVU226
 5665 029a 01       		.uleb128 .LVU268
 5666              	.LLST32:
 5667 029b 08       		.byte	0x8
 5668 029c 7C000000 		.4byte	.LVL31
 5669 02a0 28       		.uleb128 .LVL36-.LVL31
 5670 02a1 01       		.uleb128 0x1
 5671 02a2 55       		.byte	0x55
 5672 02a3 00       		.byte	0
 5673              	.LVUS33:
 5674 02a4 04       		.uleb128 .LVU229
 5675 02a5 01       		.uleb128 .LVU268
 5676              	.LLST33:
 5677 02a6 08       		.byte	0x8
 5678 02a7 7C000000 		.4byte	.LVL31
 5679 02ab 28       		.uleb128 .LVL36-.LVL31
 5680 02ac 01       		.uleb128 0x1
 5681 02ad 56       		.byte	0x56
 5682 02ae 00       		.byte	0
 5683              	.LVUS34:
 5684 02af 02       		.uleb128 .LVU254
 5685 02b0 00       		.uleb128 .LVU267
 5686              	.LLST34:
 5687 02b1 08       		.byte	0x8
 5688 02b2 A0000000 		.4byte	.LVL35
 5689 02b6 03       		.uleb128 .LVL36-1-.LVL35
 5690 02b7 01       		.uleb128 0x1
 5691 02b8 50       		.byte	0x50
 5692 02b9 00       		.byte	0
 5693              	.LVUS36:
 5694 02ba 03       		.uleb128 .LVU245
 5695 02bb 02       		.uleb128 .LVU254
 5696              	.LLST36:
 5697 02bc 08       		.byte	0x8
 5698 02bd 88000000 		.4byte	.LVL33
 5699 02c1 18       		.uleb128 .LVL35-.LVL33
 5700 02c2 01       		.uleb128 0x1
ARM GAS  /tmp/cckx8M46.s 			page 101


 5701 02c3 50       		.byte	0x50
 5702 02c4 00       		.byte	0
 5703              	.LVUS11:
 5704 02c5 00       		.uleb128 .LVU78
 5705 02c6 01       		.uleb128 .LVU112
 5706              	.LLST11:
 5707 02c7 08       		.byte	0x8
 5708 02c8 04000000 		.4byte	.LVL11
 5709 02cc 30       		.uleb128 .LVL14-.LVL11
 5710 02cd 01       		.uleb128 0x1
 5711 02ce 50       		.byte	0x50
 5712 02cf 00       		.byte	0
 5713              	.LVUS14:
 5714 02d0 01       		.uleb128 .LVU89
 5715 02d1 01       		.uleb128 .LVU112
 5716              	.LLST14:
 5717 02d2 08       		.byte	0x8
 5718 02d3 10000000 		.4byte	.LVL12
 5719 02d7 24       		.uleb128 .LVL14-.LVL12
 5720 02d8 01       		.uleb128 0x1
 5721 02d9 50       		.byte	0x50
 5722 02da 00       		.byte	0
 5723              	.LVUS15:
 5724 02db 01       		.uleb128 .LVU89
 5725 02dc 00       		.uleb128 .LVU93
 5726 02dd 06       		.uleb128 .LVU99
 5727 02de 01       		.uleb128 .LVU112
 5728              	.LLST15:
 5729 02df 06       		.byte	0x6
 5730 02e0 10000000 		.4byte	.LVL12
 5731 02e4 04       		.byte	0x4
 5732 02e5 00       		.uleb128 .LVL12-.LVL12
 5733 02e6 04       		.uleb128 .LVL13-.LVL12
 5734 02e7 01       		.uleb128 0x1
 5735 02e8 53       		.byte	0x53
 5736 02e9 04       		.byte	0x4
 5737 02ea 04       		.uleb128 .LVL13-.LVL12
 5738 02eb 24       		.uleb128 .LVL14-.LVL12
 5739 02ec 01       		.uleb128 0x1
 5740 02ed 53       		.byte	0x53
 5741 02ee 00       		.byte	0
 5742              	.LVUS17:
 5743 02ef 00       		.uleb128 .LVU93
 5744 02f0 01       		.uleb128 .LVU112
 5745              	.LLST17:
 5746 02f1 08       		.byte	0x8
 5747 02f2 14000000 		.4byte	.LVL13
 5748 02f6 20       		.uleb128 .LVL14-.LVL13
 5749 02f7 01       		.uleb128 0x1
 5750 02f8 53       		.byte	0x53
 5751 02f9 00       		.byte	0
 5752              	.LVUS0:
 5753 02fa 00       		.uleb128 0
 5754 02fb 00       		.uleb128 .LVU28
 5755 02fc 00       		.uleb128 .LVU28
 5756 02fd 00       		.uleb128 .LVU66
 5757 02fe 00       		.uleb128 .LVU66
ARM GAS  /tmp/cckx8M46.s 			page 102


 5758 02ff 00       		.uleb128 0
 5759              	.LLST0:
 5760 0300 06       		.byte	0x6
 5761 0301 00000000 		.4byte	.LVL0
 5762 0305 04       		.byte	0x4
 5763 0306 00       		.uleb128 .LVL0-.LVL0
 5764 0307 74       		.uleb128 .LVL4-.LVL0
 5765 0308 01       		.uleb128 0x1
 5766 0309 50       		.byte	0x50
 5767 030a 04       		.byte	0x4
 5768 030b 74       		.uleb128 .LVL4-.LVL0
 5769 030c A401     		.uleb128 .LVL9-.LVL0
 5770 030e 0A       		.uleb128 0xa
 5771 030f A3       		.byte	0xa3
 5772 0310 03       		.uleb128 0x3
 5773 0311 A5       		.byte	0xa5
 5774 0312 00       		.uleb128 0
 5775 0313 26       		.uleb128 0x26
 5776 0314 A8       		.byte	0xa8
 5777 0315 2D       		.uleb128 0x2d
 5778 0316 A8       		.byte	0xa8
 5779 0317 00       		.uleb128 0
 5780 0318 9F       		.byte	0x9f
 5781 0319 04       		.byte	0x4
 5782 031a A401     		.uleb128 .LVL9-.LVL0
 5783 031c B401     		.uleb128 .LFE211-.LVL0
 5784 031e 01       		.uleb128 0x1
 5785 031f 50       		.byte	0x50
 5786 0320 00       		.byte	0
 5787              	.LVUS1:
 5788 0321 02       		.uleb128 .LVU2
 5789 0322 00       		.uleb128 0
 5790              	.LLST1:
 5791 0323 08       		.byte	0x8
 5792 0324 00000000 		.4byte	.LVL0
 5793 0328 B401     		.uleb128 .LFE211-.LVL0
 5794 032a 01       		.uleb128 0x1
 5795 032b 51       		.byte	0x51
 5796 032c 00       		.byte	0
 5797              	.LVUS2:
 5798 032d 00       		.uleb128 .LVU7
 5799 032e 00       		.uleb128 .LVU11
 5800              	.LLST2:
 5801 032f 08       		.byte	0x8
 5802 0330 48000000 		.4byte	.LVL1
 5803 0334 0C       		.uleb128 .LVL2-.LVL1
 5804 0335 01       		.uleb128 0x1
 5805 0336 52       		.byte	0x52
 5806 0337 00       		.byte	0
 5807              	.LVUS3:
 5808 0338 02       		.uleb128 .LVU13
 5809 0339 01       		.uleb128 .LVU21
 5810              	.LLST3:
 5811 033a 08       		.byte	0x8
 5812 033b 54000000 		.4byte	.LVL2
 5813 033f 10       		.uleb128 .LVL3-.LVL2
 5814 0340 01       		.uleb128 0x1
ARM GAS  /tmp/cckx8M46.s 			page 103


 5815 0341 51       		.byte	0x51
 5816 0342 00       		.byte	0
 5817              	.LVUS5:
 5818 0343 01       		.uleb128 .LVU31
 5819 0344 01       		.uleb128 .LVU62
 5820              	.LLST5:
 5821 0345 08       		.byte	0x8
 5822 0346 78000000 		.4byte	.LVL5
 5823 034a 28       		.uleb128 .LVL8-.LVL5
 5824 034b 01       		.uleb128 0x1
 5825 034c 51       		.byte	0x51
 5826 034d 00       		.byte	0
 5827              	.LVUS7:
 5828 034e 01       		.uleb128 .LVU39
 5829 034f 01       		.uleb128 .LVU62
 5830              	.LLST7:
 5831 0350 08       		.byte	0x8
 5832 0351 7C000000 		.4byte	.LVL6
 5833 0355 24       		.uleb128 .LVL8-.LVL6
 5834 0356 01       		.uleb128 0x1
 5835 0357 51       		.byte	0x51
 5836 0358 00       		.byte	0
 5837              	.LVUS8:
 5838 0359 01       		.uleb128 .LVU39
 5839 035a 00       		.uleb128 .LVU43
 5840 035b 06       		.uleb128 .LVU49
 5841 035c 01       		.uleb128 .LVU62
 5842              	.LLST8:
 5843 035d 06       		.byte	0x6
 5844 035e 7C000000 		.4byte	.LVL6
 5845 0362 04       		.byte	0x4
 5846 0363 00       		.uleb128 .LVL6-.LVL6
 5847 0364 04       		.uleb128 .LVL7-.LVL6
 5848 0365 01       		.uleb128 0x1
 5849 0366 53       		.byte	0x53
 5850 0367 04       		.byte	0x4
 5851 0368 04       		.uleb128 .LVL7-.LVL6
 5852 0369 24       		.uleb128 .LVL8-.LVL6
 5853 036a 01       		.uleb128 0x1
 5854 036b 53       		.byte	0x53
 5855 036c 00       		.byte	0
 5856              	.LVUS10:
 5857 036d 00       		.uleb128 .LVU43
 5858 036e 01       		.uleb128 .LVU62
 5859              	.LLST10:
 5860 036f 08       		.byte	0x8
 5861 0370 80000000 		.4byte	.LVL7
 5862 0374 20       		.uleb128 .LVL8-.LVL7
 5863 0375 01       		.uleb128 0x1
 5864 0376 53       		.byte	0x53
 5865 0377 00       		.byte	0
 5866              	.LVUS18:
 5867 0378 00       		.uleb128 0
 5868 0379 00       		.uleb128 .LVU138
 5869 037a 00       		.uleb128 .LVU138
 5870 037b 00       		.uleb128 .LVU139
 5871 037c 00       		.uleb128 .LVU139
ARM GAS  /tmp/cckx8M46.s 			page 104


 5872 037d 00       		.uleb128 0
 5873              	.LLST18:
 5874 037e 06       		.byte	0x6
 5875 037f 00000000 		.4byte	.LVL15
 5876 0383 04       		.byte	0x4
 5877 0384 00       		.uleb128 .LVL15-.LVL15
 5878 0385 24       		.uleb128 .LVL18-.LVL15
 5879 0386 01       		.uleb128 0x1
 5880 0387 50       		.byte	0x50
 5881 0388 04       		.byte	0x4
 5882 0389 24       		.uleb128 .LVL18-.LVL15
 5883 038a 28       		.uleb128 .LVL19-.LVL15
 5884 038b 02       		.uleb128 0x2
 5885 038c 71       		.byte	0x71
 5886 038d 1C       		.sleb128 28
 5887 038e 04       		.byte	0x4
 5888 038f 28       		.uleb128 .LVL19-.LVL15
 5889 0390 3C       		.uleb128 .LFE213-.LVL15
 5890 0391 0A       		.uleb128 0xa
 5891 0392 A3       		.byte	0xa3
 5892 0393 03       		.uleb128 0x3
 5893 0394 A5       		.byte	0xa5
 5894 0395 00       		.uleb128 0
 5895 0396 26       		.uleb128 0x26
 5896 0397 A8       		.byte	0xa8
 5897 0398 34       		.uleb128 0x34
 5898 0399 A8       		.byte	0xa8
 5899 039a 00       		.uleb128 0
 5900 039b 9F       		.byte	0x9f
 5901 039c 00       		.byte	0
 5902              	.LVUS19:
 5903 039d 00       		.uleb128 .LVU121
 5904 039e 00       		.uleb128 .LVU158
 5905              	.LLST19:
 5906 039f 08       		.byte	0x8
 5907 03a0 14000000 		.4byte	.LVL16
 5908 03a4 27       		.uleb128 .LVL21-1-.LVL16
 5909 03a5 01       		.uleb128 0x1
 5910 03a6 51       		.byte	0x51
 5911 03a7 00       		.byte	0
 5912              	.LVUS20:
 5913 03a8 02       		.uleb128 .LVU145
 5914 03a9 00       		.uleb128 .LVU158
 5915              	.LLST20:
 5916 03aa 08       		.byte	0x8
 5917 03ab 34000000 		.4byte	.LVL20
 5918 03af 07       		.uleb128 .LVL21-1-.LVL20
 5919 03b0 01       		.uleb128 0x1
 5920 03b1 52       		.byte	0x52
 5921 03b2 00       		.byte	0
 5922              	.LVUS22:
 5923 03b3 03       		.uleb128 .LVU135
 5924 03b4 02       		.uleb128 .LVU145
 5925              	.LLST22:
 5926 03b5 08       		.byte	0x8
 5927 03b6 1C000000 		.4byte	.LVL17
 5928 03ba 18       		.uleb128 .LVL20-.LVL17
ARM GAS  /tmp/cckx8M46.s 			page 105


 5929 03bb 01       		.uleb128 0x1
 5930 03bc 52       		.byte	0x52
 5931 03bd 00       		.byte	0
 5932              	.Ldebug_loc3:
 5933              		.section	.debug_aranges,"",%progbits
 5934 0000 6C000000 		.4byte	0x6c
 5935 0004 0200     		.2byte	0x2
 5936 0006 00000000 		.4byte	.Ldebug_info0
 5937 000a 04       		.byte	0x4
 5938 000b 00       		.byte	0
 5939 000c 0000     		.2byte	0
 5940 000e 0000     		.2byte	0
 5941 0010 00000000 		.4byte	.LFB211
 5942 0014 B4000000 		.4byte	.LFE211-.LFB211
 5943 0018 00000000 		.4byte	.LFB212
 5944 001c 38000000 		.4byte	.LFE212-.LFB212
 5945 0020 00000000 		.4byte	.LFB213
 5946 0024 3C000000 		.4byte	.LFE213-.LFB213
 5947 0028 00000000 		.4byte	.LFB214
 5948 002c B0000000 		.4byte	.LFE214-.LFB214
 5949 0030 00000000 		.4byte	.LFB215
 5950 0034 9C000000 		.4byte	.LFE215-.LFB215
 5951 0038 00000000 		.4byte	.LFB217
 5952 003c 28000000 		.4byte	.LFE217-.LFB217
 5953 0040 00000000 		.4byte	.LFB218
 5954 0044 68000000 		.4byte	.LFE218-.LFB218
 5955 0048 00000000 		.4byte	.LFB216
 5956 004c 24000000 		.4byte	.LFE216-.LFB216
 5957 0050 00000000 		.4byte	.LFB224
 5958 0054 24000000 		.4byte	.LFE224-.LFB224
 5959 0058 00000000 		.4byte	.LFB220
 5960 005c 6C000000 		.4byte	.LFE220-.LFB220
 5961 0060 00000000 		.4byte	.LFB221
 5962 0064 64000000 		.4byte	.LFE221-.LFB221
 5963 0068 00000000 		.4byte	0
 5964 006c 00000000 		.4byte	0
 5965              		.section	.debug_rnglists,"",%progbits
 5966              	.Ldebug_ranges0:
 5967 0000 63010000 		.4byte	.Ldebug_ranges3-.Ldebug_ranges2
 5968              	.Ldebug_ranges2:
 5969 0004 0500     		.2byte	0x5
 5970 0006 04       		.byte	0x4
 5971 0007 00       		.byte	0
 5972 0008 00000000 		.4byte	0
 5973              	.LLRL4:
 5974 000c 05       		.byte	0x5
 5975 000d 68000000 		.4byte	.LBB56
 5976 0011 04       		.byte	0x4
 5977 0012 00       		.uleb128 .LBB56-.LBB56
 5978 0013 0C       		.uleb128 .LBE56-.LBB56
 5979 0014 04       		.byte	0x4
 5980 0015 10       		.uleb128 .LBB64-.LBB56
 5981 0016 38       		.uleb128 .LBE64-.LBB56
 5982 0017 00       		.byte	0
 5983              	.LLRL6:
 5984 0018 05       		.byte	0x5
 5985 0019 70000000 		.4byte	.LBB58
ARM GAS  /tmp/cckx8M46.s 			page 106


 5986 001d 04       		.byte	0x4
 5987 001e 00       		.uleb128 .LBB58-.LBB58
 5988 001f 04       		.uleb128 .LBE58-.LBB58
 5989 0020 04       		.byte	0x4
 5990 0021 0C       		.uleb128 .LBB62-.LBB58
 5991 0022 30       		.uleb128 .LBE62-.LBB58
 5992 0023 00       		.byte	0
 5993              	.LLRL9:
 5994 0024 05       		.byte	0x5
 5995 0025 70000000 		.4byte	.LBB59
 5996 0029 04       		.byte	0x4
 5997 002a 00       		.uleb128 .LBB59-.LBB59
 5998 002b 04       		.uleb128 .LBE59-.LBB59
 5999 002c 04       		.byte	0x4
 6000 002d 0C       		.uleb128 .LBB61-.LBB59
 6001 002e 30       		.uleb128 .LBE61-.LBB59
 6002 002f 00       		.byte	0
 6003              	.LLRL12:
 6004 0030 05       		.byte	0x5
 6005 0031 00000000 		.4byte	.LBB71
 6006 0035 04       		.byte	0x4
 6007 0036 00       		.uleb128 .LBB71-.LBB71
 6008 0037 04       		.uleb128 .LBE71-.LBB71
 6009 0038 04       		.byte	0x4
 6010 0039 04       		.uleb128 .LBB77-.LBB71
 6011 003a 34       		.uleb128 .LBE77-.LBB71
 6012 003b 00       		.byte	0
 6013              	.LLRL13:
 6014 003c 05       		.byte	0x5
 6015 003d 08000000 		.4byte	.LBB72
 6016 0041 04       		.byte	0x4
 6017 0042 00       		.uleb128 .LBB72-.LBB72
 6018 0043 04       		.uleb128 .LBE72-.LBB72
 6019 0044 04       		.byte	0x4
 6020 0045 08       		.uleb128 .LBB76-.LBB72
 6021 0046 2C       		.uleb128 .LBE76-.LBB72
 6022 0047 00       		.byte	0
 6023              	.LLRL16:
 6024 0048 05       		.byte	0x5
 6025 0049 08000000 		.4byte	.LBB73
 6026 004d 04       		.byte	0x4
 6027 004e 00       		.uleb128 .LBB73-.LBB73
 6028 004f 04       		.uleb128 .LBE73-.LBB73
 6029 0050 04       		.byte	0x4
 6030 0051 08       		.uleb128 .LBB75-.LBB73
 6031 0052 2C       		.uleb128 .LBE75-.LBB73
 6032 0053 00       		.byte	0
 6033              	.LLRL21:
 6034 0054 05       		.byte	0x5
 6035 0055 14000000 		.4byte	.LBB80
 6036 0059 04       		.byte	0x4
 6037 005a 00       		.uleb128 .LBB80-.LBB80
 6038 005b 04       		.uleb128 .LBE80-.LBB80
 6039 005c 04       		.byte	0x4
 6040 005d 08       		.uleb128 .LBB85-.LBB80
 6041 005e 0C       		.uleb128 .LBE85-.LBB80
 6042 005f 04       		.byte	0x4
ARM GAS  /tmp/cckx8M46.s 			page 107


 6043 0060 10       		.uleb128 .LBB86-.LBB80
 6044 0061 14       		.uleb128 .LBE86-.LBB80
 6045 0062 04       		.byte	0x4
 6046 0063 1C       		.uleb128 .LBB87-.LBB80
 6047 0064 20       		.uleb128 .LBE87-.LBB80
 6048 0065 00       		.byte	0
 6049              	.LLRL29:
 6050 0066 05       		.byte	0x5
 6051 0067 3C000000 		.4byte	.LBB102
 6052 006b 04       		.byte	0x4
 6053 006c 00       		.uleb128 .LBB102-.LBB102
 6054 006d 04       		.uleb128 .LBE102-.LBB102
 6055 006e 04       		.byte	0x4
 6056 006f 08       		.uleb128 .LBB106-.LBB102
 6057 0070 10       		.uleb128 .LBE106-.LBB102
 6058 0071 04       		.byte	0x4
 6059 0072 14       		.uleb128 .LBB107-.LBB102
 6060 0073 18       		.uleb128 .LBE107-.LBB102
 6061 0074 00       		.byte	0
 6062              	.LLRL35:
 6063 0075 05       		.byte	0x5
 6064 0076 80000000 		.4byte	.LBB112
 6065 007a 04       		.byte	0x4
 6066 007b 00       		.uleb128 .LBB112-.LBB112
 6067 007c 04       		.uleb128 .LBE112-.LBB112
 6068 007d 04       		.byte	0x4
 6069 007e 08       		.uleb128 .LBB117-.LBB112
 6070 007f 0C       		.uleb128 .LBE117-.LBB112
 6071 0080 04       		.byte	0x4
 6072 0081 10       		.uleb128 .LBB118-.LBB112
 6073 0082 14       		.uleb128 .LBE118-.LBB112
 6074 0083 04       		.byte	0x4
 6075 0084 1C       		.uleb128 .LBB119-.LBB112
 6076 0085 20       		.uleb128 .LBE119-.LBB112
 6077 0086 00       		.byte	0
 6078              	.LLRL40:
 6079 0087 05       		.byte	0x5
 6080 0088 18000000 		.4byte	.LBB130
 6081 008c 04       		.byte	0x4
 6082 008d 00       		.uleb128 .LBB130-.LBB130
 6083 008e 04       		.uleb128 .LBE130-.LBB130
 6084 008f 04       		.byte	0x4
 6085 0090 54       		.uleb128 .LBB147-.LBB130
 6086 0091 8001     		.uleb128 .LBE147-.LBB130
 6087 0093 00       		.byte	0
 6088              	.LLRL45:
 6089 0094 07       		.byte	0x7
 6090 0095 24000000 		.4byte	.LBB136
 6091 0099 08       		.uleb128 .LBE136-.LBB136
 6092              	.LLRL46:
 6093 009a 05       		.byte	0x5
 6094 009b 30000000 		.4byte	.LBB145
 6095 009f 04       		.byte	0x4
 6096 00a0 00       		.uleb128 .LBB145-.LBB145
 6097 00a1 10       		.uleb128 .LBE145-.LBB145
 6098 00a2 04       		.byte	0x4
 6099 00a3 14       		.uleb128 .LBB146-.LBB145
ARM GAS  /tmp/cckx8M46.s 			page 108


 6100 00a4 28       		.uleb128 .LBE146-.LBB145
 6101 00a5 00       		.byte	0
 6102              	.LLRL51:
 6103 00a6 05       		.byte	0x5
 6104 00a7 0C000000 		.4byte	.LBB155
 6105 00ab 04       		.byte	0x4
 6106 00ac 00       		.uleb128 .LBB155-.LBB155
 6107 00ad 04       		.uleb128 .LBE155-.LBB155
 6108 00ae 04       		.byte	0x4
 6109 00af 24       		.uleb128 .LBB172-.LBB155
 6110 00b0 44       		.uleb128 .LBE172-.LBB155
 6111 00b1 04       		.byte	0x4
 6112 00b2 48       		.uleb128 .LBB173-.LBB155
 6113 00b3 58       		.uleb128 .LBE173-.LBB155
 6114 00b4 00       		.byte	0
 6115              	.LLRL53:
 6116 00b5 05       		.byte	0x5
 6117 00b6 30000000 		.4byte	.LBB157
 6118 00ba 04       		.byte	0x4
 6119 00bb 00       		.uleb128 .LBB157-.LBB157
 6120 00bc 04       		.uleb128 .LBE157-.LBB157
 6121 00bd 04       		.byte	0x4
 6122 00be 0C       		.uleb128 .LBB162-.LBB157
 6123 00bf 20       		.uleb128 .LBE162-.LBB157
 6124 00c0 04       		.byte	0x4
 6125 00c1 24       		.uleb128 .LBB163-.LBB157
 6126 00c2 34       		.uleb128 .LBE163-.LBB157
 6127 00c3 00       		.byte	0
 6128              	.LLRL56:
 6129 00c4 05       		.byte	0x5
 6130 00c5 30000000 		.4byte	.LBB158
 6131 00c9 04       		.byte	0x4
 6132 00ca 00       		.uleb128 .LBB158-.LBB158
 6133 00cb 04       		.uleb128 .LBE158-.LBB158
 6134 00cc 04       		.byte	0x4
 6135 00cd 0C       		.uleb128 .LBB160-.LBB158
 6136 00ce 20       		.uleb128 .LBE160-.LBB158
 6137 00cf 04       		.byte	0x4
 6138 00d0 24       		.uleb128 .LBB161-.LBB158
 6139 00d1 34       		.uleb128 .LBE161-.LBB158
 6140 00d2 00       		.byte	0
 6141              	.LLRL58:
 6142 00d3 05       		.byte	0x5
 6143 00d4 14000000 		.4byte	.LBB166
 6144 00d8 04       		.byte	0x4
 6145 00d9 00       		.uleb128 .LBB166-.LBB166
 6146 00da 04       		.uleb128 .LBE166-.LBB166
 6147 00db 04       		.byte	0x4
 6148 00dc 08       		.uleb128 .LBB170-.LBB166
 6149 00dd 10       		.uleb128 .LBE170-.LBB166
 6150 00de 04       		.byte	0x4
 6151 00df 14       		.uleb128 .LBB171-.LBB166
 6152 00e0 18       		.uleb128 .LBE171-.LBB166
 6153 00e1 00       		.byte	0
 6154              	.LLRL64:
 6155 00e2 05       		.byte	0x5
 6156 00e3 34000000 		.4byte	.LBB187
ARM GAS  /tmp/cckx8M46.s 			page 109


 6157 00e7 04       		.byte	0x4
 6158 00e8 00       		.uleb128 .LBB187-.LBB187
 6159 00e9 04       		.uleb128 .LBE187-.LBB187
 6160 00ea 04       		.byte	0x4
 6161 00eb 08       		.uleb128 .LBB193-.LBB187
 6162 00ec 34       		.uleb128 .LBE193-.LBB187
 6163 00ed 00       		.byte	0
 6164              	.LLRL71:
 6165 00ee 05       		.byte	0x5
 6166 00ef 0C000000 		.4byte	.LBB201
 6167 00f3 04       		.byte	0x4
 6168 00f4 00       		.uleb128 .LBB201-.LBB201
 6169 00f5 04       		.uleb128 .LBE201-.LBB201
 6170 00f6 04       		.byte	0x4
 6171 00f7 24       		.uleb128 .LBB215-.LBB201
 6172 00f8 54       		.uleb128 .LBE215-.LBB201
 6173 00f9 00       		.byte	0
 6174              	.LLRL73:
 6175 00fa 05       		.byte	0x5
 6176 00fb 30000000 		.4byte	.LBB203
 6177 00ff 04       		.byte	0x4
 6178 0100 00       		.uleb128 .LBB203-.LBB203
 6179 0101 04       		.uleb128 .LBE203-.LBB203
 6180 0102 04       		.byte	0x4
 6181 0103 0C       		.uleb128 .LBB207-.LBB203
 6182 0104 30       		.uleb128 .LBE207-.LBB203
 6183 0105 00       		.byte	0
 6184              	.LLRL76:
 6185 0106 05       		.byte	0x5
 6186 0107 30000000 		.4byte	.LBB204
 6187 010b 04       		.byte	0x4
 6188 010c 00       		.uleb128 .LBB204-.LBB204
 6189 010d 04       		.uleb128 .LBE204-.LBB204
 6190 010e 04       		.byte	0x4
 6191 010f 0C       		.uleb128 .LBB206-.LBB204
 6192 0110 30       		.uleb128 .LBE206-.LBB204
 6193 0111 00       		.byte	0
 6194              	.LLRL78:
 6195 0112 05       		.byte	0x5
 6196 0113 14000000 		.4byte	.LBB209
 6197 0117 04       		.byte	0x4
 6198 0118 00       		.uleb128 .LBB209-.LBB209
 6199 0119 04       		.uleb128 .LBE209-.LBB209
 6200 011a 04       		.byte	0x4
 6201 011b 08       		.uleb128 .LBB213-.LBB209
 6202 011c 10       		.uleb128 .LBE213-.LBB209
 6203 011d 04       		.byte	0x4
 6204 011e 14       		.uleb128 .LBB214-.LBB209
 6205 011f 18       		.uleb128 .LBE214-.LBB209
 6206 0120 00       		.byte	0
 6207              	.LLRL80:
 6208 0121 07       		.byte	0x7
 6209 0122 00000000 		.4byte	.LFB211
 6210 0126 B401     		.uleb128 .LFE211-.LFB211
 6211 0128 07       		.byte	0x7
 6212 0129 00000000 		.4byte	.LFB212
 6213 012d 38       		.uleb128 .LFE212-.LFB212
ARM GAS  /tmp/cckx8M46.s 			page 110


 6214 012e 07       		.byte	0x7
 6215 012f 00000000 		.4byte	.LFB213
 6216 0133 3C       		.uleb128 .LFE213-.LFB213
 6217 0134 07       		.byte	0x7
 6218 0135 00000000 		.4byte	.LFB214
 6219 0139 B001     		.uleb128 .LFE214-.LFB214
 6220 013b 07       		.byte	0x7
 6221 013c 00000000 		.4byte	.LFB215
 6222 0140 9C01     		.uleb128 .LFE215-.LFB215
 6223 0142 07       		.byte	0x7
 6224 0143 00000000 		.4byte	.LFB217
 6225 0147 28       		.uleb128 .LFE217-.LFB217
 6226 0148 07       		.byte	0x7
 6227 0149 00000000 		.4byte	.LFB218
 6228 014d 68       		.uleb128 .LFE218-.LFB218
 6229 014e 07       		.byte	0x7
 6230 014f 00000000 		.4byte	.LFB216
 6231 0153 24       		.uleb128 .LFE216-.LFB216
 6232 0154 07       		.byte	0x7
 6233 0155 00000000 		.4byte	.LFB224
 6234 0159 24       		.uleb128 .LFE224-.LFB224
 6235 015a 07       		.byte	0x7
 6236 015b 00000000 		.4byte	.LFB220
 6237 015f 6C       		.uleb128 .LFE220-.LFB220
 6238 0160 07       		.byte	0x7
 6239 0161 00000000 		.4byte	.LFB221
 6240 0165 64       		.uleb128 .LFE221-.LFB221
 6241 0166 00       		.byte	0
 6242              	.Ldebug_ranges3:
 6243              		.section	.debug_line,"",%progbits
 6244              	.Ldebug_line0:
 6245 0000 8B0B0000 		.section	.debug_str,"MS",%progbits,1
 6245      03005902 
 6245      00000201 
 6245      FB0E0D00 
 6245      01010101 
 6246              	.LASF113:
 6247 0000 63737461 		.ascii	"cstack_base\000"
 6247      636B5F62 
 6247      61736500 
 6248              	.LASF105:
 6249 000c 77746D74 		.ascii	"wtmtxp\000"
 6249      787000
 6250              	.LASF39:
 6251 0013 64697370 		.ascii	"dispose\000"
 6251      6F736500 
 6252              	.LASF20:
 6253 001b 706F7274 		.ascii	"port_stkline_t\000"
 6253      5F73746B 
 6253      6C696E65 
 6253      5F7400
 6254              	.LASF93:
 6255 002a 63685F72 		.ascii	"ch_registry\000"
 6255      65676973 
 6255      74727900 
 6256              	.LASF35:
 6257 0036 666C6167 		.ascii	"flags\000"
ARM GAS  /tmp/cckx8M46.s 			page 111


 6257      7300
 6258              	.LASF66:
 6259 003c 73797374 		.ascii	"systime_t\000"
 6259      696D655F 
 6259      7400
 6260              	.LASF46:
 6261 0046 7265616C 		.ascii	"realprio\000"
 6261      7072696F 
 6261      00
 6262              	.LASF127:
 6263 004f 63685363 		.ascii	"chSchSelectFirst\000"
 6263      6853656C 
 6263      65637446 
 6263      69727374 
 6263      00
 6264              	.LASF44:
 6265 0060 6570656E 		.ascii	"epending\000"
 6265      64696E67 
 6265      00
 6266              	.LASF1:
 6267 0069 756E7369 		.ascii	"unsigned int\000"
 6267      676E6564 
 6267      20696E74 
 6267      00
 6268              	.LASF73:
 6269 0076 6E657874 		.ascii	"next\000"
 6269      00
 6270              	.LASF87:
 6271 007b 72656C6F 		.ascii	"reload\000"
 6271      616400
 6272              	.LASF53:
 6273 0082 636F7265 		.ascii	"core_id\000"
 6273      5F696400 
 6274              	.LASF91:
 6275 008a 6C617374 		.ascii	"laststamp\000"
 6275      7374616D 
 6275      7000
 6276              	.LASF9:
 6277 0094 5F5F696E 		.ascii	"__int32_t\000"
 6277      7433325F 
 6277      7400
 6278              	.LASF36:
 6279 009e 72656673 		.ascii	"refs\000"
 6279      00
 6280              	.LASF102:
 6281 00a3 77746F62 		.ascii	"wtobjp\000"
 6281      6A7000
 6282              	.LASF51:
 6283 00aa 76746C69 		.ascii	"vtlist\000"
 6283      737400
 6284              	.LASF70:
 6285 00b1 706F7274 		.ascii	"port_context\000"
 6285      5F636F6E 
 6285      74657874 
 6285      00
 6286              	.LASF150:
 6287 00be 706F7274 		.ascii	"port_lock_from_isr\000"
ARM GAS  /tmp/cckx8M46.s 			page 112


 6287      5F6C6F63 
 6287      6B5F6672 
 6287      6F6D5F69 
 6287      737200
 6288              	.LASF109:
 6289 00d1 63685F72 		.ascii	"ch_ready_list\000"
 6289      65616479 
 6289      5F6C6973 
 6289      7400
 6290              	.LASF146:
 6291 00df 63685F70 		.ascii	"ch_pqueue_remove_highest\000"
 6291      71756575 
 6291      655F7265 
 6291      6D6F7665 
 6291      5F686967 
 6292              	.LASF86:
 6293 00f8 66756E63 		.ascii	"func\000"
 6293      00
 6294              	.LASF106:
 6295 00fd 65776D61 		.ascii	"ewmask\000"
 6295      736B00
 6296              	.LASF76:
 6297 0104 70726576 		.ascii	"prev\000"
 6297      00
 6298              	.LASF143:
 6299 0109 63685379 		.ascii	"chSysLockFromISR\000"
 6299      734C6F63 
 6299      6B46726F 
 6299      6D495352 
 6299      00
 6300              	.LASF72:
 6301 011a 63685F6C 		.ascii	"ch_list\000"
 6301      69737400 
 6302              	.LASF88:
 6303 0122 76746675 		.ascii	"vtfunc_t\000"
 6303      6E635F74 
 6303      00
 6304              	.LASF136:
 6305 012b 63685363 		.ascii	"chSchReadyI\000"
 6305      68526561 
 6305      64794900 
 6306              	.LASF62:
 6307 0137 63685F73 		.ascii	"ch_system_debug\000"
 6307      79737465 
 6307      6D5F6465 
 6307      62756700 
 6308              	.LASF98:
 6309 0147 6C697374 		.ascii	"list\000"
 6309      00
 6310              	.LASF81:
 6311 014c 63685F64 		.ascii	"ch_delta_list\000"
 6311      656C7461 
 6311      5F6C6973 
 6311      7400
 6312              	.LASF17:
 6313 015a 75696E74 		.ascii	"uint32_t\000"
 6313      33325F74 
ARM GAS  /tmp/cckx8M46.s 			page 113


 6313      00
 6314              	.LASF126:
 6315 0163 63685363 		.ascii	"chSchDoPreemption\000"
 6315      68446F50 
 6315      7265656D 
 6315      7074696F 
 6315      6E00
 6316              	.LASF43:
 6317 0175 73656E74 		.ascii	"sentmsg\000"
 6317      6D736700 
 6318              	.LASF139:
 6319 017d 5F5F7363 		.ascii	"__sch_reschedule_behind\000"
 6319      685F7265 
 6319      73636865 
 6319      64756C65 
 6319      5F626568 
 6320              	.LASF27:
 6321 0195 6576656E 		.ascii	"eventmask_t\000"
 6321      746D6173 
 6321      6B5F7400 
 6322              	.LASF107:
 6323 01a1 63685F73 		.ascii	"ch_semaphore\000"
 6323      656D6170 
 6323      686F7265 
 6323      00
 6324              	.LASF25:
 6325 01ae 74707269 		.ascii	"tprio_t\000"
 6325      6F5F7400 
 6326              	.LASF84:
 6327 01b6 63685F76 		.ascii	"ch_virtual_timer\000"
 6327      69727475 
 6327      616C5F74 
 6327      696D6572 
 6327      00
 6328              	.LASF117:
 6329 01c7 6F735F69 		.ascii	"os_instance_config_t\000"
 6329      6E737461 
 6329      6E63655F 
 6329      636F6E66 
 6329      69675F74 
 6330              	.LASF69:
 6331 01dc 66707363 		.ascii	"fpscr\000"
 6331      7200
 6332              	.LASF0:
 6333 01e2 6C6F6E67 		.ascii	"long long unsigned int\000"
 6333      206C6F6E 
 6333      6720756E 
 6333      7369676E 
 6333      65642069 
 6334              	.LASF147:
 6335 01f9 63685F71 		.ascii	"ch_queue_dequeue\000"
 6335      75657565 
 6335      5F646571 
 6335      75657565 
 6335      00
 6336              	.LASF128:
 6337 020a 63685363 		.ascii	"chSchIsPreemptionRequired\000"
ARM GAS  /tmp/cckx8M46.s 			page 114


 6337      68497350 
 6337      7265656D 
 6337      7074696F 
 6337      6E526571 
 6338              	.LASF99:
 6339 0224 70717565 		.ascii	"pqueue\000"
 6339      756500
 6340              	.LASF28:
 6341 022b 636E745F 		.ascii	"cnt_t\000"
 6341      7400
 6342              	.LASF141:
 6343 0231 63685654 		.ascii	"chVTIsArmedI\000"
 6343      49734172 
 6343      6D656449 
 6343      00
 6344              	.LASF21:
 6345 023e 73746B6C 		.ascii	"stkline_t\000"
 6345      696E655F 
 6345      7400
 6346              	.LASF31:
 6347 0248 6F776E65 		.ascii	"owner\000"
 6347      7200
 6348              	.LASF118:
 6349 024e 73656D61 		.ascii	"semaphore_t\000"
 6349      70686F72 
 6349      655F7400 
 6350              	.LASF45:
 6351 025a 6D74786C 		.ascii	"mtxlist\000"
 6351      69737400 
 6352              	.LASF89:
 6353 0262 63685F76 		.ascii	"ch_virtual_timers_list\000"
 6353      69727475 
 6353      616C5F74 
 6353      696D6572 
 6353      735F6C69 
 6354              	.LASF54:
 6355 0279 72666375 		.ascii	"rfcu\000"
 6355      00
 6356              	.LASF30:
 6357 027e 74687265 		.ascii	"thread_t\000"
 6357      61645F74 
 6357      00
 6358              	.LASF142:
 6359 0287 63685379 		.ascii	"chSysUnlockFromISR\000"
 6359      73556E6C 
 6359      6F636B46 
 6359      726F6D49 
 6359      535200
 6360              	.LASF100:
 6361 029a 7264796D 		.ascii	"rdymsg\000"
 6361      736700
 6362              	.LASF77:
 6363 02a1 63685F70 		.ascii	"ch_priority_queue_t\000"
 6363      72696F72 
 6363      6974795F 
 6363      71756575 
 6363      655F7400 
ARM GAS  /tmp/cckx8M46.s 			page 115


 6364              	.LASF120:
 6365 02b5 5F426F6F 		.ascii	"_Bool\000"
 6365      6C00
 6366              	.LASF137:
 6367 02bb 5F5F7363 		.ascii	"__sch_ready_ahead\000"
 6367      685F7265 
 6367      6164795F 
 6367      61686561 
 6367      6400
 6368              	.LASF40:
 6369 02cd 6F626A65 		.ascii	"object\000"
 6369      637400
 6370              	.LASF59:
 6371 02d4 63685F72 		.ascii	"ch_rfcu\000"
 6371      66637500 
 6372              	.LASF152:
 6373 02dc 2E2E2F2E 		.ascii	"../../../os/rt/src/chschd.c\000"
 6373      2E2F2E2E 
 6373      2F6F732F 
 6373      72742F73 
 6373      72632F63 
 6374              	.LASF108:
 6375 02f8 63685F6D 		.ascii	"ch_mutex\000"
 6375      75746578 
 6375      00
 6376              	.LASF13:
 6377 0301 5F5F7569 		.ascii	"__uint64_t\000"
 6377      6E743634 
 6377      5F7400
 6378              	.LASF129:
 6379 030c 63685363 		.ascii	"chSchRescheduleS\000"
 6379      68526573 
 6379      63686564 
 6379      756C6553 
 6379      00
 6380              	.LASF49:
 6381 031d 63685F6F 		.ascii	"ch_os_instance\000"
 6381      735F696E 
 6381      7374616E 
 6381      636500
 6382              	.LASF125:
 6383 032c 63685363 		.ascii	"chSchDoYieldS\000"
 6383      68446F59 
 6383      69656C64 
 6383      5300
 6384              	.LASF79:
 6385 033a 7072696F 		.ascii	"prio\000"
 6385      00
 6386              	.LASF64:
 6387 033f 63686172 		.ascii	"char\000"
 6387      00
 6388              	.LASF80:
 6389 0344 63685F64 		.ascii	"ch_delta_list_t\000"
 6389      656C7461 
 6389      5F6C6973 
 6389      745F7400 
 6390              	.LASF58:
ARM GAS  /tmp/cckx8M46.s 			page 116


 6391 0354 72666375 		.ascii	"rfcu_mask_t\000"
 6391      5F6D6173 
 6391      6B5F7400 
 6392              	.LASF96:
 6393 0360 74687265 		.ascii	"thread_reference_t\000"
 6393      61645F72 
 6393      65666572 
 6393      656E6365 
 6393      5F7400
 6394              	.LASF32:
 6395 0373 77616261 		.ascii	"wabase\000"
 6395      736500
 6396              	.LASF23:
 6397 037a 74737461 		.ascii	"tstate_t\000"
 6397      74655F74 
 6397      00
 6398              	.LASF38:
 6399 0383 72717565 		.ascii	"rqueue\000"
 6399      756500
 6400              	.LASF15:
 6401 038a 75696E74 		.ascii	"uint8_t\000"
 6401      385F7400 
 6402              	.LASF42:
 6403 0392 6D736771 		.ascii	"msgqueue\000"
 6403      75657565 
 6403      00
 6404              	.LASF48:
 6405 039b 63685F74 		.ascii	"ch_thread\000"
 6405      68726561 
 6405      6400
 6406              	.LASF65:
 6407 03a5 73797374 		.ascii	"system_debug_t\000"
 6407      656D5F64 
 6407      65627567 
 6407      5F7400
 6408              	.LASF3:
 6409 03b4 6C6F6E67 		.ascii	"long long int\000"
 6409      206C6F6E 
 6409      6720696E 
 6409      7400
 6410              	.LASF26:
 6411 03c2 6D73675F 		.ascii	"msg_t\000"
 6411      7400
 6412              	.LASF121:
 6413 03c8 63685654 		.ascii	"chVTDoResetI\000"
 6413      446F5265 
 6413      73657449 
 6413      00
 6414              	.LASF83:
 6415 03d5 76697274 		.ascii	"virtual_timer_t\000"
 6415      75616C5F 
 6415      74696D65 
 6415      725F7400 
 6416              	.LASF95:
 6417 03e5 72656769 		.ascii	"registry_t\000"
 6417      73747279 
 6417      5F7400
ARM GAS  /tmp/cckx8M46.s 			page 117


 6418              	.LASF116:
 6419 03f0 69646C65 		.ascii	"idlestack_end\000"
 6419      73746163 
 6419      6B5F656E 
 6419      6400
 6420              	.LASF60:
 6421 03fe 6D61736B 		.ascii	"mask\000"
 6421      00
 6422              	.LASF97:
 6423 0403 74687265 		.ascii	"thread_dispose_t\000"
 6423      61645F64 
 6423      6973706F 
 6423      73655F74 
 6423      00
 6424              	.LASF67:
 6425 0414 73797369 		.ascii	"sysinterval_t\000"
 6425      6E746572 
 6425      76616C5F 
 6425      7400
 6426              	.LASF74:
 6427 0422 63685F71 		.ascii	"ch_queue_t\000"
 6427      75657565 
 6427      5F7400
 6428              	.LASF63:
 6429 042d 70616E69 		.ascii	"panic_msg\000"
 6429      635F6D73 
 6429      6700
 6430              	.LASF115:
 6431 0437 69646C65 		.ascii	"idlestack_base\000"
 6431      73746163 
 6431      6B5F6261 
 6431      736500
 6432              	.LASF22:
 6433 0446 746D6F64 		.ascii	"tmode_t\000"
 6433      655F7400 
 6434              	.LASF90:
 6435 044e 73797374 		.ascii	"systime\000"
 6435      696D6500 
 6436              	.LASF56:
 6437 0456 69646C65 		.ascii	"idlethread\000"
 6437      74687265 
 6437      616400
 6438              	.LASF4:
 6439 0461 6C6F6E67 		.ascii	"long double\000"
 6439      20646F75 
 6439      626C6500 
 6440              	.LASF71:
 6441 046d 63685F6C 		.ascii	"ch_list_t\000"
 6441      6973745F 
 6441      7400
 6442              	.LASF14:
 6443 0477 5F5F7569 		.ascii	"__uintptr_t\000"
 6443      6E747074 
 6443      725F7400 
 6444              	.LASF55:
 6445 0483 636F6E66 		.ascii	"config\000"
 6445      696700
ARM GAS  /tmp/cckx8M46.s 			page 118


 6446              	.LASF6:
 6447 048a 73686F72 		.ascii	"short int\000"
 6447      7420696E 
 6447      7400
 6448              	.LASF10:
 6449 0494 6C6F6E67 		.ascii	"long int\000"
 6449      20696E74 
 6449      00
 6450              	.LASF68:
 6451 049d 706F7274 		.ascii	"port_intctx\000"
 6451      5F696E74 
 6451      63747800 
 6452              	.LASF151:
 6453 04a9 474E5520 		.ascii	"GNU C17 13.3.1 20240614 -mcpu=cortex-r8 -mfloat-abi"
 6453      43313720 
 6453      31332E33 
 6453      2E312032 
 6453      30323430 
 6454 04dc 3D686172 		.ascii	"=hard -mfpu=vfpv3-d16 -mno-thumb-interwork -marm -m"
 6454      64202D6D 
 6454      6670753D 
 6454      76667076 
 6454      332D6431 
 6455 050f 61726368 		.ascii	"arch=armv7-r+fp+idiv -ggdb -O2 -fomit-frame-pointer"
 6455      3D61726D 
 6455      76372D72 
 6455      2B66702B 
 6455      69646976 
 6456 0542 202D6661 		.ascii	" -falign-functions=16 -ffunction-sections -fdata-se"
 6456      6C69676E 
 6456      2D66756E 
 6456      6374696F 
 6456      6E733D31 
 6457 0575 6374696F 		.ascii	"ctions -fno-common\000"
 6457      6E73202D 
 6457      666E6F2D 
 6457      636F6D6D 
 6457      6F6E00
 6458              	.LASF155:
 6459 0588 5F5F7363 		.ascii	"__sch_wakeup\000"
 6459      685F7761 
 6459      6B657570 
 6459      00
 6460              	.LASF156:
 6461 0595 5F5F7363 		.ascii	"__sch_reschedule_ahead\000"
 6461      685F7265 
 6461      73636865 
 6461      64756C65 
 6461      5F616865 
 6462              	.LASF122:
 6463 05ac 63685654 		.ascii	"chVTDoSetI\000"
 6463      446F5365 
 6463      744900
 6464              	.LASF154:
 6465 05b7 63685363 		.ascii	"chSchPreemption\000"
 6465      68507265 
 6465      656D7074 
ARM GAS  /tmp/cckx8M46.s 			page 119


 6465      696F6E00 
 6466              	.LASF33:
 6467 05c7 7761656E 		.ascii	"waend\000"
 6467      6400
 6468              	.LASF114:
 6469 05cd 63737461 		.ascii	"cstack_end\000"
 6469      636B5F65 
 6469      6E6400
 6470              	.LASF112:
 6471 05d8 63685F6F 		.ascii	"ch_os_instance_config\000"
 6471      735F696E 
 6471      7374616E 
 6471      63655F63 
 6471      6F6E6669 
 6472              	.LASF85:
 6473 05ee 646C6973 		.ascii	"dlist\000"
 6473      7400
 6474              	.LASF18:
 6475 05f4 75696E74 		.ascii	"uint64_t\000"
 6475      36345F74 
 6475      00
 6476              	.LASF50:
 6477 05fd 726C6973 		.ascii	"rlist\000"
 6477      7400
 6478              	.LASF8:
 6479 0603 5F5F7569 		.ascii	"__uint8_t\000"
 6479      6E74385F 
 6479      7400
 6480              	.LASF37:
 6481 060d 6E616D65 		.ascii	"name\000"
 6481      00
 6482              	.LASF134:
 6483 0612 63685363 		.ascii	"chSchGoSleepS\000"
 6483      68476F53 
 6483      6C656570 
 6483      5300
 6484              	.LASF144:
 6485 0620 63685F70 		.ascii	"ch_pqueue_insert_ahead\000"
 6485      71756575 
 6485      655F696E 
 6485      73657274 
 6485      5F616865 
 6486              	.LASF19:
 6487 0637 75696E74 		.ascii	"uintptr_t\000"
 6487      7074725F 
 6487      7400
 6488              	.LASF24:
 6489 0641 74726566 		.ascii	"trefs_t\000"
 6489      735F7400 
 6490              	.LASF12:
 6491 0649 6C6F6E67 		.ascii	"long unsigned int\000"
 6491      20756E73 
 6491      69676E65 
 6491      6420696E 
 6491      7400
 6492              	.LASF111:
 6493 065b 72656164 		.ascii	"ready_list_t\000"
ARM GAS  /tmp/cckx8M46.s 			page 120


 6493      795F6C69 
 6493      73745F74 
 6493      00
 6494              	.LASF131:
 6495 0668 63685363 		.ascii	"chSchGoSleepTimeoutS\000"
 6495      68476F53 
 6495      6C656570 
 6495      54696D65 
 6495      6F757453 
 6496              	.LASF94:
 6497 067d 71756575 		.ascii	"queue\000"
 6497      6500
 6498              	.LASF16:
 6499 0683 696E7433 		.ascii	"int32_t\000"
 6499      325F7400 
 6500              	.LASF61:
 6501 068b 72666375 		.ascii	"rfcu_t\000"
 6501      5F7400
 6502              	.LASF132:
 6503 0692 6E657773 		.ascii	"newstate\000"
 6503      74617465 
 6503      00
 6504              	.LASF104:
 6505 069b 77747365 		.ascii	"wtsemp\000"
 6505      6D7000
 6506              	.LASF78:
 6507 06a2 63685F70 		.ascii	"ch_priority_queue\000"
 6507      72696F72 
 6507      6974795F 
 6507      71756575 
 6507      6500
 6508              	.LASF75:
 6509 06b4 63685F71 		.ascii	"ch_queue\000"
 6509      75657565 
 6509      00
 6510              	.LASF119:
 6511 06bd 6D757465 		.ascii	"mutex_t\000"
 6511      785F7400 
 6512              	.LASF149:
 6513 06c5 706F7274 		.ascii	"port_unlock_from_isr\000"
 6513      5F756E6C 
 6513      6F636B5F 
 6513      66726F6D 
 6513      5F697372 
 6514              	.LASF2:
 6515 06da 756E7369 		.ascii	"unsigned char\000"
 6515      676E6564 
 6515      20636861 
 6515      7200
 6516              	.LASF11:
 6517 06e8 5F5F7569 		.ascii	"__uint32_t\000"
 6517      6E743332 
 6517      5F7400
 6518              	.LASF41:
 6519 06f3 77616974 		.ascii	"waiting\000"
 6519      696E6700 
 6520              	.LASF92:
ARM GAS  /tmp/cckx8M46.s 			page 121


 6521 06fb 76697274 		.ascii	"virtual_timers_list_t\000"
 6521      75616C5F 
 6521      74696D65 
 6521      72735F6C 
 6521      6973745F 
 6522              	.LASF133:
 6523 0711 74696D65 		.ascii	"timeout\000"
 6523      6F757400 
 6524              	.LASF153:
 6525 0719 2F686F6D 		.ascii	"/home/emirhan/Documents/gemstone/chibiOS-port/Chibi"
 6525      652F656D 
 6525      69726861 
 6525      6E2F446F 
 6525      63756D65 
 6526 074c 4F532F64 		.ascii	"OS/demos/various/RT-ARMCR8-GENERIC\000"
 6526      656D6F73 
 6526      2F766172 
 6526      696F7573 
 6526      2F52542D 
 6527              	.LASF130:
 6528 076f 63685363 		.ascii	"chSchWakeupS\000"
 6528      6857616B 
 6528      65757053 
 6528      00
 6529              	.LASF57:
 6530 077c 6D61696E 		.ascii	"mainthread\000"
 6530      74687265 
 6530      616400
 6531              	.LASF34:
 6532 0787 73746174 		.ascii	"state\000"
 6532      6500
 6533              	.LASF124:
 6534 078d 63685379 		.ascii	"chSysHalt\000"
 6534      7348616C 
 6534      7400
 6535              	.LASF47:
 6536 0797 6F735F69 		.ascii	"os_instance_t\000"
 6536      6E737461 
 6536      6E63655F 
 6536      7400
 6537              	.LASF52:
 6538 07a5 7265676C 		.ascii	"reglist\000"
 6538      69737400 
 6539              	.LASF123:
 6540 07ad 5F5F706F 		.ascii	"__port_switch_arm\000"
 6540      72745F73 
 6540      77697463 
 6540      685F6172 
 6540      6D00
 6541              	.LASF103:
 6542 07bf 77747472 		.ascii	"wttrp\000"
 6542      7000
 6543              	.LASF5:
 6544 07c5 7369676E 		.ascii	"signed char\000"
 6544      65642063 
 6544      68617200 
 6545              	.LASF82:
ARM GAS  /tmp/cckx8M46.s 			page 122


 6546 07d1 64656C74 		.ascii	"delta\000"
 6546      6100
 6547              	.LASF148:
 6548 07d7 63685366 		.ascii	"chSftValidateDataPointerX\000"
 6548      7456616C 
 6548      69646174 
 6548      65446174 
 6548      61506F69 
 6549              	.LASF7:
 6550 07f1 73686F72 		.ascii	"short unsigned int\000"
 6550      7420756E 
 6550      7369676E 
 6550      65642069 
 6550      6E7400
 6551              	.LASF110:
 6552 0804 63757272 		.ascii	"current\000"
 6552      656E7400 
 6553              	.LASF135:
 6554 080c 5F5F6675 		.ascii	"__func__\000"
 6554      6E635F5F 
 6554      00
 6555              	.LASF140:
 6556 0815 63685365 		.ascii	"chSemFastSignalI\000"
 6556      6D466173 
 6556      74536967 
 6556      6E616C49 
 6556      00
 6557              	.LASF138:
 6558 0826 5F5F7363 		.ascii	"__sch_ready_behind\000"
 6558      685F7265 
 6558      6164795F 
 6558      62656869 
 6558      6E6400
 6559              	.LASF101:
 6560 0839 65786974 		.ascii	"exitcode\000"
 6560      636F6465 
 6560      00
 6561              	.LASF29:
 6562 0842 636F7265 		.ascii	"core_id_t\000"
 6562      5F69645F 
 6562      7400
 6563              	.LASF145:
 6564 084c 63685F70 		.ascii	"ch_pqueue_insert_behind\000"
 6564      71756575 
 6564      655F696E 
 6564      73657274 
 6564      5F626568 
 6565              		.ident	"GCC: (Arm GNU Toolchain 13.3.Rel1 (Build arm-13.24)) 13.3.1 20240614"
ARM GAS  /tmp/cckx8M46.s 			page 123


DEFINED SYMBOLS
                            *ABS*:00000000 chschd.c
     /tmp/cckx8M46.s:21     .text.__sch_wakeup:00000000 $a
     /tmp/cckx8M46.s:26     .text.__sch_wakeup:00000000 __sch_wakeup
     /tmp/cckx8M46.s:43     .text.__sch_wakeup:00000010 $d
     /tmp/cckx8M46.s:59     .text.__sch_wakeup:00000044 $a
     /tmp/cckx8M46.s:201    .text.chSchReadyI:00000000 $a
     /tmp/cckx8M46.s:207    .text.chSchReadyI:00000000 chSchReadyI
     /tmp/cckx8M46.s:298    .text.chSchGoSleepS:00000000 $a
     /tmp/cckx8M46.s:304    .text.chSchGoSleepS:00000000 chSchGoSleepS
     /tmp/cckx8M46.s:401    .text.chSchGoSleepTimeoutS:00000000 $a
     /tmp/cckx8M46.s:407    .text.chSchGoSleepTimeoutS:00000000 chSchGoSleepTimeoutS
     /tmp/cckx8M46.s:650    .text.chSchWakeupS:00000000 $a
     /tmp/cckx8M46.s:656    .text.chSchWakeupS:00000000 chSchWakeupS
     /tmp/cckx8M46.s:861    .text.chSchIsPreemptionRequired:00000000 $a
     /tmp/cckx8M46.s:867    .text.chSchIsPreemptionRequired:00000000 chSchIsPreemptionRequired
     /tmp/cckx8M46.s:899    .text.chSchDoPreemption:00000000 $a
     /tmp/cckx8M46.s:905    .text.chSchDoPreemption:00000000 chSchDoPreemption
     /tmp/cckx8M46.s:905    .text.chSchDoPreemption:00000000 __sch_reschedule_ahead
     /tmp/cckx8M46.s:1066   .text.chSchRescheduleS:00000000 $a
     /tmp/cckx8M46.s:1072   .text.chSchRescheduleS:00000000 chSchRescheduleS
     /tmp/cckx8M46.s:1102   .text.chSchPreemption:00000000 $a
     /tmp/cckx8M46.s:1108   .text.chSchPreemption:00000000 chSchPreemption
     /tmp/cckx8M46.s:1128   .text.chSchDoYieldS:00000000 $a
     /tmp/cckx8M46.s:1134   .text.chSchDoYieldS:00000000 chSchDoYieldS
     /tmp/cckx8M46.s:1281   .text.chSchSelectFirst:00000000 $a
     /tmp/cckx8M46.s:1287   .text.chSchSelectFirst:00000000 chSchSelectFirst

UNDEFINED SYMBOLS
ch0
__port_switch_arm
chVTDoSetI
chVTDoResetI
