ARM GAS  /tmp/cckM0oFW.s 			page 1


   1              		.cpu cortex-r8
   2              		.arch armv7-r
   3              		.fpu vfpv3-d16
   4              		.arch_extension idiv
   5              		.eabi_attribute 28, 1
   6              		.eabi_attribute 20, 1
   7              		.eabi_attribute 21, 1
   8              		.eabi_attribute 23, 3
   9              		.eabi_attribute 24, 1
  10              		.eabi_attribute 25, 1
  11              		.eabi_attribute 26, 1
  12              		.eabi_attribute 30, 2
  13              		.eabi_attribute 34, 1
  14              		.eabi_attribute 18, 4
  15              		.file	"chsem.c"
  16              		.text
  17              	.Ltext0:
  18              		.cfi_sections	.debug_frame
  19              		.file 1 "../../../os/rt/src/chsem.c"
  20              		.section	.text.chSemObjectInit,"ax",%progbits
  21              		.align	2
  22              		.p2align 4,,15
  23              		.global	chSemObjectInit
  24              		.syntax unified
  25              		.arm
  26              		.type	chSemObjectInit, %function
  27              	chSemObjectInit:
  28              	.LVL0:
  29              	.LFB207:
  30              		.loc 1 98 48 view -0
  31              		.cfi_startproc
  32              		@ args = 0, pretend = 0, frame = 0
  33              		@ frame_needed = 0, uses_anonymous_args = 0
  34              		@ link register save eliminated.
  35              		.loc 1 100 3 view .LVU1
  36              		.loc 1 100 3 view .LVU2
  37              		.loc 1 100 3 discriminator 5 view .LVU3
  38              		.loc 1 102 3 view .LVU4
  39              	.LBB86:
  40              	.LBI86:
  41              		.file 2 "../../../os/rt/include/chlists.h"
  42              		.loc 2 283 20 view .LVU5
  43              	.LBB87:
  44              		.loc 2 285 3 view .LVU6
  45              		.loc 2 286 3 view .LVU7
  46              	.LBE87:
  47              	.LBE86:
  48              		.loc 1 103 11 is_stmt 0 view .LVU8
  49 0000 F400C0E1 		strd	r0, [r0, #4]
  50              	.LBB89:
  51              	.LBB88:
  52              		.loc 2 285 12 view .LVU9
  53 0004 000080E5 		str	r0, [r0]
  54              	.LBE88:
  55              	.LBE89:
  56              		.loc 1 104 1 view .LVU10
  57 0008 1EFF2FE1 		bx	lr
ARM GAS  /tmp/cckM0oFW.s 			page 2


  58              		.cfi_endproc
  59              	.LFE207:
  60              		.size	chSemObjectInit, .-chSemObjectInit
  61              		.section	.text.chSemObjectDispose,"ax",%progbits
  62              		.align	2
  63              		.p2align 4,,15
  64              		.global	chSemObjectDispose
  65              		.syntax unified
  66              		.arm
  67              		.type	chSemObjectDispose, %function
  68              	chSemObjectDispose:
  69              	.LVL1:
  70              	.LFB208:
  71              		.loc 1 121 42 is_stmt 1 view -0
  72              		.cfi_startproc
  73              		@ args = 0, pretend = 0, frame = 0
  74              		@ frame_needed = 0, uses_anonymous_args = 0
  75              		@ link register save eliminated.
  76              		.loc 1 123 3 view .LVU12
  77              		.loc 1 123 3 view .LVU13
  78              		.loc 1 123 3 discriminator 5 view .LVU14
  79              		.loc 1 125 31 view .LVU15
  80              		.loc 1 127 3 view .LVU16
  81              		.loc 1 127 3 view .LVU17
  82              		.loc 1 127 3 discriminator 7 view .LVU18
  83              		.loc 1 133 1 is_stmt 0 view .LVU19
  84 0000 1EFF2FE1 		bx	lr
  85              		.cfi_endproc
  86              	.LFE208:
  87              		.size	chSemObjectDispose, .-chSemObjectDispose
  88              		.section	.text.chSemResetWithMessage,"ax",%progbits
  89              		.align	2
  90              		.p2align 4,,15
  91              		.global	chSemResetWithMessage
  92              		.syntax unified
  93              		.arm
  94              		.type	chSemResetWithMessage, %function
  95              	chSemResetWithMessage:
  96              	.LVL2:
  97              	.LFB209:
  98              		.loc 1 148 65 is_stmt 1 view -0
  99              		.cfi_startproc
 100              		@ args = 0, pretend = 0, frame = 0
 101              		@ frame_needed = 0, uses_anonymous_args = 0
 102              		.loc 1 150 3 view .LVU21
 103              	.LBB103:
 104              	.LBI103:
 105              		.file 3 "../../../os/rt/include/chsys.h"
 106              		.loc 3 371 20 view .LVU22
 107              		.loc 3 373 3 view .LVU23
 108              	.LBB104:
 109              	.LBI104:
 110              		.file 4 "../../../os/common/ports/ARMv7-R/chcore.h"
 111              		.loc 4 739 20 view .LVU24
 112              	.LBB105:
 113              		.loc 4 741 3 view .LVU25
 114              	.LBE105:
ARM GAS  /tmp/cckM0oFW.s 			page 3


 115              	.LBE104:
 116              	.LBE103:
 117              		.loc 1 148 65 is_stmt 0 view .LVU26
 118 0000 70402DE9 		push	{r4, r5, r6, lr}
 119              		.cfi_def_cfa_offset 16
 120              		.cfi_offset 4, -16
 121              		.cfi_offset 5, -12
 122              		.cfi_offset 6, -8
 123              		.cfi_offset 14, -4
 124              	.LBB108:
 125              	.LBB107:
 126              	.LBB106:
 127              		.loc 4 741 3 view .LVU27
 128              		.syntax divided
 129              	@ 741 "../../../os/common/ports/ARMv7-R/chcore.h" 1
 130 0004 80000CF1 		cpsid   i
 131              	@ 0 "" 2
 132              		.arm
 133              		.syntax unified
 134              	.LBE106:
 135              	.LBE107:
 136              		.loc 3 374 35 is_stmt 1 view .LVU28
 137              		.loc 3 375 21 view .LVU29
 138              	.LBE108:
 139              		.loc 1 151 3 view .LVU30
 140              	.LVL3:
 141              	.LBB109:
 142              	.LBI109:
 143              		.loc 1 173 6 view .LVU31
 144              	.LBB110:
 145              		.loc 1 175 21 view .LVU32
 146              		.loc 1 176 3 view .LVU33
 147              		.loc 1 176 3 view .LVU34
 148              		.loc 1 176 3 discriminator 5 view .LVU35
 149              		.loc 1 177 3 view .LVU36
 150              		.loc 1 177 3 view .LVU37
 151              		.loc 1 177 3 discriminator 19 view .LVU38
 152              		.loc 1 181 3 view .LVU39
 153              		.loc 1 182 10 is_stmt 0 discriminator 1 view .LVU40
 154 0008 003090E5 		ldr	r3, [r0]
 155              		.loc 1 181 11 view .LVU41
 156 000c 081080E5 		str	r1, [r0, #8]
 157              		.loc 1 182 3 is_stmt 1 view .LVU42
 158              		.loc 1 182 10 view .LVU43
 159              	.LVL4:
 160              	.LBB111:
 161              	.LBI111:
 162              		.loc 2 310 20 view .LVU44
 163              	.LBB112:
 164              		.loc 2 312 3 view .LVU45
 165              		.loc 2 312 3 is_stmt 0 view .LVU46
 166              	.LBE112:
 167              	.LBE111:
 168              		.loc 1 182 10 discriminator 1 view .LVU47
 169 0010 030050E1 		cmp	r0, r3
 170 0014 0A00000A 		beq	.L5
 171 0018 0040A0E1 		mov	r4, r0
ARM GAS  /tmp/cckM0oFW.s 			page 4


 172 001c 0250A0E1 		mov	r5, r2
 173              	.LVL5:
 174              	.L6:
 175              		.loc 1 183 5 is_stmt 1 view .LVU48
 176              	.LBB114:
 177              	.LBI114:
 178              		.loc 2 363 27 view .LVU49
 179              	.LBB115:
 180              		.loc 2 364 3 view .LVU50
 181              		.loc 2 364 15 is_stmt 0 view .LVU51
 182 0020 040094E5 		ldr	r0, [r4, #4]
 183              	.LVL6:
 184              		.loc 2 366 3 is_stmt 1 view .LVU52
 185              		.loc 2 366 21 is_stmt 0 view .LVU53
 186 0024 043090E5 		ldr	r3, [r0, #4]
 187              		.loc 2 366 18 view .LVU54
 188 0028 043084E5 		str	r3, [r4, #4]
 189              		.loc 2 367 3 is_stmt 1 view .LVU55
 190              		.loc 2 367 18 is_stmt 0 view .LVU56
 191 002c 004083E5 		str	r4, [r3]
 192              		.loc 2 369 3 is_stmt 1 view .LVU57
 193              	.LVL7:
 194              		.loc 2 369 3 is_stmt 0 view .LVU58
 195              	.LBE115:
 196              	.LBE114:
 197              		.loc 1 183 5 discriminator 1 view .LVU59
 198 0030 FEFFFFEB 		bl	chSchReadyI
 199              	.LVL8:
 200              		.loc 1 182 10 discriminator 1 view .LVU60
 201 0034 003094E5 		ldr	r3, [r4]
 202              		.loc 1 183 72 discriminator 2 view .LVU61
 203 0038 345080E5 		str	r5, [r0, #52]
 204              		.loc 1 182 10 is_stmt 1 view .LVU62
 205              	.LVL9:
 206              	.LBB116:
 207              		.loc 2 310 20 view .LVU63
 208              	.LBB113:
 209              		.loc 2 312 3 view .LVU64
 210              		.loc 2 312 3 is_stmt 0 view .LVU65
 211              	.LBE113:
 212              	.LBE116:
 213              		.loc 1 182 10 discriminator 1 view .LVU66
 214 003c 040053E1 		cmp	r3, r4
 215 0040 F6FFFF1A 		bne	.L6
 216              	.LVL10:
 217              	.L5:
 218              		.loc 1 182 10 discriminator 1 view .LVU67
 219              	.LBE110:
 220              	.LBE109:
 221              		.loc 1 152 3 is_stmt 1 view .LVU68
 222 0044 FEFFFFEB 		bl	chSchRescheduleS
 223              	.LVL11:
 224              		.loc 1 153 3 view .LVU69
 225              	.LBB117:
 226              	.LBI117:
 227              		.loc 3 385 20 view .LVU70
 228              	.LBB118:
ARM GAS  /tmp/cckM0oFW.s 			page 5


 229              		.loc 3 387 23 view .LVU71
 230              		.loc 3 388 34 view .LVU72
 231              		.loc 3 394 3 view .LVU73
 232              		.loc 3 394 3 view .LVU74
 233              		.loc 3 394 3 discriminator 7 view .LVU75
 234              		.loc 3 398 3 view .LVU76
 235              	.LBB119:
 236              	.LBI119:
 237              		.loc 4 751 20 view .LVU77
 238              	.LBB120:
 239              		.loc 4 756 3 view .LVU78
 240              		.syntax divided
 241              	@ 756 "../../../os/common/ports/ARMv7-R/chcore.h" 1
 242 0048 C00008F1 		cpsie   if
 243              	@ 0 "" 2
 244              		.arm
 245              		.syntax unified
 246              	.LBE120:
 247              	.LBE119:
 248              	.LBE118:
 249              	.LBE117:
 250              		.loc 1 154 1 is_stmt 0 view .LVU79
 251 004c 7080BDE8 		pop	{r4, r5, r6, pc}
 252              		.cfi_endproc
 253              	.LFE209:
 254              		.size	chSemResetWithMessage, .-chSemResetWithMessage
 255              		.section	.text.chSemResetWithMessageI,"ax",%progbits
 256              		.align	2
 257              		.p2align 4,,15
 258              		.global	chSemResetWithMessageI
 259              		.syntax unified
 260              		.arm
 261              		.type	chSemResetWithMessageI, %function
 262              	chSemResetWithMessageI:
 263              	.LVL12:
 264              	.LFB210:
 265              		.loc 1 173 66 is_stmt 1 view -0
 266              		.cfi_startproc
 267              		@ args = 0, pretend = 0, frame = 0
 268              		@ frame_needed = 0, uses_anonymous_args = 0
 269              		.loc 1 175 21 view .LVU81
 270              		.loc 1 176 3 view .LVU82
 271              		.loc 1 176 3 view .LVU83
 272              		.loc 1 176 3 discriminator 5 view .LVU84
 273              		.loc 1 177 3 view .LVU85
 274              		.loc 1 177 3 view .LVU86
 275              		.loc 1 177 3 discriminator 19 view .LVU87
 276              		.loc 1 181 3 view .LVU88
 277              		.loc 1 182 10 is_stmt 0 discriminator 1 view .LVU89
 278 0000 003090E5 		ldr	r3, [r0]
 279              		.loc 1 181 11 view .LVU90
 280 0004 081080E5 		str	r1, [r0, #8]
 281              		.loc 1 182 3 is_stmt 1 view .LVU91
 282              		.loc 1 182 10 view .LVU92
 283              	.LVL13:
 284              	.LBB121:
 285              	.LBI121:
ARM GAS  /tmp/cckM0oFW.s 			page 6


 286              		.loc 2 310 20 view .LVU93
 287              	.LBB122:
 288              		.loc 2 312 3 view .LVU94
 289              		.loc 2 312 3 is_stmt 0 view .LVU95
 290              	.LBE122:
 291              	.LBE121:
 292              		.loc 1 182 10 discriminator 1 view .LVU96
 293 0008 030050E1 		cmp	r0, r3
 294 000c 1EFF2F01 		bxeq	lr
 295              		.loc 1 173 66 view .LVU97
 296 0010 70402DE9 		push	{r4, r5, r6, lr}
 297              		.cfi_def_cfa_offset 16
 298              		.cfi_offset 4, -16
 299              		.cfi_offset 5, -12
 300              		.cfi_offset 6, -8
 301              		.cfi_offset 14, -4
 302 0014 0040A0E1 		mov	r4, r0
 303 0018 0250A0E1 		mov	r5, r2
 304              	.LVL14:
 305              	.L11:
 306              		.loc 1 183 5 is_stmt 1 view .LVU98
 307              	.LBB124:
 308              	.LBI124:
 309              		.loc 2 363 27 view .LVU99
 310              	.LBB125:
 311              		.loc 2 364 3 view .LVU100
 312              		.loc 2 364 15 is_stmt 0 view .LVU101
 313 001c 040094E5 		ldr	r0, [r4, #4]
 314              	.LVL15:
 315              		.loc 2 366 3 is_stmt 1 view .LVU102
 316              		.loc 2 366 21 is_stmt 0 view .LVU103
 317 0020 043090E5 		ldr	r3, [r0, #4]
 318              		.loc 2 366 18 view .LVU104
 319 0024 043084E5 		str	r3, [r4, #4]
 320              		.loc 2 367 3 is_stmt 1 view .LVU105
 321              		.loc 2 367 18 is_stmt 0 view .LVU106
 322 0028 004083E5 		str	r4, [r3]
 323              		.loc 2 369 3 is_stmt 1 view .LVU107
 324              	.LVL16:
 325              		.loc 2 369 3 is_stmt 0 view .LVU108
 326              	.LBE125:
 327              	.LBE124:
 328              		.loc 1 183 5 discriminator 1 view .LVU109
 329 002c FEFFFFEB 		bl	chSchReadyI
 330              	.LVL17:
 331              		.loc 1 182 10 discriminator 1 view .LVU110
 332 0030 003094E5 		ldr	r3, [r4]
 333              		.loc 1 183 72 discriminator 2 view .LVU111
 334 0034 345080E5 		str	r5, [r0, #52]
 335              		.loc 1 182 10 is_stmt 1 view .LVU112
 336              	.LVL18:
 337              	.LBB126:
 338              		.loc 2 310 20 view .LVU113
 339              	.LBB123:
 340              		.loc 2 312 3 view .LVU114
 341              		.loc 2 312 3 is_stmt 0 view .LVU115
 342              	.LBE123:
ARM GAS  /tmp/cckM0oFW.s 			page 7


 343              	.LBE126:
 344              		.loc 1 182 10 discriminator 1 view .LVU116
 345 0038 040053E1 		cmp	r3, r4
 346 003c F6FFFF1A 		bne	.L11
 347              		.loc 1 182 10 discriminator 1 view .LVU117
 348 0040 7080BDE8 		pop	{r4, r5, r6, pc}
 349              		.cfi_endproc
 350              	.LFE210:
 351              		.size	chSemResetWithMessageI, .-chSemResetWithMessageI
 352              		.section	.text.chSemWait,"ax",%progbits
 353              		.align	2
 354              		.p2align 4,,15
 355              		.global	chSemWait
 356              		.syntax unified
 357              		.arm
 358              		.type	chSemWait, %function
 359              	chSemWait:
 360              	.LVL19:
 361              	.LFB211:
 362              		.loc 1 199 34 is_stmt 1 view -0
 363              		.cfi_startproc
 364              		@ args = 0, pretend = 0, frame = 0
 365              		@ frame_needed = 0, uses_anonymous_args = 0
 366              		.loc 1 200 3 view .LVU119
 367              		.loc 1 202 3 view .LVU120
 368              	.LBB143:
 369              	.LBI143:
 370              		.loc 3 371 20 view .LVU121
 371              		.loc 3 373 3 view .LVU122
 372              	.LBB144:
 373              	.LBI144:
 374              		.loc 4 739 20 view .LVU123
 375              	.LBB145:
 376              		.loc 4 741 3 view .LVU124
 377              		.syntax divided
 378              	@ 741 "../../../os/common/ports/ARMv7-R/chcore.h" 1
 379 0000 80000CF1 		cpsid   i
 380              	@ 0 "" 2
 381              		.arm
 382              		.syntax unified
 383              	.LBE145:
 384              	.LBE144:
 385              		.loc 3 374 35 view .LVU125
 386              		.loc 3 375 21 view .LVU126
 387              	.LBE143:
 388              		.loc 1 203 3 view .LVU127
 389              	.LVL20:
 390              	.LBB146:
 391              	.LBI146:
 392              		.loc 1 221 7 view .LVU128
 393              	.LBB147:
 394              		.loc 1 223 21 view .LVU129
 395              		.loc 1 224 3 view .LVU130
 396              		.loc 1 224 3 view .LVU131
 397              		.loc 1 224 3 discriminator 5 view .LVU132
 398              		.loc 1 225 3 view .LVU133
 399              		.loc 1 225 3 view .LVU134
ARM GAS  /tmp/cckM0oFW.s 			page 8


 400              		.loc 1 225 3 discriminator 19 view .LVU135
 401              		.loc 1 229 3 view .LVU136
 402              		.loc 1 229 7 is_stmt 0 view .LVU137
 403 0004 082090E5 		ldr	r2, [r0, #8]
 404 0008 012042E2 		sub	r2, r2, #1
 405              		.loc 1 229 6 view .LVU138
 406 000c 000052E3 		cmp	r2, #0
 407 0010 082080E5 		str	r2, [r0, #8]
 408 0014 020000BA 		blt	.L24
 409              		.loc 1 238 10 view .LVU139
 410 0018 0000A0E3 		mov	r0, #0
 411              	.LVL21:
 412              		.loc 1 238 10 view .LVU140
 413              	.LBE147:
 414              	.LBE146:
 415              		.loc 1 204 3 is_stmt 1 view .LVU141
 416              	.LBB168:
 417              	.LBI168:
 418              		.loc 3 385 20 view .LVU142
 419              	.LBB169:
 420              		.loc 3 387 23 view .LVU143
 421              		.loc 3 388 34 view .LVU144
 422              		.loc 3 394 3 view .LVU145
 423              		.loc 3 394 3 view .LVU146
 424              		.loc 3 394 3 discriminator 7 view .LVU147
 425              		.loc 3 398 3 view .LVU148
 426              	.LBB170:
 427              	.LBI170:
 428              		.loc 4 751 20 view .LVU149
 429              	.LBB171:
 430              		.loc 4 756 3 view .LVU150
 431              		.syntax divided
 432              	@ 756 "../../../os/common/ports/ARMv7-R/chcore.h" 1
 433 001c C00008F1 		cpsie   if
 434              	@ 0 "" 2
 435              		.arm
 436              		.syntax unified
 437              	.LBE171:
 438              	.LBE170:
 439              	.LBE169:
 440              	.LBE168:
 441              		.loc 1 206 3 view .LVU151
 442              		.loc 1 207 1 is_stmt 0 view .LVU152
 443 0020 1EFF2FE1 		bx	lr
 444              	.LVL22:
 445              	.L24:
 446              	.LBB175:
 447              	.LBB166:
 448              	.LBB148:
 449              	.LBB149:
 450              	.LBB150:
 451              	.LBB151:
 452              	.LBB152:
 453              		.file 5 "../../../os/rt/include/chthreads.h"
 454              		.loc 5 528 10 view .LVU153
 455 0024 002000E3 		movw	r2, #:lower16:ch0
 456 0028 0030A0E1 		mov	r3, r0
ARM GAS  /tmp/cckM0oFW.s 			page 9


 457              	.LVL23:
 458              		.loc 5 528 10 view .LVU154
 459              	.LBE152:
 460              	.LBE151:
 461              	.LBE150:
 462              	.LBE149:
 463              	.LBI148:
 464              		.loc 1 221 7 is_stmt 1 view .LVU155
 465              	.LBB163:
 466              	.LBB161:
 467              		.loc 1 230 5 view .LVU156
 468              	.LBB155:
 469              	.LBI151:
 470              		.loc 5 526 25 view .LVU157
 471              	.LBB153:
 472              		.loc 5 528 3 view .LVU158
 473              		.loc 5 528 10 is_stmt 0 view .LVU159
 474 002c 002040E3 		movt	r2, #:upper16:ch0
 475              	.LBE153:
 476              	.LBE155:
 477              	.LBE161:
 478              	.LBE163:
 479              	.LBE148:
 480              	.LBE166:
 481              	.LBE175:
 482              		.loc 1 199 34 view .LVU160
 483 0030 10402DE9 		push	{r4, lr}
 484              		.cfi_def_cfa_offset 8
 485              		.cfi_offset 4, -8
 486              		.cfi_offset 14, -4
 487              	.LBB176:
 488              	.LBB167:
 489              	.LBB165:
 490              	.LBB164:
 491              	.LBB162:
 492              	.LBB156:
 493              	.LBB157:
 494              		.loc 2 326 21 view .LVU161
 495 0034 041090E5 		ldr	r1, [r0, #4]
 496              	.LBE157:
 497              	.LBE156:
 498              	.LBB159:
 499              	.LBB154:
 500              		.loc 5 528 10 view .LVU162
 501 0038 0C4092E5 		ldr	r4, [r2, #12]
 502              	.LVL24:
 503              		.loc 5 528 10 view .LVU163
 504              	.LBE154:
 505              	.LBE159:
 506              		.loc 1 231 5 is_stmt 1 view .LVU164
 507              		.loc 1 233 5 is_stmt 0 view .LVU165
 508 003c 0500A0E3 		mov	r0, #5
 509              	.LVL25:
 510              		.loc 1 231 22 view .LVU166
 511 0040 343084E5 		str	r3, [r4, #52]
 512              		.loc 1 232 5 is_stmt 1 view .LVU167
 513              	.LVL26:
ARM GAS  /tmp/cckM0oFW.s 			page 10


 514              	.LBB160:
 515              	.LBI156:
 516              		.loc 2 323 20 view .LVU168
 517              	.LBB158:
 518              		.loc 2 325 3 view .LVU169
 519              		.loc 2 325 17 is_stmt 0 view .LVU170
 520 0044 003084E5 		str	r3, [r4]
 521              		.loc 2 326 3 is_stmt 1 view .LVU171
 522              		.loc 2 326 17 is_stmt 0 view .LVU172
 523 0048 041084E5 		str	r1, [r4, #4]
 524              		.loc 2 327 3 is_stmt 1 view .LVU173
 525              		.loc 2 327 17 is_stmt 0 view .LVU174
 526 004c 004081E5 		str	r4, [r1]
 527              		.loc 2 328 3 is_stmt 1 view .LVU175
 528              		.loc 2 328 17 is_stmt 0 view .LVU176
 529 0050 044083E5 		str	r4, [r3, #4]
 530              	.LVL27:
 531              		.loc 2 328 17 view .LVU177
 532              	.LBE158:
 533              	.LBE160:
 534              		.loc 1 233 5 is_stmt 1 view .LVU178
 535 0054 FEFFFFEB 		bl	chSchGoSleepS
 536              	.LVL28:
 537              		.loc 1 235 5 view .LVU179
 538              		.loc 1 235 21 is_stmt 0 view .LVU180
 539 0058 340094E5 		ldr	r0, [r4, #52]
 540              	.LVL29:
 541              		.loc 1 235 21 view .LVU181
 542              	.LBE162:
 543              	.LBE164:
 544              	.LBE165:
 545              	.LBE167:
 546              	.LBE176:
 547              		.loc 1 204 3 is_stmt 1 view .LVU182
 548              	.LBB177:
 549              		.loc 3 385 20 view .LVU183
 550              	.LBB174:
 551              		.loc 3 387 23 view .LVU184
 552              		.loc 3 388 34 view .LVU185
 553              		.loc 3 394 3 view .LVU186
 554              		.loc 3 394 3 view .LVU187
 555              		.loc 3 394 3 discriminator 7 view .LVU188
 556              		.loc 3 398 3 view .LVU189
 557              	.LBB173:
 558              		.loc 4 751 20 view .LVU190
 559              	.LBB172:
 560              		.loc 4 756 3 view .LVU191
 561              		.syntax divided
 562              	@ 756 "../../../os/common/ports/ARMv7-R/chcore.h" 1
 563 005c C00008F1 		cpsie   if
 564              	@ 0 "" 2
 565              		.arm
 566              		.syntax unified
 567              	.LBE172:
 568              	.LBE173:
 569              	.LBE174:
 570              	.LBE177:
ARM GAS  /tmp/cckM0oFW.s 			page 11


 571              		.loc 1 206 3 view .LVU192
 572              		.loc 1 207 1 is_stmt 0 view .LVU193
 573 0060 1080BDE8 		pop	{r4, pc}
 574              		.cfi_endproc
 575              	.LFE211:
 576              		.size	chSemWait, .-chSemWait
 577              		.section	.text.chSemWaitS,"ax",%progbits
 578              		.align	2
 579              		.p2align 4,,15
 580              		.global	chSemWaitS
 581              		.syntax unified
 582              		.arm
 583              		.type	chSemWaitS, %function
 584              	chSemWaitS:
 585              	.LVL30:
 586              	.LFB212:
 587              		.loc 1 221 35 is_stmt 1 view -0
 588              		.cfi_startproc
 589              		@ args = 0, pretend = 0, frame = 0
 590              		@ frame_needed = 0, uses_anonymous_args = 0
 591              		.loc 1 223 21 view .LVU195
 592              		.loc 1 224 3 view .LVU196
 593              		.loc 1 224 3 view .LVU197
 594              		.loc 1 224 3 discriminator 5 view .LVU198
 595              		.loc 1 225 3 view .LVU199
 596              		.loc 1 225 3 view .LVU200
 597              		.loc 1 225 3 discriminator 19 view .LVU201
 598              		.loc 1 229 3 view .LVU202
 599              		.loc 1 229 7 is_stmt 0 view .LVU203
 600 0000 082090E5 		ldr	r2, [r0, #8]
 601 0004 012042E2 		sub	r2, r2, #1
 602              		.loc 1 229 6 view .LVU204
 603 0008 000052E3 		cmp	r2, #0
 604 000c 082080E5 		str	r2, [r0, #8]
 605 0010 010000BA 		blt	.L32
 606              		.loc 1 238 10 view .LVU205
 607 0014 0000A0E3 		mov	r0, #0
 608              	.LVL31:
 609              		.loc 1 239 1 view .LVU206
 610 0018 1EFF2FE1 		bx	lr
 611              	.LVL32:
 612              	.L32:
 613              	.LBB185:
 614              	.LBB186:
 615              	.LBB187:
 616              	.LBB188:
 617              	.LBB189:
 618              		.loc 5 528 10 view .LVU207
 619 001c 002000E3 		movw	r2, #:lower16:ch0
 620 0020 0030A0E1 		mov	r3, r0
 621              	.LVL33:
 622              		.loc 5 528 10 view .LVU208
 623              	.LBE189:
 624              	.LBE188:
 625              	.LBE187:
 626              	.LBE186:
 627              	.LBI185:
ARM GAS  /tmp/cckM0oFW.s 			page 12


 628              		.loc 1 221 7 is_stmt 1 view .LVU209
 629              	.LBB200:
 630              	.LBB198:
 631              		.loc 1 230 5 view .LVU210
 632              	.LBB192:
 633              	.LBI188:
 634              		.loc 5 526 25 view .LVU211
 635              	.LBB190:
 636              		.loc 5 528 3 view .LVU212
 637              		.loc 5 528 10 is_stmt 0 view .LVU213
 638 0024 002040E3 		movt	r2, #:upper16:ch0
 639              	.LBE190:
 640              	.LBE192:
 641              	.LBE198:
 642              	.LBE200:
 643              	.LBE185:
 644              		.loc 1 221 35 view .LVU214
 645 0028 10402DE9 		push	{r4, lr}
 646              		.cfi_def_cfa_offset 8
 647              		.cfi_offset 4, -8
 648              		.cfi_offset 14, -4
 649              	.LBB202:
 650              	.LBB201:
 651              	.LBB199:
 652              	.LBB193:
 653              	.LBB194:
 654              		.loc 2 326 21 view .LVU215
 655 002c 041090E5 		ldr	r1, [r0, #4]
 656              	.LBE194:
 657              	.LBE193:
 658              	.LBB196:
 659              	.LBB191:
 660              		.loc 5 528 10 view .LVU216
 661 0030 0C4092E5 		ldr	r4, [r2, #12]
 662              	.LVL34:
 663              		.loc 5 528 10 view .LVU217
 664              	.LBE191:
 665              	.LBE196:
 666              		.loc 1 231 5 is_stmt 1 view .LVU218
 667              		.loc 1 233 5 is_stmt 0 view .LVU219
 668 0034 0500A0E3 		mov	r0, #5
 669              	.LVL35:
 670              		.loc 1 231 22 view .LVU220
 671 0038 343084E5 		str	r3, [r4, #52]
 672              		.loc 1 232 5 is_stmt 1 view .LVU221
 673              	.LVL36:
 674              	.LBB197:
 675              	.LBI193:
 676              		.loc 2 323 20 view .LVU222
 677              	.LBB195:
 678              		.loc 2 325 3 view .LVU223
 679              		.loc 2 325 17 is_stmt 0 view .LVU224
 680 003c 003084E5 		str	r3, [r4]
 681              		.loc 2 326 3 is_stmt 1 view .LVU225
 682              		.loc 2 326 17 is_stmt 0 view .LVU226
 683 0040 041084E5 		str	r1, [r4, #4]
 684              		.loc 2 327 3 is_stmt 1 view .LVU227
ARM GAS  /tmp/cckM0oFW.s 			page 13


 685              		.loc 2 327 17 is_stmt 0 view .LVU228
 686 0044 004081E5 		str	r4, [r1]
 687              		.loc 2 328 3 is_stmt 1 view .LVU229
 688              		.loc 2 328 17 is_stmt 0 view .LVU230
 689 0048 044083E5 		str	r4, [r3, #4]
 690              	.LVL37:
 691              		.loc 2 328 17 view .LVU231
 692              	.LBE195:
 693              	.LBE197:
 694              		.loc 1 233 5 is_stmt 1 view .LVU232
 695 004c FEFFFFEB 		bl	chSchGoSleepS
 696              	.LVL38:
 697              		.loc 1 235 5 view .LVU233
 698              		.loc 1 235 21 is_stmt 0 view .LVU234
 699 0050 340094E5 		ldr	r0, [r4, #52]
 700              	.LVL39:
 701              		.loc 1 235 21 view .LVU235
 702              	.LBE199:
 703              	.LBE201:
 704              	.LBE202:
 705              		.loc 1 239 1 view .LVU236
 706 0054 1080BDE8 		pop	{r4, pc}
 707              		.cfi_endproc
 708              	.LFE212:
 709              		.size	chSemWaitS, .-chSemWaitS
 710              		.section	.text.chSemWaitTimeout,"ax",%progbits
 711              		.align	2
 712              		.p2align 4,,15
 713              		.global	chSemWaitTimeout
 714              		.syntax unified
 715              		.arm
 716              		.type	chSemWaitTimeout, %function
 717              	chSemWaitTimeout:
 718              	.LVL40:
 719              	.LFB213:
 720              		.loc 1 259 64 is_stmt 1 view -0
 721              		.cfi_startproc
 722              		@ args = 0, pretend = 0, frame = 0
 723              		@ frame_needed = 0, uses_anonymous_args = 0
 724              		.loc 1 259 64 is_stmt 0 view .LVU238
 725 0000 0030A0E1 		mov	r3, r0
 726              		.loc 1 260 3 is_stmt 1 view .LVU239
 727              		.loc 1 262 3 view .LVU240
 728              	.LBB220:
 729              	.LBI220:
 730              		.loc 3 371 20 view .LVU241
 731              		.loc 3 373 3 view .LVU242
 732              	.LBB221:
 733              	.LBI221:
 734              		.loc 4 739 20 view .LVU243
 735              	.LBB222:
 736              		.loc 4 741 3 view .LVU244
 737              		.syntax divided
 738              	@ 741 "../../../os/common/ports/ARMv7-R/chcore.h" 1
 739 0004 80000CF1 		cpsid   i
 740              	@ 0 "" 2
 741              		.arm
ARM GAS  /tmp/cckM0oFW.s 			page 14


 742              		.syntax unified
 743              	.LBE222:
 744              	.LBE221:
 745              		.loc 3 374 35 view .LVU245
 746              		.loc 3 375 21 view .LVU246
 747              	.LBE220:
 748              		.loc 1 263 3 view .LVU247
 749              	.LVL41:
 750              	.LBB223:
 751              	.LBI223:
 752              		.loc 1 287 7 view .LVU248
 753              	.LBB224:
 754              		.loc 1 289 21 view .LVU249
 755              		.loc 1 290 3 view .LVU250
 756              		.loc 1 290 3 view .LVU251
 757              		.loc 1 290 3 discriminator 5 view .LVU252
 758              		.loc 1 291 3 view .LVU253
 759              		.loc 1 291 3 view .LVU254
 760              		.loc 1 291 3 discriminator 19 view .LVU255
 761              		.loc 1 295 3 view .LVU256
 762              		.loc 1 295 11 is_stmt 0 view .LVU257
 763 0008 08C090E5 		ldr	ip, [r0, #8]
 764              		.loc 1 295 7 view .LVU258
 765 000c 01004CE2 		sub	r0, ip, #1
 766              	.LVL42:
 767              		.loc 1 295 6 view .LVU259
 768 0010 000050E3 		cmp	r0, #0
 769 0014 080083E5 		str	r0, [r3, #8]
 770              		.loc 1 308 10 view .LVU260
 771 0018 0000A0A3 		movge	r0, #0
 772              		.loc 1 295 6 view .LVU261
 773 001c 010000BA 		blt	.L40
 774              	.L38:
 775              	.LVL43:
 776              		.loc 1 295 6 view .LVU262
 777              	.LBE224:
 778              	.LBE223:
 779              		.loc 1 264 3 is_stmt 1 view .LVU263
 780              	.LBB244:
 781              	.LBI244:
 782              		.loc 3 385 20 view .LVU264
 783              	.LBB245:
 784              		.loc 3 387 23 view .LVU265
 785              		.loc 3 388 34 view .LVU266
 786              		.loc 3 394 3 view .LVU267
 787              		.loc 3 394 3 view .LVU268
 788              		.loc 3 394 3 discriminator 7 view .LVU269
 789              		.loc 3 398 3 view .LVU270
 790              	.LBB246:
 791              	.LBI246:
 792              		.loc 4 751 20 view .LVU271
 793              	.LBB247:
 794              		.loc 4 756 3 view .LVU272
 795              		.syntax divided
 796              	@ 756 "../../../os/common/ports/ARMv7-R/chcore.h" 1
 797 0020 C00008F1 		cpsie   if
 798              	@ 0 "" 2
ARM GAS  /tmp/cckM0oFW.s 			page 15


 799              		.arm
 800              		.syntax unified
 801              	.LBE247:
 802              	.LBE246:
 803              	.LBE245:
 804              	.LBE244:
 805              		.loc 1 266 3 view .LVU273
 806              		.loc 1 267 1 is_stmt 0 view .LVU274
 807 0024 1EFF2FE1 		bx	lr
 808              	.LVL44:
 809              	.L40:
 810              	.LBB251:
 811              	.LBB242:
 812              	.LBB225:
 813              		.loc 1 296 5 is_stmt 1 view .LVU275
 814              		.loc 1 296 8 is_stmt 0 discriminator 1 view .LVU276
 815 0028 000051E3 		cmp	r1, #0
 816              		.loc 1 299 14 view .LVU277
 817 002c 0000E003 		mvneq	r0, #0
 818              		.loc 1 297 14 view .LVU278
 819 0030 08C08305 		streq	ip, [r3, #8]
 820              		.loc 1 296 8 discriminator 1 view .LVU279
 821 0034 F9FFFF0A 		beq	.L38
 822              	.LVL45:
 823              		.loc 1 296 8 discriminator 1 view .LVU280
 824              	.LBE225:
 825              	.LBB226:
 826              	.LBI226:
 827              		.loc 1 287 7 is_stmt 1 view .LVU281
 828              	.LBB227:
 829              	.LBB228:
 830              		.loc 1 301 5 view .LVU282
 831              	.LBB229:
 832              	.LBI229:
 833              		.loc 5 526 25 view .LVU283
 834              	.LBB230:
 835              		.loc 5 528 3 view .LVU284
 836              		.loc 5 528 10 is_stmt 0 view .LVU285
 837 0038 002000E3 		movw	r2, #:lower16:ch0
 838 003c 002040E3 		movt	r2, #:upper16:ch0
 839              	.LBE230:
 840              	.LBE229:
 841              	.LBB232:
 842              	.LBB233:
 843              		.loc 2 326 21 view .LVU286
 844 0040 04C093E5 		ldr	ip, [r3, #4]
 845              	.LBE233:
 846              	.LBE232:
 847              	.LBB236:
 848              	.LBB231:
 849              		.loc 5 528 10 view .LVU287
 850 0044 0C2092E5 		ldr	r2, [r2, #12]
 851              	.LVL46:
 852              		.loc 5 528 10 view .LVU288
 853              	.LBE231:
 854              	.LBE236:
 855              		.loc 1 302 5 is_stmt 1 view .LVU289
ARM GAS  /tmp/cckM0oFW.s 			page 16


 856              	.LBE228:
 857              	.LBE227:
 858              	.LBE226:
 859              	.LBE242:
 860              	.LBE251:
 861              		.loc 1 259 64 is_stmt 0 view .LVU290
 862 0048 10402DE9 		push	{r4, lr}
 863              		.cfi_def_cfa_offset 8
 864              		.cfi_offset 4, -8
 865              		.cfi_offset 14, -4
 866              	.LBB252:
 867              	.LBB243:
 868              	.LBB241:
 869              	.LBB240:
 870              	.LBB239:
 871              		.loc 1 305 12 view .LVU291
 872 004c 0500A0E3 		mov	r0, #5
 873              	.LBB237:
 874              	.LBB234:
 875              		.loc 2 326 17 view .LVU292
 876 0050 081082E8 		stm	r2, {r3, ip}
 877              	.LBE234:
 878              	.LBE237:
 879              		.loc 1 302 22 view .LVU293
 880 0054 343082E5 		str	r3, [r2, #52]
 881              		.loc 1 303 5 is_stmt 1 view .LVU294
 882              	.LVL47:
 883              	.LBB238:
 884              	.LBI232:
 885              		.loc 2 323 20 view .LVU295
 886              	.LBB235:
 887              		.loc 2 325 3 view .LVU296
 888              		.loc 2 327 3 view .LVU297
 889              		.loc 2 327 17 is_stmt 0 view .LVU298
 890 0058 00208CE5 		str	r2, [ip]
 891              		.loc 2 328 3 is_stmt 1 view .LVU299
 892              		.loc 2 328 17 is_stmt 0 view .LVU300
 893 005c 042083E5 		str	r2, [r3, #4]
 894              	.LVL48:
 895              		.loc 2 328 17 view .LVU301
 896              	.LBE235:
 897              	.LBE238:
 898              		.loc 1 305 5 is_stmt 1 view .LVU302
 899              		.loc 1 305 12 is_stmt 0 view .LVU303
 900 0060 FEFFFFEB 		bl	chSchGoSleepTimeoutS
 901              	.LVL49:
 902              		.loc 1 305 12 view .LVU304
 903              	.LBE239:
 904              	.LBE240:
 905              	.LBE241:
 906              	.LBE243:
 907              	.LBE252:
 908              		.loc 1 264 3 is_stmt 1 view .LVU305
 909              	.LBB253:
 910              		.loc 3 385 20 view .LVU306
 911              	.LBB250:
 912              		.loc 3 387 23 view .LVU307
ARM GAS  /tmp/cckM0oFW.s 			page 17


 913              		.loc 3 388 34 view .LVU308
 914              		.loc 3 394 3 view .LVU309
 915              		.loc 3 394 3 view .LVU310
 916              		.loc 3 394 3 discriminator 7 view .LVU311
 917              		.loc 3 398 3 view .LVU312
 918              	.LBB249:
 919              		.loc 4 751 20 view .LVU313
 920              	.LBB248:
 921              		.loc 4 756 3 view .LVU314
 922              		.syntax divided
 923              	@ 756 "../../../os/common/ports/ARMv7-R/chcore.h" 1
 924 0064 C00008F1 		cpsie   if
 925              	@ 0 "" 2
 926              		.arm
 927              		.syntax unified
 928              	.LBE248:
 929              	.LBE249:
 930              	.LBE250:
 931              	.LBE253:
 932              		.loc 1 266 3 view .LVU315
 933              		.loc 1 267 1 is_stmt 0 view .LVU316
 934 0068 1080BDE8 		pop	{r4, pc}
 935              		.cfi_endproc
 936              	.LFE213:
 937              		.size	chSemWaitTimeout, .-chSemWaitTimeout
 938              		.section	.text.chSemWaitTimeoutS,"ax",%progbits
 939              		.align	2
 940              		.p2align 4,,15
 941              		.global	chSemWaitTimeoutS
 942              		.syntax unified
 943              		.arm
 944              		.type	chSemWaitTimeoutS, %function
 945              	chSemWaitTimeoutS:
 946              	.LVL50:
 947              	.LFB214:
 948              		.loc 1 287 65 is_stmt 1 view -0
 949              		.cfi_startproc
 950              		@ args = 0, pretend = 0, frame = 0
 951              		@ frame_needed = 0, uses_anonymous_args = 0
 952              		@ link register save eliminated.
 953              		.loc 1 287 65 is_stmt 0 view .LVU318
 954 0000 0030A0E1 		mov	r3, r0
 955              		.loc 1 289 21 is_stmt 1 view .LVU319
 956              		.loc 1 290 3 view .LVU320
 957              		.loc 1 290 3 view .LVU321
 958              		.loc 1 290 3 discriminator 5 view .LVU322
 959              		.loc 1 291 3 view .LVU323
 960              		.loc 1 291 3 view .LVU324
 961              		.loc 1 291 3 discriminator 19 view .LVU325
 962              		.loc 1 295 3 view .LVU326
 963              		.loc 1 295 11 is_stmt 0 view .LVU327
 964 0004 08C090E5 		ldr	ip, [r0, #8]
 965              		.loc 1 295 7 view .LVU328
 966 0008 01004CE2 		sub	r0, ip, #1
 967              	.LVL51:
 968              		.loc 1 295 6 view .LVU329
 969 000c 000050E3 		cmp	r0, #0
ARM GAS  /tmp/cckM0oFW.s 			page 18


 970 0010 080083E5 		str	r0, [r3, #8]
 971 0014 010000BA 		blt	.L45
 972              		.loc 1 308 10 view .LVU330
 973 0018 0000A0E3 		mov	r0, #0
 974              		.loc 1 309 1 view .LVU331
 975 001c 1EFF2FE1 		bx	lr
 976              	.L45:
 977              	.LBB262:
 978              		.loc 1 296 5 is_stmt 1 view .LVU332
 979              		.loc 1 296 8 is_stmt 0 discriminator 1 view .LVU333
 980 0020 000051E3 		cmp	r1, #0
 981 0024 0900000A 		beq	.L46
 982              	.LVL52:
 983              		.loc 1 296 8 discriminator 1 view .LVU334
 984              	.LBE262:
 985              	.LBB263:
 986              	.LBI263:
 987              		.loc 1 287 7 is_stmt 1 view .LVU335
 988              	.LBB264:
 989              	.LBB265:
 990              		.loc 1 301 5 view .LVU336
 991              	.LBB266:
 992              	.LBI266:
 993              		.loc 5 526 25 view .LVU337
 994              	.LBB267:
 995              		.loc 5 528 3 view .LVU338
 996              		.loc 5 528 10 is_stmt 0 view .LVU339
 997 0028 002000E3 		movw	r2, #:lower16:ch0
 998 002c 002040E3 		movt	r2, #:upper16:ch0
 999              	.LBE267:
 1000              	.LBE266:
 1001              	.LBB269:
 1002              	.LBB270:
 1003              		.loc 2 326 21 view .LVU340
 1004 0030 04C093E5 		ldr	ip, [r3, #4]
 1005              	.LBE270:
 1006              	.LBE269:
 1007              	.LBB273:
 1008              	.LBB268:
 1009              		.loc 5 528 10 view .LVU341
 1010 0034 0C2092E5 		ldr	r2, [r2, #12]
 1011              	.LVL53:
 1012              		.loc 5 528 10 view .LVU342
 1013              	.LBE268:
 1014              	.LBE273:
 1015              		.loc 1 302 5 is_stmt 1 view .LVU343
 1016              		.loc 1 305 12 is_stmt 0 view .LVU344
 1017 0038 0500A0E3 		mov	r0, #5
 1018              	.LBB274:
 1019              	.LBB271:
 1020              		.loc 2 326 17 view .LVU345
 1021 003c 081082E8 		stm	r2, {r3, ip}
 1022              	.LBE271:
 1023              	.LBE274:
 1024              		.loc 1 302 22 view .LVU346
 1025 0040 343082E5 		str	r3, [r2, #52]
 1026              		.loc 1 303 5 is_stmt 1 view .LVU347
ARM GAS  /tmp/cckM0oFW.s 			page 19


 1027              	.LVL54:
 1028              	.LBB275:
 1029              	.LBI269:
 1030              		.loc 2 323 20 view .LVU348
 1031              	.LBB272:
 1032              		.loc 2 325 3 view .LVU349
 1033              		.loc 2 327 3 view .LVU350
 1034              		.loc 2 327 17 is_stmt 0 view .LVU351
 1035 0044 00208CE5 		str	r2, [ip]
 1036              		.loc 2 328 3 is_stmt 1 view .LVU352
 1037              		.loc 2 328 17 is_stmt 0 view .LVU353
 1038 0048 042083E5 		str	r2, [r3, #4]
 1039              	.LVL55:
 1040              		.loc 2 328 17 view .LVU354
 1041              	.LBE272:
 1042              	.LBE275:
 1043              		.loc 1 305 5 is_stmt 1 view .LVU355
 1044              		.loc 1 305 12 is_stmt 0 view .LVU356
 1045 004c FEFFFFEA 		b	chSchGoSleepTimeoutS
 1046              	.LVL56:
 1047              	.L46:
 1048              		.loc 1 305 12 view .LVU357
 1049              	.LBE265:
 1050              	.LBE264:
 1051              	.LBE263:
 1052              	.LBB276:
 1053              		.loc 1 297 7 is_stmt 1 view .LVU358
 1054              		.loc 1 299 14 is_stmt 0 view .LVU359
 1055 0050 0000E0E3 		mvn	r0, #0
 1056              		.loc 1 297 14 view .LVU360
 1057 0054 08C083E5 		str	ip, [r3, #8]
 1058              		.loc 1 299 7 is_stmt 1 view .LVU361
 1059              		.loc 1 299 14 is_stmt 0 view .LVU362
 1060 0058 1EFF2FE1 		bx	lr
 1061              	.LBE276:
 1062              		.cfi_endproc
 1063              	.LFE214:
 1064              		.size	chSemWaitTimeoutS, .-chSemWaitTimeoutS
 1065              		.section	.text.chSemSignal,"ax",%progbits
 1066              		.align	2
 1067              		.p2align 4,,15
 1068              		.global	chSemSignal
 1069              		.syntax unified
 1070              		.arm
 1071              		.type	chSemSignal, %function
 1072              	chSemSignal:
 1073              	.LVL57:
 1074              	.LFB215:
 1075              		.loc 1 318 35 is_stmt 1 view -0
 1076              		.cfi_startproc
 1077              		@ args = 0, pretend = 0, frame = 0
 1078              		@ frame_needed = 0, uses_anonymous_args = 0
 1079              		.loc 1 320 3 view .LVU364
 1080              		.loc 1 320 3 view .LVU365
 1081              		.loc 1 320 3 discriminator 5 view .LVU366
 1082              		.loc 1 322 3 view .LVU367
 1083              	.LBB277:
ARM GAS  /tmp/cckM0oFW.s 			page 20


 1084              	.LBI277:
 1085              		.loc 3 371 20 view .LVU368
 1086              		.loc 3 373 3 view .LVU369
 1087              	.LBB278:
 1088              	.LBI278:
 1089              		.loc 4 739 20 view .LVU370
 1090              	.LBB279:
 1091              		.loc 4 741 3 view .LVU371
 1092              		.syntax divided
 1093              	@ 741 "../../../os/common/ports/ARMv7-R/chcore.h" 1
 1094 0000 80000CF1 		cpsid   i
 1095              	@ 0 "" 2
 1096              		.arm
 1097              		.syntax unified
 1098              	.LBE279:
 1099              	.LBE278:
 1100              		.loc 3 374 35 view .LVU372
 1101              		.loc 3 375 21 view .LVU373
 1102              	.LBE277:
 1103              		.loc 1 323 3 view .LVU374
 1104              		.loc 1 323 3 view .LVU375
 1105              		.loc 1 323 3 discriminator 19 view .LVU376
 1106              		.loc 1 326 3 view .LVU377
 1107              		.loc 1 326 7 is_stmt 0 view .LVU378
 1108 0004 082090E5 		ldr	r2, [r0, #8]
 1109 0008 012082E2 		add	r2, r2, #1
 1110              		.loc 1 326 6 view .LVU379
 1111 000c 000052E3 		cmp	r2, #0
 1112 0010 082080E5 		str	r2, [r0, #8]
 1113 0014 010000DA 		ble	.L53
 1114              		.loc 1 329 3 is_stmt 1 view .LVU380
 1115              	.LBB280:
 1116              	.LBI280:
 1117              		.loc 3 385 20 view .LVU381
 1118              	.LBB281:
 1119              		.loc 3 387 23 view .LVU382
 1120              		.loc 3 388 34 view .LVU383
 1121              		.loc 3 394 3 view .LVU384
 1122              		.loc 3 394 3 view .LVU385
 1123              		.loc 3 394 3 discriminator 7 view .LVU386
 1124              		.loc 3 398 3 view .LVU387
 1125              	.LBB282:
 1126              	.LBI282:
 1127              		.loc 4 751 20 view .LVU388
 1128              	.LBB283:
 1129              		.loc 4 756 3 view .LVU389
 1130              		.syntax divided
 1131              	@ 756 "../../../os/common/ports/ARMv7-R/chcore.h" 1
 1132 0018 C00008F1 		cpsie   if
 1133              	@ 0 "" 2
 1134              		.arm
 1135              		.syntax unified
 1136 001c 1EFF2FE1 		bx	lr
 1137              	.L53:
 1138 0020 0030A0E1 		mov	r3, r0
 1139              	.LBE283:
 1140              	.LBE282:
ARM GAS  /tmp/cckM0oFW.s 			page 21


 1141              	.LBE281:
 1142              	.LBE280:
 1143              		.loc 1 327 5 view .LVU390
 1144              	.LVL58:
 1145              	.LBB287:
 1146              	.LBI287:
 1147              		.loc 2 341 27 view .LVU391
 1148              	.LBB288:
 1149              		.loc 2 343 3 view .LVU392
 1150              		.loc 2 343 3 view .LVU393
 1151              		.loc 2 343 3 discriminator 5 view .LVU394
 1152              		.loc 2 345 3 view .LVU395
 1153              		.loc 2 345 15 is_stmt 0 view .LVU396
 1154 0024 000090E5 		ldr	r0, [r0]
 1155              	.LVL59:
 1156              		.loc 2 347 3 is_stmt 1 view .LVU397
 1157              	.LBE288:
 1158              	.LBE287:
 1159              		.loc 1 318 35 is_stmt 0 view .LVU398
 1160 0028 10402DE9 		push	{r4, lr}
 1161              		.cfi_def_cfa_offset 8
 1162              		.cfi_offset 4, -8
 1163              		.cfi_offset 14, -4
 1164              	.LBB291:
 1165              	.LBB289:
 1166              		.loc 2 347 21 view .LVU399
 1167 002c 002090E5 		ldr	r2, [r0]
 1168              	.LBE289:
 1169              	.LBE291:
 1170              		.loc 1 327 5 discriminator 1 view .LVU400
 1171 0030 0010A0E3 		mov	r1, #0
 1172              	.LBB292:
 1173              	.LBB290:
 1174              		.loc 2 347 18 view .LVU401
 1175 0034 002083E5 		str	r2, [r3]
 1176              		.loc 2 348 3 is_stmt 1 view .LVU402
 1177              		.loc 2 348 18 is_stmt 0 view .LVU403
 1178 0038 043082E5 		str	r3, [r2, #4]
 1179              		.loc 2 350 3 is_stmt 1 view .LVU404
 1180              	.LVL60:
 1181              		.loc 2 350 3 is_stmt 0 view .LVU405
 1182              	.LBE290:
 1183              	.LBE292:
 1184              		.loc 1 327 5 discriminator 1 view .LVU406
 1185 003c FEFFFFEB 		bl	chSchWakeupS
 1186              	.LVL61:
 1187              		.loc 1 329 3 is_stmt 1 view .LVU407
 1188              	.LBB293:
 1189              		.loc 3 385 20 view .LVU408
 1190              	.LBB286:
 1191              		.loc 3 387 23 view .LVU409
 1192              		.loc 3 388 34 view .LVU410
 1193              		.loc 3 394 3 view .LVU411
 1194              		.loc 3 394 3 view .LVU412
 1195              		.loc 3 394 3 discriminator 7 view .LVU413
 1196              		.loc 3 398 3 view .LVU414
 1197              	.LBB285:
ARM GAS  /tmp/cckM0oFW.s 			page 22


 1198              		.loc 4 751 20 view .LVU415
 1199              	.LBB284:
 1200              		.loc 4 756 3 view .LVU416
 1201              		.syntax divided
 1202              	@ 756 "../../../os/common/ports/ARMv7-R/chcore.h" 1
 1203 0040 C00008F1 		cpsie   if
 1204              	@ 0 "" 2
 1205              		.arm
 1206              		.syntax unified
 1207              	.LBE284:
 1208              	.LBE285:
 1209              	.LBE286:
 1210              	.LBE293:
 1211              		.loc 1 330 1 is_stmt 0 view .LVU417
 1212 0044 1080BDE8 		pop	{r4, pc}
 1213              		.cfi_endproc
 1214              	.LFE215:
 1215              		.size	chSemSignal, .-chSemSignal
 1216              		.section	.text.chSemSignalI,"ax",%progbits
 1217              		.align	2
 1218              		.p2align 4,,15
 1219              		.global	chSemSignalI
 1220              		.syntax unified
 1221              		.arm
 1222              		.type	chSemSignalI, %function
 1223              	chSemSignalI:
 1224              	.LVL62:
 1225              	.LFB216:
 1226              		.loc 1 343 36 is_stmt 1 view -0
 1227              		.cfi_startproc
 1228              		@ args = 0, pretend = 0, frame = 0
 1229              		@ frame_needed = 0, uses_anonymous_args = 0
 1230              		@ link register save eliminated.
 1231              		.loc 1 345 21 view .LVU419
 1232              		.loc 1 346 3 view .LVU420
 1233              		.loc 1 346 3 view .LVU421
 1234              		.loc 1 346 3 discriminator 5 view .LVU422
 1235              		.loc 1 347 3 view .LVU423
 1236              		.loc 1 347 3 view .LVU424
 1237              		.loc 1 347 3 discriminator 19 view .LVU425
 1238              		.loc 1 351 3 view .LVU426
 1239              		.loc 1 351 7 is_stmt 0 view .LVU427
 1240 0000 082090E5 		ldr	r2, [r0, #8]
 1241              		.loc 1 343 36 view .LVU428
 1242 0004 0030A0E1 		mov	r3, r0
 1243              		.loc 1 351 7 view .LVU429
 1244 0008 012082E2 		add	r2, r2, #1
 1245              		.loc 1 351 6 view .LVU430
 1246 000c 000052E3 		cmp	r2, #0
 1247 0010 082080E5 		str	r2, [r0, #8]
 1248 0014 1EFF2FC1 		bxgt	lr
 1249              	.LBB294:
 1250              		.loc 1 354 5 is_stmt 1 view .LVU431
 1251              	.LVL63:
 1252              	.LBB295:
 1253              	.LBI295:
 1254              		.loc 2 341 27 view .LVU432
ARM GAS  /tmp/cckM0oFW.s 			page 23


 1255              	.LBB296:
 1256              		.loc 2 343 3 view .LVU433
 1257              		.loc 2 343 3 view .LVU434
 1258              		.loc 2 343 3 discriminator 5 view .LVU435
 1259              		.loc 2 345 3 view .LVU436
 1260              	.LBE296:
 1261              	.LBE295:
 1262              		.loc 1 355 18 is_stmt 0 view .LVU437
 1263 0018 0010A0E3 		mov	r1, #0
 1264              	.LBB298:
 1265              	.LBB297:
 1266              		.loc 2 345 15 view .LVU438
 1267 001c 000090E5 		ldr	r0, [r0]
 1268              	.LVL64:
 1269              		.loc 2 347 3 is_stmt 1 view .LVU439
 1270              		.loc 2 347 21 is_stmt 0 view .LVU440
 1271 0020 002090E5 		ldr	r2, [r0]
 1272              		.loc 2 347 18 view .LVU441
 1273 0024 002083E5 		str	r2, [r3]
 1274              		.loc 2 348 3 is_stmt 1 view .LVU442
 1275              		.loc 2 348 18 is_stmt 0 view .LVU443
 1276 0028 043082E5 		str	r3, [r2, #4]
 1277              		.loc 2 350 3 is_stmt 1 view .LVU444
 1278              	.LVL65:
 1279              		.loc 2 350 3 is_stmt 0 view .LVU445
 1280              	.LBE297:
 1281              	.LBE298:
 1282              		.loc 1 355 5 is_stmt 1 view .LVU446
 1283              		.loc 1 355 18 is_stmt 0 view .LVU447
 1284 002c 341080E5 		str	r1, [r0, #52]
 1285              		.loc 1 356 5 is_stmt 1 view .LVU448
 1286              		.loc 1 356 12 is_stmt 0 view .LVU449
 1287 0030 FEFFFFEA 		b	chSchReadyI
 1288              	.LVL66:
 1289              		.loc 1 356 12 view .LVU450
 1290              	.LBE294:
 1291              		.cfi_endproc
 1292              	.LFE216:
 1293              		.size	chSemSignalI, .-chSemSignalI
 1294              		.section	.text.chSemAddCounterI,"ax",%progbits
 1295              		.align	2
 1296              		.p2align 4,,15
 1297              		.global	chSemAddCounterI
 1298              		.syntax unified
 1299              		.arm
 1300              		.type	chSemAddCounterI, %function
 1301              	chSemAddCounterI:
 1302              	.LVL67:
 1303              	.LFB217:
 1304              		.loc 1 373 49 is_stmt 1 view -0
 1305              		.cfi_startproc
 1306              		@ args = 0, pretend = 0, frame = 0
 1307              		@ frame_needed = 0, uses_anonymous_args = 0
 1308              		.loc 1 375 21 view .LVU452
 1309              		.loc 1 376 3 view .LVU453
 1310              		.loc 1 376 3 view .LVU454
 1311              		.loc 1 376 3 discriminator 5 view .LVU455
ARM GAS  /tmp/cckM0oFW.s 			page 24


 1312              		.loc 1 377 3 view .LVU456
 1313              		.loc 1 377 3 view .LVU457
 1314              		.loc 1 377 3 discriminator 19 view .LVU458
 1315              		.loc 1 381 3 view .LVU459
 1316              		.loc 1 381 12 view .LVU460
 1317              		.loc 1 373 49 is_stmt 0 view .LVU461
 1318 0000 70402DE9 		push	{r4, r5, r6, lr}
 1319              		.cfi_def_cfa_offset 16
 1320              		.cfi_offset 4, -16
 1321              		.cfi_offset 5, -12
 1322              		.cfi_offset 6, -8
 1323              		.cfi_offset 14, -4
 1324              		.loc 1 381 12 view .LVU462
 1325 0004 004051E2 		subs	r4, r1, #0
 1326 0008 7080BDD8 		pople	{r4, r5, r6, pc}
 1327 000c 0050A0E1 		mov	r5, r0
 1328              		.loc 1 383 74 discriminator 2 view .LVU463
 1329 0010 0060A0E3 		mov	r6, #0
 1330 0014 010000EA 		b	.L59
 1331              	.LVL68:
 1332              	.L58:
 1333              		.loc 1 385 5 is_stmt 1 view .LVU464
 1334              		.loc 1 381 12 view .LVU465
 1335 0018 014054E2 		subs	r4, r4, #1
 1336              	.LVL69:
 1337              		.loc 1 381 12 is_stmt 0 view .LVU466
 1338 001c 7080BD08 		popeq	{r4, r5, r6, pc}
 1339              	.LVL70:
 1340              	.L59:
 1341              		.loc 1 382 5 is_stmt 1 view .LVU467
 1342              		.loc 1 382 9 is_stmt 0 view .LVU468
 1343 0020 083095E5 		ldr	r3, [r5, #8]
 1344 0024 013083E2 		add	r3, r3, #1
 1345              		.loc 1 382 8 view .LVU469
 1346 0028 000053E3 		cmp	r3, #0
 1347 002c 083085E5 		str	r3, [r5, #8]
 1348 0030 F8FFFFCA 		bgt	.L58
 1349              		.loc 1 383 7 is_stmt 1 view .LVU470
 1350              	.LVL71:
 1351              	.LBB299:
 1352              	.LBI299:
 1353              		.loc 2 341 27 view .LVU471
 1354              	.LBB300:
 1355              		.loc 2 343 3 view .LVU472
 1356              		.loc 2 343 3 view .LVU473
 1357              		.loc 2 343 3 discriminator 5 view .LVU474
 1358              		.loc 2 345 3 view .LVU475
 1359              		.loc 2 345 15 is_stmt 0 view .LVU476
 1360 0034 000095E5 		ldr	r0, [r5]
 1361              	.LVL72:
 1362              		.loc 2 347 3 is_stmt 1 view .LVU477
 1363              		.loc 2 347 21 is_stmt 0 view .LVU478
 1364 0038 003090E5 		ldr	r3, [r0]
 1365              		.loc 2 347 18 view .LVU479
 1366 003c 003085E5 		str	r3, [r5]
 1367              		.loc 2 348 3 is_stmt 1 view .LVU480
 1368              		.loc 2 348 18 is_stmt 0 view .LVU481
ARM GAS  /tmp/cckM0oFW.s 			page 25


 1369 0040 045083E5 		str	r5, [r3, #4]
 1370              		.loc 2 350 3 is_stmt 1 view .LVU482
 1371              	.LVL73:
 1372              		.loc 2 350 3 is_stmt 0 view .LVU483
 1373              	.LBE300:
 1374              	.LBE299:
 1375              		.loc 1 383 7 discriminator 1 view .LVU484
 1376 0044 FEFFFFEB 		bl	chSchReadyI
 1377              	.LVL74:
 1378              		.loc 1 381 12 view .LVU485
 1379 0048 014054E2 		subs	r4, r4, #1
 1380              	.LVL75:
 1381              		.loc 1 383 74 discriminator 2 view .LVU486
 1382 004c 346080E5 		str	r6, [r0, #52]
 1383              		.loc 1 385 5 is_stmt 1 view .LVU487
 1384              	.LVL76:
 1385              		.loc 1 381 12 view .LVU488
 1386 0050 F2FFFF1A 		bne	.L59
 1387 0054 7080BDE8 		pop	{r4, r5, r6, pc}
 1388              		.cfi_endproc
 1389              	.LFE217:
 1390              		.size	chSemAddCounterI, .-chSemAddCounterI
 1391              		.section	.text.chSemSignalWait,"ax",%progbits
 1392              		.align	2
 1393              		.p2align 4,,15
 1394              		.global	chSemSignalWait
 1395              		.syntax unified
 1396              		.arm
 1397              		.type	chSemSignalWait, %function
 1398              	chSemSignalWait:
 1399              	.LVL77:
 1400              	.LFB218:
 1401              		.loc 1 402 59 view -0
 1402              		.cfi_startproc
 1403              		@ args = 0, pretend = 0, frame = 0
 1404              		@ frame_needed = 0, uses_anonymous_args = 0
 1405              		.loc 1 403 3 view .LVU490
 1406              		.loc 1 405 3 view .LVU491
 1407              		.loc 1 405 3 view .LVU492
 1408              		.loc 1 405 3 discriminator 5 view .LVU493
 1409              		.loc 1 407 3 view .LVU494
 1410              	.LBB301:
 1411              	.LBI301:
 1412              		.loc 3 371 20 view .LVU495
 1413              		.loc 3 373 3 view .LVU496
 1414              	.LBB302:
 1415              	.LBI302:
 1416              		.loc 4 739 20 view .LVU497
 1417              	.LBB303:
 1418              		.loc 4 741 3 view .LVU498
 1419              	.LBE303:
 1420              	.LBE302:
 1421              	.LBE301:
 1422              		.loc 1 402 59 is_stmt 0 view .LVU499
 1423 0000 70402DE9 		push	{r4, r5, r6, lr}
 1424              		.cfi_def_cfa_offset 16
 1425              		.cfi_offset 4, -16
ARM GAS  /tmp/cckM0oFW.s 			page 26


 1426              		.cfi_offset 5, -12
 1427              		.cfi_offset 6, -8
 1428              		.cfi_offset 14, -4
 1429              		.loc 1 402 59 view .LVU500
 1430 0004 0140A0E1 		mov	r4, r1
 1431              	.LBB306:
 1432              	.LBB305:
 1433              	.LBB304:
 1434              		.loc 4 741 3 view .LVU501
 1435              		.syntax divided
 1436              	@ 741 "../../../os/common/ports/ARMv7-R/chcore.h" 1
 1437 0008 80000CF1 		cpsid   i
 1438              	@ 0 "" 2
 1439              		.arm
 1440              		.syntax unified
 1441              	.LBE304:
 1442              	.LBE305:
 1443              		.loc 3 374 35 is_stmt 1 view .LVU502
 1444              		.loc 3 375 21 view .LVU503
 1445              	.LBE306:
 1446              		.loc 1 408 3 view .LVU504
 1447              		.loc 1 408 3 view .LVU505
 1448              		.loc 1 408 3 discriminator 19 view .LVU506
 1449              		.loc 1 411 3 view .LVU507
 1450              		.loc 1 411 3 view .LVU508
 1451              		.loc 1 411 3 discriminator 19 view .LVU509
 1452              		.loc 1 414 3 view .LVU510
 1453              		.loc 1 414 7 is_stmt 0 view .LVU511
 1454 000c 082090E5 		ldr	r2, [r0, #8]
 1455 0010 012082E2 		add	r2, r2, #1
 1456              		.loc 1 414 6 view .LVU512
 1457 0014 000052E3 		cmp	r2, #0
 1458 0018 082080E5 		str	r2, [r0, #8]
 1459 001c 160000DA 		ble	.L67
 1460              	.LVL78:
 1461              	.L63:
 1462              		.loc 1 417 3 is_stmt 1 view .LVU513
 1463              		.loc 1 417 7 is_stmt 0 view .LVU514
 1464 0020 083094E5 		ldr	r3, [r4, #8]
 1465 0024 013043E2 		sub	r3, r3, #1
 1466              		.loc 1 417 6 view .LVU515
 1467 0028 000053E3 		cmp	r3, #0
 1468 002c 083084E5 		str	r3, [r4, #8]
 1469 0030 030000BA 		blt	.L68
 1470              		.loc 1 425 5 is_stmt 1 view .LVU516
 1471 0034 FEFFFFEB 		bl	chSchRescheduleS
 1472              	.LVL79:
 1473              		.loc 1 426 5 view .LVU517
 1474              		.loc 1 426 9 is_stmt 0 view .LVU518
 1475 0038 0000A0E3 		mov	r0, #0
 1476              	.LVL80:
 1477              		.loc 1 428 3 is_stmt 1 view .LVU519
 1478              	.LBB307:
 1479              	.LBI307:
 1480              		.loc 3 385 20 view .LVU520
 1481              	.LBB308:
 1482              		.loc 3 387 23 view .LVU521
ARM GAS  /tmp/cckM0oFW.s 			page 27


 1483              		.loc 3 388 34 view .LVU522
 1484              		.loc 3 394 3 view .LVU523
 1485              		.loc 3 394 3 view .LVU524
 1486              		.loc 3 394 3 discriminator 7 view .LVU525
 1487              		.loc 3 398 3 view .LVU526
 1488              	.LBB309:
 1489              	.LBI309:
 1490              		.loc 4 751 20 view .LVU527
 1491              	.LBB310:
 1492              		.loc 4 756 3 view .LVU528
 1493              		.syntax divided
 1494              	@ 756 "../../../os/common/ports/ARMv7-R/chcore.h" 1
 1495 003c C00008F1 		cpsie   if
 1496              	@ 0 "" 2
 1497              		.arm
 1498              		.syntax unified
 1499              	.LBE310:
 1500              	.LBE309:
 1501              	.LBE308:
 1502              	.LBE307:
 1503              		.loc 1 430 3 view .LVU529
 1504              		.loc 1 431 1 is_stmt 0 view .LVU530
 1505 0040 7080BDE8 		pop	{r4, r5, r6, pc}
 1506              	.LVL81:
 1507              	.L68:
 1508              	.LBB314:
 1509              		.loc 1 418 5 is_stmt 1 view .LVU531
 1510              	.LBB315:
 1511              	.LBI315:
 1512              		.loc 5 526 25 view .LVU532
 1513              	.LBB316:
 1514              		.loc 5 528 3 view .LVU533
 1515              		.loc 5 528 10 is_stmt 0 view .LVU534
 1516 0044 003000E3 		movw	r3, #:lower16:ch0
 1517 0048 003040E3 		movt	r3, #:upper16:ch0
 1518 004c 0C5093E5 		ldr	r5, [r3, #12]
 1519              	.LVL82:
 1520              		.loc 5 528 10 view .LVU535
 1521              	.LBE316:
 1522              	.LBE315:
 1523              		.loc 1 419 5 is_stmt 1 view .LVU536
 1524              	.LBB317:
 1525              	.LBI317:
 1526              		.loc 2 323 20 view .LVU537
 1527              	.LBB318:
 1528              		.loc 2 325 3 view .LVU538
 1529              		.loc 2 326 21 is_stmt 0 view .LVU539
 1530 0050 042094E5 		ldr	r2, [r4, #4]
 1531              	.LBE318:
 1532              	.LBE317:
 1533              		.loc 1 421 5 view .LVU540
 1534 0054 0500A0E3 		mov	r0, #5
 1535              	.LBB320:
 1536              	.LBB319:
 1537              		.loc 2 325 17 view .LVU541
 1538 0058 004085E5 		str	r4, [r5]
 1539              		.loc 2 326 3 is_stmt 1 view .LVU542
ARM GAS  /tmp/cckM0oFW.s 			page 28


 1540              		.loc 2 326 17 is_stmt 0 view .LVU543
 1541 005c 042085E5 		str	r2, [r5, #4]
 1542              		.loc 2 327 3 is_stmt 1 view .LVU544
 1543              		.loc 2 327 17 is_stmt 0 view .LVU545
 1544 0060 005082E5 		str	r5, [r2]
 1545              		.loc 2 328 3 is_stmt 1 view .LVU546
 1546              		.loc 2 328 17 is_stmt 0 view .LVU547
 1547 0064 045084E5 		str	r5, [r4, #4]
 1548              	.LVL83:
 1549              		.loc 2 328 17 view .LVU548
 1550              	.LBE319:
 1551              	.LBE320:
 1552              		.loc 1 420 5 is_stmt 1 view .LVU549
 1553              		.loc 1 420 22 is_stmt 0 view .LVU550
 1554 0068 344085E5 		str	r4, [r5, #52]
 1555              		.loc 1 421 5 is_stmt 1 view .LVU551
 1556 006c FEFFFFEB 		bl	chSchGoSleepS
 1557              	.LVL84:
 1558              		.loc 1 422 5 view .LVU552
 1559              		.loc 1 422 9 is_stmt 0 view .LVU553
 1560 0070 340095E5 		ldr	r0, [r5, #52]
 1561              	.LVL85:
 1562              		.loc 1 422 9 view .LVU554
 1563              	.LBE314:
 1564              		.loc 1 428 3 is_stmt 1 view .LVU555
 1565              	.LBB321:
 1566              		.loc 3 385 20 view .LVU556
 1567              	.LBB313:
 1568              		.loc 3 387 23 view .LVU557
 1569              		.loc 3 388 34 view .LVU558
 1570              		.loc 3 394 3 view .LVU559
 1571              		.loc 3 394 3 view .LVU560
 1572              		.loc 3 394 3 discriminator 7 view .LVU561
 1573              		.loc 3 398 3 view .LVU562
 1574              	.LBB312:
 1575              		.loc 4 751 20 view .LVU563
 1576              	.LBB311:
 1577              		.loc 4 756 3 view .LVU564
 1578              		.syntax divided
 1579              	@ 756 "../../../os/common/ports/ARMv7-R/chcore.h" 1
 1580 0074 C00008F1 		cpsie   if
 1581              	@ 0 "" 2
 1582              		.arm
 1583              		.syntax unified
 1584              	.LBE311:
 1585              	.LBE312:
 1586              	.LBE313:
 1587              	.LBE321:
 1588              		.loc 1 430 3 view .LVU565
 1589              		.loc 1 431 1 is_stmt 0 view .LVU566
 1590 0078 7080BDE8 		pop	{r4, r5, r6, pc}
 1591              	.LVL86:
 1592              	.L67:
 1593              		.loc 1 431 1 view .LVU567
 1594 007c 0030A0E1 		mov	r3, r0
 1595              		.loc 1 415 5 is_stmt 1 view .LVU568
 1596              	.LVL87:
ARM GAS  /tmp/cckM0oFW.s 			page 29


 1597              	.LBB322:
 1598              	.LBI322:
 1599              		.loc 2 341 27 view .LVU569
 1600              	.LBB323:
 1601              		.loc 2 343 3 view .LVU570
 1602              		.loc 2 343 3 view .LVU571
 1603              		.loc 2 343 3 discriminator 5 view .LVU572
 1604              		.loc 2 345 3 view .LVU573
 1605              		.loc 2 345 15 is_stmt 0 view .LVU574
 1606 0080 000090E5 		ldr	r0, [r0]
 1607              	.LVL88:
 1608              		.loc 2 347 3 is_stmt 1 view .LVU575
 1609              		.loc 2 347 21 is_stmt 0 view .LVU576
 1610 0084 002090E5 		ldr	r2, [r0]
 1611              		.loc 2 347 18 view .LVU577
 1612 0088 002083E5 		str	r2, [r3]
 1613              		.loc 2 348 3 is_stmt 1 view .LVU578
 1614              		.loc 2 348 18 is_stmt 0 view .LVU579
 1615 008c 043082E5 		str	r3, [r2, #4]
 1616              		.loc 2 350 3 is_stmt 1 view .LVU580
 1617              	.LVL89:
 1618              		.loc 2 350 3 is_stmt 0 view .LVU581
 1619              	.LBE323:
 1620              	.LBE322:
 1621              		.loc 1 415 5 discriminator 1 view .LVU582
 1622 0090 FEFFFFEB 		bl	chSchReadyI
 1623              	.LVL90:
 1624              		.loc 1 415 73 discriminator 2 view .LVU583
 1625 0094 0030A0E3 		mov	r3, #0
 1626 0098 343080E5 		str	r3, [r0, #52]
 1627 009c DFFFFFEA 		b	.L63
 1628              		.cfi_endproc
 1629              	.LFE218:
 1630              		.size	chSemSignalWait, .-chSemSignalWait
 1631              		.text
 1632              	.Letext0:
 1633              		.file 6 "/home/emirhan/Documents/gemstone/chibiOS-port/tools/arm-gnu-toolchain-13.3.rel1-x86_64-ar
 1634              		.file 7 "/home/emirhan/Documents/gemstone/chibiOS-port/tools/arm-gnu-toolchain-13.3.rel1-x86_64-ar
 1635              		.file 8 "../../../os/common/ports/ARM-common/include/chtypes.h"
 1636              		.file 9 "../../../os/rt/include/chearly.h"
 1637              		.file 10 "../../../os/rt/include/chobjects.h"
 1638              		.file 11 "../../../os/rt/include/chrfcu.h"
 1639              		.file 12 "../../../os/rt/include/chdebug.h"
 1640              		.file 13 "../../../os/rt/include/chtime.h"
 1641              		.file 14 "../../../os/rt/include/chsem.h"
 1642              		.file 15 "../../../os/rt/include/chmtx.h"
 1643              		.file 16 "../../../os/rt/include/chschd.h"
 1644              		.section	.debug_info,"",%progbits
 1645              	.Ldebug_info0:
 1646 0000 9C140000 		.4byte	0x149c
 1647 0004 0500     		.2byte	0x5
 1648 0006 01       		.byte	0x1
 1649 0007 04       		.byte	0x4
 1650 0008 00000000 		.4byte	.Ldebug_abbrev0
 1651 000c 36       		.uleb128 0x36
 1652 000d 7A040000 		.4byte	.LASF142
 1653 0011 1D       		.byte	0x1d
ARM GAS  /tmp/cckM0oFW.s 			page 30


 1654 0012 B3010000 		.4byte	.LASF143
 1655 0016 A9060000 		.4byte	.LASF144
 1656 001a 6E010000 		.4byte	.LLRL92
 1657 001e 00000000 		.4byte	0
 1658 0022 00000000 		.4byte	.Ldebug_line0
 1659 0026 07       		.uleb128 0x7
 1660 0027 08       		.byte	0x8
 1661 0028 07       		.byte	0x7
 1662 0029 9C010000 		.4byte	.LASF0
 1663 002d 07       		.uleb128 0x7
 1664 002e 04       		.byte	0x4
 1665 002f 07       		.byte	0x7
 1666 0030 79000000 		.4byte	.LASF1
 1667 0034 37       		.uleb128 0x37
 1668 0035 04       		.byte	0x4
 1669 0036 05       		.byte	0x5
 1670 0037 696E7400 		.ascii	"int\000"
 1671 003b 07       		.uleb128 0x7
 1672 003c 08       		.byte	0x8
 1673 003d 05       		.byte	0x5
 1674 003e 8A030000 		.4byte	.LASF2
 1675 0042 07       		.uleb128 0x7
 1676 0043 08       		.byte	0x8
 1677 0044 04       		.byte	0x4
 1678 0045 3E040000 		.4byte	.LASF3
 1679 0049 07       		.uleb128 0x7
 1680 004a 01       		.byte	0x1
 1681 004b 06       		.byte	0x6
 1682 004c 49070000 		.4byte	.LASF4
 1683 0050 02       		.uleb128 0x2
 1684 0051 A7050000 		.4byte	.LASF8
 1685 0055 06       		.byte	0x6
 1686 0056 2B       		.byte	0x2b
 1687 0057 18       		.byte	0x18
 1688 0058 5C000000 		.4byte	0x5c
 1689 005c 07       		.uleb128 0x7
 1690 005d 01       		.byte	0x1
 1691 005e 08       		.byte	0x8
 1692 005f 6A060000 		.4byte	.LASF5
 1693 0063 07       		.uleb128 0x7
 1694 0064 02       		.byte	0x2
 1695 0065 05       		.byte	0x5
 1696 0066 5B040000 		.4byte	.LASF6
 1697 006a 07       		.uleb128 0x7
 1698 006b 02       		.byte	0x2
 1699 006c 07       		.byte	0x7
 1700 006d 5B070000 		.4byte	.LASF7
 1701 0071 02       		.uleb128 0x2
 1702 0072 93000000 		.4byte	.LASF9
 1703 0076 06       		.byte	0x6
 1704 0077 4D       		.byte	0x4d
 1705 0078 18       		.byte	0x18
 1706 0079 7D000000 		.4byte	0x7d
 1707 007d 07       		.uleb128 0x7
 1708 007e 04       		.byte	0x4
 1709 007f 05       		.byte	0x5
 1710 0080 65040000 		.4byte	.LASF10
ARM GAS  /tmp/cckM0oFW.s 			page 31


 1711 0084 02       		.uleb128 0x2
 1712 0085 78060000 		.4byte	.LASF11
 1713 0089 06       		.byte	0x6
 1714 008a 4F       		.byte	0x4f
 1715 008b 19       		.byte	0x19
 1716 008c 90000000 		.4byte	0x90
 1717 0090 07       		.uleb128 0x7
 1718 0091 04       		.byte	0x4
 1719 0092 07       		.byte	0x7
 1720 0093 D8050000 		.4byte	.LASF12
 1721 0097 02       		.uleb128 0x2
 1722 0098 BF020000 		.4byte	.LASF13
 1723 009c 06       		.byte	0x6
 1724 009d 69       		.byte	0x69
 1725 009e 19       		.byte	0x19
 1726 009f 26000000 		.4byte	0x26
 1727 00a3 38       		.uleb128 0x38
 1728 00a4 04       		.byte	0x4
 1729 00a5 07       		.uleb128 0x7
 1730 00a6 01       		.byte	0x1
 1731 00a7 08       		.byte	0x8
 1732 00a8 15030000 		.4byte	.LASF14
 1733 00ac 08       		.uleb128 0x8
 1734 00ad A5000000 		.4byte	0xa5
 1735 00b1 05       		.uleb128 0x5
 1736 00b2 AC000000 		.4byte	0xac
 1737 00b6 20       		.uleb128 0x20
 1738 00b7 B1000000 		.4byte	0xb1
 1739 00bb 02       		.uleb128 0x2
 1740 00bc 60030000 		.4byte	.LASF15
 1741 00c0 07       		.byte	0x7
 1742 00c1 18       		.byte	0x18
 1743 00c2 13       		.byte	0x13
 1744 00c3 50000000 		.4byte	0x50
 1745 00c7 02       		.uleb128 0x2
 1746 00c8 12060000 		.4byte	.LASF16
 1747 00cc 07       		.byte	0x7
 1748 00cd 2C       		.byte	0x2c
 1749 00ce 13       		.byte	0x13
 1750 00cf 71000000 		.4byte	0x71
 1751 00d3 02       		.uleb128 0x2
 1752 00d4 32010000 		.4byte	.LASF17
 1753 00d8 07       		.byte	0x7
 1754 00d9 30       		.byte	0x30
 1755 00da 14       		.byte	0x14
 1756 00db 84000000 		.4byte	0x84
 1757 00df 02       		.uleb128 0x2
 1758 00e0 86050000 		.4byte	.LASF18
 1759 00e4 07       		.byte	0x7
 1760 00e5 3C       		.byte	0x3c
 1761 00e6 14       		.byte	0x14
 1762 00e7 97000000 		.4byte	0x97
 1763 00eb 20       		.uleb128 0x20
 1764 00ec DF000000 		.4byte	0xdf
 1765 00f0 02       		.uleb128 0x2
 1766 00f1 3C000000 		.4byte	.LASF19
 1767 00f5 08       		.byte	0x8
ARM GAS  /tmp/cckM0oFW.s 			page 32


 1768 00f6 47       		.byte	0x47
 1769 00f7 1D       		.byte	0x1d
 1770 00f8 DF000000 		.4byte	0xdf
 1771 00fc 02       		.uleb128 0x2
 1772 00fd DB010000 		.4byte	.LASF20
 1773 0101 09       		.byte	0x9
 1774 0102 4F       		.byte	0x4f
 1775 0103 19       		.byte	0x19
 1776 0104 F0000000 		.4byte	0xf0
 1777 0108 02       		.uleb128 0x2
 1778 0109 23040000 		.4byte	.LASF21
 1779 010d 09       		.byte	0x9
 1780 010e 52       		.byte	0x52
 1781 010f 19       		.byte	0x19
 1782 0110 BB000000 		.4byte	0xbb
 1783 0114 02       		.uleb128 0x2
 1784 0115 50030000 		.4byte	.LASF22
 1785 0119 09       		.byte	0x9
 1786 011a 53       		.byte	0x53
 1787 011b 19       		.byte	0x19
 1788 011c BB000000 		.4byte	0xbb
 1789 0120 02       		.uleb128 0x2
 1790 0121 D0050000 		.4byte	.LASF23
 1791 0125 09       		.byte	0x9
 1792 0126 54       		.byte	0x54
 1793 0127 19       		.byte	0x19
 1794 0128 BB000000 		.4byte	0xbb
 1795 012c 02       		.uleb128 0x2
 1796 012d 5C010000 		.4byte	.LASF24
 1797 0131 09       		.byte	0x9
 1798 0132 56       		.byte	0x56
 1799 0133 19       		.byte	0x19
 1800 0134 D3000000 		.4byte	0xd3
 1801 0138 02       		.uleb128 0x2
 1802 0139 98030000 		.4byte	.LASF25
 1803 013d 09       		.byte	0x9
 1804 013e 57       		.byte	0x57
 1805 013f 19       		.byte	0x19
 1806 0140 C7000000 		.4byte	0xc7
 1807 0144 02       		.uleb128 0x2
 1808 0145 43010000 		.4byte	.LASF26
 1809 0149 09       		.byte	0x9
 1810 014a 59       		.byte	0x59
 1811 014b 19       		.byte	0x19
 1812 014c D3000000 		.4byte	0xd3
 1813 0150 02       		.uleb128 0x2
 1814 0151 D5010000 		.4byte	.LASF27
 1815 0155 09       		.byte	0x9
 1816 0156 5B       		.byte	0x5b
 1817 0157 19       		.byte	0x19
 1818 0158 C7000000 		.4byte	0xc7
 1819 015c 02       		.uleb128 0x2
 1820 015d 94070000 		.4byte	.LASF28
 1821 0161 09       		.byte	0x9
 1822 0162 7F       		.byte	0x7f
 1823 0163 12       		.byte	0x12
 1824 0164 2D000000 		.4byte	0x2d
ARM GAS  /tmp/cckM0oFW.s 			page 33


 1825 0168 02       		.uleb128 0x2
 1826 0169 56020000 		.4byte	.LASF29
 1827 016d 09       		.byte	0x9
 1828 016e 84       		.byte	0x84
 1829 016f 1A       		.byte	0x1a
 1830 0170 74010000 		.4byte	0x174
 1831 0174 09       		.uleb128 0x9
 1832 0175 71030000 		.4byte	.LASF47
 1833 0179 54       		.byte	0x54
 1834 017a 0A       		.byte	0xa
 1835 017b A6       		.byte	0xa6
 1836 017c 08       		.byte	0x8
 1837 017d 7E020000 		.4byte	0x27e
 1838 0181 21       		.uleb128 0x21
 1839 0182 68647200 		.ascii	"hdr\000"
 1840 0186 0A       		.byte	0xa
 1841 0187 B7       		.byte	0xb7
 1842 0188 05       		.byte	0x5
 1843 0189 EA050000 		.4byte	0x5ea
 1844 018d 00       		.byte	0
 1845 018e 21       		.uleb128 0x21
 1846 018f 63747800 		.ascii	"ctx\000"
 1847 0193 0A       		.byte	0xa
 1848 0194 BB       		.byte	0xbb
 1849 0195 21       		.byte	0x21
 1850 0196 3E040000 		.4byte	0x43e
 1851 019a 0C       		.byte	0xc
 1852 019b 03       		.uleb128 0x3
 1853 019c 09020000 		.4byte	.LASF30
 1854 01a0 0A       		.byte	0xa
 1855 01a1 BF       		.byte	0xbf
 1856 01a2 22       		.byte	0x22
 1857 01a3 D8060000 		.4byte	0x6d8
 1858 01a7 10       		.byte	0x10
 1859 01a8 03       		.uleb128 0x3
 1860 01a9 49030000 		.4byte	.LASF31
 1861 01ad 0A       		.byte	0xa
 1862 01ae C5       		.byte	0xc5
 1863 01af 22       		.byte	0x22
 1864 01b0 DD060000 		.4byte	0x6dd
 1865 01b4 14       		.byte	0x14
 1866 01b5 03       		.uleb128 0x3
 1867 01b6 59050000 		.4byte	.LASF32
 1868 01ba 0A       		.byte	0xa
 1869 01bb CA       		.byte	0xca
 1870 01bc 21       		.byte	0x21
 1871 01bd DD060000 		.4byte	0x6dd
 1872 01c1 18       		.byte	0x18
 1873 01c2 03       		.uleb128 0x3
 1874 01c3 27070000 		.4byte	.LASF33
 1875 01c7 0A       		.byte	0xa
 1876 01c8 CE       		.byte	0xce
 1877 01c9 21       		.byte	0x21
 1878 01ca 14010000 		.4byte	0x114
 1879 01ce 1C       		.byte	0x1c
 1880 01cf 03       		.uleb128 0x3
 1881 01d0 57000000 		.4byte	.LASF34
ARM GAS  /tmp/cckM0oFW.s 			page 34


 1882 01d4 0A       		.byte	0xa
 1883 01d5 D2       		.byte	0xd2
 1884 01d6 21       		.byte	0x21
 1885 01d7 08010000 		.4byte	0x108
 1886 01db 1D       		.byte	0x1d
 1887 01dc 03       		.uleb128 0x3
 1888 01dd 9D000000 		.4byte	.LASF35
 1889 01e1 0A       		.byte	0xa
 1890 01e2 D7       		.byte	0xd7
 1891 01e3 21       		.byte	0x21
 1892 01e4 20010000 		.4byte	0x120
 1893 01e8 1E       		.byte	0x1e
 1894 01e9 03       		.uleb128 0x3
 1895 01ea B1050000 		.4byte	.LASF36
 1896 01ee 0A       		.byte	0xa
 1897 01ef DB       		.byte	0xdb
 1898 01f0 22       		.byte	0x22
 1899 01f1 B1000000 		.4byte	0xb1
 1900 01f5 20       		.byte	0x20
 1901 01f6 03       		.uleb128 0x3
 1902 01f7 59030000 		.4byte	.LASF37
 1903 01fb 0A       		.byte	0xa
 1904 01fc DF       		.byte	0xdf
 1905 01fd 21       		.byte	0x21
 1906 01fe 8B040000 		.4byte	0x48b
 1907 0202 24       		.byte	0x24
 1908 0203 03       		.uleb128 0x3
 1909 0204 34000000 		.4byte	.LASF38
 1910 0208 0A       		.byte	0xa
 1911 0209 E5       		.byte	0xe5
 1912 020a 21       		.byte	0x21
 1913 020b CE050000 		.4byte	0x5ce
 1914 020f 2C       		.byte	0x2c
 1915 0210 03       		.uleb128 0x3
 1916 0211 A7020000 		.4byte	.LASF39
 1917 0215 0A       		.byte	0xa
 1918 0216 EB       		.byte	0xeb
 1919 0217 22       		.byte	0x22
 1920 0218 A3000000 		.4byte	0xa3
 1921 021c 30       		.byte	0x30
 1922 021d 06       		.uleb128 0x6
 1923 021e 7500     		.ascii	"u\000"
 1924 0220 0A       		.byte	0xa
 1925 0221 3601     		.2byte	0x136
 1926 0223 21       		.byte	0x21
 1927 0224 10060000 		.4byte	0x610
 1928 0228 34       		.byte	0x34
 1929 0229 04       		.uleb128 0x4
 1930 022a 83060000 		.4byte	.LASF40
 1931 022e 0A       		.byte	0xa
 1932 022f 3B01     		.2byte	0x13b
 1933 0231 21       		.byte	0x21
 1934 0232 5F040000 		.4byte	0x45f
 1935 0236 38       		.byte	0x38
 1936 0237 04       		.uleb128 0x4
 1937 0238 68030000 		.4byte	.LASF41
 1938 023c 0A       		.byte	0xa
ARM GAS  /tmp/cckM0oFW.s 			page 35


 1939 023d 4101     		.2byte	0x141
 1940 023f 21       		.byte	0x21
 1941 0240 8B040000 		.4byte	0x48b
 1942 0244 3C       		.byte	0x3c
 1943 0245 04       		.uleb128 0x4
 1944 0246 3B010000 		.4byte	.LASF42
 1945 024a 0A       		.byte	0xa
 1946 024b 5301     		.2byte	0x153
 1947 024d 21       		.byte	0x21
 1948 024e 38010000 		.4byte	0x138
 1949 0252 44       		.byte	0x44
 1950 0253 04       		.uleb128 0x4
 1951 0254 70000000 		.4byte	.LASF43
 1952 0258 0A       		.byte	0xa
 1953 0259 5901     		.2byte	0x159
 1954 025b 21       		.byte	0x21
 1955 025c 44010000 		.4byte	0x144
 1956 0260 48       		.byte	0x48
 1957 0261 04       		.uleb128 0x4
 1958 0262 32020000 		.4byte	.LASF44
 1959 0266 0A       		.byte	0xa
 1960 0267 6001     		.2byte	0x160
 1961 0269 22       		.byte	0x22
 1962 026a D3060000 		.4byte	0x6d3
 1963 026e 4C       		.byte	0x4c
 1964 026f 04       		.uleb128 0x4
 1965 0270 67000000 		.4byte	.LASF45
 1966 0274 0A       		.byte	0xa
 1967 0275 6401     		.2byte	0x164
 1968 0277 21       		.byte	0x21
 1969 0278 2C010000 		.4byte	0x12c
 1970 027c 50       		.byte	0x50
 1971 027d 00       		.byte	0
 1972 027e 02       		.uleb128 0x2
 1973 027f 2D070000 		.4byte	.LASF46
 1974 0283 09       		.byte	0x9
 1975 0284 89       		.byte	0x89
 1976 0285 1F       		.byte	0x1f
 1977 0286 8A020000 		.4byte	0x28a
 1978 028a 18       		.uleb128 0x18
 1979 028b E2020000 		.4byte	.LASF48
 1980 028f E8       		.byte	0xe8
 1981 0290 0A       		.byte	0xa
 1982 0291 A001     		.2byte	0x1a0
 1983 0293 08       		.byte	0x8
 1984 0294 17030000 		.4byte	0x317
 1985 0298 04       		.uleb128 0x4
 1986 0299 A1050000 		.4byte	.LASF49
 1987 029d 0A       		.byte	0xa
 1988 029e A401     		.2byte	0x1a4
 1989 02a0 21       		.byte	0x21
 1990 02a1 0D070000 		.4byte	0x70d
 1991 02a5 00       		.byte	0
 1992 02a6 04       		.uleb128 0x4
 1993 02a7 B3000000 		.4byte	.LASF50
 1994 02ab 0A       		.byte	0xa
 1995 02ac A801     		.2byte	0x1a8
ARM GAS  /tmp/cckM0oFW.s 			page 36


 1996 02ae 21       		.byte	0x21
 1997 02af 8A050000 		.4byte	0x58a
 1998 02b3 10       		.byte	0x10
 1999 02b4 04       		.uleb128 0x4
 2000 02b5 3B070000 		.4byte	.LASF51
 2001 02b9 0A       		.byte	0xa
 2002 02ba AF01     		.2byte	0x1af
 2003 02bc 21       		.byte	0x21
 2004 02bd B1050000 		.4byte	0x5b1
 2005 02c1 28       		.byte	0x28
 2006 02c2 04       		.uleb128 0x4
 2007 02c3 8B000000 		.4byte	.LASF52
 2008 02c7 0A       		.byte	0xa
 2009 02c8 B401     		.2byte	0x1b4
 2010 02ca 21       		.byte	0x21
 2011 02cb 5C010000 		.4byte	0x15c
 2012 02cf 30       		.byte	0x30
 2013 02d0 04       		.uleb128 0x4
 2014 02d1 51020000 		.4byte	.LASF53
 2015 02d5 0A       		.byte	0xa
 2016 02d6 BA01     		.2byte	0x1ba
 2017 02d8 21       		.byte	0x21
 2018 02d9 3E030000 		.4byte	0x33e
 2019 02dd 34       		.byte	0x34
 2020 02de 04       		.uleb128 0x4
 2021 02df 54040000 		.4byte	.LASF54
 2022 02e3 0A       		.byte	0xa
 2023 02e4 BF01     		.2byte	0x1bf
 2024 02e6 22       		.byte	0x22
 2025 02e7 7D070000 		.4byte	0x77d
 2026 02eb 38       		.byte	0x38
 2027 02ec 04       		.uleb128 0x4
 2028 02ed 33040000 		.4byte	.LASF55
 2029 02f1 0A       		.byte	0xa
 2030 02f2 C301     		.2byte	0x1c3
 2031 02f4 21       		.byte	0x21
 2032 02f5 68010000 		.4byte	0x168
 2033 02f9 3C       		.byte	0x3c
 2034 02fa 04       		.uleb128 0x4
 2035 02fb 1C070000 		.4byte	.LASF56
 2036 02ff 0A       		.byte	0xa
 2037 0300 C801     		.2byte	0x1c8
 2038 0302 21       		.byte	0x21
 2039 0303 68010000 		.4byte	0x168
 2040 0307 90       		.byte	0x90
 2041 0308 06       		.uleb128 0x6
 2042 0309 64626700 		.ascii	"dbg\000"
 2043 030d 0A       		.byte	0xa
 2044 030e CD01     		.2byte	0x1cd
 2045 0310 21       		.byte	0x21
 2046 0311 65030000 		.4byte	0x365
 2047 0315 E4       		.byte	0xe4
 2048 0316 00       		.byte	0
 2049 0317 02       		.uleb128 0x2
 2050 0318 2A030000 		.4byte	.LASF57
 2051 031c 0B       		.byte	0xb
 2052 031d 3E       		.byte	0x3e
ARM GAS  /tmp/cckM0oFW.s 			page 37


 2053 031e 12       		.byte	0x12
 2054 031f D3000000 		.4byte	0xd3
 2055 0323 09       		.uleb128 0x9
 2056 0324 AE020000 		.4byte	.LASF58
 2057 0328 04       		.byte	0x4
 2058 0329 0B       		.byte	0xb
 2059 032a 43       		.byte	0x43
 2060 032b 10       		.byte	0x10
 2061 032c 3E030000 		.4byte	0x33e
 2062 0330 03       		.uleb128 0x3
 2063 0331 DB030000 		.4byte	.LASF59
 2064 0335 0B       		.byte	0xb
 2065 0336 47       		.byte	0x47
 2066 0337 21       		.byte	0x21
 2067 0338 17030000 		.4byte	0x317
 2068 033c 00       		.byte	0
 2069 033d 00       		.byte	0
 2070 033e 02       		.uleb128 0x2
 2071 033f 1A060000 		.4byte	.LASF60
 2072 0343 0B       		.byte	0xb
 2073 0344 48       		.byte	0x48
 2074 0345 03       		.byte	0x3
 2075 0346 23030000 		.4byte	0x323
 2076 034a 09       		.uleb128 0x9
 2077 034b 0F010000 		.4byte	.LASF61
 2078 034f 04       		.byte	0x4
 2079 0350 0C       		.byte	0xc
 2080 0351 3D       		.byte	0x3d
 2081 0352 10       		.byte	0x10
 2082 0353 65030000 		.4byte	0x365
 2083 0357 03       		.uleb128 0x3
 2084 0358 0A040000 		.4byte	.LASF62
 2085 035c 0C       		.byte	0xc
 2086 035d 45       		.byte	0x45
 2087 035e 24       		.byte	0x24
 2088 035f B6000000 		.4byte	0xb6
 2089 0363 00       		.byte	0
 2090 0364 00       		.byte	0
 2091 0365 02       		.uleb128 0x2
 2092 0366 7B030000 		.4byte	.LASF63
 2093 036a 0C       		.byte	0xc
 2094 036b 50       		.byte	0x50
 2095 036c 03       		.byte	0x3
 2096 036d 4A030000 		.4byte	0x34a
 2097 0371 02       		.uleb128 0x2
 2098 0372 5D000000 		.4byte	.LASF64
 2099 0376 0D       		.byte	0xd
 2100 0377 6C       		.byte	0x6c
 2101 0378 12       		.byte	0x12
 2102 0379 D3000000 		.4byte	0xd3
 2103 037d 20       		.uleb128 0x20
 2104 037e 71030000 		.4byte	0x371
 2105 0382 02       		.uleb128 0x2
 2106 0383 F1030000 		.4byte	.LASF65
 2107 0387 0D       		.byte	0xd
 2108 0388 78       		.byte	0x78
 2109 0389 12       		.byte	0x12
ARM GAS  /tmp/cckM0oFW.s 			page 38


 2110 038a D3000000 		.4byte	0xd3
 2111 038e 18       		.uleb128 0x18
 2112 038f 6E040000 		.4byte	.LASF66
 2113 0393 A8       		.byte	0xa8
 2114 0394 04       		.byte	0x4
 2115 0395 0102     		.2byte	0x201
 2116 0397 08       		.byte	0x8
 2117 0398 2E040000 		.4byte	0x42e
 2118 039c 06       		.uleb128 0x6
 2119 039d 6400     		.ascii	"d\000"
 2120 039f 04       		.byte	0x4
 2121 03a0 0302     		.2byte	0x203
 2122 03a2 19       		.byte	0x19
 2123 03a3 2E040000 		.4byte	0x42e
 2124 03a7 00       		.byte	0
 2125 03a8 04       		.uleb128 0x4
 2126 03a9 96010000 		.4byte	.LASF67
 2127 03ad 04       		.byte	0x4
 2128 03ae 0402     		.2byte	0x204
 2129 03b0 19       		.byte	0x19
 2130 03b1 D3000000 		.4byte	0xd3
 2131 03b5 80       		.byte	0x80
 2132 03b6 06       		.uleb128 0x6
 2133 03b7 723400   		.ascii	"r4\000"
 2134 03ba 04       		.byte	0x4
 2135 03bb 0602     		.2byte	0x206
 2136 03bd 19       		.byte	0x19
 2137 03be D3000000 		.4byte	0xd3
 2138 03c2 84       		.byte	0x84
 2139 03c3 06       		.uleb128 0x6
 2140 03c4 723500   		.ascii	"r5\000"
 2141 03c7 04       		.byte	0x4
 2142 03c8 0702     		.2byte	0x207
 2143 03ca 19       		.byte	0x19
 2144 03cb D3000000 		.4byte	0xd3
 2145 03cf 88       		.byte	0x88
 2146 03d0 06       		.uleb128 0x6
 2147 03d1 723600   		.ascii	"r6\000"
 2148 03d4 04       		.byte	0x4
 2149 03d5 0802     		.2byte	0x208
 2150 03d7 19       		.byte	0x19
 2151 03d8 D3000000 		.4byte	0xd3
 2152 03dc 8C       		.byte	0x8c
 2153 03dd 06       		.uleb128 0x6
 2154 03de 723700   		.ascii	"r7\000"
 2155 03e1 04       		.byte	0x4
 2156 03e2 0902     		.2byte	0x209
 2157 03e4 19       		.byte	0x19
 2158 03e5 D3000000 		.4byte	0xd3
 2159 03e9 90       		.byte	0x90
 2160 03ea 06       		.uleb128 0x6
 2161 03eb 723800   		.ascii	"r8\000"
 2162 03ee 04       		.byte	0x4
 2163 03ef 0A02     		.2byte	0x20a
 2164 03f1 19       		.byte	0x19
 2165 03f2 D3000000 		.4byte	0xd3
 2166 03f6 94       		.byte	0x94
ARM GAS  /tmp/cckM0oFW.s 			page 39


 2167 03f7 06       		.uleb128 0x6
 2168 03f8 723900   		.ascii	"r9\000"
 2169 03fb 04       		.byte	0x4
 2170 03fc 0B02     		.2byte	0x20b
 2171 03fe 19       		.byte	0x19
 2172 03ff D3000000 		.4byte	0xd3
 2173 0403 98       		.byte	0x98
 2174 0404 06       		.uleb128 0x6
 2175 0405 72313000 		.ascii	"r10\000"
 2176 0409 04       		.byte	0x4
 2177 040a 0C02     		.2byte	0x20c
 2178 040c 19       		.byte	0x19
 2179 040d D3000000 		.4byte	0xd3
 2180 0411 9C       		.byte	0x9c
 2181 0412 06       		.uleb128 0x6
 2182 0413 72313100 		.ascii	"r11\000"
 2183 0417 04       		.byte	0x4
 2184 0418 0D02     		.2byte	0x20d
 2185 041a 19       		.byte	0x19
 2186 041b D3000000 		.4byte	0xd3
 2187 041f A0       		.byte	0xa0
 2188 0420 06       		.uleb128 0x6
 2189 0421 6C7200   		.ascii	"lr\000"
 2190 0424 04       		.byte	0x4
 2191 0425 0E02     		.2byte	0x20e
 2192 0427 19       		.byte	0x19
 2193 0428 D3000000 		.4byte	0xd3
 2194 042c A4       		.byte	0xa4
 2195 042d 00       		.byte	0
 2196 042e 0C       		.uleb128 0xc
 2197 042f DF000000 		.4byte	0xdf
 2198 0433 3E040000 		.4byte	0x43e
 2199 0437 0D       		.uleb128 0xd
 2200 0438 2D000000 		.4byte	0x2d
 2201 043c 0F       		.byte	0xf
 2202 043d 00       		.byte	0
 2203 043e 18       		.uleb128 0x18
 2204 043f BA000000 		.4byte	.LASF68
 2205 0443 04       		.byte	0x4
 2206 0444 04       		.byte	0x4
 2207 0445 1702     		.2byte	0x217
 2208 0447 08       		.byte	0x8
 2209 0448 5A040000 		.4byte	0x45a
 2210 044c 06       		.uleb128 0x6
 2211 044d 737000   		.ascii	"sp\000"
 2212 0450 04       		.byte	0x4
 2213 0451 1802     		.2byte	0x218
 2214 0453 1A       		.byte	0x1a
 2215 0454 5A040000 		.4byte	0x45a
 2216 0458 00       		.byte	0
 2217 0459 00       		.byte	0
 2218 045a 05       		.uleb128 0x5
 2219 045b 8E030000 		.4byte	0x38e
 2220 045f 02       		.uleb128 0x2
 2221 0460 4A040000 		.4byte	.LASF69
 2222 0464 02       		.byte	0x2
 2223 0465 31       		.byte	0x31
ARM GAS  /tmp/cckM0oFW.s 			page 40


 2224 0466 18       		.byte	0x18
 2225 0467 6B040000 		.4byte	0x46b
 2226 046b 09       		.uleb128 0x9
 2227 046c FB000000 		.4byte	.LASF70
 2228 0470 04       		.byte	0x4
 2229 0471 02       		.byte	0x2
 2230 0472 37       		.byte	0x37
 2231 0473 08       		.byte	0x8
 2232 0474 86040000 		.4byte	0x486
 2233 0478 03       		.uleb128 0x3
 2234 0479 86000000 		.4byte	.LASF71
 2235 047d 02       		.byte	0x2
 2236 047e 38       		.byte	0x38
 2237 047f 1A       		.byte	0x1a
 2238 0480 86040000 		.4byte	0x486
 2239 0484 00       		.byte	0
 2240 0485 00       		.byte	0
 2241 0486 05       		.uleb128 0x5
 2242 0487 5F040000 		.4byte	0x45f
 2243 048b 02       		.uleb128 0x2
 2244 048c FF030000 		.4byte	.LASF72
 2245 0490 02       		.byte	0x2
 2246 0491 3E       		.byte	0x3e
 2247 0492 19       		.byte	0x19
 2248 0493 9C040000 		.4byte	0x49c
 2249 0497 08       		.uleb128 0x8
 2250 0498 8B040000 		.4byte	0x48b
 2251 049c 09       		.uleb128 0x9
 2252 049d 3A060000 		.4byte	.LASF73
 2253 04a1 08       		.byte	0x8
 2254 04a2 02       		.byte	0x2
 2255 04a3 44       		.byte	0x44
 2256 04a4 08       		.byte	0x8
 2257 04a5 C4040000 		.4byte	0x4c4
 2258 04a9 03       		.uleb128 0x3
 2259 04aa 86000000 		.4byte	.LASF71
 2260 04ae 02       		.byte	0x2
 2261 04af 45       		.byte	0x45
 2262 04b0 1A       		.byte	0x1a
 2263 04b1 C4040000 		.4byte	0x4c4
 2264 04b5 00       		.byte	0
 2265 04b6 03       		.uleb128 0x3
 2266 04b7 F6000000 		.4byte	.LASF74
 2267 04bb 02       		.byte	0x2
 2268 04bc 46       		.byte	0x46
 2269 04bd 1A       		.byte	0x1a
 2270 04be C4040000 		.4byte	0x4c4
 2271 04c2 04       		.byte	0x4
 2272 04c3 00       		.byte	0
 2273 04c4 05       		.uleb128 0x5
 2274 04c5 8B040000 		.4byte	0x48b
 2275 04c9 02       		.uleb128 0x2
 2276 04ca 78020000 		.4byte	.LASF75
 2277 04ce 02       		.byte	0x2
 2278 04cf 4D       		.byte	0x4d
 2279 04d0 22       		.byte	0x22
 2280 04d1 D5040000 		.4byte	0x4d5
ARM GAS  /tmp/cckM0oFW.s 			page 41


 2281 04d5 09       		.uleb128 0x9
 2282 04d6 28060000 		.4byte	.LASF76
 2283 04da 0C       		.byte	0xc
 2284 04db 02       		.byte	0x2
 2285 04dc 54       		.byte	0x54
 2286 04dd 08       		.byte	0x8
 2287 04de 0A050000 		.4byte	0x50a
 2288 04e2 03       		.uleb128 0x3
 2289 04e3 86000000 		.4byte	.LASF71
 2290 04e7 02       		.byte	0x2
 2291 04e8 55       		.byte	0x55
 2292 04e9 1A       		.byte	0x1a
 2293 04ea 0A050000 		.4byte	0x50a
 2294 04ee 00       		.byte	0
 2295 04ef 03       		.uleb128 0x3
 2296 04f0 F6000000 		.4byte	.LASF74
 2297 04f4 02       		.byte	0x2
 2298 04f5 56       		.byte	0x56
 2299 04f6 1A       		.byte	0x1a
 2300 04f7 0A050000 		.4byte	0x50a
 2301 04fb 04       		.byte	0x4
 2302 04fc 03       		.uleb128 0x3
 2303 04fd FB020000 		.4byte	.LASF77
 2304 0501 02       		.byte	0x2
 2305 0502 57       		.byte	0x57
 2306 0503 19       		.byte	0x19
 2307 0504 2C010000 		.4byte	0x12c
 2308 0508 08       		.byte	0x8
 2309 0509 00       		.byte	0
 2310 050a 05       		.uleb128 0x5
 2311 050b C9040000 		.4byte	0x4c9
 2312 050f 02       		.uleb128 0x2
 2313 0510 1A030000 		.4byte	.LASF78
 2314 0514 02       		.byte	0x2
 2315 0515 5E       		.byte	0x5e
 2316 0516 1E       		.byte	0x1e
 2317 0517 1B050000 		.4byte	0x51b
 2318 051b 09       		.uleb128 0x9
 2319 051c 24010000 		.4byte	.LASF79
 2320 0520 0C       		.byte	0xc
 2321 0521 02       		.byte	0x2
 2322 0522 63       		.byte	0x63
 2323 0523 08       		.byte	0x8
 2324 0524 50050000 		.4byte	0x550
 2325 0528 03       		.uleb128 0x3
 2326 0529 86000000 		.4byte	.LASF71
 2327 052d 02       		.byte	0x2
 2328 052e 64       		.byte	0x64
 2329 052f 1A       		.byte	0x1a
 2330 0530 50050000 		.4byte	0x550
 2331 0534 00       		.byte	0
 2332 0535 03       		.uleb128 0x3
 2333 0536 F6000000 		.4byte	.LASF74
 2334 053a 02       		.byte	0x2
 2335 053b 65       		.byte	0x65
 2336 053c 1A       		.byte	0x1a
 2337 053d 50050000 		.4byte	0x550
ARM GAS  /tmp/cckM0oFW.s 			page 42


 2338 0541 04       		.byte	0x4
 2339 0542 03       		.uleb128 0x3
 2340 0543 55070000 		.4byte	.LASF80
 2341 0547 02       		.byte	0x2
 2342 0548 66       		.byte	0x66
 2343 0549 19       		.byte	0x19
 2344 054a 82030000 		.4byte	0x382
 2345 054e 08       		.byte	0x8
 2346 054f 00       		.byte	0
 2347 0550 05       		.uleb128 0x5
 2348 0551 0F050000 		.4byte	0x50f
 2349 0555 09       		.uleb128 0x9
 2350 0556 3A020000 		.4byte	.LASF81
 2351 055a 18       		.byte	0x18
 2352 055b 0A       		.byte	0xa
 2353 055c 61       		.byte	0x61
 2354 055d 10       		.byte	0x10
 2355 055e 8A050000 		.4byte	0x58a
 2356 0562 03       		.uleb128 0x3
 2357 0563 80050000 		.4byte	.LASF82
 2358 0567 0A       		.byte	0xa
 2359 0568 65       		.byte	0x65
 2360 0569 21       		.byte	0x21
 2361 056a 0F050000 		.4byte	0x50f
 2362 056e 00       		.byte	0
 2363 056f 03       		.uleb128 0x3
 2364 0570 2B040000 		.4byte	.LASF83
 2365 0574 0A       		.byte	0xa
 2366 0575 6A       		.byte	0x6a
 2367 0576 21       		.byte	0x21
 2368 0577 7D030000 		.4byte	0x37d
 2369 057b 0C       		.byte	0xc
 2370 057c 03       		.uleb128 0x3
 2371 057d D5000000 		.4byte	.LASF84
 2372 0581 0A       		.byte	0xa
 2373 0582 7E       		.byte	0x7e
 2374 0583 21       		.byte	0x21
 2375 0584 EB000000 		.4byte	0xeb
 2376 0588 10       		.byte	0x10
 2377 0589 00       		.byte	0
 2378 058a 02       		.uleb128 0x2
 2379 058b 8B060000 		.4byte	.LASF85
 2380 058f 0A       		.byte	0xa
 2381 0590 80       		.byte	0x80
 2382 0591 03       		.byte	0x3
 2383 0592 55050000 		.4byte	0x555
 2384 0596 09       		.uleb128 0x9
 2385 0597 4B000000 		.4byte	.LASF86
 2386 059b 08       		.byte	0x8
 2387 059c 0A       		.byte	0xa
 2388 059d 85       		.byte	0x85
 2389 059e 10       		.byte	0x10
 2390 059f B1050000 		.4byte	0x5b1
 2391 05a3 03       		.uleb128 0x3
 2392 05a4 0C060000 		.4byte	.LASF87
 2393 05a8 0A       		.byte	0xa
 2394 05a9 89       		.byte	0x89
ARM GAS  /tmp/cckM0oFW.s 			page 43


 2395 05aa 21       		.byte	0x21
 2396 05ab 8B040000 		.4byte	0x48b
 2397 05af 00       		.byte	0
 2398 05b0 00       		.byte	0
 2399 05b1 02       		.uleb128 0x2
 2400 05b2 AF030000 		.4byte	.LASF88
 2401 05b6 0A       		.byte	0xa
 2402 05b7 8A       		.byte	0x8a
 2403 05b8 03       		.byte	0x3
 2404 05b9 96050000 		.4byte	0x596
 2405 05bd 02       		.uleb128 0x2
 2406 05be 36030000 		.4byte	.LASF89
 2407 05c2 0A       		.byte	0xa
 2408 05c3 8F       		.byte	0x8f
 2409 05c4 14       		.byte	0x14
 2410 05c5 C9050000 		.4byte	0x5c9
 2411 05c9 05       		.uleb128 0x5
 2412 05ca 68010000 		.4byte	0x168
 2413 05ce 02       		.uleb128 0x2
 2414 05cf E0030000 		.4byte	.LASF90
 2415 05d3 0A       		.byte	0xa
 2416 05d4 9E       		.byte	0x9e
 2417 05d5 10       		.byte	0x10
 2418 05d6 DA050000 		.4byte	0x5da
 2419 05da 05       		.uleb128 0x5
 2420 05db DF050000 		.4byte	0x5df
 2421 05df 39       		.uleb128 0x39
 2422 05e0 EA050000 		.4byte	0x5ea
 2423 05e4 12       		.uleb128 0x12
 2424 05e5 C9050000 		.4byte	0x5c9
 2425 05e9 00       		.byte	0
 2426 05ea 2B       		.uleb128 0x2b
 2427 05eb 0C       		.byte	0xc
 2428 05ec AA       		.byte	0xaa
 2429 05ed 10060000 		.4byte	0x610
 2430 05f1 22       		.uleb128 0x22
 2431 05f2 1F010000 		.4byte	.LASF91
 2432 05f6 AE       		.byte	0xae
 2433 05f7 5F040000 		.4byte	0x45f
 2434 05fb 22       		.uleb128 0x22
 2435 05fc 0C060000 		.4byte	.LASF87
 2436 0600 B2       		.byte	0xb2
 2437 0601 8B040000 		.4byte	0x48b
 2438 0605 22       		.uleb128 0x22
 2439 0606 CE010000 		.4byte	.LASF92
 2440 060a B6       		.byte	0xb6
 2441 060b C9040000 		.4byte	0x4c9
 2442 060f 00       		.byte	0
 2443 0610 2B       		.uleb128 0x2b
 2444 0611 04       		.byte	0x4
 2445 0612 FF       		.byte	0xff
 2446 0613 6C060000 		.4byte	0x66c
 2447 0617 13       		.uleb128 0x13
 2448 0618 71020000 		.4byte	.LASF93
 2449 061c 0601     		.2byte	0x106
 2450 061e 21       		.byte	0x21
 2451 061f 38010000 		.4byte	0x138
ARM GAS  /tmp/cckM0oFW.s 			page 44


 2452 0623 13       		.uleb128 0x13
 2453 0624 8B070000 		.4byte	.LASF94
 2454 0628 0D01     		.2byte	0x10d
 2455 062a 21       		.byte	0x21
 2456 062b 38010000 		.4byte	0x138
 2457 062f 13       		.uleb128 0x13
 2458 0630 A2000000 		.4byte	.LASF95
 2459 0634 1401     		.2byte	0x114
 2460 0636 22       		.byte	0x22
 2461 0637 A3000000 		.4byte	0xa3
 2462 063b 13       		.uleb128 0x13
 2463 063c 43070000 		.4byte	.LASF96
 2464 0640 1B01     		.2byte	0x11b
 2465 0642 22       		.byte	0x22
 2466 0643 6C060000 		.4byte	0x66c
 2467 0647 13       		.uleb128 0x13
 2468 0648 21060000 		.4byte	.LASF97
 2469 064c 2301     		.2byte	0x123
 2470 064e 22       		.byte	0x22
 2471 064f 99060000 		.4byte	0x699
 2472 0653 13       		.uleb128 0x13
 2473 0654 17000000 		.4byte	.LASF98
 2474 0658 2C01     		.2byte	0x12c
 2475 065a 22       		.byte	0x22
 2476 065b D3060000 		.4byte	0x6d3
 2477 065f 13       		.uleb128 0x13
 2478 0660 DF000000 		.4byte	.LASF99
 2479 0664 3401     		.2byte	0x134
 2480 0666 21       		.byte	0x21
 2481 0667 44010000 		.4byte	0x144
 2482 066b 00       		.byte	0
 2483 066c 05       		.uleb128 0x5
 2484 066d BD050000 		.4byte	0x5bd
 2485 0671 09       		.uleb128 0x9
 2486 0672 4F010000 		.4byte	.LASF100
 2487 0676 0C       		.byte	0xc
 2488 0677 0E       		.byte	0xe
 2489 0678 33       		.byte	0x33
 2490 0679 10       		.byte	0x10
 2491 067a 99060000 		.4byte	0x699
 2492 067e 03       		.uleb128 0x3
 2493 067f 0C060000 		.4byte	.LASF87
 2494 0683 0E       		.byte	0xe
 2495 0684 34       		.byte	0x34
 2496 0685 19       		.byte	0x19
 2497 0686 8B040000 		.4byte	0x48b
 2498 068a 00       		.byte	0
 2499 068b 21       		.uleb128 0x21
 2500 068c 636E7400 		.ascii	"cnt\000"
 2501 0690 0E       		.byte	0xe
 2502 0691 36       		.byte	0x36
 2503 0692 19       		.byte	0x19
 2504 0693 50010000 		.4byte	0x150
 2505 0697 08       		.byte	0x8
 2506 0698 00       		.byte	0
 2507 0699 05       		.uleb128 0x5
 2508 069a 71060000 		.4byte	0x671
ARM GAS  /tmp/cckM0oFW.s 			page 45


 2509 069e 09       		.uleb128 0x9
 2510 069f B6020000 		.4byte	.LASF101
 2511 06a3 10       		.byte	0x10
 2512 06a4 0F       		.byte	0xf
 2513 06a5 38       		.byte	0x38
 2514 06a6 08       		.byte	0x8
 2515 06a7 D3060000 		.4byte	0x6d3
 2516 06ab 03       		.uleb128 0x3
 2517 06ac 0C060000 		.4byte	.LASF87
 2518 06b0 0F       		.byte	0xf
 2519 06b1 39       		.byte	0x39
 2520 06b2 19       		.byte	0x19
 2521 06b3 8B040000 		.4byte	0x48b
 2522 06b7 00       		.byte	0
 2523 06b8 03       		.uleb128 0x3
 2524 06b9 09020000 		.4byte	.LASF30
 2525 06bd 0F       		.byte	0xf
 2526 06be 3B       		.byte	0x3b
 2527 06bf 1A       		.byte	0x1a
 2528 06c0 C9050000 		.4byte	0x5c9
 2529 06c4 08       		.byte	0x8
 2530 06c5 03       		.uleb128 0x3
 2531 06c6 86000000 		.4byte	.LASF71
 2532 06ca 0F       		.byte	0xf
 2533 06cb 3D       		.byte	0x3d
 2534 06cc 1A       		.byte	0x1a
 2535 06cd A7070000 		.4byte	0x7a7
 2536 06d1 0C       		.byte	0xc
 2537 06d2 00       		.byte	0
 2538 06d3 05       		.uleb128 0x5
 2539 06d4 9E060000 		.4byte	0x69e
 2540 06d8 05       		.uleb128 0x5
 2541 06d9 7E020000 		.4byte	0x27e
 2542 06dd 05       		.uleb128 0x5
 2543 06de FC000000 		.4byte	0xfc
 2544 06e2 18       		.uleb128 0x18
 2545 06e3 C7000000 		.4byte	.LASF102
 2546 06e7 10       		.byte	0x10
 2547 06e8 0A       		.byte	0xa
 2548 06e9 7501     		.2byte	0x175
 2549 06eb 10       		.byte	0x10
 2550 06ec 0D070000 		.4byte	0x70d
 2551 06f0 04       		.uleb128 0x4
 2552 06f1 CE010000 		.4byte	.LASF92
 2553 06f5 0A       		.byte	0xa
 2554 06f6 7A01     		.2byte	0x17a
 2555 06f8 21       		.byte	0x21
 2556 06f9 C9040000 		.4byte	0x4c9
 2557 06fd 00       		.byte	0
 2558 06fe 04       		.uleb128 0x4
 2559 06ff 6E070000 		.4byte	.LASF103
 2560 0703 0A       		.byte	0xa
 2561 0704 7E01     		.2byte	0x17e
 2562 0706 22       		.byte	0x22
 2563 0707 C9050000 		.4byte	0x5c9
 2564 070b 0C       		.byte	0xc
 2565 070c 00       		.byte	0
ARM GAS  /tmp/cckM0oFW.s 			page 46


 2566 070d 2C       		.uleb128 0x2c
 2567 070e EA050000 		.4byte	.LASF104
 2568 0712 7F01     		.2byte	0x17f
 2569 0714 E2060000 		.4byte	0x6e2
 2570 0718 18       		.uleb128 0x18
 2571 0719 6A050000 		.4byte	.LASF105
 2572 071d 14       		.byte	0x14
 2573 071e 0A       		.byte	0xa
 2574 071f 8401     		.2byte	0x184
 2575 0721 10       		.byte	0x10
 2576 0722 6D070000 		.4byte	0x76d
 2577 0726 04       		.uleb128 0x4
 2578 0727 B1050000 		.4byte	.LASF36
 2579 072b 0A       		.byte	0xa
 2580 072c 8801     		.2byte	0x188
 2581 072e 22       		.byte	0x22
 2582 072f B1000000 		.4byte	0xb1
 2583 0733 00       		.byte	0
 2584 0734 04       		.uleb128 0x4
 2585 0735 00000000 		.4byte	.LASF106
 2586 0739 0A       		.byte	0xa
 2587 073a 8C01     		.2byte	0x18c
 2588 073c 22       		.byte	0x22
 2589 073d DD060000 		.4byte	0x6dd
 2590 0741 04       		.byte	0x4
 2591 0742 04       		.uleb128 0x4
 2592 0743 5F050000 		.4byte	.LASF107
 2593 0747 0A       		.byte	0xa
 2594 0748 9001     		.2byte	0x190
 2595 074a 22       		.byte	0x22
 2596 074b DD060000 		.4byte	0x6dd
 2597 074f 08       		.byte	0x8
 2598 0750 04       		.uleb128 0x4
 2599 0751 14040000 		.4byte	.LASF108
 2600 0755 0A       		.byte	0xa
 2601 0756 9501     		.2byte	0x195
 2602 0758 22       		.byte	0x22
 2603 0759 DD060000 		.4byte	0x6dd
 2604 075d 0C       		.byte	0xc
 2605 075e 04       		.uleb128 0x4
 2606 075f CD030000 		.4byte	.LASF109
 2607 0763 0A       		.byte	0xa
 2608 0764 9901     		.2byte	0x199
 2609 0766 22       		.byte	0x22
 2610 0767 DD060000 		.4byte	0x6dd
 2611 076b 10       		.byte	0x10
 2612 076c 00       		.byte	0
 2613 076d 2C       		.uleb128 0x2c
 2614 076e 71010000 		.4byte	.LASF110
 2615 0772 9B01     		.2byte	0x19b
 2616 0774 18070000 		.4byte	0x718
 2617 0778 08       		.uleb128 0x8
 2618 0779 6D070000 		.4byte	0x76d
 2619 077d 05       		.uleb128 0x5
 2620 077e 78070000 		.4byte	0x778
 2621 0782 3A       		.uleb128 0x3a
 2622 0783 63683000 		.ascii	"ch0\000"
ARM GAS  /tmp/cckM0oFW.s 			page 47


 2623 0787 03       		.byte	0x3
 2624 0788 1E01     		.2byte	0x11e
 2625 078a 16       		.byte	0x16
 2626 078b 7E020000 		.4byte	0x27e
 2627 078f 02       		.uleb128 0x2
 2628 0790 0F020000 		.4byte	.LASF111
 2629 0794 0E       		.byte	0xe
 2630 0795 37       		.byte	0x37
 2631 0796 03       		.byte	0x3
 2632 0797 71060000 		.4byte	0x671
 2633 079b 02       		.uleb128 0x2
 2634 079c 43060000 		.4byte	.LASF112
 2635 07a0 0F       		.byte	0xf
 2636 07a1 33       		.byte	0x33
 2637 07a2 19       		.byte	0x19
 2638 07a3 9E060000 		.4byte	0x69e
 2639 07a7 05       		.uleb128 0x5
 2640 07a8 9B070000 		.4byte	0x79b
 2641 07ac 07       		.uleb128 0x7
 2642 07ad 01       		.byte	0x1
 2643 07ae 02       		.byte	0x2
 2644 07af 8C020000 		.4byte	.LASF113
 2645 07b3 2D       		.uleb128 0x2d
 2646 07b4 0F070000 		.4byte	.LASF114
 2647 07b8 92       		.byte	0x92
 2648 07b9 C8070000 		.4byte	0x7c8
 2649 07bd 12       		.uleb128 0x12
 2650 07be C9050000 		.4byte	0x5c9
 2651 07c2 12       		.uleb128 0x12
 2652 07c3 38010000 		.4byte	0x138
 2653 07c7 00       		.byte	0
 2654 07c8 2E       		.uleb128 0x2e
 2655 07c9 F7050000 		.4byte	.LASF116
 2656 07cd 91       		.byte	0x91
 2657 07ce 09       		.byte	0x9
 2658 07cf 38010000 		.4byte	0x138
 2659 07d3 E2070000 		.4byte	0x7e2
 2660 07d7 12       		.uleb128 0x12
 2661 07d8 14010000 		.4byte	0x114
 2662 07dc 12       		.uleb128 0x12
 2663 07dd 82030000 		.4byte	0x382
 2664 07e1 00       		.byte	0
 2665 07e2 2D       		.uleb128 0x2d
 2666 07e3 B6050000 		.4byte	.LASF115
 2667 07e7 90       		.byte	0x90
 2668 07e8 F2070000 		.4byte	0x7f2
 2669 07ec 12       		.uleb128 0x12
 2670 07ed 14010000 		.4byte	0x114
 2671 07f1 00       		.byte	0
 2672 07f2 2E       		.uleb128 0x2e
 2673 07f3 03010000 		.4byte	.LASF117
 2674 07f7 8F       		.byte	0x8f
 2675 07f8 0D       		.byte	0xd
 2676 07f9 C9050000 		.4byte	0x5c9
 2677 07fd 07080000 		.4byte	0x807
 2678 0801 12       		.uleb128 0x12
 2679 0802 C9050000 		.4byte	0x5c9
ARM GAS  /tmp/cckM0oFW.s 			page 48


 2680 0806 00       		.byte	0
 2681 0807 3B       		.uleb128 0x3b
 2682 0808 D1020000 		.4byte	.LASF145
 2683 080c 10       		.byte	0x10
 2684 080d 93       		.byte	0x93
 2685 080e 08       		.byte	0x8
 2686 080f 2F       		.uleb128 0x2f
 2687 0810 86010000 		.4byte	.LASF125
 2688 0814 9201     		.2byte	0x192
 2689 0816 38010000 		.4byte	0x138
 2690 081a 00000000 		.4byte	.LFB218
 2691 081e A0000000 		.4byte	.LFE218-.LFB218
 2692 0822 01       		.uleb128 0x1
 2693 0823 9C       		.byte	0x9c
 2694 0824 82090000 		.4byte	0x982
 2695 0828 14       		.uleb128 0x14
 2696 0829 73707300 		.ascii	"sps\000"
 2697 082d 9201     		.2byte	0x192
 2698 082f 24       		.byte	0x24
 2699 0830 82090000 		.4byte	0x982
 2700 0834 16000000 		.4byte	.LLST81
 2701 0838 0C000000 		.4byte	.LVUS81
 2702 083c 14       		.uleb128 0x14
 2703 083d 73707700 		.ascii	"spw\000"
 2704 0841 9201     		.2byte	0x192
 2705 0843 36       		.byte	0x36
 2706 0844 82090000 		.4byte	0x982
 2707 0848 54000000 		.4byte	.LLST82
 2708 084c 4C000000 		.4byte	.LVUS82
 2709 0850 23       		.uleb128 0x23
 2710 0851 6D736700 		.ascii	"msg\000"
 2711 0855 9301     		.2byte	0x193
 2712 0857 09       		.byte	0x9
 2713 0858 38010000 		.4byte	0x138
 2714 085c 77000000 		.4byte	.LLST83
 2715 0860 71000000 		.4byte	.LVUS83
 2716 0864 0A       		.uleb128 0xa
 2717 0865 76070000 		.4byte	.LASF119
 2718 0869 97090000 		.4byte	0x997
 2719 086d 3C       		.uleb128 0x3c
 2720 086e 44000000 		.4byte	.LBB314
 2721 0872 30000000 		.4byte	.LBE314-.LBB314
 2722 0876 E5080000 		.4byte	0x8e5
 2723 087a 3D       		.uleb128 0x3d
 2724 087b CA020000 		.4byte	.LASF118
 2725 087f 01       		.byte	0x1
 2726 0880 A201     		.2byte	0x1a2
 2727 0882 0F       		.byte	0xf
 2728 0883 C9050000 		.4byte	0x5c9
 2729 0887 8F000000 		.4byte	.LLST86
 2730 088b 8D000000 		.4byte	.LVUS86
 2731 088f 19       		.uleb128 0x19
 2732 0890 71110000 		.4byte	0x1171
 2733 0894 44000000 		.4byte	.LBI315
 2734 0898 01       		.byte	.LVU532
 2735 0899 44000000 		.4byte	.LBB315
 2736 089d 0C000000 		.4byte	.LBE315-.LBB315
ARM GAS  /tmp/cckM0oFW.s 			page 49


 2737 08a1 01       		.byte	0x1
 2738 08a2 A201     		.2byte	0x1a2
 2739 08a4 18       		.byte	0x18
 2740 08a5 0F       		.uleb128 0xf
 2741 08a6 07120000 		.4byte	0x1207
 2742 08aa 50000000 		.4byte	.LBI317
 2743 08ae 02       		.byte	.LVU537
 2744 08af 62010000 		.4byte	.LLRL87
 2745 08b3 A301     		.2byte	0x1a3
 2746 08b5 05       		.byte	0x5
 2747 08b6 D5080000 		.4byte	0x8d5
 2748 08ba 01       		.uleb128 0x1
 2749 08bb 1F120000 		.4byte	0x121f
 2750 08bf 9A000000 		.4byte	.LLST88
 2751 08c3 98000000 		.4byte	.LVUS88
 2752 08c7 01       		.uleb128 0x1
 2753 08c8 13120000 		.4byte	0x1213
 2754 08cc A5000000 		.4byte	.LLST89
 2755 08d0 A3000000 		.4byte	.LVUS89
 2756 08d4 00       		.byte	0
 2757 08d5 1A       		.uleb128 0x1a
 2758 08d6 70000000 		.4byte	.LVL84
 2759 08da E2070000 		.4byte	0x7e2
 2760 08de 10       		.uleb128 0x10
 2761 08df 01       		.uleb128 0x1
 2762 08e0 50       		.byte	0x50
 2763 08e1 01       		.uleb128 0x1
 2764 08e2 35       		.byte	0x35
 2765 08e3 00       		.byte	0
 2766 08e4 00       		.byte	0
 2767 08e5 0F       		.uleb128 0xf
 2768 08e6 95110000 		.4byte	0x1195
 2769 08ea 00000000 		.4byte	.LBI301
 2770 08ee 06       		.byte	.LVU495
 2771 08ef 4A010000 		.4byte	.LLRL84
 2772 08f3 9701     		.2byte	0x197
 2773 08f5 03       		.byte	0x3
 2774 08f6 0D090000 		.4byte	0x90d
 2775 08fa 11       		.uleb128 0x11
 2776 08fb 6E120000 		.4byte	0x126e
 2777 08ff 00000000 		.4byte	.LBI302
 2778 0903 08       		.byte	.LVU497
 2779 0904 4A010000 		.4byte	.LLRL84
 2780 0908 03       		.byte	0x3
 2781 0909 7501     		.2byte	0x175
 2782 090b 03       		.byte	0x3
 2783 090c 00       		.byte	0
 2784 090d 0F       		.uleb128 0xf
 2785 090e 7F110000 		.4byte	0x117f
 2786 0912 3C000000 		.4byte	.LBI307
 2787 0916 01       		.byte	.LVU520
 2788 0917 56010000 		.4byte	.LLRL85
 2789 091b AC01     		.2byte	0x1ac
 2790 091d 03       		.byte	0x3
 2791 091e 3B090000 		.4byte	0x93b
 2792 0922 0B       		.uleb128 0xb
 2793 0923 56010000 		.4byte	.LLRL85
ARM GAS  /tmp/cckM0oFW.s 			page 50


 2794 0927 11       		.uleb128 0x11
 2795 0928 66120000 		.4byte	0x1266
 2796 092c 3C000000 		.4byte	.LBI309
 2797 0930 08       		.byte	.LVU527
 2798 0931 56010000 		.4byte	.LLRL85
 2799 0935 03       		.byte	0x3
 2800 0936 8E01     		.2byte	0x18e
 2801 0938 03       		.byte	0x3
 2802 0939 00       		.byte	0
 2803 093a 00       		.byte	0
 2804 093b 1C       		.uleb128 0x1c
 2805 093c C3110000 		.4byte	0x11c3
 2806 0940 80000000 		.4byte	.LBI322
 2807 0944 01       		.byte	.LVU569
 2808 0945 80000000 		.4byte	.LBB322
 2809 0949 10000000 		.4byte	.LBE322-.LBB322
 2810 094d 9F01     		.2byte	0x19f
 2811 094f 11       		.byte	0x11
 2812 0950 6F090000 		.4byte	0x96f
 2813 0954 01       		.uleb128 0x1
 2814 0955 D3110000 		.4byte	0x11d3
 2815 0959 B0000000 		.4byte	.LLST90
 2816 095d AE000000 		.4byte	.LVUS90
 2817 0961 0E       		.uleb128 0xe
 2818 0962 E8110000 		.4byte	0x11e8
 2819 0966 BB000000 		.4byte	.LLST91
 2820 096a B9000000 		.4byte	.LVUS91
 2821 096e 00       		.byte	0
 2822 096f 16       		.uleb128 0x16
 2823 0970 38000000 		.4byte	.LVL79
 2824 0974 07080000 		.4byte	0x807
 2825 0978 16       		.uleb128 0x16
 2826 0979 94000000 		.4byte	.LVL90
 2827 097d F2070000 		.4byte	0x7f2
 2828 0981 00       		.byte	0
 2829 0982 05       		.uleb128 0x5
 2830 0983 8F070000 		.4byte	0x78f
 2831 0987 0C       		.uleb128 0xc
 2832 0988 AC000000 		.4byte	0xac
 2833 098c 97090000 		.4byte	0x997
 2834 0990 0D       		.uleb128 0xd
 2835 0991 2D000000 		.4byte	0x2d
 2836 0995 0F       		.byte	0xf
 2837 0996 00       		.byte	0
 2838 0997 08       		.uleb128 0x8
 2839 0998 87090000 		.4byte	0x987
 2840 099c 24       		.uleb128 0x24
 2841 099d 9E030000 		.4byte	.LASF120
 2842 09a1 7501     		.2byte	0x175
 2843 09a3 00000000 		.4byte	.LFB217
 2844 09a7 58000000 		.4byte	.LFE217-.LFB217
 2845 09ab 01       		.uleb128 0x1
 2846 09ac 9C       		.byte	0x9c
 2847 09ad 1D0A0000 		.4byte	0xa1d
 2848 09b1 14       		.uleb128 0x14
 2849 09b2 737000   		.ascii	"sp\000"
 2850 09b5 7501     		.2byte	0x175
ARM GAS  /tmp/cckM0oFW.s 			page 51


 2851 09b7 24       		.byte	0x24
 2852 09b8 82090000 		.4byte	0x982
 2853 09bc C8000000 		.4byte	.LLST77
 2854 09c0 C4000000 		.4byte	.LVUS77
 2855 09c4 14       		.uleb128 0x14
 2856 09c5 6E00     		.ascii	"n\000"
 2857 09c7 7501     		.2byte	0x175
 2858 09c9 2E       		.byte	0x2e
 2859 09ca 50010000 		.4byte	0x150
 2860 09ce E2000000 		.4byte	.LLST78
 2861 09d2 D8000000 		.4byte	.LVUS78
 2862 09d6 0A       		.uleb128 0xa
 2863 09d7 76070000 		.4byte	.LASF119
 2864 09db 2D0A0000 		.4byte	0xa2d
 2865 09df 1C       		.uleb128 0x1c
 2866 09e0 C3110000 		.4byte	0x11c3
 2867 09e4 34000000 		.4byte	.LBI299
 2868 09e8 01       		.byte	.LVU471
 2869 09e9 34000000 		.4byte	.LBB299
 2870 09ed 10000000 		.4byte	.LBE299-.LBB299
 2871 09f1 7F01     		.2byte	0x17f
 2872 09f3 13       		.byte	0x13
 2873 09f4 130A0000 		.4byte	0xa13
 2874 09f8 01       		.uleb128 0x1
 2875 09f9 D3110000 		.4byte	0x11d3
 2876 09fd 07010000 		.4byte	.LLST79
 2877 0a01 05010000 		.4byte	.LVUS79
 2878 0a05 0E       		.uleb128 0xe
 2879 0a06 E8110000 		.4byte	0x11e8
 2880 0a0a 12010000 		.4byte	.LLST80
 2881 0a0e 10010000 		.4byte	.LVUS80
 2882 0a12 00       		.byte	0
 2883 0a13 16       		.uleb128 0x16
 2884 0a14 48000000 		.4byte	.LVL74
 2885 0a18 F2070000 		.4byte	0x7f2
 2886 0a1c 00       		.byte	0
 2887 0a1d 0C       		.uleb128 0xc
 2888 0a1e AC000000 		.4byte	0xac
 2889 0a22 2D0A0000 		.4byte	0xa2d
 2890 0a26 0D       		.uleb128 0xd
 2891 0a27 2D000000 		.4byte	0x2d
 2892 0a2b 10       		.byte	0x10
 2893 0a2c 00       		.byte	0
 2894 0a2d 08       		.uleb128 0x8
 2895 0a2e 1D0A0000 		.4byte	0xa1d
 2896 0a32 24       		.uleb128 0x24
 2897 0a33 64010000 		.4byte	.LASF121
 2898 0a37 5701     		.2byte	0x157
 2899 0a39 00000000 		.4byte	.LFB216
 2900 0a3d 34000000 		.4byte	.LFE216-.LFB216
 2901 0a41 01       		.uleb128 0x1
 2902 0a42 9C       		.byte	0x9c
 2903 0a43 C00A0000 		.4byte	0xac0
 2904 0a47 14       		.uleb128 0x14
 2905 0a48 737000   		.ascii	"sp\000"
 2906 0a4b 5701     		.2byte	0x157
 2907 0a4d 20       		.byte	0x20
ARM GAS  /tmp/cckM0oFW.s 			page 52


 2908 0a4e 82090000 		.4byte	0x982
 2909 0a52 21010000 		.4byte	.LLST72
 2910 0a56 1B010000 		.4byte	.LVUS72
 2911 0a5a 0A       		.uleb128 0xa
 2912 0a5b 76070000 		.4byte	.LASF119
 2913 0a5f D00A0000 		.4byte	0xad0
 2914 0a63 3E       		.uleb128 0x3e
 2915 0a64 18000000 		.4byte	.LBB294
 2916 0a68 1C000000 		.4byte	.LBE294-.LBB294
 2917 0a6c 23       		.uleb128 0x23
 2918 0a6d 747000   		.ascii	"tp\000"
 2919 0a70 6201     		.2byte	0x162
 2920 0a72 0F       		.byte	0xf
 2921 0a73 C9050000 		.4byte	0x5c9
 2922 0a77 41010000 		.4byte	.LLST73
 2923 0a7b 3F010000 		.4byte	.LVUS73
 2924 0a7f 0F       		.uleb128 0xf
 2925 0a80 C3110000 		.4byte	0x11c3
 2926 0a84 18000000 		.4byte	.LBI295
 2927 0a88 01       		.byte	.LVU432
 2928 0a89 3E010000 		.4byte	.LLRL74
 2929 0a8d 6201     		.2byte	0x162
 2930 0a8f 14       		.byte	0x14
 2931 0a90 B50A0000 		.4byte	0xab5
 2932 0a94 01       		.uleb128 0x1
 2933 0a95 D3110000 		.4byte	0x11d3
 2934 0a99 4E010000 		.4byte	.LLST75
 2935 0a9d 4A010000 		.4byte	.LVUS75
 2936 0aa1 0B       		.uleb128 0xb
 2937 0aa2 3E010000 		.4byte	.LLRL74
 2938 0aa6 0E       		.uleb128 0xe
 2939 0aa7 E8110000 		.4byte	0x11e8
 2940 0aab 60010000 		.4byte	.LLST76
 2941 0aaf 5E010000 		.4byte	.LVUS76
 2942 0ab3 00       		.byte	0
 2943 0ab4 00       		.byte	0
 2944 0ab5 3F       		.uleb128 0x3f
 2945 0ab6 34000000 		.4byte	.LVL66
 2946 0aba F2070000 		.4byte	0x7f2
 2947 0abe 00       		.byte	0
 2948 0abf 00       		.byte	0
 2949 0ac0 0C       		.uleb128 0xc
 2950 0ac1 AC000000 		.4byte	0xac
 2951 0ac5 D00A0000 		.4byte	0xad0
 2952 0ac9 0D       		.uleb128 0xd
 2953 0aca 2D000000 		.4byte	0x2d
 2954 0ace 0C       		.byte	0xc
 2955 0acf 00       		.byte	0
 2956 0ad0 08       		.uleb128 0x8
 2957 0ad1 C00A0000 		.4byte	0xac0
 2958 0ad5 24       		.uleb128 0x24
 2959 0ad6 C4050000 		.4byte	.LASF122
 2960 0ada 3E01     		.2byte	0x13e
 2961 0adc 00000000 		.4byte	.LFB215
 2962 0ae0 48000000 		.4byte	.LFE215-.LFB215
 2963 0ae4 01       		.uleb128 0x1
 2964 0ae5 9C       		.byte	0x9c
ARM GAS  /tmp/cckM0oFW.s 			page 53


 2965 0ae6 AA0B0000 		.4byte	0xbaa
 2966 0aea 14       		.uleb128 0x14
 2967 0aeb 737000   		.ascii	"sp\000"
 2968 0aee 3E01     		.2byte	0x13e
 2969 0af0 1F       		.byte	0x1f
 2970 0af1 82090000 		.4byte	0x982
 2971 0af5 6F010000 		.4byte	.LLST67
 2972 0af9 69010000 		.4byte	.LVUS67
 2973 0afd 0A       		.uleb128 0xa
 2974 0afe 76070000 		.4byte	.LASF119
 2975 0b02 BA0B0000 		.4byte	0xbba
 2976 0b06 1C       		.uleb128 0x1c
 2977 0b07 95110000 		.4byte	0x1195
 2978 0b0b 00000000 		.4byte	.LBI277
 2979 0b0f 05       		.byte	.LVU368
 2980 0b10 00000000 		.4byte	.LBB277
 2981 0b14 04000000 		.4byte	.LBE277-.LBB277
 2982 0b18 4201     		.2byte	0x142
 2983 0b1a 03       		.byte	0x3
 2984 0b1b 360B0000 		.4byte	0xb36
 2985 0b1f 19       		.uleb128 0x19
 2986 0b20 6E120000 		.4byte	0x126e
 2987 0b24 00000000 		.4byte	.LBI278
 2988 0b28 07       		.byte	.LVU370
 2989 0b29 00000000 		.4byte	.LBB278
 2990 0b2d 04000000 		.4byte	.LBE278-.LBB278
 2991 0b31 03       		.byte	0x3
 2992 0b32 7501     		.2byte	0x175
 2993 0b34 03       		.byte	0x3
 2994 0b35 00       		.byte	0
 2995 0b36 0F       		.uleb128 0xf
 2996 0b37 7F110000 		.4byte	0x117f
 2997 0b3b 18000000 		.4byte	.LBI280
 2998 0b3f 01       		.byte	.LVU381
 2999 0b40 23010000 		.4byte	.LLRL68
 3000 0b44 4901     		.2byte	0x149
 3001 0b46 03       		.byte	0x3
 3002 0b47 640B0000 		.4byte	0xb64
 3003 0b4b 0B       		.uleb128 0xb
 3004 0b4c 23010000 		.4byte	.LLRL68
 3005 0b50 11       		.uleb128 0x11
 3006 0b51 66120000 		.4byte	0x1266
 3007 0b55 18000000 		.4byte	.LBI282
 3008 0b59 08       		.byte	.LVU388
 3009 0b5a 23010000 		.4byte	.LLRL68
 3010 0b5e 03       		.byte	0x3
 3011 0b5f 8E01     		.2byte	0x18e
 3012 0b61 03       		.byte	0x3
 3013 0b62 00       		.byte	0
 3014 0b63 00       		.byte	0
 3015 0b64 0F       		.uleb128 0xf
 3016 0b65 C3110000 		.4byte	0x11c3
 3017 0b69 24000000 		.4byte	.LBI287
 3018 0b6d 01       		.byte	.LVU391
 3019 0b6e 2F010000 		.4byte	.LLRL69
 3020 0b72 4701     		.2byte	0x147
 3021 0b74 12       		.byte	0x12
ARM GAS  /tmp/cckM0oFW.s 			page 54


 3022 0b75 9A0B0000 		.4byte	0xb9a
 3023 0b79 01       		.uleb128 0x1
 3024 0b7a D3110000 		.4byte	0x11d3
 3025 0b7e 8F010000 		.4byte	.LLST70
 3026 0b82 8D010000 		.4byte	.LVUS70
 3027 0b86 0B       		.uleb128 0xb
 3028 0b87 2F010000 		.4byte	.LLRL69
 3029 0b8b 0E       		.uleb128 0xe
 3030 0b8c E8110000 		.4byte	0x11e8
 3031 0b90 9A010000 		.4byte	.LLST71
 3032 0b94 98010000 		.4byte	.LVUS71
 3033 0b98 00       		.byte	0
 3034 0b99 00       		.byte	0
 3035 0b9a 1A       		.uleb128 0x1a
 3036 0b9b 40000000 		.4byte	.LVL61
 3037 0b9f B3070000 		.4byte	0x7b3
 3038 0ba3 10       		.uleb128 0x10
 3039 0ba4 01       		.uleb128 0x1
 3040 0ba5 51       		.byte	0x51
 3041 0ba6 01       		.uleb128 0x1
 3042 0ba7 30       		.byte	0x30
 3043 0ba8 00       		.byte	0
 3044 0ba9 00       		.byte	0
 3045 0baa 0C       		.uleb128 0xc
 3046 0bab AC000000 		.4byte	0xac
 3047 0baf BA0B0000 		.4byte	0xbba
 3048 0bb3 0D       		.uleb128 0xd
 3049 0bb4 2D000000 		.4byte	0x2d
 3050 0bb8 0B       		.byte	0xb
 3051 0bb9 00       		.byte	0
 3052 0bba 08       		.uleb128 0x8
 3053 0bbb AA0B0000 		.4byte	0xbaa
 3054 0bbf 40       		.uleb128 0x40
 3055 0bc0 5F020000 		.4byte	.LASF123
 3056 0bc4 01       		.byte	0x1
 3057 0bc5 1F01     		.2byte	0x11f
 3058 0bc7 07       		.byte	0x7
 3059 0bc8 38010000 		.4byte	0x138
 3060 0bcc 01       		.byte	0x1
 3061 0bcd 030C0000 		.4byte	0xc03
 3062 0bd1 15       		.uleb128 0x15
 3063 0bd2 737000   		.ascii	"sp\000"
 3064 0bd5 01       		.byte	0x1
 3065 0bd6 1F01     		.2byte	0x11f
 3066 0bd8 26       		.byte	0x26
 3067 0bd9 82090000 		.4byte	0x982
 3068 0bdd 41       		.uleb128 0x41
 3069 0bde A1060000 		.4byte	.LASF124
 3070 0be2 01       		.byte	0x1
 3071 0be3 1F01     		.2byte	0x11f
 3072 0be5 38       		.byte	0x38
 3073 0be6 82030000 		.4byte	0x382
 3074 0bea 0A       		.uleb128 0xa
 3075 0beb 76070000 		.4byte	.LASF119
 3076 0bef 130C0000 		.4byte	0xc13
 3077 0bf3 30       		.uleb128 0x30
 3078 0bf4 42       		.uleb128 0x42
ARM GAS  /tmp/cckM0oFW.s 			page 55


 3079 0bf5 CA020000 		.4byte	.LASF118
 3080 0bf9 01       		.byte	0x1
 3081 0bfa 2D01     		.2byte	0x12d
 3082 0bfc 0F       		.byte	0xf
 3083 0bfd C9050000 		.4byte	0x5c9
 3084 0c01 00       		.byte	0
 3085 0c02 00       		.byte	0
 3086 0c03 0C       		.uleb128 0xc
 3087 0c04 AC000000 		.4byte	0xac
 3088 0c08 130C0000 		.4byte	0xc13
 3089 0c0c 0D       		.uleb128 0xd
 3090 0c0d 2D000000 		.4byte	0x2d
 3091 0c11 11       		.byte	0x11
 3092 0c12 00       		.byte	0
 3093 0c13 08       		.uleb128 0x8
 3094 0c14 030C0000 		.4byte	0xc03
 3095 0c18 2F       		.uleb128 0x2f
 3096 0c19 59060000 		.4byte	.LASF126
 3097 0c1d 0301     		.2byte	0x103
 3098 0c1f 38010000 		.4byte	0x138
 3099 0c23 00000000 		.4byte	.LFB213
 3100 0c27 6C000000 		.4byte	.LFE213-.LFB213
 3101 0c2b 01       		.uleb128 0x1
 3102 0c2c 9C       		.byte	0x9c
 3103 0c2d BC0D0000 		.4byte	0xdbc
 3104 0c31 14       		.uleb128 0x14
 3105 0c32 737000   		.ascii	"sp\000"
 3106 0c35 0301     		.2byte	0x103
 3107 0c37 25       		.byte	0x25
 3108 0c38 82090000 		.4byte	0x982
 3109 0c3c A9010000 		.4byte	.LLST42
 3110 0c40 A3010000 		.4byte	.LVUS42
 3111 0c44 43       		.uleb128 0x43
 3112 0c45 A1060000 		.4byte	.LASF124
 3113 0c49 01       		.byte	0x1
 3114 0c4a 0301     		.2byte	0x103
 3115 0c4c 37       		.byte	0x37
 3116 0c4d 82030000 		.4byte	0x382
 3117 0c51 CB010000 		.4byte	.LLST43
 3118 0c55 C7010000 		.4byte	.LVUS43
 3119 0c59 23       		.uleb128 0x23
 3120 0c5a 6D736700 		.ascii	"msg\000"
 3121 0c5e 0401     		.2byte	0x104
 3122 0c60 09       		.byte	0x9
 3123 0c61 38010000 		.4byte	0x138
 3124 0c65 E8010000 		.4byte	.LLST44
 3125 0c69 E4010000 		.4byte	.LVUS44
 3126 0c6d 1C       		.uleb128 0x1c
 3127 0c6e 95110000 		.4byte	0x1195
 3128 0c72 04000000 		.4byte	.LBI220
 3129 0c76 02       		.byte	.LVU241
 3130 0c77 04000000 		.4byte	.LBB220
 3131 0c7b 04000000 		.4byte	.LBE220-.LBB220
 3132 0c7f 0601     		.2byte	0x106
 3133 0c81 03       		.byte	0x3
 3134 0c82 9D0C0000 		.4byte	0xc9d
 3135 0c86 19       		.uleb128 0x19
ARM GAS  /tmp/cckM0oFW.s 			page 56


 3136 0c87 6E120000 		.4byte	0x126e
 3137 0c8b 04000000 		.4byte	.LBI221
 3138 0c8f 04       		.byte	.LVU243
 3139 0c90 04000000 		.4byte	.LBB221
 3140 0c94 04000000 		.4byte	.LBE221-.LBB221
 3141 0c98 03       		.byte	0x3
 3142 0c99 7501     		.2byte	0x175
 3143 0c9b 03       		.byte	0x3
 3144 0c9c 00       		.byte	0
 3145 0c9d 0F       		.uleb128 0xf
 3146 0c9e BF0B0000 		.4byte	0xbbf
 3147 0ca2 08000000 		.4byte	.LBI223
 3148 0ca6 03       		.byte	.LVU248
 3149 0ca7 BA000000 		.4byte	.LLRL45
 3150 0cab 0701     		.2byte	0x107
 3151 0cad 09       		.byte	0x9
 3152 0cae 910D0000 		.4byte	0xd91
 3153 0cb2 01       		.uleb128 0x1
 3154 0cb3 DD0B0000 		.4byte	0xbdd
 3155 0cb7 FE010000 		.4byte	.LLST46
 3156 0cbb F8010000 		.4byte	.LVUS46
 3157 0cbf 01       		.uleb128 0x1
 3158 0cc0 D10B0000 		.4byte	0xbd1
 3159 0cc4 24020000 		.4byte	.LLST47
 3160 0cc8 1C020000 		.4byte	.LVUS47
 3161 0ccc 0B       		.uleb128 0xb
 3162 0ccd BA000000 		.4byte	.LLRL45
 3163 0cd1 44       		.uleb128 0x44
 3164 0cd2 F30B0000 		.4byte	0xbf3
 3165 0cd6 28000000 		.4byte	.LBB225
 3166 0cda 10000000 		.4byte	.LBE225-.LBB225
 3167 0cde E80C0000 		.4byte	0xce8
 3168 0ce2 31       		.uleb128 0x31
 3169 0ce3 F40B0000 		.4byte	0xbf4
 3170 0ce7 00       		.byte	0
 3171 0ce8 32       		.uleb128 0x32
 3172 0ce9 BF0B0000 		.4byte	0xbbf
 3173 0ced 38000000 		.4byte	.LBI226
 3174 0cf1 01       		.byte	.LVU281
 3175 0cf2 C9000000 		.4byte	.LLRL48
 3176 0cf6 1F01     		.2byte	0x11f
 3177 0cf8 07       		.byte	0x7
 3178 0cf9 01       		.uleb128 0x1
 3179 0cfa DD0B0000 		.4byte	0xbdd
 3180 0cfe 4B020000 		.4byte	.LLST49
 3181 0d02 47020000 		.4byte	.LVUS49
 3182 0d06 01       		.uleb128 0x1
 3183 0d07 D10B0000 		.4byte	0xbd1
 3184 0d0b 68020000 		.4byte	.LLST50
 3185 0d0f 64020000 		.4byte	.LVUS50
 3186 0d13 0B       		.uleb128 0xb
 3187 0d14 C9000000 		.4byte	.LLRL48
 3188 0d18 25       		.uleb128 0x25
 3189 0d19 F30B0000 		.4byte	0xbf3
 3190 0d1d C9000000 		.4byte	.LLRL48
 3191 0d21 0E       		.uleb128 0xe
 3192 0d22 F40B0000 		.4byte	0xbf4
ARM GAS  /tmp/cckM0oFW.s 			page 57


 3193 0d26 83020000 		.4byte	.LLST51
 3194 0d2a 81020000 		.4byte	.LVUS51
 3195 0d2e 11       		.uleb128 0x11
 3196 0d2f 71110000 		.4byte	0x1171
 3197 0d33 38000000 		.4byte	.LBI229
 3198 0d37 03       		.byte	.LVU283
 3199 0d38 D5000000 		.4byte	.LLRL52
 3200 0d3c 01       		.byte	0x1
 3201 0d3d 2D01     		.2byte	0x12d
 3202 0d3f 18       		.byte	0x18
 3203 0d40 0F       		.uleb128 0xf
 3204 0d41 07120000 		.4byte	0x1207
 3205 0d45 58000000 		.4byte	.LBI232
 3206 0d49 01       		.byte	.LVU295
 3207 0d4a E1000000 		.4byte	.LLRL53
 3208 0d4e 2F01     		.2byte	0x12f
 3209 0d50 05       		.byte	0x5
 3210 0d51 700D0000 		.4byte	0xd70
 3211 0d55 01       		.uleb128 0x1
 3212 0d56 1F120000 		.4byte	0x121f
 3213 0d5a 8E020000 		.4byte	.LLST54
 3214 0d5e 8C020000 		.4byte	.LVUS54
 3215 0d62 01       		.uleb128 0x1
 3216 0d63 13120000 		.4byte	0x1213
 3217 0d67 99020000 		.4byte	.LLST55
 3218 0d6b 97020000 		.4byte	.LVUS55
 3219 0d6f 00       		.byte	0
 3220 0d70 1A       		.uleb128 0x1a
 3221 0d71 64000000 		.4byte	.LVL49
 3222 0d75 C8070000 		.4byte	0x7c8
 3223 0d79 10       		.uleb128 0x10
 3224 0d7a 01       		.uleb128 0x1
 3225 0d7b 50       		.byte	0x50
 3226 0d7c 01       		.uleb128 0x1
 3227 0d7d 35       		.byte	0x35
 3228 0d7e 10       		.uleb128 0x10
 3229 0d7f 01       		.uleb128 0x1
 3230 0d80 51       		.byte	0x51
 3231 0d81 09       		.uleb128 0x9
 3232 0d82 A3       		.byte	0xa3
 3233 0d83 03       		.uleb128 0x3
 3234 0d84 A5       		.byte	0xa5
 3235 0d85 01       		.uleb128 0x1
 3236 0d86 26       		.uleb128 0x26
 3237 0d87 A8       		.byte	0xa8
 3238 0d88 2D       		.uleb128 0x2d
 3239 0d89 A8       		.byte	0xa8
 3240 0d8a 00       		.uleb128 0
 3241 0d8b 00       		.byte	0
 3242 0d8c 00       		.byte	0
 3243 0d8d 00       		.byte	0
 3244 0d8e 00       		.byte	0
 3245 0d8f 00       		.byte	0
 3246 0d90 00       		.byte	0
 3247 0d91 32       		.uleb128 0x32
 3248 0d92 7F110000 		.4byte	0x117f
 3249 0d96 20000000 		.4byte	.LBI244
ARM GAS  /tmp/cckM0oFW.s 			page 58


 3250 0d9a 02       		.byte	.LVU264
 3251 0d9b F0000000 		.4byte	.LLRL56
 3252 0d9f 0801     		.2byte	0x108
 3253 0da1 03       		.byte	0x3
 3254 0da2 0B       		.uleb128 0xb
 3255 0da3 F0000000 		.4byte	.LLRL56
 3256 0da7 11       		.uleb128 0x11
 3257 0da8 66120000 		.4byte	0x1266
 3258 0dac 20000000 		.4byte	.LBI246
 3259 0db0 09       		.byte	.LVU271
 3260 0db1 F0000000 		.4byte	.LLRL56
 3261 0db5 03       		.byte	0x3
 3262 0db6 8E01     		.2byte	0x18e
 3263 0db8 03       		.byte	0x3
 3264 0db9 00       		.byte	0
 3265 0dba 00       		.byte	0
 3266 0dbb 00       		.byte	0
 3267 0dbc 45       		.uleb128 0x45
 3268 0dbd 0C000000 		.4byte	.LASF127
 3269 0dc1 01       		.byte	0x1
 3270 0dc2 DD       		.byte	0xdd
 3271 0dc3 07       		.byte	0x7
 3272 0dc4 38010000 		.4byte	0x138
 3273 0dc8 01       		.byte	0x1
 3274 0dc9 EF0D0000 		.4byte	0xdef
 3275 0dcd 1D       		.uleb128 0x1d
 3276 0dce 737000   		.ascii	"sp\000"
 3277 0dd1 DD       		.byte	0xdd
 3278 0dd2 1F       		.byte	0x1f
 3279 0dd3 82090000 		.4byte	0x982
 3280 0dd7 0A       		.uleb128 0xa
 3281 0dd8 76070000 		.4byte	.LASF119
 3282 0ddc FF0D0000 		.4byte	0xdff
 3283 0de0 30       		.uleb128 0x30
 3284 0de1 46       		.uleb128 0x46
 3285 0de2 CA020000 		.4byte	.LASF118
 3286 0de6 01       		.byte	0x1
 3287 0de7 E6       		.byte	0xe6
 3288 0de8 0F       		.byte	0xf
 3289 0de9 C9050000 		.4byte	0x5c9
 3290 0ded 00       		.byte	0
 3291 0dee 00       		.byte	0
 3292 0def 0C       		.uleb128 0xc
 3293 0df0 AC000000 		.4byte	0xac
 3294 0df4 FF0D0000 		.4byte	0xdff
 3295 0df8 0D       		.uleb128 0xd
 3296 0df9 2D000000 		.4byte	0x2d
 3297 0dfd 0A       		.byte	0xa
 3298 0dfe 00       		.byte	0
 3299 0dff 08       		.uleb128 0x8
 3300 0e00 EF0D0000 		.4byte	0xdef
 3301 0e04 47       		.uleb128 0x47
 3302 0e05 FF010000 		.4byte	.LASF128
 3303 0e09 01       		.byte	0x1
 3304 0e0a C7       		.byte	0xc7
 3305 0e0b 07       		.byte	0x7
 3306 0e0c 38010000 		.4byte	0x138
ARM GAS  /tmp/cckM0oFW.s 			page 59


 3307 0e10 00000000 		.4byte	.LFB211
 3308 0e14 64000000 		.4byte	.LFE211-.LFB211
 3309 0e18 01       		.uleb128 0x1
 3310 0e19 9C       		.byte	0x9c
 3311 0e1a 4D0F0000 		.4byte	0xf4d
 3312 0e1e 1E       		.uleb128 0x1e
 3313 0e1f 737000   		.ascii	"sp\000"
 3314 0e22 C7       		.byte	0xc7
 3315 0e23 1E       		.byte	0x1e
 3316 0e24 82090000 		.4byte	0x982
 3317 0e28 AC020000 		.4byte	.LLST20
 3318 0e2c A2020000 		.4byte	.LVUS20
 3319 0e30 48       		.uleb128 0x48
 3320 0e31 6D736700 		.ascii	"msg\000"
 3321 0e35 01       		.byte	0x1
 3322 0e36 C8       		.byte	0xc8
 3323 0e37 09       		.byte	0x9
 3324 0e38 38010000 		.4byte	0x138
 3325 0e3c E1020000 		.4byte	.LLST21
 3326 0e40 DD020000 		.4byte	.LVUS21
 3327 0e44 1B       		.uleb128 0x1b
 3328 0e45 95110000 		.4byte	0x1195
 3329 0e49 00000000 		.4byte	.LBI143
 3330 0e4d 03       		.byte	.LVU121
 3331 0e4e 00000000 		.4byte	.LBB143
 3332 0e52 04000000 		.4byte	.LBE143-.LBB143
 3333 0e56 CA       		.byte	0xca
 3334 0e57 03       		.byte	0x3
 3335 0e58 730E0000 		.4byte	0xe73
 3336 0e5c 19       		.uleb128 0x19
 3337 0e5d 6E120000 		.4byte	0x126e
 3338 0e61 00000000 		.4byte	.LBI144
 3339 0e65 05       		.byte	.LVU123
 3340 0e66 00000000 		.4byte	.LBB144
 3341 0e6a 04000000 		.4byte	.LBE144-.LBB144
 3342 0e6e 03       		.byte	0x3
 3343 0e6f 7501     		.2byte	0x175
 3344 0e71 03       		.byte	0x3
 3345 0e72 00       		.byte	0
 3346 0e73 17       		.uleb128 0x17
 3347 0e74 BC0D0000 		.4byte	0xdbc
 3348 0e78 04000000 		.4byte	.LBI146
 3349 0e7c 03       		.byte	.LVU128
 3350 0e7d 3C000000 		.4byte	.LLRL22
 3351 0e81 CB       		.byte	0xcb
 3352 0e82 09       		.byte	0x9
 3353 0e83 230F0000 		.4byte	0xf23
 3354 0e87 01       		.uleb128 0x1
 3355 0e88 CD0D0000 		.4byte	0xdcd
 3356 0e8c F9020000 		.4byte	.LLST23
 3357 0e90 F1020000 		.4byte	.LVUS23
 3358 0e94 0B       		.uleb128 0xb
 3359 0e95 3C000000 		.4byte	.LLRL22
 3360 0e99 1F       		.uleb128 0x1f
 3361 0e9a BC0D0000 		.4byte	0xdbc
 3362 0e9e 2C000000 		.4byte	.LBI148
 3363 0ea2 01       		.byte	.LVU155
ARM GAS  /tmp/cckM0oFW.s 			page 60


 3364 0ea3 42000000 		.4byte	.LLRL24
 3365 0ea7 DD       		.byte	0xdd
 3366 0ea8 07       		.byte	0x7
 3367 0ea9 01       		.uleb128 0x1
 3368 0eaa CD0D0000 		.4byte	0xdcd
 3369 0eae 20030000 		.4byte	.LLST25
 3370 0eb2 1C030000 		.4byte	.LVUS25
 3371 0eb6 0B       		.uleb128 0xb
 3372 0eb7 4E000000 		.4byte	.LLRL26
 3373 0ebb 25       		.uleb128 0x25
 3374 0ebc E00D0000 		.4byte	0xde0
 3375 0ec0 4E000000 		.4byte	.LLRL26
 3376 0ec4 0E       		.uleb128 0xe
 3377 0ec5 E10D0000 		.4byte	0xde1
 3378 0ec9 3B030000 		.4byte	.LLST27
 3379 0ecd 39030000 		.4byte	.LVUS27
 3380 0ed1 33       		.uleb128 0x33
 3381 0ed2 71110000 		.4byte	0x1171
 3382 0ed6 2C000000 		.4byte	.LBI151
 3383 0eda 03       		.byte	.LVU157
 3384 0edb 5D000000 		.4byte	.LLRL28
 3385 0edf E6       		.byte	0xe6
 3386 0ee0 17       		.uleb128 0x17
 3387 0ee1 07120000 		.4byte	0x1207
 3388 0ee5 44000000 		.4byte	.LBI156
 3389 0ee9 01       		.byte	.LVU168
 3390 0eea 6C000000 		.4byte	.LLRL29
 3391 0eee E8       		.byte	0xe8
 3392 0eef 05       		.byte	0x5
 3393 0ef0 0F0F0000 		.4byte	0xf0f
 3394 0ef4 01       		.uleb128 0x1
 3395 0ef5 1F120000 		.4byte	0x121f
 3396 0ef9 46030000 		.4byte	.LLST30
 3397 0efd 44030000 		.4byte	.LVUS30
 3398 0f01 01       		.uleb128 0x1
 3399 0f02 13120000 		.4byte	0x1213
 3400 0f06 51030000 		.4byte	.LLST31
 3401 0f0a 4F030000 		.4byte	.LVUS31
 3402 0f0e 00       		.byte	0
 3403 0f0f 1A       		.uleb128 0x1a
 3404 0f10 58000000 		.4byte	.LVL28
 3405 0f14 E2070000 		.4byte	0x7e2
 3406 0f18 10       		.uleb128 0x10
 3407 0f19 01       		.uleb128 0x1
 3408 0f1a 50       		.byte	0x50
 3409 0f1b 01       		.uleb128 0x1
 3410 0f1c 35       		.byte	0x35
 3411 0f1d 00       		.byte	0
 3412 0f1e 00       		.byte	0
 3413 0f1f 00       		.byte	0
 3414 0f20 00       		.byte	0
 3415 0f21 00       		.byte	0
 3416 0f22 00       		.byte	0
 3417 0f23 1F       		.uleb128 0x1f
 3418 0f24 7F110000 		.4byte	0x117f
 3419 0f28 1C000000 		.4byte	.LBI168
 3420 0f2c 02       		.byte	.LVU142
ARM GAS  /tmp/cckM0oFW.s 			page 61


 3421 0f2d 78000000 		.4byte	.LLRL32
 3422 0f31 CC       		.byte	0xcc
 3423 0f32 03       		.byte	0x3
 3424 0f33 0B       		.uleb128 0xb
 3425 0f34 78000000 		.4byte	.LLRL32
 3426 0f38 11       		.uleb128 0x11
 3427 0f39 66120000 		.4byte	0x1266
 3428 0f3d 1C000000 		.4byte	.LBI170
 3429 0f41 09       		.byte	.LVU149
 3430 0f42 78000000 		.4byte	.LLRL32
 3431 0f46 03       		.byte	0x3
 3432 0f47 8E01     		.2byte	0x18e
 3433 0f49 03       		.byte	0x3
 3434 0f4a 00       		.byte	0
 3435 0f4b 00       		.byte	0
 3436 0f4c 00       		.byte	0
 3437 0f4d 49       		.uleb128 0x49
 3438 0f4e 1B020000 		.4byte	.LASF129
 3439 0f52 01       		.byte	0x1
 3440 0f53 AD       		.byte	0xad
 3441 0f54 06       		.byte	0x6
 3442 0f55 01       		.byte	0x1
 3443 0f56 820F0000 		.4byte	0xf82
 3444 0f5a 1D       		.uleb128 0x1d
 3445 0f5b 737000   		.ascii	"sp\000"
 3446 0f5e AD       		.byte	0xad
 3447 0f5f 2A       		.byte	0x2a
 3448 0f60 82090000 		.4byte	0x982
 3449 0f64 1D       		.uleb128 0x1d
 3450 0f65 6E00     		.ascii	"n\000"
 3451 0f67 AD       		.byte	0xad
 3452 0f68 34       		.byte	0x34
 3453 0f69 50010000 		.4byte	0x150
 3454 0f6d 1D       		.uleb128 0x1d
 3455 0f6e 6D736700 		.ascii	"msg\000"
 3456 0f72 AD       		.byte	0xad
 3457 0f73 3D       		.byte	0x3d
 3458 0f74 38010000 		.4byte	0x138
 3459 0f78 0A       		.uleb128 0xa
 3460 0f79 76070000 		.4byte	.LASF119
 3461 0f7d 920F0000 		.4byte	0xf92
 3462 0f81 00       		.byte	0
 3463 0f82 0C       		.uleb128 0xc
 3464 0f83 AC000000 		.4byte	0xac
 3465 0f87 920F0000 		.4byte	0xf92
 3466 0f8b 0D       		.uleb128 0xd
 3467 0f8c 2D000000 		.4byte	0x2d
 3468 0f90 16       		.byte	0x16
 3469 0f91 00       		.byte	0
 3470 0f92 08       		.uleb128 0x8
 3471 0f93 820F0000 		.4byte	0xf82
 3472 0f97 26       		.uleb128 0x26
 3473 0f98 1E000000 		.4byte	.LASF130
 3474 0f9c 94       		.byte	0x94
 3475 0f9d 00000000 		.4byte	.LFB209
 3476 0fa1 50000000 		.4byte	.LFE209-.LFB209
 3477 0fa5 01       		.uleb128 0x1
ARM GAS  /tmp/cckM0oFW.s 			page 62


 3478 0fa6 9C       		.byte	0x9c
 3479 0fa7 DF100000 		.4byte	0x10df
 3480 0fab 1E       		.uleb128 0x1e
 3481 0fac 737000   		.ascii	"sp\000"
 3482 0faf 94       		.byte	0x94
 3483 0fb0 29       		.byte	0x29
 3484 0fb1 82090000 		.4byte	0x982
 3485 0fb5 60030000 		.4byte	.LLST2
 3486 0fb9 5A030000 		.4byte	.LVUS2
 3487 0fbd 1E       		.uleb128 0x1e
 3488 0fbe 6E00     		.ascii	"n\000"
 3489 0fc0 94       		.byte	0x94
 3490 0fc1 33       		.byte	0x33
 3491 0fc2 50010000 		.4byte	0x150
 3492 0fc6 82030000 		.4byte	.LLST3
 3493 0fca 7E030000 		.4byte	.LVUS3
 3494 0fce 1E       		.uleb128 0x1e
 3495 0fcf 6D736700 		.ascii	"msg\000"
 3496 0fd3 94       		.byte	0x94
 3497 0fd4 3C       		.byte	0x3c
 3498 0fd5 38010000 		.4byte	0x138
 3499 0fd9 A1030000 		.4byte	.LLST4
 3500 0fdd 9B030000 		.4byte	.LVUS4
 3501 0fe1 17       		.uleb128 0x17
 3502 0fe2 95110000 		.4byte	0x1195
 3503 0fe6 00000000 		.4byte	.LBI103
 3504 0fea 02       		.byte	.LVU22
 3505 0feb 18000000 		.4byte	.LLRL5
 3506 0fef 96       		.byte	0x96
 3507 0ff0 03       		.byte	0x3
 3508 0ff1 08100000 		.4byte	0x1008
 3509 0ff5 11       		.uleb128 0x11
 3510 0ff6 6E120000 		.4byte	0x126e
 3511 0ffa 00000000 		.4byte	.LBI104
 3512 0ffe 04       		.byte	.LVU24
 3513 0fff 18000000 		.4byte	.LLRL5
 3514 1003 03       		.byte	0x3
 3515 1004 7501     		.2byte	0x175
 3516 1006 03       		.byte	0x3
 3517 1007 00       		.byte	0
 3518 1008 1B       		.uleb128 0x1b
 3519 1009 4D0F0000 		.4byte	0xf4d
 3520 100d 08000000 		.4byte	.LBI109
 3521 1011 03       		.byte	.LVU31
 3522 1012 08000000 		.4byte	.LBB109
 3523 1016 3C000000 		.4byte	.LBE109-.LBB109
 3524 101a 97       		.byte	0x97
 3525 101b 03       		.byte	0x3
 3526 101c A6100000 		.4byte	0x10a6
 3527 1020 01       		.uleb128 0x1
 3528 1021 6D0F0000 		.4byte	0xf6d
 3529 1025 C3030000 		.4byte	.LLST6
 3530 1029 BF030000 		.4byte	.LVUS6
 3531 102d 01       		.uleb128 0x1
 3532 102e 640F0000 		.4byte	0xf64
 3533 1032 D7030000 		.4byte	.LLST7
 3534 1036 D3030000 		.4byte	.LVUS7
ARM GAS  /tmp/cckM0oFW.s 			page 63


 3535 103a 01       		.uleb128 0x1
 3536 103b 5A0F0000 		.4byte	0xf5a
 3537 103f F4030000 		.4byte	.LLST8
 3538 1043 F0030000 		.4byte	.LVUS8
 3539 1047 17       		.uleb128 0x17
 3540 1048 2B120000 		.4byte	0x122b
 3541 104c 10000000 		.4byte	.LBI111
 3542 1050 02       		.byte	.LVU44
 3543 1051 24000000 		.4byte	.LLRL9
 3544 1055 B6       		.byte	0xb6
 3545 1056 0A       		.byte	0xa
 3546 1057 69100000 		.4byte	0x1069
 3547 105b 01       		.uleb128 0x1
 3548 105c 3B120000 		.4byte	0x123b
 3549 1060 08040000 		.4byte	.LLST10
 3550 1064 04040000 		.4byte	.LVUS10
 3551 1068 00       		.byte	0
 3552 1069 1B       		.uleb128 0x1b
 3553 106a 9D110000 		.4byte	0x119d
 3554 106e 20000000 		.4byte	.LBI114
 3555 1072 01       		.byte	.LVU49
 3556 1073 20000000 		.4byte	.LBB114
 3557 1077 10000000 		.4byte	.LBE114-.LBB114
 3558 107b B7       		.byte	0xb7
 3559 107c 11       		.byte	0x11
 3560 107d 9C100000 		.4byte	0x109c
 3561 1081 01       		.uleb128 0x1
 3562 1082 AD110000 		.4byte	0x11ad
 3563 1086 1B040000 		.4byte	.LLST11
 3564 108a 19040000 		.4byte	.LVUS11
 3565 108e 0E       		.uleb128 0xe
 3566 108f B9110000 		.4byte	0x11b9
 3567 1093 26040000 		.4byte	.LLST12
 3568 1097 24040000 		.4byte	.LVUS12
 3569 109b 00       		.byte	0
 3570 109c 16       		.uleb128 0x16
 3571 109d 34000000 		.4byte	.LVL8
 3572 10a1 F2070000 		.4byte	0x7f2
 3573 10a5 00       		.byte	0
 3574 10a6 1B       		.uleb128 0x1b
 3575 10a7 7F110000 		.4byte	0x117f
 3576 10ab 48000000 		.4byte	.LBI117
 3577 10af 01       		.byte	.LVU70
 3578 10b0 48000000 		.4byte	.LBB117
 3579 10b4 04000000 		.4byte	.LBE117-.LBB117
 3580 10b8 99       		.byte	0x99
 3581 10b9 03       		.byte	0x3
 3582 10ba D5100000 		.4byte	0x10d5
 3583 10be 19       		.uleb128 0x19
 3584 10bf 66120000 		.4byte	0x1266
 3585 10c3 48000000 		.4byte	.LBI119
 3586 10c7 08       		.byte	.LVU77
 3587 10c8 48000000 		.4byte	.LBB119
 3588 10cc 04000000 		.4byte	.LBE119-.LBB119
 3589 10d0 03       		.byte	0x3
 3590 10d1 8E01     		.2byte	0x18e
 3591 10d3 03       		.byte	0x3
ARM GAS  /tmp/cckM0oFW.s 			page 64


 3592 10d4 00       		.byte	0
 3593 10d5 16       		.uleb128 0x16
 3594 10d6 48000000 		.4byte	.LVL11
 3595 10da 07080000 		.4byte	0x807
 3596 10de 00       		.byte	0
 3597 10df 26       		.uleb128 0x26
 3598 10e0 BA030000 		.4byte	.LASF131
 3599 10e4 79       		.byte	0x79
 3600 10e5 00000000 		.4byte	.LFB208
 3601 10e9 04000000 		.4byte	.LFE208-.LFB208
 3602 10ed 01       		.uleb128 0x1
 3603 10ee 9C       		.byte	0x9c
 3604 10ef 09110000 		.4byte	0x1109
 3605 10f3 27       		.uleb128 0x27
 3606 10f4 737000   		.ascii	"sp\000"
 3607 10f7 79       		.byte	0x79
 3608 10f8 26       		.byte	0x26
 3609 10f9 82090000 		.4byte	0x982
 3610 10fd 01       		.uleb128 0x1
 3611 10fe 50       		.byte	0x50
 3612 10ff 0A       		.uleb128 0xa
 3613 1100 76070000 		.4byte	.LASF119
 3614 1104 19110000 		.4byte	0x1119
 3615 1108 00       		.byte	0
 3616 1109 0C       		.uleb128 0xc
 3617 110a AC000000 		.4byte	0xac
 3618 110e 19110000 		.4byte	0x1119
 3619 1112 0D       		.uleb128 0xd
 3620 1113 2D000000 		.4byte	0x2d
 3621 1117 12       		.byte	0x12
 3622 1118 00       		.byte	0
 3623 1119 08       		.uleb128 0x8
 3624 111a 09110000 		.4byte	0x1109
 3625 111e 26       		.uleb128 0x26
 3626 111f FF060000 		.4byte	.LASF132
 3627 1123 62       		.byte	0x62
 3628 1124 00000000 		.4byte	.LFB207
 3629 1128 0C000000 		.4byte	.LFE207-.LFB207
 3630 112c 01       		.uleb128 0x1
 3631 112d 9C       		.byte	0x9c
 3632 112e 71110000 		.4byte	0x1171
 3633 1132 27       		.uleb128 0x27
 3634 1133 737000   		.ascii	"sp\000"
 3635 1136 62       		.byte	0x62
 3636 1137 23       		.byte	0x23
 3637 1138 82090000 		.4byte	0x982
 3638 113c 01       		.uleb128 0x1
 3639 113d 50       		.byte	0x50
 3640 113e 27       		.uleb128 0x27
 3641 113f 6E00     		.ascii	"n\000"
 3642 1141 62       		.byte	0x62
 3643 1142 2D       		.byte	0x2d
 3644 1143 50010000 		.4byte	0x150
 3645 1147 01       		.uleb128 0x1
 3646 1148 51       		.byte	0x51
 3647 1149 0A       		.uleb128 0xa
 3648 114a 76070000 		.4byte	.LASF119
ARM GAS  /tmp/cckM0oFW.s 			page 65


 3649 114e 97090000 		.4byte	0x997
 3650 1152 1F       		.uleb128 0x1f
 3651 1153 4D120000 		.4byte	0x124d
 3652 1157 00000000 		.4byte	.LBI86
 3653 115b 05       		.byte	.LVU5
 3654 115c 0C000000 		.4byte	.LLRL0
 3655 1160 66       		.byte	0x66
 3656 1161 03       		.byte	0x3
 3657 1162 01       		.uleb128 0x1
 3658 1163 59120000 		.4byte	0x1259
 3659 1167 31040000 		.4byte	.LLST1
 3660 116b 2F040000 		.4byte	.LVUS1
 3661 116f 00       		.byte	0
 3662 1170 00       		.byte	0
 3663 1171 4A       		.uleb128 0x4a
 3664 1172 F1010000 		.4byte	.LASF146
 3665 1176 05       		.byte	0x5
 3666 1177 0E02     		.2byte	0x20e
 3667 1179 19       		.byte	0x19
 3668 117a C9050000 		.4byte	0x5c9
 3669 117e 03       		.byte	0x3
 3670 117f 28       		.uleb128 0x28
 3671 1180 E5010000 		.4byte	.LASF135
 3672 1184 03       		.byte	0x3
 3673 1185 8101     		.2byte	0x181
 3674 1187 95110000 		.4byte	0x1195
 3675 118b 0A       		.uleb128 0xa
 3676 118c 76070000 		.4byte	.LASF119
 3677 1190 BA0B0000 		.4byte	0xbba
 3678 1194 00       		.byte	0
 3679 1195 29       		.uleb128 0x29
 3680 1196 F1020000 		.4byte	.LASF139
 3681 119a 03       		.byte	0x3
 3682 119b 7301     		.2byte	0x173
 3683 119d 2A       		.uleb128 0x2a
 3684 119e 92020000 		.4byte	.LASF133
 3685 11a2 6B01     		.2byte	0x16b
 3686 11a4 1B       		.byte	0x1b
 3687 11a5 C4040000 		.4byte	0x4c4
 3688 11a9 C3110000 		.4byte	0x11c3
 3689 11ad 15       		.uleb128 0x15
 3690 11ae 717000   		.ascii	"qp\000"
 3691 11b1 02       		.byte	0x2
 3692 11b2 6B01     		.2byte	0x16b
 3693 11b4 3C       		.byte	0x3c
 3694 11b5 C4040000 		.4byte	0x4c4
 3695 11b9 34       		.uleb128 0x34
 3696 11ba 7000     		.ascii	"p\000"
 3697 11bc 6C01     		.2byte	0x16c
 3698 11be C4040000 		.4byte	0x4c4
 3699 11c2 00       		.byte	0
 3700 11c3 2A       		.uleb128 0x2a
 3701 11c4 00030000 		.4byte	.LASF134
 3702 11c8 5501     		.2byte	0x155
 3703 11ca 1B       		.byte	0x1b
 3704 11cb C4040000 		.4byte	0x4c4
 3705 11cf F2110000 		.4byte	0x11f2
ARM GAS  /tmp/cckM0oFW.s 			page 66


 3706 11d3 15       		.uleb128 0x15
 3707 11d4 717000   		.ascii	"qp\000"
 3708 11d7 02       		.byte	0x2
 3709 11d8 5501     		.2byte	0x155
 3710 11da 3C       		.byte	0x3c
 3711 11db C4040000 		.4byte	0x4c4
 3712 11df 0A       		.uleb128 0xa
 3713 11e0 76070000 		.4byte	.LASF119
 3714 11e4 02120000 		.4byte	0x1202
 3715 11e8 34       		.uleb128 0x34
 3716 11e9 7000     		.ascii	"p\000"
 3717 11eb 5901     		.2byte	0x159
 3718 11ed C4040000 		.4byte	0x4c4
 3719 11f1 00       		.byte	0
 3720 11f2 0C       		.uleb128 0xc
 3721 11f3 AC000000 		.4byte	0xac
 3722 11f7 02120000 		.4byte	0x1202
 3723 11fb 0D       		.uleb128 0xd
 3724 11fc 2D000000 		.4byte	0x2d
 3725 1200 14       		.byte	0x14
 3726 1201 00       		.byte	0
 3727 1202 08       		.uleb128 0x8
 3728 1203 F2110000 		.4byte	0x11f2
 3729 1207 28       		.uleb128 0x28
 3730 1208 E6000000 		.4byte	.LASF136
 3731 120c 02       		.byte	0x2
 3732 120d 4301     		.2byte	0x143
 3733 120f 2B120000 		.4byte	0x122b
 3734 1213 15       		.uleb128 0x15
 3735 1214 717000   		.ascii	"qp\000"
 3736 1217 02       		.byte	0x2
 3737 1218 4301     		.2byte	0x143
 3738 121a 30       		.byte	0x30
 3739 121b C4040000 		.4byte	0x4c4
 3740 121f 15       		.uleb128 0x15
 3741 1220 7000     		.ascii	"p\000"
 3742 1222 02       		.byte	0x2
 3743 1223 4301     		.2byte	0x143
 3744 1225 40       		.byte	0x40
 3745 1226 C4040000 		.4byte	0x4c4
 3746 122a 00       		.byte	0
 3747 122b 2A       		.uleb128 0x2a
 3748 122c 8F050000 		.4byte	.LASF137
 3749 1230 3601     		.2byte	0x136
 3750 1232 14       		.byte	0x14
 3751 1233 AC070000 		.4byte	0x7ac
 3752 1237 48120000 		.4byte	0x1248
 3753 123b 15       		.uleb128 0x15
 3754 123c 717000   		.ascii	"qp\000"
 3755 123f 02       		.byte	0x2
 3756 1240 3601     		.2byte	0x136
 3757 1242 38       		.byte	0x38
 3758 1243 48120000 		.4byte	0x1248
 3759 1247 00       		.byte	0
 3760 1248 05       		.uleb128 0x5
 3761 1249 97040000 		.4byte	0x497
 3762 124d 28       		.uleb128 0x28
ARM GAS  /tmp/cckM0oFW.s 			page 67


 3763 124e 4B060000 		.4byte	.LASF138
 3764 1252 02       		.byte	0x2
 3765 1253 1B01     		.2byte	0x11b
 3766 1255 66120000 		.4byte	0x1266
 3767 1259 15       		.uleb128 0x15
 3768 125a 717000   		.ascii	"qp\000"
 3769 125d 02       		.byte	0x2
 3770 125e 1B01     		.2byte	0x11b
 3771 1260 2E       		.byte	0x2e
 3772 1261 C4040000 		.4byte	0x4c4
 3773 1265 00       		.byte	0
 3774 1266 29       		.uleb128 0x29
 3775 1267 7F070000 		.4byte	.LASF140
 3776 126b 04       		.byte	0x4
 3777 126c EF02     		.2byte	0x2ef
 3778 126e 29       		.uleb128 0x29
 3779 126f A9000000 		.4byte	.LASF141
 3780 1273 04       		.byte	0x4
 3781 1274 E302     		.2byte	0x2e3
 3782 1276 35       		.uleb128 0x35
 3783 1277 4D0F0000 		.4byte	0xf4d
 3784 127b 00000000 		.4byte	.LFB210
 3785 127f 44000000 		.4byte	.LFE210-.LFB210
 3786 1283 01       		.uleb128 0x1
 3787 1284 9C       		.byte	0x9c
 3788 1285 0F130000 		.4byte	0x130f
 3789 1289 01       		.uleb128 0x1
 3790 128a 5A0F0000 		.4byte	0xf5a
 3791 128e 3E040000 		.4byte	.LLST13
 3792 1292 3A040000 		.4byte	.LVUS13
 3793 1296 01       		.uleb128 0x1
 3794 1297 640F0000 		.4byte	0xf64
 3795 129b 52040000 		.4byte	.LLST14
 3796 129f 4E040000 		.4byte	.LVUS14
 3797 12a3 01       		.uleb128 0x1
 3798 12a4 6D0F0000 		.4byte	0xf6d
 3799 12a8 6F040000 		.4byte	.LLST15
 3800 12ac 6B040000 		.4byte	.LVUS15
 3801 12b0 17       		.uleb128 0x17
 3802 12b1 2B120000 		.4byte	0x122b
 3803 12b5 08000000 		.4byte	.LBI121
 3804 12b9 02       		.byte	.LVU93
 3805 12ba 30000000 		.4byte	.LLRL16
 3806 12be B6       		.byte	0xb6
 3807 12bf 0A       		.byte	0xa
 3808 12c0 D2120000 		.4byte	0x12d2
 3809 12c4 01       		.uleb128 0x1
 3810 12c5 3B120000 		.4byte	0x123b
 3811 12c9 83040000 		.4byte	.LLST17
 3812 12cd 7F040000 		.4byte	.LVUS17
 3813 12d1 00       		.byte	0
 3814 12d2 1B       		.uleb128 0x1b
 3815 12d3 9D110000 		.4byte	0x119d
 3816 12d7 1C000000 		.4byte	.LBI124
 3817 12db 01       		.byte	.LVU99
 3818 12dc 1C000000 		.4byte	.LBB124
 3819 12e0 10000000 		.4byte	.LBE124-.LBB124
ARM GAS  /tmp/cckM0oFW.s 			page 68


 3820 12e4 B7       		.byte	0xb7
 3821 12e5 11       		.byte	0x11
 3822 12e6 05130000 		.4byte	0x1305
 3823 12ea 01       		.uleb128 0x1
 3824 12eb AD110000 		.4byte	0x11ad
 3825 12ef 96040000 		.4byte	.LLST18
 3826 12f3 94040000 		.4byte	.LVUS18
 3827 12f7 0E       		.uleb128 0xe
 3828 12f8 B9110000 		.4byte	0x11b9
 3829 12fc A1040000 		.4byte	.LLST19
 3830 1300 9F040000 		.4byte	.LVUS19
 3831 1304 00       		.byte	0
 3832 1305 16       		.uleb128 0x16
 3833 1306 30000000 		.4byte	.LVL17
 3834 130a F2070000 		.4byte	0x7f2
 3835 130e 00       		.byte	0
 3836 130f 35       		.uleb128 0x35
 3837 1310 BC0D0000 		.4byte	0xdbc
 3838 1314 00000000 		.4byte	.LFB212
 3839 1318 58000000 		.4byte	.LFE212-.LFB212
 3840 131c 01       		.uleb128 0x1
 3841 131d 9C       		.byte	0x9c
 3842 131e B8130000 		.4byte	0x13b8
 3843 1322 01       		.uleb128 0x1
 3844 1323 CD0D0000 		.4byte	0xdcd
 3845 1327 B4040000 		.4byte	.LLST33
 3846 132b AA040000 		.4byte	.LVUS33
 3847 132f 1F       		.uleb128 0x1f
 3848 1330 BC0D0000 		.4byte	0xdbc
 3849 1334 24000000 		.4byte	.LBI185
 3850 1338 01       		.byte	.LVU209
 3851 1339 84000000 		.4byte	.LLRL34
 3852 133d DD       		.byte	0xdd
 3853 133e 07       		.byte	0x7
 3854 133f 01       		.uleb128 0x1
 3855 1340 CD0D0000 		.4byte	0xdcd
 3856 1344 E9040000 		.4byte	.LLST35
 3857 1348 E5040000 		.4byte	.LVUS35
 3858 134c 0B       		.uleb128 0xb
 3859 134d 90000000 		.4byte	.LLRL36
 3860 1351 25       		.uleb128 0x25
 3861 1352 E00D0000 		.4byte	0xde0
 3862 1356 90000000 		.4byte	.LLRL36
 3863 135a 0E       		.uleb128 0xe
 3864 135b E10D0000 		.4byte	0xde1
 3865 135f 04050000 		.4byte	.LLST37
 3866 1363 02050000 		.4byte	.LVUS37
 3867 1367 33       		.uleb128 0x33
 3868 1368 71110000 		.4byte	0x1171
 3869 136c 24000000 		.4byte	.LBI188
 3870 1370 03       		.byte	.LVU211
 3871 1371 9F000000 		.4byte	.LLRL38
 3872 1375 E6       		.byte	0xe6
 3873 1376 17       		.uleb128 0x17
 3874 1377 07120000 		.4byte	0x1207
 3875 137b 3C000000 		.4byte	.LBI193
 3876 137f 01       		.byte	.LVU222
ARM GAS  /tmp/cckM0oFW.s 			page 69


 3877 1380 AE000000 		.4byte	.LLRL39
 3878 1384 E8       		.byte	0xe8
 3879 1385 05       		.byte	0x5
 3880 1386 A5130000 		.4byte	0x13a5
 3881 138a 01       		.uleb128 0x1
 3882 138b 1F120000 		.4byte	0x121f
 3883 138f 0F050000 		.4byte	.LLST40
 3884 1393 0D050000 		.4byte	.LVUS40
 3885 1397 01       		.uleb128 0x1
 3886 1398 13120000 		.4byte	0x1213
 3887 139c 1A050000 		.4byte	.LLST41
 3888 13a0 18050000 		.4byte	.LVUS41
 3889 13a4 00       		.byte	0
 3890 13a5 1A       		.uleb128 0x1a
 3891 13a6 50000000 		.4byte	.LVL38
 3892 13aa E2070000 		.4byte	0x7e2
 3893 13ae 10       		.uleb128 0x10
 3894 13af 01       		.uleb128 0x1
 3895 13b0 50       		.byte	0x50
 3896 13b1 01       		.uleb128 0x1
 3897 13b2 35       		.byte	0x35
 3898 13b3 00       		.byte	0
 3899 13b4 00       		.byte	0
 3900 13b5 00       		.byte	0
 3901 13b6 00       		.byte	0
 3902 13b7 00       		.byte	0
 3903 13b8 4B       		.uleb128 0x4b
 3904 13b9 BF0B0000 		.4byte	0xbbf
 3905 13bd 00000000 		.4byte	.LFB214
 3906 13c1 5C000000 		.4byte	.LFE214-.LFB214
 3907 13c5 01       		.uleb128 0x1
 3908 13c6 9C       		.byte	0x9c
 3909 13c7 01       		.uleb128 0x1
 3910 13c8 D10B0000 		.4byte	0xbd1
 3911 13cc 2B050000 		.4byte	.LLST57
 3912 13d0 23050000 		.4byte	.LVUS57
 3913 13d4 01       		.uleb128 0x1
 3914 13d5 DD0B0000 		.4byte	0xbdd
 3915 13d9 54050000 		.4byte	.LLST58
 3916 13dd 4E050000 		.4byte	.LVUS58
 3917 13e1 4C       		.uleb128 0x4c
 3918 13e2 F30B0000 		.4byte	0xbf3
 3919 13e6 FC000000 		.4byte	.LLRL59
 3920 13ea F4130000 		.4byte	0x13f4
 3921 13ee 31       		.uleb128 0x31
 3922 13ef F40B0000 		.4byte	0xbf4
 3923 13f3 00       		.byte	0
 3924 13f4 4D       		.uleb128 0x4d
 3925 13f5 BF0B0000 		.4byte	0xbbf
 3926 13f9 28000000 		.4byte	.LBI263
 3927 13fd 01       		.byte	.LVU335
 3928 13fe 28000000 		.4byte	.LBB263
 3929 1402 28000000 		.4byte	.LBE263-.LBB263
 3930 1406 01       		.byte	0x1
 3931 1407 1F01     		.2byte	0x11f
 3932 1409 07       		.byte	0x7
 3933 140a 01       		.uleb128 0x1
ARM GAS  /tmp/cckM0oFW.s 			page 70


 3934 140b DD0B0000 		.4byte	0xbdd
 3935 140f 76050000 		.4byte	.LLST60
 3936 1413 72050000 		.4byte	.LVUS60
 3937 1417 01       		.uleb128 0x1
 3938 1418 D10B0000 		.4byte	0xbd1
 3939 141c 93050000 		.4byte	.LLST61
 3940 1420 8F050000 		.4byte	.LVUS61
 3941 1424 4E       		.uleb128 0x4e
 3942 1425 F30B0000 		.4byte	0xbf3
 3943 1429 28000000 		.4byte	.LBB265
 3944 142d 28000000 		.4byte	.LBE265-.LBB265
 3945 1431 0E       		.uleb128 0xe
 3946 1432 F40B0000 		.4byte	0xbf4
 3947 1436 AE050000 		.4byte	.LLST62
 3948 143a AC050000 		.4byte	.LVUS62
 3949 143e 11       		.uleb128 0x11
 3950 143f 71110000 		.4byte	0x1171
 3951 1443 28000000 		.4byte	.LBI266
 3952 1447 03       		.byte	.LVU337
 3953 1448 08010000 		.4byte	.LLRL63
 3954 144c 01       		.byte	0x1
 3955 144d 2D01     		.2byte	0x12d
 3956 144f 18       		.byte	0x18
 3957 1450 0F       		.uleb128 0xf
 3958 1451 07120000 		.4byte	0x1207
 3959 1455 44000000 		.4byte	.LBI269
 3960 1459 01       		.byte	.LVU348
 3961 145a 14010000 		.4byte	.LLRL64
 3962 145e 2F01     		.2byte	0x12f
 3963 1460 05       		.byte	0x5
 3964 1461 80140000 		.4byte	0x1480
 3965 1465 01       		.uleb128 0x1
 3966 1466 1F120000 		.4byte	0x121f
 3967 146a B9050000 		.4byte	.LLST65
 3968 146e B7050000 		.4byte	.LVUS65
 3969 1472 01       		.uleb128 0x1
 3970 1473 13120000 		.4byte	0x1213
 3971 1477 C4050000 		.4byte	.LLST66
 3972 147b C2050000 		.4byte	.LVUS66
 3973 147f 00       		.byte	0
 3974 1480 4F       		.uleb128 0x4f
 3975 1481 50000000 		.4byte	.LVL56
 3976 1485 C8070000 		.4byte	0x7c8
 3977 1489 10       		.uleb128 0x10
 3978 148a 01       		.uleb128 0x1
 3979 148b 50       		.byte	0x50
 3980 148c 01       		.uleb128 0x1
 3981 148d 35       		.byte	0x35
 3982 148e 10       		.uleb128 0x10
 3983 148f 01       		.uleb128 0x1
 3984 1490 51       		.byte	0x51
 3985 1491 09       		.uleb128 0x9
 3986 1492 A3       		.byte	0xa3
 3987 1493 03       		.uleb128 0x3
 3988 1494 A5       		.byte	0xa5
 3989 1495 01       		.uleb128 0x1
 3990 1496 26       		.uleb128 0x26
ARM GAS  /tmp/cckM0oFW.s 			page 71


 3991 1497 A8       		.byte	0xa8
 3992 1498 2D       		.uleb128 0x2d
 3993 1499 A8       		.byte	0xa8
 3994 149a 00       		.uleb128 0
 3995 149b 00       		.byte	0
 3996 149c 00       		.byte	0
 3997 149d 00       		.byte	0
 3998 149e 00       		.byte	0
 3999 149f 00       		.byte	0
 4000              		.section	.debug_abbrev,"",%progbits
 4001              	.Ldebug_abbrev0:
 4002 0000 01       		.uleb128 0x1
 4003 0001 05       		.uleb128 0x5
 4004 0002 00       		.byte	0
 4005 0003 31       		.uleb128 0x31
 4006 0004 13       		.uleb128 0x13
 4007 0005 02       		.uleb128 0x2
 4008 0006 17       		.uleb128 0x17
 4009 0007 B742     		.uleb128 0x2137
 4010 0009 17       		.uleb128 0x17
 4011 000a 00       		.byte	0
 4012 000b 00       		.byte	0
 4013 000c 02       		.uleb128 0x2
 4014 000d 16       		.uleb128 0x16
 4015 000e 00       		.byte	0
 4016 000f 03       		.uleb128 0x3
 4017 0010 0E       		.uleb128 0xe
 4018 0011 3A       		.uleb128 0x3a
 4019 0012 0B       		.uleb128 0xb
 4020 0013 3B       		.uleb128 0x3b
 4021 0014 0B       		.uleb128 0xb
 4022 0015 39       		.uleb128 0x39
 4023 0016 0B       		.uleb128 0xb
 4024 0017 49       		.uleb128 0x49
 4025 0018 13       		.uleb128 0x13
 4026 0019 00       		.byte	0
 4027 001a 00       		.byte	0
 4028 001b 03       		.uleb128 0x3
 4029 001c 0D       		.uleb128 0xd
 4030 001d 00       		.byte	0
 4031 001e 03       		.uleb128 0x3
 4032 001f 0E       		.uleb128 0xe
 4033 0020 3A       		.uleb128 0x3a
 4034 0021 0B       		.uleb128 0xb
 4035 0022 3B       		.uleb128 0x3b
 4036 0023 0B       		.uleb128 0xb
 4037 0024 39       		.uleb128 0x39
 4038 0025 0B       		.uleb128 0xb
 4039 0026 49       		.uleb128 0x49
 4040 0027 13       		.uleb128 0x13
 4041 0028 38       		.uleb128 0x38
 4042 0029 0B       		.uleb128 0xb
 4043 002a 00       		.byte	0
 4044 002b 00       		.byte	0
 4045 002c 04       		.uleb128 0x4
 4046 002d 0D       		.uleb128 0xd
 4047 002e 00       		.byte	0
ARM GAS  /tmp/cckM0oFW.s 			page 72


 4048 002f 03       		.uleb128 0x3
 4049 0030 0E       		.uleb128 0xe
 4050 0031 3A       		.uleb128 0x3a
 4051 0032 0B       		.uleb128 0xb
 4052 0033 3B       		.uleb128 0x3b
 4053 0034 05       		.uleb128 0x5
 4054 0035 39       		.uleb128 0x39
 4055 0036 0B       		.uleb128 0xb
 4056 0037 49       		.uleb128 0x49
 4057 0038 13       		.uleb128 0x13
 4058 0039 38       		.uleb128 0x38
 4059 003a 0B       		.uleb128 0xb
 4060 003b 00       		.byte	0
 4061 003c 00       		.byte	0
 4062 003d 05       		.uleb128 0x5
 4063 003e 0F       		.uleb128 0xf
 4064 003f 00       		.byte	0
 4065 0040 0B       		.uleb128 0xb
 4066 0041 21       		.uleb128 0x21
 4067 0042 04       		.sleb128 4
 4068 0043 49       		.uleb128 0x49
 4069 0044 13       		.uleb128 0x13
 4070 0045 00       		.byte	0
 4071 0046 00       		.byte	0
 4072 0047 06       		.uleb128 0x6
 4073 0048 0D       		.uleb128 0xd
 4074 0049 00       		.byte	0
 4075 004a 03       		.uleb128 0x3
 4076 004b 08       		.uleb128 0x8
 4077 004c 3A       		.uleb128 0x3a
 4078 004d 0B       		.uleb128 0xb
 4079 004e 3B       		.uleb128 0x3b
 4080 004f 05       		.uleb128 0x5
 4081 0050 39       		.uleb128 0x39
 4082 0051 0B       		.uleb128 0xb
 4083 0052 49       		.uleb128 0x49
 4084 0053 13       		.uleb128 0x13
 4085 0054 38       		.uleb128 0x38
 4086 0055 0B       		.uleb128 0xb
 4087 0056 00       		.byte	0
 4088 0057 00       		.byte	0
 4089 0058 07       		.uleb128 0x7
 4090 0059 24       		.uleb128 0x24
 4091 005a 00       		.byte	0
 4092 005b 0B       		.uleb128 0xb
 4093 005c 0B       		.uleb128 0xb
 4094 005d 3E       		.uleb128 0x3e
 4095 005e 0B       		.uleb128 0xb
 4096 005f 03       		.uleb128 0x3
 4097 0060 0E       		.uleb128 0xe
 4098 0061 00       		.byte	0
 4099 0062 00       		.byte	0
 4100 0063 08       		.uleb128 0x8
 4101 0064 26       		.uleb128 0x26
 4102 0065 00       		.byte	0
 4103 0066 49       		.uleb128 0x49
 4104 0067 13       		.uleb128 0x13
ARM GAS  /tmp/cckM0oFW.s 			page 73


 4105 0068 00       		.byte	0
 4106 0069 00       		.byte	0
 4107 006a 09       		.uleb128 0x9
 4108 006b 13       		.uleb128 0x13
 4109 006c 01       		.byte	0x1
 4110 006d 03       		.uleb128 0x3
 4111 006e 0E       		.uleb128 0xe
 4112 006f 0B       		.uleb128 0xb
 4113 0070 0B       		.uleb128 0xb
 4114 0071 3A       		.uleb128 0x3a
 4115 0072 0B       		.uleb128 0xb
 4116 0073 3B       		.uleb128 0x3b
 4117 0074 0B       		.uleb128 0xb
 4118 0075 39       		.uleb128 0x39
 4119 0076 0B       		.uleb128 0xb
 4120 0077 01       		.uleb128 0x1
 4121 0078 13       		.uleb128 0x13
 4122 0079 00       		.byte	0
 4123 007a 00       		.byte	0
 4124 007b 0A       		.uleb128 0xa
 4125 007c 34       		.uleb128 0x34
 4126 007d 00       		.byte	0
 4127 007e 03       		.uleb128 0x3
 4128 007f 0E       		.uleb128 0xe
 4129 0080 49       		.uleb128 0x49
 4130 0081 13       		.uleb128 0x13
 4131 0082 34       		.uleb128 0x34
 4132 0083 19       		.uleb128 0x19
 4133 0084 00       		.byte	0
 4134 0085 00       		.byte	0
 4135 0086 0B       		.uleb128 0xb
 4136 0087 0B       		.uleb128 0xb
 4137 0088 01       		.byte	0x1
 4138 0089 55       		.uleb128 0x55
 4139 008a 17       		.uleb128 0x17
 4140 008b 00       		.byte	0
 4141 008c 00       		.byte	0
 4142 008d 0C       		.uleb128 0xc
 4143 008e 01       		.uleb128 0x1
 4144 008f 01       		.byte	0x1
 4145 0090 49       		.uleb128 0x49
 4146 0091 13       		.uleb128 0x13
 4147 0092 01       		.uleb128 0x1
 4148 0093 13       		.uleb128 0x13
 4149 0094 00       		.byte	0
 4150 0095 00       		.byte	0
 4151 0096 0D       		.uleb128 0xd
 4152 0097 21       		.uleb128 0x21
 4153 0098 00       		.byte	0
 4154 0099 49       		.uleb128 0x49
 4155 009a 13       		.uleb128 0x13
 4156 009b 2F       		.uleb128 0x2f
 4157 009c 0B       		.uleb128 0xb
 4158 009d 00       		.byte	0
 4159 009e 00       		.byte	0
 4160 009f 0E       		.uleb128 0xe
 4161 00a0 34       		.uleb128 0x34
ARM GAS  /tmp/cckM0oFW.s 			page 74


 4162 00a1 00       		.byte	0
 4163 00a2 31       		.uleb128 0x31
 4164 00a3 13       		.uleb128 0x13
 4165 00a4 02       		.uleb128 0x2
 4166 00a5 17       		.uleb128 0x17
 4167 00a6 B742     		.uleb128 0x2137
 4168 00a8 17       		.uleb128 0x17
 4169 00a9 00       		.byte	0
 4170 00aa 00       		.byte	0
 4171 00ab 0F       		.uleb128 0xf
 4172 00ac 1D       		.uleb128 0x1d
 4173 00ad 01       		.byte	0x1
 4174 00ae 31       		.uleb128 0x31
 4175 00af 13       		.uleb128 0x13
 4176 00b0 52       		.uleb128 0x52
 4177 00b1 01       		.uleb128 0x1
 4178 00b2 B842     		.uleb128 0x2138
 4179 00b4 0B       		.uleb128 0xb
 4180 00b5 55       		.uleb128 0x55
 4181 00b6 17       		.uleb128 0x17
 4182 00b7 58       		.uleb128 0x58
 4183 00b8 21       		.uleb128 0x21
 4184 00b9 01       		.sleb128 1
 4185 00ba 59       		.uleb128 0x59
 4186 00bb 05       		.uleb128 0x5
 4187 00bc 57       		.uleb128 0x57
 4188 00bd 0B       		.uleb128 0xb
 4189 00be 01       		.uleb128 0x1
 4190 00bf 13       		.uleb128 0x13
 4191 00c0 00       		.byte	0
 4192 00c1 00       		.byte	0
 4193 00c2 10       		.uleb128 0x10
 4194 00c3 49       		.uleb128 0x49
 4195 00c4 00       		.byte	0
 4196 00c5 02       		.uleb128 0x2
 4197 00c6 18       		.uleb128 0x18
 4198 00c7 7E       		.uleb128 0x7e
 4199 00c8 18       		.uleb128 0x18
 4200 00c9 00       		.byte	0
 4201 00ca 00       		.byte	0
 4202 00cb 11       		.uleb128 0x11
 4203 00cc 1D       		.uleb128 0x1d
 4204 00cd 00       		.byte	0
 4205 00ce 31       		.uleb128 0x31
 4206 00cf 13       		.uleb128 0x13
 4207 00d0 52       		.uleb128 0x52
 4208 00d1 01       		.uleb128 0x1
 4209 00d2 B842     		.uleb128 0x2138
 4210 00d4 0B       		.uleb128 0xb
 4211 00d5 55       		.uleb128 0x55
 4212 00d6 17       		.uleb128 0x17
 4213 00d7 58       		.uleb128 0x58
 4214 00d8 0B       		.uleb128 0xb
 4215 00d9 59       		.uleb128 0x59
 4216 00da 05       		.uleb128 0x5
 4217 00db 57       		.uleb128 0x57
 4218 00dc 0B       		.uleb128 0xb
ARM GAS  /tmp/cckM0oFW.s 			page 75


 4219 00dd 00       		.byte	0
 4220 00de 00       		.byte	0
 4221 00df 12       		.uleb128 0x12
 4222 00e0 05       		.uleb128 0x5
 4223 00e1 00       		.byte	0
 4224 00e2 49       		.uleb128 0x49
 4225 00e3 13       		.uleb128 0x13
 4226 00e4 00       		.byte	0
 4227 00e5 00       		.byte	0
 4228 00e6 13       		.uleb128 0x13
 4229 00e7 0D       		.uleb128 0xd
 4230 00e8 00       		.byte	0
 4231 00e9 03       		.uleb128 0x3
 4232 00ea 0E       		.uleb128 0xe
 4233 00eb 3A       		.uleb128 0x3a
 4234 00ec 21       		.uleb128 0x21
 4235 00ed 0A       		.sleb128 10
 4236 00ee 3B       		.uleb128 0x3b
 4237 00ef 05       		.uleb128 0x5
 4238 00f0 39       		.uleb128 0x39
 4239 00f1 0B       		.uleb128 0xb
 4240 00f2 49       		.uleb128 0x49
 4241 00f3 13       		.uleb128 0x13
 4242 00f4 00       		.byte	0
 4243 00f5 00       		.byte	0
 4244 00f6 14       		.uleb128 0x14
 4245 00f7 05       		.uleb128 0x5
 4246 00f8 00       		.byte	0
 4247 00f9 03       		.uleb128 0x3
 4248 00fa 08       		.uleb128 0x8
 4249 00fb 3A       		.uleb128 0x3a
 4250 00fc 21       		.uleb128 0x21
 4251 00fd 01       		.sleb128 1
 4252 00fe 3B       		.uleb128 0x3b
 4253 00ff 05       		.uleb128 0x5
 4254 0100 39       		.uleb128 0x39
 4255 0101 0B       		.uleb128 0xb
 4256 0102 49       		.uleb128 0x49
 4257 0103 13       		.uleb128 0x13
 4258 0104 02       		.uleb128 0x2
 4259 0105 17       		.uleb128 0x17
 4260 0106 B742     		.uleb128 0x2137
 4261 0108 17       		.uleb128 0x17
 4262 0109 00       		.byte	0
 4263 010a 00       		.byte	0
 4264 010b 15       		.uleb128 0x15
 4265 010c 05       		.uleb128 0x5
 4266 010d 00       		.byte	0
 4267 010e 03       		.uleb128 0x3
 4268 010f 08       		.uleb128 0x8
 4269 0110 3A       		.uleb128 0x3a
 4270 0111 0B       		.uleb128 0xb
 4271 0112 3B       		.uleb128 0x3b
 4272 0113 05       		.uleb128 0x5
 4273 0114 39       		.uleb128 0x39
 4274 0115 0B       		.uleb128 0xb
 4275 0116 49       		.uleb128 0x49
ARM GAS  /tmp/cckM0oFW.s 			page 76


 4276 0117 13       		.uleb128 0x13
 4277 0118 00       		.byte	0
 4278 0119 00       		.byte	0
 4279 011a 16       		.uleb128 0x16
 4280 011b 48       		.uleb128 0x48
 4281 011c 00       		.byte	0
 4282 011d 7D       		.uleb128 0x7d
 4283 011e 01       		.uleb128 0x1
 4284 011f 7F       		.uleb128 0x7f
 4285 0120 13       		.uleb128 0x13
 4286 0121 00       		.byte	0
 4287 0122 00       		.byte	0
 4288 0123 17       		.uleb128 0x17
 4289 0124 1D       		.uleb128 0x1d
 4290 0125 01       		.byte	0x1
 4291 0126 31       		.uleb128 0x31
 4292 0127 13       		.uleb128 0x13
 4293 0128 52       		.uleb128 0x52
 4294 0129 01       		.uleb128 0x1
 4295 012a B842     		.uleb128 0x2138
 4296 012c 0B       		.uleb128 0xb
 4297 012d 55       		.uleb128 0x55
 4298 012e 17       		.uleb128 0x17
 4299 012f 58       		.uleb128 0x58
 4300 0130 21       		.uleb128 0x21
 4301 0131 01       		.sleb128 1
 4302 0132 59       		.uleb128 0x59
 4303 0133 0B       		.uleb128 0xb
 4304 0134 57       		.uleb128 0x57
 4305 0135 0B       		.uleb128 0xb
 4306 0136 01       		.uleb128 0x1
 4307 0137 13       		.uleb128 0x13
 4308 0138 00       		.byte	0
 4309 0139 00       		.byte	0
 4310 013a 18       		.uleb128 0x18
 4311 013b 13       		.uleb128 0x13
 4312 013c 01       		.byte	0x1
 4313 013d 03       		.uleb128 0x3
 4314 013e 0E       		.uleb128 0xe
 4315 013f 0B       		.uleb128 0xb
 4316 0140 0B       		.uleb128 0xb
 4317 0141 3A       		.uleb128 0x3a
 4318 0142 0B       		.uleb128 0xb
 4319 0143 3B       		.uleb128 0x3b
 4320 0144 05       		.uleb128 0x5
 4321 0145 39       		.uleb128 0x39
 4322 0146 0B       		.uleb128 0xb
 4323 0147 01       		.uleb128 0x1
 4324 0148 13       		.uleb128 0x13
 4325 0149 00       		.byte	0
 4326 014a 00       		.byte	0
 4327 014b 19       		.uleb128 0x19
 4328 014c 1D       		.uleb128 0x1d
 4329 014d 00       		.byte	0
 4330 014e 31       		.uleb128 0x31
 4331 014f 13       		.uleb128 0x13
 4332 0150 52       		.uleb128 0x52
ARM GAS  /tmp/cckM0oFW.s 			page 77


 4333 0151 01       		.uleb128 0x1
 4334 0152 B842     		.uleb128 0x2138
 4335 0154 0B       		.uleb128 0xb
 4336 0155 11       		.uleb128 0x11
 4337 0156 01       		.uleb128 0x1
 4338 0157 12       		.uleb128 0x12
 4339 0158 06       		.uleb128 0x6
 4340 0159 58       		.uleb128 0x58
 4341 015a 0B       		.uleb128 0xb
 4342 015b 59       		.uleb128 0x59
 4343 015c 05       		.uleb128 0x5
 4344 015d 57       		.uleb128 0x57
 4345 015e 0B       		.uleb128 0xb
 4346 015f 00       		.byte	0
 4347 0160 00       		.byte	0
 4348 0161 1A       		.uleb128 0x1a
 4349 0162 48       		.uleb128 0x48
 4350 0163 01       		.byte	0x1
 4351 0164 7D       		.uleb128 0x7d
 4352 0165 01       		.uleb128 0x1
 4353 0166 7F       		.uleb128 0x7f
 4354 0167 13       		.uleb128 0x13
 4355 0168 00       		.byte	0
 4356 0169 00       		.byte	0
 4357 016a 1B       		.uleb128 0x1b
 4358 016b 1D       		.uleb128 0x1d
 4359 016c 01       		.byte	0x1
 4360 016d 31       		.uleb128 0x31
 4361 016e 13       		.uleb128 0x13
 4362 016f 52       		.uleb128 0x52
 4363 0170 01       		.uleb128 0x1
 4364 0171 B842     		.uleb128 0x2138
 4365 0173 0B       		.uleb128 0xb
 4366 0174 11       		.uleb128 0x11
 4367 0175 01       		.uleb128 0x1
 4368 0176 12       		.uleb128 0x12
 4369 0177 06       		.uleb128 0x6
 4370 0178 58       		.uleb128 0x58
 4371 0179 21       		.uleb128 0x21
 4372 017a 01       		.sleb128 1
 4373 017b 59       		.uleb128 0x59
 4374 017c 0B       		.uleb128 0xb
 4375 017d 57       		.uleb128 0x57
 4376 017e 0B       		.uleb128 0xb
 4377 017f 01       		.uleb128 0x1
 4378 0180 13       		.uleb128 0x13
 4379 0181 00       		.byte	0
 4380 0182 00       		.byte	0
 4381 0183 1C       		.uleb128 0x1c
 4382 0184 1D       		.uleb128 0x1d
 4383 0185 01       		.byte	0x1
 4384 0186 31       		.uleb128 0x31
 4385 0187 13       		.uleb128 0x13
 4386 0188 52       		.uleb128 0x52
 4387 0189 01       		.uleb128 0x1
 4388 018a B842     		.uleb128 0x2138
 4389 018c 0B       		.uleb128 0xb
ARM GAS  /tmp/cckM0oFW.s 			page 78


 4390 018d 11       		.uleb128 0x11
 4391 018e 01       		.uleb128 0x1
 4392 018f 12       		.uleb128 0x12
 4393 0190 06       		.uleb128 0x6
 4394 0191 58       		.uleb128 0x58
 4395 0192 21       		.uleb128 0x21
 4396 0193 01       		.sleb128 1
 4397 0194 59       		.uleb128 0x59
 4398 0195 05       		.uleb128 0x5
 4399 0196 57       		.uleb128 0x57
 4400 0197 0B       		.uleb128 0xb
 4401 0198 01       		.uleb128 0x1
 4402 0199 13       		.uleb128 0x13
 4403 019a 00       		.byte	0
 4404 019b 00       		.byte	0
 4405 019c 1D       		.uleb128 0x1d
 4406 019d 05       		.uleb128 0x5
 4407 019e 00       		.byte	0
 4408 019f 03       		.uleb128 0x3
 4409 01a0 08       		.uleb128 0x8
 4410 01a1 3A       		.uleb128 0x3a
 4411 01a2 21       		.uleb128 0x21
 4412 01a3 01       		.sleb128 1
 4413 01a4 3B       		.uleb128 0x3b
 4414 01a5 0B       		.uleb128 0xb
 4415 01a6 39       		.uleb128 0x39
 4416 01a7 0B       		.uleb128 0xb
 4417 01a8 49       		.uleb128 0x49
 4418 01a9 13       		.uleb128 0x13
 4419 01aa 00       		.byte	0
 4420 01ab 00       		.byte	0
 4421 01ac 1E       		.uleb128 0x1e
 4422 01ad 05       		.uleb128 0x5
 4423 01ae 00       		.byte	0
 4424 01af 03       		.uleb128 0x3
 4425 01b0 08       		.uleb128 0x8
 4426 01b1 3A       		.uleb128 0x3a
 4427 01b2 21       		.uleb128 0x21
 4428 01b3 01       		.sleb128 1
 4429 01b4 3B       		.uleb128 0x3b
 4430 01b5 0B       		.uleb128 0xb
 4431 01b6 39       		.uleb128 0x39
 4432 01b7 0B       		.uleb128 0xb
 4433 01b8 49       		.uleb128 0x49
 4434 01b9 13       		.uleb128 0x13
 4435 01ba 02       		.uleb128 0x2
 4436 01bb 17       		.uleb128 0x17
 4437 01bc B742     		.uleb128 0x2137
 4438 01be 17       		.uleb128 0x17
 4439 01bf 00       		.byte	0
 4440 01c0 00       		.byte	0
 4441 01c1 1F       		.uleb128 0x1f
 4442 01c2 1D       		.uleb128 0x1d
 4443 01c3 01       		.byte	0x1
 4444 01c4 31       		.uleb128 0x31
 4445 01c5 13       		.uleb128 0x13
 4446 01c6 52       		.uleb128 0x52
ARM GAS  /tmp/cckM0oFW.s 			page 79


 4447 01c7 01       		.uleb128 0x1
 4448 01c8 B842     		.uleb128 0x2138
 4449 01ca 0B       		.uleb128 0xb
 4450 01cb 55       		.uleb128 0x55
 4451 01cc 17       		.uleb128 0x17
 4452 01cd 58       		.uleb128 0x58
 4453 01ce 21       		.uleb128 0x21
 4454 01cf 01       		.sleb128 1
 4455 01d0 59       		.uleb128 0x59
 4456 01d1 0B       		.uleb128 0xb
 4457 01d2 57       		.uleb128 0x57
 4458 01d3 0B       		.uleb128 0xb
 4459 01d4 00       		.byte	0
 4460 01d5 00       		.byte	0
 4461 01d6 20       		.uleb128 0x20
 4462 01d7 35       		.uleb128 0x35
 4463 01d8 00       		.byte	0
 4464 01d9 49       		.uleb128 0x49
 4465 01da 13       		.uleb128 0x13
 4466 01db 00       		.byte	0
 4467 01dc 00       		.byte	0
 4468 01dd 21       		.uleb128 0x21
 4469 01de 0D       		.uleb128 0xd
 4470 01df 00       		.byte	0
 4471 01e0 03       		.uleb128 0x3
 4472 01e1 08       		.uleb128 0x8
 4473 01e2 3A       		.uleb128 0x3a
 4474 01e3 0B       		.uleb128 0xb
 4475 01e4 3B       		.uleb128 0x3b
 4476 01e5 0B       		.uleb128 0xb
 4477 01e6 39       		.uleb128 0x39
 4478 01e7 0B       		.uleb128 0xb
 4479 01e8 49       		.uleb128 0x49
 4480 01e9 13       		.uleb128 0x13
 4481 01ea 38       		.uleb128 0x38
 4482 01eb 0B       		.uleb128 0xb
 4483 01ec 00       		.byte	0
 4484 01ed 00       		.byte	0
 4485 01ee 22       		.uleb128 0x22
 4486 01ef 0D       		.uleb128 0xd
 4487 01f0 00       		.byte	0
 4488 01f1 03       		.uleb128 0x3
 4489 01f2 0E       		.uleb128 0xe
 4490 01f3 3A       		.uleb128 0x3a
 4491 01f4 21       		.uleb128 0x21
 4492 01f5 0A       		.sleb128 10
 4493 01f6 3B       		.uleb128 0x3b
 4494 01f7 0B       		.uleb128 0xb
 4495 01f8 39       		.uleb128 0x39
 4496 01f9 21       		.uleb128 0x21
 4497 01fa 21       		.sleb128 33
 4498 01fb 49       		.uleb128 0x49
 4499 01fc 13       		.uleb128 0x13
 4500 01fd 00       		.byte	0
 4501 01fe 00       		.byte	0
 4502 01ff 23       		.uleb128 0x23
 4503 0200 34       		.uleb128 0x34
ARM GAS  /tmp/cckM0oFW.s 			page 80


 4504 0201 00       		.byte	0
 4505 0202 03       		.uleb128 0x3
 4506 0203 08       		.uleb128 0x8
 4507 0204 3A       		.uleb128 0x3a
 4508 0205 21       		.uleb128 0x21
 4509 0206 01       		.sleb128 1
 4510 0207 3B       		.uleb128 0x3b
 4511 0208 05       		.uleb128 0x5
 4512 0209 39       		.uleb128 0x39
 4513 020a 0B       		.uleb128 0xb
 4514 020b 49       		.uleb128 0x49
 4515 020c 13       		.uleb128 0x13
 4516 020d 02       		.uleb128 0x2
 4517 020e 17       		.uleb128 0x17
 4518 020f B742     		.uleb128 0x2137
 4519 0211 17       		.uleb128 0x17
 4520 0212 00       		.byte	0
 4521 0213 00       		.byte	0
 4522 0214 24       		.uleb128 0x24
 4523 0215 2E       		.uleb128 0x2e
 4524 0216 01       		.byte	0x1
 4525 0217 3F       		.uleb128 0x3f
 4526 0218 19       		.uleb128 0x19
 4527 0219 03       		.uleb128 0x3
 4528 021a 0E       		.uleb128 0xe
 4529 021b 3A       		.uleb128 0x3a
 4530 021c 21       		.uleb128 0x21
 4531 021d 01       		.sleb128 1
 4532 021e 3B       		.uleb128 0x3b
 4533 021f 05       		.uleb128 0x5
 4534 0220 39       		.uleb128 0x39
 4535 0221 21       		.uleb128 0x21
 4536 0222 06       		.sleb128 6
 4537 0223 27       		.uleb128 0x27
 4538 0224 19       		.uleb128 0x19
 4539 0225 11       		.uleb128 0x11
 4540 0226 01       		.uleb128 0x1
 4541 0227 12       		.uleb128 0x12
 4542 0228 06       		.uleb128 0x6
 4543 0229 40       		.uleb128 0x40
 4544 022a 18       		.uleb128 0x18
 4545 022b 7A       		.uleb128 0x7a
 4546 022c 19       		.uleb128 0x19
 4547 022d 01       		.uleb128 0x1
 4548 022e 13       		.uleb128 0x13
 4549 022f 00       		.byte	0
 4550 0230 00       		.byte	0
 4551 0231 25       		.uleb128 0x25
 4552 0232 0B       		.uleb128 0xb
 4553 0233 01       		.byte	0x1
 4554 0234 31       		.uleb128 0x31
 4555 0235 13       		.uleb128 0x13
 4556 0236 55       		.uleb128 0x55
 4557 0237 17       		.uleb128 0x17
 4558 0238 00       		.byte	0
 4559 0239 00       		.byte	0
 4560 023a 26       		.uleb128 0x26
ARM GAS  /tmp/cckM0oFW.s 			page 81


 4561 023b 2E       		.uleb128 0x2e
 4562 023c 01       		.byte	0x1
 4563 023d 3F       		.uleb128 0x3f
 4564 023e 19       		.uleb128 0x19
 4565 023f 03       		.uleb128 0x3
 4566 0240 0E       		.uleb128 0xe
 4567 0241 3A       		.uleb128 0x3a
 4568 0242 21       		.uleb128 0x21
 4569 0243 01       		.sleb128 1
 4570 0244 3B       		.uleb128 0x3b
 4571 0245 0B       		.uleb128 0xb
 4572 0246 39       		.uleb128 0x39
 4573 0247 21       		.uleb128 0x21
 4574 0248 06       		.sleb128 6
 4575 0249 27       		.uleb128 0x27
 4576 024a 19       		.uleb128 0x19
 4577 024b 11       		.uleb128 0x11
 4578 024c 01       		.uleb128 0x1
 4579 024d 12       		.uleb128 0x12
 4580 024e 06       		.uleb128 0x6
 4581 024f 40       		.uleb128 0x40
 4582 0250 18       		.uleb128 0x18
 4583 0251 7A       		.uleb128 0x7a
 4584 0252 19       		.uleb128 0x19
 4585 0253 01       		.uleb128 0x1
 4586 0254 13       		.uleb128 0x13
 4587 0255 00       		.byte	0
 4588 0256 00       		.byte	0
 4589 0257 27       		.uleb128 0x27
 4590 0258 05       		.uleb128 0x5
 4591 0259 00       		.byte	0
 4592 025a 03       		.uleb128 0x3
 4593 025b 08       		.uleb128 0x8
 4594 025c 3A       		.uleb128 0x3a
 4595 025d 21       		.uleb128 0x21
 4596 025e 01       		.sleb128 1
 4597 025f 3B       		.uleb128 0x3b
 4598 0260 0B       		.uleb128 0xb
 4599 0261 39       		.uleb128 0x39
 4600 0262 0B       		.uleb128 0xb
 4601 0263 49       		.uleb128 0x49
 4602 0264 13       		.uleb128 0x13
 4603 0265 02       		.uleb128 0x2
 4604 0266 18       		.uleb128 0x18
 4605 0267 00       		.byte	0
 4606 0268 00       		.byte	0
 4607 0269 28       		.uleb128 0x28
 4608 026a 2E       		.uleb128 0x2e
 4609 026b 01       		.byte	0x1
 4610 026c 03       		.uleb128 0x3
 4611 026d 0E       		.uleb128 0xe
 4612 026e 3A       		.uleb128 0x3a
 4613 026f 0B       		.uleb128 0xb
 4614 0270 3B       		.uleb128 0x3b
 4615 0271 05       		.uleb128 0x5
 4616 0272 39       		.uleb128 0x39
 4617 0273 21       		.uleb128 0x21
ARM GAS  /tmp/cckM0oFW.s 			page 82


 4618 0274 14       		.sleb128 20
 4619 0275 27       		.uleb128 0x27
 4620 0276 19       		.uleb128 0x19
 4621 0277 20       		.uleb128 0x20
 4622 0278 21       		.uleb128 0x21
 4623 0279 03       		.sleb128 3
 4624 027a 01       		.uleb128 0x1
 4625 027b 13       		.uleb128 0x13
 4626 027c 00       		.byte	0
 4627 027d 00       		.byte	0
 4628 027e 29       		.uleb128 0x29
 4629 027f 2E       		.uleb128 0x2e
 4630 0280 00       		.byte	0
 4631 0281 03       		.uleb128 0x3
 4632 0282 0E       		.uleb128 0xe
 4633 0283 3A       		.uleb128 0x3a
 4634 0284 0B       		.uleb128 0xb
 4635 0285 3B       		.uleb128 0x3b
 4636 0286 05       		.uleb128 0x5
 4637 0287 39       		.uleb128 0x39
 4638 0288 21       		.uleb128 0x21
 4639 0289 14       		.sleb128 20
 4640 028a 27       		.uleb128 0x27
 4641 028b 19       		.uleb128 0x19
 4642 028c 20       		.uleb128 0x20
 4643 028d 21       		.uleb128 0x21
 4644 028e 03       		.sleb128 3
 4645 028f 00       		.byte	0
 4646 0290 00       		.byte	0
 4647 0291 2A       		.uleb128 0x2a
 4648 0292 2E       		.uleb128 0x2e
 4649 0293 01       		.byte	0x1
 4650 0294 03       		.uleb128 0x3
 4651 0295 0E       		.uleb128 0xe
 4652 0296 3A       		.uleb128 0x3a
 4653 0297 21       		.uleb128 0x21
 4654 0298 02       		.sleb128 2
 4655 0299 3B       		.uleb128 0x3b
 4656 029a 05       		.uleb128 0x5
 4657 029b 39       		.uleb128 0x39
 4658 029c 0B       		.uleb128 0xb
 4659 029d 27       		.uleb128 0x27
 4660 029e 19       		.uleb128 0x19
 4661 029f 49       		.uleb128 0x49
 4662 02a0 13       		.uleb128 0x13
 4663 02a1 20       		.uleb128 0x20
 4664 02a2 21       		.uleb128 0x21
 4665 02a3 03       		.sleb128 3
 4666 02a4 01       		.uleb128 0x1
 4667 02a5 13       		.uleb128 0x13
 4668 02a6 00       		.byte	0
 4669 02a7 00       		.byte	0
 4670 02a8 2B       		.uleb128 0x2b
 4671 02a9 17       		.uleb128 0x17
 4672 02aa 01       		.byte	0x1
 4673 02ab 0B       		.uleb128 0xb
 4674 02ac 0B       		.uleb128 0xb
ARM GAS  /tmp/cckM0oFW.s 			page 83


 4675 02ad 3A       		.uleb128 0x3a
 4676 02ae 21       		.uleb128 0x21
 4677 02af 0A       		.sleb128 10
 4678 02b0 3B       		.uleb128 0x3b
 4679 02b1 0B       		.uleb128 0xb
 4680 02b2 39       		.uleb128 0x39
 4681 02b3 21       		.uleb128 0x21
 4682 02b4 03       		.sleb128 3
 4683 02b5 01       		.uleb128 0x1
 4684 02b6 13       		.uleb128 0x13
 4685 02b7 00       		.byte	0
 4686 02b8 00       		.byte	0
 4687 02b9 2C       		.uleb128 0x2c
 4688 02ba 16       		.uleb128 0x16
 4689 02bb 00       		.byte	0
 4690 02bc 03       		.uleb128 0x3
 4691 02bd 0E       		.uleb128 0xe
 4692 02be 3A       		.uleb128 0x3a
 4693 02bf 21       		.uleb128 0x21
 4694 02c0 0A       		.sleb128 10
 4695 02c1 3B       		.uleb128 0x3b
 4696 02c2 05       		.uleb128 0x5
 4697 02c3 39       		.uleb128 0x39
 4698 02c4 21       		.uleb128 0x21
 4699 02c5 03       		.sleb128 3
 4700 02c6 49       		.uleb128 0x49
 4701 02c7 13       		.uleb128 0x13
 4702 02c8 00       		.byte	0
 4703 02c9 00       		.byte	0
 4704 02ca 2D       		.uleb128 0x2d
 4705 02cb 2E       		.uleb128 0x2e
 4706 02cc 01       		.byte	0x1
 4707 02cd 3F       		.uleb128 0x3f
 4708 02ce 19       		.uleb128 0x19
 4709 02cf 03       		.uleb128 0x3
 4710 02d0 0E       		.uleb128 0xe
 4711 02d1 3A       		.uleb128 0x3a
 4712 02d2 21       		.uleb128 0x21
 4713 02d3 10       		.sleb128 16
 4714 02d4 3B       		.uleb128 0x3b
 4715 02d5 0B       		.uleb128 0xb
 4716 02d6 39       		.uleb128 0x39
 4717 02d7 21       		.uleb128 0x21
 4718 02d8 08       		.sleb128 8
 4719 02d9 27       		.uleb128 0x27
 4720 02da 19       		.uleb128 0x19
 4721 02db 3C       		.uleb128 0x3c
 4722 02dc 19       		.uleb128 0x19
 4723 02dd 01       		.uleb128 0x1
 4724 02de 13       		.uleb128 0x13
 4725 02df 00       		.byte	0
 4726 02e0 00       		.byte	0
 4727 02e1 2E       		.uleb128 0x2e
 4728 02e2 2E       		.uleb128 0x2e
 4729 02e3 01       		.byte	0x1
 4730 02e4 3F       		.uleb128 0x3f
 4731 02e5 19       		.uleb128 0x19
ARM GAS  /tmp/cckM0oFW.s 			page 84


 4732 02e6 03       		.uleb128 0x3
 4733 02e7 0E       		.uleb128 0xe
 4734 02e8 3A       		.uleb128 0x3a
 4735 02e9 21       		.uleb128 0x21
 4736 02ea 10       		.sleb128 16
 4737 02eb 3B       		.uleb128 0x3b
 4738 02ec 0B       		.uleb128 0xb
 4739 02ed 39       		.uleb128 0x39
 4740 02ee 0B       		.uleb128 0xb
 4741 02ef 27       		.uleb128 0x27
 4742 02f0 19       		.uleb128 0x19
 4743 02f1 49       		.uleb128 0x49
 4744 02f2 13       		.uleb128 0x13
 4745 02f3 3C       		.uleb128 0x3c
 4746 02f4 19       		.uleb128 0x19
 4747 02f5 01       		.uleb128 0x1
 4748 02f6 13       		.uleb128 0x13
 4749 02f7 00       		.byte	0
 4750 02f8 00       		.byte	0
 4751 02f9 2F       		.uleb128 0x2f
 4752 02fa 2E       		.uleb128 0x2e
 4753 02fb 01       		.byte	0x1
 4754 02fc 3F       		.uleb128 0x3f
 4755 02fd 19       		.uleb128 0x19
 4756 02fe 03       		.uleb128 0x3
 4757 02ff 0E       		.uleb128 0xe
 4758 0300 3A       		.uleb128 0x3a
 4759 0301 21       		.uleb128 0x21
 4760 0302 01       		.sleb128 1
 4761 0303 3B       		.uleb128 0x3b
 4762 0304 05       		.uleb128 0x5
 4763 0305 39       		.uleb128 0x39
 4764 0306 21       		.uleb128 0x21
 4765 0307 07       		.sleb128 7
 4766 0308 27       		.uleb128 0x27
 4767 0309 19       		.uleb128 0x19
 4768 030a 49       		.uleb128 0x49
 4769 030b 13       		.uleb128 0x13
 4770 030c 11       		.uleb128 0x11
 4771 030d 01       		.uleb128 0x1
 4772 030e 12       		.uleb128 0x12
 4773 030f 06       		.uleb128 0x6
 4774 0310 40       		.uleb128 0x40
 4775 0311 18       		.uleb128 0x18
 4776 0312 7A       		.uleb128 0x7a
 4777 0313 19       		.uleb128 0x19
 4778 0314 01       		.uleb128 0x1
 4779 0315 13       		.uleb128 0x13
 4780 0316 00       		.byte	0
 4781 0317 00       		.byte	0
 4782 0318 30       		.uleb128 0x30
 4783 0319 0B       		.uleb128 0xb
 4784 031a 01       		.byte	0x1
 4785 031b 00       		.byte	0
 4786 031c 00       		.byte	0
 4787 031d 31       		.uleb128 0x31
 4788 031e 34       		.uleb128 0x34
ARM GAS  /tmp/cckM0oFW.s 			page 85


 4789 031f 00       		.byte	0
 4790 0320 31       		.uleb128 0x31
 4791 0321 13       		.uleb128 0x13
 4792 0322 00       		.byte	0
 4793 0323 00       		.byte	0
 4794 0324 32       		.uleb128 0x32
 4795 0325 1D       		.uleb128 0x1d
 4796 0326 01       		.byte	0x1
 4797 0327 31       		.uleb128 0x31
 4798 0328 13       		.uleb128 0x13
 4799 0329 52       		.uleb128 0x52
 4800 032a 01       		.uleb128 0x1
 4801 032b B842     		.uleb128 0x2138
 4802 032d 0B       		.uleb128 0xb
 4803 032e 55       		.uleb128 0x55
 4804 032f 17       		.uleb128 0x17
 4805 0330 58       		.uleb128 0x58
 4806 0331 21       		.uleb128 0x21
 4807 0332 01       		.sleb128 1
 4808 0333 59       		.uleb128 0x59
 4809 0334 05       		.uleb128 0x5
 4810 0335 57       		.uleb128 0x57
 4811 0336 0B       		.uleb128 0xb
 4812 0337 00       		.byte	0
 4813 0338 00       		.byte	0
 4814 0339 33       		.uleb128 0x33
 4815 033a 1D       		.uleb128 0x1d
 4816 033b 00       		.byte	0
 4817 033c 31       		.uleb128 0x31
 4818 033d 13       		.uleb128 0x13
 4819 033e 52       		.uleb128 0x52
 4820 033f 01       		.uleb128 0x1
 4821 0340 B842     		.uleb128 0x2138
 4822 0342 0B       		.uleb128 0xb
 4823 0343 55       		.uleb128 0x55
 4824 0344 17       		.uleb128 0x17
 4825 0345 58       		.uleb128 0x58
 4826 0346 21       		.uleb128 0x21
 4827 0347 01       		.sleb128 1
 4828 0348 59       		.uleb128 0x59
 4829 0349 0B       		.uleb128 0xb
 4830 034a 57       		.uleb128 0x57
 4831 034b 21       		.uleb128 0x21
 4832 034c 18       		.sleb128 24
 4833 034d 00       		.byte	0
 4834 034e 00       		.byte	0
 4835 034f 34       		.uleb128 0x34
 4836 0350 34       		.uleb128 0x34
 4837 0351 00       		.byte	0
 4838 0352 03       		.uleb128 0x3
 4839 0353 08       		.uleb128 0x8
 4840 0354 3A       		.uleb128 0x3a
 4841 0355 21       		.uleb128 0x21
 4842 0356 02       		.sleb128 2
 4843 0357 3B       		.uleb128 0x3b
 4844 0358 05       		.uleb128 0x5
 4845 0359 39       		.uleb128 0x39
ARM GAS  /tmp/cckM0oFW.s 			page 86


 4846 035a 21       		.uleb128 0x21
 4847 035b 0F       		.sleb128 15
 4848 035c 49       		.uleb128 0x49
 4849 035d 13       		.uleb128 0x13
 4850 035e 00       		.byte	0
 4851 035f 00       		.byte	0
 4852 0360 35       		.uleb128 0x35
 4853 0361 2E       		.uleb128 0x2e
 4854 0362 01       		.byte	0x1
 4855 0363 31       		.uleb128 0x31
 4856 0364 13       		.uleb128 0x13
 4857 0365 11       		.uleb128 0x11
 4858 0366 01       		.uleb128 0x1
 4859 0367 12       		.uleb128 0x12
 4860 0368 06       		.uleb128 0x6
 4861 0369 40       		.uleb128 0x40
 4862 036a 18       		.uleb128 0x18
 4863 036b 7A       		.uleb128 0x7a
 4864 036c 19       		.uleb128 0x19
 4865 036d 01       		.uleb128 0x1
 4866 036e 13       		.uleb128 0x13
 4867 036f 00       		.byte	0
 4868 0370 00       		.byte	0
 4869 0371 36       		.uleb128 0x36
 4870 0372 11       		.uleb128 0x11
 4871 0373 01       		.byte	0x1
 4872 0374 25       		.uleb128 0x25
 4873 0375 0E       		.uleb128 0xe
 4874 0376 13       		.uleb128 0x13
 4875 0377 0B       		.uleb128 0xb
 4876 0378 03       		.uleb128 0x3
 4877 0379 0E       		.uleb128 0xe
 4878 037a 1B       		.uleb128 0x1b
 4879 037b 0E       		.uleb128 0xe
 4880 037c 55       		.uleb128 0x55
 4881 037d 17       		.uleb128 0x17
 4882 037e 11       		.uleb128 0x11
 4883 037f 01       		.uleb128 0x1
 4884 0380 10       		.uleb128 0x10
 4885 0381 17       		.uleb128 0x17
 4886 0382 00       		.byte	0
 4887 0383 00       		.byte	0
 4888 0384 37       		.uleb128 0x37
 4889 0385 24       		.uleb128 0x24
 4890 0386 00       		.byte	0
 4891 0387 0B       		.uleb128 0xb
 4892 0388 0B       		.uleb128 0xb
 4893 0389 3E       		.uleb128 0x3e
 4894 038a 0B       		.uleb128 0xb
 4895 038b 03       		.uleb128 0x3
 4896 038c 08       		.uleb128 0x8
 4897 038d 00       		.byte	0
 4898 038e 00       		.byte	0
 4899 038f 38       		.uleb128 0x38
 4900 0390 0F       		.uleb128 0xf
 4901 0391 00       		.byte	0
 4902 0392 0B       		.uleb128 0xb
ARM GAS  /tmp/cckM0oFW.s 			page 87


 4903 0393 0B       		.uleb128 0xb
 4904 0394 00       		.byte	0
 4905 0395 00       		.byte	0
 4906 0396 39       		.uleb128 0x39
 4907 0397 15       		.uleb128 0x15
 4908 0398 01       		.byte	0x1
 4909 0399 27       		.uleb128 0x27
 4910 039a 19       		.uleb128 0x19
 4911 039b 01       		.uleb128 0x1
 4912 039c 13       		.uleb128 0x13
 4913 039d 00       		.byte	0
 4914 039e 00       		.byte	0
 4915 039f 3A       		.uleb128 0x3a
 4916 03a0 34       		.uleb128 0x34
 4917 03a1 00       		.byte	0
 4918 03a2 03       		.uleb128 0x3
 4919 03a3 08       		.uleb128 0x8
 4920 03a4 3A       		.uleb128 0x3a
 4921 03a5 0B       		.uleb128 0xb
 4922 03a6 3B       		.uleb128 0x3b
 4923 03a7 05       		.uleb128 0x5
 4924 03a8 39       		.uleb128 0x39
 4925 03a9 0B       		.uleb128 0xb
 4926 03aa 49       		.uleb128 0x49
 4927 03ab 13       		.uleb128 0x13
 4928 03ac 3F       		.uleb128 0x3f
 4929 03ad 19       		.uleb128 0x19
 4930 03ae 3C       		.uleb128 0x3c
 4931 03af 19       		.uleb128 0x19
 4932 03b0 00       		.byte	0
 4933 03b1 00       		.byte	0
 4934 03b2 3B       		.uleb128 0x3b
 4935 03b3 2E       		.uleb128 0x2e
 4936 03b4 00       		.byte	0
 4937 03b5 3F       		.uleb128 0x3f
 4938 03b6 19       		.uleb128 0x19
 4939 03b7 03       		.uleb128 0x3
 4940 03b8 0E       		.uleb128 0xe
 4941 03b9 3A       		.uleb128 0x3a
 4942 03ba 0B       		.uleb128 0xb
 4943 03bb 3B       		.uleb128 0x3b
 4944 03bc 0B       		.uleb128 0xb
 4945 03bd 39       		.uleb128 0x39
 4946 03be 0B       		.uleb128 0xb
 4947 03bf 27       		.uleb128 0x27
 4948 03c0 19       		.uleb128 0x19
 4949 03c1 3C       		.uleb128 0x3c
 4950 03c2 19       		.uleb128 0x19
 4951 03c3 00       		.byte	0
 4952 03c4 00       		.byte	0
 4953 03c5 3C       		.uleb128 0x3c
 4954 03c6 0B       		.uleb128 0xb
 4955 03c7 01       		.byte	0x1
 4956 03c8 11       		.uleb128 0x11
 4957 03c9 01       		.uleb128 0x1
 4958 03ca 12       		.uleb128 0x12
 4959 03cb 06       		.uleb128 0x6
ARM GAS  /tmp/cckM0oFW.s 			page 88


 4960 03cc 01       		.uleb128 0x1
 4961 03cd 13       		.uleb128 0x13
 4962 03ce 00       		.byte	0
 4963 03cf 00       		.byte	0
 4964 03d0 3D       		.uleb128 0x3d
 4965 03d1 34       		.uleb128 0x34
 4966 03d2 00       		.byte	0
 4967 03d3 03       		.uleb128 0x3
 4968 03d4 0E       		.uleb128 0xe
 4969 03d5 3A       		.uleb128 0x3a
 4970 03d6 0B       		.uleb128 0xb
 4971 03d7 3B       		.uleb128 0x3b
 4972 03d8 05       		.uleb128 0x5
 4973 03d9 39       		.uleb128 0x39
 4974 03da 0B       		.uleb128 0xb
 4975 03db 49       		.uleb128 0x49
 4976 03dc 13       		.uleb128 0x13
 4977 03dd 02       		.uleb128 0x2
 4978 03de 17       		.uleb128 0x17
 4979 03df B742     		.uleb128 0x2137
 4980 03e1 17       		.uleb128 0x17
 4981 03e2 00       		.byte	0
 4982 03e3 00       		.byte	0
 4983 03e4 3E       		.uleb128 0x3e
 4984 03e5 0B       		.uleb128 0xb
 4985 03e6 01       		.byte	0x1
 4986 03e7 11       		.uleb128 0x11
 4987 03e8 01       		.uleb128 0x1
 4988 03e9 12       		.uleb128 0x12
 4989 03ea 06       		.uleb128 0x6
 4990 03eb 00       		.byte	0
 4991 03ec 00       		.byte	0
 4992 03ed 3F       		.uleb128 0x3f
 4993 03ee 48       		.uleb128 0x48
 4994 03ef 00       		.byte	0
 4995 03f0 7D       		.uleb128 0x7d
 4996 03f1 01       		.uleb128 0x1
 4997 03f2 8201     		.uleb128 0x82
 4998 03f4 19       		.uleb128 0x19
 4999 03f5 7F       		.uleb128 0x7f
 5000 03f6 13       		.uleb128 0x13
 5001 03f7 00       		.byte	0
 5002 03f8 00       		.byte	0
 5003 03f9 40       		.uleb128 0x40
 5004 03fa 2E       		.uleb128 0x2e
 5005 03fb 01       		.byte	0x1
 5006 03fc 3F       		.uleb128 0x3f
 5007 03fd 19       		.uleb128 0x19
 5008 03fe 03       		.uleb128 0x3
 5009 03ff 0E       		.uleb128 0xe
 5010 0400 3A       		.uleb128 0x3a
 5011 0401 0B       		.uleb128 0xb
 5012 0402 3B       		.uleb128 0x3b
 5013 0403 05       		.uleb128 0x5
 5014 0404 39       		.uleb128 0x39
 5015 0405 0B       		.uleb128 0xb
 5016 0406 27       		.uleb128 0x27
ARM GAS  /tmp/cckM0oFW.s 			page 89


 5017 0407 19       		.uleb128 0x19
 5018 0408 49       		.uleb128 0x49
 5019 0409 13       		.uleb128 0x13
 5020 040a 20       		.uleb128 0x20
 5021 040b 0B       		.uleb128 0xb
 5022 040c 01       		.uleb128 0x1
 5023 040d 13       		.uleb128 0x13
 5024 040e 00       		.byte	0
 5025 040f 00       		.byte	0
 5026 0410 41       		.uleb128 0x41
 5027 0411 05       		.uleb128 0x5
 5028 0412 00       		.byte	0
 5029 0413 03       		.uleb128 0x3
 5030 0414 0E       		.uleb128 0xe
 5031 0415 3A       		.uleb128 0x3a
 5032 0416 0B       		.uleb128 0xb
 5033 0417 3B       		.uleb128 0x3b
 5034 0418 05       		.uleb128 0x5
 5035 0419 39       		.uleb128 0x39
 5036 041a 0B       		.uleb128 0xb
 5037 041b 49       		.uleb128 0x49
 5038 041c 13       		.uleb128 0x13
 5039 041d 00       		.byte	0
 5040 041e 00       		.byte	0
 5041 041f 42       		.uleb128 0x42
 5042 0420 34       		.uleb128 0x34
 5043 0421 00       		.byte	0
 5044 0422 03       		.uleb128 0x3
 5045 0423 0E       		.uleb128 0xe
 5046 0424 3A       		.uleb128 0x3a
 5047 0425 0B       		.uleb128 0xb
 5048 0426 3B       		.uleb128 0x3b
 5049 0427 05       		.uleb128 0x5
 5050 0428 39       		.uleb128 0x39
 5051 0429 0B       		.uleb128 0xb
 5052 042a 49       		.uleb128 0x49
 5053 042b 13       		.uleb128 0x13
 5054 042c 00       		.byte	0
 5055 042d 00       		.byte	0
 5056 042e 43       		.uleb128 0x43
 5057 042f 05       		.uleb128 0x5
 5058 0430 00       		.byte	0
 5059 0431 03       		.uleb128 0x3
 5060 0432 0E       		.uleb128 0xe
 5061 0433 3A       		.uleb128 0x3a
 5062 0434 0B       		.uleb128 0xb
 5063 0435 3B       		.uleb128 0x3b
 5064 0436 05       		.uleb128 0x5
 5065 0437 39       		.uleb128 0x39
 5066 0438 0B       		.uleb128 0xb
 5067 0439 49       		.uleb128 0x49
 5068 043a 13       		.uleb128 0x13
 5069 043b 02       		.uleb128 0x2
 5070 043c 17       		.uleb128 0x17
 5071 043d B742     		.uleb128 0x2137
 5072 043f 17       		.uleb128 0x17
 5073 0440 00       		.byte	0
ARM GAS  /tmp/cckM0oFW.s 			page 90


 5074 0441 00       		.byte	0
 5075 0442 44       		.uleb128 0x44
 5076 0443 0B       		.uleb128 0xb
 5077 0444 01       		.byte	0x1
 5078 0445 31       		.uleb128 0x31
 5079 0446 13       		.uleb128 0x13
 5080 0447 11       		.uleb128 0x11
 5081 0448 01       		.uleb128 0x1
 5082 0449 12       		.uleb128 0x12
 5083 044a 06       		.uleb128 0x6
 5084 044b 01       		.uleb128 0x1
 5085 044c 13       		.uleb128 0x13
 5086 044d 00       		.byte	0
 5087 044e 00       		.byte	0
 5088 044f 45       		.uleb128 0x45
 5089 0450 2E       		.uleb128 0x2e
 5090 0451 01       		.byte	0x1
 5091 0452 3F       		.uleb128 0x3f
 5092 0453 19       		.uleb128 0x19
 5093 0454 03       		.uleb128 0x3
 5094 0455 0E       		.uleb128 0xe
 5095 0456 3A       		.uleb128 0x3a
 5096 0457 0B       		.uleb128 0xb
 5097 0458 3B       		.uleb128 0x3b
 5098 0459 0B       		.uleb128 0xb
 5099 045a 39       		.uleb128 0x39
 5100 045b 0B       		.uleb128 0xb
 5101 045c 27       		.uleb128 0x27
 5102 045d 19       		.uleb128 0x19
 5103 045e 49       		.uleb128 0x49
 5104 045f 13       		.uleb128 0x13
 5105 0460 20       		.uleb128 0x20
 5106 0461 0B       		.uleb128 0xb
 5107 0462 01       		.uleb128 0x1
 5108 0463 13       		.uleb128 0x13
 5109 0464 00       		.byte	0
 5110 0465 00       		.byte	0
 5111 0466 46       		.uleb128 0x46
 5112 0467 34       		.uleb128 0x34
 5113 0468 00       		.byte	0
 5114 0469 03       		.uleb128 0x3
 5115 046a 0E       		.uleb128 0xe
 5116 046b 3A       		.uleb128 0x3a
 5117 046c 0B       		.uleb128 0xb
 5118 046d 3B       		.uleb128 0x3b
 5119 046e 0B       		.uleb128 0xb
 5120 046f 39       		.uleb128 0x39
 5121 0470 0B       		.uleb128 0xb
 5122 0471 49       		.uleb128 0x49
 5123 0472 13       		.uleb128 0x13
 5124 0473 00       		.byte	0
 5125 0474 00       		.byte	0
 5126 0475 47       		.uleb128 0x47
 5127 0476 2E       		.uleb128 0x2e
 5128 0477 01       		.byte	0x1
 5129 0478 3F       		.uleb128 0x3f
 5130 0479 19       		.uleb128 0x19
ARM GAS  /tmp/cckM0oFW.s 			page 91


 5131 047a 03       		.uleb128 0x3
 5132 047b 0E       		.uleb128 0xe
 5133 047c 3A       		.uleb128 0x3a
 5134 047d 0B       		.uleb128 0xb
 5135 047e 3B       		.uleb128 0x3b
 5136 047f 0B       		.uleb128 0xb
 5137 0480 39       		.uleb128 0x39
 5138 0481 0B       		.uleb128 0xb
 5139 0482 27       		.uleb128 0x27
 5140 0483 19       		.uleb128 0x19
 5141 0484 49       		.uleb128 0x49
 5142 0485 13       		.uleb128 0x13
 5143 0486 11       		.uleb128 0x11
 5144 0487 01       		.uleb128 0x1
 5145 0488 12       		.uleb128 0x12
 5146 0489 06       		.uleb128 0x6
 5147 048a 40       		.uleb128 0x40
 5148 048b 18       		.uleb128 0x18
 5149 048c 7A       		.uleb128 0x7a
 5150 048d 19       		.uleb128 0x19
 5151 048e 01       		.uleb128 0x1
 5152 048f 13       		.uleb128 0x13
 5153 0490 00       		.byte	0
 5154 0491 00       		.byte	0
 5155 0492 48       		.uleb128 0x48
 5156 0493 34       		.uleb128 0x34
 5157 0494 00       		.byte	0
 5158 0495 03       		.uleb128 0x3
 5159 0496 08       		.uleb128 0x8
 5160 0497 3A       		.uleb128 0x3a
 5161 0498 0B       		.uleb128 0xb
 5162 0499 3B       		.uleb128 0x3b
 5163 049a 0B       		.uleb128 0xb
 5164 049b 39       		.uleb128 0x39
 5165 049c 0B       		.uleb128 0xb
 5166 049d 49       		.uleb128 0x49
 5167 049e 13       		.uleb128 0x13
 5168 049f 02       		.uleb128 0x2
 5169 04a0 17       		.uleb128 0x17
 5170 04a1 B742     		.uleb128 0x2137
 5171 04a3 17       		.uleb128 0x17
 5172 04a4 00       		.byte	0
 5173 04a5 00       		.byte	0
 5174 04a6 49       		.uleb128 0x49
 5175 04a7 2E       		.uleb128 0x2e
 5176 04a8 01       		.byte	0x1
 5177 04a9 3F       		.uleb128 0x3f
 5178 04aa 19       		.uleb128 0x19
 5179 04ab 03       		.uleb128 0x3
 5180 04ac 0E       		.uleb128 0xe
 5181 04ad 3A       		.uleb128 0x3a
 5182 04ae 0B       		.uleb128 0xb
 5183 04af 3B       		.uleb128 0x3b
 5184 04b0 0B       		.uleb128 0xb
 5185 04b1 39       		.uleb128 0x39
 5186 04b2 0B       		.uleb128 0xb
 5187 04b3 27       		.uleb128 0x27
ARM GAS  /tmp/cckM0oFW.s 			page 92


 5188 04b4 19       		.uleb128 0x19
 5189 04b5 20       		.uleb128 0x20
 5190 04b6 0B       		.uleb128 0xb
 5191 04b7 01       		.uleb128 0x1
 5192 04b8 13       		.uleb128 0x13
 5193 04b9 00       		.byte	0
 5194 04ba 00       		.byte	0
 5195 04bb 4A       		.uleb128 0x4a
 5196 04bc 2E       		.uleb128 0x2e
 5197 04bd 00       		.byte	0
 5198 04be 03       		.uleb128 0x3
 5199 04bf 0E       		.uleb128 0xe
 5200 04c0 3A       		.uleb128 0x3a
 5201 04c1 0B       		.uleb128 0xb
 5202 04c2 3B       		.uleb128 0x3b
 5203 04c3 05       		.uleb128 0x5
 5204 04c4 39       		.uleb128 0x39
 5205 04c5 0B       		.uleb128 0xb
 5206 04c6 27       		.uleb128 0x27
 5207 04c7 19       		.uleb128 0x19
 5208 04c8 49       		.uleb128 0x49
 5209 04c9 13       		.uleb128 0x13
 5210 04ca 20       		.uleb128 0x20
 5211 04cb 0B       		.uleb128 0xb
 5212 04cc 00       		.byte	0
 5213 04cd 00       		.byte	0
 5214 04ce 4B       		.uleb128 0x4b
 5215 04cf 2E       		.uleb128 0x2e
 5216 04d0 01       		.byte	0x1
 5217 04d1 31       		.uleb128 0x31
 5218 04d2 13       		.uleb128 0x13
 5219 04d3 11       		.uleb128 0x11
 5220 04d4 01       		.uleb128 0x1
 5221 04d5 12       		.uleb128 0x12
 5222 04d6 06       		.uleb128 0x6
 5223 04d7 40       		.uleb128 0x40
 5224 04d8 18       		.uleb128 0x18
 5225 04d9 7A       		.uleb128 0x7a
 5226 04da 19       		.uleb128 0x19
 5227 04db 00       		.byte	0
 5228 04dc 00       		.byte	0
 5229 04dd 4C       		.uleb128 0x4c
 5230 04de 0B       		.uleb128 0xb
 5231 04df 01       		.byte	0x1
 5232 04e0 31       		.uleb128 0x31
 5233 04e1 13       		.uleb128 0x13
 5234 04e2 55       		.uleb128 0x55
 5235 04e3 17       		.uleb128 0x17
 5236 04e4 01       		.uleb128 0x1
 5237 04e5 13       		.uleb128 0x13
 5238 04e6 00       		.byte	0
 5239 04e7 00       		.byte	0
 5240 04e8 4D       		.uleb128 0x4d
 5241 04e9 1D       		.uleb128 0x1d
 5242 04ea 01       		.byte	0x1
 5243 04eb 31       		.uleb128 0x31
 5244 04ec 13       		.uleb128 0x13
ARM GAS  /tmp/cckM0oFW.s 			page 93


 5245 04ed 52       		.uleb128 0x52
 5246 04ee 01       		.uleb128 0x1
 5247 04ef B842     		.uleb128 0x2138
 5248 04f1 0B       		.uleb128 0xb
 5249 04f2 11       		.uleb128 0x11
 5250 04f3 01       		.uleb128 0x1
 5251 04f4 12       		.uleb128 0x12
 5252 04f5 06       		.uleb128 0x6
 5253 04f6 58       		.uleb128 0x58
 5254 04f7 0B       		.uleb128 0xb
 5255 04f8 59       		.uleb128 0x59
 5256 04f9 05       		.uleb128 0x5
 5257 04fa 57       		.uleb128 0x57
 5258 04fb 0B       		.uleb128 0xb
 5259 04fc 00       		.byte	0
 5260 04fd 00       		.byte	0
 5261 04fe 4E       		.uleb128 0x4e
 5262 04ff 0B       		.uleb128 0xb
 5263 0500 01       		.byte	0x1
 5264 0501 31       		.uleb128 0x31
 5265 0502 13       		.uleb128 0x13
 5266 0503 11       		.uleb128 0x11
 5267 0504 01       		.uleb128 0x1
 5268 0505 12       		.uleb128 0x12
 5269 0506 06       		.uleb128 0x6
 5270 0507 00       		.byte	0
 5271 0508 00       		.byte	0
 5272 0509 4F       		.uleb128 0x4f
 5273 050a 48       		.uleb128 0x48
 5274 050b 01       		.byte	0x1
 5275 050c 7D       		.uleb128 0x7d
 5276 050d 01       		.uleb128 0x1
 5277 050e 8201     		.uleb128 0x82
 5278 0510 19       		.uleb128 0x19
 5279 0511 7F       		.uleb128 0x7f
 5280 0512 13       		.uleb128 0x13
 5281 0513 00       		.byte	0
 5282 0514 00       		.byte	0
 5283 0515 00       		.byte	0
 5284              		.section	.debug_loclists,"",%progbits
 5285 0000 C9050000 		.4byte	.Ldebug_loc3-.Ldebug_loc2
 5286              	.Ldebug_loc2:
 5287 0004 0500     		.2byte	0x5
 5288 0006 04       		.byte	0x4
 5289 0007 00       		.byte	0
 5290 0008 00000000 		.4byte	0
 5291              	.Ldebug_loc0:
 5292              	.LVUS81:
 5293 000c 00       		.uleb128 0
 5294 000d 00       		.uleb128 .LVU513
 5295 000e 00       		.uleb128 .LVU513
 5296 000f 00       		.uleb128 .LVU567
 5297 0010 00       		.uleb128 .LVU567
 5298 0011 00       		.uleb128 .LVU575
 5299 0012 00       		.uleb128 .LVU575
 5300 0013 00       		.uleb128 .LVU583
 5301 0014 00       		.uleb128 .LVU583
ARM GAS  /tmp/cckM0oFW.s 			page 94


 5302 0015 00       		.uleb128 0
 5303              	.LLST81:
 5304 0016 06       		.byte	0x6
 5305 0017 00000000 		.4byte	.LVL77
 5306 001b 04       		.byte	0x4
 5307 001c 00       		.uleb128 .LVL77-.LVL77
 5308 001d 20       		.uleb128 .LVL78-.LVL77
 5309 001e 01       		.uleb128 0x1
 5310 001f 50       		.byte	0x50
 5311 0020 04       		.byte	0x4
 5312 0021 20       		.uleb128 .LVL78-.LVL77
 5313 0022 7C       		.uleb128 .LVL86-.LVL77
 5314 0023 0A       		.uleb128 0xa
 5315 0024 A3       		.byte	0xa3
 5316 0025 03       		.uleb128 0x3
 5317 0026 A5       		.byte	0xa5
 5318 0027 00       		.uleb128 0
 5319 0028 26       		.uleb128 0x26
 5320 0029 A8       		.byte	0xa8
 5321 002a 2D       		.uleb128 0x2d
 5322 002b A8       		.byte	0xa8
 5323 002c 00       		.uleb128 0
 5324 002d 9F       		.byte	0x9f
 5325 002e 04       		.byte	0x4
 5326 002f 7C       		.uleb128 .LVL86-.LVL77
 5327 0030 8401     		.uleb128 .LVL88-.LVL77
 5328 0032 01       		.uleb128 0x1
 5329 0033 50       		.byte	0x50
 5330 0034 04       		.byte	0x4
 5331 0035 8401     		.uleb128 .LVL88-.LVL77
 5332 0037 9301     		.uleb128 .LVL90-1-.LVL77
 5333 0039 01       		.uleb128 0x1
 5334 003a 53       		.byte	0x53
 5335 003b 04       		.byte	0x4
 5336 003c 9301     		.uleb128 .LVL90-1-.LVL77
 5337 003e A001     		.uleb128 .LFE218-.LVL77
 5338 0040 0A       		.uleb128 0xa
 5339 0041 A3       		.byte	0xa3
 5340 0042 03       		.uleb128 0x3
 5341 0043 A5       		.byte	0xa5
 5342 0044 00       		.uleb128 0
 5343 0045 26       		.uleb128 0x26
 5344 0046 A8       		.byte	0xa8
 5345 0047 2D       		.uleb128 0x2d
 5346 0048 A8       		.byte	0xa8
 5347 0049 00       		.uleb128 0
 5348 004a 9F       		.byte	0x9f
 5349 004b 00       		.byte	0
 5350              	.LVUS82:
 5351 004c 00       		.uleb128 0
 5352 004d 00       		.uleb128 .LVU513
 5353 004e 00       		.uleb128 .LVU513
 5354 004f 00       		.uleb128 .LVU567
 5355 0050 00       		.uleb128 .LVU567
 5356 0051 00       		.uleb128 .LVU583
 5357 0052 00       		.uleb128 .LVU583
 5358 0053 00       		.uleb128 0
ARM GAS  /tmp/cckM0oFW.s 			page 95


 5359              	.LLST82:
 5360 0054 06       		.byte	0x6
 5361 0055 00000000 		.4byte	.LVL77
 5362 0059 04       		.byte	0x4
 5363 005a 00       		.uleb128 .LVL77-.LVL77
 5364 005b 20       		.uleb128 .LVL78-.LVL77
 5365 005c 01       		.uleb128 0x1
 5366 005d 51       		.byte	0x51
 5367 005e 04       		.byte	0x4
 5368 005f 20       		.uleb128 .LVL78-.LVL77
 5369 0060 7C       		.uleb128 .LVL86-.LVL77
 5370 0061 01       		.uleb128 0x1
 5371 0062 54       		.byte	0x54
 5372 0063 04       		.byte	0x4
 5373 0064 7C       		.uleb128 .LVL86-.LVL77
 5374 0065 9301     		.uleb128 .LVL90-1-.LVL77
 5375 0067 01       		.uleb128 0x1
 5376 0068 51       		.byte	0x51
 5377 0069 04       		.byte	0x4
 5378 006a 9301     		.uleb128 .LVL90-1-.LVL77
 5379 006c A001     		.uleb128 .LFE218-.LVL77
 5380 006e 01       		.uleb128 0x1
 5381 006f 54       		.byte	0x54
 5382 0070 00       		.byte	0
 5383              	.LVUS83:
 5384 0071 01       		.uleb128 .LVU518
 5385 0072 00       		.uleb128 .LVU519
 5386 0073 00       		.uleb128 .LVU519
 5387 0074 00       		.uleb128 .LVU531
 5388 0075 00       		.uleb128 .LVU554
 5389 0076 00       		.uleb128 .LVU567
 5390              	.LLST83:
 5391 0077 06       		.byte	0x6
 5392 0078 38000000 		.4byte	.LVL79
 5393 007c 04       		.byte	0x4
 5394 007d 00       		.uleb128 .LVL79-.LVL79
 5395 007e 04       		.uleb128 .LVL80-.LVL79
 5396 007f 02       		.uleb128 0x2
 5397 0080 30       		.byte	0x30
 5398 0081 9F       		.byte	0x9f
 5399 0082 04       		.byte	0x4
 5400 0083 04       		.uleb128 .LVL80-.LVL79
 5401 0084 0C       		.uleb128 .LVL81-.LVL79
 5402 0085 01       		.uleb128 0x1
 5403 0086 50       		.byte	0x50
 5404 0087 04       		.byte	0x4
 5405 0088 3C       		.uleb128 .LVL85-.LVL79
 5406 0089 44       		.uleb128 .LVL86-.LVL79
 5407 008a 01       		.uleb128 0x1
 5408 008b 50       		.byte	0x50
 5409 008c 00       		.byte	0
 5410              	.LVUS86:
 5411 008d 00       		.uleb128 .LVU535
 5412 008e 00       		.uleb128 .LVU567
 5413              	.LLST86:
 5414 008f 08       		.byte	0x8
 5415 0090 50000000 		.4byte	.LVL82
ARM GAS  /tmp/cckM0oFW.s 			page 96


 5416 0094 2C       		.uleb128 .LVL86-.LVL82
 5417 0095 01       		.uleb128 0x1
 5418 0096 55       		.byte	0x55
 5419 0097 00       		.byte	0
 5420              	.LVUS88:
 5421 0098 02       		.uleb128 .LVU537
 5422 0099 00       		.uleb128 .LVU548
 5423              	.LLST88:
 5424 009a 08       		.byte	0x8
 5425 009b 50000000 		.4byte	.LVL82
 5426 009f 18       		.uleb128 .LVL83-.LVL82
 5427 00a0 01       		.uleb128 0x1
 5428 00a1 55       		.byte	0x55
 5429 00a2 00       		.byte	0
 5430              	.LVUS89:
 5431 00a3 02       		.uleb128 .LVU537
 5432 00a4 00       		.uleb128 .LVU548
 5433              	.LLST89:
 5434 00a5 08       		.byte	0x8
 5435 00a6 50000000 		.4byte	.LVL82
 5436 00aa 18       		.uleb128 .LVL83-.LVL82
 5437 00ab 01       		.uleb128 0x1
 5438 00ac 54       		.byte	0x54
 5439 00ad 00       		.byte	0
 5440              	.LVUS90:
 5441 00ae 01       		.uleb128 .LVU569
 5442 00af 01       		.uleb128 .LVU581
 5443              	.LLST90:
 5444 00b0 08       		.byte	0x8
 5445 00b1 80000000 		.4byte	.LVL87
 5446 00b5 10       		.uleb128 .LVL89-.LVL87
 5447 00b6 01       		.uleb128 0x1
 5448 00b7 53       		.byte	0x53
 5449 00b8 00       		.byte	0
 5450              	.LVUS91:
 5451 00b9 00       		.uleb128 .LVU575
 5452 00ba 01       		.uleb128 .LVU581
 5453              	.LLST91:
 5454 00bb 08       		.byte	0x8
 5455 00bc 84000000 		.4byte	.LVL88
 5456 00c0 0C       		.uleb128 .LVL89-.LVL88
 5457 00c1 01       		.uleb128 0x1
 5458 00c2 50       		.byte	0x50
 5459 00c3 00       		.byte	0
 5460              	.LVUS77:
 5461 00c4 00       		.uleb128 0
 5462 00c5 00       		.uleb128 .LVU464
 5463 00c6 00       		.uleb128 .LVU464
 5464 00c7 00       		.uleb128 0
 5465              	.LLST77:
 5466 00c8 06       		.byte	0x6
 5467 00c9 00000000 		.4byte	.LVL67
 5468 00cd 04       		.byte	0x4
 5469 00ce 00       		.uleb128 .LVL67-.LVL67
 5470 00cf 18       		.uleb128 .LVL68-.LVL67
 5471 00d0 01       		.uleb128 0x1
 5472 00d1 50       		.byte	0x50
ARM GAS  /tmp/cckM0oFW.s 			page 97


 5473 00d2 04       		.byte	0x4
 5474 00d3 18       		.uleb128 .LVL68-.LVL67
 5475 00d4 58       		.uleb128 .LFE217-.LVL67
 5476 00d5 01       		.uleb128 0x1
 5477 00d6 55       		.byte	0x55
 5478 00d7 00       		.byte	0
 5479              	.LVUS78:
 5480 00d8 00       		.uleb128 0
 5481 00d9 00       		.uleb128 .LVU464
 5482 00da 00       		.uleb128 .LVU464
 5483 00db 01       		.uleb128 .LVU465
 5484 00dc 01       		.uleb128 .LVU465
 5485 00dd 00       		.uleb128 .LVU466
 5486 00de 00       		.uleb128 .LVU466
 5487 00df 00       		.uleb128 .LVU486
 5488 00e0 00       		.uleb128 .LVU486
 5489 00e1 01       		.uleb128 .LVU488
 5490              	.LLST78:
 5491 00e2 06       		.byte	0x6
 5492 00e3 00000000 		.4byte	.LVL67
 5493 00e7 04       		.byte	0x4
 5494 00e8 00       		.uleb128 .LVL67-.LVL67
 5495 00e9 18       		.uleb128 .LVL68-.LVL67
 5496 00ea 01       		.uleb128 0x1
 5497 00eb 51       		.byte	0x51
 5498 00ec 04       		.byte	0x4
 5499 00ed 18       		.uleb128 .LVL68-.LVL67
 5500 00ee 18       		.uleb128 .LVL68-.LVL67
 5501 00ef 01       		.uleb128 0x1
 5502 00f0 54       		.byte	0x54
 5503 00f1 04       		.byte	0x4
 5504 00f2 18       		.uleb128 .LVL68-.LVL67
 5505 00f3 1C       		.uleb128 .LVL69-.LVL67
 5506 00f4 03       		.uleb128 0x3
 5507 00f5 74       		.byte	0x74
 5508 00f6 7F       		.sleb128 -1
 5509 00f7 9F       		.byte	0x9f
 5510 00f8 04       		.byte	0x4
 5511 00f9 1C       		.uleb128 .LVL69-.LVL67
 5512 00fa 4C       		.uleb128 .LVL75-.LVL67
 5513 00fb 01       		.uleb128 0x1
 5514 00fc 54       		.byte	0x54
 5515 00fd 04       		.byte	0x4
 5516 00fe 4C       		.uleb128 .LVL75-.LVL67
 5517 00ff 50       		.uleb128 .LVL76-.LVL67
 5518 0100 03       		.uleb128 0x3
 5519 0101 74       		.byte	0x74
 5520 0102 01       		.sleb128 1
 5521 0103 9F       		.byte	0x9f
 5522 0104 00       		.byte	0
 5523              	.LVUS79:
 5524 0105 01       		.uleb128 .LVU471
 5525 0106 01       		.uleb128 .LVU483
 5526              	.LLST79:
 5527 0107 08       		.byte	0x8
 5528 0108 34000000 		.4byte	.LVL71
 5529 010c 10       		.uleb128 .LVL73-.LVL71
ARM GAS  /tmp/cckM0oFW.s 			page 98


 5530 010d 01       		.uleb128 0x1
 5531 010e 55       		.byte	0x55
 5532 010f 00       		.byte	0
 5533              	.LVUS80:
 5534 0110 00       		.uleb128 .LVU477
 5535 0111 01       		.uleb128 .LVU483
 5536              	.LLST80:
 5537 0112 08       		.byte	0x8
 5538 0113 38000000 		.4byte	.LVL72
 5539 0117 0C       		.uleb128 .LVL73-.LVL72
 5540 0118 01       		.uleb128 0x1
 5541 0119 50       		.byte	0x50
 5542 011a 00       		.byte	0
 5543              	.LVUS72:
 5544 011b 00       		.uleb128 0
 5545 011c 00       		.uleb128 .LVU439
 5546 011d 00       		.uleb128 .LVU439
 5547 011e 00       		.uleb128 .LVU450
 5548 011f 00       		.uleb128 .LVU450
 5549 0120 00       		.uleb128 0
 5550              	.LLST72:
 5551 0121 06       		.byte	0x6
 5552 0122 00000000 		.4byte	.LVL62
 5553 0126 04       		.byte	0x4
 5554 0127 00       		.uleb128 .LVL62-.LVL62
 5555 0128 20       		.uleb128 .LVL64-.LVL62
 5556 0129 01       		.uleb128 0x1
 5557 012a 50       		.byte	0x50
 5558 012b 04       		.byte	0x4
 5559 012c 20       		.uleb128 .LVL64-.LVL62
 5560 012d 33       		.uleb128 .LVL66-1-.LVL62
 5561 012e 01       		.uleb128 0x1
 5562 012f 53       		.byte	0x53
 5563 0130 04       		.byte	0x4
 5564 0131 33       		.uleb128 .LVL66-1-.LVL62
 5565 0132 34       		.uleb128 .LFE216-.LVL62
 5566 0133 0A       		.uleb128 0xa
 5567 0134 A3       		.byte	0xa3
 5568 0135 03       		.uleb128 0x3
 5569 0136 A5       		.byte	0xa5
 5570 0137 00       		.uleb128 0
 5571 0138 26       		.uleb128 0x26
 5572 0139 A8       		.byte	0xa8
 5573 013a 2D       		.uleb128 0x2d
 5574 013b A8       		.byte	0xa8
 5575 013c 00       		.uleb128 0
 5576 013d 9F       		.byte	0x9f
 5577 013e 00       		.byte	0
 5578              	.LVUS73:
 5579 013f 01       		.uleb128 .LVU445
 5580 0140 00       		.uleb128 .LVU450
 5581              	.LLST73:
 5582 0141 08       		.byte	0x8
 5583 0142 2C000000 		.4byte	.LVL65
 5584 0146 07       		.uleb128 .LVL66-1-.LVL65
 5585 0147 01       		.uleb128 0x1
 5586 0148 50       		.byte	0x50
ARM GAS  /tmp/cckM0oFW.s 			page 99


 5587 0149 00       		.byte	0
 5588              	.LVUS75:
 5589 014a 01       		.uleb128 .LVU432
 5590 014b 00       		.uleb128 .LVU439
 5591 014c 00       		.uleb128 .LVU439
 5592 014d 01       		.uleb128 .LVU445
 5593              	.LLST75:
 5594 014e 06       		.byte	0x6
 5595 014f 18000000 		.4byte	.LVL63
 5596 0153 04       		.byte	0x4
 5597 0154 00       		.uleb128 .LVL63-.LVL63
 5598 0155 08       		.uleb128 .LVL64-.LVL63
 5599 0156 01       		.uleb128 0x1
 5600 0157 50       		.byte	0x50
 5601 0158 04       		.byte	0x4
 5602 0159 08       		.uleb128 .LVL64-.LVL63
 5603 015a 14       		.uleb128 .LVL65-.LVL63
 5604 015b 01       		.uleb128 0x1
 5605 015c 53       		.byte	0x53
 5606 015d 00       		.byte	0
 5607              	.LVUS76:
 5608 015e 00       		.uleb128 .LVU439
 5609 015f 01       		.uleb128 .LVU445
 5610              	.LLST76:
 5611 0160 08       		.byte	0x8
 5612 0161 20000000 		.4byte	.LVL64
 5613 0165 0C       		.uleb128 .LVL65-.LVL64
 5614 0166 01       		.uleb128 0x1
 5615 0167 50       		.byte	0x50
 5616 0168 00       		.byte	0
 5617              	.LVUS67:
 5618 0169 00       		.uleb128 0
 5619 016a 00       		.uleb128 .LVU397
 5620 016b 00       		.uleb128 .LVU397
 5621 016c 00       		.uleb128 .LVU407
 5622 016d 00       		.uleb128 .LVU407
 5623 016e 00       		.uleb128 0
 5624              	.LLST67:
 5625 016f 06       		.byte	0x6
 5626 0170 00000000 		.4byte	.LVL57
 5627 0174 04       		.byte	0x4
 5628 0175 00       		.uleb128 .LVL57-.LVL57
 5629 0176 28       		.uleb128 .LVL59-.LVL57
 5630 0177 01       		.uleb128 0x1
 5631 0178 50       		.byte	0x50
 5632 0179 04       		.byte	0x4
 5633 017a 28       		.uleb128 .LVL59-.LVL57
 5634 017b 3F       		.uleb128 .LVL61-1-.LVL57
 5635 017c 01       		.uleb128 0x1
 5636 017d 53       		.byte	0x53
 5637 017e 04       		.byte	0x4
 5638 017f 3F       		.uleb128 .LVL61-1-.LVL57
 5639 0180 48       		.uleb128 .LFE215-.LVL57
 5640 0181 0A       		.uleb128 0xa
 5641 0182 A3       		.byte	0xa3
 5642 0183 03       		.uleb128 0x3
 5643 0184 A5       		.byte	0xa5
ARM GAS  /tmp/cckM0oFW.s 			page 100


 5644 0185 00       		.uleb128 0
 5645 0186 26       		.uleb128 0x26
 5646 0187 A8       		.byte	0xa8
 5647 0188 2D       		.uleb128 0x2d
 5648 0189 A8       		.byte	0xa8
 5649 018a 00       		.uleb128 0
 5650 018b 9F       		.byte	0x9f
 5651 018c 00       		.byte	0
 5652              	.LVUS70:
 5653 018d 01       		.uleb128 .LVU391
 5654 018e 01       		.uleb128 .LVU405
 5655              	.LLST70:
 5656 018f 08       		.byte	0x8
 5657 0190 24000000 		.4byte	.LVL58
 5658 0194 18       		.uleb128 .LVL60-.LVL58
 5659 0195 01       		.uleb128 0x1
 5660 0196 53       		.byte	0x53
 5661 0197 00       		.byte	0
 5662              	.LVUS71:
 5663 0198 00       		.uleb128 .LVU397
 5664 0199 01       		.uleb128 .LVU405
 5665              	.LLST71:
 5666 019a 08       		.byte	0x8
 5667 019b 28000000 		.4byte	.LVL59
 5668 019f 14       		.uleb128 .LVL60-.LVL59
 5669 01a0 01       		.uleb128 0x1
 5670 01a1 50       		.byte	0x50
 5671 01a2 00       		.byte	0
 5672              	.LVUS42:
 5673 01a3 00       		.uleb128 0
 5674 01a4 00       		.uleb128 .LVU259
 5675 01a5 00       		.uleb128 .LVU259
 5676 01a6 00       		.uleb128 .LVU304
 5677 01a7 00       		.uleb128 .LVU304
 5678 01a8 00       		.uleb128 0
 5679              	.LLST42:
 5680 01a9 06       		.byte	0x6
 5681 01aa 00000000 		.4byte	.LVL40
 5682 01ae 04       		.byte	0x4
 5683 01af 00       		.uleb128 .LVL40-.LVL40
 5684 01b0 10       		.uleb128 .LVL42-.LVL40
 5685 01b1 01       		.uleb128 0x1
 5686 01b2 50       		.byte	0x50
 5687 01b3 04       		.byte	0x4
 5688 01b4 10       		.uleb128 .LVL42-.LVL40
 5689 01b5 63       		.uleb128 .LVL49-1-.LVL40
 5690 01b6 01       		.uleb128 0x1
 5691 01b7 53       		.byte	0x53
 5692 01b8 04       		.byte	0x4
 5693 01b9 63       		.uleb128 .LVL49-1-.LVL40
 5694 01ba 6C       		.uleb128 .LFE213-.LVL40
 5695 01bb 0A       		.uleb128 0xa
 5696 01bc A3       		.byte	0xa3
 5697 01bd 03       		.uleb128 0x3
 5698 01be A5       		.byte	0xa5
 5699 01bf 00       		.uleb128 0
 5700 01c0 26       		.uleb128 0x26
ARM GAS  /tmp/cckM0oFW.s 			page 101


 5701 01c1 A8       		.byte	0xa8
 5702 01c2 2D       		.uleb128 0x2d
 5703 01c3 A8       		.byte	0xa8
 5704 01c4 00       		.uleb128 0
 5705 01c5 9F       		.byte	0x9f
 5706 01c6 00       		.byte	0
 5707              	.LVUS43:
 5708 01c7 00       		.uleb128 0
 5709 01c8 00       		.uleb128 .LVU304
 5710 01c9 00       		.uleb128 .LVU304
 5711 01ca 00       		.uleb128 0
 5712              	.LLST43:
 5713 01cb 06       		.byte	0x6
 5714 01cc 00000000 		.4byte	.LVL40
 5715 01d0 04       		.byte	0x4
 5716 01d1 00       		.uleb128 .LVL40-.LVL40
 5717 01d2 63       		.uleb128 .LVL49-1-.LVL40
 5718 01d3 01       		.uleb128 0x1
 5719 01d4 51       		.byte	0x51
 5720 01d5 04       		.byte	0x4
 5721 01d6 63       		.uleb128 .LVL49-1-.LVL40
 5722 01d7 6C       		.uleb128 .LFE213-.LVL40
 5723 01d8 0A       		.uleb128 0xa
 5724 01d9 A3       		.byte	0xa3
 5725 01da 03       		.uleb128 0x3
 5726 01db A5       		.byte	0xa5
 5727 01dc 01       		.uleb128 0x1
 5728 01dd 26       		.uleb128 0x26
 5729 01de A8       		.byte	0xa8
 5730 01df 2D       		.uleb128 0x2d
 5731 01e0 A8       		.byte	0xa8
 5732 01e1 00       		.uleb128 0
 5733 01e2 9F       		.byte	0x9f
 5734 01e3 00       		.byte	0
 5735              	.LVUS44:
 5736 01e4 00       		.uleb128 .LVU262
 5737 01e5 00       		.uleb128 .LVU275
 5738 01e6 00       		.uleb128 .LVU304
 5739 01e7 00       		.uleb128 0
 5740              	.LLST44:
 5741 01e8 06       		.byte	0x6
 5742 01e9 20000000 		.4byte	.LVL43
 5743 01ed 04       		.byte	0x4
 5744 01ee 00       		.uleb128 .LVL43-.LVL43
 5745 01ef 08       		.uleb128 .LVL44-.LVL43
 5746 01f0 01       		.uleb128 0x1
 5747 01f1 50       		.byte	0x50
 5748 01f2 04       		.byte	0x4
 5749 01f3 44       		.uleb128 .LVL49-.LVL43
 5750 01f4 4C       		.uleb128 .LFE213-.LVL43
 5751 01f5 01       		.uleb128 0x1
 5752 01f6 50       		.byte	0x50
 5753 01f7 00       		.byte	0
 5754              	.LVUS46:
 5755 01f8 03       		.uleb128 .LVU248
 5756 01f9 00       		.uleb128 .LVU262
 5757 01fa 00       		.uleb128 .LVU275
ARM GAS  /tmp/cckM0oFW.s 			page 102


 5758 01fb 00       		.uleb128 .LVU304
 5759 01fc 00       		.uleb128 .LVU304
 5760 01fd 00       		.uleb128 .LVU304
 5761              	.LLST46:
 5762 01fe 06       		.byte	0x6
 5763 01ff 08000000 		.4byte	.LVL41
 5764 0203 04       		.byte	0x4
 5765 0204 00       		.uleb128 .LVL41-.LVL41
 5766 0205 18       		.uleb128 .LVL43-.LVL41
 5767 0206 01       		.uleb128 0x1
 5768 0207 51       		.byte	0x51
 5769 0208 04       		.byte	0x4
 5770 0209 20       		.uleb128 .LVL44-.LVL41
 5771 020a 5B       		.uleb128 .LVL49-1-.LVL41
 5772 020b 01       		.uleb128 0x1
 5773 020c 51       		.byte	0x51
 5774 020d 04       		.byte	0x4
 5775 020e 5B       		.uleb128 .LVL49-1-.LVL41
 5776 020f 5C       		.uleb128 .LVL49-.LVL41
 5777 0210 0A       		.uleb128 0xa
 5778 0211 A3       		.byte	0xa3
 5779 0212 03       		.uleb128 0x3
 5780 0213 A5       		.byte	0xa5
 5781 0214 01       		.uleb128 0x1
 5782 0215 26       		.uleb128 0x26
 5783 0216 A8       		.byte	0xa8
 5784 0217 2D       		.uleb128 0x2d
 5785 0218 A8       		.byte	0xa8
 5786 0219 00       		.uleb128 0
 5787 021a 9F       		.byte	0x9f
 5788 021b 00       		.byte	0
 5789              	.LVUS47:
 5790 021c 03       		.uleb128 .LVU248
 5791 021d 00       		.uleb128 .LVU259
 5792 021e 00       		.uleb128 .LVU259
 5793 021f 00       		.uleb128 .LVU262
 5794 0220 00       		.uleb128 .LVU275
 5795 0221 00       		.uleb128 .LVU304
 5796 0222 00       		.uleb128 .LVU304
 5797 0223 00       		.uleb128 .LVU304
 5798              	.LLST47:
 5799 0224 06       		.byte	0x6
 5800 0225 08000000 		.4byte	.LVL41
 5801 0229 04       		.byte	0x4
 5802 022a 00       		.uleb128 .LVL41-.LVL41
 5803 022b 08       		.uleb128 .LVL42-.LVL41
 5804 022c 01       		.uleb128 0x1
 5805 022d 50       		.byte	0x50
 5806 022e 04       		.byte	0x4
 5807 022f 08       		.uleb128 .LVL42-.LVL41
 5808 0230 18       		.uleb128 .LVL43-.LVL41
 5809 0231 01       		.uleb128 0x1
 5810 0232 53       		.byte	0x53
 5811 0233 04       		.byte	0x4
 5812 0234 20       		.uleb128 .LVL44-.LVL41
 5813 0235 5B       		.uleb128 .LVL49-1-.LVL41
 5814 0236 01       		.uleb128 0x1
ARM GAS  /tmp/cckM0oFW.s 			page 103


 5815 0237 53       		.byte	0x53
 5816 0238 04       		.byte	0x4
 5817 0239 5B       		.uleb128 .LVL49-1-.LVL41
 5818 023a 5C       		.uleb128 .LVL49-.LVL41
 5819 023b 0A       		.uleb128 0xa
 5820 023c A3       		.byte	0xa3
 5821 023d 03       		.uleb128 0x3
 5822 023e A5       		.byte	0xa5
 5823 023f 00       		.uleb128 0
 5824 0240 26       		.uleb128 0x26
 5825 0241 A8       		.byte	0xa8
 5826 0242 2D       		.uleb128 0x2d
 5827 0243 A8       		.byte	0xa8
 5828 0244 00       		.uleb128 0
 5829 0245 9F       		.byte	0x9f
 5830 0246 00       		.byte	0
 5831              	.LVUS49:
 5832 0247 00       		.uleb128 .LVU280
 5833 0248 00       		.uleb128 .LVU304
 5834 0249 00       		.uleb128 .LVU304
 5835 024a 00       		.uleb128 .LVU304
 5836              	.LLST49:
 5837 024b 06       		.byte	0x6
 5838 024c 38000000 		.4byte	.LVL45
 5839 0250 04       		.byte	0x4
 5840 0251 00       		.uleb128 .LVL45-.LVL45
 5841 0252 2B       		.uleb128 .LVL49-1-.LVL45
 5842 0253 01       		.uleb128 0x1
 5843 0254 51       		.byte	0x51
 5844 0255 04       		.byte	0x4
 5845 0256 2B       		.uleb128 .LVL49-1-.LVL45
 5846 0257 2C       		.uleb128 .LVL49-.LVL45
 5847 0258 0A       		.uleb128 0xa
 5848 0259 A3       		.byte	0xa3
 5849 025a 03       		.uleb128 0x3
 5850 025b A5       		.byte	0xa5
 5851 025c 01       		.uleb128 0x1
 5852 025d 26       		.uleb128 0x26
 5853 025e A8       		.byte	0xa8
 5854 025f 2D       		.uleb128 0x2d
 5855 0260 A8       		.byte	0xa8
 5856 0261 00       		.uleb128 0
 5857 0262 9F       		.byte	0x9f
 5858 0263 00       		.byte	0
 5859              	.LVUS50:
 5860 0264 00       		.uleb128 .LVU280
 5861 0265 00       		.uleb128 .LVU304
 5862 0266 00       		.uleb128 .LVU304
 5863 0267 00       		.uleb128 .LVU304
 5864              	.LLST50:
 5865 0268 06       		.byte	0x6
 5866 0269 38000000 		.4byte	.LVL45
 5867 026d 04       		.byte	0x4
 5868 026e 00       		.uleb128 .LVL45-.LVL45
 5869 026f 2B       		.uleb128 .LVL49-1-.LVL45
 5870 0270 01       		.uleb128 0x1
 5871 0271 53       		.byte	0x53
ARM GAS  /tmp/cckM0oFW.s 			page 104


 5872 0272 04       		.byte	0x4
 5873 0273 2B       		.uleb128 .LVL49-1-.LVL45
 5874 0274 2C       		.uleb128 .LVL49-.LVL45
 5875 0275 0A       		.uleb128 0xa
 5876 0276 A3       		.byte	0xa3
 5877 0277 03       		.uleb128 0x3
 5878 0278 A5       		.byte	0xa5
 5879 0279 00       		.uleb128 0
 5880 027a 26       		.uleb128 0x26
 5881 027b A8       		.byte	0xa8
 5882 027c 2D       		.uleb128 0x2d
 5883 027d A8       		.byte	0xa8
 5884 027e 00       		.uleb128 0
 5885 027f 9F       		.byte	0x9f
 5886 0280 00       		.byte	0
 5887              	.LVUS51:
 5888 0281 00       		.uleb128 .LVU288
 5889 0282 00       		.uleb128 .LVU304
 5890              	.LLST51:
 5891 0283 08       		.byte	0x8
 5892 0284 48000000 		.4byte	.LVL46
 5893 0288 1B       		.uleb128 .LVL49-1-.LVL46
 5894 0289 01       		.uleb128 0x1
 5895 028a 52       		.byte	0x52
 5896 028b 00       		.byte	0
 5897              	.LVUS54:
 5898 028c 01       		.uleb128 .LVU295
 5899 028d 00       		.uleb128 .LVU301
 5900              	.LLST54:
 5901 028e 08       		.byte	0x8
 5902 028f 58000000 		.4byte	.LVL47
 5903 0293 08       		.uleb128 .LVL48-.LVL47
 5904 0294 01       		.uleb128 0x1
 5905 0295 52       		.byte	0x52
 5906 0296 00       		.byte	0
 5907              	.LVUS55:
 5908 0297 01       		.uleb128 .LVU295
 5909 0298 00       		.uleb128 .LVU301
 5910              	.LLST55:
 5911 0299 08       		.byte	0x8
 5912 029a 58000000 		.4byte	.LVL47
 5913 029e 08       		.uleb128 .LVL48-.LVL47
 5914 029f 01       		.uleb128 0x1
 5915 02a0 53       		.byte	0x53
 5916 02a1 00       		.byte	0
 5917              	.LVUS20:
 5918 02a2 00       		.uleb128 0
 5919 02a3 00       		.uleb128 .LVU140
 5920 02a4 00       		.uleb128 .LVU140
 5921 02a5 00       		.uleb128 .LVU153
 5922 02a6 00       		.uleb128 .LVU153
 5923 02a7 00       		.uleb128 .LVU166
 5924 02a8 00       		.uleb128 .LVU166
 5925 02a9 00       		.uleb128 .LVU179
 5926 02aa 00       		.uleb128 .LVU179
 5927 02ab 00       		.uleb128 0
 5928              	.LLST20:
ARM GAS  /tmp/cckM0oFW.s 			page 105


 5929 02ac 06       		.byte	0x6
 5930 02ad 00000000 		.4byte	.LVL19
 5931 02b1 04       		.byte	0x4
 5932 02b2 00       		.uleb128 .LVL19-.LVL19
 5933 02b3 1C       		.uleb128 .LVL21-.LVL19
 5934 02b4 01       		.uleb128 0x1
 5935 02b5 50       		.byte	0x50
 5936 02b6 04       		.byte	0x4
 5937 02b7 1C       		.uleb128 .LVL21-.LVL19
 5938 02b8 24       		.uleb128 .LVL22-.LVL19
 5939 02b9 0A       		.uleb128 0xa
 5940 02ba A3       		.byte	0xa3
 5941 02bb 03       		.uleb128 0x3
 5942 02bc A5       		.byte	0xa5
 5943 02bd 00       		.uleb128 0
 5944 02be 26       		.uleb128 0x26
 5945 02bf A8       		.byte	0xa8
 5946 02c0 2D       		.uleb128 0x2d
 5947 02c1 A8       		.byte	0xa8
 5948 02c2 00       		.uleb128 0
 5949 02c3 9F       		.byte	0x9f
 5950 02c4 04       		.byte	0x4
 5951 02c5 24       		.uleb128 .LVL22-.LVL19
 5952 02c6 40       		.uleb128 .LVL25-.LVL19
 5953 02c7 01       		.uleb128 0x1
 5954 02c8 50       		.byte	0x50
 5955 02c9 04       		.byte	0x4
 5956 02ca 40       		.uleb128 .LVL25-.LVL19
 5957 02cb 57       		.uleb128 .LVL28-1-.LVL19
 5958 02cc 01       		.uleb128 0x1
 5959 02cd 53       		.byte	0x53
 5960 02ce 04       		.byte	0x4
 5961 02cf 57       		.uleb128 .LVL28-1-.LVL19
 5962 02d0 64       		.uleb128 .LFE211-.LVL19
 5963 02d1 0A       		.uleb128 0xa
 5964 02d2 A3       		.byte	0xa3
 5965 02d3 03       		.uleb128 0x3
 5966 02d4 A5       		.byte	0xa5
 5967 02d5 00       		.uleb128 0
 5968 02d6 26       		.uleb128 0x26
 5969 02d7 A8       		.byte	0xa8
 5970 02d8 2D       		.uleb128 0x2d
 5971 02d9 A8       		.byte	0xa8
 5972 02da 00       		.uleb128 0
 5973 02db 9F       		.byte	0x9f
 5974 02dc 00       		.byte	0
 5975              	.LVUS21:
 5976 02dd 00       		.uleb128 .LVU140
 5977 02de 00       		.uleb128 .LVU153
 5978 02df 00       		.uleb128 .LVU181
 5979 02e0 00       		.uleb128 0
 5980              	.LLST21:
 5981 02e1 06       		.byte	0x6
 5982 02e2 1C000000 		.4byte	.LVL21
 5983 02e6 04       		.byte	0x4
 5984 02e7 00       		.uleb128 .LVL21-.LVL21
 5985 02e8 08       		.uleb128 .LVL22-.LVL21
ARM GAS  /tmp/cckM0oFW.s 			page 106


 5986 02e9 01       		.uleb128 0x1
 5987 02ea 50       		.byte	0x50
 5988 02eb 04       		.byte	0x4
 5989 02ec 40       		.uleb128 .LVL29-.LVL21
 5990 02ed 48       		.uleb128 .LFE211-.LVL21
 5991 02ee 01       		.uleb128 0x1
 5992 02ef 50       		.byte	0x50
 5993 02f0 00       		.byte	0
 5994              	.LVUS23:
 5995 02f1 03       		.uleb128 .LVU128
 5996 02f2 00       		.uleb128 .LVU140
 5997 02f3 00       		.uleb128 .LVU153
 5998 02f4 00       		.uleb128 .LVU166
 5999 02f5 00       		.uleb128 .LVU166
 6000 02f6 00       		.uleb128 .LVU179
 6001 02f7 00       		.uleb128 .LVU179
 6002 02f8 00       		.uleb128 .LVU181
 6003              	.LLST23:
 6004 02f9 06       		.byte	0x6
 6005 02fa 04000000 		.4byte	.LVL20
 6006 02fe 04       		.byte	0x4
 6007 02ff 00       		.uleb128 .LVL20-.LVL20
 6008 0300 18       		.uleb128 .LVL21-.LVL20
 6009 0301 01       		.uleb128 0x1
 6010 0302 50       		.byte	0x50
 6011 0303 04       		.byte	0x4
 6012 0304 20       		.uleb128 .LVL22-.LVL20
 6013 0305 3C       		.uleb128 .LVL25-.LVL20
 6014 0306 01       		.uleb128 0x1
 6015 0307 50       		.byte	0x50
 6016 0308 04       		.byte	0x4
 6017 0309 3C       		.uleb128 .LVL25-.LVL20
 6018 030a 53       		.uleb128 .LVL28-1-.LVL20
 6019 030b 01       		.uleb128 0x1
 6020 030c 53       		.byte	0x53
 6021 030d 04       		.byte	0x4
 6022 030e 53       		.uleb128 .LVL28-1-.LVL20
 6023 030f 58       		.uleb128 .LVL29-.LVL20
 6024 0310 0A       		.uleb128 0xa
 6025 0311 A3       		.byte	0xa3
 6026 0312 03       		.uleb128 0x3
 6027 0313 A5       		.byte	0xa5
 6028 0314 00       		.uleb128 0
 6029 0315 26       		.uleb128 0x26
 6030 0316 A8       		.byte	0xa8
 6031 0317 2D       		.uleb128 0x2d
 6032 0318 A8       		.byte	0xa8
 6033 0319 00       		.uleb128 0
 6034 031a 9F       		.byte	0x9f
 6035 031b 00       		.byte	0
 6036              	.LVUS25:
 6037 031c 00       		.uleb128 .LVU154
 6038 031d 00       		.uleb128 .LVU179
 6039 031e 00       		.uleb128 .LVU179
 6040 031f 00       		.uleb128 .LVU181
 6041              	.LLST25:
 6042 0320 06       		.byte	0x6
ARM GAS  /tmp/cckM0oFW.s 			page 107


 6043 0321 2C000000 		.4byte	.LVL23
 6044 0325 04       		.byte	0x4
 6045 0326 00       		.uleb128 .LVL23-.LVL23
 6046 0327 2B       		.uleb128 .LVL28-1-.LVL23
 6047 0328 01       		.uleb128 0x1
 6048 0329 53       		.byte	0x53
 6049 032a 04       		.byte	0x4
 6050 032b 2B       		.uleb128 .LVL28-1-.LVL23
 6051 032c 30       		.uleb128 .LVL29-.LVL23
 6052 032d 0A       		.uleb128 0xa
 6053 032e A3       		.byte	0xa3
 6054 032f 03       		.uleb128 0x3
 6055 0330 A5       		.byte	0xa5
 6056 0331 00       		.uleb128 0
 6057 0332 26       		.uleb128 0x26
 6058 0333 A8       		.byte	0xa8
 6059 0334 2D       		.uleb128 0x2d
 6060 0335 A8       		.byte	0xa8
 6061 0336 00       		.uleb128 0
 6062 0337 9F       		.byte	0x9f
 6063 0338 00       		.byte	0
 6064              	.LVUS27:
 6065 0339 00       		.uleb128 .LVU163
 6066 033a 00       		.uleb128 .LVU181
 6067              	.LLST27:
 6068 033b 08       		.byte	0x8
 6069 033c 3C000000 		.4byte	.LVL24
 6070 0340 20       		.uleb128 .LVL29-.LVL24
 6071 0341 01       		.uleb128 0x1
 6072 0342 54       		.byte	0x54
 6073 0343 00       		.byte	0
 6074              	.LVUS30:
 6075 0344 01       		.uleb128 .LVU168
 6076 0345 00       		.uleb128 .LVU177
 6077              	.LLST30:
 6078 0346 08       		.byte	0x8
 6079 0347 44000000 		.4byte	.LVL26
 6080 034b 10       		.uleb128 .LVL27-.LVL26
 6081 034c 01       		.uleb128 0x1
 6082 034d 54       		.byte	0x54
 6083 034e 00       		.byte	0
 6084              	.LVUS31:
 6085 034f 01       		.uleb128 .LVU168
 6086 0350 00       		.uleb128 .LVU177
 6087              	.LLST31:
 6088 0351 08       		.byte	0x8
 6089 0352 44000000 		.4byte	.LVL26
 6090 0356 10       		.uleb128 .LVL27-.LVL26
 6091 0357 01       		.uleb128 0x1
 6092 0358 53       		.byte	0x53
 6093 0359 00       		.byte	0
 6094              	.LVUS2:
 6095 035a 00       		.uleb128 0
 6096 035b 00       		.uleb128 .LVU48
 6097 035c 00       		.uleb128 .LVU48
 6098 035d 00       		.uleb128 .LVU67
 6099 035e 00       		.uleb128 .LVU67
ARM GAS  /tmp/cckM0oFW.s 			page 108


 6100 035f 00       		.uleb128 0
 6101              	.LLST2:
 6102 0360 06       		.byte	0x6
 6103 0361 00000000 		.4byte	.LVL2
 6104 0365 04       		.byte	0x4
 6105 0366 00       		.uleb128 .LVL2-.LVL2
 6106 0367 20       		.uleb128 .LVL5-.LVL2
 6107 0368 01       		.uleb128 0x1
 6108 0369 50       		.byte	0x50
 6109 036a 04       		.byte	0x4
 6110 036b 20       		.uleb128 .LVL5-.LVL2
 6111 036c 44       		.uleb128 .LVL10-.LVL2
 6112 036d 01       		.uleb128 0x1
 6113 036e 54       		.byte	0x54
 6114 036f 04       		.byte	0x4
 6115 0370 44       		.uleb128 .LVL10-.LVL2
 6116 0371 50       		.uleb128 .LFE209-.LVL2
 6117 0372 0A       		.uleb128 0xa
 6118 0373 A3       		.byte	0xa3
 6119 0374 03       		.uleb128 0x3
 6120 0375 A5       		.byte	0xa5
 6121 0376 00       		.uleb128 0
 6122 0377 26       		.uleb128 0x26
 6123 0378 A8       		.byte	0xa8
 6124 0379 2D       		.uleb128 0x2d
 6125 037a A8       		.byte	0xa8
 6126 037b 00       		.uleb128 0
 6127 037c 9F       		.byte	0x9f
 6128 037d 00       		.byte	0
 6129              	.LVUS3:
 6130 037e 00       		.uleb128 0
 6131 037f 00       		.uleb128 .LVU48
 6132 0380 00       		.uleb128 .LVU48
 6133 0381 00       		.uleb128 0
 6134              	.LLST3:
 6135 0382 06       		.byte	0x6
 6136 0383 00000000 		.4byte	.LVL2
 6137 0387 04       		.byte	0x4
 6138 0388 00       		.uleb128 .LVL2-.LVL2
 6139 0389 20       		.uleb128 .LVL5-.LVL2
 6140 038a 01       		.uleb128 0x1
 6141 038b 51       		.byte	0x51
 6142 038c 04       		.byte	0x4
 6143 038d 20       		.uleb128 .LVL5-.LVL2
 6144 038e 50       		.uleb128 .LFE209-.LVL2
 6145 038f 0A       		.uleb128 0xa
 6146 0390 A3       		.byte	0xa3
 6147 0391 03       		.uleb128 0x3
 6148 0392 A5       		.byte	0xa5
 6149 0393 01       		.uleb128 0x1
 6150 0394 26       		.uleb128 0x26
 6151 0395 A8       		.byte	0xa8
 6152 0396 2D       		.uleb128 0x2d
 6153 0397 A8       		.byte	0xa8
 6154 0398 00       		.uleb128 0
 6155 0399 9F       		.byte	0x9f
 6156 039a 00       		.byte	0
ARM GAS  /tmp/cckM0oFW.s 			page 109


 6157              	.LVUS4:
 6158 039b 00       		.uleb128 0
 6159 039c 00       		.uleb128 .LVU48
 6160 039d 00       		.uleb128 .LVU48
 6161 039e 00       		.uleb128 .LVU67
 6162 039f 00       		.uleb128 .LVU67
 6163 03a0 00       		.uleb128 0
 6164              	.LLST4:
 6165 03a1 06       		.byte	0x6
 6166 03a2 00000000 		.4byte	.LVL2
 6167 03a6 04       		.byte	0x4
 6168 03a7 00       		.uleb128 .LVL2-.LVL2
 6169 03a8 20       		.uleb128 .LVL5-.LVL2
 6170 03a9 01       		.uleb128 0x1
 6171 03aa 52       		.byte	0x52
 6172 03ab 04       		.byte	0x4
 6173 03ac 20       		.uleb128 .LVL5-.LVL2
 6174 03ad 44       		.uleb128 .LVL10-.LVL2
 6175 03ae 01       		.uleb128 0x1
 6176 03af 55       		.byte	0x55
 6177 03b0 04       		.byte	0x4
 6178 03b1 44       		.uleb128 .LVL10-.LVL2
 6179 03b2 50       		.uleb128 .LFE209-.LVL2
 6180 03b3 0A       		.uleb128 0xa
 6181 03b4 A3       		.byte	0xa3
 6182 03b5 03       		.uleb128 0x3
 6183 03b6 A5       		.byte	0xa5
 6184 03b7 02       		.uleb128 0x2
 6185 03b8 26       		.uleb128 0x26
 6186 03b9 A8       		.byte	0xa8
 6187 03ba 2D       		.uleb128 0x2d
 6188 03bb A8       		.byte	0xa8
 6189 03bc 00       		.uleb128 0
 6190 03bd 9F       		.byte	0x9f
 6191 03be 00       		.byte	0
 6192              	.LVUS6:
 6193 03bf 03       		.uleb128 .LVU31
 6194 03c0 00       		.uleb128 .LVU48
 6195 03c1 00       		.uleb128 .LVU48
 6196 03c2 00       		.uleb128 .LVU67
 6197              	.LLST6:
 6198 03c3 06       		.byte	0x6
 6199 03c4 08000000 		.4byte	.LVL3
 6200 03c8 04       		.byte	0x4
 6201 03c9 00       		.uleb128 .LVL3-.LVL3
 6202 03ca 18       		.uleb128 .LVL5-.LVL3
 6203 03cb 01       		.uleb128 0x1
 6204 03cc 52       		.byte	0x52
 6205 03cd 04       		.byte	0x4
 6206 03ce 18       		.uleb128 .LVL5-.LVL3
 6207 03cf 3C       		.uleb128 .LVL10-.LVL3
 6208 03d0 01       		.uleb128 0x1
 6209 03d1 55       		.byte	0x55
 6210 03d2 00       		.byte	0
 6211              	.LVUS7:
 6212 03d3 03       		.uleb128 .LVU31
 6213 03d4 00       		.uleb128 .LVU48
ARM GAS  /tmp/cckM0oFW.s 			page 110


 6214 03d5 00       		.uleb128 .LVU48
 6215 03d6 00       		.uleb128 .LVU67
 6216              	.LLST7:
 6217 03d7 06       		.byte	0x6
 6218 03d8 08000000 		.4byte	.LVL3
 6219 03dc 04       		.byte	0x4
 6220 03dd 00       		.uleb128 .LVL3-.LVL3
 6221 03de 18       		.uleb128 .LVL5-.LVL3
 6222 03df 01       		.uleb128 0x1
 6223 03e0 51       		.byte	0x51
 6224 03e1 04       		.byte	0x4
 6225 03e2 18       		.uleb128 .LVL5-.LVL3
 6226 03e3 3C       		.uleb128 .LVL10-.LVL3
 6227 03e4 0A       		.uleb128 0xa
 6228 03e5 A3       		.byte	0xa3
 6229 03e6 03       		.uleb128 0x3
 6230 03e7 A5       		.byte	0xa5
 6231 03e8 01       		.uleb128 0x1
 6232 03e9 26       		.uleb128 0x26
 6233 03ea A8       		.byte	0xa8
 6234 03eb 2D       		.uleb128 0x2d
 6235 03ec A8       		.byte	0xa8
 6236 03ed 00       		.uleb128 0
 6237 03ee 9F       		.byte	0x9f
 6238 03ef 00       		.byte	0
 6239              	.LVUS8:
 6240 03f0 03       		.uleb128 .LVU31
 6241 03f1 00       		.uleb128 .LVU48
 6242 03f2 00       		.uleb128 .LVU48
 6243 03f3 00       		.uleb128 .LVU67
 6244              	.LLST8:
 6245 03f4 06       		.byte	0x6
 6246 03f5 08000000 		.4byte	.LVL3
 6247 03f9 04       		.byte	0x4
 6248 03fa 00       		.uleb128 .LVL3-.LVL3
 6249 03fb 18       		.uleb128 .LVL5-.LVL3
 6250 03fc 01       		.uleb128 0x1
 6251 03fd 50       		.byte	0x50
 6252 03fe 04       		.byte	0x4
 6253 03ff 18       		.uleb128 .LVL5-.LVL3
 6254 0400 3C       		.uleb128 .LVL10-.LVL3
 6255 0401 01       		.uleb128 0x1
 6256 0402 54       		.byte	0x54
 6257 0403 00       		.byte	0
 6258              	.LVUS10:
 6259 0404 02       		.uleb128 .LVU44
 6260 0405 04       		.uleb128 .LVU46
 6261 0406 01       		.uleb128 .LVU63
 6262 0407 03       		.uleb128 .LVU65
 6263              	.LLST10:
 6264 0408 08       		.byte	0x8
 6265 0409 10000000 		.4byte	.LVL4
 6266 040d 00       		.uleb128 .LVL4-.LVL4
 6267 040e 01       		.uleb128 0x1
 6268 040f 50       		.byte	0x50
 6269 0410 08       		.byte	0x8
 6270 0411 3C000000 		.4byte	.LVL9
ARM GAS  /tmp/cckM0oFW.s 			page 111


 6271 0415 00       		.uleb128 .LVL9-.LVL9
 6272 0416 01       		.uleb128 0x1
 6273 0417 54       		.byte	0x54
 6274 0418 00       		.byte	0
 6275              	.LVUS11:
 6276 0419 01       		.uleb128 .LVU49
 6277 041a 01       		.uleb128 .LVU58
 6278              	.LLST11:
 6279 041b 08       		.byte	0x8
 6280 041c 20000000 		.4byte	.LVL5
 6281 0420 10       		.uleb128 .LVL7-.LVL5
 6282 0421 01       		.uleb128 0x1
 6283 0422 54       		.byte	0x54
 6284 0423 00       		.byte	0
 6285              	.LVUS12:
 6286 0424 00       		.uleb128 .LVU52
 6287 0425 01       		.uleb128 .LVU58
 6288              	.LLST12:
 6289 0426 08       		.byte	0x8
 6290 0427 24000000 		.4byte	.LVL6
 6291 042b 0C       		.uleb128 .LVL7-.LVL6
 6292 042c 01       		.uleb128 0x1
 6293 042d 50       		.byte	0x50
 6294 042e 00       		.byte	0
 6295              	.LVUS1:
 6296 042f 05       		.uleb128 .LVU5
 6297 0430 00       		.uleb128 0
 6298              	.LLST1:
 6299 0431 08       		.byte	0x8
 6300 0432 00000000 		.4byte	.LVL0
 6301 0436 0C       		.uleb128 .LFE207-.LVL0
 6302 0437 01       		.uleb128 0x1
 6303 0438 50       		.byte	0x50
 6304 0439 00       		.byte	0
 6305              	.LVUS13:
 6306 043a 00       		.uleb128 0
 6307 043b 00       		.uleb128 .LVU98
 6308 043c 00       		.uleb128 .LVU98
 6309 043d 00       		.uleb128 0
 6310              	.LLST13:
 6311 043e 06       		.byte	0x6
 6312 043f 00000000 		.4byte	.LVL12
 6313 0443 04       		.byte	0x4
 6314 0444 00       		.uleb128 .LVL12-.LVL12
 6315 0445 1C       		.uleb128 .LVL14-.LVL12
 6316 0446 01       		.uleb128 0x1
 6317 0447 50       		.byte	0x50
 6318 0448 04       		.byte	0x4
 6319 0449 1C       		.uleb128 .LVL14-.LVL12
 6320 044a 44       		.uleb128 .LFE210-.LVL12
 6321 044b 01       		.uleb128 0x1
 6322 044c 54       		.byte	0x54
 6323 044d 00       		.byte	0
 6324              	.LVUS14:
 6325 044e 00       		.uleb128 0
 6326 044f 00       		.uleb128 .LVU98
 6327 0450 00       		.uleb128 .LVU98
ARM GAS  /tmp/cckM0oFW.s 			page 112


 6328 0451 00       		.uleb128 0
 6329              	.LLST14:
 6330 0452 06       		.byte	0x6
 6331 0453 00000000 		.4byte	.LVL12
 6332 0457 04       		.byte	0x4
 6333 0458 00       		.uleb128 .LVL12-.LVL12
 6334 0459 1C       		.uleb128 .LVL14-.LVL12
 6335 045a 01       		.uleb128 0x1
 6336 045b 51       		.byte	0x51
 6337 045c 04       		.byte	0x4
 6338 045d 1C       		.uleb128 .LVL14-.LVL12
 6339 045e 44       		.uleb128 .LFE210-.LVL12
 6340 045f 0A       		.uleb128 0xa
 6341 0460 A3       		.byte	0xa3
 6342 0461 03       		.uleb128 0x3
 6343 0462 A5       		.byte	0xa5
 6344 0463 01       		.uleb128 0x1
 6345 0464 26       		.uleb128 0x26
 6346 0465 A8       		.byte	0xa8
 6347 0466 2D       		.uleb128 0x2d
 6348 0467 A8       		.byte	0xa8
 6349 0468 00       		.uleb128 0
 6350 0469 9F       		.byte	0x9f
 6351 046a 00       		.byte	0
 6352              	.LVUS15:
 6353 046b 00       		.uleb128 0
 6354 046c 00       		.uleb128 .LVU98
 6355 046d 00       		.uleb128 .LVU98
 6356 046e 00       		.uleb128 0
 6357              	.LLST15:
 6358 046f 06       		.byte	0x6
 6359 0470 00000000 		.4byte	.LVL12
 6360 0474 04       		.byte	0x4
 6361 0475 00       		.uleb128 .LVL12-.LVL12
 6362 0476 1C       		.uleb128 .LVL14-.LVL12
 6363 0477 01       		.uleb128 0x1
 6364 0478 52       		.byte	0x52
 6365 0479 04       		.byte	0x4
 6366 047a 1C       		.uleb128 .LVL14-.LVL12
 6367 047b 44       		.uleb128 .LFE210-.LVL12
 6368 047c 01       		.uleb128 0x1
 6369 047d 55       		.byte	0x55
 6370 047e 00       		.byte	0
 6371              	.LVUS17:
 6372 047f 02       		.uleb128 .LVU93
 6373 0480 04       		.uleb128 .LVU95
 6374 0481 01       		.uleb128 .LVU113
 6375 0482 03       		.uleb128 .LVU115
 6376              	.LLST17:
 6377 0483 08       		.byte	0x8
 6378 0484 08000000 		.4byte	.LVL13
 6379 0488 00       		.uleb128 .LVL13-.LVL13
 6380 0489 01       		.uleb128 0x1
 6381 048a 50       		.byte	0x50
 6382 048b 08       		.byte	0x8
 6383 048c 38000000 		.4byte	.LVL18
 6384 0490 00       		.uleb128 .LVL18-.LVL18
ARM GAS  /tmp/cckM0oFW.s 			page 113


 6385 0491 01       		.uleb128 0x1
 6386 0492 54       		.byte	0x54
 6387 0493 00       		.byte	0
 6388              	.LVUS18:
 6389 0494 01       		.uleb128 .LVU99
 6390 0495 01       		.uleb128 .LVU108
 6391              	.LLST18:
 6392 0496 08       		.byte	0x8
 6393 0497 1C000000 		.4byte	.LVL14
 6394 049b 10       		.uleb128 .LVL16-.LVL14
 6395 049c 01       		.uleb128 0x1
 6396 049d 54       		.byte	0x54
 6397 049e 00       		.byte	0
 6398              	.LVUS19:
 6399 049f 00       		.uleb128 .LVU102
 6400 04a0 01       		.uleb128 .LVU108
 6401              	.LLST19:
 6402 04a1 08       		.byte	0x8
 6403 04a2 20000000 		.4byte	.LVL15
 6404 04a6 0C       		.uleb128 .LVL16-.LVL15
 6405 04a7 01       		.uleb128 0x1
 6406 04a8 50       		.byte	0x50
 6407 04a9 00       		.byte	0
 6408              	.LVUS33:
 6409 04aa 00       		.uleb128 0
 6410 04ab 00       		.uleb128 .LVU206
 6411 04ac 00       		.uleb128 .LVU206
 6412 04ad 00       		.uleb128 .LVU207
 6413 04ae 00       		.uleb128 .LVU207
 6414 04af 00       		.uleb128 .LVU220
 6415 04b0 00       		.uleb128 .LVU220
 6416 04b1 00       		.uleb128 .LVU233
 6417 04b2 00       		.uleb128 .LVU233
 6418 04b3 00       		.uleb128 0
 6419              	.LLST33:
 6420 04b4 06       		.byte	0x6
 6421 04b5 00000000 		.4byte	.LVL30
 6422 04b9 04       		.byte	0x4
 6423 04ba 00       		.uleb128 .LVL30-.LVL30
 6424 04bb 18       		.uleb128 .LVL31-.LVL30
 6425 04bc 01       		.uleb128 0x1
 6426 04bd 50       		.byte	0x50
 6427 04be 04       		.byte	0x4
 6428 04bf 18       		.uleb128 .LVL31-.LVL30
 6429 04c0 1C       		.uleb128 .LVL32-.LVL30
 6430 04c1 0A       		.uleb128 0xa
 6431 04c2 A3       		.byte	0xa3
 6432 04c3 03       		.uleb128 0x3
 6433 04c4 A5       		.byte	0xa5
 6434 04c5 00       		.uleb128 0
 6435 04c6 26       		.uleb128 0x26
 6436 04c7 A8       		.byte	0xa8
 6437 04c8 2D       		.uleb128 0x2d
 6438 04c9 A8       		.byte	0xa8
 6439 04ca 00       		.uleb128 0
 6440 04cb 9F       		.byte	0x9f
 6441 04cc 04       		.byte	0x4
ARM GAS  /tmp/cckM0oFW.s 			page 114


 6442 04cd 1C       		.uleb128 .LVL32-.LVL30
 6443 04ce 38       		.uleb128 .LVL35-.LVL30
 6444 04cf 01       		.uleb128 0x1
 6445 04d0 50       		.byte	0x50
 6446 04d1 04       		.byte	0x4
 6447 04d2 38       		.uleb128 .LVL35-.LVL30
 6448 04d3 4F       		.uleb128 .LVL38-1-.LVL30
 6449 04d4 01       		.uleb128 0x1
 6450 04d5 53       		.byte	0x53
 6451 04d6 04       		.byte	0x4
 6452 04d7 4F       		.uleb128 .LVL38-1-.LVL30
 6453 04d8 58       		.uleb128 .LFE212-.LVL30
 6454 04d9 0A       		.uleb128 0xa
 6455 04da A3       		.byte	0xa3
 6456 04db 03       		.uleb128 0x3
 6457 04dc A5       		.byte	0xa5
 6458 04dd 00       		.uleb128 0
 6459 04de 26       		.uleb128 0x26
 6460 04df A8       		.byte	0xa8
 6461 04e0 2D       		.uleb128 0x2d
 6462 04e1 A8       		.byte	0xa8
 6463 04e2 00       		.uleb128 0
 6464 04e3 9F       		.byte	0x9f
 6465 04e4 00       		.byte	0
 6466              	.LVUS35:
 6467 04e5 00       		.uleb128 .LVU208
 6468 04e6 00       		.uleb128 .LVU233
 6469 04e7 00       		.uleb128 .LVU233
 6470 04e8 00       		.uleb128 .LVU235
 6471              	.LLST35:
 6472 04e9 06       		.byte	0x6
 6473 04ea 24000000 		.4byte	.LVL33
 6474 04ee 04       		.byte	0x4
 6475 04ef 00       		.uleb128 .LVL33-.LVL33
 6476 04f0 2B       		.uleb128 .LVL38-1-.LVL33
 6477 04f1 01       		.uleb128 0x1
 6478 04f2 53       		.byte	0x53
 6479 04f3 04       		.byte	0x4
 6480 04f4 2B       		.uleb128 .LVL38-1-.LVL33
 6481 04f5 30       		.uleb128 .LVL39-.LVL33
 6482 04f6 0A       		.uleb128 0xa
 6483 04f7 A3       		.byte	0xa3
 6484 04f8 03       		.uleb128 0x3
 6485 04f9 A5       		.byte	0xa5
 6486 04fa 00       		.uleb128 0
 6487 04fb 26       		.uleb128 0x26
 6488 04fc A8       		.byte	0xa8
 6489 04fd 2D       		.uleb128 0x2d
 6490 04fe A8       		.byte	0xa8
 6491 04ff 00       		.uleb128 0
 6492 0500 9F       		.byte	0x9f
 6493 0501 00       		.byte	0
 6494              	.LVUS37:
 6495 0502 00       		.uleb128 .LVU217
 6496 0503 00       		.uleb128 .LVU235
 6497              	.LLST37:
 6498 0504 08       		.byte	0x8
ARM GAS  /tmp/cckM0oFW.s 			page 115


 6499 0505 34000000 		.4byte	.LVL34
 6500 0509 20       		.uleb128 .LVL39-.LVL34
 6501 050a 01       		.uleb128 0x1
 6502 050b 54       		.byte	0x54
 6503 050c 00       		.byte	0
 6504              	.LVUS40:
 6505 050d 01       		.uleb128 .LVU222
 6506 050e 00       		.uleb128 .LVU231
 6507              	.LLST40:
 6508 050f 08       		.byte	0x8
 6509 0510 3C000000 		.4byte	.LVL36
 6510 0514 10       		.uleb128 .LVL37-.LVL36
 6511 0515 01       		.uleb128 0x1
 6512 0516 54       		.byte	0x54
 6513 0517 00       		.byte	0
 6514              	.LVUS41:
 6515 0518 01       		.uleb128 .LVU222
 6516 0519 00       		.uleb128 .LVU231
 6517              	.LLST41:
 6518 051a 08       		.byte	0x8
 6519 051b 3C000000 		.4byte	.LVL36
 6520 051f 10       		.uleb128 .LVL37-.LVL36
 6521 0520 01       		.uleb128 0x1
 6522 0521 53       		.byte	0x53
 6523 0522 00       		.byte	0
 6524              	.LVUS57:
 6525 0523 00       		.uleb128 0
 6526 0524 00       		.uleb128 .LVU329
 6527 0525 00       		.uleb128 .LVU329
 6528 0526 00       		.uleb128 .LVU357
 6529 0527 00       		.uleb128 .LVU357
 6530 0528 00       		.uleb128 .LVU357
 6531 0529 00       		.uleb128 .LVU357
 6532 052a 00       		.uleb128 0
 6533              	.LLST57:
 6534 052b 06       		.byte	0x6
 6535 052c 00000000 		.4byte	.LVL50
 6536 0530 04       		.byte	0x4
 6537 0531 00       		.uleb128 .LVL50-.LVL50
 6538 0532 0C       		.uleb128 .LVL51-.LVL50
 6539 0533 01       		.uleb128 0x1
 6540 0534 50       		.byte	0x50
 6541 0535 04       		.byte	0x4
 6542 0536 0C       		.uleb128 .LVL51-.LVL50
 6543 0537 4F       		.uleb128 .LVL56-1-.LVL50
 6544 0538 01       		.uleb128 0x1
 6545 0539 53       		.byte	0x53
 6546 053a 04       		.byte	0x4
 6547 053b 4F       		.uleb128 .LVL56-1-.LVL50
 6548 053c 50       		.uleb128 .LVL56-.LVL50
 6549 053d 0A       		.uleb128 0xa
 6550 053e A3       		.byte	0xa3
 6551 053f 03       		.uleb128 0x3
 6552 0540 A5       		.byte	0xa5
 6553 0541 00       		.uleb128 0
 6554 0542 26       		.uleb128 0x26
 6555 0543 A8       		.byte	0xa8
ARM GAS  /tmp/cckM0oFW.s 			page 116


 6556 0544 2D       		.uleb128 0x2d
 6557 0545 A8       		.byte	0xa8
 6558 0546 00       		.uleb128 0
 6559 0547 9F       		.byte	0x9f
 6560 0548 04       		.byte	0x4
 6561 0549 50       		.uleb128 .LVL56-.LVL50
 6562 054a 5C       		.uleb128 .LFE214-.LVL50
 6563 054b 01       		.uleb128 0x1
 6564 054c 53       		.byte	0x53
 6565 054d 00       		.byte	0
 6566              	.LVUS58:
 6567 054e 00       		.uleb128 0
 6568 054f 00       		.uleb128 .LVU357
 6569 0550 00       		.uleb128 .LVU357
 6570 0551 00       		.uleb128 .LVU357
 6571 0552 00       		.uleb128 .LVU357
 6572 0553 00       		.uleb128 0
 6573              	.LLST58:
 6574 0554 06       		.byte	0x6
 6575 0555 00000000 		.4byte	.LVL50
 6576 0559 04       		.byte	0x4
 6577 055a 00       		.uleb128 .LVL50-.LVL50
 6578 055b 4F       		.uleb128 .LVL56-1-.LVL50
 6579 055c 01       		.uleb128 0x1
 6580 055d 51       		.byte	0x51
 6581 055e 04       		.byte	0x4
 6582 055f 4F       		.uleb128 .LVL56-1-.LVL50
 6583 0560 50       		.uleb128 .LVL56-.LVL50
 6584 0561 0A       		.uleb128 0xa
 6585 0562 A3       		.byte	0xa3
 6586 0563 03       		.uleb128 0x3
 6587 0564 A5       		.byte	0xa5
 6588 0565 01       		.uleb128 0x1
 6589 0566 26       		.uleb128 0x26
 6590 0567 A8       		.byte	0xa8
 6591 0568 2D       		.uleb128 0x2d
 6592 0569 A8       		.byte	0xa8
 6593 056a 00       		.uleb128 0
 6594 056b 9F       		.byte	0x9f
 6595 056c 04       		.byte	0x4
 6596 056d 50       		.uleb128 .LVL56-.LVL50
 6597 056e 5C       		.uleb128 .LFE214-.LVL50
 6598 056f 01       		.uleb128 0x1
 6599 0570 51       		.byte	0x51
 6600 0571 00       		.byte	0
 6601              	.LVUS60:
 6602 0572 00       		.uleb128 .LVU334
 6603 0573 00       		.uleb128 .LVU357
 6604 0574 00       		.uleb128 .LVU357
 6605 0575 00       		.uleb128 .LVU357
 6606              	.LLST60:
 6607 0576 06       		.byte	0x6
 6608 0577 28000000 		.4byte	.LVL52
 6609 057b 04       		.byte	0x4
 6610 057c 00       		.uleb128 .LVL52-.LVL52
 6611 057d 27       		.uleb128 .LVL56-1-.LVL52
 6612 057e 01       		.uleb128 0x1
ARM GAS  /tmp/cckM0oFW.s 			page 117


 6613 057f 51       		.byte	0x51
 6614 0580 04       		.byte	0x4
 6615 0581 27       		.uleb128 .LVL56-1-.LVL52
 6616 0582 28       		.uleb128 .LVL56-.LVL52
 6617 0583 0A       		.uleb128 0xa
 6618 0584 A3       		.byte	0xa3
 6619 0585 03       		.uleb128 0x3
 6620 0586 A5       		.byte	0xa5
 6621 0587 01       		.uleb128 0x1
 6622 0588 26       		.uleb128 0x26
 6623 0589 A8       		.byte	0xa8
 6624 058a 2D       		.uleb128 0x2d
 6625 058b A8       		.byte	0xa8
 6626 058c 00       		.uleb128 0
 6627 058d 9F       		.byte	0x9f
 6628 058e 00       		.byte	0
 6629              	.LVUS61:
 6630 058f 00       		.uleb128 .LVU334
 6631 0590 00       		.uleb128 .LVU357
 6632 0591 00       		.uleb128 .LVU357
 6633 0592 00       		.uleb128 .LVU357
 6634              	.LLST61:
 6635 0593 06       		.byte	0x6
 6636 0594 28000000 		.4byte	.LVL52
 6637 0598 04       		.byte	0x4
 6638 0599 00       		.uleb128 .LVL52-.LVL52
 6639 059a 27       		.uleb128 .LVL56-1-.LVL52
 6640 059b 01       		.uleb128 0x1
 6641 059c 53       		.byte	0x53
 6642 059d 04       		.byte	0x4
 6643 059e 27       		.uleb128 .LVL56-1-.LVL52
 6644 059f 28       		.uleb128 .LVL56-.LVL52
 6645 05a0 0A       		.uleb128 0xa
 6646 05a1 A3       		.byte	0xa3
 6647 05a2 03       		.uleb128 0x3
 6648 05a3 A5       		.byte	0xa5
 6649 05a4 00       		.uleb128 0
 6650 05a5 26       		.uleb128 0x26
 6651 05a6 A8       		.byte	0xa8
 6652 05a7 2D       		.uleb128 0x2d
 6653 05a8 A8       		.byte	0xa8
 6654 05a9 00       		.uleb128 0
 6655 05aa 9F       		.byte	0x9f
 6656 05ab 00       		.byte	0
 6657              	.LVUS62:
 6658 05ac 00       		.uleb128 .LVU342
 6659 05ad 00       		.uleb128 .LVU357
 6660              	.LLST62:
 6661 05ae 08       		.byte	0x8
 6662 05af 38000000 		.4byte	.LVL53
 6663 05b3 17       		.uleb128 .LVL56-1-.LVL53
 6664 05b4 01       		.uleb128 0x1
 6665 05b5 52       		.byte	0x52
 6666 05b6 00       		.byte	0
 6667              	.LVUS65:
 6668 05b7 01       		.uleb128 .LVU348
 6669 05b8 00       		.uleb128 .LVU354
ARM GAS  /tmp/cckM0oFW.s 			page 118


 6670              	.LLST65:
 6671 05b9 08       		.byte	0x8
 6672 05ba 44000000 		.4byte	.LVL54
 6673 05be 08       		.uleb128 .LVL55-.LVL54
 6674 05bf 01       		.uleb128 0x1
 6675 05c0 52       		.byte	0x52
 6676 05c1 00       		.byte	0
 6677              	.LVUS66:
 6678 05c2 01       		.uleb128 .LVU348
 6679 05c3 00       		.uleb128 .LVU354
 6680              	.LLST66:
 6681 05c4 08       		.byte	0x8
 6682 05c5 44000000 		.4byte	.LVL54
 6683 05c9 08       		.uleb128 .LVL55-.LVL54
 6684 05ca 01       		.uleb128 0x1
 6685 05cb 53       		.byte	0x53
 6686 05cc 00       		.byte	0
 6687              	.Ldebug_loc3:
 6688              		.section	.debug_aranges,"",%progbits
 6689 0000 74000000 		.4byte	0x74
 6690 0004 0200     		.2byte	0x2
 6691 0006 00000000 		.4byte	.Ldebug_info0
 6692 000a 04       		.byte	0x4
 6693 000b 00       		.byte	0
 6694 000c 0000     		.2byte	0
 6695 000e 0000     		.2byte	0
 6696 0010 00000000 		.4byte	.LFB207
 6697 0014 0C000000 		.4byte	.LFE207-.LFB207
 6698 0018 00000000 		.4byte	.LFB208
 6699 001c 04000000 		.4byte	.LFE208-.LFB208
 6700 0020 00000000 		.4byte	.LFB209
 6701 0024 50000000 		.4byte	.LFE209-.LFB209
 6702 0028 00000000 		.4byte	.LFB210
 6703 002c 44000000 		.4byte	.LFE210-.LFB210
 6704 0030 00000000 		.4byte	.LFB211
 6705 0034 64000000 		.4byte	.LFE211-.LFB211
 6706 0038 00000000 		.4byte	.LFB212
 6707 003c 58000000 		.4byte	.LFE212-.LFB212
 6708 0040 00000000 		.4byte	.LFB213
 6709 0044 6C000000 		.4byte	.LFE213-.LFB213
 6710 0048 00000000 		.4byte	.LFB214
 6711 004c 5C000000 		.4byte	.LFE214-.LFB214
 6712 0050 00000000 		.4byte	.LFB215
 6713 0054 48000000 		.4byte	.LFE215-.LFB215
 6714 0058 00000000 		.4byte	.LFB216
 6715 005c 34000000 		.4byte	.LFE216-.LFB216
 6716 0060 00000000 		.4byte	.LFB217
 6717 0064 58000000 		.4byte	.LFE217-.LFB217
 6718 0068 00000000 		.4byte	.LFB218
 6719 006c A0000000 		.4byte	.LFE218-.LFB218
 6720 0070 00000000 		.4byte	0
 6721 0074 00000000 		.4byte	0
 6722              		.section	.debug_rnglists,"",%progbits
 6723              	.Ldebug_ranges0:
 6724 0000 B4010000 		.4byte	.Ldebug_ranges3-.Ldebug_ranges2
 6725              	.Ldebug_ranges2:
 6726 0004 0500     		.2byte	0x5
ARM GAS  /tmp/cckM0oFW.s 			page 119


 6727 0006 04       		.byte	0x4
 6728 0007 00       		.byte	0
 6729 0008 00000000 		.4byte	0
 6730              	.LLRL0:
 6731 000c 05       		.byte	0x5
 6732 000d 00000000 		.4byte	.LBB86
 6733 0011 04       		.byte	0x4
 6734 0012 00       		.uleb128 .LBB86-.LBB86
 6735 0013 00       		.uleb128 .LBE86-.LBB86
 6736 0014 04       		.byte	0x4
 6737 0015 04       		.uleb128 .LBB89-.LBB86
 6738 0016 08       		.uleb128 .LBE89-.LBB86
 6739 0017 00       		.byte	0
 6740              	.LLRL5:
 6741 0018 05       		.byte	0x5
 6742 0019 00000000 		.4byte	.LBB103
 6743 001d 04       		.byte	0x4
 6744 001e 00       		.uleb128 .LBB103-.LBB103
 6745 001f 00       		.uleb128 .LBE103-.LBB103
 6746 0020 04       		.byte	0x4
 6747 0021 04       		.uleb128 .LBB108-.LBB103
 6748 0022 08       		.uleb128 .LBE108-.LBB103
 6749 0023 00       		.byte	0
 6750              	.LLRL9:
 6751 0024 05       		.byte	0x5
 6752 0025 10000000 		.4byte	.LBB111
 6753 0029 04       		.byte	0x4
 6754 002a 00       		.uleb128 .LBB111-.LBB111
 6755 002b 00       		.uleb128 .LBE111-.LBB111
 6756 002c 04       		.byte	0x4
 6757 002d 2C       		.uleb128 .LBB116-.LBB111
 6758 002e 2C       		.uleb128 .LBE116-.LBB111
 6759 002f 00       		.byte	0
 6760              	.LLRL16:
 6761 0030 05       		.byte	0x5
 6762 0031 08000000 		.4byte	.LBB121
 6763 0035 04       		.byte	0x4
 6764 0036 00       		.uleb128 .LBB121-.LBB121
 6765 0037 00       		.uleb128 .LBE121-.LBB121
 6766 0038 04       		.byte	0x4
 6767 0039 30       		.uleb128 .LBB126-.LBB121
 6768 003a 30       		.uleb128 .LBE126-.LBB121
 6769 003b 00       		.byte	0
 6770              	.LLRL22:
 6771 003c 07       		.byte	0x7
 6772 003d 04000000 		.4byte	.LBB146
 6773 0041 18       		.uleb128 .LBE146-.LBB146
 6774              	.LLRL24:
 6775 0042 05       		.byte	0x5
 6776 0043 24000000 		.4byte	.LBB175
 6777 0047 04       		.byte	0x4
 6778 0048 00       		.uleb128 .LBB175-.LBB175
 6779 0049 0C       		.uleb128 .LBE175-.LBB175
 6780 004a 04       		.byte	0x4
 6781 004b 10       		.uleb128 .LBB176-.LBB175
 6782 004c 38       		.uleb128 .LBE176-.LBB175
 6783 004d 00       		.byte	0
ARM GAS  /tmp/cckM0oFW.s 			page 120


 6784              	.LLRL26:
 6785 004e 05       		.byte	0x5
 6786 004f 24000000 		.4byte	.LBB149
 6787 0053 04       		.byte	0x4
 6788 0054 00       		.uleb128 .LBB149-.LBB149
 6789 0055 08       		.uleb128 .LBE149-.LBB149
 6790 0056 04       		.byte	0x4
 6791 0057 08       		.uleb128 .LBB163-.LBB149
 6792 0058 0C       		.uleb128 .LBE163-.LBB149
 6793 0059 04       		.byte	0x4
 6794 005a 10       		.uleb128 .LBB164-.LBB149
 6795 005b 38       		.uleb128 .LBE164-.LBB149
 6796 005c 00       		.byte	0
 6797              	.LLRL28:
 6798 005d 05       		.byte	0x5
 6799 005e 24000000 		.4byte	.LBB151
 6800 0062 04       		.byte	0x4
 6801 0063 00       		.uleb128 .LBB151-.LBB151
 6802 0064 08       		.uleb128 .LBE151-.LBB151
 6803 0065 04       		.byte	0x4
 6804 0066 08       		.uleb128 .LBB155-.LBB151
 6805 0067 0C       		.uleb128 .LBE155-.LBB151
 6806 0068 04       		.byte	0x4
 6807 0069 14       		.uleb128 .LBB159-.LBB151
 6808 006a 18       		.uleb128 .LBE159-.LBB151
 6809 006b 00       		.byte	0
 6810              	.LLRL29:
 6811 006c 05       		.byte	0x5
 6812 006d 34000000 		.4byte	.LBB156
 6813 0071 04       		.byte	0x4
 6814 0072 00       		.uleb128 .LBB156-.LBB156
 6815 0073 04       		.uleb128 .LBE156-.LBB156
 6816 0074 04       		.byte	0x4
 6817 0075 10       		.uleb128 .LBB160-.LBB156
 6818 0076 20       		.uleb128 .LBE160-.LBB156
 6819 0077 00       		.byte	0
 6820              	.LLRL32:
 6821 0078 05       		.byte	0x5
 6822 0079 1C000000 		.4byte	.LBB168
 6823 007d 04       		.byte	0x4
 6824 007e 00       		.uleb128 .LBB168-.LBB168
 6825 007f 04       		.uleb128 .LBE168-.LBB168
 6826 0080 04       		.byte	0x4
 6827 0081 40       		.uleb128 .LBB177-.LBB168
 6828 0082 44       		.uleb128 .LBE177-.LBB168
 6829 0083 00       		.byte	0
 6830              	.LLRL34:
 6831 0084 05       		.byte	0x5
 6832 0085 1C000000 		.4byte	.LBB185
 6833 0089 04       		.byte	0x4
 6834 008a 00       		.uleb128 .LBB185-.LBB185
 6835 008b 0C       		.uleb128 .LBE185-.LBB185
 6836 008c 04       		.byte	0x4
 6837 008d 10       		.uleb128 .LBB202-.LBB185
 6838 008e 38       		.uleb128 .LBE202-.LBB185
 6839 008f 00       		.byte	0
 6840              	.LLRL36:
ARM GAS  /tmp/cckM0oFW.s 			page 121


 6841 0090 05       		.byte	0x5
 6842 0091 1C000000 		.4byte	.LBB186
 6843 0095 04       		.byte	0x4
 6844 0096 00       		.uleb128 .LBB186-.LBB186
 6845 0097 08       		.uleb128 .LBE186-.LBB186
 6846 0098 04       		.byte	0x4
 6847 0099 08       		.uleb128 .LBB200-.LBB186
 6848 009a 0C       		.uleb128 .LBE200-.LBB186
 6849 009b 04       		.byte	0x4
 6850 009c 10       		.uleb128 .LBB201-.LBB186
 6851 009d 38       		.uleb128 .LBE201-.LBB186
 6852 009e 00       		.byte	0
 6853              	.LLRL38:
 6854 009f 05       		.byte	0x5
 6855 00a0 1C000000 		.4byte	.LBB188
 6856 00a4 04       		.byte	0x4
 6857 00a5 00       		.uleb128 .LBB188-.LBB188
 6858 00a6 08       		.uleb128 .LBE188-.LBB188
 6859 00a7 04       		.byte	0x4
 6860 00a8 08       		.uleb128 .LBB192-.LBB188
 6861 00a9 0C       		.uleb128 .LBE192-.LBB188
 6862 00aa 04       		.byte	0x4
 6863 00ab 14       		.uleb128 .LBB196-.LBB188
 6864 00ac 18       		.uleb128 .LBE196-.LBB188
 6865 00ad 00       		.byte	0
 6866              	.LLRL39:
 6867 00ae 05       		.byte	0x5
 6868 00af 2C000000 		.4byte	.LBB193
 6869 00b3 04       		.byte	0x4
 6870 00b4 00       		.uleb128 .LBB193-.LBB193
 6871 00b5 04       		.uleb128 .LBE193-.LBB193
 6872 00b6 04       		.byte	0x4
 6873 00b7 10       		.uleb128 .LBB197-.LBB193
 6874 00b8 20       		.uleb128 .LBE197-.LBB193
 6875 00b9 00       		.byte	0
 6876              	.LLRL45:
 6877 00ba 05       		.byte	0x5
 6878 00bb 08000000 		.4byte	.LBB223
 6879 00bf 04       		.byte	0x4
 6880 00c0 00       		.uleb128 .LBB223-.LBB223
 6881 00c1 18       		.uleb128 .LBE223-.LBB223
 6882 00c2 04       		.byte	0x4
 6883 00c3 20       		.uleb128 .LBB251-.LBB223
 6884 00c4 40       		.uleb128 .LBE251-.LBB223
 6885 00c5 04       		.byte	0x4
 6886 00c6 44       		.uleb128 .LBB252-.LBB223
 6887 00c7 5C       		.uleb128 .LBE252-.LBB223
 6888 00c8 00       		.byte	0
 6889              	.LLRL48:
 6890 00c9 05       		.byte	0x5
 6891 00ca 38000000 		.4byte	.LBB226
 6892 00ce 04       		.byte	0x4
 6893 00cf 00       		.uleb128 .LBB226-.LBB226
 6894 00d0 10       		.uleb128 .LBE226-.LBB226
 6895 00d1 04       		.byte	0x4
 6896 00d2 14       		.uleb128 .LBB241-.LBB226
 6897 00d3 2C       		.uleb128 .LBE241-.LBB226
ARM GAS  /tmp/cckM0oFW.s 			page 122


 6898 00d4 00       		.byte	0
 6899              	.LLRL52:
 6900 00d5 05       		.byte	0x5
 6901 00d6 38000000 		.4byte	.LBB229
 6902 00da 04       		.byte	0x4
 6903 00db 00       		.uleb128 .LBB229-.LBB229
 6904 00dc 08       		.uleb128 .LBE229-.LBB229
 6905 00dd 04       		.byte	0x4
 6906 00de 0C       		.uleb128 .LBB236-.LBB229
 6907 00df 10       		.uleb128 .LBE236-.LBB229
 6908 00e0 00       		.byte	0
 6909              	.LLRL53:
 6910 00e1 05       		.byte	0x5
 6911 00e2 40000000 		.4byte	.LBB232
 6912 00e6 04       		.byte	0x4
 6913 00e7 00       		.uleb128 .LBB232-.LBB232
 6914 00e8 04       		.uleb128 .LBE232-.LBB232
 6915 00e9 04       		.byte	0x4
 6916 00ea 10       		.uleb128 .LBB237-.LBB232
 6917 00eb 14       		.uleb128 .LBE237-.LBB232
 6918 00ec 04       		.byte	0x4
 6919 00ed 18       		.uleb128 .LBB238-.LBB232
 6920 00ee 20       		.uleb128 .LBE238-.LBB232
 6921 00ef 00       		.byte	0
 6922              	.LLRL56:
 6923 00f0 05       		.byte	0x5
 6924 00f1 20000000 		.4byte	.LBB244
 6925 00f5 04       		.byte	0x4
 6926 00f6 00       		.uleb128 .LBB244-.LBB244
 6927 00f7 04       		.uleb128 .LBE244-.LBB244
 6928 00f8 04       		.byte	0x4
 6929 00f9 44       		.uleb128 .LBB253-.LBB244
 6930 00fa 48       		.uleb128 .LBE253-.LBB244
 6931 00fb 00       		.byte	0
 6932              	.LLRL59:
 6933 00fc 05       		.byte	0x5
 6934 00fd 20000000 		.4byte	.LBB262
 6935 0101 04       		.byte	0x4
 6936 0102 00       		.uleb128 .LBB262-.LBB262
 6937 0103 08       		.uleb128 .LBE262-.LBB262
 6938 0104 04       		.byte	0x4
 6939 0105 30       		.uleb128 .LBB276-.LBB262
 6940 0106 3C       		.uleb128 .LBE276-.LBB262
 6941 0107 00       		.byte	0
 6942              	.LLRL63:
 6943 0108 05       		.byte	0x5
 6944 0109 28000000 		.4byte	.LBB266
 6945 010d 04       		.byte	0x4
 6946 010e 00       		.uleb128 .LBB266-.LBB266
 6947 010f 08       		.uleb128 .LBE266-.LBB266
 6948 0110 04       		.byte	0x4
 6949 0111 0C       		.uleb128 .LBB273-.LBB266
 6950 0112 10       		.uleb128 .LBE273-.LBB266
 6951 0113 00       		.byte	0
 6952              	.LLRL64:
 6953 0114 05       		.byte	0x5
 6954 0115 30000000 		.4byte	.LBB269
ARM GAS  /tmp/cckM0oFW.s 			page 123


 6955 0119 04       		.byte	0x4
 6956 011a 00       		.uleb128 .LBB269-.LBB269
 6957 011b 04       		.uleb128 .LBE269-.LBB269
 6958 011c 04       		.byte	0x4
 6959 011d 0C       		.uleb128 .LBB274-.LBB269
 6960 011e 10       		.uleb128 .LBE274-.LBB269
 6961 011f 04       		.byte	0x4
 6962 0120 14       		.uleb128 .LBB275-.LBB269
 6963 0121 1C       		.uleb128 .LBE275-.LBB269
 6964 0122 00       		.byte	0
 6965              	.LLRL68:
 6966 0123 05       		.byte	0x5
 6967 0124 18000000 		.4byte	.LBB280
 6968 0128 04       		.byte	0x4
 6969 0129 00       		.uleb128 .LBB280-.LBB280
 6970 012a 0C       		.uleb128 .LBE280-.LBB280
 6971 012b 04       		.byte	0x4
 6972 012c 28       		.uleb128 .LBB293-.LBB280
 6973 012d 2C       		.uleb128 .LBE293-.LBB280
 6974 012e 00       		.byte	0
 6975              	.LLRL69:
 6976 012f 05       		.byte	0x5
 6977 0130 24000000 		.4byte	.LBB287
 6978 0134 04       		.byte	0x4
 6979 0135 00       		.uleb128 .LBB287-.LBB287
 6980 0136 04       		.uleb128 .LBE287-.LBB287
 6981 0137 04       		.byte	0x4
 6982 0138 08       		.uleb128 .LBB291-.LBB287
 6983 0139 0C       		.uleb128 .LBE291-.LBB287
 6984 013a 04       		.byte	0x4
 6985 013b 10       		.uleb128 .LBB292-.LBB287
 6986 013c 18       		.uleb128 .LBE292-.LBB287
 6987 013d 00       		.byte	0
 6988              	.LLRL74:
 6989 013e 05       		.byte	0x5
 6990 013f 18000000 		.4byte	.LBB295
 6991 0143 04       		.byte	0x4
 6992 0144 00       		.uleb128 .LBB295-.LBB295
 6993 0145 00       		.uleb128 .LBE295-.LBB295
 6994 0146 04       		.byte	0x4
 6995 0147 04       		.uleb128 .LBB298-.LBB295
 6996 0148 14       		.uleb128 .LBE298-.LBB295
 6997 0149 00       		.byte	0
 6998              	.LLRL84:
 6999 014a 05       		.byte	0x5
 7000 014b 00000000 		.4byte	.LBB301
 7001 014f 04       		.byte	0x4
 7002 0150 00       		.uleb128 .LBB301-.LBB301
 7003 0151 00       		.uleb128 .LBE301-.LBB301
 7004 0152 04       		.byte	0x4
 7005 0153 08       		.uleb128 .LBB306-.LBB301
 7006 0154 0C       		.uleb128 .LBE306-.LBB301
 7007 0155 00       		.byte	0
 7008              	.LLRL85:
 7009 0156 05       		.byte	0x5
 7010 0157 3C000000 		.4byte	.LBB307
 7011 015b 04       		.byte	0x4
ARM GAS  /tmp/cckM0oFW.s 			page 124


 7012 015c 00       		.uleb128 .LBB307-.LBB307
 7013 015d 04       		.uleb128 .LBE307-.LBB307
 7014 015e 04       		.byte	0x4
 7015 015f 38       		.uleb128 .LBB321-.LBB307
 7016 0160 3C       		.uleb128 .LBE321-.LBB307
 7017 0161 00       		.byte	0
 7018              	.LLRL87:
 7019 0162 05       		.byte	0x5
 7020 0163 50000000 		.4byte	.LBB317
 7021 0167 04       		.byte	0x4
 7022 0168 00       		.uleb128 .LBB317-.LBB317
 7023 0169 04       		.uleb128 .LBE317-.LBB317
 7024 016a 04       		.byte	0x4
 7025 016b 08       		.uleb128 .LBB320-.LBB317
 7026 016c 18       		.uleb128 .LBE320-.LBB317
 7027 016d 00       		.byte	0
 7028              	.LLRL92:
 7029 016e 07       		.byte	0x7
 7030 016f 00000000 		.4byte	.LFB207
 7031 0173 0C       		.uleb128 .LFE207-.LFB207
 7032 0174 07       		.byte	0x7
 7033 0175 00000000 		.4byte	.LFB208
 7034 0179 04       		.uleb128 .LFE208-.LFB208
 7035 017a 07       		.byte	0x7
 7036 017b 00000000 		.4byte	.LFB209
 7037 017f 50       		.uleb128 .LFE209-.LFB209
 7038 0180 07       		.byte	0x7
 7039 0181 00000000 		.4byte	.LFB210
 7040 0185 44       		.uleb128 .LFE210-.LFB210
 7041 0186 07       		.byte	0x7
 7042 0187 00000000 		.4byte	.LFB211
 7043 018b 64       		.uleb128 .LFE211-.LFB211
 7044 018c 07       		.byte	0x7
 7045 018d 00000000 		.4byte	.LFB212
 7046 0191 58       		.uleb128 .LFE212-.LFB212
 7047 0192 07       		.byte	0x7
 7048 0193 00000000 		.4byte	.LFB213
 7049 0197 6C       		.uleb128 .LFE213-.LFB213
 7050 0198 07       		.byte	0x7
 7051 0199 00000000 		.4byte	.LFB214
 7052 019d 5C       		.uleb128 .LFE214-.LFB214
 7053 019e 07       		.byte	0x7
 7054 019f 00000000 		.4byte	.LFB215
 7055 01a3 48       		.uleb128 .LFE215-.LFB215
 7056 01a4 07       		.byte	0x7
 7057 01a5 00000000 		.4byte	.LFB216
 7058 01a9 34       		.uleb128 .LFE216-.LFB216
 7059 01aa 07       		.byte	0x7
 7060 01ab 00000000 		.4byte	.LFB217
 7061 01af 58       		.uleb128 .LFE217-.LFB217
 7062 01b0 07       		.byte	0x7
 7063 01b1 00000000 		.4byte	.LFB218
 7064 01b5 A001     		.uleb128 .LFE218-.LFB218
 7065 01b7 00       		.byte	0
 7066              	.Ldebug_ranges3:
 7067              		.section	.debug_line,"",%progbits
 7068              	.Ldebug_line0:
ARM GAS  /tmp/cckM0oFW.s 			page 125


 7069 0000 BF0C0000 		.section	.debug_str,"MS",%progbits,1
 7069      03005B02 
 7069      00000201 
 7069      FB0E0D00 
 7069      01010101 
 7070              	.LASF106:
 7071 0000 63737461 		.ascii	"cstack_base\000"
 7071      636B5F62 
 7071      61736500 
 7072              	.LASF127:
 7073 000c 63685365 		.ascii	"chSemWaitS\000"
 7073      6D576169 
 7073      745300
 7074              	.LASF98:
 7075 0017 77746D74 		.ascii	"wtmtxp\000"
 7075      787000
 7076              	.LASF130:
 7077 001e 63685365 		.ascii	"chSemResetWithMessage\000"
 7077      6D526573 
 7077      65745769 
 7077      74684D65 
 7077      73736167 
 7078              	.LASF38:
 7079 0034 64697370 		.ascii	"dispose\000"
 7079      6F736500 
 7080              	.LASF19:
 7081 003c 706F7274 		.ascii	"port_stkline_t\000"
 7081      5F73746B 
 7081      6C696E65 
 7081      5F7400
 7082              	.LASF86:
 7083 004b 63685F72 		.ascii	"ch_registry\000"
 7083      65676973 
 7083      74727900 
 7084              	.LASF34:
 7085 0057 666C6167 		.ascii	"flags\000"
 7085      7300
 7086              	.LASF64:
 7087 005d 73797374 		.ascii	"systime_t\000"
 7087      696D655F 
 7087      7400
 7088              	.LASF45:
 7089 0067 7265616C 		.ascii	"realprio\000"
 7089      7072696F 
 7089      00
 7090              	.LASF43:
 7091 0070 6570656E 		.ascii	"epending\000"
 7091      64696E67 
 7091      00
 7092              	.LASF1:
 7093 0079 756E7369 		.ascii	"unsigned int\000"
 7093      676E6564 
 7093      20696E74 
 7093      00
 7094              	.LASF71:
 7095 0086 6E657874 		.ascii	"next\000"
 7095      00
ARM GAS  /tmp/cckM0oFW.s 			page 126


 7096              	.LASF52:
 7097 008b 636F7265 		.ascii	"core_id\000"
 7097      5F696400 
 7098              	.LASF9:
 7099 0093 5F5F696E 		.ascii	"__int32_t\000"
 7099      7433325F 
 7099      7400
 7100              	.LASF35:
 7101 009d 72656673 		.ascii	"refs\000"
 7101      00
 7102              	.LASF95:
 7103 00a2 77746F62 		.ascii	"wtobjp\000"
 7103      6A7000
 7104              	.LASF141:
 7105 00a9 706F7274 		.ascii	"port_lock\000"
 7105      5F6C6F63 
 7105      6B00
 7106              	.LASF50:
 7107 00b3 76746C69 		.ascii	"vtlist\000"
 7107      737400
 7108              	.LASF68:
 7109 00ba 706F7274 		.ascii	"port_context\000"
 7109      5F636F6E 
 7109      74657874 
 7109      00
 7110              	.LASF102:
 7111 00c7 63685F72 		.ascii	"ch_ready_list\000"
 7111      65616479 
 7111      5F6C6973 
 7111      7400
 7112              	.LASF84:
 7113 00d5 6C617374 		.ascii	"laststamp\000"
 7113      7374616D 
 7113      7000
 7114              	.LASF99:
 7115 00df 65776D61 		.ascii	"ewmask\000"
 7115      736B00
 7116              	.LASF136:
 7117 00e6 63685F71 		.ascii	"ch_queue_insert\000"
 7117      75657565 
 7117      5F696E73 
 7117      65727400 
 7118              	.LASF74:
 7119 00f6 70726576 		.ascii	"prev\000"
 7119      00
 7120              	.LASF70:
 7121 00fb 63685F6C 		.ascii	"ch_list\000"
 7121      69737400 
 7122              	.LASF117:
 7123 0103 63685363 		.ascii	"chSchReadyI\000"
 7123      68526561 
 7123      64794900 
 7124              	.LASF61:
 7125 010f 63685F73 		.ascii	"ch_system_debug\000"
 7125      79737465 
 7125      6D5F6465 
 7125      62756700 
ARM GAS  /tmp/cckM0oFW.s 			page 127


 7126              	.LASF91:
 7127 011f 6C697374 		.ascii	"list\000"
 7127      00
 7128              	.LASF79:
 7129 0124 63685F64 		.ascii	"ch_delta_list\000"
 7129      656C7461 
 7129      5F6C6973 
 7129      7400
 7130              	.LASF17:
 7131 0132 75696E74 		.ascii	"uint32_t\000"
 7131      33325F74 
 7131      00
 7132              	.LASF42:
 7133 013b 73656E74 		.ascii	"sentmsg\000"
 7133      6D736700 
 7134              	.LASF26:
 7135 0143 6576656E 		.ascii	"eventmask_t\000"
 7135      746D6173 
 7135      6B5F7400 
 7136              	.LASF100:
 7137 014f 63685F73 		.ascii	"ch_semaphore\000"
 7137      656D6170 
 7137      686F7265 
 7137      00
 7138              	.LASF24:
 7139 015c 74707269 		.ascii	"tprio_t\000"
 7139      6F5F7400 
 7140              	.LASF121:
 7141 0164 63685365 		.ascii	"chSemSignalI\000"
 7141      6D536967 
 7141      6E616C49 
 7141      00
 7142              	.LASF110:
 7143 0171 6F735F69 		.ascii	"os_instance_config_t\000"
 7143      6E737461 
 7143      6E63655F 
 7143      636F6E66 
 7143      69675F74 
 7144              	.LASF125:
 7145 0186 63685365 		.ascii	"chSemSignalWait\000"
 7145      6D536967 
 7145      6E616C57 
 7145      61697400 
 7146              	.LASF67:
 7147 0196 66707363 		.ascii	"fpscr\000"
 7147      7200
 7148              	.LASF0:
 7149 019c 6C6F6E67 		.ascii	"long long unsigned int\000"
 7149      206C6F6E 
 7149      6720756E 
 7149      7369676E 
 7149      65642069 
 7150              	.LASF143:
 7151 01b3 2E2E2F2E 		.ascii	"../../../os/rt/src/chsem.c\000"
 7151      2E2F2E2E 
 7151      2F6F732F 
 7151      72742F73 
ARM GAS  /tmp/cckM0oFW.s 			page 128


 7151      72632F63 
 7152              	.LASF92:
 7153 01ce 70717565 		.ascii	"pqueue\000"
 7153      756500
 7154              	.LASF27:
 7155 01d5 636E745F 		.ascii	"cnt_t\000"
 7155      7400
 7156              	.LASF20:
 7157 01db 73746B6C 		.ascii	"stkline_t\000"
 7157      696E655F 
 7157      7400
 7158              	.LASF135:
 7159 01e5 63685379 		.ascii	"chSysUnlock\000"
 7159      73556E6C 
 7159      6F636B00 
 7160              	.LASF146:
 7161 01f1 63685468 		.ascii	"chThdGetSelfX\000"
 7161      64476574 
 7161      53656C66 
 7161      5800
 7162              	.LASF128:
 7163 01ff 63685365 		.ascii	"chSemWait\000"
 7163      6D576169 
 7163      7400
 7164              	.LASF30:
 7165 0209 6F776E65 		.ascii	"owner\000"
 7165      7200
 7166              	.LASF111:
 7167 020f 73656D61 		.ascii	"semaphore_t\000"
 7167      70686F72 
 7167      655F7400 
 7168              	.LASF129:
 7169 021b 63685365 		.ascii	"chSemResetWithMessageI\000"
 7169      6D526573 
 7169      65745769 
 7169      74684D65 
 7169      73736167 
 7170              	.LASF44:
 7171 0232 6D74786C 		.ascii	"mtxlist\000"
 7171      69737400 
 7172              	.LASF81:
 7173 023a 63685F76 		.ascii	"ch_virtual_timers_list\000"
 7173      69727475 
 7173      616C5F74 
 7173      696D6572 
 7173      735F6C69 
 7174              	.LASF53:
 7175 0251 72666375 		.ascii	"rfcu\000"
 7175      00
 7176              	.LASF29:
 7177 0256 74687265 		.ascii	"thread_t\000"
 7177      61645F74 
 7177      00
 7178              	.LASF123:
 7179 025f 63685365 		.ascii	"chSemWaitTimeoutS\000"
 7179      6D576169 
 7179      7454696D 
ARM GAS  /tmp/cckM0oFW.s 			page 129


 7179      656F7574 
 7179      5300
 7180              	.LASF93:
 7181 0271 7264796D 		.ascii	"rdymsg\000"
 7181      736700
 7182              	.LASF75:
 7183 0278 63685F70 		.ascii	"ch_priority_queue_t\000"
 7183      72696F72 
 7183      6974795F 
 7183      71756575 
 7183      655F7400 
 7184              	.LASF113:
 7185 028c 5F426F6F 		.ascii	"_Bool\000"
 7185      6C00
 7186              	.LASF133:
 7187 0292 63685F71 		.ascii	"ch_queue_lifo_remove\000"
 7187      75657565 
 7187      5F6C6966 
 7187      6F5F7265 
 7187      6D6F7665 
 7188              	.LASF39:
 7189 02a7 6F626A65 		.ascii	"object\000"
 7189      637400
 7190              	.LASF58:
 7191 02ae 63685F72 		.ascii	"ch_rfcu\000"
 7191      66637500 
 7192              	.LASF101:
 7193 02b6 63685F6D 		.ascii	"ch_mutex\000"
 7193      75746578 
 7193      00
 7194              	.LASF13:
 7195 02bf 5F5F7569 		.ascii	"__uint64_t\000"
 7195      6E743634 
 7195      5F7400
 7196              	.LASF118:
 7197 02ca 63757272 		.ascii	"currtp\000"
 7197      747000
 7198              	.LASF145:
 7199 02d1 63685363 		.ascii	"chSchRescheduleS\000"
 7199      68526573 
 7199      63686564 
 7199      756C6553 
 7199      00
 7200              	.LASF48:
 7201 02e2 63685F6F 		.ascii	"ch_os_instance\000"
 7201      735F696E 
 7201      7374616E 
 7201      636500
 7202              	.LASF139:
 7203 02f1 63685379 		.ascii	"chSysLock\000"
 7203      734C6F63 
 7203      6B00
 7204              	.LASF77:
 7205 02fb 7072696F 		.ascii	"prio\000"
 7205      00
 7206              	.LASF134:
 7207 0300 63685F71 		.ascii	"ch_queue_fifo_remove\000"
ARM GAS  /tmp/cckM0oFW.s 			page 130


 7207      75657565 
 7207      5F666966 
 7207      6F5F7265 
 7207      6D6F7665 
 7208              	.LASF14:
 7209 0315 63686172 		.ascii	"char\000"
 7209      00
 7210              	.LASF78:
 7211 031a 63685F64 		.ascii	"ch_delta_list_t\000"
 7211      656C7461 
 7211      5F6C6973 
 7211      745F7400 
 7212              	.LASF57:
 7213 032a 72666375 		.ascii	"rfcu_mask_t\000"
 7213      5F6D6173 
 7213      6B5F7400 
 7214              	.LASF89:
 7215 0336 74687265 		.ascii	"thread_reference_t\000"
 7215      61645F72 
 7215      65666572 
 7215      656E6365 
 7215      5F7400
 7216              	.LASF31:
 7217 0349 77616261 		.ascii	"wabase\000"
 7217      736500
 7218              	.LASF22:
 7219 0350 74737461 		.ascii	"tstate_t\000"
 7219      74655F74 
 7219      00
 7220              	.LASF37:
 7221 0359 72717565 		.ascii	"rqueue\000"
 7221      756500
 7222              	.LASF15:
 7223 0360 75696E74 		.ascii	"uint8_t\000"
 7223      385F7400 
 7224              	.LASF41:
 7225 0368 6D736771 		.ascii	"msgqueue\000"
 7225      75657565 
 7225      00
 7226              	.LASF47:
 7227 0371 63685F74 		.ascii	"ch_thread\000"
 7227      68726561 
 7227      6400
 7228              	.LASF63:
 7229 037b 73797374 		.ascii	"system_debug_t\000"
 7229      656D5F64 
 7229      65627567 
 7229      5F7400
 7230              	.LASF2:
 7231 038a 6C6F6E67 		.ascii	"long long int\000"
 7231      206C6F6E 
 7231      6720696E 
 7231      7400
 7232              	.LASF25:
 7233 0398 6D73675F 		.ascii	"msg_t\000"
 7233      7400
 7234              	.LASF120:
ARM GAS  /tmp/cckM0oFW.s 			page 131


 7235 039e 63685365 		.ascii	"chSemAddCounterI\000"
 7235      6D416464 
 7235      436F756E 
 7235      74657249 
 7235      00
 7236              	.LASF88:
 7237 03af 72656769 		.ascii	"registry_t\000"
 7237      73747279 
 7237      5F7400
 7238              	.LASF131:
 7239 03ba 63685365 		.ascii	"chSemObjectDispose\000"
 7239      6D4F626A 
 7239      65637444 
 7239      6973706F 
 7239      736500
 7240              	.LASF109:
 7241 03cd 69646C65 		.ascii	"idlestack_end\000"
 7241      73746163 
 7241      6B5F656E 
 7241      6400
 7242              	.LASF59:
 7243 03db 6D61736B 		.ascii	"mask\000"
 7243      00
 7244              	.LASF90:
 7245 03e0 74687265 		.ascii	"thread_dispose_t\000"
 7245      61645F64 
 7245      6973706F 
 7245      73655F74 
 7245      00
 7246              	.LASF65:
 7247 03f1 73797369 		.ascii	"sysinterval_t\000"
 7247      6E746572 
 7247      76616C5F 
 7247      7400
 7248              	.LASF72:
 7249 03ff 63685F71 		.ascii	"ch_queue_t\000"
 7249      75657565 
 7249      5F7400
 7250              	.LASF62:
 7251 040a 70616E69 		.ascii	"panic_msg\000"
 7251      635F6D73 
 7251      6700
 7252              	.LASF108:
 7253 0414 69646C65 		.ascii	"idlestack_base\000"
 7253      73746163 
 7253      6B5F6261 
 7253      736500
 7254              	.LASF21:
 7255 0423 746D6F64 		.ascii	"tmode_t\000"
 7255      655F7400 
 7256              	.LASF83:
 7257 042b 73797374 		.ascii	"systime\000"
 7257      696D6500 
 7258              	.LASF55:
 7259 0433 69646C65 		.ascii	"idlethread\000"
 7259      74687265 
 7259      616400
ARM GAS  /tmp/cckM0oFW.s 			page 132


 7260              	.LASF3:
 7261 043e 6C6F6E67 		.ascii	"long double\000"
 7261      20646F75 
 7261      626C6500 
 7262              	.LASF69:
 7263 044a 63685F6C 		.ascii	"ch_list_t\000"
 7263      6973745F 
 7263      7400
 7264              	.LASF54:
 7265 0454 636F6E66 		.ascii	"config\000"
 7265      696700
 7266              	.LASF6:
 7267 045b 73686F72 		.ascii	"short int\000"
 7267      7420696E 
 7267      7400
 7268              	.LASF10:
 7269 0465 6C6F6E67 		.ascii	"long int\000"
 7269      20696E74 
 7269      00
 7270              	.LASF66:
 7271 046e 706F7274 		.ascii	"port_intctx\000"
 7271      5F696E74 
 7271      63747800 
 7272              	.LASF142:
 7273 047a 474E5520 		.ascii	"GNU C17 13.3.1 20240614 -mcpu=cortex-r8 -mfloat-abi"
 7273      43313720 
 7273      31332E33 
 7273      2E312032 
 7273      30323430 
 7274 04ad 3D686172 		.ascii	"=hard -mfpu=vfpv3-d16 -mno-thumb-interwork -marm -m"
 7274      64202D6D 
 7274      6670753D 
 7274      76667076 
 7274      332D6431 
 7275 04e0 61726368 		.ascii	"arch=armv7-r+fp+idiv -ggdb -O2 -fomit-frame-pointer"
 7275      3D61726D 
 7275      76372D72 
 7275      2B66702B 
 7275      69646976 
 7276 0513 202D6661 		.ascii	" -falign-functions=16 -ffunction-sections -fdata-se"
 7276      6C69676E 
 7276      2D66756E 
 7276      6374696F 
 7276      6E733D31 
 7277 0546 6374696F 		.ascii	"ctions -fno-common\000"
 7277      6E73202D 
 7277      666E6F2D 
 7277      636F6D6D 
 7277      6F6E00
 7278              	.LASF32:
 7279 0559 7761656E 		.ascii	"waend\000"
 7279      6400
 7280              	.LASF107:
 7281 055f 63737461 		.ascii	"cstack_end\000"
 7281      636B5F65 
 7281      6E6400
 7282              	.LASF105:
ARM GAS  /tmp/cckM0oFW.s 			page 133


 7283 056a 63685F6F 		.ascii	"ch_os_instance_config\000"
 7283      735F696E 
 7283      7374616E 
 7283      63655F63 
 7283      6F6E6669 
 7284              	.LASF82:
 7285 0580 646C6973 		.ascii	"dlist\000"
 7285      7400
 7286              	.LASF18:
 7287 0586 75696E74 		.ascii	"uint64_t\000"
 7287      36345F74 
 7287      00
 7288              	.LASF137:
 7289 058f 63685F71 		.ascii	"ch_queue_notempty\000"
 7289      75657565 
 7289      5F6E6F74 
 7289      656D7074 
 7289      7900
 7290              	.LASF49:
 7291 05a1 726C6973 		.ascii	"rlist\000"
 7291      7400
 7292              	.LASF8:
 7293 05a7 5F5F7569 		.ascii	"__uint8_t\000"
 7293      6E74385F 
 7293      7400
 7294              	.LASF36:
 7295 05b1 6E616D65 		.ascii	"name\000"
 7295      00
 7296              	.LASF115:
 7297 05b6 63685363 		.ascii	"chSchGoSleepS\000"
 7297      68476F53 
 7297      6C656570 
 7297      5300
 7298              	.LASF122:
 7299 05c4 63685365 		.ascii	"chSemSignal\000"
 7299      6D536967 
 7299      6E616C00 
 7300              	.LASF23:
 7301 05d0 74726566 		.ascii	"trefs_t\000"
 7301      735F7400 
 7302              	.LASF12:
 7303 05d8 6C6F6E67 		.ascii	"long unsigned int\000"
 7303      20756E73 
 7303      69676E65 
 7303      6420696E 
 7303      7400
 7304              	.LASF104:
 7305 05ea 72656164 		.ascii	"ready_list_t\000"
 7305      795F6C69 
 7305      73745F74 
 7305      00
 7306              	.LASF116:
 7307 05f7 63685363 		.ascii	"chSchGoSleepTimeoutS\000"
 7307      68476F53 
 7307      6C656570 
 7307      54696D65 
 7307      6F757453 
ARM GAS  /tmp/cckM0oFW.s 			page 134


 7308              	.LASF87:
 7309 060c 71756575 		.ascii	"queue\000"
 7309      6500
 7310              	.LASF16:
 7311 0612 696E7433 		.ascii	"int32_t\000"
 7311      325F7400 
 7312              	.LASF60:
 7313 061a 72666375 		.ascii	"rfcu_t\000"
 7313      5F7400
 7314              	.LASF97:
 7315 0621 77747365 		.ascii	"wtsemp\000"
 7315      6D7000
 7316              	.LASF76:
 7317 0628 63685F70 		.ascii	"ch_priority_queue\000"
 7317      72696F72 
 7317      6974795F 
 7317      71756575 
 7317      6500
 7318              	.LASF73:
 7319 063a 63685F71 		.ascii	"ch_queue\000"
 7319      75657565 
 7319      00
 7320              	.LASF112:
 7321 0643 6D757465 		.ascii	"mutex_t\000"
 7321      785F7400 
 7322              	.LASF138:
 7323 064b 63685F71 		.ascii	"ch_queue_init\000"
 7323      75657565 
 7323      5F696E69 
 7323      7400
 7324              	.LASF126:
 7325 0659 63685365 		.ascii	"chSemWaitTimeout\000"
 7325      6D576169 
 7325      7454696D 
 7325      656F7574 
 7325      00
 7326              	.LASF5:
 7327 066a 756E7369 		.ascii	"unsigned char\000"
 7327      676E6564 
 7327      20636861 
 7327      7200
 7328              	.LASF11:
 7329 0678 5F5F7569 		.ascii	"__uint32_t\000"
 7329      6E743332 
 7329      5F7400
 7330              	.LASF40:
 7331 0683 77616974 		.ascii	"waiting\000"
 7331      696E6700 
 7332              	.LASF85:
 7333 068b 76697274 		.ascii	"virtual_timers_list_t\000"
 7333      75616C5F 
 7333      74696D65 
 7333      72735F6C 
 7333      6973745F 
 7334              	.LASF124:
 7335 06a1 74696D65 		.ascii	"timeout\000"
 7335      6F757400 
ARM GAS  /tmp/cckM0oFW.s 			page 135


 7336              	.LASF144:
 7337 06a9 2F686F6D 		.ascii	"/home/emirhan/Documents/gemstone/chibiOS-port/Chibi"
 7337      652F656D 
 7337      69726861 
 7337      6E2F446F 
 7337      63756D65 
 7338 06dc 4F532F64 		.ascii	"OS/demos/various/RT-ARMCR8-GENERIC\000"
 7338      656D6F73 
 7338      2F766172 
 7338      696F7573 
 7338      2F52542D 
 7339              	.LASF132:
 7340 06ff 63685365 		.ascii	"chSemObjectInit\000"
 7340      6D4F626A 
 7340      65637449 
 7340      6E697400 
 7341              	.LASF114:
 7342 070f 63685363 		.ascii	"chSchWakeupS\000"
 7342      6857616B 
 7342      65757053 
 7342      00
 7343              	.LASF56:
 7344 071c 6D61696E 		.ascii	"mainthread\000"
 7344      74687265 
 7344      616400
 7345              	.LASF33:
 7346 0727 73746174 		.ascii	"state\000"
 7346      6500
 7347              	.LASF46:
 7348 072d 6F735F69 		.ascii	"os_instance_t\000"
 7348      6E737461 
 7348      6E63655F 
 7348      7400
 7349              	.LASF51:
 7350 073b 7265676C 		.ascii	"reglist\000"
 7350      69737400 
 7351              	.LASF96:
 7352 0743 77747472 		.ascii	"wttrp\000"
 7352      7000
 7353              	.LASF4:
 7354 0749 7369676E 		.ascii	"signed char\000"
 7354      65642063 
 7354      68617200 
 7355              	.LASF80:
 7356 0755 64656C74 		.ascii	"delta\000"
 7356      6100
 7357              	.LASF7:
 7358 075b 73686F72 		.ascii	"short unsigned int\000"
 7358      7420756E 
 7358      7369676E 
 7358      65642069 
 7358      6E7400
 7359              	.LASF103:
 7360 076e 63757272 		.ascii	"current\000"
 7360      656E7400 
 7361              	.LASF119:
 7362 0776 5F5F6675 		.ascii	"__func__\000"
ARM GAS  /tmp/cckM0oFW.s 			page 136


 7362      6E635F5F 
 7362      00
 7363              	.LASF140:
 7364 077f 706F7274 		.ascii	"port_unlock\000"
 7364      5F756E6C 
 7364      6F636B00 
 7365              	.LASF94:
 7366 078b 65786974 		.ascii	"exitcode\000"
 7366      636F6465 
 7366      00
 7367              	.LASF28:
 7368 0794 636F7265 		.ascii	"core_id_t\000"
 7368      5F69645F 
 7368      7400
 7369              		.ident	"GCC: (Arm GNU Toolchain 13.3.Rel1 (Build arm-13.24)) 13.3.1 20240614"
ARM GAS  /tmp/cckM0oFW.s 			page 137


DEFINED SYMBOLS
                            *ABS*:00000000 chsem.c
     /tmp/cckM0oFW.s:21     .text.chSemObjectInit:00000000 $a
     /tmp/cckM0oFW.s:27     .text.chSemObjectInit:00000000 chSemObjectInit
     /tmp/cckM0oFW.s:62     .text.chSemObjectDispose:00000000 $a
     /tmp/cckM0oFW.s:68     .text.chSemObjectDispose:00000000 chSemObjectDispose
     /tmp/cckM0oFW.s:89     .text.chSemResetWithMessage:00000000 $a
     /tmp/cckM0oFW.s:95     .text.chSemResetWithMessage:00000000 chSemResetWithMessage
     /tmp/cckM0oFW.s:256    .text.chSemResetWithMessageI:00000000 $a
     /tmp/cckM0oFW.s:262    .text.chSemResetWithMessageI:00000000 chSemResetWithMessageI
     /tmp/cckM0oFW.s:353    .text.chSemWait:00000000 $a
     /tmp/cckM0oFW.s:359    .text.chSemWait:00000000 chSemWait
     /tmp/cckM0oFW.s:578    .text.chSemWaitS:00000000 $a
     /tmp/cckM0oFW.s:584    .text.chSemWaitS:00000000 chSemWaitS
     /tmp/cckM0oFW.s:711    .text.chSemWaitTimeout:00000000 $a
     /tmp/cckM0oFW.s:717    .text.chSemWaitTimeout:00000000 chSemWaitTimeout
     /tmp/cckM0oFW.s:939    .text.chSemWaitTimeoutS:00000000 $a
     /tmp/cckM0oFW.s:945    .text.chSemWaitTimeoutS:00000000 chSemWaitTimeoutS
     /tmp/cckM0oFW.s:1066   .text.chSemSignal:00000000 $a
     /tmp/cckM0oFW.s:1072   .text.chSemSignal:00000000 chSemSignal
     /tmp/cckM0oFW.s:1217   .text.chSemSignalI:00000000 $a
     /tmp/cckM0oFW.s:1223   .text.chSemSignalI:00000000 chSemSignalI
     /tmp/cckM0oFW.s:1295   .text.chSemAddCounterI:00000000 $a
     /tmp/cckM0oFW.s:1301   .text.chSemAddCounterI:00000000 chSemAddCounterI
     /tmp/cckM0oFW.s:1392   .text.chSemSignalWait:00000000 $a
     /tmp/cckM0oFW.s:1398   .text.chSemSignalWait:00000000 chSemSignalWait

UNDEFINED SYMBOLS
chSchReadyI
chSchRescheduleS
ch0
chSchGoSleepS
chSchGoSleepTimeoutS
chSchWakeupS
