ARM GAS  /tmp/ccrfHNBB.s 			page 1


   1              		.cpu cortex-r8
   2              		.arch armv7-r
   3              		.fpu vfpv3-d16
   4              		.arch_extension idiv
   5              		.eabi_attribute 28, 1
   6              		.eabi_attribute 20, 1
   7              		.eabi_attribute 21, 1
   8              		.eabi_attribute 23, 3
   9              		.eabi_attribute 24, 1
  10              		.eabi_attribute 25, 1
  11              		.eabi_attribute 26, 1
  12              		.eabi_attribute 30, 2
  13              		.eabi_attribute 34, 1
  14              		.eabi_attribute 18, 4
  15              		.file	"chthreads.c"
  16              		.text
  17              	.Ltext0:
  18              		.cfi_sections	.debug_frame
  19              		.file 1 "../../../os/rt/src/chthreads.c"
  20              		.section	.text.chThdObjectInit,"ax",%progbits
  21              		.align	2
  22              		.p2align 4,,15
  23              		.global	chThdObjectInit
  24              		.syntax unified
  25              		.arm
  26              		.type	chThdObjectInit, %function
  27              	chThdObjectInit:
  28              	.LVL0:
  29              	.LFB207:
  30              		.loc 1 116 59 view -0
  31              		.cfi_startproc
  32              		@ args = 0, pretend = 0, frame = 0
  33              		@ frame_needed = 0, uses_anonymous_args = 0
  34              		.loc 1 118 3 view .LVU1
  35              		.loc 1 118 3 view .LVU2
  36              		.loc 1 118 3 discriminator 5 view .LVU3
  37              		.loc 1 119 3 view .LVU4
  38              		.loc 1 119 3 view .LVU5
  39              		.loc 1 119 3 discriminator 5 view .LVU6
  40              		.loc 1 122 3 view .LVU7
  41              		.loc 1 127 25 is_stmt 0 view .LVU8
  42 0000 0220A0E3 		mov	r2, #2
  43              		.loc 1 116 59 view .LVU9
  44 0004 70402DE9 		push	{r4, r5, r6, lr}
  45              		.cfi_def_cfa_offset 16
  46              		.cfi_offset 4, -16
  47              		.cfi_offset 5, -12
  48              		.cfi_offset 6, -8
  49              		.cfi_offset 14, -4
  50              		.loc 1 136 25 view .LVU10
  51 0008 00C0A0E3 		mov	ip, #0
  52              		.loc 1 133 25 view .LVU11
  53 000c 00E000E3 		movw	lr, #:lower16:ch0
  54              		.loc 1 122 27 view .LVU12
  55 0010 084091E5 		ldr	r4, [r1, #8]
  56              		.loc 1 123 3 is_stmt 1 view .LVU13
  57              		.loc 1 164 25 is_stmt 0 view .LVU14
ARM GAS  /tmp/ccrfHNBB.s 			page 2


  58 0014 0150A0E3 		mov	r5, #1
  59              		.loc 1 122 14 view .LVU15
  60 0018 046091E5 		ldr	r6, [r1, #4]
  61 001c 184080E5 		str	r4, [r0, #24]
  62              		.loc 1 126 3 is_stmt 1 view .LVU16
  63              		.loc 1 126 30 is_stmt 0 view .LVU17
  64 0020 0C4091E5 		ldr	r4, [r1, #12]
  65              		.loc 1 127 25 view .LVU18
  66 0024 BC21C0E1 		strh	r2, [r0, #28]	@ movhi
  67              		.loc 1 129 10 view .LVU19
  68 0028 182091E5 		ldr	r2, [r1, #24]
  69              		.loc 1 133 25 view .LVU20
  70 002c 00E040E3 		movt	lr, #:upper16:ch0
  71 0030 0C0052E1 		cmp	r2, ip
  72 0034 0E20A001 		moveq	r2, lr
  73              		.loc 1 164 25 view .LVU21
  74 0038 1E50C0E5 		strb	r5, [r0, #30]
  75              		.loc 1 165 25 view .LVU22
  76 003c 001091E5 		ldr	r1, [r1]
  77              	.LVL1:
  78              		.loc 1 122 14 view .LVU23
  79 0040 146080E5 		str	r6, [r0, #20]
  80              		.loc 1 165 25 view .LVU24
  81 0044 201080E5 		str	r1, [r0, #32]
  82              		.loc 1 170 3 view .LVU25
  83 0048 3C1080E2 		add	r1, r0, #60
  84              	.LBB230:
  85              	.LBB231:
  86              		.file 2 "../../../os/rt/include/chlists.h"
  87              		.loc 2 285 12 view .LVU26
  88 004c 3C1080E5 		str	r1, [r0, #60]
  89              		.loc 2 286 12 view .LVU27
  90 0050 401080E5 		str	r1, [r0, #64]
  91              	.LBE231:
  92              	.LBE230:
  93              		.loc 1 143 3 view .LVU28
  94 0054 381080E2 		add	r1, r0, #56
  95              		.loc 1 126 25 view .LVU29
  96 0058 084080E5 		str	r4, [r0, #8]
  97              		.loc 1 127 3 is_stmt 1 view .LVU30
  98              		.loc 1 128 3 view .LVU31
  99              		.loc 1 129 3 view .LVU32
 100              		.loc 1 148 25 is_stmt 0 view .LVU33
 101 005c 504080E5 		str	r4, [r0, #80]
 102              		.loc 1 136 25 view .LVU34
 103 0060 2CC080E5 		str	ip, [r0, #44]
 104              		.loc 1 137 25 view .LVU35
 105 0064 30C080E5 		str	ip, [r0, #48]
 106              		.loc 1 149 25 view .LVU36
 107 0068 4CC080E5 		str	ip, [r0, #76]
 108              		.loc 1 154 25 view .LVU37
 109 006c 48C080E5 		str	ip, [r0, #72]
 110              	.LBB233:
 111              	.LBB234:
 112              		.loc 2 214 12 view .LVU38
 113 0070 381080E5 		str	r1, [r0, #56]
 114 0074 102080E5 		str	r2, [r0, #16]
ARM GAS  /tmp/ccrfHNBB.s 			page 3


 115              	.LBE234:
 116              	.LBE233:
 117              		.loc 1 136 3 is_stmt 1 view .LVU39
 118              		.loc 1 137 3 view .LVU40
 119              		.loc 1 143 3 view .LVU41
 120              	.LVL2:
 121              	.LBB236:
 122              	.LBI233:
 123              		.loc 2 212 20 view .LVU42
 124              	.LBB235:
 125              		.loc 2 214 3 view .LVU43
 126              		.loc 2 214 3 is_stmt 0 view .LVU44
 127              	.LBE235:
 128              	.LBE236:
 129              		.loc 1 148 3 is_stmt 1 view .LVU45
 130              		.loc 1 149 3 view .LVU46
 131              		.loc 1 154 3 view .LVU47
 132              		.loc 1 164 3 view .LVU48
 133              		.loc 1 165 3 view .LVU49
 134              		.loc 1 170 3 view .LVU50
 135              	.LBB237:
 136              	.LBI230:
 137              		.loc 2 283 20 view .LVU51
 138              	.LBB232:
 139              		.loc 2 285 3 view .LVU52
 140              		.loc 2 286 3 view .LVU53
 141              		.loc 2 286 3 is_stmt 0 view .LVU54
 142              	.LBE232:
 143              	.LBE237:
 144              		.loc 1 179 3 is_stmt 1 view .LVU55
 145              		.loc 1 179 3 view .LVU56
 146              		.loc 1 179 3 view .LVU57
 147              		.loc 1 181 3 view .LVU58
 148              		.loc 1 182 1 is_stmt 0 view .LVU59
 149 0078 7080BDE8 		pop	{r4, r5, r6, pc}
 150              		.cfi_endproc
 151              	.LFE207:
 152              		.size	chThdObjectInit, .-chThdObjectInit
 153              		.section	.text.chThdObjectDispose,"ax",%progbits
 154              		.align	2
 155              		.p2align 4,,15
 156              		.global	chThdObjectDispose
 157              		.syntax unified
 158              		.arm
 159              		.type	chThdObjectDispose, %function
 160              	chThdObjectDispose:
 161              	.LVL3:
 162              	.LFB208:
 163              		.loc 1 199 39 is_stmt 1 view -0
 164              		.cfi_startproc
 165              		@ args = 0, pretend = 0, frame = 0
 166              		@ frame_needed = 0, uses_anonymous_args = 0
 167              		@ link register save eliminated.
 168              		.loc 1 201 3 view .LVU61
 169              		.loc 1 201 3 view .LVU62
 170              		.loc 1 201 3 discriminator 5 view .LVU63
 171              		.loc 1 204 32 view .LVU64
ARM GAS  /tmp/ccrfHNBB.s 			page 4


 172              		.loc 1 207 34 view .LVU65
 173              		.loc 1 211 3 view .LVU66
 174              		.loc 1 211 3 view .LVU67
 175              		.loc 1 211 3 discriminator 5 view .LVU68
 176              		.loc 1 214 3 view .LVU69
 177              		.loc 1 214 3 view .LVU70
 178              		.loc 1 214 3 discriminator 5 view .LVU71
 179              		.loc 1 217 3 view .LVU72
 180              		.loc 1 217 3 view .LVU73
 181              		.loc 1 217 3 discriminator 5 view .LVU74
 182              		.loc 1 220 3 view .LVU75
 183              		.loc 1 220 3 view .LVU76
 184              		.loc 1 220 3 discriminator 5 view .LVU77
 185              		.loc 1 226 1 is_stmt 0 view .LVU78
 186 0000 1EFF2FE1 		bx	lr
 187              		.cfi_endproc
 188              	.LFE208:
 189              		.size	chThdObjectDispose, .-chThdObjectDispose
 190              		.section	.text.chThdSpawnSuspendedI,"ax",%progbits
 191              		.align	2
 192              		.p2align 4,,15
 193              		.global	chThdSpawnSuspendedI
 194              		.syntax unified
 195              		.arm
 196              		.type	chThdSpawnSuspendedI, %function
 197              	chThdSpawnSuspendedI:
 198              	.LVL4:
 199              	.LFB209:
 200              		.loc 1 248 64 is_stmt 1 view -0
 201              		.cfi_startproc
 202              		@ args = 0, pretend = 0, frame = 0
 203              		@ frame_needed = 0, uses_anonymous_args = 0
 204              		.loc 1 250 3 view .LVU80
 205              		.loc 1 250 3 view .LVU81
 206              		.loc 1 250 3 discriminator 5 view .LVU82
 207              		.loc 1 251 3 view .LVU83
 208              		.loc 1 251 3 view .LVU84
 209              		.loc 1 251 3 discriminator 5 view .LVU85
 210              		.loc 1 254 3 view .LVU86
 211              		.loc 1 254 3 view .LVU87
 212              		.loc 1 254 3 discriminator 25 view .LVU88
 213              		.loc 1 261 3 view .LVU89
 214              	.LBB248:
 215              	.LBB249:
 216              		.loc 1 127 25 is_stmt 0 view .LVU90
 217 0000 0220A0E3 		mov	r2, #2
 218              	.LBE249:
 219              	.LBE248:
 220              		.loc 1 248 64 view .LVU91
 221 0004 F0402DE9 		push	{r4, r5, r6, r7, lr}
 222              		.cfi_def_cfa_offset 20
 223              		.cfi_offset 4, -20
 224              		.cfi_offset 5, -16
 225              		.cfi_offset 6, -12
 226              		.cfi_offset 7, -8
 227              		.cfi_offset 14, -4
 228              	.LBB266:
ARM GAS  /tmp/ccrfHNBB.s 			page 5


 229              	.LBB260:
 230              		.loc 1 136 25 view .LVU92
 231 0008 00E0A0E3 		mov	lr, #0
 232              	.LVL5:
 233              		.loc 1 136 25 view .LVU93
 234              	.LBE260:
 235              	.LBI248:
 236              		.loc 1 115 11 is_stmt 1 view .LVU94
 237              	.LBB261:
 238              		.loc 1 118 3 view .LVU95
 239              		.loc 1 118 3 view .LVU96
 240              		.loc 1 118 3 discriminator 5 view .LVU97
 241              		.loc 1 119 3 view .LVU98
 242              		.loc 1 119 3 view .LVU99
 243              		.loc 1 119 3 discriminator 5 view .LVU100
 244              		.loc 1 122 3 view .LVU101
 245              		.loc 1 133 25 is_stmt 0 view .LVU102
 246 000c 005000E3 		movw	r5, #:lower16:ch0
 247              		.loc 1 122 14 view .LVU103
 248 0010 04C091E5 		ldr	ip, [r1, #4]
 249              		.loc 1 164 25 view .LVU104
 250 0014 0170A0E3 		mov	r7, #1
 251              		.loc 1 126 30 view .LVU105
 252 0018 0C6091E5 		ldr	r6, [r1, #12]
 253              		.loc 1 122 14 view .LVU106
 254 001c 14C080E5 		str	ip, [r0, #20]
 255              		.loc 1 123 3 is_stmt 1 view .LVU107
 256              		.loc 1 123 27 is_stmt 0 view .LVU108
 257 0020 08C091E5 		ldr	ip, [r1, #8]
 258              		.loc 1 127 25 view .LVU109
 259 0024 BC21C0E1 		strh	r2, [r0, #28]	@ movhi
 260              		.loc 1 129 10 view .LVU110
 261 0028 182091E5 		ldr	r2, [r1, #24]
 262              		.loc 1 133 25 view .LVU111
 263 002c 005040E3 		movt	r5, #:upper16:ch0
 264 0030 0E0052E1 		cmp	r2, lr
 265              	.LBE261:
 266              	.LBE266:
 267              		.loc 1 264 3 view .LVU112
 268 0034 004000E3 		movw	r4, #:lower16:__port_thread_start
 269              	.LBB267:
 270              	.LBB262:
 271              		.loc 1 133 25 view .LVU113
 272 0038 0520A001 		moveq	r2, r5
 273              		.loc 1 164 25 view .LVU114
 274 003c 1E70C0E5 		strb	r7, [r0, #30]
 275              		.loc 1 126 25 view .LVU115
 276 0040 086080E5 		str	r6, [r0, #8]
 277              		.loc 1 148 25 view .LVU116
 278 0044 506080E5 		str	r6, [r0, #80]
 279              		.loc 1 165 25 view .LVU117
 280 0048 006091E5 		ldr	r6, [r1]
 281              		.loc 1 170 3 view .LVU118
 282 004c 3C5080E2 		add	r5, r0, #60
 283              	.LBB250:
 284              	.LBB251:
 285              		.loc 2 286 12 view .LVU119
ARM GAS  /tmp/ccrfHNBB.s 			page 6


 286 0050 405080E5 		str	r5, [r0, #64]
 287              	.LBE251:
 288              	.LBE250:
 289              		.loc 1 165 25 view .LVU120
 290 0054 206080E5 		str	r6, [r0, #32]
 291              	.LBB254:
 292              	.LBB252:
 293              		.loc 2 285 12 view .LVU121
 294 0058 3C5080E5 		str	r5, [r0, #60]
 295              	.LBE252:
 296              	.LBE254:
 297              	.LBE262:
 298              	.LBE267:
 299              		.loc 1 264 3 view .LVU122
 300 005c 106091E5 		ldr	r6, [r1, #16]
 301 0060 145091E5 		ldr	r5, [r1, #20]
 302              	.LBB268:
 303              	.LBB263:
 304              		.loc 1 143 3 view .LVU123
 305 0064 387080E2 		add	r7, r0, #56
 306              	.LBB255:
 307              	.LBB256:
 308              		.loc 2 214 12 view .LVU124
 309 0068 387080E5 		str	r7, [r0, #56]
 310              	.LBE256:
 311              	.LBE255:
 312              	.LBE263:
 313              	.LBE268:
 314              		.loc 1 264 3 view .LVU125
 315 006c 004040E3 		movt	r4, #:upper16:__port_thread_start
 316 0070 A8704CE2 		sub	r7, ip, #168
 317              	.LBB269:
 318              	.LBB264:
 319              		.loc 1 123 14 view .LVU126
 320 0074 18C080E5 		str	ip, [r0, #24]
 321              		.loc 1 126 3 is_stmt 1 view .LVU127
 322              		.loc 1 127 3 view .LVU128
 323              		.loc 1 128 3 view .LVU129
 324              		.loc 1 129 3 view .LVU130
 325              		.loc 1 136 25 is_stmt 0 view .LVU131
 326 0078 2CE080E5 		str	lr, [r0, #44]
 327              		.loc 1 137 25 view .LVU132
 328 007c 30E080E5 		str	lr, [r0, #48]
 329              		.loc 1 149 25 view .LVU133
 330 0080 4CE080E5 		str	lr, [r0, #76]
 331              		.loc 1 154 25 view .LVU134
 332 0084 48E080E5 		str	lr, [r0, #72]
 333              	.LBE264:
 334              	.LBE269:
 335              		.loc 1 264 3 view .LVU135
 336 0088 0C7080E5 		str	r7, [r0, #12]
 337 008c 102080E5 		str	r2, [r0, #16]
 338              	.LBB270:
 339              	.LBB265:
 340              		.loc 1 136 3 is_stmt 1 view .LVU136
 341              		.loc 1 137 3 view .LVU137
 342              		.loc 1 143 3 view .LVU138
ARM GAS  /tmp/ccrfHNBB.s 			page 7


 343              	.LVL6:
 344              	.LBB258:
 345              	.LBI255:
 346              		.loc 2 212 20 view .LVU139
 347              	.LBB257:
 348              		.loc 2 214 3 view .LVU140
 349              		.loc 2 214 3 is_stmt 0 view .LVU141
 350              	.LBE257:
 351              	.LBE258:
 352              		.loc 1 148 3 is_stmt 1 view .LVU142
 353              		.loc 1 149 3 view .LVU143
 354              		.loc 1 154 3 view .LVU144
 355              		.loc 1 164 3 view .LVU145
 356              		.loc 1 165 3 view .LVU146
 357              		.loc 1 170 3 view .LVU147
 358              	.LBB259:
 359              	.LBI250:
 360              		.loc 2 283 20 view .LVU148
 361              	.LBB253:
 362              		.loc 2 285 3 view .LVU149
 363              		.loc 2 286 3 view .LVU150
 364              		.loc 2 286 3 is_stmt 0 view .LVU151
 365              	.LBE253:
 366              	.LBE259:
 367              		.loc 1 179 3 is_stmt 1 view .LVU152
 368              		.loc 1 179 3 view .LVU153
 369              		.loc 1 179 3 view .LVU154
 370              		.loc 1 181 3 view .LVU155
 371              		.loc 1 181 3 is_stmt 0 view .LVU156
 372              	.LBE265:
 373              	.LBE270:
 374              		.loc 1 264 3 is_stmt 1 view .LVU157
 375              		.loc 1 264 3 view .LVU158
 376 0090 28E00CE5 		str	lr, [ip, #-40]
 377              		.loc 1 264 3 view .LVU159
 378 0094 24600CE5 		str	r6, [ip, #-36]
 379              		.loc 1 264 3 view .LVU160
 380 0098 20500CE5 		str	r5, [ip, #-32]
 381              		.loc 1 264 3 view .LVU161
 382 009c 04400CE5 		str	r4, [ip, #-4]
 383              		.loc 1 264 70 view .LVU162
 384              		.loc 1 268 3 view .LVU163
 385              	.LVL7:
 386              		.loc 1 268 3 is_stmt 0 view .LVU164
 387 00a0 28C082E2 		add	ip, r2, #40
 388              	.LVL8:
 389              	.LBB271:
 390              	.LBB272:
 391              		.loc 2 325 17 view .LVU165
 392 00a4 24C080E5 		str	ip, [r0, #36]
 393              		.loc 2 326 21 view .LVU166
 394 00a8 2CC092E5 		ldr	ip, [r2, #44]
 395              	.LVL9:
 396              		.loc 2 326 21 view .LVU167
 397              	.LBE272:
 398              	.LBE271:
 399              		.loc 1 268 3 view .LVU168
ARM GAS  /tmp/ccrfHNBB.s 			page 8


 400 00ac 241080E2 		add	r1, r0, #36
 401              	.LVL10:
 402              	.LBB274:
 403              	.LBI271:
 404              		.loc 2 323 20 is_stmt 1 view .LVU169
 405              	.LBB273:
 406              		.loc 2 325 3 view .LVU170
 407              		.loc 2 326 3 view .LVU171
 408              		.loc 2 326 17 is_stmt 0 view .LVU172
 409 00b0 28C080E5 		str	ip, [r0, #40]
 410              		.loc 2 327 3 is_stmt 1 view .LVU173
 411              		.loc 2 327 17 is_stmt 0 view .LVU174
 412 00b4 00108CE5 		str	r1, [ip]
 413              	.LVL11:
 414              		.loc 2 328 3 is_stmt 1 view .LVU175
 415              		.loc 2 328 17 is_stmt 0 view .LVU176
 416 00b8 2C1082E5 		str	r1, [r2, #44]
 417              	.LVL12:
 418              		.loc 2 328 17 view .LVU177
 419              	.LBE273:
 420              	.LBE274:
 421              		.loc 1 271 3 is_stmt 1 view .LVU178
 422              		.loc 1 272 1 is_stmt 0 view .LVU179
 423 00bc F080BDE8 		pop	{r4, r5, r6, r7, pc}
 424              		.cfi_endproc
 425              	.LFE209:
 426              		.size	chThdSpawnSuspendedI, .-chThdSpawnSuspendedI
 427              		.section	.text.chThdSpawnSuspended,"ax",%progbits
 428              		.align	2
 429              		.p2align 4,,15
 430              		.global	chThdSpawnSuspended
 431              		.syntax unified
 432              		.arm
 433              		.type	chThdSpawnSuspended, %function
 434              	chThdSpawnSuspended:
 435              	.LVL13:
 436              	.LFB210:
 437              		.loc 1 291 63 is_stmt 1 view -0
 438              		.cfi_startproc
 439              		@ args = 0, pretend = 0, frame = 0
 440              		@ frame_needed = 0, uses_anonymous_args = 0
 441              		.loc 1 294 3 view .LVU181
 442              		.loc 1 294 3 view .LVU182
 443              		.loc 1 294 3 discriminator 5 view .LVU183
 444              		.loc 1 298 17 view .LVU184
 445              		.loc 1 300 3 view .LVU185
 446              	.LBB292:
 447              	.LBI292:
 448              		.file 3 "../../../os/rt/include/chsys.h"
 449              		.loc 3 371 20 view .LVU186
 450              		.loc 3 373 3 view .LVU187
 451              	.LBB293:
 452              	.LBI293:
 453              		.file 4 "../../../os/common/ports/ARMv7-R/chcore.h"
 454              		.loc 4 739 20 view .LVU188
 455              	.LBB294:
 456              		.loc 4 741 3 view .LVU189
ARM GAS  /tmp/ccrfHNBB.s 			page 9


 457              	.LBE294:
 458              	.LBE293:
 459              	.LBE292:
 460              		.loc 1 291 63 is_stmt 0 view .LVU190
 461 0000 F0412DE9 		push	{r4, r5, r6, r7, r8, lr}
 462              		.cfi_def_cfa_offset 24
 463              		.cfi_offset 4, -24
 464              		.cfi_offset 5, -20
 465              		.cfi_offset 6, -16
 466              		.cfi_offset 7, -12
 467              		.cfi_offset 8, -8
 468              		.cfi_offset 14, -4
 469              	.LBB297:
 470              	.LBB296:
 471              	.LBB295:
 472              		.loc 4 741 3 view .LVU191
 473              		.syntax divided
 474              	@ 741 "../../../os/common/ports/ARMv7-R/chcore.h" 1
 475 0004 80000CF1 		cpsid   i
 476              	@ 0 "" 2
 477              		.arm
 478              		.syntax unified
 479              	.LBE295:
 480              	.LBE296:
 481              		.loc 3 374 35 is_stmt 1 view .LVU192
 482              		.loc 3 375 21 view .LVU193
 483              	.LBE297:
 484              		.loc 1 301 3 view .LVU194
 485              	.LVL14:
 486              	.LBB298:
 487              	.LBI298:
 488              		.loc 1 247 11 view .LVU195
 489              	.LBB299:
 490              		.loc 1 250 3 view .LVU196
 491              		.loc 1 250 3 view .LVU197
 492              		.loc 1 250 3 discriminator 5 view .LVU198
 493              		.loc 1 251 3 view .LVU199
 494              		.loc 1 251 3 view .LVU200
 495              		.loc 1 251 3 discriminator 5 view .LVU201
 496              		.loc 1 254 3 view .LVU202
 497              		.loc 1 254 3 view .LVU203
 498              		.loc 1 254 3 discriminator 25 view .LVU204
 499              		.loc 1 261 3 view .LVU205
 500              	.LBB300:
 501              	.LBI300:
 502              		.loc 1 115 11 view .LVU206
 503              	.LBB301:
 504              		.loc 1 118 3 view .LVU207
 505              		.loc 1 118 3 view .LVU208
 506              		.loc 1 118 3 discriminator 5 view .LVU209
 507              		.loc 1 119 3 view .LVU210
 508              		.loc 1 119 3 view .LVU211
 509              		.loc 1 119 3 discriminator 5 view .LVU212
 510              		.loc 1 122 3 view .LVU213
 511              		.loc 1 123 27 is_stmt 0 view .LVU214
 512 0008 041091E9 		ldmib	r1, {r2, ip}
 513              		.loc 1 122 14 view .LVU215
ARM GAS  /tmp/ccrfHNBB.s 			page 10


 514 000c 142080E5 		str	r2, [r0, #20]
 515              		.loc 1 123 3 is_stmt 1 view .LVU216
 516              		.loc 1 127 25 is_stmt 0 view .LVU217
 517 0010 0220A0E3 		mov	r2, #2
 518              		.loc 1 133 25 view .LVU218
 519 0014 00E000E3 		movw	lr, #:lower16:ch0
 520              		.loc 1 126 30 view .LVU219
 521 0018 0C4091E5 		ldr	r4, [r1, #12]
 522              		.loc 1 127 25 view .LVU220
 523 001c BC21C0E1 		strh	r2, [r0, #28]	@ movhi
 524              		.loc 1 129 10 view .LVU221
 525 0020 182091E5 		ldr	r2, [r1, #24]
 526              		.loc 1 133 25 view .LVU222
 527 0024 00E040E3 		movt	lr, #:upper16:ch0
 528 0028 000052E3 		cmp	r2, #0
 529 002c 0E20A001 		moveq	r2, lr
 530              		.loc 1 164 25 view .LVU223
 531 0030 01E0A0E3 		mov	lr, #1
 532              		.loc 1 126 25 view .LVU224
 533 0034 084080E5 		str	r4, [r0, #8]
 534              		.loc 1 148 25 view .LVU225
 535 0038 504080E5 		str	r4, [r0, #80]
 536              	.LBE301:
 537              	.LBE300:
 538              		.loc 1 264 3 view .LVU226
 539 003c 004000E3 		movw	r4, #:lower16:__port_thread_start
 540              	.LBB316:
 541              	.LBB312:
 542              		.loc 1 164 25 view .LVU227
 543 0040 1EE0C0E5 		strb	lr, [r0, #30]
 544              		.loc 1 136 25 view .LVU228
 545 0044 00E0A0E3 		mov	lr, #0
 546              		.loc 1 165 25 view .LVU229
 547 0048 006091E5 		ldr	r6, [r1]
 548              		.loc 1 170 3 view .LVU230
 549 004c 3C5080E2 		add	r5, r0, #60
 550              		.loc 1 165 25 view .LVU231
 551 0050 206080E5 		str	r6, [r0, #32]
 552              	.LBB302:
 553              	.LBB303:
 554              		.loc 2 286 12 view .LVU232
 555 0054 405080E5 		str	r5, [r0, #64]
 556              	.LBE303:
 557              	.LBE302:
 558              		.loc 1 143 3 view .LVU233
 559 0058 386080E2 		add	r6, r0, #56
 560              	.LBE312:
 561              	.LBE316:
 562              		.loc 1 264 3 view .LVU234
 563 005c 108091E5 		ldr	r8, [r1, #16]
 564 0060 147091E5 		ldr	r7, [r1, #20]
 565              	.LBB317:
 566              	.LBB313:
 567              	.LBB306:
 568              	.LBB304:
 569              		.loc 2 285 12 view .LVU235
 570 0064 3C5080E5 		str	r5, [r0, #60]
ARM GAS  /tmp/ccrfHNBB.s 			page 11


 571              	.LBE304:
 572              	.LBE306:
 573              	.LBE313:
 574              	.LBE317:
 575              	.LBB318:
 576              	.LBB319:
 577              		.loc 2 326 21 view .LVU236
 578 0068 2C5092E5 		ldr	r5, [r2, #44]
 579              	.LBE319:
 580              	.LBE318:
 581              	.LBB321:
 582              	.LBB314:
 583              	.LBB307:
 584              	.LBB308:
 585              		.loc 2 214 12 view .LVU237
 586 006c 386080E5 		str	r6, [r0, #56]
 587              	.LBE308:
 588              	.LBE307:
 589              	.LBE314:
 590              	.LBE321:
 591              		.loc 1 264 3 view .LVU238
 592 0070 A8604CE2 		sub	r6, ip, #168
 593 0074 0C6080E5 		str	r6, [r0, #12]
 594              		.loc 1 268 3 view .LVU239
 595 0078 241080E2 		add	r1, r0, #36
 596              	.LVL15:
 597              		.loc 1 268 3 view .LVU240
 598 007c 286082E2 		add	r6, r2, #40
 599              		.loc 1 264 3 view .LVU241
 600 0080 004040E3 		movt	r4, #:upper16:__port_thread_start
 601              	.LBB322:
 602              	.LBB315:
 603              		.loc 1 123 14 view .LVU242
 604 0084 18C080E5 		str	ip, [r0, #24]
 605              		.loc 1 126 3 is_stmt 1 view .LVU243
 606              		.loc 1 127 3 view .LVU244
 607              		.loc 1 128 3 view .LVU245
 608              		.loc 1 129 3 view .LVU246
 609 0088 102080E5 		str	r2, [r0, #16]
 610              		.loc 1 136 3 view .LVU247
 611              		.loc 1 136 25 is_stmt 0 view .LVU248
 612 008c 2CE080E5 		str	lr, [r0, #44]
 613              		.loc 1 137 3 is_stmt 1 view .LVU249
 614              		.loc 1 137 25 is_stmt 0 view .LVU250
 615 0090 30E080E5 		str	lr, [r0, #48]
 616              		.loc 1 143 3 is_stmt 1 view .LVU251
 617              	.LVL16:
 618              	.LBB310:
 619              	.LBI307:
 620              		.loc 2 212 20 view .LVU252
 621              	.LBB309:
 622              		.loc 2 214 3 view .LVU253
 623              		.loc 2 214 3 is_stmt 0 view .LVU254
 624              	.LBE309:
 625              	.LBE310:
 626              		.loc 1 148 3 is_stmt 1 view .LVU255
 627              		.loc 1 149 3 view .LVU256
ARM GAS  /tmp/ccrfHNBB.s 			page 12


 628              		.loc 1 149 25 is_stmt 0 view .LVU257
 629 0094 4CE080E5 		str	lr, [r0, #76]
 630              		.loc 1 154 3 is_stmt 1 view .LVU258
 631              		.loc 1 154 25 is_stmt 0 view .LVU259
 632 0098 48E080E5 		str	lr, [r0, #72]
 633              		.loc 1 164 3 is_stmt 1 view .LVU260
 634              		.loc 1 165 3 view .LVU261
 635              		.loc 1 170 3 view .LVU262
 636              	.LVL17:
 637              	.LBB311:
 638              	.LBI302:
 639              		.loc 2 283 20 view .LVU263
 640              	.LBB305:
 641              		.loc 2 285 3 view .LVU264
 642              		.loc 2 286 3 view .LVU265
 643              		.loc 2 286 3 is_stmt 0 view .LVU266
 644              	.LBE305:
 645              	.LBE311:
 646              		.loc 1 179 3 is_stmt 1 view .LVU267
 647              		.loc 1 179 3 view .LVU268
 648              		.loc 1 179 3 view .LVU269
 649              		.loc 1 181 3 view .LVU270
 650              		.loc 1 181 3 is_stmt 0 view .LVU271
 651              	.LBE315:
 652              	.LBE322:
 653              		.loc 1 264 3 is_stmt 1 view .LVU272
 654              		.loc 1 264 3 view .LVU273
 655 009c 28E00CE5 		str	lr, [ip, #-40]
 656              		.loc 1 264 3 view .LVU274
 657 00a0 24800CE5 		str	r8, [ip, #-36]
 658              		.loc 1 264 3 view .LVU275
 659 00a4 20700CE5 		str	r7, [ip, #-32]
 660              		.loc 1 264 3 view .LVU276
 661 00a8 04400CE5 		str	r4, [ip, #-4]
 662              		.loc 1 264 70 view .LVU277
 663              		.loc 1 268 3 view .LVU278
 664              	.LVL18:
 665              	.LBB323:
 666              	.LBI318:
 667              		.loc 2 323 20 view .LVU279
 668              	.LBB320:
 669              		.loc 2 325 3 view .LVU280
 670              		.loc 2 325 17 is_stmt 0 view .LVU281
 671 00ac 246080E5 		str	r6, [r0, #36]
 672              		.loc 2 326 3 is_stmt 1 view .LVU282
 673              		.loc 2 326 17 is_stmt 0 view .LVU283
 674 00b0 285080E5 		str	r5, [r0, #40]
 675              		.loc 2 327 3 is_stmt 1 view .LVU284
 676              		.loc 2 327 17 is_stmt 0 view .LVU285
 677 00b4 001085E5 		str	r1, [r5]
 678              		.loc 2 328 3 is_stmt 1 view .LVU286
 679              		.loc 2 328 17 is_stmt 0 view .LVU287
 680 00b8 2C1082E5 		str	r1, [r2, #44]
 681              	.LVL19:
 682              		.loc 2 328 17 view .LVU288
 683              	.LBE320:
 684              	.LBE323:
ARM GAS  /tmp/ccrfHNBB.s 			page 13


 685              		.loc 1 271 3 is_stmt 1 view .LVU289
 686              		.loc 1 271 3 is_stmt 0 view .LVU290
 687              	.LBE299:
 688              	.LBE298:
 689              		.loc 1 302 3 is_stmt 1 view .LVU291
 690              	.LBB324:
 691              	.LBI324:
 692              		.loc 3 385 20 view .LVU292
 693              	.LBB325:
 694              		.loc 3 387 23 view .LVU293
 695              		.loc 3 388 34 view .LVU294
 696              		.loc 3 394 3 view .LVU295
 697              		.loc 3 394 3 view .LVU296
 698              		.loc 3 394 3 discriminator 7 view .LVU297
 699              		.loc 3 398 3 view .LVU298
 700              	.LBB326:
 701              	.LBI326:
 702              		.loc 4 751 20 view .LVU299
 703              	.LBB327:
 704              		.loc 4 756 3 view .LVU300
 705              		.syntax divided
 706              	@ 756 "../../../os/common/ports/ARMv7-R/chcore.h" 1
 707 00bc C00008F1 		cpsie   if
 708              	@ 0 "" 2
 709              		.arm
 710              		.syntax unified
 711              	.LBE327:
 712              	.LBE326:
 713              	.LBE325:
 714              	.LBE324:
 715              		.loc 1 304 3 view .LVU301
 716              		.loc 1 305 1 is_stmt 0 view .LVU302
 717 00c0 F081BDE8 		pop	{r4, r5, r6, r7, r8, pc}
 718              		.cfi_endproc
 719              	.LFE210:
 720              		.size	chThdSpawnSuspended, .-chThdSpawnSuspended
 721              		.section	.text.chThdSpawnRunningI,"ax",%progbits
 722              		.align	2
 723              		.p2align 4,,15
 724              		.global	chThdSpawnRunningI
 725              		.syntax unified
 726              		.arm
 727              		.type	chThdSpawnRunningI, %function
 728              	chThdSpawnRunningI:
 729              	.LVL20:
 730              	.LFB211:
 731              		.loc 1 324 76 is_stmt 1 view -0
 732              		.cfi_startproc
 733              		@ args = 0, pretend = 0, frame = 0
 734              		@ frame_needed = 0, uses_anonymous_args = 0
 735              		.loc 1 326 3 view .LVU304
 736              		.loc 1 324 76 is_stmt 0 view .LVU305
 737 0000 10402DE9 		push	{r4, lr}
 738              		.cfi_def_cfa_offset 8
 739              		.cfi_offset 4, -8
 740              		.cfi_offset 14, -4
 741              		.loc 1 326 10 view .LVU306
ARM GAS  /tmp/ccrfHNBB.s 			page 14


 742 0004 FEFFFFEB 		bl	chThdSpawnSuspendedI
 743              	.LVL21:
 744              		.loc 1 327 1 view .LVU307
 745 0008 1040BDE8 		pop	{r4, lr}
 746              		.cfi_restore 14
 747              		.cfi_restore 4
 748              		.cfi_def_cfa_offset 0
 749              		.loc 1 326 10 discriminator 1 view .LVU308
 750 000c FEFFFFEA 		b	chSchReadyI
 751              	.LVL22:
 752              		.cfi_endproc
 753              	.LFE211:
 754              		.size	chThdSpawnRunningI, .-chThdSpawnRunningI
 755              		.section	.text.chThdSpawnRunning,"ax",%progbits
 756              		.align	2
 757              		.p2align 4,,15
 758              		.global	chThdSpawnRunning
 759              		.syntax unified
 760              		.arm
 761              		.type	chThdSpawnRunning, %function
 762              	chThdSpawnRunning:
 763              	.LVL23:
 764              	.LFB212:
 765              		.loc 1 343 75 is_stmt 1 view -0
 766              		.cfi_startproc
 767              		@ args = 0, pretend = 0, frame = 0
 768              		@ frame_needed = 0, uses_anonymous_args = 0
 769              		.loc 1 347 3 view .LVU310
 770              		.loc 1 347 3 view .LVU311
 771              		.loc 1 347 3 discriminator 5 view .LVU312
 772              		.loc 1 351 17 view .LVU313
 773              		.loc 1 353 3 view .LVU314
 774              	.LBB328:
 775              	.LBI328:
 776              		.loc 3 371 20 view .LVU315
 777              		.loc 3 373 3 view .LVU316
 778              	.LBB329:
 779              	.LBI329:
 780              		.loc 4 739 20 view .LVU317
 781              	.LBB330:
 782              		.loc 4 741 3 view .LVU318
 783              	.LBE330:
 784              	.LBE329:
 785              	.LBE328:
 786              		.loc 1 343 75 is_stmt 0 view .LVU319
 787 0000 10402DE9 		push	{r4, lr}
 788              		.cfi_def_cfa_offset 8
 789              		.cfi_offset 4, -8
 790              		.cfi_offset 14, -4
 791              	.LBB333:
 792              	.LBB332:
 793              	.LBB331:
 794              		.loc 4 741 3 view .LVU320
 795              		.syntax divided
 796              	@ 741 "../../../os/common/ports/ARMv7-R/chcore.h" 1
 797 0004 80000CF1 		cpsid   i
 798              	@ 0 "" 2
ARM GAS  /tmp/ccrfHNBB.s 			page 15


 799              		.arm
 800              		.syntax unified
 801              	.LBE331:
 802              	.LBE332:
 803              		.loc 3 374 35 is_stmt 1 view .LVU321
 804              		.loc 3 375 21 view .LVU322
 805              	.LBE333:
 806              		.loc 1 354 3 view .LVU323
 807              		.loc 1 354 8 is_stmt 0 view .LVU324
 808 0008 FEFFFFEB 		bl	chThdSpawnSuspendedI
 809              	.LVL24:
 810              		.loc 1 355 3 view .LVU325
 811 000c 0010A0E3 		mov	r1, #0
 812              		.loc 1 354 8 view .LVU326
 813 0010 0040A0E1 		mov	r4, r0
 814              	.LVL25:
 815              		.loc 1 355 3 is_stmt 1 view .LVU327
 816 0014 FEFFFFEB 		bl	chSchWakeupS
 817              	.LVL26:
 818              		.loc 1 356 3 view .LVU328
 819              	.LBB334:
 820              	.LBI334:
 821              		.loc 3 385 20 view .LVU329
 822              	.LBB335:
 823              		.loc 3 387 23 view .LVU330
 824              		.loc 3 388 34 view .LVU331
 825              		.loc 3 394 3 view .LVU332
 826              		.loc 3 394 3 view .LVU333
 827              		.loc 3 394 3 discriminator 7 view .LVU334
 828              		.loc 3 398 3 view .LVU335
 829              	.LBB336:
 830              	.LBI336:
 831              		.loc 4 751 20 view .LVU336
 832              	.LBB337:
 833              		.loc 4 756 3 view .LVU337
 834              		.syntax divided
 835              	@ 756 "../../../os/common/ports/ARMv7-R/chcore.h" 1
 836 0018 C00008F1 		cpsie   if
 837              	@ 0 "" 2
 838              		.arm
 839              		.syntax unified
 840              	.LBE337:
 841              	.LBE336:
 842              	.LBE335:
 843              	.LBE334:
 844              		.loc 1 358 3 view .LVU338
 845              		.loc 1 359 1 is_stmt 0 view .LVU339
 846 001c 0400A0E1 		mov	r0, r4
 847 0020 1080BDE8 		pop	{r4, pc}
 848              		.cfi_endproc
 849              	.LFE212:
 850              		.size	chThdSpawnRunning, .-chThdSpawnRunning
 851              		.section	.text.chThdCreateSuspendedI,"ax",%progbits
 852              		.align	2
 853              		.p2align 4,,15
 854              		.global	chThdCreateSuspendedI
 855              		.syntax unified
ARM GAS  /tmp/ccrfHNBB.s 			page 16


 856              		.arm
 857              		.type	chThdCreateSuspendedI, %function
 858              	chThdCreateSuspendedI:
 859              	.LVL27:
 860              	.LFB213:
 861              		.loc 1 381 65 is_stmt 1 view -0
 862              		.cfi_startproc
 863              		@ args = 0, pretend = 0, frame = 0
 864              		@ frame_needed = 0, uses_anonymous_args = 0
 865              		.loc 1 382 3 view .LVU341
 866              		.loc 1 383 3 view .LVU342
 867              		.loc 1 385 21 view .LVU343
 868              		.loc 1 388 3 view .LVU344
 869              		.loc 1 388 3 view .LVU345
 870              		.loc 1 388 3 discriminator 13 view .LVU346
 871              		.loc 1 393 3 view .LVU347
 872              		.loc 1 393 3 view .LVU348
 873              		.loc 1 393 3 discriminator 7 view .LVU349
 874              		.loc 1 399 3 view .LVU350
 875              	.LBB348:
 876              	.LBB349:
 877              		.loc 1 127 25 is_stmt 0 view .LVU351
 878 0000 0220A0E3 		mov	r2, #2
 879              	.LBE349:
 880              	.LBE348:
 881              		.loc 1 381 65 view .LVU352
 882 0004 30402DE9 		push	{r4, r5, lr}
 883              		.cfi_def_cfa_offset 12
 884              		.cfi_offset 4, -12
 885              		.cfi_offset 5, -8
 886              		.cfi_offset 14, -4
 887              	.LBB364:
 888              	.LBB358:
 889              		.loc 1 136 25 view .LVU353
 890 0008 0010A0E3 		mov	r1, #0
 891              		.loc 1 133 25 view .LVU354
 892 000c 00E000E3 		movw	lr, #:lower16:ch0
 893              	.LBE358:
 894              	.LBE364:
 895              		.loc 1 400 27 view .LVU355
 896 0010 083090E5 		ldr	r3, [r0, #8]
 897              	.LBB365:
 898              	.LBB359:
 899              		.loc 1 122 14 view .LVU356
 900 0014 044090E5 		ldr	r4, [r0, #4]
 901              		.loc 1 164 25 view .LVU357
 902 0018 0150A0E3 		mov	r5, #1
 903              		.loc 1 122 14 view .LVU358
 904 001c 444003E5 		str	r4, [r3, #-68]
 905              		.loc 1 126 30 view .LVU359
 906 0020 0C4090E5 		ldr	r4, [r0, #12]
 907              		.loc 1 127 25 view .LVU360
 908 0024 BC2343E1 		strh	r2, [r3, #-60]	@ movhi
 909              		.loc 1 129 10 view .LVU361
 910 0028 182090E5 		ldr	r2, [r0, #24]
 911              		.loc 1 133 25 view .LVU362
 912 002c 00E040E3 		movt	lr, #:upper16:ch0
ARM GAS  /tmp/ccrfHNBB.s 			page 17


 913 0030 010052E1 		cmp	r2, r1
 914              	.LBE359:
 915              	.LBE365:
 916              		.loc 1 409 3 view .LVU363
 917 0034 00C000E3 		movw	ip, #:lower16:__port_thread_start
 918              	.LVL28:
 919              		.loc 1 400 3 is_stmt 1 view .LVU364
 920              		.loc 1 402 3 view .LVU365
 921              		.loc 1 402 3 view .LVU366
 922              		.loc 1 402 3 discriminator 7 view .LVU367
 923              		.loc 1 406 3 view .LVU368
 924              	.LBB366:
 925              	.LBI348:
 926              		.loc 1 115 11 view .LVU369
 927              	.LBB360:
 928              		.loc 1 118 3 view .LVU370
 929              		.loc 1 118 3 view .LVU371
 930              		.loc 1 118 3 discriminator 5 view .LVU372
 931              		.loc 1 119 3 view .LVU373
 932              		.loc 1 119 3 view .LVU374
 933              		.loc 1 119 3 discriminator 5 view .LVU375
 934              		.loc 1 122 3 view .LVU376
 935              		.loc 1 123 3 view .LVU377
 936              		.loc 1 133 25 is_stmt 0 view .LVU378
 937 0038 0E20A001 		moveq	r2, lr
 938              		.loc 1 164 25 view .LVU379
 939 003c 3A5043E5 		strb	r5, [r3, #-58]
 940              		.loc 1 170 3 view .LVU380
 941 0040 1CE043E2 		sub	lr, r3, #28
 942              		.loc 1 126 25 view .LVU381
 943 0044 504003E5 		str	r4, [r3, #-80]
 944              		.loc 1 148 25 view .LVU382
 945 0048 084003E5 		str	r4, [r3, #-8]
 946              	.LBE360:
 947              	.LBE366:
 948              		.loc 1 409 3 view .LVU383
 949 004c 00C040E3 		movt	ip, #:upper16:__port_thread_start
 950              	.LBB367:
 951              	.LBB361:
 952              		.loc 1 165 25 view .LVU384
 953 0050 004090E5 		ldr	r4, [r0]
 954              	.LBB350:
 955              	.LBB351:
 956              		.loc 2 286 12 view .LVU385
 957 0054 18E003E5 		str	lr, [r3, #-24]
 958              		.loc 2 285 12 view .LVU386
 959 0058 1CE003E5 		str	lr, [r3, #-28]
 960              	.LBE351:
 961              	.LBE350:
 962              	.LBE361:
 963              	.LBE367:
 964              		.loc 1 409 3 view .LVU387
 965 005c 10E090E5 		ldr	lr, [r0, #16]
 966 0060 140090E5 		ldr	r0, [r0, #20]
 967              	.LVL29:
 968              	.LBB368:
 969              	.LBB362:
ARM GAS  /tmp/ccrfHNBB.s 			page 18


 970              		.loc 1 136 25 view .LVU388
 971 0064 2C1003E5 		str	r1, [r3, #-44]
 972              		.loc 1 137 25 view .LVU389
 973 0068 281003E5 		str	r1, [r3, #-40]
 974              		.loc 1 149 25 view .LVU390
 975 006c 0C1003E5 		str	r1, [r3, #-12]
 976              		.loc 1 154 25 view .LVU391
 977 0070 101003E5 		str	r1, [r3, #-16]
 978              	.LBE362:
 979              	.LBE368:
 980              		.loc 1 409 3 view .LVU392
 981 0074 801003E5 		str	r1, [r3, #-128]
 982 0078 5CC003E5 		str	ip, [r3, #-92]
 983 007c 011C43E2 		sub	r1, r3, #256
 984              	.LBB369:
 985              	.LBB370:
 986              		.loc 2 326 21 view .LVU393
 987 0080 2CC092E5 		ldr	ip, [r2, #44]
 988              	.LBE370:
 989              	.LBE369:
 990              		.loc 1 409 3 view .LVU394
 991 0084 4C1003E5 		str	r1, [r3, #-76]
 992 0088 7CE003E5 		str	lr, [r3, #-124]
 993              		.loc 1 412 3 view .LVU395
 994 008c 341043E2 		sub	r1, r3, #52
 995              		.loc 1 409 3 view .LVU396
 996 0090 780003E5 		str	r0, [r3, #-120]
 997              		.loc 1 412 3 view .LVU397
 998 0094 28E082E2 		add	lr, r2, #40
 999              	.LBB373:
 1000              	.LBB363:
 1001              		.loc 1 143 3 view .LVU398
 1002 0098 200043E2 		sub	r0, r3, #32
 1003              	.LBB353:
 1004              	.LBB354:
 1005              		.loc 2 214 12 view .LVU399
 1006 009c 200003E5 		str	r0, [r3, #-32]
 1007              	.LBE354:
 1008              	.LBE353:
 1009              		.loc 1 123 14 view .LVU400
 1010 00a0 403003E5 		str	r3, [r3, #-64]
 1011              		.loc 1 126 3 is_stmt 1 view .LVU401
 1012              		.loc 1 127 3 view .LVU402
 1013              		.loc 1 128 3 view .LVU403
 1014              		.loc 1 129 3 view .LVU404
 1015              		.loc 1 165 25 is_stmt 0 view .LVU405
 1016 00a4 384003E5 		str	r4, [r3, #-56]
 1017 00a8 482003E5 		str	r2, [r3, #-72]
 1018              		.loc 1 136 3 is_stmt 1 view .LVU406
 1019              		.loc 1 137 3 view .LVU407
 1020              		.loc 1 143 3 view .LVU408
 1021              	.LVL30:
 1022              	.LBB356:
 1023              	.LBI353:
 1024              		.loc 2 212 20 view .LVU409
 1025              	.LBB355:
 1026              		.loc 2 214 3 view .LVU410
ARM GAS  /tmp/ccrfHNBB.s 			page 19


 1027              		.loc 2 214 3 is_stmt 0 view .LVU411
 1028              	.LBE355:
 1029              	.LBE356:
 1030              		.loc 1 148 3 is_stmt 1 view .LVU412
 1031              		.loc 1 149 3 view .LVU413
 1032              		.loc 1 154 3 view .LVU414
 1033              		.loc 1 164 3 view .LVU415
 1034              		.loc 1 165 3 view .LVU416
 1035              		.loc 1 170 3 view .LVU417
 1036              	.LBB357:
 1037              	.LBI350:
 1038              		.loc 2 283 20 view .LVU418
 1039              	.LBB352:
 1040              		.loc 2 285 3 view .LVU419
 1041              		.loc 2 286 3 view .LVU420
 1042              		.loc 2 286 3 is_stmt 0 view .LVU421
 1043              	.LBE352:
 1044              	.LBE357:
 1045              		.loc 1 179 3 is_stmt 1 view .LVU422
 1046              		.loc 1 179 3 view .LVU423
 1047              		.loc 1 179 3 view .LVU424
 1048              		.loc 1 181 3 view .LVU425
 1049              		.loc 1 181 3 is_stmt 0 view .LVU426
 1050              	.LBE363:
 1051              	.LBE373:
 1052              		.loc 1 409 3 is_stmt 1 view .LVU427
 1053              		.loc 1 409 3 view .LVU428
 1054              		.loc 1 409 3 view .LVU429
 1055              		.loc 1 409 3 view .LVU430
 1056              		.loc 1 409 3 view .LVU431
 1057              		.loc 1 409 60 view .LVU432
 1058              		.loc 1 412 3 view .LVU433
 1059              	.LBB374:
 1060              	.LBI369:
 1061              		.loc 2 323 20 view .LVU434
 1062              	.LBB371:
 1063              		.loc 2 325 3 view .LVU435
 1064              		.loc 2 326 17 is_stmt 0 view .LVU436
 1065 00ac 30C003E5 		str	ip, [r3, #-48]
 1066              		.loc 2 325 17 view .LVU437
 1067 00b0 34E003E5 		str	lr, [r3, #-52]
 1068              		.loc 2 326 3 is_stmt 1 view .LVU438
 1069              		.loc 2 327 3 view .LVU439
 1070              	.LBE371:
 1071              	.LBE374:
 1072              		.loc 1 416 1 is_stmt 0 view .LVU440
 1073 00b4 580043E2 		sub	r0, r3, #88
 1074              	.LVL31:
 1075              	.LBB375:
 1076              	.LBB372:
 1077              		.loc 2 327 17 view .LVU441
 1078 00b8 00108CE5 		str	r1, [ip]
 1079              		.loc 2 328 3 is_stmt 1 view .LVU442
 1080              		.loc 2 328 17 is_stmt 0 view .LVU443
 1081 00bc 2C1082E5 		str	r1, [r2, #44]
 1082              	.LVL32:
 1083              		.loc 2 328 17 view .LVU444
ARM GAS  /tmp/ccrfHNBB.s 			page 20


 1084              	.LBE372:
 1085              	.LBE375:
 1086              		.loc 1 415 3 is_stmt 1 view .LVU445
 1087              		.loc 1 416 1 is_stmt 0 view .LVU446
 1088 00c0 3080BDE8 		pop	{r4, r5, pc}
 1089              		.cfi_endproc
 1090              	.LFE213:
 1091              		.size	chThdCreateSuspendedI, .-chThdCreateSuspendedI
 1092              		.section	.text.chThdCreateSuspended,"ax",%progbits
 1093              		.align	2
 1094              		.p2align 4,,15
 1095              		.global	chThdCreateSuspended
 1096              		.syntax unified
 1097              		.arm
 1098              		.type	chThdCreateSuspended, %function
 1099              	chThdCreateSuspended:
 1100              	.LVL33:
 1101              	.LFB214:
 1102              		.loc 1 435 64 is_stmt 1 view -0
 1103              		.cfi_startproc
 1104              		@ args = 0, pretend = 0, frame = 0
 1105              		@ frame_needed = 0, uses_anonymous_args = 0
 1106              		.loc 1 436 3 view .LVU448
 1107              		.loc 1 439 3 view .LVU449
 1108              		.loc 1 439 3 view .LVU450
 1109              		.loc 1 439 3 discriminator 5 view .LVU451
 1110              		.loc 1 447 3 view .LVU452
 1111              	.LBB393:
 1112              	.LBI393:
 1113              		.loc 3 371 20 view .LVU453
 1114              		.loc 3 373 3 view .LVU454
 1115              	.LBB394:
 1116              	.LBI394:
 1117              		.loc 4 739 20 view .LVU455
 1118              	.LBB395:
 1119              		.loc 4 741 3 view .LVU456
 1120              	.LBE395:
 1121              	.LBE394:
 1122              	.LBE393:
 1123              		.loc 1 435 64 is_stmt 0 view .LVU457
 1124 0000 30402DE9 		push	{r4, r5, lr}
 1125              		.cfi_def_cfa_offset 12
 1126              		.cfi_offset 4, -12
 1127              		.cfi_offset 5, -8
 1128              		.cfi_offset 14, -4
 1129              		.loc 1 435 64 view .LVU458
 1130 0004 0020A0E1 		mov	r2, r0
 1131              	.LBB398:
 1132              	.LBB397:
 1133              	.LBB396:
 1134              		.loc 4 741 3 view .LVU459
 1135              		.syntax divided
 1136              	@ 741 "../../../os/common/ports/ARMv7-R/chcore.h" 1
 1137 0008 80000CF1 		cpsid   i
 1138              	@ 0 "" 2
 1139              		.arm
 1140              		.syntax unified
ARM GAS  /tmp/ccrfHNBB.s 			page 21


 1141              	.LBE396:
 1142              	.LBE397:
 1143              		.loc 3 374 35 is_stmt 1 view .LVU460
 1144              		.loc 3 375 21 view .LVU461
 1145              	.LBE398:
 1146              		.loc 1 448 3 view .LVU462
 1147              	.LVL34:
 1148              	.LBB399:
 1149              	.LBI399:
 1150              		.loc 1 381 11 view .LVU463
 1151              	.LBB400:
 1152              		.loc 1 382 3 view .LVU464
 1153              		.loc 1 383 3 view .LVU465
 1154              		.loc 1 385 21 view .LVU466
 1155              		.loc 1 388 3 view .LVU467
 1156              		.loc 1 388 3 view .LVU468
 1157              		.loc 1 388 3 discriminator 13 view .LVU469
 1158              		.loc 1 393 3 view .LVU470
 1159              		.loc 1 393 3 view .LVU471
 1160              		.loc 1 393 3 discriminator 7 view .LVU472
 1161              		.loc 1 399 3 view .LVU473
 1162              		.loc 1 400 3 view .LVU474
 1163              	.LBB401:
 1164              	.LBB402:
 1165              		.loc 1 127 25 is_stmt 0 view .LVU475
 1166 000c 0210A0E3 		mov	r1, #2
 1167              	.LBE402:
 1168              	.LBE401:
 1169              		.loc 1 400 27 view .LVU476
 1170 0010 083090E5 		ldr	r3, [r0, #8]
 1171              	.LBB421:
 1172              	.LBB413:
 1173              		.loc 1 122 14 view .LVU477
 1174 0014 04E092E5 		ldr	lr, [r2, #4]
 1175              		.loc 1 133 25 view .LVU478
 1176 0018 00C000E3 		movw	ip, #:lower16:ch0
 1177              		.loc 1 122 14 view .LVU479
 1178 001c 44E003E5 		str	lr, [r3, #-68]
 1179              		.loc 1 126 30 view .LVU480
 1180 0020 0CE092E5 		ldr	lr, [r2, #12]
 1181              		.loc 1 127 25 view .LVU481
 1182 0024 BC1343E1 		strh	r1, [r3, #-60]	@ movhi
 1183              	.LVL35:
 1184              		.loc 1 129 10 view .LVU482
 1185 0028 181092E5 		ldr	r1, [r2, #24]
 1186              		.loc 1 126 25 view .LVU483
 1187 002c 50E003E5 		str	lr, [r3, #-80]
 1188              		.loc 1 148 25 view .LVU484
 1189 0030 08E003E5 		str	lr, [r3, #-8]
 1190              		.loc 1 164 25 view .LVU485
 1191 0034 01E0A0E3 		mov	lr, #1
 1192              		.loc 1 133 25 view .LVU486
 1193 0038 00C040E3 		movt	ip, #:upper16:ch0
 1194 003c 000051E3 		cmp	r1, #0
 1195 0040 0C10A001 		moveq	r1, ip
 1196              		.loc 1 136 25 view .LVU487
 1197 0044 00C0A0E3 		mov	ip, #0
ARM GAS  /tmp/ccrfHNBB.s 			page 22


 1198              		.loc 1 164 25 view .LVU488
 1199 0048 3AE043E5 		strb	lr, [r3, #-58]
 1200              	.LBE413:
 1201              	.LBE421:
 1202              		.loc 1 409 3 view .LVU489
 1203 004c 00E000E3 		movw	lr, #:lower16:__port_thread_start
 1204              	.LBB422:
 1205              	.LBB414:
 1206              		.loc 1 165 25 view .LVU490
 1207 0050 005092E5 		ldr	r5, [r2]
 1208              		.loc 1 136 25 view .LVU491
 1209 0054 2CC003E5 		str	ip, [r3, #-44]
 1210              		.loc 1 137 25 view .LVU492
 1211 0058 28C003E5 		str	ip, [r3, #-40]
 1212              		.loc 1 149 25 view .LVU493
 1213 005c 0CC003E5 		str	ip, [r3, #-12]
 1214              		.loc 1 154 25 view .LVU494
 1215 0060 10C003E5 		str	ip, [r3, #-16]
 1216              		.loc 1 170 3 view .LVU495
 1217 0064 1C4043E2 		sub	r4, r3, #28
 1218              	.LBE414:
 1219              	.LBE422:
 1220              		.loc 1 409 3 view .LVU496
 1221 0068 80C003E5 		str	ip, [r3, #-128]
 1222 006c 10C092E5 		ldr	ip, [r2, #16]
 1223              	.LBB423:
 1224              	.LBB415:
 1225              	.LBB403:
 1226              	.LBB404:
 1227              		.loc 2 286 12 view .LVU497
 1228 0070 184003E5 		str	r4, [r3, #-24]
 1229              	.LBE404:
 1230              	.LBE403:
 1231              	.LBE415:
 1232              	.LBE423:
 1233              		.loc 1 409 3 view .LVU498
 1234 0074 142092E5 		ldr	r2, [r2, #20]
 1235              	.LBB424:
 1236              	.LBB416:
 1237              	.LBB407:
 1238              	.LBB405:
 1239              		.loc 2 285 12 view .LVU499
 1240 0078 1C4003E5 		str	r4, [r3, #-28]
 1241              	.LBE405:
 1242              	.LBE407:
 1243              	.LBE416:
 1244              	.LBE424:
 1245              		.loc 1 409 3 view .LVU500
 1246 007c 7CC003E5 		str	ip, [r3, #-124]
 1247              	.LBB425:
 1248              	.LBB417:
 1249              		.loc 1 143 3 view .LVU501
 1250 0080 204043E2 		sub	r4, r3, #32
 1251              	.LBE417:
 1252              	.LBE425:
 1253              	.LBB426:
 1254              	.LBB427:
ARM GAS  /tmp/ccrfHNBB.s 			page 23


 1255              		.loc 2 326 21 view .LVU502
 1256 0084 2CC091E5 		ldr	ip, [r1, #44]
 1257              	.LBE427:
 1258              	.LBE426:
 1259              		.loc 1 409 3 view .LVU503
 1260 0088 00E040E3 		movt	lr, #:upper16:__port_thread_start
 1261 008c 782003E5 		str	r2, [r3, #-120]
 1262              	.LBB431:
 1263              	.LBB418:
 1264              	.LBB408:
 1265              	.LBB409:
 1266              		.loc 2 214 12 view .LVU504
 1267 0090 204003E5 		str	r4, [r3, #-32]
 1268              	.LBE409:
 1269              	.LBE408:
 1270              	.LBE418:
 1271              	.LBE431:
 1272              		.loc 1 409 3 view .LVU505
 1273 0094 5CE003E5 		str	lr, [r3, #-92]
 1274              		.loc 1 412 3 view .LVU506
 1275 0098 342043E2 		sub	r2, r3, #52
 1276              		.loc 1 409 3 view .LVU507
 1277 009c 014C43E2 		sub	r4, r3, #256
 1278              		.loc 1 412 3 view .LVU508
 1279 00a0 28E081E2 		add	lr, r1, #40
 1280              	.LBB432:
 1281              	.LBB419:
 1282              		.loc 1 123 14 view .LVU509
 1283 00a4 403003E5 		str	r3, [r3, #-64]
 1284 00a8 481003E5 		str	r1, [r3, #-72]
 1285              		.loc 1 165 25 view .LVU510
 1286 00ac 385003E5 		str	r5, [r3, #-56]
 1287              	.LBE419:
 1288              	.LBE432:
 1289              	.LBB433:
 1290              	.LBB428:
 1291              		.loc 2 326 17 view .LVU511
 1292 00b0 30C003E5 		str	ip, [r3, #-48]
 1293              	.LBE428:
 1294              	.LBE433:
 1295              		.loc 1 409 3 view .LVU512
 1296 00b4 4C4003E5 		str	r4, [r3, #-76]
 1297              	.LBB434:
 1298              	.LBB429:
 1299              		.loc 2 325 17 view .LVU513
 1300 00b8 34E003E5 		str	lr, [r3, #-52]
 1301              	.LBE429:
 1302              	.LBE434:
 1303              		.loc 1 400 11 view .LVU514
 1304 00bc 580043E2 		sub	r0, r3, #88
 1305              	.LVL36:
 1306              		.loc 1 402 3 is_stmt 1 view .LVU515
 1307              		.loc 1 402 3 view .LVU516
 1308              		.loc 1 402 3 discriminator 7 view .LVU517
 1309              		.loc 1 406 3 view .LVU518
 1310              	.LBB435:
 1311              	.LBI401:
ARM GAS  /tmp/ccrfHNBB.s 			page 24


 1312              		.loc 1 115 11 view .LVU519
 1313              	.LBB420:
 1314              		.loc 1 118 3 view .LVU520
 1315              		.loc 1 118 3 view .LVU521
 1316              		.loc 1 118 3 discriminator 5 view .LVU522
 1317              		.loc 1 119 3 view .LVU523
 1318              		.loc 1 119 3 view .LVU524
 1319              		.loc 1 119 3 discriminator 5 view .LVU525
 1320              		.loc 1 122 3 view .LVU526
 1321              		.loc 1 123 3 view .LVU527
 1322              		.loc 1 126 3 view .LVU528
 1323              		.loc 1 127 3 view .LVU529
 1324              		.loc 1 128 3 view .LVU530
 1325              		.loc 1 129 3 view .LVU531
 1326              		.loc 1 136 3 view .LVU532
 1327              		.loc 1 137 3 view .LVU533
 1328              		.loc 1 143 3 view .LVU534
 1329              	.LBB411:
 1330              	.LBI408:
 1331              		.loc 2 212 20 view .LVU535
 1332              	.LBB410:
 1333              		.loc 2 214 3 view .LVU536
 1334              		.loc 2 214 3 is_stmt 0 view .LVU537
 1335              	.LBE410:
 1336              	.LBE411:
 1337              		.loc 1 148 3 is_stmt 1 view .LVU538
 1338              		.loc 1 149 3 view .LVU539
 1339              		.loc 1 154 3 view .LVU540
 1340              		.loc 1 164 3 view .LVU541
 1341              		.loc 1 165 3 view .LVU542
 1342              		.loc 1 170 3 view .LVU543
 1343              	.LBB412:
 1344              	.LBI403:
 1345              		.loc 2 283 20 view .LVU544
 1346              	.LBB406:
 1347              		.loc 2 285 3 view .LVU545
 1348              		.loc 2 286 3 view .LVU546
 1349              		.loc 2 286 3 is_stmt 0 view .LVU547
 1350              	.LBE406:
 1351              	.LBE412:
 1352              		.loc 1 179 3 is_stmt 1 view .LVU548
 1353              		.loc 1 179 3 view .LVU549
 1354              		.loc 1 179 3 view .LVU550
 1355              		.loc 1 181 3 view .LVU551
 1356              		.loc 1 181 3 is_stmt 0 view .LVU552
 1357              	.LBE420:
 1358              	.LBE435:
 1359              		.loc 1 409 3 is_stmt 1 view .LVU553
 1360              		.loc 1 409 3 view .LVU554
 1361              		.loc 1 409 3 view .LVU555
 1362              		.loc 1 409 3 view .LVU556
 1363              		.loc 1 409 3 view .LVU557
 1364              		.loc 1 409 60 view .LVU558
 1365              		.loc 1 412 3 view .LVU559
 1366              	.LBB436:
 1367              	.LBI426:
 1368              		.loc 2 323 20 view .LVU560
ARM GAS  /tmp/ccrfHNBB.s 			page 25


 1369              	.LBB430:
 1370              		.loc 2 325 3 view .LVU561
 1371              		.loc 2 326 3 view .LVU562
 1372              		.loc 2 327 3 view .LVU563
 1373              		.loc 2 327 17 is_stmt 0 view .LVU564
 1374 00c0 00208CE5 		str	r2, [ip]
 1375              		.loc 2 328 3 is_stmt 1 view .LVU565
 1376              		.loc 2 328 17 is_stmt 0 view .LVU566
 1377 00c4 2C2081E5 		str	r2, [r1, #44]
 1378              	.LVL37:
 1379              		.loc 2 328 17 view .LVU567
 1380              	.LBE430:
 1381              	.LBE436:
 1382              		.loc 1 415 3 is_stmt 1 view .LVU568
 1383              		.loc 1 415 3 is_stmt 0 view .LVU569
 1384              	.LBE400:
 1385              	.LBE399:
 1386              		.loc 1 449 3 is_stmt 1 view .LVU570
 1387              	.LBB437:
 1388              	.LBI437:
 1389              		.loc 3 385 20 view .LVU571
 1390              	.LBB438:
 1391              		.loc 3 387 23 view .LVU572
 1392              		.loc 3 388 34 view .LVU573
 1393              		.loc 3 394 3 view .LVU574
 1394              		.loc 3 394 3 view .LVU575
 1395              		.loc 3 394 3 discriminator 7 view .LVU576
 1396              		.loc 3 398 3 view .LVU577
 1397              	.LBB439:
 1398              	.LBI439:
 1399              		.loc 4 751 20 view .LVU578
 1400              	.LBB440:
 1401              		.loc 4 756 3 view .LVU579
 1402              		.syntax divided
 1403              	@ 756 "../../../os/common/ports/ARMv7-R/chcore.h" 1
 1404 00c8 C00008F1 		cpsie   if
 1405              	@ 0 "" 2
 1406              		.arm
 1407              		.syntax unified
 1408              	.LBE440:
 1409              	.LBE439:
 1410              	.LBE438:
 1411              	.LBE437:
 1412              		.loc 1 451 3 view .LVU580
 1413              		.loc 1 452 1 is_stmt 0 view .LVU581
 1414 00cc 3080BDE8 		pop	{r4, r5, pc}
 1415              		.cfi_endproc
 1416              	.LFE214:
 1417              		.size	chThdCreateSuspended, .-chThdCreateSuspended
 1418              		.section	.text.chThdCreateI,"ax",%progbits
 1419              		.align	2
 1420              		.p2align 4,,15
 1421              		.global	chThdCreateI
 1422              		.syntax unified
 1423              		.arm
 1424              		.type	chThdCreateI, %function
 1425              	chThdCreateI:
ARM GAS  /tmp/ccrfHNBB.s 			page 26


 1426              	.LVL38:
 1427              	.LFB215:
 1428              		.loc 1 472 56 is_stmt 1 view -0
 1429              		.cfi_startproc
 1430              		@ args = 0, pretend = 0, frame = 0
 1431              		@ frame_needed = 0, uses_anonymous_args = 0
 1432              		.loc 1 474 3 view .LVU583
 1433              		.loc 1 472 56 is_stmt 0 view .LVU584
 1434 0000 10402DE9 		push	{r4, lr}
 1435              		.cfi_def_cfa_offset 8
 1436              		.cfi_offset 4, -8
 1437              		.cfi_offset 14, -4
 1438              		.loc 1 474 10 view .LVU585
 1439 0004 FEFFFFEB 		bl	chThdCreateSuspendedI
 1440              	.LVL39:
 1441              		.loc 1 475 1 view .LVU586
 1442 0008 1040BDE8 		pop	{r4, lr}
 1443              		.cfi_restore 14
 1444              		.cfi_restore 4
 1445              		.cfi_def_cfa_offset 0
 1446              		.loc 1 474 10 discriminator 1 view .LVU587
 1447 000c FEFFFFEA 		b	chSchReadyI
 1448              	.LVL40:
 1449              		.cfi_endproc
 1450              	.LFE215:
 1451              		.size	chThdCreateI, .-chThdCreateI
 1452              		.section	.text.chThdCreate,"ax",%progbits
 1453              		.align	2
 1454              		.p2align 4,,15
 1455              		.global	chThdCreate
 1456              		.syntax unified
 1457              		.arm
 1458              		.type	chThdCreate, %function
 1459              	chThdCreate:
 1460              	.LVL41:
 1461              	.LFB216:
 1462              		.loc 1 490 55 is_stmt 1 view -0
 1463              		.cfi_startproc
 1464              		@ args = 0, pretend = 0, frame = 0
 1465              		@ frame_needed = 0, uses_anonymous_args = 0
 1466              		.loc 1 491 3 view .LVU589
 1467              		.loc 1 495 3 view .LVU590
 1468              		.loc 1 495 3 view .LVU591
 1469              		.loc 1 495 3 discriminator 5 view .LVU592
 1470              		.loc 1 503 3 view .LVU593
 1471              	.LBB441:
 1472              	.LBI441:
 1473              		.loc 3 371 20 view .LVU594
 1474              		.loc 3 373 3 view .LVU595
 1475              	.LBB442:
 1476              	.LBI442:
 1477              		.loc 4 739 20 view .LVU596
 1478              	.LBB443:
 1479              		.loc 4 741 3 view .LVU597
 1480              	.LBE443:
 1481              	.LBE442:
 1482              	.LBE441:
ARM GAS  /tmp/ccrfHNBB.s 			page 27


 1483              		.loc 1 490 55 is_stmt 0 view .LVU598
 1484 0000 10402DE9 		push	{r4, lr}
 1485              		.cfi_def_cfa_offset 8
 1486              		.cfi_offset 4, -8
 1487              		.cfi_offset 14, -4
 1488              	.LBB446:
 1489              	.LBB445:
 1490              	.LBB444:
 1491              		.loc 4 741 3 view .LVU599
 1492              		.syntax divided
 1493              	@ 741 "../../../os/common/ports/ARMv7-R/chcore.h" 1
 1494 0004 80000CF1 		cpsid   i
 1495              	@ 0 "" 2
 1496              		.arm
 1497              		.syntax unified
 1498              	.LBE444:
 1499              	.LBE445:
 1500              		.loc 3 374 35 is_stmt 1 view .LVU600
 1501              		.loc 3 375 21 view .LVU601
 1502              	.LBE446:
 1503              		.loc 1 504 3 view .LVU602
 1504              		.loc 1 504 8 is_stmt 0 view .LVU603
 1505 0008 FEFFFFEB 		bl	chThdCreateSuspendedI
 1506              	.LVL42:
 1507              		.loc 1 505 3 view .LVU604
 1508 000c 0010A0E3 		mov	r1, #0
 1509              		.loc 1 504 8 view .LVU605
 1510 0010 0040A0E1 		mov	r4, r0
 1511              	.LVL43:
 1512              		.loc 1 505 3 is_stmt 1 view .LVU606
 1513 0014 FEFFFFEB 		bl	chSchWakeupS
 1514              	.LVL44:
 1515              		.loc 1 506 3 view .LVU607
 1516              	.LBB447:
 1517              	.LBI447:
 1518              		.loc 3 385 20 view .LVU608
 1519              	.LBB448:
 1520              		.loc 3 387 23 view .LVU609
 1521              		.loc 3 388 34 view .LVU610
 1522              		.loc 3 394 3 view .LVU611
 1523              		.loc 3 394 3 view .LVU612
 1524              		.loc 3 394 3 discriminator 7 view .LVU613
 1525              		.loc 3 398 3 view .LVU614
 1526              	.LBB449:
 1527              	.LBI449:
 1528              		.loc 4 751 20 view .LVU615
 1529              	.LBB450:
 1530              		.loc 4 756 3 view .LVU616
 1531              		.syntax divided
 1532              	@ 756 "../../../os/common/ports/ARMv7-R/chcore.h" 1
 1533 0018 C00008F1 		cpsie   if
 1534              	@ 0 "" 2
 1535              		.arm
 1536              		.syntax unified
 1537              	.LBE450:
 1538              	.LBE449:
 1539              	.LBE448:
ARM GAS  /tmp/ccrfHNBB.s 			page 28


 1540              	.LBE447:
 1541              		.loc 1 508 3 view .LVU617
 1542              		.loc 1 509 1 is_stmt 0 view .LVU618
 1543 001c 0400A0E1 		mov	r0, r4
 1544 0020 1080BDE8 		pop	{r4, pc}
 1545              		.cfi_endproc
 1546              	.LFE216:
 1547              		.size	chThdCreate, .-chThdCreate
 1548              		.section	.rodata.chThdCreateStatic.str1.4,"aMS",%progbits,1
 1549              		.align	2
 1550              	.LC0:
 1551 0000 6E6F6E61 		.ascii	"noname\000"
 1551      6D6500
 1552              		.section	.text.chThdCreateStatic,"ax",%progbits
 1553              		.align	2
 1554              		.p2align 4,,15
 1555              		.global	chThdCreateStatic
 1556              		.syntax unified
 1557              		.arm
 1558              		.type	chThdCreateStatic, %function
 1559              	chThdCreateStatic:
 1560              	.LVL45:
 1561              	.LFB217:
 1562              		.loc 1 532 68 is_stmt 1 view -0
 1563              		.cfi_startproc
 1564              		@ args = 4, pretend = 0, frame = 0
 1565              		@ frame_needed = 0, uses_anonymous_args = 0
 1566              		.loc 1 533 3 view .LVU620
 1567              		.loc 1 534 3 view .LVU621
 1568              		.loc 1 537 3 view .LVU622
 1569              		.loc 1 537 3 view .LVU623
 1570              		.loc 1 537 3 discriminator 5 view .LVU624
 1571              		.loc 1 541 3 view .LVU625
 1572              		.loc 1 541 3 view .LVU626
 1573              		.loc 1 541 3 discriminator 5 view .LVU627
 1574              		.loc 1 546 3 view .LVU628
 1575              		.loc 1 546 3 view .LVU629
 1576              		.loc 1 546 3 discriminator 5 view .LVU630
 1577              		.loc 1 551 3 view .LVU631
 1578              		.loc 1 532 68 is_stmt 0 view .LVU632
 1579 0000 01C0A0E1 		mov	ip, r1
 1580 0004 F0412DE9 		push	{r4, r5, r6, r7, r8, lr}
 1581              		.cfi_def_cfa_offset 24
 1582              		.cfi_offset 4, -24
 1583              		.cfi_offset 5, -20
 1584              		.cfi_offset 6, -16
 1585              		.cfi_offset 7, -12
 1586              		.cfi_offset 8, -8
 1587              		.cfi_offset 14, -4
 1588              	.LBB466:
 1589              	.LBB467:
 1590              		.loc 1 130 25 view .LVU633
 1591 0008 005000E3 		movw	r5, #:lower16:ch0
 1592              		.loc 1 165 25 view .LVU634
 1593 000c 004000E3 		movw	r4, #:lower16:.LC0
 1594              	.LBE467:
 1595              	.LBE466:
ARM GAS  /tmp/ccrfHNBB.s 			page 29


 1596              		.loc 1 572 3 view .LVU635
 1597 0010 00E000E3 		movw	lr, #:lower16:__port_thread_start
 1598              	.LBB485:
 1599              	.LBB478:
 1600              		.loc 1 136 25 view .LVU636
 1601 0014 0010A0E3 		mov	r1, #0
 1602              	.LVL46:
 1603              		.loc 1 127 25 view .LVU637
 1604 0018 0270A0E3 		mov	r7, #2
 1605              		.loc 1 164 25 view .LVU638
 1606 001c 0160A0E3 		mov	r6, #1
 1607              	.LBE478:
 1608              	.LBE485:
 1609              		.loc 1 551 8 view .LVU639
 1610 0020 0CC080E0 		add	ip, r0, ip
 1611              	.LVL47:
 1612              		.loc 1 557 3 is_stmt 1 view .LVU640
 1613              		.loc 1 558 3 view .LVU641
 1614              		.loc 1 572 3 is_stmt 0 view .LVU642
 1615 0024 7C300CE5 		str	r3, [ip, #-124]
 1616 0028 18309DE5 		ldr	r3, [sp, #24]
 1617              	.LVL48:
 1618              	.LBB486:
 1619              	.LBB479:
 1620              		.loc 1 130 25 view .LVU643
 1621 002c 005040E3 		movt	r5, #:upper16:ch0
 1622              	.LBE479:
 1623              	.LBE486:
 1624              		.loc 1 572 3 view .LVU644
 1625 0030 78300CE5 		str	r3, [ip, #-120]
 1626              	.LBB487:
 1627              	.LBB480:
 1628              		.loc 1 170 3 view .LVU645
 1629 0034 1C304CE2 		sub	r3, ip, #28
 1630              		.loc 1 165 25 view .LVU646
 1631 0038 004040E3 		movt	r4, #:upper16:.LC0
 1632              	.LBE480:
 1633              	.LBE487:
 1634              		.loc 1 572 3 view .LVU647
 1635 003c 00E040E3 		movt	lr, #:upper16:__port_thread_start
 1636              	.LBB488:
 1637              	.LBB481:
 1638              		.loc 1 126 25 view .LVU648
 1639 0040 50200CE5 		str	r2, [ip, #-80]
 1640              		.loc 1 148 25 view .LVU649
 1641 0044 08200CE5 		str	r2, [ip, #-8]
 1642              	.LBB468:
 1643              	.LBB469:
 1644              		.loc 2 285 12 view .LVU650
 1645 0048 1C300CE5 		str	r3, [ip, #-28]
 1646              	.LBE469:
 1647              	.LBE468:
 1648              	.LBE481:
 1649              	.LBE488:
 1650              		.loc 1 572 3 view .LVU651
 1651 004c 012C4CE2 		sub	r2, ip, #256
 1652              	.LVL49:
ARM GAS  /tmp/ccrfHNBB.s 			page 30


 1653              	.LBB489:
 1654              	.LBB482:
 1655              	.LBB472:
 1656              	.LBB470:
 1657              		.loc 2 286 12 view .LVU652
 1658 0050 18300CE5 		str	r3, [ip, #-24]
 1659              	.LBE470:
 1660              	.LBE472:
 1661              		.loc 1 143 3 view .LVU653
 1662 0054 20304CE2 		sub	r3, ip, #32
 1663              		.loc 1 165 25 view .LVU654
 1664 0058 38400CE5 		str	r4, [ip, #-56]
 1665              		.loc 1 122 14 view .LVU655
 1666 005c 44000CE5 		str	r0, [ip, #-68]
 1667              		.loc 1 127 25 view .LVU656
 1668 0060 BC734CE1 		strh	r7, [ip, #-60]	@ movhi
 1669              		.loc 1 130 25 view .LVU657
 1670 0064 48500CE5 		str	r5, [ip, #-72]
 1671              		.loc 1 164 25 view .LVU658
 1672 0068 3A604CE5 		strb	r6, [ip, #-58]
 1673              		.loc 1 123 14 view .LVU659
 1674 006c 40C00CE5 		str	ip, [ip, #-64]
 1675              		.loc 1 136 25 view .LVU660
 1676 0070 2C100CE5 		str	r1, [ip, #-44]
 1677              		.loc 1 137 25 view .LVU661
 1678 0074 28100CE5 		str	r1, [ip, #-40]
 1679              		.loc 1 149 25 view .LVU662
 1680 0078 0C100CE5 		str	r1, [ip, #-12]
 1681              		.loc 1 154 25 view .LVU663
 1682 007c 10100CE5 		str	r1, [ip, #-16]
 1683              	.LBE482:
 1684              	.LBE489:
 1685              		.loc 1 572 3 view .LVU664
 1686 0080 80100CE5 		str	r1, [ip, #-128]
 1687 0084 5CE00CE5 		str	lr, [ip, #-92]
 1688 0088 4C200CE5 		str	r2, [ip, #-76]
 1689              	.LBB490:
 1690              	.LBB483:
 1691              	.LBB473:
 1692              	.LBB474:
 1693              		.loc 2 214 12 view .LVU665
 1694 008c 20300CE5 		str	r3, [ip, #-32]
 1695              	.LBE474:
 1696              	.LBE473:
 1697              	.LBE483:
 1698              	.LBE490:
 1699              		.loc 1 558 11 view .LVU666
 1700 0090 58404CE2 		sub	r4, ip, #88
 1701              	.LVL50:
 1702              		.loc 1 559 3 is_stmt 1 view .LVU667
 1703              		.loc 1 559 3 view .LVU668
 1704              		.loc 1 559 3 discriminator 7 view .LVU669
 1705              		.loc 1 568 3 view .LVU670
 1706              		.loc 1 569 3 view .LVU671
 1707              	.LBB491:
 1708              	.LBI466:
 1709              		.loc 1 115 11 view .LVU672
ARM GAS  /tmp/ccrfHNBB.s 			page 31


 1710              	.LBB484:
 1711              		.loc 1 118 3 view .LVU673
 1712              		.loc 1 118 3 view .LVU674
 1713              		.loc 1 118 3 discriminator 5 view .LVU675
 1714              		.loc 1 119 3 view .LVU676
 1715              		.loc 1 119 3 view .LVU677
 1716              		.loc 1 119 3 discriminator 5 view .LVU678
 1717              		.loc 1 122 3 view .LVU679
 1718              		.loc 1 123 3 view .LVU680
 1719              		.loc 1 126 3 view .LVU681
 1720              		.loc 1 127 3 view .LVU682
 1721              		.loc 1 128 3 view .LVU683
 1722              		.loc 1 129 3 view .LVU684
 1723              		.loc 1 130 5 view .LVU685
 1724              		.loc 1 136 3 view .LVU686
 1725              		.loc 1 137 3 view .LVU687
 1726              		.loc 1 143 3 view .LVU688
 1727              	.LBB476:
 1728              	.LBI473:
 1729              		.loc 2 212 20 view .LVU689
 1730              	.LBB475:
 1731              		.loc 2 214 3 view .LVU690
 1732              		.loc 2 214 3 is_stmt 0 view .LVU691
 1733              	.LBE475:
 1734              	.LBE476:
 1735              		.loc 1 148 3 is_stmt 1 view .LVU692
 1736              		.loc 1 149 3 view .LVU693
 1737              		.loc 1 154 3 view .LVU694
 1738              		.loc 1 164 3 view .LVU695
 1739              		.loc 1 165 3 view .LVU696
 1740              		.loc 1 170 3 view .LVU697
 1741              	.LBB477:
 1742              	.LBI468:
 1743              		.loc 2 283 20 view .LVU698
 1744              	.LBB471:
 1745              		.loc 2 285 3 view .LVU699
 1746              		.loc 2 286 3 view .LVU700
 1747              		.loc 2 286 3 is_stmt 0 view .LVU701
 1748              	.LBE471:
 1749              	.LBE477:
 1750              		.loc 1 179 3 is_stmt 1 view .LVU702
 1751              		.loc 1 179 3 view .LVU703
 1752              		.loc 1 179 3 view .LVU704
 1753              		.loc 1 181 3 view .LVU705
 1754              		.loc 1 181 3 is_stmt 0 view .LVU706
 1755              	.LBE484:
 1756              	.LBE491:
 1757              		.loc 1 572 3 is_stmt 1 view .LVU707
 1758              		.loc 1 572 3 view .LVU708
 1759              		.loc 1 572 3 view .LVU709
 1760              		.loc 1 572 3 view .LVU710
 1761              		.loc 1 572 3 view .LVU711
 1762              		.loc 1 572 47 view .LVU712
 1763              		.loc 1 574 3 view .LVU713
 1764              	.LBB492:
 1765              	.LBI492:
 1766              		.loc 3 371 20 view .LVU714
ARM GAS  /tmp/ccrfHNBB.s 			page 32


 1767              		.loc 3 373 3 view .LVU715
 1768              	.LBB493:
 1769              	.LBI493:
 1770              		.loc 4 739 20 view .LVU716
 1771              	.LBB494:
 1772              		.loc 4 741 3 view .LVU717
 1773              		.syntax divided
 1774              	@ 741 "../../../os/common/ports/ARMv7-R/chcore.h" 1
 1775 0094 80000CF1 		cpsid   i
 1776              	@ 0 "" 2
 1777              		.arm
 1778              		.syntax unified
 1779              	.LBE494:
 1780              	.LBE493:
 1781              		.loc 3 374 35 view .LVU718
 1782              		.loc 3 375 21 view .LVU719
 1783              	.LBE492:
 1784              		.loc 1 577 3 view .LVU720
 1785 0098 48301CE5 		ldr	r3, [ip, #-72]
 1786 009c 34204CE2 		sub	r2, ip, #52
 1787              	.LVL51:
 1788              	.LBB495:
 1789              	.LBI495:
 1790              		.loc 2 323 20 view .LVU721
 1791              	.LBB496:
 1792              		.loc 2 325 3 view .LVU722
 1793              		.loc 2 326 21 is_stmt 0 view .LVU723
 1794 00a0 2CE093E5 		ldr	lr, [r3, #44]
 1795              	.LBE496:
 1796              	.LBE495:
 1797              		.loc 1 577 3 view .LVU724
 1798 00a4 285083E2 		add	r5, r3, #40
 1799              	.LVL52:
 1800              	.LBB499:
 1801              	.LBB497:
 1802              		.loc 2 326 17 view .LVU725
 1803 00a8 30E00CE5 		str	lr, [ip, #-48]
 1804              		.loc 2 325 17 view .LVU726
 1805 00ac 34500CE5 		str	r5, [ip, #-52]
 1806              		.loc 2 326 3 is_stmt 1 view .LVU727
 1807              		.loc 2 327 3 view .LVU728
 1808              	.LBE497:
 1809              	.LBE499:
 1810              		.loc 1 581 3 is_stmt 0 view .LVU729
 1811 00b0 0400A0E1 		mov	r0, r4
 1812              	.LVL53:
 1813              	.LBB500:
 1814              	.LBB498:
 1815              		.loc 2 327 17 view .LVU730
 1816 00b4 00208EE5 		str	r2, [lr]
 1817              	.LVL54:
 1818              		.loc 2 328 3 is_stmt 1 view .LVU731
 1819              		.loc 2 328 17 is_stmt 0 view .LVU732
 1820 00b8 2C2083E5 		str	r2, [r3, #44]
 1821              	.LVL55:
 1822              		.loc 2 328 17 view .LVU733
 1823              	.LBE498:
ARM GAS  /tmp/ccrfHNBB.s 			page 33


 1824              	.LBE500:
 1825              		.loc 1 581 3 is_stmt 1 view .LVU734
 1826 00bc FEFFFFEB 		bl	chSchWakeupS
 1827              	.LVL56:
 1828              		.loc 1 582 3 view .LVU735
 1829              	.LBB501:
 1830              	.LBI501:
 1831              		.loc 3 385 20 view .LVU736
 1832              	.LBB502:
 1833              		.loc 3 387 23 view .LVU737
 1834              		.loc 3 388 34 view .LVU738
 1835              		.loc 3 394 3 view .LVU739
 1836              		.loc 3 394 3 view .LVU740
 1837              		.loc 3 394 3 discriminator 7 view .LVU741
 1838              		.loc 3 398 3 view .LVU742
 1839              	.LBB503:
 1840              	.LBI503:
 1841              		.loc 4 751 20 view .LVU743
 1842              	.LBB504:
 1843              		.loc 4 756 3 view .LVU744
 1844              		.syntax divided
 1845              	@ 756 "../../../os/common/ports/ARMv7-R/chcore.h" 1
 1846 00c0 C00008F1 		cpsie   if
 1847              	@ 0 "" 2
 1848              		.arm
 1849              		.syntax unified
 1850              	.LBE504:
 1851              	.LBE503:
 1852              	.LBE502:
 1853              	.LBE501:
 1854              		.loc 1 584 3 view .LVU745
 1855              		.loc 1 585 1 is_stmt 0 view .LVU746
 1856 00c4 0400A0E1 		mov	r0, r4
 1857 00c8 F081BDE8 		pop	{r4, r5, r6, r7, r8, pc}
 1858              		.cfi_endproc
 1859              	.LFE217:
 1860              		.size	chThdCreateStatic, .-chThdCreateStatic
 1861              		.section	.text.chThdStart,"ax",%progbits
 1862              		.align	2
 1863              		.p2align 4,,15
 1864              		.global	chThdStart
 1865              		.syntax unified
 1866              		.arm
 1867              		.type	chThdStart, %function
 1868              	chThdStart:
 1869              	.LVL57:
 1870              	.LFB218:
 1871              		.loc 1 595 36 is_stmt 1 view -0
 1872              		.cfi_startproc
 1873              		@ args = 0, pretend = 0, frame = 0
 1874              		@ frame_needed = 0, uses_anonymous_args = 0
 1875              		.loc 1 597 3 view .LVU748
 1876              	.LBB505:
 1877              	.LBI505:
 1878              		.loc 3 371 20 view .LVU749
 1879              		.loc 3 373 3 view .LVU750
 1880              	.LBB506:
ARM GAS  /tmp/ccrfHNBB.s 			page 34


 1881              	.LBI506:
 1882              		.loc 4 739 20 view .LVU751
 1883              	.LBB507:
 1884              		.loc 4 741 3 view .LVU752
 1885              	.LBE507:
 1886              	.LBE506:
 1887              	.LBE505:
 1888              		.loc 1 595 36 is_stmt 0 view .LVU753
 1889 0000 10402DE9 		push	{r4, lr}
 1890              		.cfi_def_cfa_offset 8
 1891              		.cfi_offset 4, -8
 1892              		.cfi_offset 14, -4
 1893              		.loc 1 595 36 view .LVU754
 1894 0004 0040A0E1 		mov	r4, r0
 1895              	.LBB510:
 1896              	.LBB509:
 1897              	.LBB508:
 1898              		.loc 4 741 3 view .LVU755
 1899              		.syntax divided
 1900              	@ 741 "../../../os/common/ports/ARMv7-R/chcore.h" 1
 1901 0008 80000CF1 		cpsid   i
 1902              	@ 0 "" 2
 1903              		.arm
 1904              		.syntax unified
 1905              	.LBE508:
 1906              	.LBE509:
 1907              		.loc 3 374 35 is_stmt 1 view .LVU756
 1908              		.loc 3 375 21 view .LVU757
 1909              	.LBE510:
 1910              		.loc 1 598 3 view .LVU758
 1911              		.loc 1 598 3 view .LVU759
 1912              		.loc 1 598 3 discriminator 5 view .LVU760
 1913              		.loc 1 599 3 view .LVU761
 1914 000c 0010A0E3 		mov	r1, #0
 1915 0010 FEFFFFEB 		bl	chSchWakeupS
 1916              	.LVL58:
 1917              		.loc 1 600 3 view .LVU762
 1918              	.LBB511:
 1919              	.LBI511:
 1920              		.loc 3 385 20 view .LVU763
 1921              	.LBB512:
 1922              		.loc 3 387 23 view .LVU764
 1923              		.loc 3 388 34 view .LVU765
 1924              		.loc 3 394 3 view .LVU766
 1925              		.loc 3 394 3 view .LVU767
 1926              		.loc 3 394 3 discriminator 7 view .LVU768
 1927              		.loc 3 398 3 view .LVU769
 1928              	.LBB513:
 1929              	.LBI513:
 1930              		.loc 4 751 20 view .LVU770
 1931              	.LBB514:
 1932              		.loc 4 756 3 view .LVU771
 1933              		.syntax divided
 1934              	@ 756 "../../../os/common/ports/ARMv7-R/chcore.h" 1
 1935 0014 C00008F1 		cpsie   if
 1936              	@ 0 "" 2
 1937              		.arm
ARM GAS  /tmp/ccrfHNBB.s 			page 35


 1938              		.syntax unified
 1939              	.LBE514:
 1940              	.LBE513:
 1941              	.LBE512:
 1942              	.LBE511:
 1943              		.loc 1 602 3 view .LVU772
 1944              		.loc 1 603 1 is_stmt 0 view .LVU773
 1945 0018 0400A0E1 		mov	r0, r4
 1946 001c 1080BDE8 		pop	{r4, pc}
 1947              		.cfi_endproc
 1948              	.LFE218:
 1949              		.size	chThdStart, .-chThdStart
 1950              		.section	.text.chThdAddRef,"ax",%progbits
 1951              		.align	2
 1952              		.p2align 4,,15
 1953              		.global	chThdAddRef
 1954              		.syntax unified
 1955              		.arm
 1956              		.type	chThdAddRef, %function
 1957              	chThdAddRef:
 1958              	.LVL59:
 1959              	.LFB219:
 1960              		.loc 1 617 37 is_stmt 1 view -0
 1961              		.cfi_startproc
 1962              		@ args = 0, pretend = 0, frame = 0
 1963              		@ frame_needed = 0, uses_anonymous_args = 0
 1964              		@ link register save eliminated.
 1965              		.loc 1 619 3 view .LVU775
 1966              	.LBB515:
 1967              	.LBI515:
 1968              		.loc 3 371 20 view .LVU776
 1969              		.loc 3 373 3 view .LVU777
 1970              	.LBB516:
 1971              	.LBI516:
 1972              		.loc 4 739 20 view .LVU778
 1973              	.LBB517:
 1974              		.loc 4 741 3 view .LVU779
 1975              		.syntax divided
 1976              	@ 741 "../../../os/common/ports/ARMv7-R/chcore.h" 1
 1977 0000 80000CF1 		cpsid   i
 1978              	@ 0 "" 2
 1979              		.arm
 1980              		.syntax unified
 1981              	.LBE517:
 1982              	.LBE516:
 1983              		.loc 3 374 35 view .LVU780
 1984              		.loc 3 375 21 view .LVU781
 1985              	.LBE515:
 1986              		.loc 1 620 3 view .LVU782
 1987              		.loc 1 620 3 view .LVU783
 1988              		.loc 1 620 3 discriminator 5 view .LVU784
 1989              		.loc 1 621 3 view .LVU785
 1990              		.loc 1 621 11 is_stmt 0 view .LVU786
 1991 0004 1E20D0E5 		ldrb	r2, [r0, #30]	@ zero_extendqisi2
 1992 0008 012082E2 		add	r2, r2, #1
 1993 000c 1E20C0E5 		strb	r2, [r0, #30]
 1994              		.loc 1 622 3 is_stmt 1 view .LVU787
ARM GAS  /tmp/ccrfHNBB.s 			page 36


 1995              	.LBB518:
 1996              	.LBI518:
 1997              		.loc 3 385 20 view .LVU788
 1998              	.LBB519:
 1999              		.loc 3 387 23 view .LVU789
 2000              		.loc 3 388 34 view .LVU790
 2001              		.loc 3 394 3 view .LVU791
 2002              		.loc 3 394 3 view .LVU792
 2003              		.loc 3 394 3 discriminator 7 view .LVU793
 2004              		.loc 3 398 3 view .LVU794
 2005              	.LBB520:
 2006              	.LBI520:
 2007              		.loc 4 751 20 view .LVU795
 2008              	.LBB521:
 2009              		.loc 4 756 3 view .LVU796
 2010              		.syntax divided
 2011              	@ 756 "../../../os/common/ports/ARMv7-R/chcore.h" 1
 2012 0010 C00008F1 		cpsie   if
 2013              	@ 0 "" 2
 2014              		.arm
 2015              		.syntax unified
 2016              	.LBE521:
 2017              	.LBE520:
 2018              	.LBE519:
 2019              	.LBE518:
 2020              		.loc 1 624 3 view .LVU797
 2021              		.loc 1 625 1 is_stmt 0 view .LVU798
 2022 0014 1EFF2FE1 		bx	lr
 2023              		.cfi_endproc
 2024              	.LFE219:
 2025              		.size	chThdAddRef, .-chThdAddRef
 2026              		.section	.text.chThdRelease,"ax",%progbits
 2027              		.align	2
 2028              		.p2align 4,,15
 2029              		.global	chThdRelease
 2030              		.syntax unified
 2031              		.arm
 2032              		.type	chThdRelease, %function
 2033              	chThdRelease:
 2034              	.LVL60:
 2035              	.LFB220:
 2036              		.loc 1 645 33 is_stmt 1 view -0
 2037              		.cfi_startproc
 2038              		@ args = 0, pretend = 0, frame = 0
 2039              		@ frame_needed = 0, uses_anonymous_args = 0
 2040              		@ link register save eliminated.
 2041              		.loc 1 647 3 view .LVU800
 2042              	.LBB551:
 2043              	.LBI551:
 2044              		.loc 3 371 20 view .LVU801
 2045              		.loc 3 373 3 view .LVU802
 2046              	.LBB552:
 2047              	.LBI552:
 2048              		.loc 4 739 20 view .LVU803
 2049              	.LBB553:
 2050              		.loc 4 741 3 view .LVU804
 2051              		.syntax divided
ARM GAS  /tmp/ccrfHNBB.s 			page 37


 2052              	@ 741 "../../../os/common/ports/ARMv7-R/chcore.h" 1
 2053 0000 80000CF1 		cpsid   i
 2054              	@ 0 "" 2
 2055              		.arm
 2056              		.syntax unified
 2057              	.LBE553:
 2058              	.LBE552:
 2059              		.loc 3 374 35 view .LVU805
 2060              		.loc 3 375 21 view .LVU806
 2061              	.LBE551:
 2062              		.loc 1 648 3 view .LVU807
 2063              		.loc 1 648 3 view .LVU808
 2064              		.loc 1 648 3 discriminator 5 view .LVU809
 2065              		.loc 1 649 3 view .LVU810
 2066              		.loc 1 649 11 is_stmt 0 view .LVU811
 2067 0004 1E20D0E5 		ldrb	r2, [r0, #30]	@ zero_extendqisi2
 2068 0008 012042E2 		sub	r2, r2, #1
 2069 000c 1E20C0E5 		strb	r2, [r0, #30]
 2070              		.loc 1 654 3 is_stmt 1 view .LVU812
 2071              		.loc 1 654 32 is_stmt 0 view .LVU813
 2072 0010 1C2090E5 		ldr	r2, [r0, #28]
 2073 0014 FF24C2E3 		bic	r2, r2, #-16777216
 2074 0018 FF2CC2E3 		bic	r2, r2, #65280
 2075              		.loc 1 654 6 view .LVU814
 2076 001c 0F0052E3 		cmp	r2, #15
 2077 0020 0100000A 		beq	.L42
 2078              		.loc 1 669 3 is_stmt 1 view .LVU815
 2079              	.LBB554:
 2080              	.LBI554:
 2081              		.loc 3 385 20 view .LVU816
 2082              	.LBB555:
 2083              		.loc 3 387 23 view .LVU817
 2084              		.loc 3 388 34 view .LVU818
 2085              		.loc 3 394 3 view .LVU819
 2086              		.loc 3 394 3 view .LVU820
 2087              		.loc 3 394 3 discriminator 7 view .LVU821
 2088              		.loc 3 398 3 view .LVU822
 2089              	.LBB556:
 2090              	.LBI556:
 2091              		.loc 4 751 20 view .LVU823
 2092              	.LBB557:
 2093              		.loc 4 756 3 view .LVU824
 2094              		.syntax divided
 2095              	@ 756 "../../../os/common/ports/ARMv7-R/chcore.h" 1
 2096 0024 C00008F1 		cpsie   if
 2097              	@ 0 "" 2
 2098              		.arm
 2099              		.syntax unified
 2100              	.LBE557:
 2101              	.LBE556:
 2102              	.LBE555:
 2103              	.LBE554:
 2104              		.loc 1 670 1 is_stmt 0 view .LVU825
 2105 0028 1EFF2FE1 		bx	lr
 2106              	.L42:
 2107              	.LVL61:
 2108              	.LBB558:
ARM GAS  /tmp/ccrfHNBB.s 			page 38


 2109              	.LBI558:
 2110              		.loc 1 645 6 is_stmt 1 view .LVU826
 2111              	.LBB559:
 2112              		.loc 1 657 5 view .LVU827
 2113              	.LBB560:
 2114              	.LBI560:
 2115              		.loc 2 382 27 view .LVU828
 2116              	.LBB561:
 2117              		.loc 2 384 3 view .LVU829
 2118              		.loc 2 384 4 is_stmt 0 view .LVU830
 2119 002c 281090E5 		ldr	r1, [r0, #40]
 2120              		.loc 2 384 20 view .LVU831
 2121 0030 242090E5 		ldr	r2, [r0, #36]
 2122              		.loc 2 384 17 view .LVU832
 2123 0034 002081E5 		str	r2, [r1]
 2124              		.loc 2 385 3 is_stmt 1 view .LVU833
 2125              		.loc 2 385 17 is_stmt 0 view .LVU834
 2126 0038 041082E5 		str	r1, [r2, #4]
 2127              		.loc 2 387 3 is_stmt 1 view .LVU835
 2128              	.LVL62:
 2129              		.loc 2 387 3 is_stmt 0 view .LVU836
 2130              	.LBE561:
 2131              	.LBE560:
 2132              		.loc 1 658 5 is_stmt 1 view .LVU837
 2133              	.LBB562:
 2134              	.LBI562:
 2135              		.loc 3 385 20 view .LVU838
 2136              	.LBB563:
 2137              		.loc 3 387 23 view .LVU839
 2138              		.loc 3 388 34 view .LVU840
 2139              		.loc 3 394 3 view .LVU841
 2140              		.loc 3 394 3 view .LVU842
 2141              		.loc 3 394 3 discriminator 7 view .LVU843
 2142              		.loc 3 398 3 view .LVU844
 2143              	.LBB564:
 2144              	.LBI564:
 2145              		.loc 4 751 20 view .LVU845
 2146              	.LBB565:
 2147              		.loc 4 756 3 view .LVU846
 2148              		.syntax divided
 2149              	@ 756 "../../../os/common/ports/ARMv7-R/chcore.h" 1
 2150 003c C00008F1 		cpsie   if
 2151              	@ 0 "" 2
 2152              		.arm
 2153              		.syntax unified
 2154              	.LBE565:
 2155              	.LBE564:
 2156              	.LBE563:
 2157              	.LBE562:
 2158              		.loc 1 662 5 view .LVU847
 2159              		.loc 1 662 11 is_stmt 0 view .LVU848
 2160 0040 2C3090E5 		ldr	r3, [r0, #44]
 2161              		.loc 1 662 8 view .LVU849
 2162 0044 000053E3 		cmp	r3, #0
 2163 0048 1EFF2F01 		bxeq	lr
 2164              		.loc 1 663 7 is_stmt 1 view .LVU850
 2165 004c 13FF2FE1 		bx	r3	@ indirect register sibling call
ARM GAS  /tmp/ccrfHNBB.s 			page 39


 2166              	.LVL63:
 2167              		.loc 1 663 7 is_stmt 0 view .LVU851
 2168              	.LBE559:
 2169              	.LBE558:
 2170              		.cfi_endproc
 2171              	.LFE220:
 2172              		.size	chThdRelease, .-chThdRelease
 2173              		.section	.text.chThdExit,"ax",%progbits
 2174              		.align	2
 2175              		.p2align 4,,15
 2176              		.global	chThdExit
 2177              		.syntax unified
 2178              		.arm
 2179              		.type	chThdExit, %function
 2180              	chThdExit:
 2181              	.LVL64:
 2182              	.LFB221:
 2183              		.loc 1 687 27 is_stmt 1 view -0
 2184              		.cfi_startproc
 2185              		@ args = 0, pretend = 0, frame = 0
 2186              		@ frame_needed = 0, uses_anonymous_args = 0
 2187              		.loc 1 689 3 view .LVU853
 2188              	.LBB579:
 2189              	.LBI579:
 2190              		.loc 3 371 20 view .LVU854
 2191              		.loc 3 373 3 view .LVU855
 2192              	.LBB580:
 2193              	.LBI580:
 2194              		.loc 4 739 20 view .LVU856
 2195              	.LBB581:
 2196              		.loc 4 741 3 view .LVU857
 2197              	.LBE581:
 2198              	.LBE580:
 2199              	.LBE579:
 2200              		.loc 1 687 27 is_stmt 0 view .LVU858
 2201 0000 70402DE9 		push	{r4, r5, r6, lr}
 2202              		.cfi_def_cfa_offset 16
 2203              		.cfi_offset 4, -16
 2204              		.cfi_offset 5, -12
 2205              		.cfi_offset 6, -8
 2206              		.cfi_offset 14, -4
 2207              	.LBB584:
 2208              	.LBB583:
 2209              	.LBB582:
 2210              		.loc 4 741 3 view .LVU859
 2211              		.syntax divided
 2212              	@ 741 "../../../os/common/ports/ARMv7-R/chcore.h" 1
 2213 0004 80000CF1 		cpsid   i
 2214              	@ 0 "" 2
 2215              		.arm
 2216              		.syntax unified
 2217              	.LBE582:
 2218              	.LBE583:
 2219              		.loc 3 374 35 is_stmt 1 view .LVU860
 2220              		.loc 3 375 21 view .LVU861
 2221              	.LBE584:
 2222              		.loc 1 690 3 view .LVU862
ARM GAS  /tmp/ccrfHNBB.s 			page 40


 2223              	.LVL65:
 2224              	.LBB585:
 2225              	.LBI585:
 2226              		.loc 1 711 6 view .LVU863
 2227              	.LBB586:
 2228              		.loc 1 712 3 view .LVU864
 2229              	.LBB587:
 2230              	.LBI587:
 2231              		.file 5 "../../../os/rt/include/chthreads.h"
 2232              		.loc 5 526 25 view .LVU865
 2233              	.LBB588:
 2234              		.loc 5 528 3 view .LVU866
 2235              		.loc 5 528 10 is_stmt 0 view .LVU867
 2236 0008 003000E3 		movw	r3, #:lower16:ch0
 2237 000c 003040E3 		movt	r3, #:upper16:ch0
 2238 0010 0C4093E5 		ldr	r4, [r3, #12]
 2239              	.LVL66:
 2240              		.loc 5 528 10 view .LVU868
 2241              	.LBE588:
 2242              	.LBE587:
 2243              		.loc 1 715 3 is_stmt 1 view .LVU869
 2244              	.LBB589:
 2245              	.LBB590:
 2246              		.loc 2 240 19 is_stmt 0 view .LVU870
 2247 0014 383094E5 		ldr	r3, [r4, #56]
 2248              	.LBE590:
 2249              	.LBE589:
 2250              		.loc 1 722 10 view .LVU871
 2251 0018 385084E2 		add	r5, r4, #56
 2252              		.loc 1 722 10 discriminator 2 view .LVU872
 2253 001c 030055E1 		cmp	r5, r3
 2254              		.loc 1 715 22 view .LVU873
 2255 0020 340084E5 		str	r0, [r4, #52]
 2256              		.loc 1 718 3 is_stmt 1 view .LVU874
 2257              		.loc 1 718 3 view .LVU875
 2258              		.loc 1 718 3 view .LVU876
 2259              		.loc 1 722 3 view .LVU877
 2260              		.loc 1 722 10 view .LVU878
 2261              	.LVL67:
 2262              	.LBB593:
 2263              	.LBI589:
 2264              		.loc 2 238 20 view .LVU879
 2265              	.LBB591:
 2266              		.loc 2 240 3 view .LVU880
 2267              		.loc 2 240 3 is_stmt 0 view .LVU881
 2268              	.LBE591:
 2269              	.LBE593:
 2270              		.loc 1 722 10 discriminator 2 view .LVU882
 2271 0024 0500001A 		bne	.L45
 2272              		.loc 1 728 3 is_stmt 1 view .LVU883
 2273              		.loc 1 728 6 is_stmt 0 discriminator 1 view .LVU884
 2274 0028 1E30D4E5 		ldrb	r3, [r4, #30]	@ zero_extendqisi2
 2275 002c 000053E3 		cmp	r3, #0
 2276 0030 0C00000A 		beq	.L49
 2277              	.LVL68:
 2278              	.L46:
 2279              		.loc 1 742 3 is_stmt 1 view .LVU885
ARM GAS  /tmp/ccrfHNBB.s 			page 41


 2280              	.LBE586:
 2281              	.LBE585:
 2282              		.loc 1 692 1 is_stmt 0 view .LVU886
 2283 0034 7040BDE8 		pop	{r4, r5, r6, lr}
 2284              		.cfi_remember_state
 2285              		.cfi_restore 14
 2286              		.cfi_restore 6
 2287              		.cfi_restore 5
 2288              		.cfi_restore 4
 2289              		.cfi_def_cfa_offset 0
 2290              	.LVL69:
 2291              	.LBB605:
 2292              	.LBB603:
 2293              		.loc 1 742 3 view .LVU887
 2294 0038 0F00A0E3 		mov	r0, #15
 2295 003c FEFFFFEA 		b	chSchGoSleepS
 2296              	.LVL70:
 2297              	.L45:
 2298              		.cfi_restore_state
 2299              		.loc 1 723 5 is_stmt 1 view .LVU888
 2300              	.LBB594:
 2301              	.LBI594:
 2302              		.loc 2 266 26 view .LVU889
 2303              	.LBB595:
 2304              		.loc 2 268 3 view .LVU890
 2305              		.loc 2 268 3 view .LVU891
 2306              		.loc 2 268 3 discriminator 5 view .LVU892
 2307              		.loc 2 270 3 view .LVU893
 2308              		.loc 2 271 3 view .LVU894
 2309              		.loc 2 271 15 is_stmt 0 view .LVU895
 2310 0040 002093E5 		ldr	r2, [r3]
 2311              	.LBE595:
 2312              	.LBE594:
 2313              		.loc 1 723 12 discriminator 1 view .LVU896
 2314 0044 0300A0E1 		mov	r0, r3
 2315              	.LBB597:
 2316              	.LBB596:
 2317              		.loc 2 271 12 view .LVU897
 2318 0048 382084E5 		str	r2, [r4, #56]
 2319              		.loc 2 273 3 is_stmt 1 view .LVU898
 2320              	.LVL71:
 2321              		.loc 2 273 3 is_stmt 0 view .LVU899
 2322              	.LBE596:
 2323              	.LBE597:
 2324              		.loc 1 723 12 discriminator 1 view .LVU900
 2325 004c FEFFFFEB 		bl	chSchReadyI
 2326              	.LVL72:
 2327              		.loc 1 722 10 is_stmt 1 view .LVU901
 2328              	.LBB598:
 2329              		.loc 2 238 20 view .LVU902
 2330              	.LBB592:
 2331              		.loc 2 240 3 view .LVU903
 2332              		.loc 2 240 19 is_stmt 0 view .LVU904
 2333 0050 383094E5 		ldr	r3, [r4, #56]
 2334              	.LVL73:
 2335              		.loc 2 240 19 view .LVU905
 2336              	.LBE592:
ARM GAS  /tmp/ccrfHNBB.s 			page 42


 2337              	.LBE598:
 2338              		.loc 1 722 10 discriminator 2 view .LVU906
 2339 0054 050053E1 		cmp	r3, r5
 2340 0058 F8FFFF1A 		bne	.L45
 2341              		.loc 1 728 3 is_stmt 1 view .LVU907
 2342              		.loc 1 728 6 is_stmt 0 discriminator 1 view .LVU908
 2343 005c 1E30D4E5 		ldrb	r3, [r4, #30]	@ zero_extendqisi2
 2344 0060 000053E3 		cmp	r3, #0
 2345 0064 F2FFFF1A 		bne	.L46
 2346              	.L49:
 2347              		.loc 1 732 5 is_stmt 1 view .LVU909
 2348              		.loc 1 732 8 is_stmt 0 view .LVU910
 2349 0068 2C3094E5 		ldr	r3, [r4, #44]
 2350              		.loc 1 742 3 view .LVU911
 2351 006c 0F00A0E3 		mov	r0, #15
 2352              		.loc 1 732 8 view .LVU912
 2353 0070 000053E3 		cmp	r3, #0
 2354              		.loc 1 733 7 is_stmt 1 view .LVU913
 2355              	.LVL74:
 2356              	.LBB599:
 2357              	.LBI599:
 2358              		.loc 2 382 27 view .LVU914
 2359              	.LBB600:
 2360              		.loc 2 384 3 view .LVU915
 2361              		.loc 2 384 4 is_stmt 0 view .LVU916
 2362 0074 28209405 		ldreq	r2, [r4, #40]
 2363              		.loc 2 384 20 view .LVU917
 2364 0078 24309405 		ldreq	r3, [r4, #36]
 2365              	.LBE600:
 2366              	.LBE599:
 2367              	.LBE603:
 2368              	.LBE605:
 2369              		.loc 1 692 1 view .LVU918
 2370 007c 7040BDE8 		pop	{r4, r5, r6, lr}
 2371              		.cfi_restore 14
 2372              		.cfi_restore 6
 2373              		.cfi_restore 5
 2374              		.cfi_restore 4
 2375              		.cfi_def_cfa_offset 0
 2376              	.LVL75:
 2377              	.LBB606:
 2378              	.LBB604:
 2379              	.LBB602:
 2380              	.LBB601:
 2381              		.loc 2 384 17 view .LVU919
 2382 0080 00308205 		streq	r3, [r2]
 2383              		.loc 2 385 3 is_stmt 1 view .LVU920
 2384              		.loc 2 385 17 is_stmt 0 view .LVU921
 2385 0084 04208305 		streq	r2, [r3, #4]
 2386              		.loc 2 387 3 is_stmt 1 view .LVU922
 2387              	.LVL76:
 2388              		.loc 2 387 3 is_stmt 0 view .LVU923
 2389              	.LBE601:
 2390              	.LBE602:
 2391              		.loc 1 742 3 is_stmt 1 view .LVU924
 2392 0088 FEFFFFEA 		b	chSchGoSleepS
 2393              	.LVL77:
ARM GAS  /tmp/ccrfHNBB.s 			page 43


 2394              	.LBE604:
 2395              	.LBE606:
 2396              		.cfi_endproc
 2397              	.LFE221:
 2398              		.size	chThdExit, .-chThdExit
 2399              		.section	.text.chThdExitS,"ax",%progbits
 2400              		.align	2
 2401              		.p2align 4,,15
 2402              		.global	chThdExitS
 2403              		.syntax unified
 2404              		.arm
 2405              		.type	chThdExitS, %function
 2406              	chThdExitS:
 2407              	.LVL78:
 2408              	.LFB222:
 2409              		.loc 1 711 28 view -0
 2410              		.cfi_startproc
 2411              		@ args = 0, pretend = 0, frame = 0
 2412              		@ frame_needed = 0, uses_anonymous_args = 0
 2413              		.loc 1 712 3 view .LVU926
 2414              	.LBB607:
 2415              	.LBI607:
 2416              		.loc 5 526 25 view .LVU927
 2417              	.LBB608:
 2418              		.loc 5 528 3 view .LVU928
 2419              		.loc 5 528 10 is_stmt 0 view .LVU929
 2420 0000 003000E3 		movw	r3, #:lower16:ch0
 2421 0004 003040E3 		movt	r3, #:upper16:ch0
 2422              	.LBE608:
 2423              	.LBE607:
 2424              		.loc 1 711 28 view .LVU930
 2425 0008 70402DE9 		push	{r4, r5, r6, lr}
 2426              		.cfi_def_cfa_offset 16
 2427              		.cfi_offset 4, -16
 2428              		.cfi_offset 5, -12
 2429              		.cfi_offset 6, -8
 2430              		.cfi_offset 14, -4
 2431              	.LBB610:
 2432              	.LBB609:
 2433              		.loc 5 528 10 view .LVU931
 2434 000c 0C4093E5 		ldr	r4, [r3, #12]
 2435              	.LVL79:
 2436              		.loc 5 528 10 view .LVU932
 2437              	.LBE609:
 2438              	.LBE610:
 2439              		.loc 1 715 3 is_stmt 1 view .LVU933
 2440              	.LBB611:
 2441              	.LBB612:
 2442              		.loc 2 240 19 is_stmt 0 view .LVU934
 2443 0010 383094E5 		ldr	r3, [r4, #56]
 2444              	.LBE612:
 2445              	.LBE611:
 2446              		.loc 1 722 10 view .LVU935
 2447 0014 385084E2 		add	r5, r4, #56
 2448              		.loc 1 722 10 discriminator 2 view .LVU936
 2449 0018 050053E1 		cmp	r3, r5
 2450              		.loc 1 715 22 view .LVU937
ARM GAS  /tmp/ccrfHNBB.s 			page 44


 2451 001c 340084E5 		str	r0, [r4, #52]
 2452              		.loc 1 718 3 is_stmt 1 view .LVU938
 2453              		.loc 1 718 3 view .LVU939
 2454              		.loc 1 718 3 view .LVU940
 2455              		.loc 1 722 3 view .LVU941
 2456              		.loc 1 722 10 view .LVU942
 2457              	.LVL80:
 2458              	.LBB615:
 2459              	.LBI611:
 2460              		.loc 2 238 20 view .LVU943
 2461              	.LBB613:
 2462              		.loc 2 240 3 view .LVU944
 2463              		.loc 2 240 3 is_stmt 0 view .LVU945
 2464              	.LBE613:
 2465              	.LBE615:
 2466              		.loc 1 722 10 discriminator 2 view .LVU946
 2467 0020 0500001A 		bne	.L52
 2468              		.loc 1 728 3 is_stmt 1 view .LVU947
 2469              		.loc 1 728 6 is_stmt 0 discriminator 1 view .LVU948
 2470 0024 1E30D4E5 		ldrb	r3, [r4, #30]	@ zero_extendqisi2
 2471 0028 000053E3 		cmp	r3, #0
 2472 002c 0C00000A 		beq	.L56
 2473              	.LVL81:
 2474              	.L53:
 2475              		.loc 1 742 3 is_stmt 1 view .LVU949
 2476              		.loc 1 746 1 is_stmt 0 view .LVU950
 2477 0030 7040BDE8 		pop	{r4, r5, r6, lr}
 2478              		.cfi_remember_state
 2479              		.cfi_restore 14
 2480              		.cfi_restore 6
 2481              		.cfi_restore 5
 2482              		.cfi_restore 4
 2483              		.cfi_def_cfa_offset 0
 2484              	.LVL82:
 2485              		.loc 1 742 3 view .LVU951
 2486 0034 0F00A0E3 		mov	r0, #15
 2487 0038 FEFFFFEA 		b	chSchGoSleepS
 2488              	.LVL83:
 2489              	.L52:
 2490              		.cfi_restore_state
 2491              		.loc 1 723 5 is_stmt 1 view .LVU952
 2492              	.LBB616:
 2493              	.LBI616:
 2494              		.loc 2 266 26 view .LVU953
 2495              	.LBB617:
 2496              		.loc 2 268 3 view .LVU954
 2497              		.loc 2 268 3 view .LVU955
 2498              		.loc 2 268 3 discriminator 5 view .LVU956
 2499              		.loc 2 270 3 view .LVU957
 2500              		.loc 2 271 3 view .LVU958
 2501              		.loc 2 271 15 is_stmt 0 view .LVU959
 2502 003c 002093E5 		ldr	r2, [r3]
 2503              	.LBE617:
 2504              	.LBE616:
 2505              		.loc 1 723 12 discriminator 1 view .LVU960
 2506 0040 0300A0E1 		mov	r0, r3
 2507              	.LBB619:
ARM GAS  /tmp/ccrfHNBB.s 			page 45


 2508              	.LBB618:
 2509              		.loc 2 271 12 view .LVU961
 2510 0044 382084E5 		str	r2, [r4, #56]
 2511              		.loc 2 273 3 is_stmt 1 view .LVU962
 2512              	.LVL84:
 2513              		.loc 2 273 3 is_stmt 0 view .LVU963
 2514              	.LBE618:
 2515              	.LBE619:
 2516              		.loc 1 723 12 discriminator 1 view .LVU964
 2517 0048 FEFFFFEB 		bl	chSchReadyI
 2518              	.LVL85:
 2519              		.loc 1 722 10 is_stmt 1 view .LVU965
 2520              	.LBB620:
 2521              		.loc 2 238 20 view .LVU966
 2522              	.LBB614:
 2523              		.loc 2 240 3 view .LVU967
 2524              		.loc 2 240 19 is_stmt 0 view .LVU968
 2525 004c 383094E5 		ldr	r3, [r4, #56]
 2526              	.LVL86:
 2527              		.loc 2 240 19 view .LVU969
 2528              	.LBE614:
 2529              	.LBE620:
 2530              		.loc 1 722 10 discriminator 2 view .LVU970
 2531 0050 050053E1 		cmp	r3, r5
 2532 0054 F8FFFF1A 		bne	.L52
 2533              		.loc 1 728 3 is_stmt 1 view .LVU971
 2534              		.loc 1 728 6 is_stmt 0 discriminator 1 view .LVU972
 2535 0058 1E30D4E5 		ldrb	r3, [r4, #30]	@ zero_extendqisi2
 2536 005c 000053E3 		cmp	r3, #0
 2537 0060 F2FFFF1A 		bne	.L53
 2538              	.L56:
 2539              		.loc 1 732 5 is_stmt 1 view .LVU973
 2540              		.loc 1 732 8 is_stmt 0 view .LVU974
 2541 0064 2C3094E5 		ldr	r3, [r4, #44]
 2542              		.loc 1 742 3 view .LVU975
 2543 0068 0F00A0E3 		mov	r0, #15
 2544              		.loc 1 732 8 view .LVU976
 2545 006c 000053E3 		cmp	r3, #0
 2546              		.loc 1 733 7 is_stmt 1 view .LVU977
 2547              	.LVL87:
 2548              	.LBB621:
 2549              	.LBI621:
 2550              		.loc 2 382 27 view .LVU978
 2551              	.LBB622:
 2552              		.loc 2 384 3 view .LVU979
 2553              		.loc 2 384 4 is_stmt 0 view .LVU980
 2554 0070 28209405 		ldreq	r2, [r4, #40]
 2555              		.loc 2 384 20 view .LVU981
 2556 0074 24309405 		ldreq	r3, [r4, #36]
 2557              	.LBE622:
 2558              	.LBE621:
 2559              		.loc 1 746 1 view .LVU982
 2560 0078 7040BDE8 		pop	{r4, r5, r6, lr}
 2561              		.cfi_restore 14
 2562              		.cfi_restore 6
 2563              		.cfi_restore 5
 2564              		.cfi_restore 4
ARM GAS  /tmp/ccrfHNBB.s 			page 46


 2565              		.cfi_def_cfa_offset 0
 2566              	.LVL88:
 2567              	.LBB624:
 2568              	.LBB623:
 2569              		.loc 2 384 17 view .LVU983
 2570 007c 00308205 		streq	r3, [r2]
 2571              		.loc 2 385 3 is_stmt 1 view .LVU984
 2572              		.loc 2 385 17 is_stmt 0 view .LVU985
 2573 0080 04208305 		streq	r2, [r3, #4]
 2574              		.loc 2 387 3 is_stmt 1 view .LVU986
 2575              	.LVL89:
 2576              		.loc 2 387 3 is_stmt 0 view .LVU987
 2577              	.LBE623:
 2578              	.LBE624:
 2579              		.loc 1 742 3 is_stmt 1 view .LVU988
 2580 0084 FEFFFFEA 		b	chSchGoSleepS
 2581              	.LVL90:
 2582              		.cfi_endproc
 2583              	.LFE222:
 2584              		.size	chThdExitS, .-chThdExitS
 2585              		.section	.text.chThdWait,"ax",%progbits
 2586              		.align	2
 2587              		.p2align 4,,15
 2588              		.global	chThdWait
 2589              		.syntax unified
 2590              		.arm
 2591              		.type	chThdWait, %function
 2592              	chThdWait:
 2593              	.LVL91:
 2594              	.LFB223:
 2595              		.loc 1 768 31 view -0
 2596              		.cfi_startproc
 2597              		@ args = 0, pretend = 0, frame = 0
 2598              		@ frame_needed = 0, uses_anonymous_args = 0
 2599              		.loc 1 769 3 view .LVU990
 2600              	.LBB660:
 2601              	.LBI660:
 2602              		.loc 5 526 25 view .LVU991
 2603              	.LBB661:
 2604              		.loc 5 528 3 view .LVU992
 2605              		.loc 5 528 10 is_stmt 0 view .LVU993
 2606 0000 003000E3 		movw	r3, #:lower16:ch0
 2607 0004 003040E3 		movt	r3, #:upper16:ch0
 2608              	.LBE661:
 2609              	.LBE660:
 2610              		.loc 1 768 31 view .LVU994
 2611 0008 70402DE9 		push	{r4, r5, r6, lr}
 2612              		.cfi_def_cfa_offset 16
 2613              		.cfi_offset 4, -16
 2614              		.cfi_offset 5, -12
 2615              		.cfi_offset 6, -8
 2616              		.cfi_offset 14, -4
 2617              	.LBB663:
 2618              	.LBB662:
 2619              		.loc 5 528 10 view .LVU995
 2620 000c 0C3093E5 		ldr	r3, [r3, #12]
 2621              	.LVL92:
ARM GAS  /tmp/ccrfHNBB.s 			page 47


 2622              		.loc 5 528 10 view .LVU996
 2623              	.LBE662:
 2624              	.LBE663:
 2625              		.loc 1 770 3 is_stmt 1 view .LVU997
 2626              		.loc 1 772 3 view .LVU998
 2627              		.loc 1 772 3 view .LVU999
 2628              		.loc 1 772 3 discriminator 5 view .LVU1000
 2629              		.loc 1 774 3 view .LVU1001
 2630              	.LBB664:
 2631              	.LBI664:
 2632              		.loc 3 371 20 view .LVU1002
 2633              		.loc 3 373 3 view .LVU1003
 2634              	.LBB665:
 2635              	.LBI665:
 2636              		.loc 4 739 20 view .LVU1004
 2637              	.LBB666:
 2638              		.loc 4 741 3 view .LVU1005
 2639              	.LBE666:
 2640              	.LBE665:
 2641              	.LBE664:
 2642              		.loc 1 768 31 is_stmt 0 view .LVU1006
 2643 0010 0040A0E1 		mov	r4, r0
 2644              	.LBB669:
 2645              	.LBB668:
 2646              	.LBB667:
 2647              		.loc 4 741 3 view .LVU1007
 2648              		.syntax divided
 2649              	@ 741 "../../../os/common/ports/ARMv7-R/chcore.h" 1
 2650 0014 80000CF1 		cpsid   i
 2651              	@ 0 "" 2
 2652              		.arm
 2653              		.syntax unified
 2654              	.LBE667:
 2655              	.LBE668:
 2656              		.loc 3 374 35 is_stmt 1 view .LVU1008
 2657              		.loc 3 375 21 view .LVU1009
 2658              	.LBE669:
 2659              		.loc 1 775 3 view .LVU1010
 2660              		.loc 1 775 3 view .LVU1011
 2661              		.loc 1 775 3 discriminator 5 view .LVU1012
 2662              		.loc 1 777 3 view .LVU1013
 2663              		.loc 1 777 3 view .LVU1014
 2664              		.loc 1 777 3 discriminator 5 view .LVU1015
 2665              		.loc 1 780 3 view .LVU1016
 2666              		.loc 1 780 6 is_stmt 0 discriminator 1 view .LVU1017
 2667 0018 1C20D0E5 		ldrb	r2, [r0, #28]	@ zero_extendqisi2
 2668 001c 0F0052E3 		cmp	r2, #15
 2669 0020 0400000A 		beq	.L58
 2670              		.loc 1 781 5 is_stmt 1 view .LVU1018
 2671              	.LVL93:
 2672              	.LBB670:
 2673              	.LBI670:
 2674              		.loc 2 251 20 view .LVU1019
 2675              	.LBB671:
 2676              		.loc 2 253 3 view .LVU1020
 2677              		.loc 2 253 15 is_stmt 0 view .LVU1021
 2678 0024 382090E5 		ldr	r2, [r0, #56]
ARM GAS  /tmp/ccrfHNBB.s 			page 48


 2679              	.LBE671:
 2680              	.LBE670:
 2681              		.loc 1 782 5 view .LVU1022
 2682 0028 0900A0E3 		mov	r0, #9
 2683              	.LVL94:
 2684              	.LBB673:
 2685              	.LBB672:
 2686              		.loc 2 253 11 view .LVU1023
 2687 002c 002083E5 		str	r2, [r3]
 2688              		.loc 2 254 3 is_stmt 1 view .LVU1024
 2689              		.loc 2 254 12 is_stmt 0 view .LVU1025
 2690 0030 383084E5 		str	r3, [r4, #56]
 2691              	.LVL95:
 2692              		.loc 2 254 12 view .LVU1026
 2693              	.LBE672:
 2694              	.LBE673:
 2695              		.loc 1 782 5 is_stmt 1 view .LVU1027
 2696 0034 FEFFFFEB 		bl	chSchGoSleepS
 2697              	.LVL96:
 2698              	.L58:
 2699              		.loc 1 784 3 view .LVU1028
 2700              		.loc 1 784 7 is_stmt 0 view .LVU1029
 2701 0038 345094E5 		ldr	r5, [r4, #52]
 2702              	.LVL97:
 2703              		.loc 1 785 3 is_stmt 1 view .LVU1030
 2704              	.LBB674:
 2705              	.LBI674:
 2706              		.loc 3 385 20 view .LVU1031
 2707              	.LBB675:
 2708              		.loc 3 387 23 view .LVU1032
 2709              		.loc 3 388 34 view .LVU1033
 2710              		.loc 3 394 3 view .LVU1034
 2711              		.loc 3 394 3 view .LVU1035
 2712              		.loc 3 394 3 discriminator 7 view .LVU1036
 2713              		.loc 3 398 3 view .LVU1037
 2714              	.LBB676:
 2715              	.LBI676:
 2716              		.loc 4 751 20 view .LVU1038
 2717              	.LBB677:
 2718              		.loc 4 756 3 view .LVU1039
 2719              		.syntax divided
 2720              	@ 756 "../../../os/common/ports/ARMv7-R/chcore.h" 1
 2721 003c C00008F1 		cpsie   if
 2722              	@ 0 "" 2
 2723              		.arm
 2724              		.syntax unified
 2725              	.LBE677:
 2726              	.LBE676:
 2727              	.LBE675:
 2728              	.LBE674:
 2729              		.loc 1 789 3 view .LVU1040
 2730              	.LVL98:
 2731              	.LBB678:
 2732              	.LBI678:
 2733              		.loc 1 645 6 view .LVU1041
 2734              	.LBB679:
 2735              		.loc 1 647 3 view .LVU1042
ARM GAS  /tmp/ccrfHNBB.s 			page 49


 2736              	.LBB680:
 2737              	.LBI680:
 2738              		.loc 3 371 20 view .LVU1043
 2739              		.loc 3 373 3 view .LVU1044
 2740              	.LBB681:
 2741              	.LBI681:
 2742              		.loc 4 739 20 view .LVU1045
 2743              	.LBB682:
 2744              		.loc 4 741 3 view .LVU1046
 2745              		.syntax divided
 2746              	@ 741 "../../../os/common/ports/ARMv7-R/chcore.h" 1
 2747 0040 80000CF1 		cpsid   i
 2748              	@ 0 "" 2
 2749              		.arm
 2750              		.syntax unified
 2751              	.LBE682:
 2752              	.LBE681:
 2753              		.loc 3 374 35 view .LVU1047
 2754              		.loc 3 375 21 view .LVU1048
 2755              	.LBE680:
 2756              		.loc 1 648 3 view .LVU1049
 2757              		.loc 1 648 3 view .LVU1050
 2758              		.loc 1 648 3 discriminator 5 view .LVU1051
 2759              		.loc 1 649 3 view .LVU1052
 2760              		.loc 1 649 11 is_stmt 0 view .LVU1053
 2761 0044 1E30D4E5 		ldrb	r3, [r4, #30]	@ zero_extendqisi2
 2762 0048 013043E2 		sub	r3, r3, #1
 2763 004c 1E30C4E5 		strb	r3, [r4, #30]
 2764              		.loc 1 654 3 is_stmt 1 view .LVU1054
 2765              		.loc 1 654 32 is_stmt 0 view .LVU1055
 2766 0050 1C3094E5 		ldr	r3, [r4, #28]
 2767 0054 FF34C3E3 		bic	r3, r3, #-16777216
 2768 0058 FF3CC3E3 		bic	r3, r3, #65280
 2769              		.loc 1 654 6 view .LVU1056
 2770 005c 0F0053E3 		cmp	r3, #15
 2771 0060 0200000A 		beq	.L68
 2772              		.loc 1 669 3 is_stmt 1 view .LVU1057
 2773              	.LBB683:
 2774              	.LBI683:
 2775              		.loc 3 385 20 view .LVU1058
 2776              	.LBB684:
 2777              		.loc 3 387 23 view .LVU1059
 2778              		.loc 3 388 34 view .LVU1060
 2779              		.loc 3 394 3 view .LVU1061
 2780              		.loc 3 394 3 view .LVU1062
 2781              		.loc 3 394 3 discriminator 7 view .LVU1063
 2782              		.loc 3 398 3 view .LVU1064
 2783              	.LBB685:
 2784              	.LBI685:
 2785              		.loc 4 751 20 view .LVU1065
 2786              	.LBB686:
 2787              		.loc 4 756 3 view .LVU1066
 2788              		.syntax divided
 2789              	@ 756 "../../../os/common/ports/ARMv7-R/chcore.h" 1
 2790 0064 C00008F1 		cpsie   if
 2791              	@ 0 "" 2
 2792              	.LVL99:
ARM GAS  /tmp/ccrfHNBB.s 			page 50


 2793              		.loc 4 756 3 is_stmt 0 view .LVU1067
 2794              		.arm
 2795              		.syntax unified
 2796              	.LBE686:
 2797              	.LBE685:
 2798              	.LBE684:
 2799              	.LBE683:
 2800              	.LBE679:
 2801              	.LBE678:
 2802              		.loc 1 792 3 is_stmt 1 view .LVU1068
 2803              	.L57:
 2804              		.loc 1 793 1 is_stmt 0 view .LVU1069
 2805 0068 0500A0E1 		mov	r0, r5
 2806 006c 7080BDE8 		pop	{r4, r5, r6, pc}
 2807              	.LVL100:
 2808              	.L68:
 2809              	.LBB696:
 2810              	.LBB695:
 2811              	.LBB687:
 2812              	.LBI687:
 2813              		.loc 1 645 6 is_stmt 1 view .LVU1070
 2814              	.LBB688:
 2815              		.loc 1 657 5 view .LVU1071
 2816              	.LBB689:
 2817              	.LBI689:
 2818              		.loc 2 382 27 view .LVU1072
 2819              	.LBB690:
 2820              		.loc 2 384 3 view .LVU1073
 2821              		.loc 2 384 4 is_stmt 0 view .LVU1074
 2822 0070 282094E5 		ldr	r2, [r4, #40]
 2823              		.loc 2 384 20 view .LVU1075
 2824 0074 243094E5 		ldr	r3, [r4, #36]
 2825              		.loc 2 384 17 view .LVU1076
 2826 0078 003082E5 		str	r3, [r2]
 2827              		.loc 2 385 3 is_stmt 1 view .LVU1077
 2828              		.loc 2 385 17 is_stmt 0 view .LVU1078
 2829 007c 042083E5 		str	r2, [r3, #4]
 2830              		.loc 2 387 3 is_stmt 1 view .LVU1079
 2831              	.LVL101:
 2832              		.loc 2 387 3 is_stmt 0 view .LVU1080
 2833              	.LBE690:
 2834              	.LBE689:
 2835              		.loc 1 658 5 is_stmt 1 view .LVU1081
 2836              	.LBB691:
 2837              	.LBI691:
 2838              		.loc 3 385 20 view .LVU1082
 2839              	.LBB692:
 2840              		.loc 3 387 23 view .LVU1083
 2841              		.loc 3 388 34 view .LVU1084
 2842              		.loc 3 394 3 view .LVU1085
 2843              		.loc 3 394 3 view .LVU1086
 2844              		.loc 3 394 3 discriminator 7 view .LVU1087
 2845              		.loc 3 398 3 view .LVU1088
 2846              	.LBB693:
 2847              	.LBI693:
 2848              		.loc 4 751 20 view .LVU1089
 2849              	.LBB694:
ARM GAS  /tmp/ccrfHNBB.s 			page 51


 2850              		.loc 4 756 3 view .LVU1090
 2851              		.syntax divided
 2852              	@ 756 "../../../os/common/ports/ARMv7-R/chcore.h" 1
 2853 0080 C00008F1 		cpsie   if
 2854              	@ 0 "" 2
 2855              		.arm
 2856              		.syntax unified
 2857              	.LBE694:
 2858              	.LBE693:
 2859              	.LBE692:
 2860              	.LBE691:
 2861              		.loc 1 662 5 view .LVU1091
 2862              		.loc 1 662 11 is_stmt 0 view .LVU1092
 2863 0084 2C3094E5 		ldr	r3, [r4, #44]
 2864              		.loc 1 662 8 view .LVU1093
 2865 0088 000053E3 		cmp	r3, #0
 2866 008c F5FFFF0A 		beq	.L57
 2867              		.loc 1 663 7 is_stmt 1 view .LVU1094
 2868 0090 0400A0E1 		mov	r0, r4
 2869 0094 33FF2FE1 		blx	r3
 2870              	.LVL102:
 2871              	.LBE688:
 2872              	.LBE687:
 2873              	.LBE695:
 2874              	.LBE696:
 2875              		.loc 1 793 1 is_stmt 0 view .LVU1095
 2876 0098 0500A0E1 		mov	r0, r5
 2877 009c 7080BDE8 		pop	{r4, r5, r6, pc}
 2878              		.cfi_endproc
 2879              	.LFE223:
 2880              		.size	chThdWait, .-chThdWait
 2881              		.section	.text.chThdSetPriority,"ax",%progbits
 2882              		.align	2
 2883              		.p2align 4,,15
 2884              		.global	chThdSetPriority
 2885              		.syntax unified
 2886              		.arm
 2887              		.type	chThdSetPriority, %function
 2888              	chThdSetPriority:
 2889              	.LVL103:
 2890              	.LFB224:
 2891              		.loc 1 808 43 is_stmt 1 view -0
 2892              		.cfi_startproc
 2893              		@ args = 0, pretend = 0, frame = 0
 2894              		@ frame_needed = 0, uses_anonymous_args = 0
 2895              		.loc 1 809 3 view .LVU1097
 2896              	.LBB697:
 2897              	.LBI697:
 2898              		.loc 5 526 25 view .LVU1098
 2899              	.LBB698:
 2900              		.loc 5 528 3 view .LVU1099
 2901              		.loc 5 528 10 is_stmt 0 view .LVU1100
 2902 0000 002000E3 		movw	r2, #:lower16:ch0
 2903 0004 002040E3 		movt	r2, #:upper16:ch0
 2904              	.LBE698:
 2905              	.LBE697:
 2906              		.loc 1 808 43 view .LVU1101
ARM GAS  /tmp/ccrfHNBB.s 			page 52


 2907 0008 10402DE9 		push	{r4, lr}
 2908              		.cfi_def_cfa_offset 8
 2909              		.cfi_offset 4, -8
 2910              		.cfi_offset 14, -4
 2911              		.loc 1 808 43 view .LVU1102
 2912 000c 0030A0E1 		mov	r3, r0
 2913              	.LBB700:
 2914              	.LBB699:
 2915              		.loc 5 528 10 view .LVU1103
 2916 0010 0C2092E5 		ldr	r2, [r2, #12]
 2917              	.LVL104:
 2918              		.loc 5 528 10 view .LVU1104
 2919              	.LBE699:
 2920              	.LBE700:
 2921              		.loc 1 810 3 is_stmt 1 view .LVU1105
 2922              		.loc 1 812 3 view .LVU1106
 2923              		.loc 1 812 3 view .LVU1107
 2924              		.loc 1 812 3 discriminator 5 view .LVU1108
 2925              		.loc 1 814 3 view .LVU1109
 2926              	.LBB701:
 2927              	.LBI701:
 2928              		.loc 3 371 20 view .LVU1110
 2929              		.loc 3 373 3 view .LVU1111
 2930              	.LBB702:
 2931              	.LBI702:
 2932              		.loc 4 739 20 view .LVU1112
 2933              	.LBB703:
 2934              		.loc 4 741 3 view .LVU1113
 2935              		.syntax divided
 2936              	@ 741 "../../../os/common/ports/ARMv7-R/chcore.h" 1
 2937 0014 80000CF1 		cpsid   i
 2938              	@ 0 "" 2
 2939              		.arm
 2940              		.syntax unified
 2941              	.LBE703:
 2942              	.LBE702:
 2943              		.loc 3 374 35 view .LVU1114
 2944              		.loc 3 375 21 view .LVU1115
 2945              	.LBE701:
 2946              		.loc 1 816 3 view .LVU1116
 2947              		.loc 1 817 26 is_stmt 0 view .LVU1117
 2948 0018 080092E5 		ldr	r0, [r2, #8]
 2949              	.LVL105:
 2950              		.loc 1 816 11 view .LVU1118
 2951 001c 504092E5 		ldr	r4, [r2, #80]
 2952              	.LVL106:
 2953              		.loc 1 817 3 is_stmt 1 view .LVU1119
 2954              		.loc 1 821 20 is_stmt 0 view .LVU1120
 2955 0020 503082E5 		str	r3, [r2, #80]
 2956              		.loc 1 817 6 view .LVU1121
 2957 0024 041040E0 		sub	r1, r0, r4
 2958 0028 111F6FE1 		clz	r1, r1
 2959 002c A112A0E1 		lsr	r1, r1, #5
 2960              		.loc 1 817 53 discriminator 1 view .LVU1122
 2961 0030 030050E1 		cmp	r0, r3
 2962 0034 01108133 		orrcc	r1, r1, #1
 2963 0038 000051E3 		cmp	r1, #0
ARM GAS  /tmp/ccrfHNBB.s 			page 53


 2964              		.loc 1 819 5 is_stmt 1 view .LVU1123
 2965              		.loc 1 819 29 is_stmt 0 view .LVU1124
 2966 003c 08308215 		strne	r3, [r2, #8]
 2967              		.loc 1 821 3 is_stmt 1 view .LVU1125
 2968              		.loc 1 826 3 view .LVU1126
 2969 0040 FEFFFFEB 		bl	chSchRescheduleS
 2970              	.LVL107:
 2971              		.loc 1 827 3 view .LVU1127
 2972              	.LBB704:
 2973              	.LBI704:
 2974              		.loc 3 385 20 view .LVU1128
 2975              	.LBB705:
 2976              		.loc 3 387 23 view .LVU1129
 2977              		.loc 3 388 34 view .LVU1130
 2978              		.loc 3 394 3 view .LVU1131
 2979              		.loc 3 394 3 view .LVU1132
 2980              		.loc 3 394 3 discriminator 7 view .LVU1133
 2981              		.loc 3 398 3 view .LVU1134
 2982              	.LBB706:
 2983              	.LBI706:
 2984              		.loc 4 751 20 view .LVU1135
 2985              	.LBB707:
 2986              		.loc 4 756 3 view .LVU1136
 2987              		.syntax divided
 2988              	@ 756 "../../../os/common/ports/ARMv7-R/chcore.h" 1
 2989 0044 C00008F1 		cpsie   if
 2990              	@ 0 "" 2
 2991              		.arm
 2992              		.syntax unified
 2993              	.LBE707:
 2994              	.LBE706:
 2995              	.LBE705:
 2996              	.LBE704:
 2997              		.loc 1 829 3 view .LVU1137
 2998              		.loc 1 830 1 is_stmt 0 view .LVU1138
 2999 0048 0400A0E1 		mov	r0, r4
 3000 004c 1080BDE8 		pop	{r4, pc}
 3001              		.cfi_endproc
 3002              	.LFE224:
 3003              		.size	chThdSetPriority, .-chThdSetPriority
 3004              		.section	.text.chThdTerminate,"ax",%progbits
 3005              		.align	2
 3006              		.p2align 4,,15
 3007              		.global	chThdTerminate
 3008              		.syntax unified
 3009              		.arm
 3010              		.type	chThdTerminate, %function
 3011              	chThdTerminate:
 3012              	.LVL108:
 3013              	.LFB225:
 3014              		.loc 1 844 35 is_stmt 1 view -0
 3015              		.cfi_startproc
 3016              		@ args = 0, pretend = 0, frame = 0
 3017              		@ frame_needed = 0, uses_anonymous_args = 0
 3018              		@ link register save eliminated.
 3019              		.loc 1 846 3 view .LVU1140
 3020              	.LBB708:
ARM GAS  /tmp/ccrfHNBB.s 			page 54


 3021              	.LBI708:
 3022              		.loc 3 371 20 view .LVU1141
 3023              		.loc 3 373 3 view .LVU1142
 3024              	.LBB709:
 3025              	.LBI709:
 3026              		.loc 4 739 20 view .LVU1143
 3027              	.LBB710:
 3028              		.loc 4 741 3 view .LVU1144
 3029              		.syntax divided
 3030              	@ 741 "../../../os/common/ports/ARMv7-R/chcore.h" 1
 3031 0000 80000CF1 		cpsid   i
 3032              	@ 0 "" 2
 3033              		.arm
 3034              		.syntax unified
 3035              	.LBE710:
 3036              	.LBE709:
 3037              		.loc 3 374 35 view .LVU1145
 3038              		.loc 3 375 21 view .LVU1146
 3039              	.LBE708:
 3040              		.loc 1 847 3 view .LVU1147
 3041              		.loc 1 847 13 is_stmt 0 view .LVU1148
 3042 0004 1D30D0E5 		ldrb	r3, [r0, #29]	@ zero_extendqisi2
 3043 0008 833CE0E1 		mvn	r3, r3, lsl #25
 3044 000c A33CE0E1 		mvn	r3, r3, lsr #25
 3045 0010 1D30C0E5 		strb	r3, [r0, #29]
 3046              		.loc 1 848 3 is_stmt 1 view .LVU1149
 3047              	.LBB711:
 3048              	.LBI711:
 3049              		.loc 3 385 20 view .LVU1150
 3050              	.LBB712:
 3051              		.loc 3 387 23 view .LVU1151
 3052              		.loc 3 388 34 view .LVU1152
 3053              		.loc 3 394 3 view .LVU1153
 3054              		.loc 3 394 3 view .LVU1154
 3055              		.loc 3 394 3 discriminator 7 view .LVU1155
 3056              		.loc 3 398 3 view .LVU1156
 3057              	.LBB713:
 3058              	.LBI713:
 3059              		.loc 4 751 20 view .LVU1157
 3060              	.LBB714:
 3061              		.loc 4 756 3 view .LVU1158
 3062              		.syntax divided
 3063              	@ 756 "../../../os/common/ports/ARMv7-R/chcore.h" 1
 3064 0014 C00008F1 		cpsie   if
 3065              	@ 0 "" 2
 3066              		.arm
 3067              		.syntax unified
 3068              	.LBE714:
 3069              	.LBE713:
 3070              	.LBE712:
 3071              	.LBE711:
 3072              		.loc 1 849 1 is_stmt 0 view .LVU1159
 3073 0018 1EFF2FE1 		bx	lr
 3074              		.cfi_endproc
 3075              	.LFE225:
 3076              		.size	chThdTerminate, .-chThdTerminate
 3077              		.section	.text.chThdSleep,"ax",%progbits
ARM GAS  /tmp/ccrfHNBB.s 			page 55


 3078              		.align	2
 3079              		.p2align 4,,15
 3080              		.global	chThdSleep
 3081              		.syntax unified
 3082              		.arm
 3083              		.type	chThdSleep, %function
 3084              	chThdSleep:
 3085              	.LVL109:
 3086              	.LFB226:
 3087              		.loc 1 862 37 is_stmt 1 view -0
 3088              		.cfi_startproc
 3089              		@ args = 0, pretend = 0, frame = 0
 3090              		@ frame_needed = 0, uses_anonymous_args = 0
 3091              		.loc 1 864 3 view .LVU1161
 3092              	.LBB715:
 3093              	.LBI715:
 3094              		.loc 3 371 20 view .LVU1162
 3095              		.loc 3 373 3 view .LVU1163
 3096              	.LBB716:
 3097              	.LBI716:
 3098              		.loc 4 739 20 view .LVU1164
 3099              	.LBB717:
 3100              		.loc 4 741 3 view .LVU1165
 3101              	.LBE717:
 3102              	.LBE716:
 3103              	.LBE715:
 3104              		.loc 1 862 37 is_stmt 0 view .LVU1166
 3105 0000 0010A0E1 		mov	r1, r0
 3106 0004 10402DE9 		push	{r4, lr}
 3107              		.cfi_def_cfa_offset 8
 3108              		.cfi_offset 4, -8
 3109              		.cfi_offset 14, -4
 3110              	.LBB720:
 3111              	.LBB719:
 3112              	.LBB718:
 3113              		.loc 4 741 3 view .LVU1167
 3114              		.syntax divided
 3115              	@ 741 "../../../os/common/ports/ARMv7-R/chcore.h" 1
 3116 0008 80000CF1 		cpsid   i
 3117              	@ 0 "" 2
 3118              		.arm
 3119              		.syntax unified
 3120              	.LBE718:
 3121              	.LBE719:
 3122              		.loc 3 374 35 is_stmt 1 view .LVU1168
 3123              		.loc 3 375 21 view .LVU1169
 3124              	.LBE720:
 3125              		.loc 1 865 3 view .LVU1170
 3126              	.LVL110:
 3127              	.LBB721:
 3128              	.LBI721:
 3129              		.loc 5 628 20 view .LVU1171
 3130              	.LBB722:
 3131              		.loc 5 630 3 view .LVU1172
 3132              		.loc 5 630 3 view .LVU1173
 3133              		.loc 5 630 3 discriminator 5 view .LVU1174
 3134              		.loc 5 632 3 view .LVU1175
ARM GAS  /tmp/ccrfHNBB.s 			page 56


 3135              		.loc 5 632 10 is_stmt 0 view .LVU1176
 3136 000c 0800A0E3 		mov	r0, #8
 3137              	.LVL111:
 3138              		.loc 5 632 10 view .LVU1177
 3139 0010 FEFFFFEB 		bl	chSchGoSleepTimeoutS
 3140              	.LVL112:
 3141              		.loc 5 632 10 view .LVU1178
 3142              	.LBE722:
 3143              	.LBE721:
 3144              		.loc 1 866 3 is_stmt 1 view .LVU1179
 3145              	.LBB723:
 3146              	.LBI723:
 3147              		.loc 3 385 20 view .LVU1180
 3148              	.LBB724:
 3149              		.loc 3 387 23 view .LVU1181
 3150              		.loc 3 388 34 view .LVU1182
 3151              		.loc 3 394 3 view .LVU1183
 3152              		.loc 3 394 3 view .LVU1184
 3153              		.loc 3 394 3 discriminator 7 view .LVU1185
 3154              		.loc 3 398 3 view .LVU1186
 3155              	.LBB725:
 3156              	.LBI725:
 3157              		.loc 4 751 20 view .LVU1187
 3158              	.LBB726:
 3159              		.loc 4 756 3 view .LVU1188
 3160              		.syntax divided
 3161              	@ 756 "../../../os/common/ports/ARMv7-R/chcore.h" 1
 3162 0014 C00008F1 		cpsie   if
 3163              	@ 0 "" 2
 3164              		.arm
 3165              		.syntax unified
 3166              	.LBE726:
 3167              	.LBE725:
 3168              	.LBE724:
 3169              	.LBE723:
 3170              		.loc 1 867 1 is_stmt 0 view .LVU1189
 3171 0018 1080BDE8 		pop	{r4, pc}
 3172              		.cfi_endproc
 3173              	.LFE226:
 3174              		.size	chThdSleep, .-chThdSleep
 3175              		.section	.text.chThdSleepUntil,"ax",%progbits
 3176              		.align	2
 3177              		.p2align 4,,15
 3178              		.global	chThdSleepUntil
 3179              		.syntax unified
 3180              		.arm
 3181              		.type	chThdSleepUntil, %function
 3182              	chThdSleepUntil:
 3183              	.LVL113:
 3184              	.LFB227:
 3185              		.loc 1 882 38 is_stmt 1 view -0
 3186              		.cfi_startproc
 3187              		@ args = 0, pretend = 0, frame = 0
 3188              		@ frame_needed = 0, uses_anonymous_args = 0
 3189              		.loc 1 883 3 view .LVU1191
 3190              		.loc 1 885 3 view .LVU1192
 3191              	.LBB727:
ARM GAS  /tmp/ccrfHNBB.s 			page 57


 3192              	.LBI727:
 3193              		.loc 3 371 20 view .LVU1193
 3194              		.loc 3 373 3 view .LVU1194
 3195              	.LBB728:
 3196              	.LBI728:
 3197              		.loc 4 739 20 view .LVU1195
 3198              	.LBB729:
 3199              		.loc 4 741 3 view .LVU1196
 3200              		.syntax divided
 3201              	@ 741 "../../../os/common/ports/ARMv7-R/chcore.h" 1
 3202 0000 80000CF1 		cpsid   i
 3203              	@ 0 "" 2
 3204              		.arm
 3205              		.syntax unified
 3206              	.LBE729:
 3207              	.LBE728:
 3208              		.loc 3 374 35 view .LVU1197
 3209              		.loc 3 375 21 view .LVU1198
 3210              	.LBE727:
 3211              		.loc 1 886 3 view .LVU1199
 3212              	.LBB730:
 3213              	.LBI730:
 3214              		.file 6 "../../../os/rt/include/chvt.h"
 3215              		.loc 6 134 25 view .LVU1200
 3216              	.LBB731:
 3217              		.loc 6 137 3 view .LVU1201
 3218              		.loc 6 137 26 is_stmt 0 view .LVU1202
 3219 0004 003000E3 		movw	r3, #:lower16:ch0
 3220 0008 003040E3 		movt	r3, #:upper16:ch0
 3221 000c 1C3093E5 		ldr	r3, [r3, #28]
 3222              	.LVL114:
 3223              		.loc 6 137 26 view .LVU1203
 3224              	.LBE731:
 3225              	.LBE730:
 3226              	.LBB732:
 3227              	.LBI732:
 3228              		.file 7 "../../../os/rt/include/chtime.h"
 3229              		.loc 7 460 29 is_stmt 1 view .LVU1204
 3230              	.LBB733:
 3231              		.loc 7 464 3 view .LVU1205
 3232              		.loc 7 464 3 is_stmt 0 view .LVU1206
 3233              	.LBE733:
 3234              	.LBE732:
 3235              		.loc 1 887 3 is_stmt 1 view .LVU1207
 3236              		.loc 1 887 6 is_stmt 0 discriminator 1 view .LVU1208
 3237 0010 031050E0 		subs	r1, r0, r3
 3238              	.LVL115:
 3239              		.loc 1 887 6 discriminator 1 view .LVU1209
 3240 0014 0400000A 		beq	.L84
 3241              		.loc 1 888 5 is_stmt 1 view .LVU1210
 3242              	.LVL116:
 3243              	.LBB734:
 3244              	.LBI734:
 3245              		.loc 5 628 20 view .LVU1211
 3246              	.LBB735:
 3247              		.loc 5 630 3 view .LVU1212
 3248              		.loc 5 630 3 view .LVU1213
ARM GAS  /tmp/ccrfHNBB.s 			page 58


 3249              		.loc 5 630 3 discriminator 5 view .LVU1214
 3250              		.loc 5 632 3 view .LVU1215
 3251              	.LBE735:
 3252              	.LBE734:
 3253              		.loc 1 882 38 is_stmt 0 view .LVU1216
 3254 0018 10402DE9 		push	{r4, lr}
 3255              		.cfi_def_cfa_offset 8
 3256              		.cfi_offset 4, -8
 3257              		.cfi_offset 14, -4
 3258              	.LBB737:
 3259              	.LBB736:
 3260              		.loc 5 632 10 view .LVU1217
 3261 001c 0800A0E3 		mov	r0, #8
 3262              	.LVL117:
 3263              		.loc 5 632 10 view .LVU1218
 3264 0020 FEFFFFEB 		bl	chSchGoSleepTimeoutS
 3265              	.LVL118:
 3266              		.loc 5 632 10 view .LVU1219
 3267              	.LBE736:
 3268              	.LBE737:
 3269              		.loc 1 890 3 is_stmt 1 view .LVU1220
 3270              	.LBB738:
 3271              	.LBI738:
 3272              		.loc 3 385 20 view .LVU1221
 3273              	.LBB739:
 3274              		.loc 3 387 23 view .LVU1222
 3275              		.loc 3 388 34 view .LVU1223
 3276              		.loc 3 394 3 view .LVU1224
 3277              		.loc 3 394 3 view .LVU1225
 3278              		.loc 3 394 3 discriminator 7 view .LVU1226
 3279              		.loc 3 398 3 view .LVU1227
 3280              	.LBB740:
 3281              	.LBI740:
 3282              		.loc 4 751 20 view .LVU1228
 3283              	.LBB741:
 3284              		.loc 4 756 3 view .LVU1229
 3285              		.syntax divided
 3286              	@ 756 "../../../os/common/ports/ARMv7-R/chcore.h" 1
 3287 0024 C00008F1 		cpsie   if
 3288              	@ 0 "" 2
 3289              		.arm
 3290              		.syntax unified
 3291              	.LBE741:
 3292              	.LBE740:
 3293              	.LBE739:
 3294              	.LBE738:
 3295              		.loc 1 891 1 is_stmt 0 view .LVU1230
 3296 0028 1080BDE8 		pop	{r4, pc}
 3297              	.LVL119:
 3298              	.L84:
 3299              		.cfi_def_cfa_offset 0
 3300              		.cfi_restore 4
 3301              		.cfi_restore 14
 3302              		.loc 1 890 3 is_stmt 1 view .LVU1231
 3303              	.LBB745:
 3304              		.loc 3 385 20 view .LVU1232
 3305              	.LBB744:
ARM GAS  /tmp/ccrfHNBB.s 			page 59


 3306              		.loc 3 387 23 view .LVU1233
 3307              		.loc 3 388 34 view .LVU1234
 3308              		.loc 3 394 3 view .LVU1235
 3309              		.loc 3 394 3 view .LVU1236
 3310              		.loc 3 394 3 discriminator 7 view .LVU1237
 3311              		.loc 3 398 3 view .LVU1238
 3312              	.LBB743:
 3313              		.loc 4 751 20 view .LVU1239
 3314              	.LBB742:
 3315              		.loc 4 756 3 view .LVU1240
 3316              		.syntax divided
 3317              	@ 756 "../../../os/common/ports/ARMv7-R/chcore.h" 1
 3318 002c C00008F1 		cpsie   if
 3319              	@ 0 "" 2
 3320              		.arm
 3321              		.syntax unified
 3322 0030 1EFF2FE1 		bx	lr
 3323              	.LBE742:
 3324              	.LBE743:
 3325              	.LBE744:
 3326              	.LBE745:
 3327              		.cfi_endproc
 3328              	.LFE227:
 3329              		.size	chThdSleepUntil, .-chThdSleepUntil
 3330              		.section	.text.chThdSleepUntilWindowed,"ax",%progbits
 3331              		.align	2
 3332              		.p2align 4,,15
 3333              		.global	chThdSleepUntilWindowed
 3334              		.syntax unified
 3335              		.arm
 3336              		.type	chThdSleepUntilWindowed, %function
 3337              	chThdSleepUntilWindowed:
 3338              	.LVL120:
 3339              	.LFB228:
 3340              		.loc 1 907 67 view -0
 3341              		.cfi_startproc
 3342              		@ args = 0, pretend = 0, frame = 0
 3343              		@ frame_needed = 0, uses_anonymous_args = 0
 3344              		.loc 1 908 3 view .LVU1242
 3345              		.loc 1 910 3 view .LVU1243
 3346              	.LBB746:
 3347              	.LBI746:
 3348              		.loc 3 371 20 view .LVU1244
 3349              		.loc 3 373 3 view .LVU1245
 3350              	.LBB747:
 3351              	.LBI747:
 3352              		.loc 4 739 20 view .LVU1246
 3353              	.LBB748:
 3354              		.loc 4 741 3 view .LVU1247
 3355              	.LBE748:
 3356              	.LBE747:
 3357              	.LBE746:
 3358              		.loc 1 907 67 is_stmt 0 view .LVU1248
 3359 0000 10402DE9 		push	{r4, lr}
 3360              		.cfi_def_cfa_offset 8
 3361              		.cfi_offset 4, -8
 3362              		.cfi_offset 14, -4
ARM GAS  /tmp/ccrfHNBB.s 			page 60


 3363              		.loc 1 907 67 view .LVU1249
 3364 0004 0140A0E1 		mov	r4, r1
 3365              	.LBB751:
 3366              	.LBB750:
 3367              	.LBB749:
 3368              		.loc 4 741 3 view .LVU1250
 3369              		.syntax divided
 3370              	@ 741 "../../../os/common/ports/ARMv7-R/chcore.h" 1
 3371 0008 80000CF1 		cpsid   i
 3372              	@ 0 "" 2
 3373              		.arm
 3374              		.syntax unified
 3375              	.LBE749:
 3376              	.LBE750:
 3377              		.loc 3 374 35 is_stmt 1 view .LVU1251
 3378              		.loc 3 375 21 view .LVU1252
 3379              	.LBE751:
 3380              		.loc 1 911 3 view .LVU1253
 3381              	.LBB752:
 3382              	.LBI752:
 3383              		.loc 6 134 25 view .LVU1254
 3384              	.LBB753:
 3385              		.loc 6 137 3 view .LVU1255
 3386              		.loc 6 137 26 is_stmt 0 view .LVU1256
 3387 000c 003000E3 		movw	r3, #:lower16:ch0
 3388 0010 003040E3 		movt	r3, #:upper16:ch0
 3389              	.LBE753:
 3390              	.LBE752:
 3391              	.LBB755:
 3392              	.LBB756:
 3393              		.loc 7 488 17 view .LVU1257
 3394 0014 002041E0 		sub	r2, r1, r0
 3395              	.LBE756:
 3396              	.LBE755:
 3397              	.LBB758:
 3398              	.LBB754:
 3399              		.loc 6 137 26 view .LVU1258
 3400 0018 1C1093E5 		ldr	r1, [r3, #28]
 3401              	.LVL121:
 3402              		.loc 6 137 26 view .LVU1259
 3403              	.LBE754:
 3404              	.LBE758:
 3405              		.loc 1 912 3 is_stmt 1 view .LVU1260
 3406              	.LBB759:
 3407              	.LBI755:
 3408              		.loc 7 483 20 view .LVU1261
 3409              	.LBB757:
 3410              		.loc 7 487 3 view .LVU1262
 3411              		.loc 7 487 17 is_stmt 0 view .LVU1263
 3412 001c 000041E0 		sub	r0, r1, r0
 3413              	.LVL122:
 3414              		.loc 7 487 17 view .LVU1264
 3415              	.LBE757:
 3416              	.LBE759:
 3417              		.loc 1 912 6 discriminator 2 view .LVU1265
 3418 0020 000052E1 		cmp	r2, r0
 3419 0024 0200009A 		bls	.L88
ARM GAS  /tmp/ccrfHNBB.s 			page 61


 3420              		.loc 1 913 5 is_stmt 1 view .LVU1266
 3421              	.LVL123:
 3422              	.LBB760:
 3423              	.LBI760:
 3424              		.loc 7 460 29 view .LVU1267
 3425              	.LBB761:
 3426              		.loc 7 464 3 view .LVU1268
 3427              		.loc 7 464 3 is_stmt 0 view .LVU1269
 3428              	.LBE761:
 3429              	.LBE760:
 3430              	.LBB762:
 3431              	.LBI762:
 3432              		.loc 5 628 20 is_stmt 1 view .LVU1270
 3433              	.LBB763:
 3434              		.loc 5 630 3 view .LVU1271
 3435              		.loc 5 630 3 view .LVU1272
 3436              		.loc 5 630 3 discriminator 5 view .LVU1273
 3437              		.loc 5 632 3 view .LVU1274
 3438              		.loc 5 632 10 is_stmt 0 view .LVU1275
 3439 0028 0800A0E3 		mov	r0, #8
 3440 002c 011044E0 		sub	r1, r4, r1
 3441              	.LVL124:
 3442              		.loc 5 632 10 view .LVU1276
 3443 0030 FEFFFFEB 		bl	chSchGoSleepTimeoutS
 3444              	.LVL125:
 3445              	.L88:
 3446              		.loc 5 632 10 view .LVU1277
 3447              	.LBE763:
 3448              	.LBE762:
 3449              		.loc 1 915 3 is_stmt 1 view .LVU1278
 3450              	.LBB764:
 3451              	.LBI764:
 3452              		.loc 3 385 20 view .LVU1279
 3453              	.LBB765:
 3454              		.loc 3 387 23 view .LVU1280
 3455              		.loc 3 388 34 view .LVU1281
 3456              		.loc 3 394 3 view .LVU1282
 3457              		.loc 3 394 3 view .LVU1283
 3458              		.loc 3 394 3 discriminator 7 view .LVU1284
 3459              		.loc 3 398 3 view .LVU1285
 3460              	.LBB766:
 3461              	.LBI766:
 3462              		.loc 4 751 20 view .LVU1286
 3463              	.LBB767:
 3464              		.loc 4 756 3 view .LVU1287
 3465              		.syntax divided
 3466              	@ 756 "../../../os/common/ports/ARMv7-R/chcore.h" 1
 3467 0034 C00008F1 		cpsie   if
 3468              	@ 0 "" 2
 3469              		.arm
 3470              		.syntax unified
 3471              	.LBE767:
 3472              	.LBE766:
 3473              	.LBE765:
 3474              	.LBE764:
 3475              		.loc 1 917 3 view .LVU1288
 3476              		.loc 1 918 1 is_stmt 0 view .LVU1289
ARM GAS  /tmp/ccrfHNBB.s 			page 62


 3477 0038 0400A0E1 		mov	r0, r4
 3478 003c 1080BDE8 		pop	{r4, pc}
 3479              		.cfi_endproc
 3480              	.LFE228:
 3481              		.size	chThdSleepUntilWindowed, .-chThdSleepUntilWindowed
 3482              		.section	.text.chThdYield,"ax",%progbits
 3483              		.align	2
 3484              		.p2align 4,,15
 3485              		.global	chThdYield
 3486              		.syntax unified
 3487              		.arm
 3488              		.type	chThdYield, %function
 3489              	chThdYield:
 3490              	.LFB229:
 3491              		.loc 1 927 23 is_stmt 1 view -0
 3492              		.cfi_startproc
 3493              		@ args = 0, pretend = 0, frame = 0
 3494              		@ frame_needed = 0, uses_anonymous_args = 0
 3495              		.loc 1 929 3 view .LVU1291
 3496              	.LBB768:
 3497              	.LBI768:
 3498              		.loc 3 371 20 view .LVU1292
 3499              		.loc 3 373 3 view .LVU1293
 3500              	.LBB769:
 3501              	.LBI769:
 3502              		.loc 4 739 20 view .LVU1294
 3503              	.LBB770:
 3504              		.loc 4 741 3 view .LVU1295
 3505              	.LBE770:
 3506              	.LBE769:
 3507              	.LBE768:
 3508              		.loc 1 927 23 is_stmt 0 view .LVU1296
 3509 0000 10402DE9 		push	{r4, lr}
 3510              		.cfi_def_cfa_offset 8
 3511              		.cfi_offset 4, -8
 3512              		.cfi_offset 14, -4
 3513              	.LBB773:
 3514              	.LBB772:
 3515              	.LBB771:
 3516              		.loc 4 741 3 view .LVU1297
 3517              		.syntax divided
 3518              	@ 741 "../../../os/common/ports/ARMv7-R/chcore.h" 1
 3519 0004 80000CF1 		cpsid   i
 3520              	@ 0 "" 2
 3521              		.arm
 3522              		.syntax unified
 3523              	.LBE771:
 3524              	.LBE772:
 3525              		.loc 3 374 35 is_stmt 1 view .LVU1298
 3526              		.loc 3 375 21 view .LVU1299
 3527              	.LBE773:
 3528              		.loc 1 930 3 view .LVU1300
 3529 0008 FEFFFFEB 		bl	chSchDoYieldS
 3530              	.LVL126:
 3531              		.loc 1 931 3 view .LVU1301
 3532              	.LBB774:
 3533              	.LBI774:
ARM GAS  /tmp/ccrfHNBB.s 			page 63


 3534              		.loc 3 385 20 view .LVU1302
 3535              	.LBB775:
 3536              		.loc 3 387 23 view .LVU1303
 3537              		.loc 3 388 34 view .LVU1304
 3538              		.loc 3 394 3 view .LVU1305
 3539              		.loc 3 394 3 view .LVU1306
 3540              		.loc 3 394 3 discriminator 7 view .LVU1307
 3541              		.loc 3 398 3 view .LVU1308
 3542              	.LBB776:
 3543              	.LBI776:
 3544              		.loc 4 751 20 view .LVU1309
 3545              	.LBB777:
 3546              		.loc 4 756 3 view .LVU1310
 3547              		.syntax divided
 3548              	@ 756 "../../../os/common/ports/ARMv7-R/chcore.h" 1
 3549 000c C00008F1 		cpsie   if
 3550              	@ 0 "" 2
 3551              		.arm
 3552              		.syntax unified
 3553              	.LBE777:
 3554              	.LBE776:
 3555              	.LBE775:
 3556              	.LBE774:
 3557              		.loc 1 932 1 is_stmt 0 view .LVU1311
 3558 0010 1080BDE8 		pop	{r4, pc}
 3559              		.cfi_endproc
 3560              	.LFE229:
 3561              		.size	chThdYield, .-chThdYield
 3562              		.section	.text.chThdSuspendS,"ax",%progbits
 3563              		.align	2
 3564              		.p2align 4,,15
 3565              		.global	chThdSuspendS
 3566              		.syntax unified
 3567              		.arm
 3568              		.type	chThdSuspendS, %function
 3569              	chThdSuspendS:
 3570              	.LVL127:
 3571              	.LFB230:
 3572              		.loc 1 944 46 is_stmt 1 view -0
 3573              		.cfi_startproc
 3574              		@ args = 0, pretend = 0, frame = 0
 3575              		@ frame_needed = 0, uses_anonymous_args = 0
 3576              		.loc 1 945 3 view .LVU1313
 3577              	.LBB778:
 3578              	.LBI778:
 3579              		.loc 5 526 25 view .LVU1314
 3580              	.LBB779:
 3581              		.loc 5 528 3 view .LVU1315
 3582              	.LBE779:
 3583              	.LBE778:
 3584              		.loc 1 944 46 is_stmt 0 view .LVU1316
 3585 0000 10402DE9 		push	{r4, lr}
 3586              		.cfi_def_cfa_offset 8
 3587              		.cfi_offset 4, -8
 3588              		.cfi_offset 14, -4
 3589              	.LBB782:
 3590              	.LBB780:
ARM GAS  /tmp/ccrfHNBB.s 			page 64


 3591              		.loc 5 528 10 view .LVU1317
 3592 0004 004000E3 		movw	r4, #:lower16:ch0
 3593              	.LBE780:
 3594              	.LBE782:
 3595              		.loc 1 944 46 view .LVU1318
 3596 0008 0030A0E1 		mov	r3, r0
 3597              	.LBB783:
 3598              	.LBB781:
 3599              		.loc 5 528 10 view .LVU1319
 3600 000c 004040E3 		movt	r4, #:upper16:ch0
 3601 0010 0C2094E5 		ldr	r2, [r4, #12]
 3602              	.LVL128:
 3603              		.loc 5 528 10 view .LVU1320
 3604              	.LBE781:
 3605              	.LBE783:
 3606              		.loc 1 947 3 is_stmt 1 view .LVU1321
 3607              		.loc 1 947 3 view .LVU1322
 3608              		.loc 1 947 3 discriminator 5 view .LVU1323
 3609              		.loc 1 949 3 view .LVU1324
 3610              		.loc 1 951 3 is_stmt 0 view .LVU1325
 3611 0014 0300A0E3 		mov	r0, #3
 3612              	.LVL129:
 3613              		.loc 1 949 8 view .LVU1326
 3614 0018 002083E5 		str	r2, [r3]
 3615              		.loc 1 950 3 is_stmt 1 view .LVU1327
 3616              		.loc 1 950 15 is_stmt 0 view .LVU1328
 3617 001c 343082E5 		str	r3, [r2, #52]
 3618              		.loc 1 951 3 is_stmt 1 view .LVU1329
 3619 0020 FEFFFFEB 		bl	chSchGoSleepS
 3620              	.LVL130:
 3621              		.loc 1 953 3 view .LVU1330
 3622              	.LBB784:
 3623              	.LBI784:
 3624              		.loc 5 526 25 view .LVU1331
 3625              	.LBB785:
 3626              		.loc 5 528 3 view .LVU1332
 3627              	.LBE785:
 3628              	.LBE784:
 3629              		.loc 1 953 28 is_stmt 0 discriminator 1 view .LVU1333
 3630 0024 0C3094E5 		ldr	r3, [r4, #12]
 3631              		.loc 1 954 1 view .LVU1334
 3632 0028 340093E5 		ldr	r0, [r3, #52]
 3633 002c 1080BDE8 		pop	{r4, pc}
 3634              		.cfi_endproc
 3635              	.LFE230:
 3636              		.size	chThdSuspendS, .-chThdSuspendS
 3637              		.section	.text.chThdSuspendTimeoutS,"ax",%progbits
 3638              		.align	2
 3639              		.p2align 4,,15
 3640              		.global	chThdSuspendTimeoutS
 3641              		.syntax unified
 3642              		.arm
 3643              		.type	chThdSuspendTimeoutS, %function
 3644              	chThdSuspendTimeoutS:
 3645              	.LVL131:
 3646              	.LFB231:
 3647              		.loc 1 974 76 is_stmt 1 view -0
ARM GAS  /tmp/ccrfHNBB.s 			page 65


 3648              		.cfi_startproc
 3649              		@ args = 0, pretend = 0, frame = 0
 3650              		@ frame_needed = 0, uses_anonymous_args = 0
 3651              		@ link register save eliminated.
 3652              		.loc 1 975 3 view .LVU1336
 3653              	.LBB786:
 3654              	.LBI786:
 3655              		.loc 5 526 25 view .LVU1337
 3656              	.LBB787:
 3657              		.loc 5 528 3 view .LVU1338
 3658              		.loc 5 528 10 is_stmt 0 view .LVU1339
 3659 0000 002000E3 		movw	r2, #:lower16:ch0
 3660              	.LBE787:
 3661              	.LBE786:
 3662              		.loc 1 979 6 discriminator 1 view .LVU1340
 3663 0004 000051E3 		cmp	r1, #0
 3664              	.LBB790:
 3665              	.LBB788:
 3666              		.loc 5 528 10 view .LVU1341
 3667 0008 002040E3 		movt	r2, #:upper16:ch0
 3668              	.LBE788:
 3669              	.LBE790:
 3670              		.loc 1 974 76 view .LVU1342
 3671 000c 0030A0E1 		mov	r3, r0
 3672              	.LBB791:
 3673              	.LBB789:
 3674              		.loc 5 528 10 view .LVU1343
 3675 0010 0C2092E5 		ldr	r2, [r2, #12]
 3676              	.LVL132:
 3677              		.loc 5 528 10 view .LVU1344
 3678              	.LBE789:
 3679              	.LBE791:
 3680              		.loc 1 977 3 is_stmt 1 view .LVU1345
 3681              		.loc 1 977 3 view .LVU1346
 3682              		.loc 1 977 3 discriminator 5 view .LVU1347
 3683              		.loc 1 979 3 view .LVU1348
 3684              		.loc 1 979 6 is_stmt 0 discriminator 1 view .LVU1349
 3685 0014 0300000A 		beq	.L95
 3686              		.loc 1 983 3 is_stmt 1 view .LVU1350
 3687              		.loc 1 983 8 is_stmt 0 view .LVU1351
 3688 0018 002080E5 		str	r2, [r0]
 3689              		.loc 1 984 3 is_stmt 1 view .LVU1352
 3690              		.loc 1 986 10 is_stmt 0 view .LVU1353
 3691 001c 0300A0E3 		mov	r0, #3
 3692              	.LVL133:
 3693              		.loc 1 984 15 view .LVU1354
 3694 0020 343082E5 		str	r3, [r2, #52]
 3695              		.loc 1 986 3 is_stmt 1 view .LVU1355
 3696              		.loc 1 986 10 is_stmt 0 view .LVU1356
 3697 0024 FEFFFFEA 		b	chSchGoSleepTimeoutS
 3698              	.LVL134:
 3699              	.L95:
 3700              		.loc 1 987 1 view .LVU1357
 3701 0028 0000E0E3 		mvn	r0, #0
 3702              	.LVL135:
 3703              		.loc 1 987 1 view .LVU1358
 3704 002c 1EFF2FE1 		bx	lr
ARM GAS  /tmp/ccrfHNBB.s 			page 66


 3705              		.cfi_endproc
 3706              	.LFE231:
 3707              		.size	chThdSuspendTimeoutS, .-chThdSuspendTimeoutS
 3708              		.section	.text.chThdResumeI,"ax",%progbits
 3709              		.align	2
 3710              		.p2align 4,,15
 3711              		.global	chThdResumeI
 3712              		.syntax unified
 3713              		.arm
 3714              		.type	chThdResumeI, %function
 3715              	chThdResumeI:
 3716              	.LVL136:
 3717              	.LFB232:
 3718              		.loc 1 999 55 is_stmt 1 view -0
 3719              		.cfi_startproc
 3720              		@ args = 0, pretend = 0, frame = 0
 3721              		@ frame_needed = 0, uses_anonymous_args = 0
 3722              		@ link register save eliminated.
 3723              		.loc 1 1001 3 view .LVU1360
 3724              		.loc 1 999 55 is_stmt 0 view .LVU1361
 3725 0000 0030A0E1 		mov	r3, r0
 3726              		.loc 1 1001 7 view .LVU1362
 3727 0004 000090E5 		ldr	r0, [r0]
 3728              	.LVL137:
 3729              		.loc 1 1001 6 view .LVU1363
 3730 0008 000050E3 		cmp	r0, #0
 3731 000c 1EFF2F01 		bxeq	lr
 3732              	.LBB792:
 3733              		.loc 1 1002 5 is_stmt 1 view .LVU1364
 3734              	.LVL138:
 3735              		.loc 1 1004 5 view .LVU1365
 3736              		.loc 1 1004 5 view .LVU1366
 3737              		.loc 1 1004 5 discriminator 5 view .LVU1367
 3738              		.loc 1 1006 5 view .LVU1368
 3739              		.loc 1 1006 10 is_stmt 0 view .LVU1369
 3740 0010 0020A0E3 		mov	r2, #0
 3741 0014 002083E5 		str	r2, [r3]
 3742              		.loc 1 1007 5 is_stmt 1 view .LVU1370
 3743              		.loc 1 1007 18 is_stmt 0 view .LVU1371
 3744 0018 341080E5 		str	r1, [r0, #52]
 3745              		.loc 1 1008 5 is_stmt 1 view .LVU1372
 3746              		.loc 1 1008 12 is_stmt 0 view .LVU1373
 3747 001c FEFFFFEA 		b	chSchReadyI
 3748              	.LVL139:
 3749              		.loc 1 1008 12 view .LVU1374
 3750              	.LBE792:
 3751              		.cfi_endproc
 3752              	.LFE232:
 3753              		.size	chThdResumeI, .-chThdResumeI
 3754              		.section	.text.chThdResumeS,"ax",%progbits
 3755              		.align	2
 3756              		.p2align 4,,15
 3757              		.global	chThdResumeS
 3758              		.syntax unified
 3759              		.arm
 3760              		.type	chThdResumeS, %function
 3761              	chThdResumeS:
ARM GAS  /tmp/ccrfHNBB.s 			page 67


 3762              	.LVL140:
 3763              	.LFB233:
 3764              		.loc 1 1022 55 is_stmt 1 view -0
 3765              		.cfi_startproc
 3766              		@ args = 0, pretend = 0, frame = 0
 3767              		@ frame_needed = 0, uses_anonymous_args = 0
 3768              		@ link register save eliminated.
 3769              		.loc 1 1024 3 view .LVU1376
 3770              		.loc 1 1022 55 is_stmt 0 view .LVU1377
 3771 0000 0030A0E1 		mov	r3, r0
 3772              		.loc 1 1024 7 view .LVU1378
 3773 0004 000090E5 		ldr	r0, [r0]
 3774              	.LVL141:
 3775              		.loc 1 1024 6 view .LVU1379
 3776 0008 000050E3 		cmp	r0, #0
 3777 000c 1EFF2F01 		bxeq	lr
 3778              	.LBB793:
 3779              		.loc 1 1025 5 is_stmt 1 view .LVU1380
 3780              	.LVL142:
 3781              		.loc 1 1027 5 view .LVU1381
 3782              		.loc 1 1027 5 view .LVU1382
 3783              		.loc 1 1027 5 discriminator 5 view .LVU1383
 3784              		.loc 1 1029 5 view .LVU1384
 3785              		.loc 1 1029 10 is_stmt 0 view .LVU1385
 3786 0010 0020A0E3 		mov	r2, #0
 3787 0014 002083E5 		str	r2, [r3]
 3788              		.loc 1 1030 5 is_stmt 1 view .LVU1386
 3789 0018 FEFFFFEA 		b	chSchWakeupS
 3790              	.LVL143:
 3791              		.loc 1 1030 5 is_stmt 0 view .LVU1387
 3792              	.LBE793:
 3793              		.cfi_endproc
 3794              	.LFE233:
 3795              		.size	chThdResumeS, .-chThdResumeS
 3796              		.section	.text.chThdResume,"ax",%progbits
 3797              		.align	2
 3798              		.p2align 4,,15
 3799              		.global	chThdResume
 3800              		.syntax unified
 3801              		.arm
 3802              		.type	chThdResume, %function
 3803              	chThdResume:
 3804              	.LVL144:
 3805              	.LFB234:
 3806              		.loc 1 1044 54 is_stmt 1 view -0
 3807              		.cfi_startproc
 3808              		@ args = 0, pretend = 0, frame = 0
 3809              		@ frame_needed = 0, uses_anonymous_args = 0
 3810              		.loc 1 1044 54 is_stmt 0 view .LVU1389
 3811 0000 0030A0E1 		mov	r3, r0
 3812              		.loc 1 1046 3 is_stmt 1 view .LVU1390
 3813              	.LBB794:
 3814              	.LBI794:
 3815              		.loc 3 371 20 view .LVU1391
 3816              		.loc 3 373 3 view .LVU1392
 3817              	.LBB795:
 3818              	.LBI795:
ARM GAS  /tmp/ccrfHNBB.s 			page 68


 3819              		.loc 4 739 20 view .LVU1393
 3820              	.LBB796:
 3821              		.loc 4 741 3 view .LVU1394
 3822              		.syntax divided
 3823              	@ 741 "../../../os/common/ports/ARMv7-R/chcore.h" 1
 3824 0004 80000CF1 		cpsid   i
 3825              	@ 0 "" 2
 3826              		.arm
 3827              		.syntax unified
 3828              	.LBE796:
 3829              	.LBE795:
 3830              		.loc 3 374 35 view .LVU1395
 3831              		.loc 3 375 21 view .LVU1396
 3832              	.LBE794:
 3833              		.loc 1 1047 3 view .LVU1397
 3834              	.LVL145:
 3835              	.LBB797:
 3836              	.LBI797:
 3837              		.loc 1 1022 6 view .LVU1398
 3838              	.LBB798:
 3839              		.loc 1 1024 3 view .LVU1399
 3840              		.loc 1 1024 7 is_stmt 0 view .LVU1400
 3841 0008 000090E5 		ldr	r0, [r0]
 3842              	.LVL146:
 3843              		.loc 1 1024 6 view .LVU1401
 3844 000c 000050E3 		cmp	r0, #0
 3845 0010 0500000A 		beq	.L106
 3846              	.LBB799:
 3847              		.loc 1 1025 5 is_stmt 1 view .LVU1402
 3848              	.LVL147:
 3849              		.loc 1 1027 5 view .LVU1403
 3850              		.loc 1 1027 5 view .LVU1404
 3851              		.loc 1 1027 5 discriminator 5 view .LVU1405
 3852              		.loc 1 1029 5 view .LVU1406
 3853              		.loc 1 1029 10 is_stmt 0 view .LVU1407
 3854 0014 0020A0E3 		mov	r2, #0
 3855              	.LBE799:
 3856              	.LBE798:
 3857              	.LBE797:
 3858              		.loc 1 1044 54 view .LVU1408
 3859 0018 10402DE9 		push	{r4, lr}
 3860              		.cfi_def_cfa_offset 8
 3861              		.cfi_offset 4, -8
 3862              		.cfi_offset 14, -4
 3863              	.LBB802:
 3864              	.LBB801:
 3865              	.LBB800:
 3866              		.loc 1 1029 10 view .LVU1409
 3867 001c 002083E5 		str	r2, [r3]
 3868              		.loc 1 1030 5 is_stmt 1 view .LVU1410
 3869 0020 FEFFFFEB 		bl	chSchWakeupS
 3870              	.LVL148:
 3871              		.loc 1 1030 5 is_stmt 0 view .LVU1411
 3872              	.LBE800:
 3873              	.LBE801:
 3874              	.LBE802:
 3875              		.loc 1 1048 3 is_stmt 1 view .LVU1412
ARM GAS  /tmp/ccrfHNBB.s 			page 69


 3876              	.LBB803:
 3877              	.LBI803:
 3878              		.loc 3 385 20 view .LVU1413
 3879              	.LBB804:
 3880              		.loc 3 387 23 view .LVU1414
 3881              		.loc 3 388 34 view .LVU1415
 3882              		.loc 3 394 3 view .LVU1416
 3883              		.loc 3 394 3 view .LVU1417
 3884              		.loc 3 394 3 discriminator 7 view .LVU1418
 3885              		.loc 3 398 3 view .LVU1419
 3886              	.LBB805:
 3887              	.LBI805:
 3888              		.loc 4 751 20 view .LVU1420
 3889              	.LBB806:
 3890              		.loc 4 756 3 view .LVU1421
 3891              		.syntax divided
 3892              	@ 756 "../../../os/common/ports/ARMv7-R/chcore.h" 1
 3893 0024 C00008F1 		cpsie   if
 3894              	@ 0 "" 2
 3895              		.arm
 3896              		.syntax unified
 3897              	.LBE806:
 3898              	.LBE805:
 3899              	.LBE804:
 3900              	.LBE803:
 3901              		.loc 1 1049 1 is_stmt 0 view .LVU1422
 3902 0028 1080BDE8 		pop	{r4, pc}
 3903              	.LVL149:
 3904              	.L106:
 3905              		.cfi_def_cfa_offset 0
 3906              		.cfi_restore 4
 3907              		.cfi_restore 14
 3908              		.loc 1 1048 3 is_stmt 1 view .LVU1423
 3909              	.LBB810:
 3910              		.loc 3 385 20 view .LVU1424
 3911              	.LBB809:
 3912              		.loc 3 387 23 view .LVU1425
 3913              		.loc 3 388 34 view .LVU1426
 3914              		.loc 3 394 3 view .LVU1427
 3915              		.loc 3 394 3 view .LVU1428
 3916              		.loc 3 394 3 discriminator 7 view .LVU1429
 3917              		.loc 3 398 3 view .LVU1430
 3918              	.LBB808:
 3919              		.loc 4 751 20 view .LVU1431
 3920              	.LBB807:
 3921              		.loc 4 756 3 view .LVU1432
 3922              		.syntax divided
 3923              	@ 756 "../../../os/common/ports/ARMv7-R/chcore.h" 1
 3924 002c C00008F1 		cpsie   if
 3925              	@ 0 "" 2
 3926              		.arm
 3927              		.syntax unified
 3928 0030 1EFF2FE1 		bx	lr
 3929              	.LBE807:
 3930              	.LBE808:
 3931              	.LBE809:
 3932              	.LBE810:
ARM GAS  /tmp/ccrfHNBB.s 			page 70


 3933              		.cfi_endproc
 3934              	.LFE234:
 3935              		.size	chThdResume, .-chThdResume
 3936              		.section	.text.chThdQueueObjectInit,"ax",%progbits
 3937              		.align	2
 3938              		.p2align 4,,15
 3939              		.global	chThdQueueObjectInit
 3940              		.syntax unified
 3941              		.arm
 3942              		.type	chThdQueueObjectInit, %function
 3943              	chThdQueueObjectInit:
 3944              	.LVL150:
 3945              	.LFB235:
 3946              		.loc 1 1058 49 view -0
 3947              		.cfi_startproc
 3948              		@ args = 0, pretend = 0, frame = 0
 3949              		@ frame_needed = 0, uses_anonymous_args = 0
 3950              		@ link register save eliminated.
 3951              		.loc 1 1060 3 view .LVU1434
 3952              		.loc 1 1060 3 view .LVU1435
 3953              		.loc 1 1060 3 discriminator 5 view .LVU1436
 3954              		.loc 1 1062 3 view .LVU1437
 3955              	.LBB811:
 3956              	.LBI811:
 3957              		.loc 2 283 20 view .LVU1438
 3958              	.LBB812:
 3959              		.loc 2 285 3 view .LVU1439
 3960              		.loc 2 286 3 view .LVU1440
 3961              		.loc 2 285 12 is_stmt 0 view .LVU1441
 3962 0000 000080E5 		str	r0, [r0]
 3963 0004 040080E5 		str	r0, [r0, #4]
 3964              	.LVL151:
 3965              		.loc 2 285 12 view .LVU1442
 3966              	.LBE812:
 3967              	.LBE811:
 3968              		.loc 1 1063 1 view .LVU1443
 3969 0008 1EFF2FE1 		bx	lr
 3970              		.cfi_endproc
 3971              	.LFE235:
 3972              		.size	chThdQueueObjectInit, .-chThdQueueObjectInit
 3973              		.section	.text.chThdQueueObjectDispose,"ax",%progbits
 3974              		.align	2
 3975              		.p2align 4,,15
 3976              		.global	chThdQueueObjectDispose
 3977              		.syntax unified
 3978              		.arm
 3979              		.type	chThdQueueObjectDispose, %function
 3980              	chThdQueueObjectDispose:
 3981              	.LFB242:
 3982              		.cfi_startproc
 3983              		.loc 1 1080 6 is_stmt 1 view -0
 3984              		@ args = 0, pretend = 0, frame = 0
 3985              		@ frame_needed = 0, uses_anonymous_args = 0
 3986              		@ link register save eliminated.
 3987 0000 1EFF2FE1 		bx	lr
 3988              		.cfi_endproc
 3989              	.LFE242:
ARM GAS  /tmp/ccrfHNBB.s 			page 71


 3990              		.size	chThdQueueObjectDispose, .-chThdQueueObjectDispose
 3991              		.section	.text.chThdEnqueueTimeoutS,"ax",%progbits
 3992              		.align	2
 3993              		.p2align 4,,15
 3994              		.global	chThdEnqueueTimeoutS
 3995              		.syntax unified
 3996              		.arm
 3997              		.type	chThdEnqueueTimeoutS, %function
 3998              	chThdEnqueueTimeoutS:
 3999              	.LVL152:
 4000              	.LFB237:
 4001              		.loc 1 1116 73 view -0
 4002              		.cfi_startproc
 4003              		@ args = 0, pretend = 0, frame = 0
 4004              		@ frame_needed = 0, uses_anonymous_args = 0
 4005              		@ link register save eliminated.
 4006              		.loc 1 1117 3 view .LVU1446
 4007              	.LBB813:
 4008              	.LBI813:
 4009              		.loc 5 526 25 view .LVU1447
 4010              	.LBB814:
 4011              		.loc 5 528 3 view .LVU1448
 4012              		.loc 5 528 10 is_stmt 0 view .LVU1449
 4013 0000 002000E3 		movw	r2, #:lower16:ch0
 4014              	.LBE814:
 4015              	.LBE813:
 4016              		.loc 1 1119 6 discriminator 1 view .LVU1450
 4017 0004 000051E3 		cmp	r1, #0
 4018              	.LBB817:
 4019              	.LBB815:
 4020              		.loc 5 528 10 view .LVU1451
 4021 0008 002040E3 		movt	r2, #:upper16:ch0
 4022              	.LBE815:
 4023              	.LBE817:
 4024              		.loc 1 1116 73 view .LVU1452
 4025 000c 0030A0E1 		mov	r3, r0
 4026              	.LBB818:
 4027              	.LBB816:
 4028              		.loc 5 528 10 view .LVU1453
 4029 0010 0C2092E5 		ldr	r2, [r2, #12]
 4030              	.LVL153:
 4031              		.loc 5 528 10 view .LVU1454
 4032              	.LBE816:
 4033              	.LBE818:
 4034              		.loc 1 1119 3 is_stmt 1 view .LVU1455
 4035              		.loc 1 1119 6 is_stmt 0 discriminator 1 view .LVU1456
 4036 0014 0600000A 		beq	.L112
 4037              		.loc 1 1123 3 is_stmt 1 view .LVU1457
 4038              	.LVL154:
 4039              	.LBB819:
 4040              	.LBI819:
 4041              		.loc 2 323 20 view .LVU1458
 4042              	.LBB820:
 4043              		.loc 2 325 3 view .LVU1459
 4044              		.loc 2 326 21 is_stmt 0 view .LVU1460
 4045 0018 04C090E5 		ldr	ip, [r0, #4]
 4046              		.loc 2 325 17 view .LVU1461
ARM GAS  /tmp/ccrfHNBB.s 			page 72


 4047 001c 000082E5 		str	r0, [r2]
 4048              		.loc 2 326 3 is_stmt 1 view .LVU1462
 4049              		.loc 2 326 17 is_stmt 0 view .LVU1463
 4050 0020 04C082E5 		str	ip, [r2, #4]
 4051              		.loc 2 327 3 is_stmt 1 view .LVU1464
 4052              	.LBE820:
 4053              	.LBE819:
 4054              		.loc 1 1125 10 is_stmt 0 view .LVU1465
 4055 0024 0400A0E3 		mov	r0, #4
 4056              	.LVL155:
 4057              	.LBB822:
 4058              	.LBB821:
 4059              		.loc 2 327 17 view .LVU1466
 4060 0028 00208CE5 		str	r2, [ip]
 4061              		.loc 2 328 3 is_stmt 1 view .LVU1467
 4062              		.loc 2 328 17 is_stmt 0 view .LVU1468
 4063 002c 042083E5 		str	r2, [r3, #4]
 4064              	.LVL156:
 4065              		.loc 2 328 17 view .LVU1469
 4066              	.LBE821:
 4067              	.LBE822:
 4068              		.loc 1 1125 3 is_stmt 1 view .LVU1470
 4069              		.loc 1 1125 10 is_stmt 0 view .LVU1471
 4070 0030 FEFFFFEA 		b	chSchGoSleepTimeoutS
 4071              	.LVL157:
 4072              	.L112:
 4073              		.loc 1 1126 1 view .LVU1472
 4074 0034 0000E0E3 		mvn	r0, #0
 4075              	.LVL158:
 4076              		.loc 1 1126 1 view .LVU1473
 4077 0038 1EFF2FE1 		bx	lr
 4078              		.cfi_endproc
 4079              	.LFE237:
 4080              		.size	chThdEnqueueTimeoutS, .-chThdEnqueueTimeoutS
 4081              		.section	.text.chThdDequeueNextI,"ax",%progbits
 4082              		.align	2
 4083              		.p2align 4,,15
 4084              		.global	chThdDequeueNextI
 4085              		.syntax unified
 4086              		.arm
 4087              		.type	chThdDequeueNextI, %function
 4088              	chThdDequeueNextI:
 4089              	.LVL159:
 4090              	.LFB238:
 4091              		.loc 1 1137 57 is_stmt 1 view -0
 4092              		.cfi_startproc
 4093              		@ args = 0, pretend = 0, frame = 0
 4094              		@ frame_needed = 0, uses_anonymous_args = 0
 4095              		@ link register save eliminated.
 4096              		.loc 1 1139 3 view .LVU1475
 4097              		.loc 1 1137 57 is_stmt 0 view .LVU1476
 4098 0000 0030A0E1 		mov	r3, r0
 4099              	.LVL160:
 4100              	.LBB823:
 4101              	.LBI823:
 4102              		.loc 2 310 20 is_stmt 1 view .LVU1477
 4103              	.LBB824:
ARM GAS  /tmp/ccrfHNBB.s 			page 73


 4104              		.loc 2 312 3 view .LVU1478
 4105              		.loc 2 312 19 is_stmt 0 view .LVU1479
 4106 0004 000090E5 		ldr	r0, [r0]
 4107              	.LVL161:
 4108              		.loc 2 312 19 view .LVU1480
 4109              	.LBE824:
 4110              	.LBE823:
 4111              		.loc 1 1139 6 discriminator 1 view .LVU1481
 4112 0008 000053E1 		cmp	r3, r0
 4113 000c 1EFF2F01 		bxeq	lr
 4114              		.loc 1 1140 5 is_stmt 1 view .LVU1482
 4115              	.LVL162:
 4116              	.LBB825:
 4117              	.LBI825:
 4118              		.loc 5 663 20 view .LVU1483
 4119              	.LBB826:
 4120              		.loc 5 664 3 view .LVU1484
 4121              		.loc 5 666 3 view .LVU1485
 4122              		.loc 5 666 3 view .LVU1486
 4123              		.loc 5 666 3 discriminator 5 view .LVU1487
 4124              		.loc 5 668 3 view .LVU1488
 4125              	.LBB827:
 4126              	.LBI827:
 4127              		.loc 2 341 27 view .LVU1489
 4128              	.LBB828:
 4129              		.loc 2 343 3 view .LVU1490
 4130              		.loc 2 343 3 view .LVU1491
 4131              		.loc 2 343 3 discriminator 5 view .LVU1492
 4132              		.loc 2 345 3 view .LVU1493
 4133              		.loc 2 347 3 view .LVU1494
 4134              		.loc 2 347 21 is_stmt 0 view .LVU1495
 4135 0010 002090E5 		ldr	r2, [r0]
 4136              		.loc 2 347 18 view .LVU1496
 4137 0014 002083E5 		str	r2, [r3]
 4138              		.loc 2 348 3 is_stmt 1 view .LVU1497
 4139              		.loc 2 348 18 is_stmt 0 view .LVU1498
 4140 0018 043082E5 		str	r3, [r2, #4]
 4141              		.loc 2 350 3 is_stmt 1 view .LVU1499
 4142              	.LVL163:
 4143              		.loc 2 350 3 is_stmt 0 view .LVU1500
 4144              	.LBE828:
 4145              	.LBE827:
 4146              		.loc 5 670 3 is_stmt 1 view .LVU1501
 4147              		.loc 5 670 3 view .LVU1502
 4148              		.loc 5 670 3 discriminator 5 view .LVU1503
 4149              		.loc 5 672 3 view .LVU1504
 4150              		.loc 5 672 16 is_stmt 0 view .LVU1505
 4151 001c 341080E5 		str	r1, [r0, #52]
 4152              		.loc 5 673 3 is_stmt 1 view .LVU1506
 4153              		.loc 5 673 10 is_stmt 0 view .LVU1507
 4154 0020 FEFFFFEA 		b	chSchReadyI
 4155              	.LVL164:
 4156              		.loc 5 673 10 view .LVU1508
 4157              	.LBE826:
 4158              	.LBE825:
 4159              		.cfi_endproc
 4160              	.LFE238:
ARM GAS  /tmp/ccrfHNBB.s 			page 74


 4161              		.size	chThdDequeueNextI, .-chThdDequeueNextI
 4162              		.section	.text.chThdDequeueAllI,"ax",%progbits
 4163              		.align	2
 4164              		.p2align 4,,15
 4165              		.global	chThdDequeueAllI
 4166              		.syntax unified
 4167              		.arm
 4168              		.type	chThdDequeueAllI, %function
 4169              	chThdDequeueAllI:
 4170              	.LVL165:
 4171              	.LFB239:
 4172              		.loc 1 1152 56 is_stmt 1 view -0
 4173              		.cfi_startproc
 4174              		@ args = 0, pretend = 0, frame = 0
 4175              		@ frame_needed = 0, uses_anonymous_args = 0
 4176              		.loc 1 1154 3 view .LVU1510
 4177              		.loc 1 1154 10 view .LVU1511
 4178              		.loc 1 1152 56 is_stmt 0 view .LVU1512
 4179 0000 70402DE9 		push	{r4, r5, r6, lr}
 4180              		.cfi_def_cfa_offset 16
 4181              		.cfi_offset 4, -16
 4182              		.cfi_offset 5, -12
 4183              		.cfi_offset 6, -8
 4184              		.cfi_offset 14, -4
 4185              		.loc 1 1152 56 view .LVU1513
 4186 0004 0040A0E1 		mov	r4, r0
 4187              	.LVL166:
 4188              	.LBB829:
 4189              	.LBI829:
 4190              		.loc 2 310 20 is_stmt 1 view .LVU1514
 4191              	.LBB830:
 4192              		.loc 2 312 3 view .LVU1515
 4193              		.loc 2 312 19 is_stmt 0 view .LVU1516
 4194 0008 000090E5 		ldr	r0, [r0]
 4195              	.LVL167:
 4196              		.loc 2 312 19 view .LVU1517
 4197              	.LBE830:
 4198              	.LBE829:
 4199              		.loc 1 1154 10 discriminator 1 view .LVU1518
 4200 000c 000054E1 		cmp	r4, r0
 4201 0010 7080BD08 		popeq	{r4, r5, r6, pc}
 4202 0014 0150A0E1 		mov	r5, r1
 4203              	.LVL168:
 4204              	.L117:
 4205              		.loc 1 1155 5 is_stmt 1 view .LVU1519
 4206              	.LBB832:
 4207              	.LBI832:
 4208              		.loc 5 663 20 view .LVU1520
 4209              	.LBB833:
 4210              		.loc 5 664 3 view .LVU1521
 4211              		.loc 5 666 3 view .LVU1522
 4212              		.loc 5 666 3 view .LVU1523
 4213              		.loc 5 666 3 discriminator 5 view .LVU1524
 4214              		.loc 5 668 3 view .LVU1525
 4215              	.LBB834:
 4216              	.LBI834:
 4217              		.loc 2 341 27 view .LVU1526
ARM GAS  /tmp/ccrfHNBB.s 			page 75


 4218              	.LBB835:
 4219              		.loc 2 343 3 view .LVU1527
 4220              		.loc 2 343 3 view .LVU1528
 4221              		.loc 2 343 3 discriminator 5 view .LVU1529
 4222              		.loc 2 345 3 view .LVU1530
 4223              		.loc 2 347 3 view .LVU1531
 4224              		.loc 2 347 21 is_stmt 0 view .LVU1532
 4225 0018 003090E5 		ldr	r3, [r0]
 4226              		.loc 2 347 18 view .LVU1533
 4227 001c 003084E5 		str	r3, [r4]
 4228              		.loc 2 348 3 is_stmt 1 view .LVU1534
 4229              		.loc 2 348 18 is_stmt 0 view .LVU1535
 4230 0020 044083E5 		str	r4, [r3, #4]
 4231              		.loc 2 350 3 is_stmt 1 view .LVU1536
 4232              	.LVL169:
 4233              		.loc 2 350 3 is_stmt 0 view .LVU1537
 4234              	.LBE835:
 4235              	.LBE834:
 4236              		.loc 5 670 3 is_stmt 1 view .LVU1538
 4237              		.loc 5 670 3 view .LVU1539
 4238              		.loc 5 670 3 discriminator 5 view .LVU1540
 4239              		.loc 5 672 3 view .LVU1541
 4240              		.loc 5 672 16 is_stmt 0 view .LVU1542
 4241 0024 345080E5 		str	r5, [r0, #52]
 4242              		.loc 5 673 3 is_stmt 1 view .LVU1543
 4243              		.loc 5 673 10 is_stmt 0 view .LVU1544
 4244 0028 FEFFFFEB 		bl	chSchReadyI
 4245              	.LVL170:
 4246              		.loc 5 673 10 view .LVU1545
 4247              	.LBE833:
 4248              	.LBE832:
 4249              		.loc 1 1154 10 is_stmt 1 view .LVU1546
 4250              	.LBB836:
 4251              		.loc 2 310 20 view .LVU1547
 4252              	.LBB831:
 4253              		.loc 2 312 3 view .LVU1548
 4254              		.loc 2 312 19 is_stmt 0 view .LVU1549
 4255 002c 000094E5 		ldr	r0, [r4]
 4256              	.LVL171:
 4257              		.loc 2 312 19 view .LVU1550
 4258              	.LBE831:
 4259              	.LBE836:
 4260              		.loc 1 1154 10 discriminator 1 view .LVU1551
 4261 0030 040050E1 		cmp	r0, r4
 4262 0034 F7FFFF1A 		bne	.L117
 4263 0038 7080BDE8 		pop	{r4, r5, r6, pc}
 4264              		.cfi_endproc
 4265              	.LFE239:
 4266              		.size	chThdDequeueAllI, .-chThdDequeueAllI
 4267              		.text
 4268              	.Letext0:
 4269              		.file 8 "/home/emirhan/Documents/gemstone/chibiOS-port/tools/arm-gnu-toolchain-13.3.rel1-x86_64-ar
 4270              		.file 9 "/home/emirhan/Documents/gemstone/chibiOS-port/tools/arm-gnu-toolchain-13.3.rel1-x86_64-ar
 4271              		.file 10 "/home/emirhan/Documents/gemstone/chibiOS-port/tools/arm-gnu-toolchain-13.3.rel1-x86_64-a
 4272              		.file 11 "../../../os/common/ports/ARM-common/include/chtypes.h"
 4273              		.file 12 "../../../os/rt/include/chearly.h"
 4274              		.file 13 "../../../os/rt/include/chobjects.h"
ARM GAS  /tmp/ccrfHNBB.s 			page 76


 4275              		.file 14 "../../../os/rt/include/chrfcu.h"
 4276              		.file 15 "../../../os/rt/include/chdebug.h"
 4277              		.file 16 "../../../os/rt/include/chsem.h"
 4278              		.file 17 "../../../os/rt/include/chmtx.h"
 4279              		.file 18 "../../../os/rt/include/chschd.h"
 4280              		.section	.debug_info,"",%progbits
 4281              	.Ldebug_info0:
 4282 0000 46280000 		.4byte	0x2846
 4283 0004 0500     		.2byte	0x5
 4284 0006 01       		.byte	0x1
 4285 0007 04       		.byte	0x4
 4286 0008 00000000 		.4byte	.Ldebug_abbrev0
 4287 000c 3F       		.uleb128 0x3f
 4288 000d 4E060000 		.4byte	.LASF193
 4289 0011 1D       		.byte	0x1d
 4290 0012 C5020000 		.4byte	.LASF194
 4291 0016 D2080000 		.4byte	.LASF195
 4292 001a 50030000 		.4byte	.LLRL194
 4293 001e 00000000 		.4byte	0
 4294 0022 00000000 		.4byte	.Ldebug_line0
 4295 0026 15       		.uleb128 0x15
 4296 0027 08       		.byte	0x8
 4297 0028 07       		.byte	0x7
 4298 0029 9D020000 		.4byte	.LASF0
 4299 002d 15       		.uleb128 0x15
 4300 002e 04       		.byte	0x4
 4301 002f 07       		.byte	0x7
 4302 0030 B3000000 		.4byte	.LASF1
 4303 0034 40       		.uleb128 0x40
 4304 0035 04       		.byte	0x4
 4305 0036 05       		.byte	0x5
 4306 0037 696E7400 		.ascii	"int\000"
 4307 003b 02       		.uleb128 0x2
 4308 003c 65030000 		.4byte	.LASF5
 4309 0040 08       		.byte	0x8
 4310 0041 D6       		.byte	0xd6
 4311 0042 17       		.byte	0x17
 4312 0043 2D000000 		.4byte	0x2d
 4313 0047 15       		.uleb128 0x15
 4314 0048 08       		.byte	0x8
 4315 0049 05       		.byte	0x5
 4316 004a E8040000 		.4byte	.LASF2
 4317 004e 15       		.uleb128 0x15
 4318 004f 08       		.byte	0x8
 4319 0050 04       		.byte	0x4
 4320 0051 E6050000 		.4byte	.LASF3
 4321 0055 15       		.uleb128 0x15
 4322 0056 01       		.byte	0x1
 4323 0057 06       		.byte	0x6
 4324 0058 62090000 		.4byte	.LASF4
 4325 005c 02       		.uleb128 0x2
 4326 005d A2070000 		.4byte	.LASF6
 4327 0061 09       		.byte	0x9
 4328 0062 2B       		.byte	0x2b
 4329 0063 18       		.byte	0x18
 4330 0064 68000000 		.4byte	0x68
 4331 0068 15       		.uleb128 0x15
ARM GAS  /tmp/ccrfHNBB.s 			page 77


 4332 0069 01       		.byte	0x1
 4333 006a 08       		.byte	0x8
 4334 006b 82080000 		.4byte	.LASF7
 4335 006f 15       		.uleb128 0x15
 4336 0070 02       		.byte	0x2
 4337 0071 05       		.byte	0x5
 4338 0072 2F060000 		.4byte	.LASF8
 4339 0076 15       		.uleb128 0x15
 4340 0077 02       		.byte	0x2
 4341 0078 07       		.byte	0x7
 4342 0079 74090000 		.4byte	.LASF9
 4343 007d 02       		.uleb128 0x2
 4344 007e ED000000 		.4byte	.LASF10
 4345 0082 09       		.byte	0x9
 4346 0083 4D       		.byte	0x4d
 4347 0084 18       		.byte	0x18
 4348 0085 89000000 		.4byte	0x89
 4349 0089 15       		.uleb128 0x15
 4350 008a 04       		.byte	0x4
 4351 008b 05       		.byte	0x5
 4352 008c 39060000 		.4byte	.LASF11
 4353 0090 02       		.uleb128 0x2
 4354 0091 90080000 		.4byte	.LASF12
 4355 0095 09       		.byte	0x9
 4356 0096 4F       		.byte	0x4f
 4357 0097 19       		.byte	0x19
 4358 0098 9C000000 		.4byte	0x9c
 4359 009c 15       		.uleb128 0x15
 4360 009d 04       		.byte	0x4
 4361 009e 07       		.byte	0x7
 4362 009f E1070000 		.4byte	.LASF13
 4363 00a3 02       		.uleb128 0x2
 4364 00a4 CC030000 		.4byte	.LASF14
 4365 00a8 09       		.byte	0x9
 4366 00a9 69       		.byte	0x69
 4367 00aa 19       		.byte	0x19
 4368 00ab 26000000 		.4byte	0x26
 4369 00af 41       		.uleb128 0x41
 4370 00b0 04       		.byte	0x4
 4371 00b1 15       		.uleb128 0x15
 4372 00b2 01       		.byte	0x1
 4373 00b3 08       		.byte	0x8
 4374 00b4 51040000 		.4byte	.LASF15
 4375 00b8 0D       		.uleb128 0xd
 4376 00b9 B1000000 		.4byte	0xb1
 4377 00bd 0B       		.uleb128 0xb
 4378 00be B8000000 		.4byte	0xb8
 4379 00c2 31       		.uleb128 0x31
 4380 00c3 BD000000 		.4byte	0xbd
 4381 00c7 02       		.uleb128 0x2
 4382 00c8 A8040000 		.4byte	.LASF16
 4383 00cc 0A       		.byte	0xa
 4384 00cd 18       		.byte	0x18
 4385 00ce 13       		.byte	0x13
 4386 00cf 5C000000 		.4byte	0x5c
 4387 00d3 02       		.uleb128 0x2
 4388 00d4 1B080000 		.4byte	.LASF17
ARM GAS  /tmp/ccrfHNBB.s 			page 78


 4389 00d8 0A       		.byte	0xa
 4390 00d9 2C       		.byte	0x2c
 4391 00da 13       		.byte	0x13
 4392 00db 7D000000 		.4byte	0x7d
 4393 00df 02       		.uleb128 0x2
 4394 00e0 FB010000 		.4byte	.LASF18
 4395 00e4 0A       		.byte	0xa
 4396 00e5 30       		.byte	0x30
 4397 00e6 14       		.byte	0x14
 4398 00e7 90000000 		.4byte	0x90
 4399 00eb 02       		.uleb128 0x2
 4400 00ec 62070000 		.4byte	.LASF19
 4401 00f0 0A       		.byte	0xa
 4402 00f1 3C       		.byte	0x3c
 4403 00f2 14       		.byte	0x14
 4404 00f3 A3000000 		.4byte	0xa3
 4405 00f7 31       		.uleb128 0x31
 4406 00f8 EB000000 		.4byte	0xeb
 4407 00fc 02       		.uleb128 0x2
 4408 00fd 4F000000 		.4byte	.LASF20
 4409 0101 0B       		.byte	0xb
 4410 0102 47       		.byte	0x47
 4411 0103 1D       		.byte	0x1d
 4412 0104 EB000000 		.4byte	0xeb
 4413 0108 02       		.uleb128 0x2
 4414 0109 F9020000 		.4byte	.LASF21
 4415 010d 0C       		.byte	0xc
 4416 010e 4F       		.byte	0x4f
 4417 010f 19       		.byte	0x19
 4418 0110 FC000000 		.4byte	0xfc
 4419 0114 02       		.uleb128 0x2
 4420 0115 CB050000 		.4byte	.LASF22
 4421 0119 0C       		.byte	0xc
 4422 011a 52       		.byte	0x52
 4423 011b 19       		.byte	0x19
 4424 011c C7000000 		.4byte	0xc7
 4425 0120 02       		.uleb128 0x2
 4426 0121 8C040000 		.4byte	.LASF23
 4427 0125 0C       		.byte	0xc
 4428 0126 53       		.byte	0x53
 4429 0127 19       		.byte	0x19
 4430 0128 C7000000 		.4byte	0xc7
 4431 012c 02       		.uleb128 0x2
 4432 012d D9070000 		.4byte	.LASF24
 4433 0131 0C       		.byte	0xc
 4434 0132 54       		.byte	0x54
 4435 0133 19       		.byte	0x19
 4436 0134 C7000000 		.4byte	0xc7
 4437 0138 02       		.uleb128 0x2
 4438 0139 5D020000 		.4byte	.LASF25
 4439 013d 0C       		.byte	0xc
 4440 013e 56       		.byte	0x56
 4441 013f 19       		.byte	0x19
 4442 0140 DF000000 		.4byte	0xdf
 4443 0144 02       		.uleb128 0x2
 4444 0145 05050000 		.4byte	.LASF26
 4445 0149 0C       		.byte	0xc
ARM GAS  /tmp/ccrfHNBB.s 			page 79


 4446 014a 57       		.byte	0x57
 4447 014b 19       		.byte	0x19
 4448 014c D3000000 		.4byte	0xd3
 4449 0150 02       		.uleb128 0x2
 4450 0151 30020000 		.4byte	.LASF27
 4451 0155 0C       		.byte	0xc
 4452 0156 59       		.byte	0x59
 4453 0157 19       		.byte	0x19
 4454 0158 DF000000 		.4byte	0xdf
 4455 015c 02       		.uleb128 0x2
 4456 015d F3020000 		.4byte	.LASF28
 4457 0161 0C       		.byte	0xc
 4458 0162 5B       		.byte	0x5b
 4459 0163 19       		.byte	0x19
 4460 0164 D3000000 		.4byte	0xd3
 4461 0168 02       		.uleb128 0x2
 4462 0169 0E0A0000 		.4byte	.LASF29
 4463 016d 0C       		.byte	0xc
 4464 016e 7F       		.byte	0x7f
 4465 016f 12       		.byte	0x12
 4466 0170 2D000000 		.4byte	0x2d
 4467 0174 02       		.uleb128 0x2
 4468 0175 5C030000 		.4byte	.LASF30
 4469 0179 0C       		.byte	0xc
 4470 017a 84       		.byte	0x84
 4471 017b 1A       		.byte	0x1a
 4472 017c 80010000 		.4byte	0x180
 4473 0180 16       		.uleb128 0x16
 4474 0181 BF040000 		.4byte	.LASF48
 4475 0185 54       		.byte	0x54
 4476 0186 0D       		.byte	0xd
 4477 0187 A6       		.byte	0xa6
 4478 0188 08       		.byte	0x8
 4479 0189 8A020000 		.4byte	0x28a
 4480 018d 2C       		.uleb128 0x2c
 4481 018e 68647200 		.ascii	"hdr\000"
 4482 0192 0D       		.byte	0xd
 4483 0193 B7       		.byte	0xb7
 4484 0194 05       		.byte	0x5
 4485 0195 22060000 		.4byte	0x622
 4486 0199 00       		.byte	0
 4487 019a 2C       		.uleb128 0x2c
 4488 019b 63747800 		.ascii	"ctx\000"
 4489 019f 0D       		.byte	0xd
 4490 01a0 BB       		.byte	0xbb
 4491 01a1 21       		.byte	0x21
 4492 01a2 4F040000 		.4byte	0x44f
 4493 01a6 0C       		.byte	0xc
 4494 01a7 03       		.uleb128 0x3
 4495 01a8 22030000 		.4byte	.LASF31
 4496 01ac 0D       		.byte	0xd
 4497 01ad BF       		.byte	0xbf
 4498 01ae 22       		.byte	0x22
 4499 01af 10070000 		.4byte	0x710
 4500 01b3 10       		.byte	0x10
 4501 01b4 03       		.uleb128 0x3
 4502 01b5 85040000 		.4byte	.LASF32
ARM GAS  /tmp/ccrfHNBB.s 			page 80


 4503 01b9 0D       		.byte	0xd
 4504 01ba C5       		.byte	0xc5
 4505 01bb 22       		.byte	0x22
 4506 01bc 15070000 		.4byte	0x715
 4507 01c0 14       		.byte	0x14
 4508 01c1 03       		.uleb128 0x3
 4509 01c2 2D070000 		.4byte	.LASF33
 4510 01c6 0D       		.byte	0xd
 4511 01c7 CA       		.byte	0xca
 4512 01c8 21       		.byte	0x21
 4513 01c9 15070000 		.4byte	0x715
 4514 01cd 18       		.byte	0x18
 4515 01ce 03       		.uleb128 0x3
 4516 01cf 40090000 		.4byte	.LASF34
 4517 01d3 0D       		.byte	0xd
 4518 01d4 CE       		.byte	0xce
 4519 01d5 21       		.byte	0x21
 4520 01d6 20010000 		.4byte	0x120
 4521 01da 1C       		.byte	0x1c
 4522 01db 03       		.uleb128 0x3
 4523 01dc 7F000000 		.4byte	.LASF35
 4524 01e0 0D       		.byte	0xd
 4525 01e1 D2       		.byte	0xd2
 4526 01e2 21       		.byte	0x21
 4527 01e3 14010000 		.4byte	0x114
 4528 01e7 1D       		.byte	0x1d
 4529 01e8 03       		.uleb128 0x3
 4530 01e9 F7000000 		.4byte	.LASF36
 4531 01ed 0D       		.byte	0xd
 4532 01ee D7       		.byte	0xd7
 4533 01ef 21       		.byte	0x21
 4534 01f0 2C010000 		.4byte	0x12c
 4535 01f4 1E       		.byte	0x1e
 4536 01f5 03       		.uleb128 0x3
 4537 01f6 AC070000 		.4byte	.LASF37
 4538 01fa 0D       		.byte	0xd
 4539 01fb DB       		.byte	0xdb
 4540 01fc 22       		.byte	0x22
 4541 01fd BD000000 		.4byte	0xbd
 4542 0201 20       		.byte	0x20
 4543 0202 03       		.uleb128 0x3
 4544 0203 95040000 		.4byte	.LASF38
 4545 0207 0D       		.byte	0xd
 4546 0208 DF       		.byte	0xdf
 4547 0209 21       		.byte	0x21
 4548 020a 9C040000 		.4byte	0x49c
 4549 020e 24       		.byte	0x24
 4550 020f 03       		.uleb128 0x3
 4551 0210 47000000 		.4byte	.LASF39
 4552 0214 0D       		.byte	0xd
 4553 0215 E5       		.byte	0xe5
 4554 0216 21       		.byte	0x21
 4555 0217 06060000 		.4byte	0x606
 4556 021b 2C       		.byte	0x2c
 4557 021c 03       		.uleb128 0x3
 4558 021d A4030000 		.4byte	.LASF40
 4559 0221 0D       		.byte	0xd
ARM GAS  /tmp/ccrfHNBB.s 			page 81


 4560 0222 EB       		.byte	0xeb
 4561 0223 22       		.byte	0x22
 4562 0224 AF000000 		.4byte	0xaf
 4563 0228 30       		.byte	0x30
 4564 0229 13       		.uleb128 0x13
 4565 022a 7500     		.ascii	"u\000"
 4566 022c 0D       		.byte	0xd
 4567 022d 3601     		.2byte	0x136
 4568 022f 21       		.byte	0x21
 4569 0230 48060000 		.4byte	0x648
 4570 0234 34       		.byte	0x34
 4571 0235 09       		.uleb128 0x9
 4572 0236 9B080000 		.4byte	.LASF41
 4573 023a 0D       		.byte	0xd
 4574 023b 3B01     		.2byte	0x13b
 4575 023d 21       		.byte	0x21
 4576 023e 70040000 		.4byte	0x470
 4577 0242 38       		.byte	0x38
 4578 0243 09       		.uleb128 0x9
 4579 0244 B0040000 		.4byte	.LASF42
 4580 0248 0D       		.byte	0xd
 4581 0249 4101     		.2byte	0x141
 4582 024b 21       		.byte	0x21
 4583 024c 9C040000 		.4byte	0x49c
 4584 0250 3C       		.byte	0x3c
 4585 0251 09       		.uleb128 0x9
 4586 0252 1C020000 		.4byte	.LASF43
 4587 0256 0D       		.byte	0xd
 4588 0257 5301     		.2byte	0x153
 4589 0259 21       		.byte	0x21
 4590 025a 44010000 		.4byte	0x144
 4591 025e 44       		.byte	0x44
 4592 025f 09       		.uleb128 0x9
 4593 0260 AA000000 		.4byte	.LASF44
 4594 0264 0D       		.byte	0xd
 4595 0265 5901     		.2byte	0x159
 4596 0267 21       		.byte	0x21
 4597 0268 50010000 		.4byte	0x150
 4598 026c 48       		.byte	0x48
 4599 026d 09       		.uleb128 0x9
 4600 026e 38030000 		.4byte	.LASF45
 4601 0272 0D       		.byte	0xd
 4602 0273 6001     		.2byte	0x160
 4603 0275 22       		.byte	0x22
 4604 0276 0B070000 		.4byte	0x70b
 4605 027a 4C       		.byte	0x4c
 4606 027b 09       		.uleb128 0x9
 4607 027c 8F000000 		.4byte	.LASF46
 4608 0280 0D       		.byte	0xd
 4609 0281 6401     		.2byte	0x164
 4610 0283 21       		.byte	0x21
 4611 0284 38010000 		.4byte	0x138
 4612 0288 50       		.byte	0x50
 4613 0289 00       		.byte	0
 4614 028a 02       		.uleb128 0x2
 4615 028b 46090000 		.4byte	.LASF47
 4616 028f 0C       		.byte	0xc
ARM GAS  /tmp/ccrfHNBB.s 			page 82


 4617 0290 89       		.byte	0x89
 4618 0291 1F       		.byte	0x1f
 4619 0292 96020000 		.4byte	0x296
 4620 0296 26       		.uleb128 0x26
 4621 0297 EF030000 		.4byte	.LASF49
 4622 029b E8       		.byte	0xe8
 4623 029c 0D       		.byte	0xd
 4624 029d A001     		.2byte	0x1a0
 4625 029f 08       		.byte	0x8
 4626 02a0 23030000 		.4byte	0x323
 4627 02a4 09       		.uleb128 0x9
 4628 02a5 7D070000 		.4byte	.LASF50
 4629 02a9 0D       		.byte	0xd
 4630 02aa A401     		.2byte	0x1a4
 4631 02ac 21       		.byte	0x21
 4632 02ad 45070000 		.4byte	0x745
 4633 02b1 00       		.byte	0
 4634 02b2 09       		.uleb128 0x9
 4635 02b3 0D010000 		.4byte	.LASF51
 4636 02b7 0D       		.byte	0xd
 4637 02b8 A801     		.2byte	0x1a8
 4638 02ba 21       		.byte	0x21
 4639 02bb 9B050000 		.4byte	0x59b
 4640 02bf 10       		.byte	0x10
 4641 02c0 09       		.uleb128 0x9
 4642 02c1 54090000 		.4byte	.LASF52
 4643 02c5 0D       		.byte	0xd
 4644 02c6 AF01     		.2byte	0x1af
 4645 02c8 21       		.byte	0x21
 4646 02c9 C2050000 		.4byte	0x5c2
 4647 02cd 28       		.byte	0x28
 4648 02ce 09       		.uleb128 0x9
 4649 02cf D8000000 		.4byte	.LASF53
 4650 02d3 0D       		.byte	0xd
 4651 02d4 B401     		.2byte	0x1b4
 4652 02d6 21       		.byte	0x21
 4653 02d7 68010000 		.4byte	0x168
 4654 02db 30       		.byte	0x30
 4655 02dc 09       		.uleb128 0x9
 4656 02dd 57030000 		.4byte	.LASF54
 4657 02e1 0D       		.byte	0xd
 4658 02e2 BA01     		.2byte	0x1ba
 4659 02e4 21       		.byte	0x21
 4660 02e5 4A030000 		.4byte	0x34a
 4661 02e9 34       		.byte	0x34
 4662 02ea 09       		.uleb128 0x9
 4663 02eb 1E060000 		.4byte	.LASF55
 4664 02ef 0D       		.byte	0xd
 4665 02f0 BF01     		.2byte	0x1bf
 4666 02f2 22       		.byte	0x22
 4667 02f3 B5070000 		.4byte	0x7b5
 4668 02f7 38       		.byte	0x38
 4669 02f8 09       		.uleb128 0x9
 4670 02f9 DB050000 		.4byte	.LASF56
 4671 02fd 0D       		.byte	0xd
 4672 02fe C301     		.2byte	0x1c3
 4673 0300 21       		.byte	0x21
ARM GAS  /tmp/ccrfHNBB.s 			page 83


 4674 0301 74010000 		.4byte	0x174
 4675 0305 3C       		.byte	0x3c
 4676 0306 09       		.uleb128 0x9
 4677 0307 35090000 		.4byte	.LASF57
 4678 030b 0D       		.byte	0xd
 4679 030c C801     		.2byte	0x1c8
 4680 030e 21       		.byte	0x21
 4681 030f 74010000 		.4byte	0x174
 4682 0313 90       		.byte	0x90
 4683 0314 13       		.uleb128 0x13
 4684 0315 64626700 		.ascii	"dbg\000"
 4685 0319 0D       		.byte	0xd
 4686 031a CD01     		.2byte	0x1cd
 4687 031c 21       		.byte	0x21
 4688 031d 71030000 		.4byte	0x371
 4689 0321 E4       		.byte	0xe4
 4690 0322 00       		.byte	0
 4691 0323 02       		.uleb128 0x2
 4692 0324 66040000 		.4byte	.LASF58
 4693 0328 0E       		.byte	0xe
 4694 0329 3E       		.byte	0x3e
 4695 032a 12       		.byte	0x12
 4696 032b DF000000 		.4byte	0xdf
 4697 032f 16       		.uleb128 0x16
 4698 0330 BB030000 		.4byte	.LASF59
 4699 0334 04       		.byte	0x4
 4700 0335 0E       		.byte	0xe
 4701 0336 43       		.byte	0x43
 4702 0337 10       		.byte	0x10
 4703 0338 4A030000 		.4byte	0x34a
 4704 033c 03       		.uleb128 0x3
 4705 033d 42050000 		.4byte	.LASF60
 4706 0341 0E       		.byte	0xe
 4707 0342 47       		.byte	0x47
 4708 0343 21       		.byte	0x21
 4709 0344 23030000 		.4byte	0x323
 4710 0348 00       		.byte	0
 4711 0349 00       		.byte	0
 4712 034a 02       		.uleb128 0x2
 4713 034b 23080000 		.4byte	.LASF61
 4714 034f 0E       		.byte	0xe
 4715 0350 48       		.byte	0x48
 4716 0351 03       		.byte	0x3
 4717 0352 2F030000 		.4byte	0x32f
 4718 0356 16       		.uleb128 0x16
 4719 0357 CB010000 		.4byte	.LASF62
 4720 035b 04       		.byte	0x4
 4721 035c 0F       		.byte	0xf
 4722 035d 3D       		.byte	0x3d
 4723 035e 10       		.byte	0x10
 4724 035f 71030000 		.4byte	0x371
 4725 0363 03       		.uleb128 0x3
 4726 0364 94050000 		.4byte	.LASF63
 4727 0368 0F       		.byte	0xf
 4728 0369 45       		.byte	0x45
 4729 036a 24       		.byte	0x24
 4730 036b C2000000 		.4byte	0xc2
ARM GAS  /tmp/ccrfHNBB.s 			page 84


 4731 036f 00       		.byte	0
 4732 0370 00       		.byte	0
 4733 0371 02       		.uleb128 0x2
 4734 0372 D4040000 		.4byte	.LASF64
 4735 0376 0F       		.byte	0xf
 4736 0377 50       		.byte	0x50
 4737 0378 03       		.byte	0x3
 4738 0379 56030000 		.4byte	0x356
 4739 037d 02       		.uleb128 0x2
 4740 037e 85000000 		.4byte	.LASF65
 4741 0382 07       		.byte	0x7
 4742 0383 6C       		.byte	0x6c
 4743 0384 12       		.byte	0x12
 4744 0385 DF000000 		.4byte	0xdf
 4745 0389 31       		.uleb128 0x31
 4746 038a 7D030000 		.4byte	0x37d
 4747 038e 02       		.uleb128 0x2
 4748 038f 7B050000 		.4byte	.LASF66
 4749 0393 07       		.byte	0x7
 4750 0394 78       		.byte	0x78
 4751 0395 12       		.byte	0x12
 4752 0396 DF000000 		.4byte	0xdf
 4753 039a 0B       		.uleb128 0xb
 4754 039b C7000000 		.4byte	0xc7
 4755 039f 26       		.uleb128 0x26
 4756 03a0 42060000 		.4byte	.LASF67
 4757 03a4 A8       		.byte	0xa8
 4758 03a5 04       		.byte	0x4
 4759 03a6 0102     		.2byte	0x201
 4760 03a8 08       		.byte	0x8
 4761 03a9 3F040000 		.4byte	0x43f
 4762 03ad 13       		.uleb128 0x13
 4763 03ae 6400     		.ascii	"d\000"
 4764 03b0 04       		.byte	0x4
 4765 03b1 0302     		.2byte	0x203
 4766 03b3 19       		.byte	0x19
 4767 03b4 3F040000 		.4byte	0x43f
 4768 03b8 00       		.byte	0
 4769 03b9 09       		.uleb128 0x9
 4770 03ba 97020000 		.4byte	.LASF68
 4771 03be 04       		.byte	0x4
 4772 03bf 0402     		.2byte	0x204
 4773 03c1 19       		.byte	0x19
 4774 03c2 DF000000 		.4byte	0xdf
 4775 03c6 80       		.byte	0x80
 4776 03c7 13       		.uleb128 0x13
 4777 03c8 723400   		.ascii	"r4\000"
 4778 03cb 04       		.byte	0x4
 4779 03cc 0602     		.2byte	0x206
 4780 03ce 19       		.byte	0x19
 4781 03cf DF000000 		.4byte	0xdf
 4782 03d3 84       		.byte	0x84
 4783 03d4 13       		.uleb128 0x13
 4784 03d5 723500   		.ascii	"r5\000"
 4785 03d8 04       		.byte	0x4
 4786 03d9 0702     		.2byte	0x207
 4787 03db 19       		.byte	0x19
ARM GAS  /tmp/ccrfHNBB.s 			page 85


 4788 03dc DF000000 		.4byte	0xdf
 4789 03e0 88       		.byte	0x88
 4790 03e1 13       		.uleb128 0x13
 4791 03e2 723600   		.ascii	"r6\000"
 4792 03e5 04       		.byte	0x4
 4793 03e6 0802     		.2byte	0x208
 4794 03e8 19       		.byte	0x19
 4795 03e9 DF000000 		.4byte	0xdf
 4796 03ed 8C       		.byte	0x8c
 4797 03ee 13       		.uleb128 0x13
 4798 03ef 723700   		.ascii	"r7\000"
 4799 03f2 04       		.byte	0x4
 4800 03f3 0902     		.2byte	0x209
 4801 03f5 19       		.byte	0x19
 4802 03f6 DF000000 		.4byte	0xdf
 4803 03fa 90       		.byte	0x90
 4804 03fb 13       		.uleb128 0x13
 4805 03fc 723800   		.ascii	"r8\000"
 4806 03ff 04       		.byte	0x4
 4807 0400 0A02     		.2byte	0x20a
 4808 0402 19       		.byte	0x19
 4809 0403 DF000000 		.4byte	0xdf
 4810 0407 94       		.byte	0x94
 4811 0408 13       		.uleb128 0x13
 4812 0409 723900   		.ascii	"r9\000"
 4813 040c 04       		.byte	0x4
 4814 040d 0B02     		.2byte	0x20b
 4815 040f 19       		.byte	0x19
 4816 0410 DF000000 		.4byte	0xdf
 4817 0414 98       		.byte	0x98
 4818 0415 13       		.uleb128 0x13
 4819 0416 72313000 		.ascii	"r10\000"
 4820 041a 04       		.byte	0x4
 4821 041b 0C02     		.2byte	0x20c
 4822 041d 19       		.byte	0x19
 4823 041e DF000000 		.4byte	0xdf
 4824 0422 9C       		.byte	0x9c
 4825 0423 13       		.uleb128 0x13
 4826 0424 72313100 		.ascii	"r11\000"
 4827 0428 04       		.byte	0x4
 4828 0429 0D02     		.2byte	0x20d
 4829 042b 19       		.byte	0x19
 4830 042c DF000000 		.4byte	0xdf
 4831 0430 A0       		.byte	0xa0
 4832 0431 13       		.uleb128 0x13
 4833 0432 6C7200   		.ascii	"lr\000"
 4834 0435 04       		.byte	0x4
 4835 0436 0E02     		.2byte	0x20e
 4836 0438 19       		.byte	0x19
 4837 0439 DF000000 		.4byte	0xdf
 4838 043d A4       		.byte	0xa4
 4839 043e 00       		.byte	0
 4840 043f 0F       		.uleb128 0xf
 4841 0440 EB000000 		.4byte	0xeb
 4842 0444 4F040000 		.4byte	0x44f
 4843 0448 10       		.uleb128 0x10
 4844 0449 2D000000 		.4byte	0x2d
ARM GAS  /tmp/ccrfHNBB.s 			page 86


 4845 044d 0F       		.byte	0xf
 4846 044e 00       		.byte	0
 4847 044f 26       		.uleb128 0x26
 4848 0450 14010000 		.4byte	.LASF69
 4849 0454 04       		.byte	0x4
 4850 0455 04       		.byte	0x4
 4851 0456 1702     		.2byte	0x217
 4852 0458 08       		.byte	0x8
 4853 0459 6B040000 		.4byte	0x46b
 4854 045d 13       		.uleb128 0x13
 4855 045e 737000   		.ascii	"sp\000"
 4856 0461 04       		.byte	0x4
 4857 0462 1802     		.2byte	0x218
 4858 0464 1A       		.byte	0x1a
 4859 0465 6B040000 		.4byte	0x46b
 4860 0469 00       		.byte	0
 4861 046a 00       		.byte	0
 4862 046b 0B       		.uleb128 0xb
 4863 046c 9F030000 		.4byte	0x39f
 4864 0470 02       		.uleb128 0x2
 4865 0471 F2050000 		.4byte	.LASF70
 4866 0475 02       		.byte	0x2
 4867 0476 31       		.byte	0x31
 4868 0477 18       		.byte	0x18
 4869 0478 7C040000 		.4byte	0x47c
 4870 047c 16       		.uleb128 0x16
 4871 047d B7010000 		.4byte	.LASF71
 4872 0481 04       		.byte	0x4
 4873 0482 02       		.byte	0x2
 4874 0483 37       		.byte	0x37
 4875 0484 08       		.byte	0x8
 4876 0485 97040000 		.4byte	0x497
 4877 0489 03       		.uleb128 0x3
 4878 048a C0000000 		.4byte	.LASF72
 4879 048e 02       		.byte	0x2
 4880 048f 38       		.byte	0x38
 4881 0490 1A       		.byte	0x1a
 4882 0491 97040000 		.4byte	0x497
 4883 0495 00       		.byte	0
 4884 0496 00       		.byte	0
 4885 0497 0B       		.uleb128 0xb
 4886 0498 70040000 		.4byte	0x470
 4887 049c 02       		.uleb128 0x2
 4888 049d 89050000 		.4byte	.LASF73
 4889 04a1 02       		.byte	0x2
 4890 04a2 3E       		.byte	0x3e
 4891 04a3 19       		.byte	0x19
 4892 04a4 AD040000 		.4byte	0x4ad
 4893 04a8 0D       		.uleb128 0xd
 4894 04a9 9C040000 		.4byte	0x49c
 4895 04ad 16       		.uleb128 0x16
 4896 04ae 4F080000 		.4byte	.LASF74
 4897 04b2 08       		.byte	0x8
 4898 04b3 02       		.byte	0x2
 4899 04b4 44       		.byte	0x44
 4900 04b5 08       		.byte	0x8
 4901 04b6 D5040000 		.4byte	0x4d5
ARM GAS  /tmp/ccrfHNBB.s 			page 87


 4902 04ba 03       		.uleb128 0x3
 4903 04bb C0000000 		.4byte	.LASF72
 4904 04bf 02       		.byte	0x2
 4905 04c0 45       		.byte	0x45
 4906 04c1 1A       		.byte	0x1a
 4907 04c2 D5040000 		.4byte	0x4d5
 4908 04c6 00       		.byte	0
 4909 04c7 03       		.uleb128 0x3
 4910 04c8 78010000 		.4byte	.LASF75
 4911 04cc 02       		.byte	0x2
 4912 04cd 46       		.byte	0x46
 4913 04ce 1A       		.byte	0x1a
 4914 04cf D5040000 		.4byte	0x4d5
 4915 04d3 04       		.byte	0x4
 4916 04d4 00       		.byte	0
 4917 04d5 0B       		.uleb128 0xb
 4918 04d6 9C040000 		.4byte	0x49c
 4919 04da 02       		.uleb128 0x2
 4920 04db 85030000 		.4byte	.LASF76
 4921 04df 02       		.byte	0x2
 4922 04e0 4D       		.byte	0x4d
 4923 04e1 22       		.byte	0x22
 4924 04e2 E6040000 		.4byte	0x4e6
 4925 04e6 16       		.uleb128 0x16
 4926 04e7 31080000 		.4byte	.LASF77
 4927 04eb 0C       		.byte	0xc
 4928 04ec 02       		.byte	0x2
 4929 04ed 54       		.byte	0x54
 4930 04ee 08       		.byte	0x8
 4931 04ef 1B050000 		.4byte	0x51b
 4932 04f3 03       		.uleb128 0x3
 4933 04f4 C0000000 		.4byte	.LASF72
 4934 04f8 02       		.byte	0x2
 4935 04f9 55       		.byte	0x55
 4936 04fa 1A       		.byte	0x1a
 4937 04fb 1B050000 		.4byte	0x51b
 4938 04ff 00       		.byte	0
 4939 0500 03       		.uleb128 0x3
 4940 0501 78010000 		.4byte	.LASF75
 4941 0505 02       		.byte	0x2
 4942 0506 56       		.byte	0x56
 4943 0507 1A       		.byte	0x1a
 4944 0508 1B050000 		.4byte	0x51b
 4945 050c 04       		.byte	0x4
 4946 050d 03       		.uleb128 0x3
 4947 050e 2B040000 		.4byte	.LASF78
 4948 0512 02       		.byte	0x2
 4949 0513 57       		.byte	0x57
 4950 0514 19       		.byte	0x19
 4951 0515 38010000 		.4byte	0x138
 4952 0519 08       		.byte	0x8
 4953 051a 00       		.byte	0
 4954 051b 0B       		.uleb128 0xb
 4955 051c DA040000 		.4byte	0x4da
 4956 0520 02       		.uleb128 0x2
 4957 0521 56040000 		.4byte	.LASF79
 4958 0525 02       		.byte	0x2
ARM GAS  /tmp/ccrfHNBB.s 			page 88


 4959 0526 5E       		.byte	0x5e
 4960 0527 1E       		.byte	0x1e
 4961 0528 2C050000 		.4byte	0x52c
 4962 052c 16       		.uleb128 0x16
 4963 052d ED010000 		.4byte	.LASF80
 4964 0531 0C       		.byte	0xc
 4965 0532 02       		.byte	0x2
 4966 0533 63       		.byte	0x63
 4967 0534 08       		.byte	0x8
 4968 0535 61050000 		.4byte	0x561
 4969 0539 03       		.uleb128 0x3
 4970 053a C0000000 		.4byte	.LASF72
 4971 053e 02       		.byte	0x2
 4972 053f 64       		.byte	0x64
 4973 0540 1A       		.byte	0x1a
 4974 0541 61050000 		.4byte	0x561
 4975 0545 00       		.byte	0
 4976 0546 03       		.uleb128 0x3
 4977 0547 78010000 		.4byte	.LASF75
 4978 054b 02       		.byte	0x2
 4979 054c 65       		.byte	0x65
 4980 054d 1A       		.byte	0x1a
 4981 054e 61050000 		.4byte	0x561
 4982 0552 04       		.byte	0x4
 4983 0553 03       		.uleb128 0x3
 4984 0554 6E090000 		.4byte	.LASF81
 4985 0558 02       		.byte	0x2
 4986 0559 66       		.byte	0x66
 4987 055a 19       		.byte	0x19
 4988 055b 8E030000 		.4byte	0x38e
 4989 055f 08       		.byte	0x8
 4990 0560 00       		.byte	0
 4991 0561 0B       		.uleb128 0xb
 4992 0562 20050000 		.4byte	0x520
 4993 0566 16       		.uleb128 0x16
 4994 0567 40030000 		.4byte	.LASF82
 4995 056b 18       		.byte	0x18
 4996 056c 0D       		.byte	0xd
 4997 056d 61       		.byte	0x61
 4998 056e 10       		.byte	0x10
 4999 056f 9B050000 		.4byte	0x59b
 5000 0573 03       		.uleb128 0x3
 5001 0574 54070000 		.4byte	.LASF83
 5002 0578 0D       		.byte	0xd
 5003 0579 65       		.byte	0x65
 5004 057a 21       		.byte	0x21
 5005 057b 20050000 		.4byte	0x520
 5006 057f 00       		.byte	0
 5007 0580 03       		.uleb128 0x3
 5008 0581 D3050000 		.4byte	.LASF84
 5009 0585 0D       		.byte	0xd
 5010 0586 6A       		.byte	0x6a
 5011 0587 21       		.byte	0x21
 5012 0588 89030000 		.4byte	0x389
 5013 058c 0C       		.byte	0xc
 5014 058d 03       		.uleb128 0x3
 5015 058e 42010000 		.4byte	.LASF85
ARM GAS  /tmp/ccrfHNBB.s 			page 89


 5016 0592 0D       		.byte	0xd
 5017 0593 7E       		.byte	0x7e
 5018 0594 21       		.byte	0x21
 5019 0595 F7000000 		.4byte	0xf7
 5020 0599 10       		.byte	0x10
 5021 059a 00       		.byte	0
 5022 059b 02       		.uleb128 0x2
 5023 059c A9080000 		.4byte	.LASF86
 5024 05a0 0D       		.byte	0xd
 5025 05a1 80       		.byte	0x80
 5026 05a2 03       		.byte	0x3
 5027 05a3 66050000 		.4byte	0x566
 5028 05a7 16       		.uleb128 0x16
 5029 05a8 5E000000 		.4byte	.LASF87
 5030 05ac 08       		.byte	0x8
 5031 05ad 0D       		.byte	0xd
 5032 05ae 85       		.byte	0x85
 5033 05af 10       		.byte	0x10
 5034 05b0 C2050000 		.4byte	0x5c2
 5035 05b4 03       		.uleb128 0x3
 5036 05b5 15080000 		.4byte	.LASF88
 5037 05b9 0D       		.byte	0xd
 5038 05ba 89       		.byte	0x89
 5039 05bb 21       		.byte	0x21
 5040 05bc 9C040000 		.4byte	0x49c
 5041 05c0 00       		.byte	0
 5042 05c1 00       		.byte	0
 5043 05c2 02       		.uleb128 0x2
 5044 05c3 0B050000 		.4byte	.LASF89
 5045 05c7 0D       		.byte	0xd
 5046 05c8 8A       		.byte	0x8a
 5047 05c9 03       		.byte	0x3
 5048 05ca A7050000 		.4byte	0x5a7
 5049 05ce 02       		.uleb128 0x2
 5050 05cf 72040000 		.4byte	.LASF90
 5051 05d3 0D       		.byte	0xd
 5052 05d4 8F       		.byte	0x8f
 5053 05d5 14       		.byte	0x14
 5054 05d6 DA050000 		.4byte	0x5da
 5055 05da 0B       		.uleb128 0xb
 5056 05db 74010000 		.4byte	0x174
 5057 05df 16       		.uleb128 0x16
 5058 05e0 7D010000 		.4byte	.LASF91
 5059 05e4 08       		.byte	0x8
 5060 05e5 0D       		.byte	0xd
 5061 05e6 94       		.byte	0x94
 5062 05e7 10       		.byte	0x10
 5063 05e8 FA050000 		.4byte	0x5fa
 5064 05ec 03       		.uleb128 0x3
 5065 05ed 15080000 		.4byte	.LASF88
 5066 05f1 0D       		.byte	0xd
 5067 05f2 98       		.byte	0x98
 5068 05f3 21       		.byte	0x21
 5069 05f4 9C040000 		.4byte	0x49c
 5070 05f8 00       		.byte	0
 5071 05f9 00       		.byte	0
 5072 05fa 02       		.uleb128 0x2
ARM GAS  /tmp/ccrfHNBB.s 			page 90


 5073 05fb 28030000 		.4byte	.LASF92
 5074 05ff 0D       		.byte	0xd
 5075 0600 99       		.byte	0x99
 5076 0601 03       		.byte	0x3
 5077 0602 DF050000 		.4byte	0x5df
 5078 0606 02       		.uleb128 0x2
 5079 0607 6A050000 		.4byte	.LASF93
 5080 060b 0D       		.byte	0xd
 5081 060c 9E       		.byte	0x9e
 5082 060d 10       		.byte	0x10
 5083 060e 12060000 		.4byte	0x612
 5084 0612 0B       		.uleb128 0xb
 5085 0613 17060000 		.4byte	0x617
 5086 0617 36       		.uleb128 0x36
 5087 0618 22060000 		.4byte	0x622
 5088 061c 1D       		.uleb128 0x1d
 5089 061d DA050000 		.4byte	0x5da
 5090 0621 00       		.byte	0
 5091 0622 37       		.uleb128 0x37
 5092 0623 0C       		.byte	0xc
 5093 0624 AA       		.byte	0xaa
 5094 0625 48060000 		.4byte	0x648
 5095 0629 32       		.uleb128 0x32
 5096 062a DB010000 		.4byte	.LASF94
 5097 062e AE       		.byte	0xae
 5098 062f 70040000 		.4byte	0x470
 5099 0633 32       		.uleb128 0x32
 5100 0634 15080000 		.4byte	.LASF88
 5101 0638 B2       		.byte	0xb2
 5102 0639 9C040000 		.4byte	0x49c
 5103 063d 32       		.uleb128 0x32
 5104 063e EC020000 		.4byte	.LASF95
 5105 0642 B6       		.byte	0xb6
 5106 0643 DA040000 		.4byte	0x4da
 5107 0647 00       		.byte	0
 5108 0648 37       		.uleb128 0x37
 5109 0649 04       		.byte	0x4
 5110 064a FF       		.byte	0xff
 5111 064b A4060000 		.4byte	0x6a4
 5112 064f 1E       		.uleb128 0x1e
 5113 0650 6C030000 		.4byte	.LASF96
 5114 0654 0601     		.2byte	0x106
 5115 0656 21       		.byte	0x21
 5116 0657 44010000 		.4byte	0x144
 5117 065b 1E       		.uleb128 0x1e
 5118 065c DB090000 		.4byte	.LASF97
 5119 0660 0D01     		.2byte	0x10d
 5120 0662 21       		.byte	0x21
 5121 0663 44010000 		.4byte	0x144
 5122 0667 1E       		.uleb128 0x1e
 5123 0668 FC000000 		.4byte	.LASF98
 5124 066c 1401     		.2byte	0x114
 5125 066e 22       		.byte	0x22
 5126 066f AF000000 		.4byte	0xaf
 5127 0673 1E       		.uleb128 0x1e
 5128 0674 5C090000 		.4byte	.LASF99
 5129 0678 1B01     		.2byte	0x11b
ARM GAS  /tmp/ccrfHNBB.s 			page 91


 5130 067a 22       		.byte	0x22
 5131 067b A4060000 		.4byte	0x6a4
 5132 067f 1E       		.uleb128 0x1e
 5133 0680 2A080000 		.4byte	.LASF100
 5134 0684 2301     		.2byte	0x123
 5135 0686 22       		.byte	0x22
 5136 0687 D1060000 		.4byte	0x6d1
 5137 068b 1E       		.uleb128 0x1e
 5138 068c 15000000 		.4byte	.LASF101
 5139 0690 2C01     		.2byte	0x12c
 5140 0692 22       		.byte	0x22
 5141 0693 0B070000 		.4byte	0x70b
 5142 0697 1E       		.uleb128 0x1e
 5143 0698 61010000 		.4byte	.LASF102
 5144 069c 3401     		.2byte	0x134
 5145 069e 21       		.byte	0x21
 5146 069f 50010000 		.4byte	0x150
 5147 06a3 00       		.byte	0
 5148 06a4 0B       		.uleb128 0xb
 5149 06a5 CE050000 		.4byte	0x5ce
 5150 06a9 16       		.uleb128 0x16
 5151 06aa 50020000 		.4byte	.LASF103
 5152 06ae 0C       		.byte	0xc
 5153 06af 10       		.byte	0x10
 5154 06b0 33       		.byte	0x33
 5155 06b1 10       		.byte	0x10
 5156 06b2 D1060000 		.4byte	0x6d1
 5157 06b6 03       		.uleb128 0x3
 5158 06b7 15080000 		.4byte	.LASF88
 5159 06bb 10       		.byte	0x10
 5160 06bc 34       		.byte	0x34
 5161 06bd 19       		.byte	0x19
 5162 06be 9C040000 		.4byte	0x49c
 5163 06c2 00       		.byte	0
 5164 06c3 2C       		.uleb128 0x2c
 5165 06c4 636E7400 		.ascii	"cnt\000"
 5166 06c8 10       		.byte	0x10
 5167 06c9 36       		.byte	0x36
 5168 06ca 19       		.byte	0x19
 5169 06cb 5C010000 		.4byte	0x15c
 5170 06cf 08       		.byte	0x8
 5171 06d0 00       		.byte	0
 5172 06d1 0B       		.uleb128 0xb
 5173 06d2 A9060000 		.4byte	0x6a9
 5174 06d6 16       		.uleb128 0x16
 5175 06d7 C3030000 		.4byte	.LASF104
 5176 06db 10       		.byte	0x10
 5177 06dc 11       		.byte	0x11
 5178 06dd 38       		.byte	0x38
 5179 06de 08       		.byte	0x8
 5180 06df 0B070000 		.4byte	0x70b
 5181 06e3 03       		.uleb128 0x3
 5182 06e4 15080000 		.4byte	.LASF88
 5183 06e8 11       		.byte	0x11
 5184 06e9 39       		.byte	0x39
 5185 06ea 19       		.byte	0x19
 5186 06eb 9C040000 		.4byte	0x49c
ARM GAS  /tmp/ccrfHNBB.s 			page 92


 5187 06ef 00       		.byte	0
 5188 06f0 03       		.uleb128 0x3
 5189 06f1 22030000 		.4byte	.LASF31
 5190 06f5 11       		.byte	0x11
 5191 06f6 3B       		.byte	0x3b
 5192 06f7 1A       		.byte	0x1a
 5193 06f8 DA050000 		.4byte	0x5da
 5194 06fc 08       		.byte	0x8
 5195 06fd 03       		.uleb128 0x3
 5196 06fe C0000000 		.4byte	.LASF72
 5197 0702 11       		.byte	0x11
 5198 0703 3D       		.byte	0x3d
 5199 0704 1A       		.byte	0x1a
 5200 0705 65080000 		.4byte	0x865
 5201 0709 0C       		.byte	0xc
 5202 070a 00       		.byte	0
 5203 070b 0B       		.uleb128 0xb
 5204 070c D6060000 		.4byte	0x6d6
 5205 0710 0B       		.uleb128 0xb
 5206 0711 8A020000 		.4byte	0x28a
 5207 0715 0B       		.uleb128 0xb
 5208 0716 08010000 		.4byte	0x108
 5209 071a 26       		.uleb128 0x26
 5210 071b 21010000 		.4byte	.LASF105
 5211 071f 10       		.byte	0x10
 5212 0720 0D       		.byte	0xd
 5213 0721 7501     		.2byte	0x175
 5214 0723 10       		.byte	0x10
 5215 0724 45070000 		.4byte	0x745
 5216 0728 09       		.uleb128 0x9
 5217 0729 EC020000 		.4byte	.LASF95
 5218 072d 0D       		.byte	0xd
 5219 072e 7A01     		.2byte	0x17a
 5220 0730 21       		.byte	0x21
 5221 0731 DA040000 		.4byte	0x4da
 5222 0735 00       		.byte	0
 5223 0736 09       		.uleb128 0x9
 5224 0737 98090000 		.4byte	.LASF106
 5225 073b 0D       		.byte	0xd
 5226 073c 7E01     		.2byte	0x17e
 5227 073e 22       		.byte	0x22
 5228 073f DA050000 		.4byte	0x5da
 5229 0743 0C       		.byte	0xc
 5230 0744 00       		.byte	0
 5231 0745 38       		.uleb128 0x38
 5232 0746 F3070000 		.4byte	.LASF107
 5233 074a 7F01     		.2byte	0x17f
 5234 074c 1A070000 		.4byte	0x71a
 5235 0750 26       		.uleb128 0x26
 5236 0751 3E070000 		.4byte	.LASF108
 5237 0755 14       		.byte	0x14
 5238 0756 0D       		.byte	0xd
 5239 0757 8401     		.2byte	0x184
 5240 0759 10       		.byte	0x10
 5241 075a A5070000 		.4byte	0x7a5
 5242 075e 09       		.uleb128 0x9
 5243 075f AC070000 		.4byte	.LASF37
ARM GAS  /tmp/ccrfHNBB.s 			page 93


 5244 0763 0D       		.byte	0xd
 5245 0764 8801     		.2byte	0x188
 5246 0766 22       		.byte	0x22
 5247 0767 BD000000 		.4byte	0xbd
 5248 076b 00       		.byte	0
 5249 076c 09       		.uleb128 0x9
 5250 076d 00000000 		.4byte	.LASF109
 5251 0771 0D       		.byte	0xd
 5252 0772 8C01     		.2byte	0x18c
 5253 0774 22       		.byte	0x22
 5254 0775 15070000 		.4byte	0x715
 5255 0779 04       		.byte	0x4
 5256 077a 09       		.uleb128 0x9
 5257 077b 33070000 		.4byte	.LASF110
 5258 077f 0D       		.byte	0xd
 5259 0780 9001     		.2byte	0x190
 5260 0782 22       		.byte	0x22
 5261 0783 15070000 		.4byte	0x715
 5262 0787 08       		.byte	0x8
 5263 0788 09       		.uleb128 0x9
 5264 0789 9E050000 		.4byte	.LASF111
 5265 078d 0D       		.byte	0xd
 5266 078e 9501     		.2byte	0x195
 5267 0790 22       		.byte	0x22
 5268 0791 15070000 		.4byte	0x715
 5269 0795 0C       		.byte	0xc
 5270 0796 09       		.uleb128 0x9
 5271 0797 34050000 		.4byte	.LASF112
 5272 079b 0D       		.byte	0xd
 5273 079c 9901     		.2byte	0x199
 5274 079e 22       		.byte	0x22
 5275 079f 15070000 		.4byte	0x715
 5276 07a3 10       		.byte	0x10
 5277 07a4 00       		.byte	0
 5278 07a5 38       		.uleb128 0x38
 5279 07a6 65020000 		.4byte	.LASF113
 5280 07aa 9B01     		.2byte	0x19b
 5281 07ac 50070000 		.4byte	0x750
 5282 07b0 0D       		.uleb128 0xd
 5283 07b1 A5070000 		.4byte	0x7a5
 5284 07b5 0B       		.uleb128 0xb
 5285 07b6 B0070000 		.4byte	0x7b0
 5286 07ba 42       		.uleb128 0x42
 5287 07bb 63683000 		.ascii	"ch0\000"
 5288 07bf 03       		.byte	0x3
 5289 07c0 1E01     		.2byte	0x11e
 5290 07c2 16       		.byte	0x16
 5291 07c3 8A020000 		.4byte	0x28a
 5292 07c7 02       		.uleb128 0x2
 5293 07c8 7A020000 		.4byte	.LASF114
 5294 07cc 05       		.byte	0x5
 5295 07cd 33       		.byte	0x33
 5296 07ce 10       		.byte	0x10
 5297 07cf D3070000 		.4byte	0x7d3
 5298 07d3 0B       		.uleb128 0xb
 5299 07d4 D8070000 		.4byte	0x7d8
 5300 07d8 36       		.uleb128 0x36
ARM GAS  /tmp/ccrfHNBB.s 			page 94


 5301 07d9 E3070000 		.4byte	0x7e3
 5302 07dd 1D       		.uleb128 0x1d
 5303 07de AF000000 		.4byte	0xaf
 5304 07e2 00       		.byte	0
 5305 07e3 43       		.uleb128 0x43
 5306 07e4 1C       		.byte	0x1c
 5307 07e5 05       		.byte	0x5
 5308 07e6 38       		.byte	0x38
 5309 07e7 09       		.byte	0x9
 5310 07e8 48080000 		.4byte	0x848
 5311 07ec 03       		.uleb128 0x3
 5312 07ed AC070000 		.4byte	.LASF37
 5313 07f1 05       		.byte	0x5
 5314 07f2 3C       		.byte	0x3c
 5315 07f3 22       		.byte	0x22
 5316 07f4 BD000000 		.4byte	0xbd
 5317 07f8 00       		.byte	0
 5318 07f9 03       		.uleb128 0x3
 5319 07fa 41000000 		.4byte	.LASF115
 5320 07fe 05       		.byte	0x5
 5321 07ff 40       		.byte	0x40
 5322 0800 22       		.byte	0x22
 5323 0801 15070000 		.4byte	0x715
 5324 0805 04       		.byte	0x4
 5325 0806 03       		.uleb128 0x3
 5326 0807 E3040000 		.4byte	.LASF116
 5327 080b 05       		.byte	0x5
 5328 080c 44       		.byte	0x44
 5329 080d 22       		.byte	0x22
 5330 080e 15070000 		.4byte	0x715
 5331 0812 08       		.byte	0x8
 5332 0813 03       		.uleb128 0x3
 5333 0814 2B040000 		.4byte	.LASF78
 5334 0818 05       		.byte	0x5
 5335 0819 48       		.byte	0x48
 5336 081a 21       		.byte	0x21
 5337 081b 38010000 		.4byte	0x138
 5338 081f 0C       		.byte	0xc
 5339 0820 03       		.uleb128 0x3
 5340 0821 A3080000 		.4byte	.LASF117
 5341 0825 05       		.byte	0x5
 5342 0826 4C       		.byte	0x4c
 5343 0827 21       		.byte	0x21
 5344 0828 C7070000 		.4byte	0x7c7
 5345 082c 10       		.byte	0x10
 5346 082d 2C       		.uleb128 0x2c
 5347 082e 61726700 		.ascii	"arg\000"
 5348 0832 05       		.byte	0x5
 5349 0833 50       		.byte	0x50
 5350 0834 22       		.byte	0x22
 5351 0835 AF000000 		.4byte	0xaf
 5352 0839 14       		.byte	0x14
 5353 083a 03       		.uleb128 0x3
 5354 083b 22030000 		.4byte	.LASF31
 5355 083f 05       		.byte	0x5
 5356 0840 54       		.byte	0x54
 5357 0841 22       		.byte	0x22
ARM GAS  /tmp/ccrfHNBB.s 			page 95


 5358 0842 10070000 		.4byte	0x710
 5359 0846 18       		.byte	0x18
 5360 0847 00       		.byte	0
 5361 0848 02       		.uleb128 0x2
 5362 0849 3C020000 		.4byte	.LASF118
 5363 084d 05       		.byte	0x5
 5364 084e 55       		.byte	0x55
 5365 084f 03       		.byte	0x3
 5366 0850 E3070000 		.4byte	0x7e3
 5367 0854 0D       		.uleb128 0xd
 5368 0855 48080000 		.4byte	0x848
 5369 0859 02       		.uleb128 0x2
 5370 085a 58080000 		.4byte	.LASF119
 5371 085e 11       		.byte	0x11
 5372 085f 33       		.byte	0x33
 5373 0860 19       		.byte	0x19
 5374 0861 D6060000 		.4byte	0x6d6
 5375 0865 0B       		.uleb128 0xb
 5376 0866 59080000 		.4byte	0x859
 5377 086a 15       		.uleb128 0x15
 5378 086b 01       		.byte	0x1
 5379 086c 02       		.byte	0x2
 5380 086d 9E030000 		.4byte	.LASF120
 5381 0871 39       		.uleb128 0x39
 5382 0872 1D040000 		.4byte	.LASF121
 5383 0876 97       		.byte	0x97
 5384 0877 3A       		.uleb128 0x3a
 5385 0878 00080000 		.4byte	.LASF125
 5386 087c 91       		.byte	0x91
 5387 087d 09       		.byte	0x9
 5388 087e 44010000 		.4byte	0x144
 5389 0882 91080000 		.4byte	0x891
 5390 0886 1D       		.uleb128 0x1d
 5391 0887 20010000 		.4byte	0x120
 5392 088b 1D       		.uleb128 0x1d
 5393 088c 8E030000 		.4byte	0x38e
 5394 0890 00       		.byte	0
 5395 0891 39       		.uleb128 0x39
 5396 0892 DE030000 		.4byte	.LASF122
 5397 0896 93       		.byte	0x93
 5398 0897 3B       		.uleb128 0x3b
 5399 0898 B7070000 		.4byte	.LASF123
 5400 089c 90       		.byte	0x90
 5401 089d A7080000 		.4byte	0x8a7
 5402 08a1 1D       		.uleb128 0x1d
 5403 08a2 20010000 		.4byte	0x120
 5404 08a6 00       		.byte	0
 5405 08a7 3B       		.uleb128 0x3b
 5406 08a8 28090000 		.4byte	.LASF124
 5407 08ac 92       		.byte	0x92
 5408 08ad BC080000 		.4byte	0x8bc
 5409 08b1 1D       		.uleb128 0x1d
 5410 08b2 DA050000 		.4byte	0x5da
 5411 08b6 1D       		.uleb128 0x1d
 5412 08b7 44010000 		.4byte	0x144
 5413 08bb 00       		.byte	0
 5414 08bc 3A       		.uleb128 0x3a
ARM GAS  /tmp/ccrfHNBB.s 			page 96


 5415 08bd BF010000 		.4byte	.LASF126
 5416 08c1 8F       		.byte	0x8f
 5417 08c2 0D       		.byte	0xd
 5418 08c3 DA050000 		.4byte	0x5da
 5419 08c7 D1080000 		.4byte	0x8d1
 5420 08cb 1D       		.uleb128 0x1d
 5421 08cc DA050000 		.4byte	0x5da
 5422 08d0 00       		.byte	0
 5423 08d1 44       		.uleb128 0x44
 5424 08d2 8E070000 		.4byte	.LASF127
 5425 08d6 04       		.byte	0x4
 5426 08d7 8D02     		.2byte	0x28d
 5427 08d9 08       		.byte	0x8
 5428 08da 19       		.uleb128 0x19
 5429 08db 87090000 		.4byte	.LASF128
 5430 08df 8004     		.2byte	0x480
 5431 08e1 00000000 		.4byte	.LFB239
 5432 08e5 3C000000 		.4byte	.LFE239-.LFB239
 5433 08e9 01       		.uleb128 0x1
 5434 08ea 9C       		.byte	0x9c
 5435 08eb B6090000 		.4byte	0x9b6
 5436 08ef 0A       		.uleb128 0xa
 5437 08f0 74717000 		.ascii	"tqp\000"
 5438 08f4 8004     		.2byte	0x480
 5439 08f6 28       		.byte	0x28
 5440 08f7 B6090000 		.4byte	0x9b6
 5441 08fb 10000000 		.4byte	.LLST185
 5442 08ff 0C000000 		.4byte	.LVUS185
 5443 0903 0A       		.uleb128 0xa
 5444 0904 6D736700 		.ascii	"msg\000"
 5445 0908 8004     		.2byte	0x480
 5446 090a 33       		.byte	0x33
 5447 090b 44010000 		.4byte	0x144
 5448 090f 24000000 		.4byte	.LLST186
 5449 0913 20000000 		.4byte	.LVUS186
 5450 0917 06       		.uleb128 0x6
 5451 0918 B7220000 		.4byte	0x22b7
 5452 091c 08000000 		.4byte	.LBI829
 5453 0920 00       		.byte	.LVU1514
 5454 0921 44030000 		.4byte	.LLRL187
 5455 0925 8204     		.2byte	0x482
 5456 0927 0A       		.byte	0xa
 5457 0928 3A090000 		.4byte	0x93a
 5458 092c 01       		.uleb128 0x1
 5459 092d C8220000 		.4byte	0x22c8
 5460 0931 38000000 		.4byte	.LLST188
 5461 0935 34000000 		.4byte	.LVUS188
 5462 0939 00       		.byte	0
 5463 093a 17       		.uleb128 0x17
 5464 093b AC210000 		.4byte	0x21ac
 5465 093f 18000000 		.4byte	.LBI832
 5466 0943 01       		.byte	.LVU1520
 5467 0944 18000000 		.4byte	.LBB832
 5468 0948 14000000 		.4byte	.LBE832-.LBB832
 5469 094c 8304     		.2byte	0x483
 5470 094e 05       		.byte	0x5
 5471 094f 01       		.uleb128 0x1
ARM GAS  /tmp/ccrfHNBB.s 			page 97


 5472 0950 C5210000 		.4byte	0x21c5
 5473 0954 4A000000 		.4byte	.LLST189
 5474 0958 48000000 		.4byte	.LVUS189
 5475 095c 01       		.uleb128 0x1
 5476 095d B8210000 		.4byte	0x21b8
 5477 0961 55000000 		.4byte	.LLST190
 5478 0965 53000000 		.4byte	.LVUS190
 5479 0969 11       		.uleb128 0x11
 5480 096a D2210000 		.4byte	0x21d2
 5481 096e 60000000 		.4byte	.LLST191
 5482 0972 5E000000 		.4byte	.LVUS191
 5483 0976 05       		.uleb128 0x5
 5484 0977 61220000 		.4byte	0x2261
 5485 097b 18000000 		.4byte	.LBI834
 5486 097f 07       		.byte	.LVU1526
 5487 0980 18000000 		.4byte	.LBB834
 5488 0984 0C000000 		.4byte	.LBE834-.LBB834
 5489 0988 05       		.byte	0x5
 5490 0989 9C02     		.2byte	0x29c
 5491 098b 08       		.byte	0x8
 5492 098c AB090000 		.4byte	0x9ab
 5493 0990 01       		.uleb128 0x1
 5494 0991 72220000 		.4byte	0x2272
 5495 0995 6B000000 		.4byte	.LLST192
 5496 0999 69000000 		.4byte	.LVUS192
 5497 099d 11       		.uleb128 0x11
 5498 099e 87220000 		.4byte	0x2287
 5499 09a2 76000000 		.4byte	.LLST193
 5500 09a6 74000000 		.4byte	.LVUS193
 5501 09aa 00       		.byte	0
 5502 09ab 27       		.uleb128 0x27
 5503 09ac 2C000000 		.4byte	.LVL170
 5504 09b0 BC080000 		.4byte	0x8bc
 5505 09b4 00       		.byte	0
 5506 09b5 00       		.byte	0
 5507 09b6 0B       		.uleb128 0xb
 5508 09b7 FA050000 		.4byte	0x5fa
 5509 09bb 19       		.uleb128 0x19
 5510 09bc 98000000 		.4byte	.LASF129
 5511 09c0 7104     		.2byte	0x471
 5512 09c2 00000000 		.4byte	.LFB238
 5513 09c6 24000000 		.4byte	.LFE238-.LFB238
 5514 09ca 01       		.uleb128 0x1
 5515 09cb 9C       		.byte	0x9c
 5516 09cc 9C0A0000 		.4byte	0xa9c
 5517 09d0 0A       		.uleb128 0xa
 5518 09d1 74717000 		.ascii	"tqp\000"
 5519 09d5 7104     		.2byte	0x471
 5520 09d7 29       		.byte	0x29
 5521 09d8 B6090000 		.4byte	0x9b6
 5522 09dc 85000000 		.4byte	.LLST177
 5523 09e0 7F000000 		.4byte	.LVUS177
 5524 09e4 0A       		.uleb128 0xa
 5525 09e5 6D736700 		.ascii	"msg\000"
 5526 09e9 7104     		.2byte	0x471
 5527 09eb 34       		.byte	0x34
 5528 09ec 44010000 		.4byte	0x144
ARM GAS  /tmp/ccrfHNBB.s 			page 98


 5529 09f0 A7000000 		.4byte	.LLST178
 5530 09f4 A3000000 		.4byte	.LVUS178
 5531 09f8 05       		.uleb128 0x5
 5532 09f9 B7220000 		.4byte	0x22b7
 5533 09fd 04000000 		.4byte	.LBI823
 5534 0a01 00       		.byte	.LVU1477
 5535 0a02 04000000 		.4byte	.LBB823
 5536 0a06 04000000 		.4byte	.LBE823-.LBB823
 5537 0a0a 01       		.byte	0x1
 5538 0a0b 7304     		.2byte	0x473
 5539 0a0d 07       		.byte	0x7
 5540 0a0e 200A0000 		.4byte	0xa20
 5541 0a12 01       		.uleb128 0x1
 5542 0a13 C8220000 		.4byte	0x22c8
 5543 0a17 C2000000 		.4byte	.LLST179
 5544 0a1b C0000000 		.4byte	.LVUS179
 5545 0a1f 00       		.byte	0
 5546 0a20 17       		.uleb128 0x17
 5547 0a21 AC210000 		.4byte	0x21ac
 5548 0a25 10000000 		.4byte	.LBI825
 5549 0a29 01       		.byte	.LVU1483
 5550 0a2a 10000000 		.4byte	.LBB825
 5551 0a2e 14000000 		.4byte	.LBE825-.LBB825
 5552 0a32 7404     		.2byte	0x474
 5553 0a34 05       		.byte	0x5
 5554 0a35 01       		.uleb128 0x1
 5555 0a36 C5210000 		.4byte	0x21c5
 5556 0a3a CF000000 		.4byte	.LLST180
 5557 0a3e CB000000 		.4byte	.LVUS180
 5558 0a42 01       		.uleb128 0x1
 5559 0a43 B8210000 		.4byte	0x21b8
 5560 0a47 EC000000 		.4byte	.LLST181
 5561 0a4b E8000000 		.4byte	.LVUS181
 5562 0a4f 11       		.uleb128 0x11
 5563 0a50 D2210000 		.4byte	0x21d2
 5564 0a54 07010000 		.4byte	.LLST182
 5565 0a58 05010000 		.4byte	.LVUS182
 5566 0a5c 05       		.uleb128 0x5
 5567 0a5d 61220000 		.4byte	0x2261
 5568 0a61 10000000 		.4byte	.LBI827
 5569 0a65 07       		.byte	.LVU1489
 5570 0a66 10000000 		.4byte	.LBB827
 5571 0a6a 0C000000 		.4byte	.LBE827-.LBB827
 5572 0a6e 05       		.byte	0x5
 5573 0a6f 9C02     		.2byte	0x29c
 5574 0a71 08       		.byte	0x8
 5575 0a72 910A0000 		.4byte	0xa91
 5576 0a76 01       		.uleb128 0x1
 5577 0a77 72220000 		.4byte	0x2272
 5578 0a7b 12010000 		.4byte	.LLST183
 5579 0a7f 10010000 		.4byte	.LVUS183
 5580 0a83 11       		.uleb128 0x11
 5581 0a84 87220000 		.4byte	0x2287
 5582 0a88 1D010000 		.4byte	.LLST184
 5583 0a8c 1B010000 		.4byte	.LVUS184
 5584 0a90 00       		.byte	0
 5585 0a91 2D       		.uleb128 0x2d
ARM GAS  /tmp/ccrfHNBB.s 			page 99


 5586 0a92 24000000 		.4byte	.LVL164
 5587 0a96 BC080000 		.4byte	0x8bc
 5588 0a9a 00       		.byte	0
 5589 0a9b 00       		.byte	0
 5590 0a9c 12       		.uleb128 0x12
 5591 0a9d 6A000000 		.4byte	.LASF137
 5592 0aa1 5C04     		.2byte	0x45c
 5593 0aa3 07       		.byte	0x7
 5594 0aa4 44010000 		.4byte	0x144
 5595 0aa8 00000000 		.4byte	.LFB237
 5596 0aac 3C000000 		.4byte	.LFE237-.LFB237
 5597 0ab0 01       		.uleb128 0x1
 5598 0ab1 9C       		.byte	0x9c
 5599 0ab2 510B0000 		.4byte	0xb51
 5600 0ab6 0A       		.uleb128 0xa
 5601 0ab7 74717000 		.ascii	"tqp\000"
 5602 0abb 5C04     		.2byte	0x45c
 5603 0abd 2D       		.byte	0x2d
 5604 0abe B6090000 		.4byte	0x9b6
 5605 0ac2 30010000 		.4byte	.LLST170
 5606 0ac6 26010000 		.4byte	.LVUS170
 5607 0aca 18       		.uleb128 0x18
 5608 0acb BF080000 		.4byte	.LASF130
 5609 0acf 5C04     		.2byte	0x45c
 5610 0ad1 40       		.byte	0x40
 5611 0ad2 8E030000 		.4byte	0x38e
 5612 0ad6 5E010000 		.4byte	.LLST171
 5613 0ada 58010000 		.4byte	.LVUS171
 5614 0ade 1B       		.uleb128 0x1b
 5615 0adf D7030000 		.4byte	.LASF131
 5616 0ae3 5D04     		.2byte	0x45d
 5617 0ae5 0D       		.byte	0xd
 5618 0ae6 DA050000 		.4byte	0x5da
 5619 0aea 80010000 		.4byte	.LLST172
 5620 0aee 7C010000 		.4byte	.LVUS172
 5621 0af2 0C       		.uleb128 0xc
 5622 0af3 0B220000 		.4byte	0x220b
 5623 0af7 00000000 		.4byte	.LBI813
 5624 0afb 02       		.byte	.LVU1447
 5625 0afc 29030000 		.4byte	.LLRL173
 5626 0b00 01       		.byte	0x1
 5627 0b01 5D04     		.2byte	0x45d
 5628 0b03 16       		.byte	0x16
 5629 0b04 06       		.uleb128 0x6
 5630 0b05 93220000 		.4byte	0x2293
 5631 0b09 18000000 		.4byte	.LBI819
 5632 0b0d 01       		.byte	.LVU1458
 5633 0b0e 38030000 		.4byte	.LLRL174
 5634 0b12 6304     		.2byte	0x463
 5635 0b14 03       		.byte	0x3
 5636 0b15 340B0000 		.4byte	0xb34
 5637 0b19 01       		.uleb128 0x1
 5638 0b1a AB220000 		.4byte	0x22ab
 5639 0b1e 92010000 		.4byte	.LLST175
 5640 0b22 90010000 		.4byte	.LVUS175
 5641 0b26 01       		.uleb128 0x1
 5642 0b27 9F220000 		.4byte	0x229f
ARM GAS  /tmp/ccrfHNBB.s 			page 100


 5643 0b2b 9F010000 		.4byte	.LLST176
 5644 0b2f 9B010000 		.4byte	.LVUS176
 5645 0b33 00       		.byte	0
 5646 0b34 28       		.uleb128 0x28
 5647 0b35 34000000 		.4byte	.LVL157
 5648 0b39 77080000 		.4byte	0x877
 5649 0b3d 04       		.uleb128 0x4
 5650 0b3e 01       		.uleb128 0x1
 5651 0b3f 50       		.byte	0x50
 5652 0b40 01       		.uleb128 0x1
 5653 0b41 34       		.byte	0x34
 5654 0b42 04       		.uleb128 0x4
 5655 0b43 01       		.uleb128 0x1
 5656 0b44 51       		.byte	0x51
 5657 0b45 09       		.uleb128 0x9
 5658 0b46 A3       		.byte	0xa3
 5659 0b47 03       		.uleb128 0x3
 5660 0b48 A5       		.byte	0xa5
 5661 0b49 01       		.uleb128 0x1
 5662 0b4a 26       		.uleb128 0x26
 5663 0b4b A8       		.byte	0xa8
 5664 0b4c 2D       		.uleb128 0x2d
 5665 0b4d A8       		.byte	0xa8
 5666 0b4e 00       		.uleb128 0
 5667 0b4f 00       		.byte	0
 5668 0b50 00       		.byte	0
 5669 0b51 45       		.uleb128 0x45
 5670 0b52 180A0000 		.4byte	.LASF196
 5671 0b56 01       		.byte	0x1
 5672 0b57 3804     		.2byte	0x438
 5673 0b59 06       		.byte	0x6
 5674 0b5a 750B0000 		.4byte	0xb75
 5675 0b5e 0E       		.uleb128 0xe
 5676 0b5f 74717000 		.ascii	"tqp\000"
 5677 0b63 01       		.byte	0x1
 5678 0b64 3804     		.2byte	0x438
 5679 0b66 2F       		.byte	0x2f
 5680 0b67 B6090000 		.4byte	0x9b6
 5681 0b6b 08       		.uleb128 0x8
 5682 0b6c A0090000 		.4byte	.LASF133
 5683 0b70 850B0000 		.4byte	0xb85
 5684 0b74 00       		.byte	0
 5685 0b75 0F       		.uleb128 0xf
 5686 0b76 B8000000 		.4byte	0xb8
 5687 0b7a 850B0000 		.4byte	0xb85
 5688 0b7e 10       		.uleb128 0x10
 5689 0b7f 2D000000 		.4byte	0x2d
 5690 0b83 17       		.byte	0x17
 5691 0b84 00       		.byte	0
 5692 0b85 0D       		.uleb128 0xd
 5693 0b86 750B0000 		.4byte	0xb75
 5694 0b8a 19       		.uleb128 0x19
 5695 0b8b 4C010000 		.4byte	.LASF132
 5696 0b8f 2204     		.2byte	0x422
 5697 0b91 00000000 		.4byte	.LFB235
 5698 0b95 0C000000 		.4byte	.LFE235-.LFB235
 5699 0b99 01       		.uleb128 0x1
ARM GAS  /tmp/ccrfHNBB.s 			page 101


 5700 0b9a 9C       		.byte	0x9c
 5701 0b9b DA0B0000 		.4byte	0xbda
 5702 0b9f 29       		.uleb128 0x29
 5703 0ba0 74717000 		.ascii	"tqp\000"
 5704 0ba4 2204     		.2byte	0x422
 5705 0ba6 2C       		.byte	0x2c
 5706 0ba7 B6090000 		.4byte	0x9b6
 5707 0bab 01       		.uleb128 0x1
 5708 0bac 50       		.byte	0x50
 5709 0bad 08       		.uleb128 0x8
 5710 0bae A0090000 		.4byte	.LASF133
 5711 0bb2 EA0B0000 		.4byte	0xbea
 5712 0bb6 17       		.uleb128 0x17
 5713 0bb7 DA220000 		.4byte	0x22da
 5714 0bbb 00000000 		.4byte	.LBI811
 5715 0bbf 05       		.byte	.LVU1438
 5716 0bc0 00000000 		.4byte	.LBB811
 5717 0bc4 08000000 		.4byte	.LBE811-.LBB811
 5718 0bc8 2604     		.2byte	0x426
 5719 0bca 03       		.byte	0x3
 5720 0bcb 01       		.uleb128 0x1
 5721 0bcc E6220000 		.4byte	0x22e6
 5722 0bd0 B1010000 		.4byte	.LLST169
 5723 0bd4 AF010000 		.4byte	.LVUS169
 5724 0bd8 00       		.byte	0
 5725 0bd9 00       		.byte	0
 5726 0bda 0F       		.uleb128 0xf
 5727 0bdb B8000000 		.4byte	0xb8
 5728 0bdf EA0B0000 		.4byte	0xbea
 5729 0be3 10       		.uleb128 0x10
 5730 0be4 2D000000 		.4byte	0x2d
 5731 0be8 14       		.byte	0x14
 5732 0be9 00       		.byte	0
 5733 0bea 0D       		.uleb128 0xd
 5734 0beb DA0B0000 		.4byte	0xbda
 5735 0bef 19       		.uleb128 0x19
 5736 0bf0 9C040000 		.4byte	.LASF134
 5737 0bf4 1404     		.2byte	0x414
 5738 0bf6 00000000 		.4byte	.LFB234
 5739 0bfa 34000000 		.4byte	.LFE234-.LFB234
 5740 0bfe 01       		.uleb128 0x1
 5741 0bff 9C       		.byte	0x9c
 5742 0c00 EB0C0000 		.4byte	0xceb
 5743 0c04 0A       		.uleb128 0xa
 5744 0c05 74727000 		.ascii	"trp\000"
 5745 0c09 1404     		.2byte	0x414
 5746 0c0b 26       		.byte	0x26
 5747 0c0c A4060000 		.4byte	0x6a4
 5748 0c10 C2010000 		.4byte	.LLST161
 5749 0c14 BA010000 		.4byte	.LVUS161
 5750 0c18 0A       		.uleb128 0xa
 5751 0c19 6D736700 		.ascii	"msg\000"
 5752 0c1d 1404     		.2byte	0x414
 5753 0c1f 31       		.byte	0x31
 5754 0c20 44010000 		.4byte	0x144
 5755 0c24 EB010000 		.4byte	.LLST162
 5756 0c28 E5010000 		.4byte	.LVUS162
ARM GAS  /tmp/ccrfHNBB.s 			page 102


 5757 0c2c 05       		.uleb128 0x5
 5758 0c2d 3C220000 		.4byte	0x223c
 5759 0c31 04000000 		.4byte	.LBI794
 5760 0c35 01       		.byte	.LVU1391
 5761 0c36 04000000 		.4byte	.LBB794
 5762 0c3a 04000000 		.4byte	.LBE794-.LBB794
 5763 0c3e 01       		.byte	0x1
 5764 0c3f 1604     		.2byte	0x416
 5765 0c41 03       		.byte	0x3
 5766 0c42 5D0C0000 		.4byte	0xc5d
 5767 0c46 07       		.uleb128 0x7
 5768 0c47 95230000 		.4byte	0x2395
 5769 0c4b 04000000 		.4byte	.LBI795
 5770 0c4f 03       		.byte	.LVU1393
 5771 0c50 04000000 		.4byte	.LBB795
 5772 0c54 04000000 		.4byte	.LBE795-.LBB795
 5773 0c58 03       		.byte	0x3
 5774 0c59 7501     		.2byte	0x175
 5775 0c5b 03       		.byte	0x3
 5776 0c5c 00       		.byte	0
 5777 0c5d 06       		.uleb128 0x6
 5778 0c5e EB0C0000 		.4byte	0xceb
 5779 0c62 08000000 		.4byte	.LBI797
 5780 0c66 03       		.byte	.LVU1398
 5781 0c67 05030000 		.4byte	.LLRL163
 5782 0c6b 1704     		.2byte	0x417
 5783 0c6d 03       		.byte	0x3
 5784 0c6e C10C0000 		.4byte	0xcc1
 5785 0c72 01       		.uleb128 0x1
 5786 0c73 030D0000 		.4byte	0xd03
 5787 0c77 0D020000 		.4byte	.LLST164
 5788 0c7b 09020000 		.4byte	.LVUS164
 5789 0c7f 01       		.uleb128 0x1
 5790 0c80 F60C0000 		.4byte	0xcf6
 5791 0c84 2C020000 		.4byte	.LLST165
 5792 0c88 26020000 		.4byte	.LVUS165
 5793 0c8c 14       		.uleb128 0x14
 5794 0c8d 05030000 		.4byte	.LLRL163
 5795 0c91 46       		.uleb128 0x46
 5796 0c92 190D0000 		.4byte	0xd19
 5797 0c96 11030000 		.4byte	.LLRL166
 5798 0c9a 11       		.uleb128 0x11
 5799 0c9b 1A0D0000 		.4byte	0xd1a
 5800 0c9f 4C020000 		.4byte	.LLST167
 5801 0ca3 4A020000 		.4byte	.LVUS167
 5802 0ca7 1A       		.uleb128 0x1a
 5803 0ca8 24000000 		.4byte	.LVL148
 5804 0cac A7080000 		.4byte	0x8a7
 5805 0cb0 04       		.uleb128 0x4
 5806 0cb1 01       		.uleb128 0x1
 5807 0cb2 51       		.byte	0x51
 5808 0cb3 09       		.uleb128 0x9
 5809 0cb4 A3       		.byte	0xa3
 5810 0cb5 03       		.uleb128 0x3
 5811 0cb6 A5       		.byte	0xa5
 5812 0cb7 01       		.uleb128 0x1
 5813 0cb8 26       		.uleb128 0x26
ARM GAS  /tmp/ccrfHNBB.s 			page 103


 5814 0cb9 A8       		.byte	0xa8
 5815 0cba 2D       		.uleb128 0x2d
 5816 0cbb A8       		.byte	0xa8
 5817 0cbc 00       		.uleb128 0
 5818 0cbd 00       		.byte	0
 5819 0cbe 00       		.byte	0
 5820 0cbf 00       		.byte	0
 5821 0cc0 00       		.byte	0
 5822 0cc1 1F       		.uleb128 0x1f
 5823 0cc2 26220000 		.4byte	0x2226
 5824 0cc6 24000000 		.4byte	.LBI803
 5825 0cca 02       		.byte	.LVU1413
 5826 0ccb 1D030000 		.4byte	.LLRL168
 5827 0ccf 1804     		.2byte	0x418
 5828 0cd1 14       		.uleb128 0x14
 5829 0cd2 1D030000 		.4byte	.LLRL168
 5830 0cd6 0C       		.uleb128 0xc
 5831 0cd7 8D230000 		.4byte	0x238d
 5832 0cdb 24000000 		.4byte	.LBI805
 5833 0cdf 09       		.byte	.LVU1420
 5834 0ce0 1D030000 		.4byte	.LLRL168
 5835 0ce4 03       		.byte	0x3
 5836 0ce5 8E01     		.2byte	0x18e
 5837 0ce7 03       		.byte	0x3
 5838 0ce8 00       		.byte	0
 5839 0ce9 00       		.byte	0
 5840 0cea 00       		.byte	0
 5841 0ceb 33       		.uleb128 0x33
 5842 0cec 04020000 		.4byte	.LASF135
 5843 0cf0 FE03     		.2byte	0x3fe
 5844 0cf2 3F0D0000 		.4byte	0xd3f
 5845 0cf6 0E       		.uleb128 0xe
 5846 0cf7 74727000 		.ascii	"trp\000"
 5847 0cfb 01       		.byte	0x1
 5848 0cfc FE03     		.2byte	0x3fe
 5849 0cfe 27       		.byte	0x27
 5850 0cff A4060000 		.4byte	0x6a4
 5851 0d03 0E       		.uleb128 0xe
 5852 0d04 6D736700 		.ascii	"msg\000"
 5853 0d08 01       		.byte	0x1
 5854 0d09 FE03     		.2byte	0x3fe
 5855 0d0b 32       		.byte	0x32
 5856 0d0c 44010000 		.4byte	0x144
 5857 0d10 08       		.uleb128 0x8
 5858 0d11 A0090000 		.4byte	.LASF133
 5859 0d15 4F0D0000 		.4byte	0xd4f
 5860 0d19 47       		.uleb128 0x47
 5861 0d1a 2A       		.uleb128 0x2a
 5862 0d1b 747000   		.ascii	"tp\000"
 5863 0d1e 01       		.byte	0x1
 5864 0d1f 0104     		.2byte	0x401
 5865 0d21 0F       		.byte	0xf
 5866 0d22 DA050000 		.4byte	0x5da
 5867 0d26 28       		.uleb128 0x28
 5868 0d27 1C000000 		.4byte	.LVL143
 5869 0d2b A7080000 		.4byte	0x8a7
 5870 0d2f 04       		.uleb128 0x4
ARM GAS  /tmp/ccrfHNBB.s 			page 104


 5871 0d30 01       		.uleb128 0x1
 5872 0d31 51       		.byte	0x51
 5873 0d32 09       		.uleb128 0x9
 5874 0d33 A3       		.byte	0xa3
 5875 0d34 03       		.uleb128 0x3
 5876 0d35 A5       		.byte	0xa5
 5877 0d36 01       		.uleb128 0x1
 5878 0d37 26       		.uleb128 0x26
 5879 0d38 A8       		.byte	0xa8
 5880 0d39 2D       		.uleb128 0x2d
 5881 0d3a A8       		.byte	0xa8
 5882 0d3b 00       		.uleb128 0
 5883 0d3c 00       		.byte	0
 5884 0d3d 00       		.byte	0
 5885 0d3e 00       		.byte	0
 5886 0d3f 0F       		.uleb128 0xf
 5887 0d40 B8000000 		.4byte	0xb8
 5888 0d44 4F0D0000 		.4byte	0xd4f
 5889 0d48 10       		.uleb128 0x10
 5890 0d49 2D000000 		.4byte	0x2d
 5891 0d4d 0C       		.byte	0xc
 5892 0d4e 00       		.byte	0
 5893 0d4f 0D       		.uleb128 0xd
 5894 0d50 3F0D0000 		.4byte	0xd3f
 5895 0d54 19       		.uleb128 0x19
 5896 0d55 E0010000 		.4byte	.LASF136
 5897 0d59 E703     		.2byte	0x3e7
 5898 0d5b 00000000 		.4byte	.LFB232
 5899 0d5f 20000000 		.4byte	.LFE232-.LFB232
 5900 0d63 01       		.uleb128 0x1
 5901 0d64 9C       		.byte	0x9c
 5902 0d65 C10D0000 		.4byte	0xdc1
 5903 0d69 0A       		.uleb128 0xa
 5904 0d6a 74727000 		.ascii	"trp\000"
 5905 0d6e E703     		.2byte	0x3e7
 5906 0d70 27       		.byte	0x27
 5907 0d71 A4060000 		.4byte	0x6a4
 5908 0d75 5B020000 		.4byte	.LLST155
 5909 0d79 55020000 		.4byte	.LVUS155
 5910 0d7d 0A       		.uleb128 0xa
 5911 0d7e 6D736700 		.ascii	"msg\000"
 5912 0d82 E703     		.2byte	0x3e7
 5913 0d84 32       		.byte	0x32
 5914 0d85 44010000 		.4byte	0x144
 5915 0d89 7D020000 		.4byte	.LLST156
 5916 0d8d 79020000 		.4byte	.LVUS156
 5917 0d91 08       		.uleb128 0x8
 5918 0d92 A0090000 		.4byte	.LASF133
 5919 0d96 4F0D0000 		.4byte	0xd4f
 5920 0d9a 48       		.uleb128 0x48
 5921 0d9b 10000000 		.4byte	.LBB792
 5922 0d9f 10000000 		.4byte	.LBE792-.LBB792
 5923 0da3 20       		.uleb128 0x20
 5924 0da4 747000   		.ascii	"tp\000"
 5925 0da7 EA03     		.2byte	0x3ea
 5926 0da9 0F       		.byte	0xf
 5927 0daa DA050000 		.4byte	0x5da
ARM GAS  /tmp/ccrfHNBB.s 			page 105


 5928 0dae 98020000 		.4byte	.LLST157
 5929 0db2 96020000 		.4byte	.LVUS157
 5930 0db6 2D       		.uleb128 0x2d
 5931 0db7 20000000 		.4byte	.LVL139
 5932 0dbb BC080000 		.4byte	0x8bc
 5933 0dbf 00       		.byte	0
 5934 0dc0 00       		.byte	0
 5935 0dc1 12       		.uleb128 0x12
 5936 0dc2 E4090000 		.4byte	.LASF138
 5937 0dc6 CE03     		.2byte	0x3ce
 5938 0dc8 07       		.byte	0x7
 5939 0dc9 44010000 		.4byte	0x144
 5940 0dcd 00000000 		.4byte	.LFB231
 5941 0dd1 30000000 		.4byte	.LFE231-.LFB231
 5942 0dd5 01       		.uleb128 0x1
 5943 0dd6 9C       		.byte	0x9c
 5944 0dd7 4E0E0000 		.4byte	0xe4e
 5945 0ddb 0A       		.uleb128 0xa
 5946 0ddc 74727000 		.ascii	"trp\000"
 5947 0de0 CE03     		.2byte	0x3ce
 5948 0de2 30       		.byte	0x30
 5949 0de3 A4060000 		.4byte	0x6a4
 5950 0de7 AB020000 		.4byte	.LLST151
 5951 0deb A1020000 		.4byte	.LVUS151
 5952 0def 18       		.uleb128 0x18
 5953 0df0 BF080000 		.4byte	.LASF130
 5954 0df4 CE03     		.2byte	0x3ce
 5955 0df6 43       		.byte	0x43
 5956 0df7 8E030000 		.4byte	0x38e
 5957 0dfb D9020000 		.4byte	.LLST152
 5958 0dff D3020000 		.4byte	.LVUS152
 5959 0e03 20       		.uleb128 0x20
 5960 0e04 747000   		.ascii	"tp\000"
 5961 0e07 CF03     		.2byte	0x3cf
 5962 0e09 0D       		.byte	0xd
 5963 0e0a DA050000 		.4byte	0x5da
 5964 0e0e FB020000 		.4byte	.LLST153
 5965 0e12 F7020000 		.4byte	.LVUS153
 5966 0e16 08       		.uleb128 0x8
 5967 0e17 A0090000 		.4byte	.LASF133
 5968 0e1b EA0B0000 		.4byte	0xbea
 5969 0e1f 0C       		.uleb128 0xc
 5970 0e20 0B220000 		.4byte	0x220b
 5971 0e24 00000000 		.4byte	.LBI786
 5972 0e28 02       		.byte	.LVU1337
 5973 0e29 F6020000 		.4byte	.LLRL154
 5974 0e2d 01       		.byte	0x1
 5975 0e2e CF03     		.2byte	0x3cf
 5976 0e30 12       		.byte	0x12
 5977 0e31 28       		.uleb128 0x28
 5978 0e32 28000000 		.4byte	.LVL134
 5979 0e36 77080000 		.4byte	0x877
 5980 0e3a 04       		.uleb128 0x4
 5981 0e3b 01       		.uleb128 0x1
 5982 0e3c 50       		.byte	0x50
 5983 0e3d 01       		.uleb128 0x1
 5984 0e3e 33       		.byte	0x33
ARM GAS  /tmp/ccrfHNBB.s 			page 106


 5985 0e3f 04       		.uleb128 0x4
 5986 0e40 01       		.uleb128 0x1
 5987 0e41 51       		.byte	0x51
 5988 0e42 09       		.uleb128 0x9
 5989 0e43 A3       		.byte	0xa3
 5990 0e44 03       		.uleb128 0x3
 5991 0e45 A5       		.byte	0xa5
 5992 0e46 01       		.uleb128 0x1
 5993 0e47 26       		.uleb128 0x26
 5994 0e48 A8       		.byte	0xa8
 5995 0e49 2D       		.uleb128 0x2d
 5996 0e4a A8       		.byte	0xa8
 5997 0e4b 00       		.uleb128 0
 5998 0e4c 00       		.byte	0
 5999 0e4d 00       		.byte	0
 6000 0e4e 12       		.uleb128 0x12
 6001 0e4f 96010000 		.4byte	.LASF139
 6002 0e53 B003     		.2byte	0x3b0
 6003 0e55 07       		.byte	0x7
 6004 0e56 44010000 		.4byte	0x144
 6005 0e5a 00000000 		.4byte	.LFB230
 6006 0e5e 30000000 		.4byte	.LFE230-.LFB230
 6007 0e62 01       		.uleb128 0x1
 6008 0e63 9C       		.byte	0x9c
 6009 0e64 D00E0000 		.4byte	0xed0
 6010 0e68 0A       		.uleb128 0xa
 6011 0e69 74727000 		.ascii	"trp\000"
 6012 0e6d B003     		.2byte	0x3b0
 6013 0e6f 29       		.byte	0x29
 6014 0e70 A4060000 		.4byte	0x6a4
 6015 0e74 11030000 		.4byte	.LLST148
 6016 0e78 0B030000 		.4byte	.LVUS148
 6017 0e7c 20       		.uleb128 0x20
 6018 0e7d 747000   		.ascii	"tp\000"
 6019 0e80 B103     		.2byte	0x3b1
 6020 0e82 0D       		.byte	0xd
 6021 0e83 DA050000 		.4byte	0x5da
 6022 0e87 31030000 		.4byte	.LLST149
 6023 0e8b 2F030000 		.4byte	.LVUS149
 6024 0e8f 08       		.uleb128 0x8
 6025 0e90 A0090000 		.4byte	.LASF133
 6026 0e94 E00E0000 		.4byte	0xee0
 6027 0e98 0C       		.uleb128 0xc
 6028 0e99 0B220000 		.4byte	0x220b
 6029 0e9d 00000000 		.4byte	.LBI778
 6030 0ea1 02       		.byte	.LVU1314
 6031 0ea2 E7020000 		.4byte	.LLRL150
 6032 0ea6 01       		.byte	0x1
 6033 0ea7 B103     		.2byte	0x3b1
 6034 0ea9 12       		.byte	0x12
 6035 0eaa 07       		.uleb128 0x7
 6036 0eab 0B220000 		.4byte	0x220b
 6037 0eaf 24000000 		.4byte	.LBI784
 6038 0eb3 01       		.byte	.LVU1331
 6039 0eb4 24000000 		.4byte	.LBB784
 6040 0eb8 00000000 		.4byte	.LBE784-.LBB784
 6041 0ebc 01       		.byte	0x1
ARM GAS  /tmp/ccrfHNBB.s 			page 107


 6042 0ebd B903     		.2byte	0x3b9
 6043 0ebf 0A       		.byte	0xa
 6044 0ec0 1A       		.uleb128 0x1a
 6045 0ec1 24000000 		.4byte	.LVL130
 6046 0ec5 97080000 		.4byte	0x897
 6047 0ec9 04       		.uleb128 0x4
 6048 0eca 01       		.uleb128 0x1
 6049 0ecb 50       		.byte	0x50
 6050 0ecc 01       		.uleb128 0x1
 6051 0ecd 33       		.byte	0x33
 6052 0ece 00       		.byte	0
 6053 0ecf 00       		.byte	0
 6054 0ed0 0F       		.uleb128 0xf
 6055 0ed1 B8000000 		.4byte	0xb8
 6056 0ed5 E00E0000 		.4byte	0xee0
 6057 0ed9 10       		.uleb128 0x10
 6058 0eda 2D000000 		.4byte	0x2d
 6059 0ede 0D       		.byte	0xd
 6060 0edf 00       		.byte	0
 6061 0ee0 0D       		.uleb128 0xd
 6062 0ee1 D00E0000 		.4byte	0xed0
 6063 0ee5 19       		.uleb128 0x19
 6064 0ee6 C9040000 		.4byte	.LASF140
 6065 0eea 9F03     		.2byte	0x39f
 6066 0eec 00000000 		.4byte	.LFB229
 6067 0ef0 14000000 		.4byte	.LFE229-.LFB229
 6068 0ef4 01       		.uleb128 0x1
 6069 0ef5 9C       		.byte	0x9c
 6070 0ef6 5D0F0000 		.4byte	0xf5d
 6071 0efa 06       		.uleb128 0x6
 6072 0efb 3C220000 		.4byte	0x223c
 6073 0eff 00000000 		.4byte	.LBI768
 6074 0f03 02       		.byte	.LVU1292
 6075 0f04 DB020000 		.4byte	.LLRL147
 6076 0f08 A103     		.2byte	0x3a1
 6077 0f0a 03       		.byte	0x3
 6078 0f0b 220F0000 		.4byte	0xf22
 6079 0f0f 0C       		.uleb128 0xc
 6080 0f10 95230000 		.4byte	0x2395
 6081 0f14 00000000 		.4byte	.LBI769
 6082 0f18 04       		.byte	.LVU1294
 6083 0f19 DB020000 		.4byte	.LLRL147
 6084 0f1d 03       		.byte	0x3
 6085 0f1e 7501     		.2byte	0x175
 6086 0f20 03       		.byte	0x3
 6087 0f21 00       		.byte	0
 6088 0f22 05       		.uleb128 0x5
 6089 0f23 26220000 		.4byte	0x2226
 6090 0f27 0C000000 		.4byte	.LBI774
 6091 0f2b 01       		.byte	.LVU1302
 6092 0f2c 0C000000 		.4byte	.LBB774
 6093 0f30 04000000 		.4byte	.LBE774-.LBB774
 6094 0f34 01       		.byte	0x1
 6095 0f35 A303     		.2byte	0x3a3
 6096 0f37 03       		.byte	0x3
 6097 0f38 530F0000 		.4byte	0xf53
 6098 0f3c 07       		.uleb128 0x7
ARM GAS  /tmp/ccrfHNBB.s 			page 108


 6099 0f3d 8D230000 		.4byte	0x238d
 6100 0f41 0C000000 		.4byte	.LBI776
 6101 0f45 08       		.byte	.LVU1309
 6102 0f46 0C000000 		.4byte	.LBB776
 6103 0f4a 04000000 		.4byte	.LBE776-.LBB776
 6104 0f4e 03       		.byte	0x3
 6105 0f4f 8E01     		.2byte	0x18e
 6106 0f51 03       		.byte	0x3
 6107 0f52 00       		.byte	0
 6108 0f53 27       		.uleb128 0x27
 6109 0f54 0C000000 		.4byte	.LVL126
 6110 0f58 71080000 		.4byte	0x871
 6111 0f5c 00       		.byte	0
 6112 0f5d 12       		.uleb128 0x12
 6113 0f5e 1C000000 		.4byte	.LASF141
 6114 0f62 8B03     		.2byte	0x38b
 6115 0f64 0B       		.byte	0xb
 6116 0f65 7D030000 		.4byte	0x37d
 6117 0f69 00000000 		.4byte	.LFB228
 6118 0f6d 40000000 		.4byte	.LFE228-.LFB228
 6119 0f71 01       		.uleb128 0x1
 6120 0f72 9C       		.byte	0x9c
 6121 0f73 C3100000 		.4byte	0x10c3
 6122 0f77 18       		.uleb128 0x18
 6123 0f78 78010000 		.4byte	.LASF75
 6124 0f7c 8B03     		.2byte	0x38b
 6125 0f7e 2D       		.byte	0x2d
 6126 0f7f 7D030000 		.4byte	0x37d
 6127 0f83 3E030000 		.4byte	.LLST135
 6128 0f87 3A030000 		.4byte	.LVUS135
 6129 0f8b 18       		.uleb128 0x18
 6130 0f8c C0000000 		.4byte	.LASF72
 6131 0f90 8B03     		.2byte	0x38b
 6132 0f92 3D       		.byte	0x3d
 6133 0f93 7D030000 		.4byte	0x37d
 6134 0f97 5B030000 		.4byte	.LLST136
 6135 0f9b 57030000 		.4byte	.LVUS136
 6136 0f9f 1B       		.uleb128 0x1b
 6137 0fa0 0F030000 		.4byte	.LASF142
 6138 0fa4 8C03     		.2byte	0x38c
 6139 0fa6 0D       		.byte	0xd
 6140 0fa7 7D030000 		.4byte	0x37d
 6141 0fab 6D030000 		.4byte	.LLST137
 6142 0faf 6B030000 		.4byte	.LVUS137
 6143 0fb3 06       		.uleb128 0x6
 6144 0fb4 3C220000 		.4byte	0x223c
 6145 0fb8 00000000 		.4byte	.LBI746
 6146 0fbc 03       		.byte	.LVU1244
 6147 0fbd B7020000 		.4byte	.LLRL138
 6148 0fc1 8E03     		.2byte	0x38e
 6149 0fc3 03       		.byte	0x3
 6150 0fc4 DB0F0000 		.4byte	0xfdb
 6151 0fc8 0C       		.uleb128 0xc
 6152 0fc9 95230000 		.4byte	0x2395
 6153 0fcd 00000000 		.4byte	.LBI747
 6154 0fd1 05       		.byte	.LVU1246
 6155 0fd2 B7020000 		.4byte	.LLRL138
ARM GAS  /tmp/ccrfHNBB.s 			page 109


 6156 0fd6 03       		.byte	0x3
 6157 0fd7 7501     		.2byte	0x175
 6158 0fd9 03       		.byte	0x3
 6159 0fda 00       		.byte	0
 6160 0fdb 0C       		.uleb128 0xc
 6161 0fdc 19220000 		.4byte	0x2219
 6162 0fe0 0C000000 		.4byte	.LBI752
 6163 0fe4 03       		.byte	.LVU1254
 6164 0fe5 C3020000 		.4byte	.LLRL139
 6165 0fe9 01       		.byte	0x1
 6166 0fea 8F03     		.2byte	0x38f
 6167 0fec 0A       		.byte	0xa
 6168 0fed 06       		.uleb128 0x6
 6169 0fee 9D230000 		.4byte	0x239d
 6170 0ff2 1C000000 		.4byte	.LBI755
 6171 0ff6 02       		.byte	.LVU1261
 6172 0ff7 CF020000 		.4byte	.LLRL140
 6173 0ffb 9003     		.2byte	0x390
 6174 0ffd 07       		.byte	0x7
 6175 0ffe 2A100000 		.4byte	0x102a
 6176 1002 01       		.uleb128 0x1
 6177 1003 C8230000 		.4byte	0x23c8
 6178 1007 78030000 		.4byte	.LLST141
 6179 100b 76030000 		.4byte	.LVUS141
 6180 100f 01       		.uleb128 0x1
 6181 1010 BB230000 		.4byte	0x23bb
 6182 1014 83030000 		.4byte	.LLST142
 6183 1018 81030000 		.4byte	.LVUS142
 6184 101c 01       		.uleb128 0x1
 6185 101d AE230000 		.4byte	0x23ae
 6186 1021 8E030000 		.4byte	.LLST143
 6187 1025 8C030000 		.4byte	.LVUS143
 6188 1029 00       		.byte	0
 6189 102a 05       		.uleb128 0x5
 6190 102b D6230000 		.4byte	0x23d6
 6191 102f 28000000 		.4byte	.LBI760
 6192 1033 01       		.byte	.LVU1267
 6193 1034 28000000 		.4byte	.LBB760
 6194 1038 00000000 		.4byte	.LBE760-.LBB760
 6195 103c 01       		.byte	0x1
 6196 103d 9103     		.2byte	0x391
 6197 103f 05       		.byte	0x5
 6198 1040 5F100000 		.4byte	0x105f
 6199 1044 01       		.uleb128 0x1
 6200 1045 F4230000 		.4byte	0x23f4
 6201 1049 99030000 		.4byte	.LLST144
 6202 104d 97030000 		.4byte	.LVUS144
 6203 1051 01       		.uleb128 0x1
 6204 1052 E7230000 		.4byte	0x23e7
 6205 1056 A4030000 		.4byte	.LLST145
 6206 105a A2030000 		.4byte	.LVUS145
 6207 105e 00       		.byte	0
 6208 105f 05       		.uleb128 0x5
 6209 1060 E8210000 		.4byte	0x21e8
 6210 1064 28000000 		.4byte	.LBI762
 6211 1068 04       		.byte	.LVU1270
 6212 1069 28000000 		.4byte	.LBB762
ARM GAS  /tmp/ccrfHNBB.s 			page 110


 6213 106d 0C000000 		.4byte	.LBE762-.LBB762
 6214 1071 01       		.byte	0x1
 6215 1072 9103     		.2byte	0x391
 6216 1074 05       		.byte	0x5
 6217 1075 96100000 		.4byte	0x1096
 6218 1079 01       		.uleb128 0x1
 6219 107a F4210000 		.4byte	0x21f4
 6220 107e B1030000 		.4byte	.LLST146
 6221 1082 AD030000 		.4byte	.LVUS146
 6222 1086 1A       		.uleb128 0x1a
 6223 1087 34000000 		.4byte	.LVL125
 6224 108b 77080000 		.4byte	0x877
 6225 108f 04       		.uleb128 0x4
 6226 1090 01       		.uleb128 0x1
 6227 1091 50       		.byte	0x50
 6228 1092 01       		.uleb128 0x1
 6229 1093 38       		.byte	0x38
 6230 1094 00       		.byte	0
 6231 1095 00       		.byte	0
 6232 1096 17       		.uleb128 0x17
 6233 1097 26220000 		.4byte	0x2226
 6234 109b 34000000 		.4byte	.LBI764
 6235 109f 02       		.byte	.LVU1279
 6236 10a0 34000000 		.4byte	.LBB764
 6237 10a4 04000000 		.4byte	.LBE764-.LBB764
 6238 10a8 9303     		.2byte	0x393
 6239 10aa 03       		.byte	0x3
 6240 10ab 07       		.uleb128 0x7
 6241 10ac 8D230000 		.4byte	0x238d
 6242 10b0 34000000 		.4byte	.LBI766
 6243 10b4 09       		.byte	.LVU1286
 6244 10b5 34000000 		.4byte	.LBB766
 6245 10b9 04000000 		.4byte	.LBE766-.LBB766
 6246 10bd 03       		.byte	0x3
 6247 10be 8E01     		.2byte	0x18e
 6248 10c0 03       		.byte	0x3
 6249 10c1 00       		.byte	0
 6250 10c2 00       		.byte	0
 6251 10c3 19       		.uleb128 0x19
 6252 10c4 AB030000 		.4byte	.LASF143
 6253 10c8 7203     		.2byte	0x372
 6254 10ca 00000000 		.4byte	.LFB227
 6255 10ce 34000000 		.4byte	.LFE227-.LFB227
 6256 10d2 01       		.uleb128 0x1
 6257 10d3 9C       		.byte	0x9c
 6258 10d4 DE110000 		.4byte	0x11de
 6259 10d8 18       		.uleb128 0x18
 6260 10d9 0F030000 		.4byte	.LASF142
 6261 10dd 7203     		.2byte	0x372
 6262 10df 20       		.byte	0x20
 6263 10e0 7D030000 		.4byte	0x37d
 6264 10e4 CC030000 		.4byte	.LLST128
 6265 10e8 C6030000 		.4byte	.LVUS128
 6266 10ec 1B       		.uleb128 0x1b
 6267 10ed 0C000000 		.4byte	.LASF144
 6268 10f1 7303     		.2byte	0x373
 6269 10f3 11       		.byte	0x11
ARM GAS  /tmp/ccrfHNBB.s 			page 111


 6270 10f4 8E030000 		.4byte	0x38e
 6271 10f8 F0030000 		.4byte	.LLST129
 6272 10fc EA030000 		.4byte	.LVUS129
 6273 1100 05       		.uleb128 0x5
 6274 1101 3C220000 		.4byte	0x223c
 6275 1105 00000000 		.4byte	.LBI727
 6276 1109 03       		.byte	.LVU1193
 6277 110a 00000000 		.4byte	.LBB727
 6278 110e 04000000 		.4byte	.LBE727-.LBB727
 6279 1112 01       		.byte	0x1
 6280 1113 7503     		.2byte	0x375
 6281 1115 03       		.byte	0x3
 6282 1116 31110000 		.4byte	0x1131
 6283 111a 07       		.uleb128 0x7
 6284 111b 95230000 		.4byte	0x2395
 6285 111f 00000000 		.4byte	.LBI728
 6286 1123 05       		.byte	.LVU1195
 6287 1124 00000000 		.4byte	.LBB728
 6288 1128 04000000 		.4byte	.LBE728-.LBB728
 6289 112c 03       		.byte	0x3
 6290 112d 7501     		.2byte	0x175
 6291 112f 03       		.byte	0x3
 6292 1130 00       		.byte	0
 6293 1131 07       		.uleb128 0x7
 6294 1132 19220000 		.4byte	0x2219
 6295 1136 04000000 		.4byte	.LBI730
 6296 113a 03       		.byte	.LVU1200
 6297 113b 04000000 		.4byte	.LBB730
 6298 113f 0C000000 		.4byte	.LBE730-.LBB730
 6299 1143 01       		.byte	0x1
 6300 1144 7603     		.2byte	0x376
 6301 1146 0E       		.byte	0xe
 6302 1147 05       		.uleb128 0x5
 6303 1148 D6230000 		.4byte	0x23d6
 6304 114c 10000000 		.4byte	.LBI732
 6305 1150 01       		.byte	.LVU1204
 6306 1151 10000000 		.4byte	.LBB732
 6307 1155 00000000 		.4byte	.LBE732-.LBB732
 6308 1159 01       		.byte	0x1
 6309 115a 7603     		.2byte	0x376
 6310 115c 0E       		.byte	0xe
 6311 115d 7C110000 		.4byte	0x117c
 6312 1161 01       		.uleb128 0x1
 6313 1162 F4230000 		.4byte	0x23f4
 6314 1166 0C040000 		.4byte	.LLST130
 6315 116a 0A040000 		.4byte	.LVUS130
 6316 116e 01       		.uleb128 0x1
 6317 116f E7230000 		.4byte	0x23e7
 6318 1173 17040000 		.4byte	.LLST131
 6319 1177 15040000 		.4byte	.LVUS131
 6320 117b 00       		.byte	0
 6321 117c 06       		.uleb128 0x6
 6322 117d E8210000 		.4byte	0x21e8
 6323 1181 18000000 		.4byte	.LBI734
 6324 1185 01       		.byte	.LVU1211
 6325 1186 9F020000 		.4byte	.LLRL132
 6326 118a 7803     		.2byte	0x378
ARM GAS  /tmp/ccrfHNBB.s 			page 112


 6327 118c 05       		.byte	0x5
 6328 118d B4110000 		.4byte	0x11b4
 6329 1191 01       		.uleb128 0x1
 6330 1192 F4210000 		.4byte	0x21f4
 6331 1196 22040000 		.4byte	.LLST133
 6332 119a 20040000 		.4byte	.LVUS133
 6333 119e 14       		.uleb128 0x14
 6334 119f 9F020000 		.4byte	.LLRL132
 6335 11a3 1A       		.uleb128 0x1a
 6336 11a4 24000000 		.4byte	.LVL118
 6337 11a8 77080000 		.4byte	0x877
 6338 11ac 04       		.uleb128 0x4
 6339 11ad 01       		.uleb128 0x1
 6340 11ae 50       		.byte	0x50
 6341 11af 01       		.uleb128 0x1
 6342 11b0 38       		.byte	0x38
 6343 11b1 00       		.byte	0
 6344 11b2 00       		.byte	0
 6345 11b3 00       		.byte	0
 6346 11b4 1F       		.uleb128 0x1f
 6347 11b5 26220000 		.4byte	0x2226
 6348 11b9 24000000 		.4byte	.LBI738
 6349 11bd 02       		.byte	.LVU1221
 6350 11be AB020000 		.4byte	.LLRL134
 6351 11c2 7A03     		.2byte	0x37a
 6352 11c4 14       		.uleb128 0x14
 6353 11c5 AB020000 		.4byte	.LLRL134
 6354 11c9 0C       		.uleb128 0xc
 6355 11ca 8D230000 		.4byte	0x238d
 6356 11ce 24000000 		.4byte	.LBI740
 6357 11d2 09       		.byte	.LVU1228
 6358 11d3 AB020000 		.4byte	.LLRL134
 6359 11d7 03       		.byte	0x3
 6360 11d8 8E01     		.2byte	0x18e
 6361 11da 03       		.byte	0x3
 6362 11db 00       		.byte	0
 6363 11dc 00       		.byte	0
 6364 11dd 00       		.byte	0
 6365 11de 19       		.uleb128 0x19
 6366 11df C7080000 		.4byte	.LASF145
 6367 11e3 5E03     		.2byte	0x35e
 6368 11e5 00000000 		.4byte	.LFB226
 6369 11e9 1C000000 		.4byte	.LFE226-.LFB226
 6370 11ed 01       		.uleb128 0x1
 6371 11ee 9C       		.byte	0x9c
 6372 11ef A0120000 		.4byte	0x12a0
 6373 11f3 18       		.uleb128 0x18
 6374 11f4 0F030000 		.4byte	.LASF142
 6375 11f8 5E03     		.2byte	0x35e
 6376 11fa 1F       		.byte	0x1f
 6377 11fb 8E030000 		.4byte	0x38e
 6378 11ff 31040000 		.4byte	.LLST125
 6379 1203 2B040000 		.4byte	.LVUS125
 6380 1207 06       		.uleb128 0x6
 6381 1208 3C220000 		.4byte	0x223c
 6382 120c 00000000 		.4byte	.LBI715
 6383 1210 02       		.byte	.LVU1162
ARM GAS  /tmp/ccrfHNBB.s 			page 113


 6384 1211 93020000 		.4byte	.LLRL126
 6385 1215 6003     		.2byte	0x360
 6386 1217 03       		.byte	0x3
 6387 1218 2F120000 		.4byte	0x122f
 6388 121c 0C       		.uleb128 0xc
 6389 121d 95230000 		.4byte	0x2395
 6390 1221 00000000 		.4byte	.LBI716
 6391 1225 04       		.byte	.LVU1164
 6392 1226 93020000 		.4byte	.LLRL126
 6393 122a 03       		.byte	0x3
 6394 122b 7501     		.2byte	0x175
 6395 122d 03       		.byte	0x3
 6396 122e 00       		.byte	0
 6397 122f 05       		.uleb128 0x5
 6398 1230 E8210000 		.4byte	0x21e8
 6399 1234 0C000000 		.4byte	.LBI721
 6400 1238 03       		.byte	.LVU1171
 6401 1239 0C000000 		.4byte	.LBB721
 6402 123d 08000000 		.4byte	.LBE721-.LBB721
 6403 1241 01       		.byte	0x1
 6404 1242 6103     		.2byte	0x361
 6405 1244 03       		.byte	0x3
 6406 1245 73120000 		.4byte	0x1273
 6407 1249 01       		.uleb128 0x1
 6408 124a F4210000 		.4byte	0x21f4
 6409 124e 55040000 		.4byte	.LLST127
 6410 1252 4F040000 		.4byte	.LVUS127
 6411 1256 1A       		.uleb128 0x1a
 6412 1257 14000000 		.4byte	.LVL112
 6413 125b 77080000 		.4byte	0x877
 6414 125f 04       		.uleb128 0x4
 6415 1260 01       		.uleb128 0x1
 6416 1261 50       		.byte	0x50
 6417 1262 01       		.uleb128 0x1
 6418 1263 38       		.byte	0x38
 6419 1264 04       		.uleb128 0x4
 6420 1265 01       		.uleb128 0x1
 6421 1266 51       		.byte	0x51
 6422 1267 09       		.uleb128 0x9
 6423 1268 A3       		.byte	0xa3
 6424 1269 03       		.uleb128 0x3
 6425 126a A5       		.byte	0xa5
 6426 126b 00       		.uleb128 0
 6427 126c 26       		.uleb128 0x26
 6428 126d A8       		.byte	0xa8
 6429 126e 2D       		.uleb128 0x2d
 6430 126f A8       		.byte	0xa8
 6431 1270 00       		.uleb128 0
 6432 1271 00       		.byte	0
 6433 1272 00       		.byte	0
 6434 1273 17       		.uleb128 0x17
 6435 1274 26220000 		.4byte	0x2226
 6436 1278 14000000 		.4byte	.LBI723
 6437 127c 02       		.byte	.LVU1180
 6438 127d 14000000 		.4byte	.LBB723
 6439 1281 04000000 		.4byte	.LBE723-.LBB723
 6440 1285 6203     		.2byte	0x362
ARM GAS  /tmp/ccrfHNBB.s 			page 114


 6441 1287 03       		.byte	0x3
 6442 1288 07       		.uleb128 0x7
 6443 1289 8D230000 		.4byte	0x238d
 6444 128d 14000000 		.4byte	.LBI725
 6445 1291 09       		.byte	.LVU1187
 6446 1292 14000000 		.4byte	.LBB725
 6447 1296 04000000 		.4byte	.LBE725-.LBB725
 6448 129a 03       		.byte	0x3
 6449 129b 8E01     		.2byte	0x18e
 6450 129d 03       		.byte	0x3
 6451 129e 00       		.byte	0
 6452 129f 00       		.byte	0
 6453 12a0 19       		.uleb128 0x19
 6454 12a1 F6040000 		.4byte	.LASF146
 6455 12a5 4C03     		.2byte	0x34c
 6456 12a7 00000000 		.4byte	.LFB225
 6457 12ab 1C000000 		.4byte	.LFE225-.LFB225
 6458 12af 01       		.uleb128 0x1
 6459 12b0 9C       		.byte	0x9c
 6460 12b1 20130000 		.4byte	0x1320
 6461 12b5 29       		.uleb128 0x29
 6462 12b6 747000   		.ascii	"tp\000"
 6463 12b9 4C03     		.2byte	0x34c
 6464 12bb 1F       		.byte	0x1f
 6465 12bc DA050000 		.4byte	0x5da
 6466 12c0 01       		.uleb128 0x1
 6467 12c1 50       		.byte	0x50
 6468 12c2 05       		.uleb128 0x5
 6469 12c3 3C220000 		.4byte	0x223c
 6470 12c7 00000000 		.4byte	.LBI708
 6471 12cb 02       		.byte	.LVU1141
 6472 12cc 00000000 		.4byte	.LBB708
 6473 12d0 04000000 		.4byte	.LBE708-.LBB708
 6474 12d4 01       		.byte	0x1
 6475 12d5 4E03     		.2byte	0x34e
 6476 12d7 03       		.byte	0x3
 6477 12d8 F3120000 		.4byte	0x12f3
 6478 12dc 07       		.uleb128 0x7
 6479 12dd 95230000 		.4byte	0x2395
 6480 12e1 00000000 		.4byte	.LBI709
 6481 12e5 04       		.byte	.LVU1143
 6482 12e6 00000000 		.4byte	.LBB709
 6483 12ea 04000000 		.4byte	.LBE709-.LBB709
 6484 12ee 03       		.byte	0x3
 6485 12ef 7501     		.2byte	0x175
 6486 12f1 03       		.byte	0x3
 6487 12f2 00       		.byte	0
 6488 12f3 17       		.uleb128 0x17
 6489 12f4 26220000 		.4byte	0x2226
 6490 12f8 14000000 		.4byte	.LBI711
 6491 12fc 01       		.byte	.LVU1150
 6492 12fd 14000000 		.4byte	.LBB711
 6493 1301 04000000 		.4byte	.LBE711-.LBB711
 6494 1305 5003     		.2byte	0x350
 6495 1307 03       		.byte	0x3
 6496 1308 07       		.uleb128 0x7
 6497 1309 8D230000 		.4byte	0x238d
ARM GAS  /tmp/ccrfHNBB.s 			page 115


 6498 130d 14000000 		.4byte	.LBI713
 6499 1311 08       		.byte	.LVU1157
 6500 1312 14000000 		.4byte	.LBB713
 6501 1316 04000000 		.4byte	.LBE713-.LBB713
 6502 131a 03       		.byte	0x3
 6503 131b 8E01     		.2byte	0x18e
 6504 131d 03       		.byte	0x3
 6505 131e 00       		.byte	0
 6506 131f 00       		.byte	0
 6507 1320 12       		.uleb128 0x12
 6508 1321 B9090000 		.4byte	.LASF147
 6509 1325 2803     		.2byte	0x328
 6510 1327 09       		.byte	0x9
 6511 1328 38010000 		.4byte	0x138
 6512 132c 00000000 		.4byte	.LFB224
 6513 1330 50000000 		.4byte	.LFE224-.LFB224
 6514 1334 01       		.uleb128 0x1
 6515 1335 9C       		.byte	0x9c
 6516 1336 FD130000 		.4byte	0x13fd
 6517 133a 18       		.uleb128 0x18
 6518 133b E4020000 		.4byte	.LASF148
 6519 133f 2803     		.2byte	0x328
 6520 1341 22       		.byte	0x22
 6521 1342 38010000 		.4byte	0x138
 6522 1346 79040000 		.4byte	.LLST121
 6523 134a 73040000 		.4byte	.LVUS121
 6524 134e 1B       		.uleb128 0x1b
 6525 134f D7030000 		.4byte	.LASF131
 6526 1353 2903     		.2byte	0x329
 6527 1355 0D       		.byte	0xd
 6528 1356 DA050000 		.4byte	0x5da
 6529 135a 99040000 		.4byte	.LLST122
 6530 135e 97040000 		.4byte	.LVUS122
 6531 1362 1B       		.uleb128 0x1b
 6532 1363 5A070000 		.4byte	.LASF149
 6533 1367 2A03     		.2byte	0x32a
 6534 1369 0B       		.byte	0xb
 6535 136a 38010000 		.4byte	0x138
 6536 136e A4040000 		.4byte	.LLST123
 6537 1372 A2040000 		.4byte	.LVUS123
 6538 1376 08       		.uleb128 0x8
 6539 1377 A0090000 		.4byte	.LASF133
 6540 137b 0D140000 		.4byte	0x140d
 6541 137f 0C       		.uleb128 0xc
 6542 1380 0B220000 		.4byte	0x220b
 6543 1384 00000000 		.4byte	.LBI697
 6544 1388 02       		.byte	.LVU1098
 6545 1389 87020000 		.4byte	.LLRL124
 6546 138d 01       		.byte	0x1
 6547 138e 2903     		.2byte	0x329
 6548 1390 16       		.byte	0x16
 6549 1391 05       		.uleb128 0x5
 6550 1392 3C220000 		.4byte	0x223c
 6551 1396 14000000 		.4byte	.LBI701
 6552 139a 06       		.byte	.LVU1110
 6553 139b 14000000 		.4byte	.LBB701
 6554 139f 04000000 		.4byte	.LBE701-.LBB701
ARM GAS  /tmp/ccrfHNBB.s 			page 116


 6555 13a3 01       		.byte	0x1
 6556 13a4 2E03     		.2byte	0x32e
 6557 13a6 03       		.byte	0x3
 6558 13a7 C2130000 		.4byte	0x13c2
 6559 13ab 07       		.uleb128 0x7
 6560 13ac 95230000 		.4byte	0x2395
 6561 13b0 14000000 		.4byte	.LBI702
 6562 13b4 08       		.byte	.LVU1112
 6563 13b5 14000000 		.4byte	.LBB702
 6564 13b9 04000000 		.4byte	.LBE702-.LBB702
 6565 13bd 03       		.byte	0x3
 6566 13be 7501     		.2byte	0x175
 6567 13c0 03       		.byte	0x3
 6568 13c1 00       		.byte	0
 6569 13c2 05       		.uleb128 0x5
 6570 13c3 26220000 		.4byte	0x2226
 6571 13c7 44000000 		.4byte	.LBI704
 6572 13cb 01       		.byte	.LVU1128
 6573 13cc 44000000 		.4byte	.LBB704
 6574 13d0 04000000 		.4byte	.LBE704-.LBB704
 6575 13d4 01       		.byte	0x1
 6576 13d5 3B03     		.2byte	0x33b
 6577 13d7 03       		.byte	0x3
 6578 13d8 F3130000 		.4byte	0x13f3
 6579 13dc 07       		.uleb128 0x7
 6580 13dd 8D230000 		.4byte	0x238d
 6581 13e1 44000000 		.4byte	.LBI706
 6582 13e5 08       		.byte	.LVU1135
 6583 13e6 44000000 		.4byte	.LBB706
 6584 13ea 04000000 		.4byte	.LBE706-.LBB706
 6585 13ee 03       		.byte	0x3
 6586 13ef 8E01     		.2byte	0x18e
 6587 13f1 03       		.byte	0x3
 6588 13f2 00       		.byte	0
 6589 13f3 27       		.uleb128 0x27
 6590 13f4 44000000 		.4byte	.LVL107
 6591 13f8 91080000 		.4byte	0x891
 6592 13fc 00       		.byte	0
 6593 13fd 0F       		.uleb128 0xf
 6594 13fe B8000000 		.4byte	0xb8
 6595 1402 0D140000 		.4byte	0x140d
 6596 1406 10       		.uleb128 0x10
 6597 1407 2D000000 		.4byte	0x2d
 6598 140b 10       		.byte	0x10
 6599 140c 00       		.byte	0
 6600 140d 0D       		.uleb128 0xd
 6601 140e FD130000 		.4byte	0x13fd
 6602 1412 12       		.uleb128 0x12
 6603 1413 25060000 		.4byte	.LASF150
 6604 1417 0003     		.2byte	0x300
 6605 1419 07       		.byte	0x7
 6606 141a 44010000 		.4byte	0x144
 6607 141e 00000000 		.4byte	.LFB223
 6608 1422 A0000000 		.4byte	.LFE223-.LFB223
 6609 1426 01       		.uleb128 0x1
 6610 1427 9C       		.byte	0x9c
 6611 1428 2E160000 		.4byte	0x162e
ARM GAS  /tmp/ccrfHNBB.s 			page 117


 6612 142c 0A       		.uleb128 0xa
 6613 142d 747000   		.ascii	"tp\000"
 6614 1430 0003     		.2byte	0x300
 6615 1432 1B       		.byte	0x1b
 6616 1433 DA050000 		.4byte	0x5da
 6617 1437 B1040000 		.4byte	.LLST109
 6618 143b AD040000 		.4byte	.LVUS109
 6619 143f 1B       		.uleb128 0x1b
 6620 1440 D7030000 		.4byte	.LASF131
 6621 1444 0103     		.2byte	0x301
 6622 1446 0D       		.byte	0xd
 6623 1447 DA050000 		.4byte	0x5da
 6624 144b C4040000 		.4byte	.LLST110
 6625 144f C2040000 		.4byte	.LVUS110
 6626 1453 20       		.uleb128 0x20
 6627 1454 6D736700 		.ascii	"msg\000"
 6628 1458 0203     		.2byte	0x302
 6629 145a 09       		.byte	0x9
 6630 145b 44010000 		.4byte	0x144
 6631 145f CF040000 		.4byte	.LLST111
 6632 1463 CD040000 		.4byte	.LVUS111
 6633 1467 08       		.uleb128 0x8
 6634 1468 A0090000 		.4byte	.LASF133
 6635 146c 3E160000 		.4byte	0x163e
 6636 1470 0C       		.uleb128 0xc
 6637 1471 0B220000 		.4byte	0x220b
 6638 1475 00000000 		.4byte	.LBI660
 6639 1479 02       		.byte	.LVU991
 6640 147a 57020000 		.4byte	.LLRL112
 6641 147e 01       		.byte	0x1
 6642 147f 0103     		.2byte	0x301
 6643 1481 16       		.byte	0x16
 6644 1482 06       		.uleb128 0x6
 6645 1483 3C220000 		.4byte	0x223c
 6646 1487 10000000 		.4byte	.LBI664
 6647 148b 06       		.byte	.LVU1002
 6648 148c 63020000 		.4byte	.LLRL113
 6649 1490 0603     		.2byte	0x306
 6650 1492 03       		.byte	0x3
 6651 1493 AA140000 		.4byte	0x14aa
 6652 1497 0C       		.uleb128 0xc
 6653 1498 95230000 		.4byte	0x2395
 6654 149c 10000000 		.4byte	.LBI665
 6655 14a0 08       		.byte	.LVU1004
 6656 14a1 63020000 		.4byte	.LLRL113
 6657 14a5 03       		.byte	0x3
 6658 14a6 7501     		.2byte	0x175
 6659 14a8 03       		.byte	0x3
 6660 14a9 00       		.byte	0
 6661 14aa 06       		.uleb128 0x6
 6662 14ab 3A230000 		.4byte	0x233a
 6663 14af 24000000 		.4byte	.LBI670
 6664 14b3 01       		.byte	.LVU1019
 6665 14b4 6F020000 		.4byte	.LLRL114
 6666 14b8 0D03     		.2byte	0x30d
 6667 14ba 05       		.byte	0x5
 6668 14bb DA140000 		.4byte	0x14da
ARM GAS  /tmp/ccrfHNBB.s 			page 118


 6669 14bf 01       		.uleb128 0x1
 6670 14c0 4F230000 		.4byte	0x234f
 6671 14c4 DA040000 		.4byte	.LLST115
 6672 14c8 D8040000 		.4byte	.LVUS115
 6673 14cc 01       		.uleb128 0x1
 6674 14cd 44230000 		.4byte	0x2344
 6675 14d1 E7040000 		.4byte	.LLST116
 6676 14d5 E3040000 		.4byte	.LVUS116
 6677 14d9 00       		.byte	0
 6678 14da 05       		.uleb128 0x5
 6679 14db 26220000 		.4byte	0x2226
 6680 14df 3C000000 		.4byte	.LBI674
 6681 14e3 01       		.byte	.LVU1031
 6682 14e4 3C000000 		.4byte	.LBB674
 6683 14e8 04000000 		.4byte	.LBE674-.LBB674
 6684 14ec 01       		.byte	0x1
 6685 14ed 1103     		.2byte	0x311
 6686 14ef 03       		.byte	0x3
 6687 14f0 0B150000 		.4byte	0x150b
 6688 14f4 07       		.uleb128 0x7
 6689 14f5 8D230000 		.4byte	0x238d
 6690 14f9 3C000000 		.4byte	.LBI676
 6691 14fd 08       		.byte	.LVU1038
 6692 14fe 3C000000 		.4byte	.LBB676
 6693 1502 04000000 		.4byte	.LBE676-.LBB676
 6694 1506 03       		.byte	0x3
 6695 1507 8E01     		.2byte	0x18e
 6696 1509 03       		.byte	0x3
 6697 150a 00       		.byte	0
 6698 150b 06       		.uleb128 0x6
 6699 150c C6170000 		.4byte	0x17c6
 6700 1510 40000000 		.4byte	.LBI678
 6701 1514 01       		.byte	.LVU1041
 6702 1515 7B020000 		.4byte	.LLRL117
 6703 1519 1503     		.2byte	0x315
 6704 151b 03       		.byte	0x3
 6705 151c 1E160000 		.4byte	0x161e
 6706 1520 01       		.uleb128 0x1
 6707 1521 D1170000 		.4byte	0x17d1
 6708 1525 FF040000 		.4byte	.LLST118
 6709 1529 FB040000 		.4byte	.LVUS118
 6710 152d 14       		.uleb128 0x14
 6711 152e 7B020000 		.4byte	.LLRL117
 6712 1532 05       		.uleb128 0x5
 6713 1533 3C220000 		.4byte	0x223c
 6714 1537 40000000 		.4byte	.LBI680
 6715 153b 03       		.byte	.LVU1043
 6716 153c 40000000 		.4byte	.LBB680
 6717 1540 04000000 		.4byte	.LBE680-.LBB680
 6718 1544 01       		.byte	0x1
 6719 1545 8702     		.2byte	0x287
 6720 1547 03       		.byte	0x3
 6721 1548 63150000 		.4byte	0x1563
 6722 154c 07       		.uleb128 0x7
 6723 154d 95230000 		.4byte	0x2395
 6724 1551 40000000 		.4byte	.LBI681
 6725 1555 05       		.byte	.LVU1045
ARM GAS  /tmp/ccrfHNBB.s 			page 119


 6726 1556 40000000 		.4byte	.LBB681
 6727 155a 04000000 		.4byte	.LBE681-.LBB681
 6728 155e 03       		.byte	0x3
 6729 155f 7501     		.2byte	0x175
 6730 1561 03       		.byte	0x3
 6731 1562 00       		.byte	0
 6732 1563 05       		.uleb128 0x5
 6733 1564 26220000 		.4byte	0x2226
 6734 1568 64000000 		.4byte	.LBI683
 6735 156c 01       		.byte	.LVU1058
 6736 156d 64000000 		.4byte	.LBB683
 6737 1571 04000000 		.4byte	.LBE683-.LBB683
 6738 1575 01       		.byte	0x1
 6739 1576 9D02     		.2byte	0x29d
 6740 1578 03       		.byte	0x3
 6741 1579 94150000 		.4byte	0x1594
 6742 157d 07       		.uleb128 0x7
 6743 157e 8D230000 		.4byte	0x238d
 6744 1582 64000000 		.4byte	.LBI685
 6745 1586 08       		.byte	.LVU1065
 6746 1587 64000000 		.4byte	.LBB685
 6747 158b 04000000 		.4byte	.LBE685-.LBB685
 6748 158f 03       		.byte	0x3
 6749 1590 8E01     		.2byte	0x18e
 6750 1592 03       		.byte	0x3
 6751 1593 00       		.byte	0
 6752 1594 17       		.uleb128 0x17
 6753 1595 C6170000 		.4byte	0x17c6
 6754 1599 70000000 		.4byte	.LBI687
 6755 159d 00       		.byte	.LVU1070
 6756 159e 70000000 		.4byte	.LBB687
 6757 15a2 28000000 		.4byte	.LBE687-.LBB687
 6758 15a6 8502     		.2byte	0x285
 6759 15a8 06       		.byte	0x6
 6760 15a9 01       		.uleb128 0x1
 6761 15aa D1170000 		.4byte	0x17d1
 6762 15ae 11050000 		.4byte	.LLST119
 6763 15b2 0F050000 		.4byte	.LVUS119
 6764 15b6 05       		.uleb128 0x5
 6765 15b7 44220000 		.4byte	0x2244
 6766 15bb 70000000 		.4byte	.LBI689
 6767 15bf 02       		.byte	.LVU1072
 6768 15c0 70000000 		.4byte	.LBB689
 6769 15c4 10000000 		.4byte	.LBE689-.LBB689
 6770 15c8 01       		.byte	0x1
 6771 15c9 9102     		.2byte	0x291
 6772 15cb 05       		.byte	0x5
 6773 15cc DE150000 		.4byte	0x15de
 6774 15d0 01       		.uleb128 0x1
 6775 15d1 55220000 		.4byte	0x2255
 6776 15d5 1C050000 		.4byte	.LLST120
 6777 15d9 1A050000 		.4byte	.LVUS120
 6778 15dd 00       		.byte	0
 6779 15de 05       		.uleb128 0x5
 6780 15df 26220000 		.4byte	0x2226
 6781 15e3 80000000 		.4byte	.LBI691
 6782 15e7 03       		.byte	.LVU1082
ARM GAS  /tmp/ccrfHNBB.s 			page 120


 6783 15e8 80000000 		.4byte	.LBB691
 6784 15ec 04000000 		.4byte	.LBE691-.LBB691
 6785 15f0 01       		.byte	0x1
 6786 15f1 9202     		.2byte	0x292
 6787 15f3 05       		.byte	0x5
 6788 15f4 0F160000 		.4byte	0x160f
 6789 15f8 07       		.uleb128 0x7
 6790 15f9 8D230000 		.4byte	0x238d
 6791 15fd 80000000 		.4byte	.LBI693
 6792 1601 0A       		.byte	.LVU1089
 6793 1602 80000000 		.4byte	.LBB693
 6794 1606 04000000 		.4byte	.LBE693-.LBB693
 6795 160a 03       		.byte	0x3
 6796 160b 8E01     		.2byte	0x18e
 6797 160d 03       		.byte	0x3
 6798 160e 00       		.byte	0
 6799 160f 49       		.uleb128 0x49
 6800 1610 98000000 		.4byte	.LVL102
 6801 1614 04       		.uleb128 0x4
 6802 1615 01       		.uleb128 0x1
 6803 1616 50       		.byte	0x50
 6804 1617 02       		.uleb128 0x2
 6805 1618 74       		.byte	0x74
 6806 1619 00       		.sleb128 0
 6807 161a 00       		.byte	0
 6808 161b 00       		.byte	0
 6809 161c 00       		.byte	0
 6810 161d 00       		.byte	0
 6811 161e 1A       		.uleb128 0x1a
 6812 161f 38000000 		.4byte	.LVL96
 6813 1623 97080000 		.4byte	0x897
 6814 1627 04       		.uleb128 0x4
 6815 1628 01       		.uleb128 0x1
 6816 1629 50       		.byte	0x50
 6817 162a 01       		.uleb128 0x1
 6818 162b 39       		.byte	0x39
 6819 162c 00       		.byte	0
 6820 162d 00       		.byte	0
 6821 162e 0F       		.uleb128 0xf
 6822 162f B8000000 		.4byte	0xb8
 6823 1633 3E160000 		.4byte	0x163e
 6824 1637 10       		.uleb128 0x10
 6825 1638 2D000000 		.4byte	0x2d
 6826 163c 09       		.byte	0x9
 6827 163d 00       		.byte	0
 6828 163e 0D       		.uleb128 0xd
 6829 163f 2E160000 		.4byte	0x162e
 6830 1643 33       		.uleb128 0x33
 6831 1644 11020000 		.4byte	.LASF151
 6832 1648 C702     		.2byte	0x2c7
 6833 164a 71160000 		.4byte	0x1671
 6834 164e 0E       		.uleb128 0xe
 6835 164f 6D736700 		.ascii	"msg\000"
 6836 1653 01       		.byte	0x1
 6837 1654 C702     		.2byte	0x2c7
 6838 1656 17       		.byte	0x17
 6839 1657 44010000 		.4byte	0x144
ARM GAS  /tmp/ccrfHNBB.s 			page 121


 6840 165b 2E       		.uleb128 0x2e
 6841 165c D7030000 		.4byte	.LASF131
 6842 1660 C802     		.2byte	0x2c8
 6843 1662 0D       		.byte	0xd
 6844 1663 DA050000 		.4byte	0x5da
 6845 1667 08       		.uleb128 0x8
 6846 1668 A0090000 		.4byte	.LASF133
 6847 166c 81160000 		.4byte	0x1681
 6848 1670 00       		.byte	0
 6849 1671 0F       		.uleb128 0xf
 6850 1672 B8000000 		.4byte	0xb8
 6851 1676 81160000 		.4byte	0x1681
 6852 167a 10       		.uleb128 0x10
 6853 167b 2D000000 		.4byte	0x2d
 6854 167f 0A       		.byte	0xa
 6855 1680 00       		.byte	0
 6856 1681 0D       		.uleb128 0xd
 6857 1682 71160000 		.4byte	0x1671
 6858 1686 19       		.uleb128 0x19
 6859 1687 16050000 		.4byte	.LASF152
 6860 168b AF02     		.2byte	0x2af
 6861 168d 00000000 		.4byte	.LFB221
 6862 1691 8C000000 		.4byte	.LFE221-.LFB221
 6863 1695 01       		.uleb128 0x1
 6864 1696 9C       		.byte	0x9c
 6865 1697 C6170000 		.4byte	0x17c6
 6866 169b 0A       		.uleb128 0xa
 6867 169c 6D736700 		.ascii	"msg\000"
 6868 16a0 AF02     		.2byte	0x2af
 6869 16a2 16       		.byte	0x16
 6870 16a3 44010000 		.4byte	0x144
 6871 16a7 2B050000 		.4byte	.LLST87
 6872 16ab 27050000 		.4byte	.LVUS87
 6873 16af 06       		.uleb128 0x6
 6874 16b0 3C220000 		.4byte	0x223c
 6875 16b4 00000000 		.4byte	.LBI579
 6876 16b8 02       		.byte	.LVU854
 6877 16b9 E1010000 		.4byte	.LLRL88
 6878 16bd B102     		.2byte	0x2b1
 6879 16bf 03       		.byte	0x3
 6880 16c0 D7160000 		.4byte	0x16d7
 6881 16c4 0C       		.uleb128 0xc
 6882 16c5 95230000 		.4byte	0x2395
 6883 16c9 00000000 		.4byte	.LBI580
 6884 16cd 04       		.byte	.LVU856
 6885 16ce E1010000 		.4byte	.LLRL88
 6886 16d2 03       		.byte	0x3
 6887 16d3 7501     		.2byte	0x175
 6888 16d5 03       		.byte	0x3
 6889 16d6 00       		.byte	0
 6890 16d7 1F       		.uleb128 0x1f
 6891 16d8 43160000 		.4byte	0x1643
 6892 16dc 08000000 		.4byte	.LBI585
 6893 16e0 03       		.byte	.LVU863
 6894 16e1 ED010000 		.4byte	.LLRL89
 6895 16e5 B202     		.2byte	0x2b2
 6896 16e7 01       		.uleb128 0x1
ARM GAS  /tmp/ccrfHNBB.s 			page 122


 6897 16e8 4E160000 		.4byte	0x164e
 6898 16ec 49050000 		.4byte	.LLST90
 6899 16f0 45050000 		.4byte	.LVUS90
 6900 16f4 14       		.uleb128 0x14
 6901 16f5 ED010000 		.4byte	.LLRL89
 6902 16f9 11       		.uleb128 0x11
 6903 16fa 5B160000 		.4byte	0x165b
 6904 16fe 67050000 		.4byte	.LLST91
 6905 1702 63050000 		.4byte	.LVUS91
 6906 1706 07       		.uleb128 0x7
 6907 1707 0B220000 		.4byte	0x220b
 6908 170b 08000000 		.4byte	.LBI587
 6909 170f 05       		.byte	.LVU865
 6910 1710 08000000 		.4byte	.LBB587
 6911 1714 0C000000 		.4byte	.LBE587-.LBB587
 6912 1718 01       		.byte	0x1
 6913 1719 C802     		.2byte	0x2c8
 6914 171b 16       		.byte	0x16
 6915 171c 06       		.uleb128 0x6
 6916 171d 5A230000 		.4byte	0x235a
 6917 1721 24000000 		.4byte	.LBI589
 6918 1725 05       		.byte	.LVU879
 6919 1726 FD010000 		.4byte	.LLRL92
 6920 172a D202     		.2byte	0x2d2
 6921 172c 0A       		.byte	0xa
 6922 172d 3F170000 		.4byte	0x173f
 6923 1731 01       		.uleb128 0x1
 6924 1732 6B230000 		.4byte	0x236b
 6925 1736 7B050000 		.4byte	.LLST93
 6926 173a 77050000 		.4byte	.LVUS93
 6927 173e 00       		.byte	0
 6928 173f 06       		.uleb128 0x6
 6929 1740 F3220000 		.4byte	0x22f3
 6930 1744 40000000 		.4byte	.LBI594
 6931 1748 01       		.byte	.LVU889
 6932 1749 0C020000 		.4byte	.LLRL94
 6933 174d D302     		.2byte	0x2d3
 6934 174f 18       		.byte	0x18
 6935 1750 75170000 		.4byte	0x1775
 6936 1754 01       		.uleb128 0x1
 6937 1755 04230000 		.4byte	0x2304
 6938 1759 8D050000 		.4byte	.LLST95
 6939 175d 8B050000 		.4byte	.LVUS95
 6940 1761 14       		.uleb128 0x14
 6941 1762 0C020000 		.4byte	.LLRL94
 6942 1766 11       		.uleb128 0x11
 6943 1767 19230000 		.4byte	0x2319
 6944 176b 98050000 		.4byte	.LLST96
 6945 176f 96050000 		.4byte	.LVUS96
 6946 1773 00       		.byte	0
 6947 1774 00       		.byte	0
 6948 1775 06       		.uleb128 0x6
 6949 1776 44220000 		.4byte	0x2244
 6950 177a 74000000 		.4byte	.LBI599
 6951 177e 01       		.byte	.LVU914
 6952 177f 18020000 		.4byte	.LLRL97
 6953 1783 DD02     		.2byte	0x2dd
ARM GAS  /tmp/ccrfHNBB.s 			page 123


 6954 1785 07       		.byte	0x7
 6955 1786 98170000 		.4byte	0x1798
 6956 178a 01       		.uleb128 0x1
 6957 178b 55220000 		.4byte	0x2255
 6958 178f A3050000 		.4byte	.LLST98
 6959 1793 A1050000 		.4byte	.LVUS98
 6960 1797 00       		.byte	0
 6961 1798 3C       		.uleb128 0x3c
 6962 1799 40000000 		.4byte	.LVL70
 6963 179d 97080000 		.4byte	0x897
 6964 17a1 AB170000 		.4byte	0x17ab
 6965 17a5 04       		.uleb128 0x4
 6966 17a6 01       		.uleb128 0x1
 6967 17a7 50       		.byte	0x50
 6968 17a8 01       		.uleb128 0x1
 6969 17a9 3F       		.byte	0x3f
 6970 17aa 00       		.byte	0
 6971 17ab 27       		.uleb128 0x27
 6972 17ac 50000000 		.4byte	.LVL72
 6973 17b0 BC080000 		.4byte	0x8bc
 6974 17b4 28       		.uleb128 0x28
 6975 17b5 8C000000 		.4byte	.LVL77
 6976 17b9 97080000 		.4byte	0x897
 6977 17bd 04       		.uleb128 0x4
 6978 17be 01       		.uleb128 0x1
 6979 17bf 50       		.byte	0x50
 6980 17c0 01       		.uleb128 0x1
 6981 17c1 3F       		.byte	0x3f
 6982 17c2 00       		.byte	0
 6983 17c3 00       		.byte	0
 6984 17c4 00       		.byte	0
 6985 17c5 00       		.byte	0
 6986 17c6 33       		.uleb128 0x33
 6987 17c7 47050000 		.4byte	.LASF153
 6988 17cb 8502     		.2byte	0x285
 6989 17cd E7170000 		.4byte	0x17e7
 6990 17d1 0E       		.uleb128 0xe
 6991 17d2 747000   		.ascii	"tp\000"
 6992 17d5 01       		.byte	0x1
 6993 17d6 8502     		.2byte	0x285
 6994 17d8 1D       		.byte	0x1d
 6995 17d9 DA050000 		.4byte	0x5da
 6996 17dd 08       		.uleb128 0x8
 6997 17de A0090000 		.4byte	.LASF133
 6998 17e2 4F0D0000 		.4byte	0xd4f
 6999 17e6 00       		.byte	0
 7000 17e7 12       		.uleb128 0x12
 7001 17e8 45040000 		.4byte	.LASF154
 7002 17ec 6902     		.2byte	0x269
 7003 17ee 0B       		.byte	0xb
 7004 17ef DA050000 		.4byte	0x5da
 7005 17f3 00000000 		.4byte	.LFB219
 7006 17f7 18000000 		.4byte	.LFE219-.LFB219
 7007 17fb 01       		.uleb128 0x1
 7008 17fc 9C       		.byte	0x9c
 7009 17fd 75180000 		.4byte	0x1875
 7010 1801 29       		.uleb128 0x29
ARM GAS  /tmp/ccrfHNBB.s 			page 124


 7011 1802 747000   		.ascii	"tp\000"
 7012 1805 6902     		.2byte	0x269
 7013 1807 21       		.byte	0x21
 7014 1808 DA050000 		.4byte	0x5da
 7015 180c 01       		.uleb128 0x1
 7016 180d 50       		.byte	0x50
 7017 180e 08       		.uleb128 0x8
 7018 180f A0090000 		.4byte	.LASF133
 7019 1813 85180000 		.4byte	0x1885
 7020 1817 05       		.uleb128 0x5
 7021 1818 3C220000 		.4byte	0x223c
 7022 181c 00000000 		.4byte	.LBI515
 7023 1820 02       		.byte	.LVU776
 7024 1821 00000000 		.4byte	.LBB515
 7025 1825 04000000 		.4byte	.LBE515-.LBB515
 7026 1829 01       		.byte	0x1
 7027 182a 6B02     		.2byte	0x26b
 7028 182c 03       		.byte	0x3
 7029 182d 48180000 		.4byte	0x1848
 7030 1831 07       		.uleb128 0x7
 7031 1832 95230000 		.4byte	0x2395
 7032 1836 00000000 		.4byte	.LBI516
 7033 183a 04       		.byte	.LVU778
 7034 183b 00000000 		.4byte	.LBB516
 7035 183f 04000000 		.4byte	.LBE516-.LBB516
 7036 1843 03       		.byte	0x3
 7037 1844 7501     		.2byte	0x175
 7038 1846 03       		.byte	0x3
 7039 1847 00       		.byte	0
 7040 1848 17       		.uleb128 0x17
 7041 1849 26220000 		.4byte	0x2226
 7042 184d 10000000 		.4byte	.LBI518
 7043 1851 01       		.byte	.LVU788
 7044 1852 10000000 		.4byte	.LBB518
 7045 1856 04000000 		.4byte	.LBE518-.LBB518
 7046 185a 6E02     		.2byte	0x26e
 7047 185c 03       		.byte	0x3
 7048 185d 07       		.uleb128 0x7
 7049 185e 8D230000 		.4byte	0x238d
 7050 1862 10000000 		.4byte	.LBI520
 7051 1866 08       		.byte	.LVU795
 7052 1867 10000000 		.4byte	.LBB520
 7053 186b 04000000 		.4byte	.LBE520-.LBB520
 7054 186f 03       		.byte	0x3
 7055 1870 8E01     		.2byte	0x18e
 7056 1872 03       		.byte	0x3
 7057 1873 00       		.byte	0
 7058 1874 00       		.byte	0
 7059 1875 0F       		.uleb128 0xf
 7060 1876 B8000000 		.4byte	0xb8
 7061 187a 85180000 		.4byte	0x1885
 7062 187e 10       		.uleb128 0x10
 7063 187f 2D000000 		.4byte	0x2d
 7064 1883 0B       		.byte	0xb
 7065 1884 00       		.byte	0
 7066 1885 0D       		.uleb128 0xd
 7067 1886 75180000 		.4byte	0x1875
ARM GAS  /tmp/ccrfHNBB.s 			page 125


 7068 188a 12       		.uleb128 0x12
 7069 188b 83070000 		.4byte	.LASF155
 7070 188f 5302     		.2byte	0x253
 7071 1891 0B       		.byte	0xb
 7072 1892 DA050000 		.4byte	0x5da
 7073 1896 00000000 		.4byte	.LFB218
 7074 189a 20000000 		.4byte	.LFE218-.LFB218
 7075 189e 01       		.uleb128 0x1
 7076 189f 9C       		.byte	0x9c
 7077 18a0 2F190000 		.4byte	0x192f
 7078 18a4 0A       		.uleb128 0xa
 7079 18a5 747000   		.ascii	"tp\000"
 7080 18a8 5302     		.2byte	0x253
 7081 18aa 20       		.byte	0x20
 7082 18ab DA050000 		.4byte	0x5da
 7083 18af B2050000 		.4byte	.LLST82
 7084 18b3 AE050000 		.4byte	.LVUS82
 7085 18b7 08       		.uleb128 0x8
 7086 18b8 A0090000 		.4byte	.LASF133
 7087 18bc 81160000 		.4byte	0x1681
 7088 18c0 06       		.uleb128 0x6
 7089 18c1 3C220000 		.4byte	0x223c
 7090 18c5 00000000 		.4byte	.LBI505
 7091 18c9 02       		.byte	.LVU749
 7092 18ca D5010000 		.4byte	.LLRL83
 7093 18ce 5502     		.2byte	0x255
 7094 18d0 03       		.byte	0x3
 7095 18d1 E8180000 		.4byte	0x18e8
 7096 18d5 0C       		.uleb128 0xc
 7097 18d6 95230000 		.4byte	0x2395
 7098 18da 00000000 		.4byte	.LBI506
 7099 18de 04       		.byte	.LVU751
 7100 18df D5010000 		.4byte	.LLRL83
 7101 18e3 03       		.byte	0x3
 7102 18e4 7501     		.2byte	0x175
 7103 18e6 03       		.byte	0x3
 7104 18e7 00       		.byte	0
 7105 18e8 05       		.uleb128 0x5
 7106 18e9 26220000 		.4byte	0x2226
 7107 18ed 14000000 		.4byte	.LBI511
 7108 18f1 01       		.byte	.LVU763
 7109 18f2 14000000 		.4byte	.LBB511
 7110 18f6 04000000 		.4byte	.LBE511-.LBB511
 7111 18fa 01       		.byte	0x1
 7112 18fb 5802     		.2byte	0x258
 7113 18fd 03       		.byte	0x3
 7114 18fe 19190000 		.4byte	0x1919
 7115 1902 07       		.uleb128 0x7
 7116 1903 8D230000 		.4byte	0x238d
 7117 1907 14000000 		.4byte	.LBI513
 7118 190b 08       		.byte	.LVU770
 7119 190c 14000000 		.4byte	.LBB513
 7120 1910 04000000 		.4byte	.LBE513-.LBB513
 7121 1914 03       		.byte	0x3
 7122 1915 8E01     		.2byte	0x18e
 7123 1917 03       		.byte	0x3
 7124 1918 00       		.byte	0
ARM GAS  /tmp/ccrfHNBB.s 			page 126


 7125 1919 1A       		.uleb128 0x1a
 7126 191a 14000000 		.4byte	.LVL58
 7127 191e A7080000 		.4byte	0x8a7
 7128 1922 04       		.uleb128 0x4
 7129 1923 01       		.uleb128 0x1
 7130 1924 50       		.byte	0x50
 7131 1925 02       		.uleb128 0x2
 7132 1926 74       		.byte	0x74
 7133 1927 00       		.sleb128 0
 7134 1928 04       		.uleb128 0x4
 7135 1929 01       		.uleb128 0x1
 7136 192a 51       		.byte	0x51
 7137 192b 01       		.uleb128 0x1
 7138 192c 30       		.byte	0x30
 7139 192d 00       		.byte	0
 7140 192e 00       		.byte	0
 7141 192f 12       		.uleb128 0x12
 7142 1930 AD050000 		.4byte	.LASF156
 7143 1934 1302     		.2byte	0x213
 7144 1936 0B       		.byte	0xb
 7145 1937 DA050000 		.4byte	0x5da
 7146 193b 00000000 		.4byte	.LFB217
 7147 193f CC000000 		.4byte	.LFE217-.LFB217
 7148 1943 01       		.uleb128 0x1
 7149 1944 9C       		.byte	0x9c
 7150 1945 261B0000 		.4byte	0x1b26
 7151 1949 18       		.uleb128 0x18
 7152 194a 41000000 		.4byte	.LASF115
 7153 194e 1302     		.2byte	0x213
 7154 1950 28       		.byte	0x28
 7155 1951 15070000 		.4byte	0x715
 7156 1955 C8050000 		.4byte	.LLST64
 7157 1959 C2050000 		.4byte	.LVUS64
 7158 195d 18       		.uleb128 0x18
 7159 195e B9040000 		.4byte	.LASF157
 7160 1962 1302     		.2byte	0x213
 7161 1964 36       		.byte	0x36
 7162 1965 3B000000 		.4byte	0x3b
 7163 1969 F3050000 		.4byte	.LLST65
 7164 196d ED050000 		.4byte	.LVUS65
 7165 1971 18       		.uleb128 0x18
 7166 1972 2B040000 		.4byte	.LASF78
 7167 1976 1402     		.2byte	0x214
 7168 1978 25       		.byte	0x25
 7169 1979 38010000 		.4byte	0x138
 7170 197d 1A060000 		.4byte	.LLST66
 7171 1981 12060000 		.4byte	.LVUS66
 7172 1985 18       		.uleb128 0x18
 7173 1986 99030000 		.4byte	.LASF158
 7174 198a 1402     		.2byte	0x214
 7175 198c 33       		.byte	0x33
 7176 198d C7070000 		.4byte	0x7c7
 7177 1991 4B060000 		.4byte	.LLST67
 7178 1995 45060000 		.4byte	.LVUS67
 7179 1999 29       		.uleb128 0x29
 7180 199a 61726700 		.ascii	"arg\000"
 7181 199e 1402     		.2byte	0x214
ARM GAS  /tmp/ccrfHNBB.s 			page 127


 7182 19a0 3F       		.byte	0x3f
 7183 19a1 AF000000 		.4byte	0xaf
 7184 19a5 02       		.uleb128 0x2
 7185 19a6 91       		.byte	0x91
 7186 19a7 00       		.sleb128 0
 7187 19a8 20       		.uleb128 0x20
 7188 19a9 747000   		.ascii	"tp\000"
 7189 19ac 1502     		.2byte	0x215
 7190 19ae 0D       		.byte	0xd
 7191 19af DA050000 		.4byte	0x5da
 7192 19b3 70060000 		.4byte	.LLST68
 7193 19b7 6E060000 		.4byte	.LVUS68
 7194 19bb 1B       		.uleb128 0x1b
 7195 19bc E3040000 		.4byte	.LASF116
 7196 19c0 1602     		.2byte	0x216
 7197 19c2 0C       		.byte	0xc
 7198 19c3 9A030000 		.4byte	0x39a
 7199 19c7 7D060000 		.4byte	.LLST69
 7200 19cb 79060000 		.4byte	.LVUS69
 7201 19cf 1B       		.uleb128 0x1b
 7202 19d0 8E010000 		.4byte	.LASF159
 7203 19d4 1602     		.2byte	0x216
 7204 19d6 13       		.byte	0x13
 7205 19d7 9A030000 		.4byte	0x39a
 7206 19db 99060000 		.4byte	.LLST70
 7207 19df 93060000 		.4byte	.LVUS70
 7208 19e3 1B       		.uleb128 0x1b
 7209 19e4 60080000 		.4byte	.LASF160
 7210 19e8 1602     		.2byte	0x216
 7211 19ea 1D       		.byte	0x1d
 7212 19eb 9A030000 		.4byte	0x39a
 7213 19ef C0060000 		.4byte	.LLST71
 7214 19f3 BE060000 		.4byte	.LVUS71
 7215 19f7 08       		.uleb128 0x8
 7216 19f8 A0090000 		.4byte	.LASF133
 7217 19fc 361B0000 		.4byte	0x1b36
 7218 1a00 2E       		.uleb128 0x2e
 7219 1a01 D6090000 		.4byte	.LASF161
 7220 1a05 3802     		.2byte	0x238
 7221 1a07 03       		.byte	0x3
 7222 1a08 48080000 		.4byte	0x848
 7223 1a0c 06       		.uleb128 0x6
 7224 1a0d 68210000 		.4byte	0x2168
 7225 1a11 94000000 		.4byte	.LBI466
 7226 1a15 05       		.byte	.LVU672
 7227 1a16 89010000 		.4byte	.LLRL72
 7228 1a1a 3902     		.2byte	0x239
 7229 1a1c 08       		.byte	0x8
 7230 1a1d 7E1A0000 		.4byte	0x1a7e
 7231 1a21 01       		.uleb128 0x1
 7232 1a22 81210000 		.4byte	0x2181
 7233 1a26 CB060000 		.4byte	.LLST73
 7234 1a2a C9060000 		.4byte	.LVUS73
 7235 1a2e 01       		.uleb128 0x1
 7236 1a2f 76210000 		.4byte	0x2176
 7237 1a33 DB060000 		.4byte	.LLST74
 7238 1a37 D9060000 		.4byte	.LVUS74
ARM GAS  /tmp/ccrfHNBB.s 			page 128


 7239 1a3b 14       		.uleb128 0x14
 7240 1a3c 89010000 		.4byte	.LLRL72
 7241 1a40 21       		.uleb128 0x21
 7242 1a41 DA220000 		.4byte	0x22da
 7243 1a45 94000000 		.4byte	.LBI468
 7244 1a49 1F       		.byte	.LVU698
 7245 1a4a AB010000 		.4byte	.LLRL75
 7246 1a4e 601A0000 		.4byte	0x1a60
 7247 1a52 01       		.uleb128 0x1
 7248 1a53 E6220000 		.4byte	0x22e6
 7249 1a57 E6060000 		.4byte	.LLST76
 7250 1a5b E4060000 		.4byte	.LVUS76
 7251 1a5f 00       		.byte	0
 7252 1a60 22       		.uleb128 0x22
 7253 1a61 77230000 		.4byte	0x2377
 7254 1a65 94000000 		.4byte	.LBI473
 7255 1a69 16       		.byte	.LVU689
 7256 1a6a BA010000 		.4byte	.LLRL77
 7257 1a6e 01       		.uleb128 0x1
 7258 1a6f 81230000 		.4byte	0x2381
 7259 1a73 F2060000 		.4byte	.LLST78
 7260 1a77 F0060000 		.4byte	.LVUS78
 7261 1a7b 00       		.byte	0
 7262 1a7c 00       		.byte	0
 7263 1a7d 00       		.byte	0
 7264 1a7e 05       		.uleb128 0x5
 7265 1a7f 3C220000 		.4byte	0x223c
 7266 1a83 94000000 		.4byte	.LBI492
 7267 1a87 2F       		.byte	.LVU714
 7268 1a88 94000000 		.4byte	.LBB492
 7269 1a8c 04000000 		.4byte	.LBE492-.LBB492
 7270 1a90 01       		.byte	0x1
 7271 1a91 3E02     		.2byte	0x23e
 7272 1a93 03       		.byte	0x3
 7273 1a94 AF1A0000 		.4byte	0x1aaf
 7274 1a98 07       		.uleb128 0x7
 7275 1a99 95230000 		.4byte	0x2395
 7276 1a9d 94000000 		.4byte	.LBI493
 7277 1aa1 31       		.byte	.LVU716
 7278 1aa2 94000000 		.4byte	.LBB493
 7279 1aa6 04000000 		.4byte	.LBE493-.LBB493
 7280 1aaa 03       		.byte	0x3
 7281 1aab 7501     		.2byte	0x175
 7282 1aad 03       		.byte	0x3
 7283 1aae 00       		.byte	0
 7284 1aaf 06       		.uleb128 0x6
 7285 1ab0 93220000 		.4byte	0x2293
 7286 1ab4 A0000000 		.4byte	.LBI495
 7287 1ab8 00       		.byte	.LVU721
 7288 1ab9 C6010000 		.4byte	.LLRL79
 7289 1abd 4102     		.2byte	0x241
 7290 1abf 03       		.byte	0x3
 7291 1ac0 DF1A0000 		.4byte	0x1adf
 7292 1ac4 01       		.uleb128 0x1
 7293 1ac5 AB220000 		.4byte	0x22ab
 7294 1ac9 FD060000 		.4byte	.LLST80
 7295 1acd FB060000 		.4byte	.LVUS80
ARM GAS  /tmp/ccrfHNBB.s 			page 129


 7296 1ad1 01       		.uleb128 0x1
 7297 1ad2 9F220000 		.4byte	0x229f
 7298 1ad6 0A070000 		.4byte	.LLST81
 7299 1ada 06070000 		.4byte	.LVUS81
 7300 1ade 00       		.byte	0
 7301 1adf 05       		.uleb128 0x5
 7302 1ae0 26220000 		.4byte	0x2226
 7303 1ae4 C0000000 		.4byte	.LBI501
 7304 1ae8 01       		.byte	.LVU736
 7305 1ae9 C0000000 		.4byte	.LBB501
 7306 1aed 04000000 		.4byte	.LBE501-.LBB501
 7307 1af1 01       		.byte	0x1
 7308 1af2 4602     		.2byte	0x246
 7309 1af4 03       		.byte	0x3
 7310 1af5 101B0000 		.4byte	0x1b10
 7311 1af9 07       		.uleb128 0x7
 7312 1afa 8D230000 		.4byte	0x238d
 7313 1afe C0000000 		.4byte	.LBI503
 7314 1b02 08       		.byte	.LVU743
 7315 1b03 C0000000 		.4byte	.LBB503
 7316 1b07 04000000 		.4byte	.LBE503-.LBB503
 7317 1b0b 03       		.byte	0x3
 7318 1b0c 8E01     		.2byte	0x18e
 7319 1b0e 03       		.byte	0x3
 7320 1b0f 00       		.byte	0
 7321 1b10 1A       		.uleb128 0x1a
 7322 1b11 C0000000 		.4byte	.LVL56
 7323 1b15 A7080000 		.4byte	0x8a7
 7324 1b19 04       		.uleb128 0x4
 7325 1b1a 01       		.uleb128 0x1
 7326 1b1b 50       		.byte	0x50
 7327 1b1c 02       		.uleb128 0x2
 7328 1b1d 74       		.byte	0x74
 7329 1b1e 00       		.sleb128 0
 7330 1b1f 04       		.uleb128 0x4
 7331 1b20 01       		.uleb128 0x1
 7332 1b21 51       		.byte	0x51
 7333 1b22 01       		.uleb128 0x1
 7334 1b23 30       		.byte	0x30
 7335 1b24 00       		.byte	0
 7336 1b25 00       		.byte	0
 7337 1b26 0F       		.uleb128 0xf
 7338 1b27 B8000000 		.4byte	0xb8
 7339 1b2b 361B0000 		.4byte	0x1b36
 7340 1b2f 10       		.uleb128 0x10
 7341 1b30 2D000000 		.4byte	0x2d
 7342 1b34 11       		.byte	0x11
 7343 1b35 00       		.byte	0
 7344 1b36 0D       		.uleb128 0xd
 7345 1b37 261B0000 		.4byte	0x1b26
 7346 1b3b 12       		.uleb128 0x12
 7347 1b3c 24020000 		.4byte	.LASF162
 7348 1b40 EA01     		.2byte	0x1ea
 7349 1b42 0B       		.byte	0xb
 7350 1b43 DA050000 		.4byte	0x5da
 7351 1b47 00000000 		.4byte	.LFB216
 7352 1b4b 24000000 		.4byte	.LFE216-.LFB216
ARM GAS  /tmp/ccrfHNBB.s 			page 130


 7353 1b4f 01       		.uleb128 0x1
 7354 1b50 9C       		.byte	0x9c
 7355 1b51 0F1C0000 		.4byte	0x1c0f
 7356 1b55 0A       		.uleb128 0xa
 7357 1b56 74647000 		.ascii	"tdp\000"
 7358 1b5a EA01     		.2byte	0x1ea
 7359 1b5c 32       		.byte	0x32
 7360 1b5d 0F1C0000 		.4byte	0x1c0f
 7361 1b61 20070000 		.4byte	.LLST61
 7362 1b65 1C070000 		.4byte	.LVUS61
 7363 1b69 20       		.uleb128 0x20
 7364 1b6a 747000   		.ascii	"tp\000"
 7365 1b6d EB01     		.2byte	0x1eb
 7366 1b6f 0D       		.byte	0xd
 7367 1b70 DA050000 		.4byte	0x5da
 7368 1b74 3D070000 		.4byte	.LLST62
 7369 1b78 39070000 		.4byte	.LVUS62
 7370 1b7c 08       		.uleb128 0x8
 7371 1b7d A0090000 		.4byte	.LASF133
 7372 1b81 85180000 		.4byte	0x1885
 7373 1b85 06       		.uleb128 0x6
 7374 1b86 3C220000 		.4byte	0x223c
 7375 1b8a 00000000 		.4byte	.LBI441
 7376 1b8e 06       		.byte	.LVU594
 7377 1b8f 7D010000 		.4byte	.LLRL63
 7378 1b93 F701     		.2byte	0x1f7
 7379 1b95 03       		.byte	0x3
 7380 1b96 AD1B0000 		.4byte	0x1bad
 7381 1b9a 0C       		.uleb128 0xc
 7382 1b9b 95230000 		.4byte	0x2395
 7383 1b9f 00000000 		.4byte	.LBI442
 7384 1ba3 08       		.byte	.LVU596
 7385 1ba4 7D010000 		.4byte	.LLRL63
 7386 1ba8 03       		.byte	0x3
 7387 1ba9 7501     		.2byte	0x175
 7388 1bab 03       		.byte	0x3
 7389 1bac 00       		.byte	0
 7390 1bad 05       		.uleb128 0x5
 7391 1bae 26220000 		.4byte	0x2226
 7392 1bb2 18000000 		.4byte	.LBI447
 7393 1bb6 01       		.byte	.LVU608
 7394 1bb7 18000000 		.4byte	.LBB447
 7395 1bbb 04000000 		.4byte	.LBE447-.LBB447
 7396 1bbf 01       		.byte	0x1
 7397 1bc0 FA01     		.2byte	0x1fa
 7398 1bc2 03       		.byte	0x3
 7399 1bc3 DE1B0000 		.4byte	0x1bde
 7400 1bc7 07       		.uleb128 0x7
 7401 1bc8 8D230000 		.4byte	0x238d
 7402 1bcc 18000000 		.4byte	.LBI449
 7403 1bd0 08       		.byte	.LVU615
 7404 1bd1 18000000 		.4byte	.LBB449
 7405 1bd5 04000000 		.4byte	.LBE449-.LBB449
 7406 1bd9 03       		.byte	0x3
 7407 1bda 8E01     		.2byte	0x18e
 7408 1bdc 03       		.byte	0x3
 7409 1bdd 00       		.byte	0
ARM GAS  /tmp/ccrfHNBB.s 			page 131


 7410 1bde 2F       		.uleb128 0x2f
 7411 1bdf 0C000000 		.4byte	.LVL42
 7412 1be3 E21D0000 		.4byte	0x1de2
 7413 1be7 F91B0000 		.4byte	0x1bf9
 7414 1beb 04       		.uleb128 0x4
 7415 1bec 01       		.uleb128 0x1
 7416 1bed 50       		.byte	0x50
 7417 1bee 09       		.uleb128 0x9
 7418 1bef A3       		.byte	0xa3
 7419 1bf0 03       		.uleb128 0x3
 7420 1bf1 A5       		.byte	0xa5
 7421 1bf2 00       		.uleb128 0
 7422 1bf3 26       		.uleb128 0x26
 7423 1bf4 A8       		.byte	0xa8
 7424 1bf5 2D       		.uleb128 0x2d
 7425 1bf6 A8       		.byte	0xa8
 7426 1bf7 00       		.uleb128 0
 7427 1bf8 00       		.byte	0
 7428 1bf9 1A       		.uleb128 0x1a
 7429 1bfa 18000000 		.4byte	.LVL44
 7430 1bfe A7080000 		.4byte	0x8a7
 7431 1c02 04       		.uleb128 0x4
 7432 1c03 01       		.uleb128 0x1
 7433 1c04 50       		.byte	0x50
 7434 1c05 02       		.uleb128 0x2
 7435 1c06 74       		.byte	0x74
 7436 1c07 00       		.sleb128 0
 7437 1c08 04       		.uleb128 0x4
 7438 1c09 01       		.uleb128 0x1
 7439 1c0a 51       		.byte	0x51
 7440 1c0b 01       		.uleb128 0x1
 7441 1c0c 30       		.byte	0x30
 7442 1c0d 00       		.byte	0
 7443 1c0e 00       		.byte	0
 7444 1c0f 0B       		.uleb128 0xb
 7445 1c10 54080000 		.4byte	0x854
 7446 1c14 12       		.uleb128 0x12
 7447 1c15 75080000 		.4byte	.LASF163
 7448 1c19 D801     		.2byte	0x1d8
 7449 1c1b 0B       		.byte	0xb
 7450 1c1c DA050000 		.4byte	0x5da
 7451 1c20 00000000 		.4byte	.LFB215
 7452 1c24 10000000 		.4byte	.LFE215-.LFB215
 7453 1c28 01       		.uleb128 0x1
 7454 1c29 9C       		.byte	0x9c
 7455 1c2a 671C0000 		.4byte	0x1c67
 7456 1c2e 0A       		.uleb128 0xa
 7457 1c2f 74647000 		.ascii	"tdp\000"
 7458 1c33 D801     		.2byte	0x1d8
 7459 1c35 33       		.byte	0x33
 7460 1c36 0F1C0000 		.4byte	0x1c0f
 7461 1c3a 51070000 		.4byte	.LLST60
 7462 1c3e 4D070000 		.4byte	.LVUS60
 7463 1c42 2F       		.uleb128 0x2f
 7464 1c43 08000000 		.4byte	.LVL39
 7465 1c47 E21D0000 		.4byte	0x1de2
 7466 1c4b 5D1C0000 		.4byte	0x1c5d
ARM GAS  /tmp/ccrfHNBB.s 			page 132


 7467 1c4f 04       		.uleb128 0x4
 7468 1c50 01       		.uleb128 0x1
 7469 1c51 50       		.byte	0x50
 7470 1c52 09       		.uleb128 0x9
 7471 1c53 A3       		.byte	0xa3
 7472 1c54 03       		.uleb128 0x3
 7473 1c55 A5       		.byte	0xa5
 7474 1c56 00       		.uleb128 0
 7475 1c57 26       		.uleb128 0x26
 7476 1c58 A8       		.byte	0xa8
 7477 1c59 2D       		.uleb128 0x2d
 7478 1c5a A8       		.byte	0xa8
 7479 1c5b 00       		.uleb128 0
 7480 1c5c 00       		.byte	0
 7481 1c5d 2D       		.uleb128 0x2d
 7482 1c5e 10000000 		.4byte	.LVL40
 7483 1c62 BC080000 		.4byte	0x8bc
 7484 1c66 00       		.byte	0
 7485 1c67 12       		.uleb128 0x12
 7486 1c68 82020000 		.4byte	.LASF164
 7487 1c6c B301     		.2byte	0x1b3
 7488 1c6e 0B       		.byte	0xb
 7489 1c6f DA050000 		.4byte	0x5da
 7490 1c73 00000000 		.4byte	.LFB214
 7491 1c77 D0000000 		.4byte	.LFE214-.LFB214
 7492 1c7b 01       		.uleb128 0x1
 7493 1c7c 9C       		.byte	0x9c
 7494 1c7d E21D0000 		.4byte	0x1de2
 7495 1c81 0A       		.uleb128 0xa
 7496 1c82 74647000 		.ascii	"tdp\000"
 7497 1c86 B301     		.2byte	0x1b3
 7498 1c88 3B       		.byte	0x3b
 7499 1c89 0F1C0000 		.4byte	0x1c0f
 7500 1c8d 6E070000 		.4byte	.LLST45
 7501 1c91 6A070000 		.4byte	.LVUS45
 7502 1c95 20       		.uleb128 0x20
 7503 1c96 747000   		.ascii	"tp\000"
 7504 1c99 B401     		.2byte	0x1b4
 7505 1c9b 0D       		.byte	0xd
 7506 1c9c DA050000 		.4byte	0x5da
 7507 1ca0 8C070000 		.4byte	.LLST46
 7508 1ca4 8A070000 		.4byte	.LVUS46
 7509 1ca8 08       		.uleb128 0x8
 7510 1ca9 A0090000 		.4byte	.LASF133
 7511 1cad EA0B0000 		.4byte	0xbea
 7512 1cb1 06       		.uleb128 0x6
 7513 1cb2 3C220000 		.4byte	0x223c
 7514 1cb6 00000000 		.4byte	.LBI393
 7515 1cba 06       		.byte	.LVU453
 7516 1cbb 1D010000 		.4byte	.LLRL47
 7517 1cbf BF01     		.2byte	0x1bf
 7518 1cc1 03       		.byte	0x3
 7519 1cc2 D91C0000 		.4byte	0x1cd9
 7520 1cc6 0C       		.uleb128 0xc
 7521 1cc7 95230000 		.4byte	0x2395
 7522 1ccb 00000000 		.4byte	.LBI394
 7523 1ccf 08       		.byte	.LVU455
ARM GAS  /tmp/ccrfHNBB.s 			page 133


 7524 1cd0 1D010000 		.4byte	.LLRL47
 7525 1cd4 03       		.byte	0x3
 7526 1cd5 7501     		.2byte	0x175
 7527 1cd7 03       		.byte	0x3
 7528 1cd8 00       		.byte	0
 7529 1cd9 05       		.uleb128 0x5
 7530 1cda E21D0000 		.4byte	0x1de2
 7531 1cde 0C000000 		.4byte	.LBI399
 7532 1ce2 03       		.byte	.LVU463
 7533 1ce3 0C000000 		.4byte	.LBB399
 7534 1ce7 BC000000 		.4byte	.LBE399-.LBB399
 7535 1ceb 01       		.byte	0x1
 7536 1cec C001     		.2byte	0x1c0
 7537 1cee 08       		.byte	0x8
 7538 1cef B51D0000 		.4byte	0x1db5
 7539 1cf3 01       		.uleb128 0x1
 7540 1cf4 F41D0000 		.4byte	0x1df4
 7541 1cf8 99070000 		.4byte	.LLST48
 7542 1cfc 95070000 		.4byte	.LVUS48
 7543 1d00 11       		.uleb128 0x11
 7544 1d01 011E0000 		.4byte	0x1e01
 7545 1d05 B7070000 		.4byte	.LLST49
 7546 1d09 B5070000 		.4byte	.LVUS49
 7547 1d0d 11       		.uleb128 0x11
 7548 1d0e 0D1E0000 		.4byte	0x1e0d
 7549 1d12 C4070000 		.4byte	.LLST50
 7550 1d16 C0070000 		.4byte	.LVUS50
 7551 1d1a 11       		.uleb128 0x11
 7552 1d1b 191E0000 		.4byte	0x1e19
 7553 1d1f DA070000 		.4byte	.LLST51
 7554 1d23 D8070000 		.4byte	.LVUS51
 7555 1d27 06       		.uleb128 0x6
 7556 1d28 68210000 		.4byte	0x2168
 7557 1d2c C0000000 		.4byte	.LBI401
 7558 1d30 04       		.byte	.LVU519
 7559 1d31 29010000 		.4byte	.LLRL52
 7560 1d35 9601     		.2byte	0x196
 7561 1d37 08       		.byte	0x8
 7562 1d38 891D0000 		.4byte	0x1d89
 7563 1d3c 23       		.uleb128 0x23
 7564 1d3d 81210000 		.4byte	0x2181
 7565 1d41 01       		.uleb128 0x1
 7566 1d42 76210000 		.4byte	0x2176
 7567 1d46 E5070000 		.4byte	.LLST53
 7568 1d4a E3070000 		.4byte	.LVUS53
 7569 1d4e 14       		.uleb128 0x14
 7570 1d4f 29010000 		.4byte	.LLRL52
 7571 1d53 21       		.uleb128 0x21
 7572 1d54 DA220000 		.4byte	0x22da
 7573 1d58 C0000000 		.4byte	.LBI403
 7574 1d5c 1D       		.byte	.LVU544
 7575 1d5d 50010000 		.4byte	.LLRL54
 7576 1d61 6B1D0000 		.4byte	0x1d6b
 7577 1d65 23       		.uleb128 0x23
 7578 1d66 E6220000 		.4byte	0x22e6
 7579 1d6a 00       		.byte	0
 7580 1d6b 22       		.uleb128 0x22
ARM GAS  /tmp/ccrfHNBB.s 			page 134


 7581 1d6c 77230000 		.4byte	0x2377
 7582 1d70 C0000000 		.4byte	.LBI408
 7583 1d74 14       		.byte	.LVU535
 7584 1d75 5F010000 		.4byte	.LLRL55
 7585 1d79 01       		.uleb128 0x1
 7586 1d7a 81230000 		.4byte	0x2381
 7587 1d7e F0070000 		.4byte	.LLST56
 7588 1d82 EE070000 		.4byte	.LVUS56
 7589 1d86 00       		.byte	0
 7590 1d87 00       		.byte	0
 7591 1d88 00       		.byte	0
 7592 1d89 1F       		.uleb128 0x1f
 7593 1d8a 93220000 		.4byte	0x2293
 7594 1d8e C0000000 		.4byte	.LBI426
 7595 1d92 2D       		.byte	.LVU560
 7596 1d93 6B010000 		.4byte	.LLRL57
 7597 1d97 9C01     		.2byte	0x19c
 7598 1d99 01       		.uleb128 0x1
 7599 1d9a AB220000 		.4byte	0x22ab
 7600 1d9e FD070000 		.4byte	.LLST58
 7601 1da2 FB070000 		.4byte	.LVUS58
 7602 1da6 01       		.uleb128 0x1
 7603 1da7 9F220000 		.4byte	0x229f
 7604 1dab 08080000 		.4byte	.LLST59
 7605 1daf 06080000 		.4byte	.LVUS59
 7606 1db3 00       		.byte	0
 7607 1db4 00       		.byte	0
 7608 1db5 17       		.uleb128 0x17
 7609 1db6 26220000 		.4byte	0x2226
 7610 1dba C8000000 		.4byte	.LBI437
 7611 1dbe 04       		.byte	.LVU571
 7612 1dbf C8000000 		.4byte	.LBB437
 7613 1dc3 04000000 		.4byte	.LBE437-.LBB437
 7614 1dc7 C101     		.2byte	0x1c1
 7615 1dc9 03       		.byte	0x3
 7616 1dca 07       		.uleb128 0x7
 7617 1dcb 8D230000 		.4byte	0x238d
 7618 1dcf C8000000 		.4byte	.LBI439
 7619 1dd3 0B       		.byte	.LVU578
 7620 1dd4 C8000000 		.4byte	.LBB439
 7621 1dd8 04000000 		.4byte	.LBE439-.LBB439
 7622 1ddc 03       		.byte	0x3
 7623 1ddd 8E01     		.2byte	0x18e
 7624 1ddf 03       		.byte	0x3
 7625 1de0 00       		.byte	0
 7626 1de1 00       		.byte	0
 7627 1de2 4A       		.uleb128 0x4a
 7628 1de3 54050000 		.4byte	.LASF165
 7629 1de7 01       		.byte	0x1
 7630 1de8 7D01     		.2byte	0x17d
 7631 1dea 0B       		.byte	0xb
 7632 1deb DA050000 		.4byte	0x5da
 7633 1def 01       		.byte	0x1
 7634 1df0 2F1E0000 		.4byte	0x1e2f
 7635 1df4 0E       		.uleb128 0xe
 7636 1df5 74647000 		.ascii	"tdp\000"
 7637 1df9 01       		.byte	0x1
ARM GAS  /tmp/ccrfHNBB.s 			page 135


 7638 1dfa 7D01     		.2byte	0x17d
 7639 1dfc 3C       		.byte	0x3c
 7640 1dfd 0F1C0000 		.4byte	0x1c0f
 7641 1e01 2A       		.uleb128 0x2a
 7642 1e02 747000   		.ascii	"tp\000"
 7643 1e05 01       		.byte	0x1
 7644 1e06 7E01     		.2byte	0x17e
 7645 1e08 0D       		.byte	0xd
 7646 1e09 DA050000 		.4byte	0x5da
 7647 1e0d 2E       		.uleb128 0x2e
 7648 1e0e 8E010000 		.4byte	.LASF159
 7649 1e12 7F01     		.2byte	0x17f
 7650 1e14 0C       		.byte	0xc
 7651 1e15 9A030000 		.4byte	0x39a
 7652 1e19 2E       		.uleb128 0x2e
 7653 1e1a 60080000 		.4byte	.LASF160
 7654 1e1e 7F01     		.2byte	0x17f
 7655 1e20 16       		.byte	0x16
 7656 1e21 9A030000 		.4byte	0x39a
 7657 1e25 08       		.uleb128 0x8
 7658 1e26 A0090000 		.4byte	.LASF133
 7659 1e2a 3F1E0000 		.4byte	0x1e3f
 7660 1e2e 00       		.byte	0
 7661 1e2f 0F       		.uleb128 0xf
 7662 1e30 B8000000 		.4byte	0xb8
 7663 1e34 3F1E0000 		.4byte	0x1e3f
 7664 1e38 10       		.uleb128 0x10
 7665 1e39 2D000000 		.4byte	0x2d
 7666 1e3d 15       		.byte	0x15
 7667 1e3e 00       		.byte	0
 7668 1e3f 0D       		.uleb128 0xd
 7669 1e40 2F1E0000 		.4byte	0x1e2f
 7670 1e44 12       		.uleb128 0x12
 7671 1e45 73030000 		.4byte	.LASF166
 7672 1e49 5701     		.2byte	0x157
 7673 1e4b 0B       		.byte	0xb
 7674 1e4c DA050000 		.4byte	0x5da
 7675 1e50 00000000 		.4byte	.LFB212
 7676 1e54 24000000 		.4byte	.LFE212-.LFB212
 7677 1e58 01       		.uleb128 0x1
 7678 1e59 9C       		.byte	0x9c
 7679 1e5a 1E1F0000 		.4byte	0x1f1e
 7680 1e5e 0A       		.uleb128 0xa
 7681 1e5f 747000   		.ascii	"tp\000"
 7682 1e62 5701     		.2byte	0x157
 7683 1e64 27       		.byte	0x27
 7684 1e65 DA050000 		.4byte	0x5da
 7685 1e69 19080000 		.4byte	.LLST30
 7686 1e6d 11080000 		.4byte	.LVUS30
 7687 1e71 0A       		.uleb128 0xa
 7688 1e72 74647000 		.ascii	"tdp\000"
 7689 1e76 5701     		.2byte	0x157
 7690 1e78 46       		.byte	0x46
 7691 1e79 0F1C0000 		.4byte	0x1c0f
 7692 1e7d 40080000 		.4byte	.LLST31
 7693 1e81 3C080000 		.4byte	.LVUS31
 7694 1e85 08       		.uleb128 0x8
ARM GAS  /tmp/ccrfHNBB.s 			page 136


 7695 1e86 A0090000 		.4byte	.LASF133
 7696 1e8a 361B0000 		.4byte	0x1b36
 7697 1e8e 06       		.uleb128 0x6
 7698 1e8f 3C220000 		.4byte	0x223c
 7699 1e93 00000000 		.4byte	.LBI328
 7700 1e97 06       		.byte	.LVU315
 7701 1e98 CD000000 		.4byte	.LLRL32
 7702 1e9c 6101     		.2byte	0x161
 7703 1e9e 03       		.byte	0x3
 7704 1e9f B61E0000 		.4byte	0x1eb6
 7705 1ea3 0C       		.uleb128 0xc
 7706 1ea4 95230000 		.4byte	0x2395
 7707 1ea8 00000000 		.4byte	.LBI329
 7708 1eac 08       		.byte	.LVU317
 7709 1ead CD000000 		.4byte	.LLRL32
 7710 1eb1 03       		.byte	0x3
 7711 1eb2 7501     		.2byte	0x175
 7712 1eb4 03       		.byte	0x3
 7713 1eb5 00       		.byte	0
 7714 1eb6 05       		.uleb128 0x5
 7715 1eb7 26220000 		.4byte	0x2226
 7716 1ebb 18000000 		.4byte	.LBI334
 7717 1ebf 01       		.byte	.LVU329
 7718 1ec0 18000000 		.4byte	.LBB334
 7719 1ec4 04000000 		.4byte	.LBE334-.LBB334
 7720 1ec8 01       		.byte	0x1
 7721 1ec9 6401     		.2byte	0x164
 7722 1ecb 03       		.byte	0x3
 7723 1ecc E71E0000 		.4byte	0x1ee7
 7724 1ed0 07       		.uleb128 0x7
 7725 1ed1 8D230000 		.4byte	0x238d
 7726 1ed5 18000000 		.4byte	.LBI336
 7727 1ed9 08       		.byte	.LVU336
 7728 1eda 18000000 		.4byte	.LBB336
 7729 1ede 04000000 		.4byte	.LBE336-.LBB336
 7730 1ee2 03       		.byte	0x3
 7731 1ee3 8E01     		.2byte	0x18e
 7732 1ee5 03       		.byte	0x3
 7733 1ee6 00       		.byte	0
 7734 1ee7 2F       		.uleb128 0x2f
 7735 1ee8 0C000000 		.4byte	.LVL24
 7736 1eec 02210000 		.4byte	0x2102
 7737 1ef0 081F0000 		.4byte	0x1f08
 7738 1ef4 04       		.uleb128 0x4
 7739 1ef5 01       		.uleb128 0x1
 7740 1ef6 50       		.byte	0x50
 7741 1ef7 02       		.uleb128 0x2
 7742 1ef8 70       		.byte	0x70
 7743 1ef9 00       		.sleb128 0
 7744 1efa 04       		.uleb128 0x4
 7745 1efb 01       		.uleb128 0x1
 7746 1efc 51       		.byte	0x51
 7747 1efd 09       		.uleb128 0x9
 7748 1efe A3       		.byte	0xa3
 7749 1eff 03       		.uleb128 0x3
 7750 1f00 A5       		.byte	0xa5
 7751 1f01 01       		.uleb128 0x1
ARM GAS  /tmp/ccrfHNBB.s 			page 137


 7752 1f02 26       		.uleb128 0x26
 7753 1f03 A8       		.byte	0xa8
 7754 1f04 2D       		.uleb128 0x2d
 7755 1f05 A8       		.byte	0xa8
 7756 1f06 00       		.uleb128 0
 7757 1f07 00       		.byte	0
 7758 1f08 1A       		.uleb128 0x1a
 7759 1f09 18000000 		.4byte	.LVL26
 7760 1f0d A7080000 		.4byte	0x8a7
 7761 1f11 04       		.uleb128 0x4
 7762 1f12 01       		.uleb128 0x1
 7763 1f13 50       		.byte	0x50
 7764 1f14 02       		.uleb128 0x2
 7765 1f15 74       		.byte	0x74
 7766 1f16 00       		.sleb128 0
 7767 1f17 04       		.uleb128 0x4
 7768 1f18 01       		.uleb128 0x1
 7769 1f19 51       		.byte	0x51
 7770 1f1a 01       		.uleb128 0x1
 7771 1f1b 30       		.byte	0x30
 7772 1f1c 00       		.byte	0
 7773 1f1d 00       		.byte	0
 7774 1f1e 12       		.uleb128 0x12
 7775 1f1f A4010000 		.4byte	.LASF167
 7776 1f23 4401     		.2byte	0x144
 7777 1f25 0B       		.byte	0xb
 7778 1f26 DA050000 		.4byte	0x5da
 7779 1f2a 00000000 		.4byte	.LFB211
 7780 1f2e 10000000 		.4byte	.LFE211-.LFB211
 7781 1f32 01       		.uleb128 0x1
 7782 1f33 9C       		.byte	0x9c
 7783 1f34 8A1F0000 		.4byte	0x1f8a
 7784 1f38 0A       		.uleb128 0xa
 7785 1f39 747000   		.ascii	"tp\000"
 7786 1f3c 4401     		.2byte	0x144
 7787 1f3e 28       		.byte	0x28
 7788 1f3f DA050000 		.4byte	0x5da
 7789 1f43 5D080000 		.4byte	.LLST28
 7790 1f47 59080000 		.4byte	.LVUS28
 7791 1f4b 0A       		.uleb128 0xa
 7792 1f4c 74647000 		.ascii	"tdp\000"
 7793 1f50 4401     		.2byte	0x144
 7794 1f52 47       		.byte	0x47
 7795 1f53 0F1C0000 		.4byte	0x1c0f
 7796 1f57 7A080000 		.4byte	.LLST29
 7797 1f5b 76080000 		.4byte	.LVUS29
 7798 1f5f 2F       		.uleb128 0x2f
 7799 1f60 08000000 		.4byte	.LVL21
 7800 1f64 02210000 		.4byte	0x2102
 7801 1f68 801F0000 		.4byte	0x1f80
 7802 1f6c 04       		.uleb128 0x4
 7803 1f6d 01       		.uleb128 0x1
 7804 1f6e 50       		.byte	0x50
 7805 1f6f 02       		.uleb128 0x2
 7806 1f70 70       		.byte	0x70
 7807 1f71 00       		.sleb128 0
 7808 1f72 04       		.uleb128 0x4
ARM GAS  /tmp/ccrfHNBB.s 			page 138


 7809 1f73 01       		.uleb128 0x1
 7810 1f74 51       		.byte	0x51
 7811 1f75 09       		.uleb128 0x9
 7812 1f76 A3       		.byte	0xa3
 7813 1f77 03       		.uleb128 0x3
 7814 1f78 A5       		.byte	0xa5
 7815 1f79 01       		.uleb128 0x1
 7816 1f7a 26       		.uleb128 0x26
 7817 1f7b A8       		.byte	0xa8
 7818 1f7c 2D       		.uleb128 0x2d
 7819 1f7d A8       		.byte	0xa8
 7820 1f7e 00       		.uleb128 0
 7821 1f7f 00       		.byte	0
 7822 1f80 2D       		.uleb128 0x2d
 7823 1f81 10000000 		.4byte	.LVL22
 7824 1f85 BC080000 		.4byte	0x8bc
 7825 1f89 00       		.byte	0
 7826 1f8a 12       		.uleb128 0x12
 7827 1f8b 20050000 		.4byte	.LASF168
 7828 1f8f 2201     		.2byte	0x122
 7829 1f91 0B       		.byte	0xb
 7830 1f92 DA050000 		.4byte	0x5da
 7831 1f96 00000000 		.4byte	.LFB210
 7832 1f9a C4000000 		.4byte	.LFE210-.LFB210
 7833 1f9e 01       		.uleb128 0x1
 7834 1f9f 9C       		.byte	0x9c
 7835 1fa0 ED200000 		.4byte	0x20ed
 7836 1fa4 29       		.uleb128 0x29
 7837 1fa5 747000   		.ascii	"tp\000"
 7838 1fa8 2201     		.2byte	0x122
 7839 1faa 29       		.byte	0x29
 7840 1fab DA050000 		.4byte	0x5da
 7841 1faf 01       		.uleb128 0x1
 7842 1fb0 50       		.byte	0x50
 7843 1fb1 0A       		.uleb128 0xa
 7844 1fb2 74647000 		.ascii	"tdp\000"
 7845 1fb6 2301     		.2byte	0x123
 7846 1fb8 3A       		.byte	0x3a
 7847 1fb9 0F1C0000 		.4byte	0x1c0f
 7848 1fbd 97080000 		.4byte	.LLST15
 7849 1fc1 93080000 		.4byte	.LVUS15
 7850 1fc5 08       		.uleb128 0x8
 7851 1fc6 A0090000 		.4byte	.LASF133
 7852 1fca FD200000 		.4byte	0x20fd
 7853 1fce 06       		.uleb128 0x6
 7854 1fcf 3C220000 		.4byte	0x223c
 7855 1fd3 00000000 		.4byte	.LBI292
 7856 1fd7 06       		.byte	.LVU186
 7857 1fd8 84000000 		.4byte	.LLRL16
 7858 1fdc 2C01     		.2byte	0x12c
 7859 1fde 03       		.byte	0x3
 7860 1fdf F61F0000 		.4byte	0x1ff6
 7861 1fe3 0C       		.uleb128 0xc
 7862 1fe4 95230000 		.4byte	0x2395
 7863 1fe8 00000000 		.4byte	.LBI293
 7864 1fec 08       		.byte	.LVU188
 7865 1fed 84000000 		.4byte	.LLRL16
ARM GAS  /tmp/ccrfHNBB.s 			page 139


 7866 1ff1 03       		.byte	0x3
 7867 1ff2 7501     		.2byte	0x175
 7868 1ff4 03       		.byte	0x3
 7869 1ff5 00       		.byte	0
 7870 1ff6 05       		.uleb128 0x5
 7871 1ff7 02210000 		.4byte	0x2102
 7872 1ffb 08000000 		.4byte	.LBI298
 7873 1fff 03       		.byte	.LVU195
 7874 2000 08000000 		.4byte	.LBB298
 7875 2004 B4000000 		.4byte	.LBE298-.LBB298
 7876 2008 01       		.byte	0x1
 7877 2009 2D01     		.2byte	0x12d
 7878 200b 08       		.byte	0x8
 7879 200c C0200000 		.4byte	0x20c0
 7880 2010 01       		.uleb128 0x1
 7881 2011 1B210000 		.4byte	0x211b
 7882 2015 B5080000 		.4byte	.LLST17
 7883 2019 B1080000 		.4byte	.LVUS17
 7884 201d 01       		.uleb128 0x1
 7885 201e 10210000 		.4byte	0x2110
 7886 2022 D1080000 		.4byte	.LLST18
 7887 2026 CF080000 		.4byte	.LVUS18
 7888 202a 06       		.uleb128 0x6
 7889 202b 68210000 		.4byte	0x2168
 7890 202f 08000000 		.4byte	.LBI300
 7891 2033 0E       		.byte	.LVU206
 7892 2034 90000000 		.4byte	.LLRL19
 7893 2038 0501     		.2byte	0x105
 7894 203a 08       		.byte	0x8
 7895 203b 94200000 		.4byte	0x2094
 7896 203f 01       		.uleb128 0x1
 7897 2040 81210000 		.4byte	0x2181
 7898 2044 DF080000 		.4byte	.LLST20
 7899 2048 DB080000 		.4byte	.LVUS20
 7900 204c 01       		.uleb128 0x1
 7901 204d 76210000 		.4byte	0x2176
 7902 2051 FB080000 		.4byte	.LLST21
 7903 2055 F9080000 		.4byte	.LVUS21
 7904 2059 14       		.uleb128 0x14
 7905 205a 90000000 		.4byte	.LLRL19
 7906 205e 21       		.uleb128 0x21
 7907 205f DA220000 		.4byte	0x22da
 7908 2063 9C000000 		.4byte	.LBI302
 7909 2067 03       		.byte	.LVU263
 7910 2068 A6000000 		.4byte	.LLRL22
 7911 206c 76200000 		.4byte	0x2076
 7912 2070 23       		.uleb128 0x23
 7913 2071 E6220000 		.4byte	0x22e6
 7914 2075 00       		.byte	0
 7915 2076 22       		.uleb128 0x22
 7916 2077 77230000 		.4byte	0x2377
 7917 207b 94000000 		.4byte	.LBI307
 7918 207f 01       		.byte	.LVU252
 7919 2080 B5000000 		.4byte	.LLRL23
 7920 2084 01       		.uleb128 0x1
 7921 2085 81230000 		.4byte	0x2381
 7922 2089 07090000 		.4byte	.LLST24
ARM GAS  /tmp/ccrfHNBB.s 			page 140


 7923 208d 05090000 		.4byte	.LVUS24
 7924 2091 00       		.byte	0
 7925 2092 00       		.byte	0
 7926 2093 00       		.byte	0
 7927 2094 1F       		.uleb128 0x1f
 7928 2095 93220000 		.4byte	0x2293
 7929 2099 AC000000 		.4byte	.LBI318
 7930 209d 02       		.byte	.LVU279
 7931 209e C1000000 		.4byte	.LLRL25
 7932 20a2 0C01     		.2byte	0x10c
 7933 20a4 01       		.uleb128 0x1
 7934 20a5 AB220000 		.4byte	0x22ab
 7935 20a9 14090000 		.4byte	.LLST26
 7936 20ad 12090000 		.4byte	.LVUS26
 7937 20b1 01       		.uleb128 0x1
 7938 20b2 9F220000 		.4byte	0x229f
 7939 20b6 1F090000 		.4byte	.LLST27
 7940 20ba 1D090000 		.4byte	.LVUS27
 7941 20be 00       		.byte	0
 7942 20bf 00       		.byte	0
 7943 20c0 17       		.uleb128 0x17
 7944 20c1 26220000 		.4byte	0x2226
 7945 20c5 BC000000 		.4byte	.LBI324
 7946 20c9 04       		.byte	.LVU292
 7947 20ca BC000000 		.4byte	.LBB324
 7948 20ce 04000000 		.4byte	.LBE324-.LBB324
 7949 20d2 2E01     		.2byte	0x12e
 7950 20d4 03       		.byte	0x3
 7951 20d5 07       		.uleb128 0x7
 7952 20d6 8D230000 		.4byte	0x238d
 7953 20da BC000000 		.4byte	.LBI326
 7954 20de 0B       		.byte	.LVU299
 7955 20df BC000000 		.4byte	.LBB326
 7956 20e3 04000000 		.4byte	.LBE326-.LBB326
 7957 20e7 03       		.byte	0x3
 7958 20e8 8E01     		.2byte	0x18e
 7959 20ea 03       		.byte	0x3
 7960 20eb 00       		.byte	0
 7961 20ec 00       		.byte	0
 7962 20ed 0F       		.uleb128 0xf
 7963 20ee B8000000 		.4byte	0xb8
 7964 20f2 FD200000 		.4byte	0x20fd
 7965 20f6 10       		.uleb128 0x10
 7966 20f7 2D000000 		.4byte	0x2d
 7967 20fb 13       		.byte	0x13
 7968 20fc 00       		.byte	0
 7969 20fd 0D       		.uleb128 0xd
 7970 20fe ED200000 		.4byte	0x20ed
 7971 2102 3D       		.uleb128 0x3d
 7972 2103 F9090000 		.4byte	.LASF169
 7973 2107 F7       		.byte	0xf7
 7974 2108 DA050000 		.4byte	0x5da
 7975 210c 31210000 		.4byte	0x2131
 7976 2110 1C       		.uleb128 0x1c
 7977 2111 747000   		.ascii	"tp\000"
 7978 2114 01       		.byte	0x1
 7979 2115 F7       		.byte	0xf7
ARM GAS  /tmp/ccrfHNBB.s 			page 141


 7980 2116 2A       		.byte	0x2a
 7981 2117 DA050000 		.4byte	0x5da
 7982 211b 1C       		.uleb128 0x1c
 7983 211c 74647000 		.ascii	"tdp\000"
 7984 2120 01       		.byte	0x1
 7985 2121 F8       		.byte	0xf8
 7986 2122 3B       		.byte	0x3b
 7987 2123 0F1C0000 		.4byte	0x1c0f
 7988 2127 08       		.uleb128 0x8
 7989 2128 A0090000 		.4byte	.LASF133
 7990 212c EA0B0000 		.4byte	0xbea
 7991 2130 00       		.byte	0
 7992 2131 4B       		.uleb128 0x4b
 7993 2132 2F010000 		.4byte	.LASF170
 7994 2136 01       		.byte	0x1
 7995 2137 C7       		.byte	0xc7
 7996 2138 06       		.byte	0x6
 7997 2139 01       		.byte	0x1
 7998 213a 53210000 		.4byte	0x2153
 7999 213e 1C       		.uleb128 0x1c
 8000 213f 747000   		.ascii	"tp\000"
 8001 2142 01       		.byte	0x1
 8002 2143 C7       		.byte	0xc7
 8003 2144 23       		.byte	0x23
 8004 2145 DA050000 		.4byte	0x5da
 8005 2149 08       		.uleb128 0x8
 8006 214a A0090000 		.4byte	.LASF133
 8007 214e 63210000 		.4byte	0x2163
 8008 2152 00       		.byte	0
 8009 2153 0F       		.uleb128 0xf
 8010 2154 B8000000 		.4byte	0xb8
 8011 2158 63210000 		.4byte	0x2163
 8012 215c 10       		.uleb128 0x10
 8013 215d 2D000000 		.4byte	0x2d
 8014 2161 12       		.byte	0x12
 8015 2162 00       		.byte	0
 8016 2163 0D       		.uleb128 0xd
 8017 2164 53210000 		.4byte	0x2153
 8018 2168 3D       		.uleb128 0x3d
 8019 2169 A9090000 		.4byte	.LASF171
 8020 216d 73       		.byte	0x73
 8021 216e DA050000 		.4byte	0x5da
 8022 2172 97210000 		.4byte	0x2197
 8023 2176 1C       		.uleb128 0x1c
 8024 2177 747000   		.ascii	"tp\000"
 8025 217a 01       		.byte	0x1
 8026 217b 73       		.byte	0x73
 8027 217c 25       		.byte	0x25
 8028 217d DA050000 		.4byte	0x5da
 8029 2181 1C       		.uleb128 0x1c
 8030 2182 74647000 		.ascii	"tdp\000"
 8031 2186 01       		.byte	0x1
 8032 2187 74       		.byte	0x74
 8033 2188 36       		.byte	0x36
 8034 2189 0F1C0000 		.4byte	0x1c0f
 8035 218d 08       		.uleb128 0x8
 8036 218e A0090000 		.4byte	.LASF133
ARM GAS  /tmp/ccrfHNBB.s 			page 142


 8037 2192 A7210000 		.4byte	0x21a7
 8038 2196 00       		.byte	0
 8039 2197 0F       		.uleb128 0xf
 8040 2198 B8000000 		.4byte	0xb8
 8041 219c A7210000 		.4byte	0x21a7
 8042 21a0 10       		.uleb128 0x10
 8043 21a1 2D000000 		.4byte	0x2d
 8044 21a5 0F       		.byte	0xf
 8045 21a6 00       		.byte	0
 8046 21a7 0D       		.uleb128 0xd
 8047 21a8 97210000 		.4byte	0x2197
 8048 21ac 2B       		.uleb128 0x2b
 8049 21ad C5070000 		.4byte	.LASF172
 8050 21b1 05       		.byte	0x5
 8051 21b2 9702     		.2byte	0x297
 8052 21b4 E8210000 		.4byte	0x21e8
 8053 21b8 0E       		.uleb128 0xe
 8054 21b9 74717000 		.ascii	"tqp\000"
 8055 21bd 05       		.byte	0x5
 8056 21be 9702     		.2byte	0x297
 8057 21c0 39       		.byte	0x39
 8058 21c1 B6090000 		.4byte	0x9b6
 8059 21c5 0E       		.uleb128 0xe
 8060 21c6 6D736700 		.ascii	"msg\000"
 8061 21ca 05       		.byte	0x5
 8062 21cb 9702     		.2byte	0x297
 8063 21cd 44       		.byte	0x44
 8064 21ce 44010000 		.4byte	0x144
 8065 21d2 2A       		.uleb128 0x2a
 8066 21d3 747000   		.ascii	"tp\000"
 8067 21d6 05       		.byte	0x5
 8068 21d7 9802     		.2byte	0x298
 8069 21d9 0D       		.byte	0xd
 8070 21da DA050000 		.4byte	0x5da
 8071 21de 08       		.uleb128 0x8
 8072 21df A0090000 		.4byte	.LASF133
 8073 21e3 FD200000 		.4byte	0x20fd
 8074 21e7 00       		.byte	0
 8075 21e8 2B       		.uleb128 0x2b
 8076 21e9 43080000 		.4byte	.LASF173
 8077 21ed 05       		.byte	0x5
 8078 21ee 7402     		.2byte	0x274
 8079 21f0 0B220000 		.4byte	0x220b
 8080 21f4 30       		.uleb128 0x30
 8081 21f5 17040000 		.4byte	.LASF174
 8082 21f9 05       		.byte	0x5
 8083 21fa 7402     		.2byte	0x274
 8084 21fc 2E       		.byte	0x2e
 8085 21fd 8E030000 		.4byte	0x38e
 8086 2201 08       		.uleb128 0x8
 8087 2202 A0090000 		.4byte	.LASF133
 8088 2206 85180000 		.4byte	0x1885
 8089 220a 00       		.byte	0
 8090 220b 4C       		.uleb128 0x4c
 8091 220c 14030000 		.4byte	.LASF175
 8092 2210 05       		.byte	0x5
 8093 2211 0E02     		.2byte	0x20e
ARM GAS  /tmp/ccrfHNBB.s 			page 143


 8094 2213 19       		.byte	0x19
 8095 2214 DA050000 		.4byte	0x5da
 8096 2218 03       		.byte	0x3
 8097 2219 4D       		.uleb128 0x4d
 8098 221a C5000000 		.4byte	.LASF176
 8099 221e 06       		.byte	0x6
 8100 221f 86       		.byte	0x86
 8101 2220 19       		.byte	0x19
 8102 2221 7D030000 		.4byte	0x37d
 8103 2225 03       		.byte	0x3
 8104 2226 2B       		.uleb128 0x2b
 8105 2227 03030000 		.4byte	.LASF177
 8106 222b 03       		.byte	0x3
 8107 222c 8101     		.2byte	0x181
 8108 222e 3C220000 		.4byte	0x223c
 8109 2232 08       		.uleb128 0x8
 8110 2233 A0090000 		.4byte	.LASF133
 8111 2237 85180000 		.4byte	0x1885
 8112 223b 00       		.byte	0
 8113 223c 34       		.uleb128 0x34
 8114 223d FE030000 		.4byte	.LASF187
 8115 2241 03       		.byte	0x3
 8116 2242 7301     		.2byte	0x173
 8117 2244 24       		.uleb128 0x24
 8118 2245 B4020000 		.4byte	.LASF178
 8119 2249 02       		.byte	0x2
 8120 224a 7E01     		.2byte	0x17e
 8121 224c 1B       		.byte	0x1b
 8122 224d D5040000 		.4byte	0x4d5
 8123 2251 61220000 		.4byte	0x2261
 8124 2255 0E       		.uleb128 0xe
 8125 2256 7000     		.ascii	"p\000"
 8126 2258 02       		.byte	0x2
 8127 2259 7E01     		.2byte	0x17e
 8128 225b 38       		.byte	0x38
 8129 225c D5040000 		.4byte	0x4d5
 8130 2260 00       		.byte	0
 8131 2261 24       		.uleb128 0x24
 8132 2262 30040000 		.4byte	.LASF179
 8133 2266 02       		.byte	0x2
 8134 2267 5501     		.2byte	0x155
 8135 2269 1B       		.byte	0x1b
 8136 226a D5040000 		.4byte	0x4d5
 8137 226e 93220000 		.4byte	0x2293
 8138 2272 0E       		.uleb128 0xe
 8139 2273 717000   		.ascii	"qp\000"
 8140 2276 02       		.byte	0x2
 8141 2277 5501     		.2byte	0x155
 8142 2279 3C       		.byte	0x3c
 8143 227a D5040000 		.4byte	0x4d5
 8144 227e 08       		.uleb128 0x8
 8145 227f A0090000 		.4byte	.LASF133
 8146 2283 EA0B0000 		.4byte	0xbea
 8147 2287 2A       		.uleb128 0x2a
 8148 2288 7000     		.ascii	"p\000"
 8149 228a 02       		.byte	0x2
 8150 228b 5901     		.2byte	0x159
ARM GAS  /tmp/ccrfHNBB.s 			page 144


 8151 228d 0F       		.byte	0xf
 8152 228e D5040000 		.4byte	0x4d5
 8153 2292 00       		.byte	0
 8154 2293 2B       		.uleb128 0x2b
 8155 2294 68010000 		.4byte	.LASF180
 8156 2298 02       		.byte	0x2
 8157 2299 4301     		.2byte	0x143
 8158 229b B7220000 		.4byte	0x22b7
 8159 229f 0E       		.uleb128 0xe
 8160 22a0 717000   		.ascii	"qp\000"
 8161 22a3 02       		.byte	0x2
 8162 22a4 4301     		.2byte	0x143
 8163 22a6 30       		.byte	0x30
 8164 22a7 D5040000 		.4byte	0x4d5
 8165 22ab 0E       		.uleb128 0xe
 8166 22ac 7000     		.ascii	"p\000"
 8167 22ae 02       		.byte	0x2
 8168 22af 4301     		.2byte	0x143
 8169 22b1 40       		.byte	0x40
 8170 22b2 D5040000 		.4byte	0x4d5
 8171 22b6 00       		.byte	0
 8172 22b7 24       		.uleb128 0x24
 8173 22b8 6B070000 		.4byte	.LASF181
 8174 22bc 02       		.byte	0x2
 8175 22bd 3601     		.2byte	0x136
 8176 22bf 14       		.byte	0x14
 8177 22c0 6A080000 		.4byte	0x86a
 8178 22c4 D5220000 		.4byte	0x22d5
 8179 22c8 0E       		.uleb128 0xe
 8180 22c9 717000   		.ascii	"qp\000"
 8181 22cc 02       		.byte	0x2
 8182 22cd 3601     		.2byte	0x136
 8183 22cf 38       		.byte	0x38
 8184 22d0 D5220000 		.4byte	0x22d5
 8185 22d4 00       		.byte	0
 8186 22d5 0B       		.uleb128 0xb
 8187 22d6 A8040000 		.4byte	0x4a8
 8188 22da 2B       		.uleb128 0x2b
 8189 22db 67080000 		.4byte	.LASF182
 8190 22df 02       		.byte	0x2
 8191 22e0 1B01     		.2byte	0x11b
 8192 22e2 F3220000 		.4byte	0x22f3
 8193 22e6 0E       		.uleb128 0xe
 8194 22e7 717000   		.ascii	"qp\000"
 8195 22ea 02       		.byte	0x2
 8196 22eb 1B01     		.2byte	0x11b
 8197 22ed 2E       		.byte	0x2e
 8198 22ee D5040000 		.4byte	0x4d5
 8199 22f2 00       		.byte	0
 8200 22f3 24       		.uleb128 0x24
 8201 22f4 08040000 		.4byte	.LASF183
 8202 22f8 02       		.byte	0x2
 8203 22f9 0A01     		.2byte	0x10a
 8204 22fb 1A       		.byte	0x1a
 8205 22fc 97040000 		.4byte	0x497
 8206 2300 25230000 		.4byte	0x2325
 8207 2304 0E       		.uleb128 0xe
ARM GAS  /tmp/ccrfHNBB.s 			page 145


 8208 2305 6C7000   		.ascii	"lp\000"
 8209 2308 02       		.byte	0x2
 8210 2309 0A01     		.2byte	0x10a
 8211 230b 34       		.byte	0x34
 8212 230c 97040000 		.4byte	0x497
 8213 2310 08       		.uleb128 0x8
 8214 2311 A0090000 		.4byte	.LASF133
 8215 2315 35230000 		.4byte	0x2335
 8216 2319 2A       		.uleb128 0x2a
 8217 231a 7000     		.ascii	"p\000"
 8218 231c 02       		.byte	0x2
 8219 231d 0E01     		.2byte	0x10e
 8220 231f 0E       		.byte	0xe
 8221 2320 97040000 		.4byte	0x497
 8222 2324 00       		.byte	0
 8223 2325 0F       		.uleb128 0xf
 8224 2326 B8000000 		.4byte	0xb8
 8225 232a 35230000 		.4byte	0x2335
 8226 232e 10       		.uleb128 0x10
 8227 232f 2D000000 		.4byte	0x2d
 8228 2333 0E       		.byte	0xe
 8229 2334 00       		.byte	0
 8230 2335 0D       		.uleb128 0xd
 8231 2336 25230000 		.4byte	0x2325
 8232 233a 3E       		.uleb128 0x3e
 8233 233b E0000000 		.4byte	.LASF184
 8234 233f FB       		.byte	0xfb
 8235 2340 5A230000 		.4byte	0x235a
 8236 2344 1C       		.uleb128 0x1c
 8237 2345 6C7000   		.ascii	"lp\000"
 8238 2348 02       		.byte	0x2
 8239 2349 FB       		.byte	0xfb
 8240 234a 2C       		.byte	0x2c
 8241 234b 97040000 		.4byte	0x497
 8242 234f 1C       		.uleb128 0x1c
 8243 2350 7000     		.ascii	"p\000"
 8244 2352 02       		.byte	0x2
 8245 2353 FB       		.byte	0xfb
 8246 2354 3B       		.byte	0x3b
 8247 2355 97040000 		.4byte	0x497
 8248 2359 00       		.byte	0
 8249 235a 4E       		.uleb128 0x4e
 8250 235b FC050000 		.4byte	.LASF185
 8251 235f 02       		.byte	0x2
 8252 2360 EE       		.byte	0xee
 8253 2361 14       		.byte	0x14
 8254 2362 6A080000 		.4byte	0x86a
 8255 2366 03       		.byte	0x3
 8256 2367 77230000 		.4byte	0x2377
 8257 236b 1C       		.uleb128 0x1c
 8258 236c 6C7000   		.ascii	"lp\000"
 8259 236f 02       		.byte	0x2
 8260 2370 EE       		.byte	0xee
 8261 2371 30       		.byte	0x30
 8262 2372 97040000 		.4byte	0x497
 8263 2376 00       		.byte	0
 8264 2377 3E       		.uleb128 0x3e
ARM GAS  /tmp/ccrfHNBB.s 			page 146


 8265 2378 34000000 		.4byte	.LASF186
 8266 237c D4       		.byte	0xd4
 8267 237d 8D230000 		.4byte	0x238d
 8268 2381 1C       		.uleb128 0x1c
 8269 2382 6C7000   		.ascii	"lp\000"
 8270 2385 02       		.byte	0x2
 8271 2386 D4       		.byte	0xd4
 8272 2387 2C       		.byte	0x2c
 8273 2388 97040000 		.4byte	0x497
 8274 238c 00       		.byte	0
 8275 238d 34       		.uleb128 0x34
 8276 238e CA090000 		.4byte	.LASF188
 8277 2392 04       		.byte	0x4
 8278 2393 EF02     		.2byte	0x2ef
 8279 2395 34       		.uleb128 0x34
 8280 2396 03010000 		.4byte	.LASF189
 8281 239a 04       		.byte	0x4
 8282 239b E302     		.2byte	0x2e3
 8283 239d 24       		.uleb128 0x24
 8284 239e 0D060000 		.4byte	.LASF190
 8285 23a2 07       		.byte	0x7
 8286 23a3 E301     		.2byte	0x1e3
 8287 23a5 14       		.byte	0x14
 8288 23a6 6A080000 		.4byte	0x86a
 8289 23aa D6230000 		.4byte	0x23d6
 8290 23ae 30       		.uleb128 0x30
 8291 23af 0F030000 		.4byte	.LASF142
 8292 23b3 07       		.byte	0x7
 8293 23b4 E301     		.2byte	0x1e3
 8294 23b6 2F       		.byte	0x2f
 8295 23b7 7D030000 		.4byte	0x37d
 8296 23bb 30       		.uleb128 0x30
 8297 23bc B1070000 		.4byte	.LASF191
 8298 23c0 07       		.byte	0x7
 8299 23c1 E401     		.2byte	0x1e4
 8300 23c3 2F       		.byte	0x2f
 8301 23c4 7D030000 		.4byte	0x37d
 8302 23c8 0E       		.uleb128 0xe
 8303 23c9 656E6400 		.ascii	"end\000"
 8304 23cd 07       		.byte	0x7
 8305 23ce E501     		.2byte	0x1e5
 8306 23d0 2F       		.byte	0x2f
 8307 23d1 7D030000 		.4byte	0x37d
 8308 23d5 00       		.byte	0
 8309 23d6 24       		.uleb128 0x24
 8310 23d7 BF050000 		.4byte	.LASF192
 8311 23db 07       		.byte	0x7
 8312 23dc CC01     		.2byte	0x1cc
 8313 23de 1D       		.byte	0x1d
 8314 23df 8E030000 		.4byte	0x38e
 8315 23e3 02240000 		.4byte	0x2402
 8316 23e7 30       		.uleb128 0x30
 8317 23e8 B1070000 		.4byte	.LASF191
 8318 23ec 07       		.byte	0x7
 8319 23ed CC01     		.2byte	0x1cc
 8320 23ef 33       		.byte	0x33
 8321 23f0 7D030000 		.4byte	0x37d
ARM GAS  /tmp/ccrfHNBB.s 			page 147


 8322 23f4 0E       		.uleb128 0xe
 8323 23f5 656E6400 		.ascii	"end\000"
 8324 23f9 07       		.byte	0x7
 8325 23fa CC01     		.2byte	0x1cc
 8326 23fc 44       		.byte	0x44
 8327 23fd 7D030000 		.4byte	0x37d
 8328 2401 00       		.byte	0
 8329 2402 25       		.uleb128 0x25
 8330 2403 68210000 		.4byte	0x2168
 8331 2407 00000000 		.4byte	.LFB207
 8332 240b 7C000000 		.4byte	.LFE207-.LFB207
 8333 240f 01       		.uleb128 0x1
 8334 2410 9C       		.byte	0x9c
 8335 2411 5E240000 		.4byte	0x245e
 8336 2415 35       		.uleb128 0x35
 8337 2416 76210000 		.4byte	0x2176
 8338 241a 01       		.uleb128 0x1
 8339 241b 50       		.byte	0x50
 8340 241c 01       		.uleb128 0x1
 8341 241d 81210000 		.4byte	0x2181
 8342 2421 2C090000 		.4byte	.LLST0
 8343 2425 28090000 		.4byte	.LVUS0
 8344 2429 21       		.uleb128 0x21
 8345 242a DA220000 		.4byte	0x22da
 8346 242e 78000000 		.4byte	.LBI230
 8347 2432 0C       		.byte	.LVU51
 8348 2433 0C000000 		.4byte	.LLRL1
 8349 2437 41240000 		.4byte	0x2441
 8350 243b 23       		.uleb128 0x23
 8351 243c E6220000 		.4byte	0x22e6
 8352 2440 00       		.byte	0
 8353 2441 22       		.uleb128 0x22
 8354 2442 77230000 		.4byte	0x2377
 8355 2446 78000000 		.4byte	.LBI233
 8356 244a 03       		.byte	.LVU42
 8357 244b 18000000 		.4byte	.LLRL2
 8358 244f 01       		.uleb128 0x1
 8359 2450 81230000 		.4byte	0x2381
 8360 2454 47090000 		.4byte	.LLST3
 8361 2458 45090000 		.4byte	.LVUS3
 8362 245c 00       		.byte	0
 8363 245d 00       		.byte	0
 8364 245e 25       		.uleb128 0x25
 8365 245f 31210000 		.4byte	0x2131
 8366 2463 00000000 		.4byte	.LFB208
 8367 2467 04000000 		.4byte	.LFE208-.LFB208
 8368 246b 01       		.uleb128 0x1
 8369 246c 9C       		.byte	0x9c
 8370 246d 79240000 		.4byte	0x2479
 8371 2471 35       		.uleb128 0x35
 8372 2472 3E210000 		.4byte	0x213e
 8373 2476 01       		.uleb128 0x1
 8374 2477 50       		.byte	0x50
 8375 2478 00       		.byte	0
 8376 2479 25       		.uleb128 0x25
 8377 247a 02210000 		.4byte	0x2102
 8378 247e 00000000 		.4byte	.LFB209
ARM GAS  /tmp/ccrfHNBB.s 			page 148


 8379 2482 C0000000 		.4byte	.LFE209-.LFB209
 8380 2486 01       		.uleb128 0x1
 8381 2487 9C       		.byte	0x9c
 8382 2488 36250000 		.4byte	0x2536
 8383 248c 35       		.uleb128 0x35
 8384 248d 10210000 		.4byte	0x2110
 8385 2491 01       		.uleb128 0x1
 8386 2492 50       		.byte	0x50
 8387 2493 01       		.uleb128 0x1
 8388 2494 1B210000 		.4byte	0x211b
 8389 2498 56090000 		.4byte	.LLST4
 8390 249c 52090000 		.4byte	.LVUS4
 8391 24a0 06       		.uleb128 0x6
 8392 24a1 68210000 		.4byte	0x2168
 8393 24a5 0C000000 		.4byte	.LBI248
 8394 24a9 01       		.byte	.LVU94
 8395 24aa 24000000 		.4byte	.LLRL5
 8396 24ae 0501     		.2byte	0x105
 8397 24b0 08       		.byte	0x8
 8398 24b1 0A250000 		.4byte	0x250a
 8399 24b5 01       		.uleb128 0x1
 8400 24b6 81210000 		.4byte	0x2181
 8401 24ba 74090000 		.4byte	.LLST6
 8402 24be 72090000 		.4byte	.LVUS6
 8403 24c2 01       		.uleb128 0x1
 8404 24c3 76210000 		.4byte	0x2176
 8405 24c7 80090000 		.4byte	.LLST7
 8406 24cb 7E090000 		.4byte	.LVUS7
 8407 24cf 14       		.uleb128 0x14
 8408 24d0 3F000000 		.4byte	.LLRL8
 8409 24d4 21       		.uleb128 0x21
 8410 24d5 DA220000 		.4byte	0x22da
 8411 24d9 90000000 		.4byte	.LBI250
 8412 24dd 0C       		.byte	.LVU148
 8413 24de 5D000000 		.4byte	.LLRL9
 8414 24e2 EC240000 		.4byte	0x24ec
 8415 24e6 23       		.uleb128 0x23
 8416 24e7 E6220000 		.4byte	0x22e6
 8417 24eb 00       		.byte	0
 8418 24ec 22       		.uleb128 0x22
 8419 24ed 77230000 		.4byte	0x2377
 8420 24f1 90000000 		.4byte	.LBI255
 8421 24f5 03       		.byte	.LVU139
 8422 24f6 6C000000 		.4byte	.LLRL10
 8423 24fa 01       		.uleb128 0x1
 8424 24fb 81230000 		.4byte	0x2381
 8425 24ff 8C090000 		.4byte	.LLST11
 8426 2503 8A090000 		.4byte	.LVUS11
 8427 2507 00       		.byte	0
 8428 2508 00       		.byte	0
 8429 2509 00       		.byte	0
 8430 250a 1F       		.uleb128 0x1f
 8431 250b 93220000 		.4byte	0x2293
 8432 250f B0000000 		.4byte	.LBI271
 8433 2513 00       		.byte	.LVU169
 8434 2514 78000000 		.4byte	.LLRL12
 8435 2518 0C01     		.2byte	0x10c
ARM GAS  /tmp/ccrfHNBB.s 			page 149


 8436 251a 01       		.uleb128 0x1
 8437 251b AB220000 		.4byte	0x22ab
 8438 251f 99090000 		.4byte	.LLST13
 8439 2523 97090000 		.4byte	.LVUS13
 8440 2527 01       		.uleb128 0x1
 8441 2528 9F220000 		.4byte	0x229f
 8442 252c AC090000 		.4byte	.LLST14
 8443 2530 A2090000 		.4byte	.LVUS14
 8444 2534 00       		.byte	0
 8445 2535 00       		.byte	0
 8446 2536 25       		.uleb128 0x25
 8447 2537 E21D0000 		.4byte	0x1de2
 8448 253b 00000000 		.4byte	.LFB213
 8449 253f C4000000 		.4byte	.LFE213-.LFB213
 8450 2543 01       		.uleb128 0x1
 8451 2544 9C       		.byte	0x9c
 8452 2545 0B260000 		.4byte	0x260b
 8453 2549 01       		.uleb128 0x1
 8454 254a F41D0000 		.4byte	0x1df4
 8455 254e D5090000 		.4byte	.LLST33
 8456 2552 D1090000 		.4byte	.LVUS33
 8457 2556 11       		.uleb128 0x11
 8458 2557 011E0000 		.4byte	0x1e01
 8459 255b F3090000 		.4byte	.LLST34
 8460 255f EF090000 		.4byte	.LVUS34
 8461 2563 4F       		.uleb128 0x4f
 8462 2564 0D1E0000 		.4byte	0x1e0d
 8463 2568 11       		.uleb128 0x11
 8464 2569 191E0000 		.4byte	0x1e19
 8465 256d 0A0A0000 		.4byte	.LLST35
 8466 2571 060A0000 		.4byte	.LVUS35
 8467 2575 06       		.uleb128 0x6
 8468 2576 68210000 		.4byte	0x2168
 8469 257a 38000000 		.4byte	.LBI348
 8470 257e 05       		.byte	.LVU369
 8471 257f D9000000 		.4byte	.LLRL36
 8472 2583 9601     		.2byte	0x196
 8473 2585 08       		.byte	0x8
 8474 2586 DF250000 		.4byte	0x25df
 8475 258a 01       		.uleb128 0x1
 8476 258b 81210000 		.4byte	0x2181
 8477 258f 240A0000 		.4byte	.LLST37
 8478 2593 200A0000 		.4byte	.LVUS37
 8479 2597 01       		.uleb128 0x1
 8480 2598 76210000 		.4byte	0x2176
 8481 259c 3F0A0000 		.4byte	.LLST38
 8482 25a0 3D0A0000 		.4byte	.LVUS38
 8483 25a4 14       		.uleb128 0x14
 8484 25a5 D9000000 		.4byte	.LLRL36
 8485 25a9 21       		.uleb128 0x21
 8486 25aa DA220000 		.4byte	0x22da
 8487 25ae AC000000 		.4byte	.LBI350
 8488 25b2 0C       		.byte	.LVU418
 8489 25b3 F6000000 		.4byte	.LLRL39
 8490 25b7 C1250000 		.4byte	0x25c1
 8491 25bb 23       		.uleb128 0x23
 8492 25bc E6220000 		.4byte	0x22e6
ARM GAS  /tmp/ccrfHNBB.s 			page 150


 8493 25c0 00       		.byte	0
 8494 25c1 22       		.uleb128 0x22
 8495 25c2 77230000 		.4byte	0x2377
 8496 25c6 AC000000 		.4byte	.LBI353
 8497 25ca 03       		.byte	.LVU409
 8498 25cb 02010000 		.4byte	.LLRL40
 8499 25cf 01       		.uleb128 0x1
 8500 25d0 81230000 		.4byte	0x2381
 8501 25d4 4D0A0000 		.4byte	.LLST41
 8502 25d8 4B0A0000 		.4byte	.LVUS41
 8503 25dc 00       		.byte	0
 8504 25dd 00       		.byte	0
 8505 25de 00       		.byte	0
 8506 25df 1F       		.uleb128 0x1f
 8507 25e0 93220000 		.4byte	0x2293
 8508 25e4 AC000000 		.4byte	.LBI369
 8509 25e8 1C       		.byte	.LVU434
 8510 25e9 0E010000 		.4byte	.LLRL42
 8511 25ed 9C01     		.2byte	0x19c
 8512 25ef 01       		.uleb128 0x1
 8513 25f0 AB220000 		.4byte	0x22ab
 8514 25f4 580A0000 		.4byte	.LLST43
 8515 25f8 560A0000 		.4byte	.LVUS43
 8516 25fc 01       		.uleb128 0x1
 8517 25fd 9F220000 		.4byte	0x229f
 8518 2601 630A0000 		.4byte	.LLST44
 8519 2605 610A0000 		.4byte	.LVUS44
 8520 2609 00       		.byte	0
 8521 260a 00       		.byte	0
 8522 260b 25       		.uleb128 0x25
 8523 260c C6170000 		.4byte	0x17c6
 8524 2610 00000000 		.4byte	.LFB220
 8525 2614 50000000 		.4byte	.LFE220-.LFB220
 8526 2618 01       		.uleb128 0x1
 8527 2619 9C       		.byte	0x9c
 8528 261a 1D270000 		.4byte	0x271d
 8529 261e 01       		.uleb128 0x1
 8530 261f D1170000 		.4byte	0x17d1
 8531 2623 700A0000 		.4byte	.LLST84
 8532 2627 6C0A0000 		.4byte	.LVUS84
 8533 262b 05       		.uleb128 0x5
 8534 262c 3C220000 		.4byte	0x223c
 8535 2630 00000000 		.4byte	.LBI551
 8536 2634 02       		.byte	.LVU801
 8537 2635 00000000 		.4byte	.LBB551
 8538 2639 04000000 		.4byte	.LBE551-.LBB551
 8539 263d 01       		.byte	0x1
 8540 263e 8702     		.2byte	0x287
 8541 2640 03       		.byte	0x3
 8542 2641 5C260000 		.4byte	0x265c
 8543 2645 07       		.uleb128 0x7
 8544 2646 95230000 		.4byte	0x2395
 8545 264a 00000000 		.4byte	.LBI552
 8546 264e 04       		.byte	.LVU803
 8547 264f 00000000 		.4byte	.LBB552
 8548 2653 04000000 		.4byte	.LBE552-.LBB552
 8549 2657 03       		.byte	0x3
ARM GAS  /tmp/ccrfHNBB.s 			page 151


 8550 2658 7501     		.2byte	0x175
 8551 265a 03       		.byte	0x3
 8552 265b 00       		.byte	0
 8553 265c 05       		.uleb128 0x5
 8554 265d 26220000 		.4byte	0x2226
 8555 2661 24000000 		.4byte	.LBI554
 8556 2665 01       		.byte	.LVU816
 8557 2666 24000000 		.4byte	.LBB554
 8558 266a 04000000 		.4byte	.LBE554-.LBB554
 8559 266e 01       		.byte	0x1
 8560 266f 9D02     		.2byte	0x29d
 8561 2671 03       		.byte	0x3
 8562 2672 8D260000 		.4byte	0x268d
 8563 2676 07       		.uleb128 0x7
 8564 2677 8D230000 		.4byte	0x238d
 8565 267b 24000000 		.4byte	.LBI556
 8566 267f 08       		.byte	.LVU823
 8567 2680 24000000 		.4byte	.LBB556
 8568 2684 04000000 		.4byte	.LBE556-.LBB556
 8569 2688 03       		.byte	0x3
 8570 2689 8E01     		.2byte	0x18e
 8571 268b 03       		.byte	0x3
 8572 268c 00       		.byte	0
 8573 268d 17       		.uleb128 0x17
 8574 268e C6170000 		.4byte	0x17c6
 8575 2692 2C000000 		.4byte	.LBI558
 8576 2696 00       		.byte	.LVU826
 8577 2697 2C000000 		.4byte	.LBB558
 8578 269b 24000000 		.4byte	.LBE558-.LBB558
 8579 269f 8502     		.2byte	0x285
 8580 26a1 06       		.byte	0x6
 8581 26a2 01       		.uleb128 0x1
 8582 26a3 D1170000 		.4byte	0x17d1
 8583 26a7 8D0A0000 		.4byte	.LLST85
 8584 26ab 890A0000 		.4byte	.LVUS85
 8585 26af 05       		.uleb128 0x5
 8586 26b0 44220000 		.4byte	0x2244
 8587 26b4 2C000000 		.4byte	.LBI560
 8588 26b8 02       		.byte	.LVU828
 8589 26b9 2C000000 		.4byte	.LBB560
 8590 26bd 10000000 		.4byte	.LBE560-.LBB560
 8591 26c1 01       		.byte	0x1
 8592 26c2 9102     		.2byte	0x291
 8593 26c4 05       		.byte	0x5
 8594 26c5 D7260000 		.4byte	0x26d7
 8595 26c9 01       		.uleb128 0x1
 8596 26ca 55220000 		.4byte	0x2255
 8597 26ce A80A0000 		.4byte	.LLST86
 8598 26d2 A60A0000 		.4byte	.LVUS86
 8599 26d6 00       		.byte	0
 8600 26d7 05       		.uleb128 0x5
 8601 26d8 26220000 		.4byte	0x2226
 8602 26dc 3C000000 		.4byte	.LBI562
 8603 26e0 03       		.byte	.LVU838
 8604 26e1 3C000000 		.4byte	.LBB562
 8605 26e5 04000000 		.4byte	.LBE562-.LBB562
 8606 26e9 01       		.byte	0x1
ARM GAS  /tmp/ccrfHNBB.s 			page 152


 8607 26ea 9202     		.2byte	0x292
 8608 26ec 05       		.byte	0x5
 8609 26ed 08270000 		.4byte	0x2708
 8610 26f1 07       		.uleb128 0x7
 8611 26f2 8D230000 		.4byte	0x238d
 8612 26f6 3C000000 		.4byte	.LBI564
 8613 26fa 0A       		.byte	.LVU845
 8614 26fb 3C000000 		.4byte	.LBB564
 8615 26ff 04000000 		.4byte	.LBE564-.LBB564
 8616 2703 03       		.byte	0x3
 8617 2704 8E01     		.2byte	0x18e
 8618 2706 03       		.byte	0x3
 8619 2707 00       		.byte	0
 8620 2708 50       		.uleb128 0x50
 8621 2709 50000000 		.4byte	.LVL63
 8622 270d 04       		.uleb128 0x4
 8623 270e 01       		.uleb128 0x1
 8624 270f 50       		.byte	0x50
 8625 2710 09       		.uleb128 0x9
 8626 2711 A3       		.byte	0xa3
 8627 2712 03       		.uleb128 0x3
 8628 2713 A5       		.byte	0xa5
 8629 2714 00       		.uleb128 0
 8630 2715 26       		.uleb128 0x26
 8631 2716 A8       		.byte	0xa8
 8632 2717 2D       		.uleb128 0x2d
 8633 2718 A8       		.byte	0xa8
 8634 2719 00       		.uleb128 0
 8635 271a 00       		.byte	0
 8636 271b 00       		.byte	0
 8637 271c 00       		.byte	0
 8638 271d 25       		.uleb128 0x25
 8639 271e 43160000 		.4byte	0x1643
 8640 2722 00000000 		.4byte	.LFB222
 8641 2726 88000000 		.4byte	.LFE222-.LFB222
 8642 272a 01       		.uleb128 0x1
 8643 272b 9C       		.byte	0x9c
 8644 272c 04280000 		.4byte	0x2804
 8645 2730 01       		.uleb128 0x1
 8646 2731 4E160000 		.4byte	0x164e
 8647 2735 B70A0000 		.4byte	.LLST99
 8648 2739 B30A0000 		.4byte	.LVUS99
 8649 273d 11       		.uleb128 0x11
 8650 273e 5B160000 		.4byte	0x165b
 8651 2742 D50A0000 		.4byte	.LLST100
 8652 2746 D10A0000 		.4byte	.LVUS100
 8653 274a 0C       		.uleb128 0xc
 8654 274b 0B220000 		.4byte	0x220b
 8655 274f 00000000 		.4byte	.LBI607
 8656 2753 02       		.byte	.LVU927
 8657 2754 24020000 		.4byte	.LLRL101
 8658 2758 01       		.byte	0x1
 8659 2759 C802     		.2byte	0x2c8
 8660 275b 16       		.byte	0x16
 8661 275c 06       		.uleb128 0x6
 8662 275d 5A230000 		.4byte	0x235a
 8663 2761 20000000 		.4byte	.LBI611
ARM GAS  /tmp/ccrfHNBB.s 			page 153


 8664 2765 05       		.byte	.LVU943
 8665 2766 30020000 		.4byte	.LLRL102
 8666 276a D202     		.2byte	0x2d2
 8667 276c 0A       		.byte	0xa
 8668 276d 7F270000 		.4byte	0x277f
 8669 2771 01       		.uleb128 0x1
 8670 2772 6B230000 		.4byte	0x236b
 8671 2776 E90A0000 		.4byte	.LLST103
 8672 277a E50A0000 		.4byte	.LVUS103
 8673 277e 00       		.byte	0
 8674 277f 06       		.uleb128 0x6
 8675 2780 F3220000 		.4byte	0x22f3
 8676 2784 3C000000 		.4byte	.LBI616
 8677 2788 01       		.byte	.LVU953
 8678 2789 3F020000 		.4byte	.LLRL104
 8679 278d D302     		.2byte	0x2d3
 8680 278f 18       		.byte	0x18
 8681 2790 B5270000 		.4byte	0x27b5
 8682 2794 01       		.uleb128 0x1
 8683 2795 04230000 		.4byte	0x2304
 8684 2799 FB0A0000 		.4byte	.LLST105
 8685 279d F90A0000 		.4byte	.LVUS105
 8686 27a1 14       		.uleb128 0x14
 8687 27a2 3F020000 		.4byte	.LLRL104
 8688 27a6 11       		.uleb128 0x11
 8689 27a7 19230000 		.4byte	0x2319
 8690 27ab 060B0000 		.4byte	.LLST106
 8691 27af 040B0000 		.4byte	.LVUS106
 8692 27b3 00       		.byte	0
 8693 27b4 00       		.byte	0
 8694 27b5 06       		.uleb128 0x6
 8695 27b6 44220000 		.4byte	0x2244
 8696 27ba 70000000 		.4byte	.LBI621
 8697 27be 01       		.byte	.LVU978
 8698 27bf 4B020000 		.4byte	.LLRL107
 8699 27c3 DD02     		.2byte	0x2dd
 8700 27c5 07       		.byte	0x7
 8701 27c6 D8270000 		.4byte	0x27d8
 8702 27ca 01       		.uleb128 0x1
 8703 27cb 55220000 		.4byte	0x2255
 8704 27cf 110B0000 		.4byte	.LLST108
 8705 27d3 0F0B0000 		.4byte	.LVUS108
 8706 27d7 00       		.byte	0
 8707 27d8 3C       		.uleb128 0x3c
 8708 27d9 3C000000 		.4byte	.LVL83
 8709 27dd 97080000 		.4byte	0x897
 8710 27e1 EB270000 		.4byte	0x27eb
 8711 27e5 04       		.uleb128 0x4
 8712 27e6 01       		.uleb128 0x1
 8713 27e7 50       		.byte	0x50
 8714 27e8 01       		.uleb128 0x1
 8715 27e9 3F       		.byte	0x3f
 8716 27ea 00       		.byte	0
 8717 27eb 27       		.uleb128 0x27
 8718 27ec 4C000000 		.4byte	.LVL85
 8719 27f0 BC080000 		.4byte	0x8bc
 8720 27f4 28       		.uleb128 0x28
ARM GAS  /tmp/ccrfHNBB.s 			page 154


 8721 27f5 88000000 		.4byte	.LVL90
 8722 27f9 97080000 		.4byte	0x897
 8723 27fd 04       		.uleb128 0x4
 8724 27fe 01       		.uleb128 0x1
 8725 27ff 50       		.byte	0x50
 8726 2800 01       		.uleb128 0x1
 8727 2801 3F       		.byte	0x3f
 8728 2802 00       		.byte	0
 8729 2803 00       		.byte	0
 8730 2804 51       		.uleb128 0x51
 8731 2805 EB0C0000 		.4byte	0xceb
 8732 2809 00000000 		.4byte	.LFB233
 8733 280d 1C000000 		.4byte	.LFE233-.LFB233
 8734 2811 01       		.uleb128 0x1
 8735 2812 9C       		.byte	0x9c
 8736 2813 01       		.uleb128 0x1
 8737 2814 F60C0000 		.4byte	0xcf6
 8738 2818 220B0000 		.4byte	.LLST158
 8739 281c 1C0B0000 		.4byte	.LVUS158
 8740 2820 01       		.uleb128 0x1
 8741 2821 030D0000 		.4byte	0xd03
 8742 2825 440B0000 		.4byte	.LLST159
 8743 2829 400B0000 		.4byte	.LVUS159
 8744 282d 52       		.uleb128 0x52
 8745 282e 190D0000 		.4byte	0xd19
 8746 2832 10000000 		.4byte	.LBB793
 8747 2836 0C000000 		.4byte	.LBE793-.LBB793
 8748 283a 11       		.uleb128 0x11
 8749 283b 1A0D0000 		.4byte	0xd1a
 8750 283f 5F0B0000 		.4byte	.LLST160
 8751 2843 5D0B0000 		.4byte	.LVUS160
 8752 2847 00       		.byte	0
 8753 2848 00       		.byte	0
 8754 2849 00       		.byte	0
 8755              		.section	.debug_abbrev,"",%progbits
 8756              	.Ldebug_abbrev0:
 8757 0000 01       		.uleb128 0x1
 8758 0001 05       		.uleb128 0x5
 8759 0002 00       		.byte	0
 8760 0003 31       		.uleb128 0x31
 8761 0004 13       		.uleb128 0x13
 8762 0005 02       		.uleb128 0x2
 8763 0006 17       		.uleb128 0x17
 8764 0007 B742     		.uleb128 0x2137
 8765 0009 17       		.uleb128 0x17
 8766 000a 00       		.byte	0
 8767 000b 00       		.byte	0
 8768 000c 02       		.uleb128 0x2
 8769 000d 16       		.uleb128 0x16
 8770 000e 00       		.byte	0
 8771 000f 03       		.uleb128 0x3
 8772 0010 0E       		.uleb128 0xe
 8773 0011 3A       		.uleb128 0x3a
 8774 0012 0B       		.uleb128 0xb
 8775 0013 3B       		.uleb128 0x3b
 8776 0014 0B       		.uleb128 0xb
 8777 0015 39       		.uleb128 0x39
ARM GAS  /tmp/ccrfHNBB.s 			page 155


 8778 0016 0B       		.uleb128 0xb
 8779 0017 49       		.uleb128 0x49
 8780 0018 13       		.uleb128 0x13
 8781 0019 00       		.byte	0
 8782 001a 00       		.byte	0
 8783 001b 03       		.uleb128 0x3
 8784 001c 0D       		.uleb128 0xd
 8785 001d 00       		.byte	0
 8786 001e 03       		.uleb128 0x3
 8787 001f 0E       		.uleb128 0xe
 8788 0020 3A       		.uleb128 0x3a
 8789 0021 0B       		.uleb128 0xb
 8790 0022 3B       		.uleb128 0x3b
 8791 0023 0B       		.uleb128 0xb
 8792 0024 39       		.uleb128 0x39
 8793 0025 0B       		.uleb128 0xb
 8794 0026 49       		.uleb128 0x49
 8795 0027 13       		.uleb128 0x13
 8796 0028 38       		.uleb128 0x38
 8797 0029 0B       		.uleb128 0xb
 8798 002a 00       		.byte	0
 8799 002b 00       		.byte	0
 8800 002c 04       		.uleb128 0x4
 8801 002d 49       		.uleb128 0x49
 8802 002e 00       		.byte	0
 8803 002f 02       		.uleb128 0x2
 8804 0030 18       		.uleb128 0x18
 8805 0031 7E       		.uleb128 0x7e
 8806 0032 18       		.uleb128 0x18
 8807 0033 00       		.byte	0
 8808 0034 00       		.byte	0
 8809 0035 05       		.uleb128 0x5
 8810 0036 1D       		.uleb128 0x1d
 8811 0037 01       		.byte	0x1
 8812 0038 31       		.uleb128 0x31
 8813 0039 13       		.uleb128 0x13
 8814 003a 52       		.uleb128 0x52
 8815 003b 01       		.uleb128 0x1
 8816 003c B842     		.uleb128 0x2138
 8817 003e 0B       		.uleb128 0xb
 8818 003f 11       		.uleb128 0x11
 8819 0040 01       		.uleb128 0x1
 8820 0041 12       		.uleb128 0x12
 8821 0042 06       		.uleb128 0x6
 8822 0043 58       		.uleb128 0x58
 8823 0044 0B       		.uleb128 0xb
 8824 0045 59       		.uleb128 0x59
 8825 0046 05       		.uleb128 0x5
 8826 0047 57       		.uleb128 0x57
 8827 0048 0B       		.uleb128 0xb
 8828 0049 01       		.uleb128 0x1
 8829 004a 13       		.uleb128 0x13
 8830 004b 00       		.byte	0
 8831 004c 00       		.byte	0
 8832 004d 06       		.uleb128 0x6
 8833 004e 1D       		.uleb128 0x1d
 8834 004f 01       		.byte	0x1
ARM GAS  /tmp/ccrfHNBB.s 			page 156


 8835 0050 31       		.uleb128 0x31
 8836 0051 13       		.uleb128 0x13
 8837 0052 52       		.uleb128 0x52
 8838 0053 01       		.uleb128 0x1
 8839 0054 B842     		.uleb128 0x2138
 8840 0056 0B       		.uleb128 0xb
 8841 0057 55       		.uleb128 0x55
 8842 0058 17       		.uleb128 0x17
 8843 0059 58       		.uleb128 0x58
 8844 005a 21       		.uleb128 0x21
 8845 005b 01       		.sleb128 1
 8846 005c 59       		.uleb128 0x59
 8847 005d 05       		.uleb128 0x5
 8848 005e 57       		.uleb128 0x57
 8849 005f 0B       		.uleb128 0xb
 8850 0060 01       		.uleb128 0x1
 8851 0061 13       		.uleb128 0x13
 8852 0062 00       		.byte	0
 8853 0063 00       		.byte	0
 8854 0064 07       		.uleb128 0x7
 8855 0065 1D       		.uleb128 0x1d
 8856 0066 00       		.byte	0
 8857 0067 31       		.uleb128 0x31
 8858 0068 13       		.uleb128 0x13
 8859 0069 52       		.uleb128 0x52
 8860 006a 01       		.uleb128 0x1
 8861 006b B842     		.uleb128 0x2138
 8862 006d 0B       		.uleb128 0xb
 8863 006e 11       		.uleb128 0x11
 8864 006f 01       		.uleb128 0x1
 8865 0070 12       		.uleb128 0x12
 8866 0071 06       		.uleb128 0x6
 8867 0072 58       		.uleb128 0x58
 8868 0073 0B       		.uleb128 0xb
 8869 0074 59       		.uleb128 0x59
 8870 0075 05       		.uleb128 0x5
 8871 0076 57       		.uleb128 0x57
 8872 0077 0B       		.uleb128 0xb
 8873 0078 00       		.byte	0
 8874 0079 00       		.byte	0
 8875 007a 08       		.uleb128 0x8
 8876 007b 34       		.uleb128 0x34
 8877 007c 00       		.byte	0
 8878 007d 03       		.uleb128 0x3
 8879 007e 0E       		.uleb128 0xe
 8880 007f 49       		.uleb128 0x49
 8881 0080 13       		.uleb128 0x13
 8882 0081 34       		.uleb128 0x34
 8883 0082 19       		.uleb128 0x19
 8884 0083 00       		.byte	0
 8885 0084 00       		.byte	0
 8886 0085 09       		.uleb128 0x9
 8887 0086 0D       		.uleb128 0xd
 8888 0087 00       		.byte	0
 8889 0088 03       		.uleb128 0x3
 8890 0089 0E       		.uleb128 0xe
 8891 008a 3A       		.uleb128 0x3a
ARM GAS  /tmp/ccrfHNBB.s 			page 157


 8892 008b 0B       		.uleb128 0xb
 8893 008c 3B       		.uleb128 0x3b
 8894 008d 05       		.uleb128 0x5
 8895 008e 39       		.uleb128 0x39
 8896 008f 0B       		.uleb128 0xb
 8897 0090 49       		.uleb128 0x49
 8898 0091 13       		.uleb128 0x13
 8899 0092 38       		.uleb128 0x38
 8900 0093 0B       		.uleb128 0xb
 8901 0094 00       		.byte	0
 8902 0095 00       		.byte	0
 8903 0096 0A       		.uleb128 0xa
 8904 0097 05       		.uleb128 0x5
 8905 0098 00       		.byte	0
 8906 0099 03       		.uleb128 0x3
 8907 009a 08       		.uleb128 0x8
 8908 009b 3A       		.uleb128 0x3a
 8909 009c 21       		.uleb128 0x21
 8910 009d 01       		.sleb128 1
 8911 009e 3B       		.uleb128 0x3b
 8912 009f 05       		.uleb128 0x5
 8913 00a0 39       		.uleb128 0x39
 8914 00a1 0B       		.uleb128 0xb
 8915 00a2 49       		.uleb128 0x49
 8916 00a3 13       		.uleb128 0x13
 8917 00a4 02       		.uleb128 0x2
 8918 00a5 17       		.uleb128 0x17
 8919 00a6 B742     		.uleb128 0x2137
 8920 00a8 17       		.uleb128 0x17
 8921 00a9 00       		.byte	0
 8922 00aa 00       		.byte	0
 8923 00ab 0B       		.uleb128 0xb
 8924 00ac 0F       		.uleb128 0xf
 8925 00ad 00       		.byte	0
 8926 00ae 0B       		.uleb128 0xb
 8927 00af 21       		.uleb128 0x21
 8928 00b0 04       		.sleb128 4
 8929 00b1 49       		.uleb128 0x49
 8930 00b2 13       		.uleb128 0x13
 8931 00b3 00       		.byte	0
 8932 00b4 00       		.byte	0
 8933 00b5 0C       		.uleb128 0xc
 8934 00b6 1D       		.uleb128 0x1d
 8935 00b7 00       		.byte	0
 8936 00b8 31       		.uleb128 0x31
 8937 00b9 13       		.uleb128 0x13
 8938 00ba 52       		.uleb128 0x52
 8939 00bb 01       		.uleb128 0x1
 8940 00bc B842     		.uleb128 0x2138
 8941 00be 0B       		.uleb128 0xb
 8942 00bf 55       		.uleb128 0x55
 8943 00c0 17       		.uleb128 0x17
 8944 00c1 58       		.uleb128 0x58
 8945 00c2 0B       		.uleb128 0xb
 8946 00c3 59       		.uleb128 0x59
 8947 00c4 05       		.uleb128 0x5
 8948 00c5 57       		.uleb128 0x57
ARM GAS  /tmp/ccrfHNBB.s 			page 158


 8949 00c6 0B       		.uleb128 0xb
 8950 00c7 00       		.byte	0
 8951 00c8 00       		.byte	0
 8952 00c9 0D       		.uleb128 0xd
 8953 00ca 26       		.uleb128 0x26
 8954 00cb 00       		.byte	0
 8955 00cc 49       		.uleb128 0x49
 8956 00cd 13       		.uleb128 0x13
 8957 00ce 00       		.byte	0
 8958 00cf 00       		.byte	0
 8959 00d0 0E       		.uleb128 0xe
 8960 00d1 05       		.uleb128 0x5
 8961 00d2 00       		.byte	0
 8962 00d3 03       		.uleb128 0x3
 8963 00d4 08       		.uleb128 0x8
 8964 00d5 3A       		.uleb128 0x3a
 8965 00d6 0B       		.uleb128 0xb
 8966 00d7 3B       		.uleb128 0x3b
 8967 00d8 05       		.uleb128 0x5
 8968 00d9 39       		.uleb128 0x39
 8969 00da 0B       		.uleb128 0xb
 8970 00db 49       		.uleb128 0x49
 8971 00dc 13       		.uleb128 0x13
 8972 00dd 00       		.byte	0
 8973 00de 00       		.byte	0
 8974 00df 0F       		.uleb128 0xf
 8975 00e0 01       		.uleb128 0x1
 8976 00e1 01       		.byte	0x1
 8977 00e2 49       		.uleb128 0x49
 8978 00e3 13       		.uleb128 0x13
 8979 00e4 01       		.uleb128 0x1
 8980 00e5 13       		.uleb128 0x13
 8981 00e6 00       		.byte	0
 8982 00e7 00       		.byte	0
 8983 00e8 10       		.uleb128 0x10
 8984 00e9 21       		.uleb128 0x21
 8985 00ea 00       		.byte	0
 8986 00eb 49       		.uleb128 0x49
 8987 00ec 13       		.uleb128 0x13
 8988 00ed 2F       		.uleb128 0x2f
 8989 00ee 0B       		.uleb128 0xb
 8990 00ef 00       		.byte	0
 8991 00f0 00       		.byte	0
 8992 00f1 11       		.uleb128 0x11
 8993 00f2 34       		.uleb128 0x34
 8994 00f3 00       		.byte	0
 8995 00f4 31       		.uleb128 0x31
 8996 00f5 13       		.uleb128 0x13
 8997 00f6 02       		.uleb128 0x2
 8998 00f7 17       		.uleb128 0x17
 8999 00f8 B742     		.uleb128 0x2137
 9000 00fa 17       		.uleb128 0x17
 9001 00fb 00       		.byte	0
 9002 00fc 00       		.byte	0
 9003 00fd 12       		.uleb128 0x12
 9004 00fe 2E       		.uleb128 0x2e
 9005 00ff 01       		.byte	0x1
ARM GAS  /tmp/ccrfHNBB.s 			page 159


 9006 0100 3F       		.uleb128 0x3f
 9007 0101 19       		.uleb128 0x19
 9008 0102 03       		.uleb128 0x3
 9009 0103 0E       		.uleb128 0xe
 9010 0104 3A       		.uleb128 0x3a
 9011 0105 21       		.uleb128 0x21
 9012 0106 01       		.sleb128 1
 9013 0107 3B       		.uleb128 0x3b
 9014 0108 05       		.uleb128 0x5
 9015 0109 39       		.uleb128 0x39
 9016 010a 0B       		.uleb128 0xb
 9017 010b 27       		.uleb128 0x27
 9018 010c 19       		.uleb128 0x19
 9019 010d 49       		.uleb128 0x49
 9020 010e 13       		.uleb128 0x13
 9021 010f 11       		.uleb128 0x11
 9022 0110 01       		.uleb128 0x1
 9023 0111 12       		.uleb128 0x12
 9024 0112 06       		.uleb128 0x6
 9025 0113 40       		.uleb128 0x40
 9026 0114 18       		.uleb128 0x18
 9027 0115 7A       		.uleb128 0x7a
 9028 0116 19       		.uleb128 0x19
 9029 0117 01       		.uleb128 0x1
 9030 0118 13       		.uleb128 0x13
 9031 0119 00       		.byte	0
 9032 011a 00       		.byte	0
 9033 011b 13       		.uleb128 0x13
 9034 011c 0D       		.uleb128 0xd
 9035 011d 00       		.byte	0
 9036 011e 03       		.uleb128 0x3
 9037 011f 08       		.uleb128 0x8
 9038 0120 3A       		.uleb128 0x3a
 9039 0121 0B       		.uleb128 0xb
 9040 0122 3B       		.uleb128 0x3b
 9041 0123 05       		.uleb128 0x5
 9042 0124 39       		.uleb128 0x39
 9043 0125 0B       		.uleb128 0xb
 9044 0126 49       		.uleb128 0x49
 9045 0127 13       		.uleb128 0x13
 9046 0128 38       		.uleb128 0x38
 9047 0129 0B       		.uleb128 0xb
 9048 012a 00       		.byte	0
 9049 012b 00       		.byte	0
 9050 012c 14       		.uleb128 0x14
 9051 012d 0B       		.uleb128 0xb
 9052 012e 01       		.byte	0x1
 9053 012f 55       		.uleb128 0x55
 9054 0130 17       		.uleb128 0x17
 9055 0131 00       		.byte	0
 9056 0132 00       		.byte	0
 9057 0133 15       		.uleb128 0x15
 9058 0134 24       		.uleb128 0x24
 9059 0135 00       		.byte	0
 9060 0136 0B       		.uleb128 0xb
 9061 0137 0B       		.uleb128 0xb
 9062 0138 3E       		.uleb128 0x3e
ARM GAS  /tmp/ccrfHNBB.s 			page 160


 9063 0139 0B       		.uleb128 0xb
 9064 013a 03       		.uleb128 0x3
 9065 013b 0E       		.uleb128 0xe
 9066 013c 00       		.byte	0
 9067 013d 00       		.byte	0
 9068 013e 16       		.uleb128 0x16
 9069 013f 13       		.uleb128 0x13
 9070 0140 01       		.byte	0x1
 9071 0141 03       		.uleb128 0x3
 9072 0142 0E       		.uleb128 0xe
 9073 0143 0B       		.uleb128 0xb
 9074 0144 0B       		.uleb128 0xb
 9075 0145 3A       		.uleb128 0x3a
 9076 0146 0B       		.uleb128 0xb
 9077 0147 3B       		.uleb128 0x3b
 9078 0148 0B       		.uleb128 0xb
 9079 0149 39       		.uleb128 0x39
 9080 014a 0B       		.uleb128 0xb
 9081 014b 01       		.uleb128 0x1
 9082 014c 13       		.uleb128 0x13
 9083 014d 00       		.byte	0
 9084 014e 00       		.byte	0
 9085 014f 17       		.uleb128 0x17
 9086 0150 1D       		.uleb128 0x1d
 9087 0151 01       		.byte	0x1
 9088 0152 31       		.uleb128 0x31
 9089 0153 13       		.uleb128 0x13
 9090 0154 52       		.uleb128 0x52
 9091 0155 01       		.uleb128 0x1
 9092 0156 B842     		.uleb128 0x2138
 9093 0158 0B       		.uleb128 0xb
 9094 0159 11       		.uleb128 0x11
 9095 015a 01       		.uleb128 0x1
 9096 015b 12       		.uleb128 0x12
 9097 015c 06       		.uleb128 0x6
 9098 015d 58       		.uleb128 0x58
 9099 015e 21       		.uleb128 0x21
 9100 015f 01       		.sleb128 1
 9101 0160 59       		.uleb128 0x59
 9102 0161 05       		.uleb128 0x5
 9103 0162 57       		.uleb128 0x57
 9104 0163 0B       		.uleb128 0xb
 9105 0164 00       		.byte	0
 9106 0165 00       		.byte	0
 9107 0166 18       		.uleb128 0x18
 9108 0167 05       		.uleb128 0x5
 9109 0168 00       		.byte	0
 9110 0169 03       		.uleb128 0x3
 9111 016a 0E       		.uleb128 0xe
 9112 016b 3A       		.uleb128 0x3a
 9113 016c 21       		.uleb128 0x21
 9114 016d 01       		.sleb128 1
 9115 016e 3B       		.uleb128 0x3b
 9116 016f 05       		.uleb128 0x5
 9117 0170 39       		.uleb128 0x39
 9118 0171 0B       		.uleb128 0xb
 9119 0172 49       		.uleb128 0x49
ARM GAS  /tmp/ccrfHNBB.s 			page 161


 9120 0173 13       		.uleb128 0x13
 9121 0174 02       		.uleb128 0x2
 9122 0175 17       		.uleb128 0x17
 9123 0176 B742     		.uleb128 0x2137
 9124 0178 17       		.uleb128 0x17
 9125 0179 00       		.byte	0
 9126 017a 00       		.byte	0
 9127 017b 19       		.uleb128 0x19
 9128 017c 2E       		.uleb128 0x2e
 9129 017d 01       		.byte	0x1
 9130 017e 3F       		.uleb128 0x3f
 9131 017f 19       		.uleb128 0x19
 9132 0180 03       		.uleb128 0x3
 9133 0181 0E       		.uleb128 0xe
 9134 0182 3A       		.uleb128 0x3a
 9135 0183 21       		.uleb128 0x21
 9136 0184 01       		.sleb128 1
 9137 0185 3B       		.uleb128 0x3b
 9138 0186 05       		.uleb128 0x5
 9139 0187 39       		.uleb128 0x39
 9140 0188 21       		.uleb128 0x21
 9141 0189 06       		.sleb128 6
 9142 018a 27       		.uleb128 0x27
 9143 018b 19       		.uleb128 0x19
 9144 018c 11       		.uleb128 0x11
 9145 018d 01       		.uleb128 0x1
 9146 018e 12       		.uleb128 0x12
 9147 018f 06       		.uleb128 0x6
 9148 0190 40       		.uleb128 0x40
 9149 0191 18       		.uleb128 0x18
 9150 0192 7A       		.uleb128 0x7a
 9151 0193 19       		.uleb128 0x19
 9152 0194 01       		.uleb128 0x1
 9153 0195 13       		.uleb128 0x13
 9154 0196 00       		.byte	0
 9155 0197 00       		.byte	0
 9156 0198 1A       		.uleb128 0x1a
 9157 0199 48       		.uleb128 0x48
 9158 019a 01       		.byte	0x1
 9159 019b 7D       		.uleb128 0x7d
 9160 019c 01       		.uleb128 0x1
 9161 019d 7F       		.uleb128 0x7f
 9162 019e 13       		.uleb128 0x13
 9163 019f 00       		.byte	0
 9164 01a0 00       		.byte	0
 9165 01a1 1B       		.uleb128 0x1b
 9166 01a2 34       		.uleb128 0x34
 9167 01a3 00       		.byte	0
 9168 01a4 03       		.uleb128 0x3
 9169 01a5 0E       		.uleb128 0xe
 9170 01a6 3A       		.uleb128 0x3a
 9171 01a7 21       		.uleb128 0x21
 9172 01a8 01       		.sleb128 1
 9173 01a9 3B       		.uleb128 0x3b
 9174 01aa 05       		.uleb128 0x5
 9175 01ab 39       		.uleb128 0x39
 9176 01ac 0B       		.uleb128 0xb
ARM GAS  /tmp/ccrfHNBB.s 			page 162


 9177 01ad 49       		.uleb128 0x49
 9178 01ae 13       		.uleb128 0x13
 9179 01af 02       		.uleb128 0x2
 9180 01b0 17       		.uleb128 0x17
 9181 01b1 B742     		.uleb128 0x2137
 9182 01b3 17       		.uleb128 0x17
 9183 01b4 00       		.byte	0
 9184 01b5 00       		.byte	0
 9185 01b6 1C       		.uleb128 0x1c
 9186 01b7 05       		.uleb128 0x5
 9187 01b8 00       		.byte	0
 9188 01b9 03       		.uleb128 0x3
 9189 01ba 08       		.uleb128 0x8
 9190 01bb 3A       		.uleb128 0x3a
 9191 01bc 0B       		.uleb128 0xb
 9192 01bd 3B       		.uleb128 0x3b
 9193 01be 0B       		.uleb128 0xb
 9194 01bf 39       		.uleb128 0x39
 9195 01c0 0B       		.uleb128 0xb
 9196 01c1 49       		.uleb128 0x49
 9197 01c2 13       		.uleb128 0x13
 9198 01c3 00       		.byte	0
 9199 01c4 00       		.byte	0
 9200 01c5 1D       		.uleb128 0x1d
 9201 01c6 05       		.uleb128 0x5
 9202 01c7 00       		.byte	0
 9203 01c8 49       		.uleb128 0x49
 9204 01c9 13       		.uleb128 0x13
 9205 01ca 00       		.byte	0
 9206 01cb 00       		.byte	0
 9207 01cc 1E       		.uleb128 0x1e
 9208 01cd 0D       		.uleb128 0xd
 9209 01ce 00       		.byte	0
 9210 01cf 03       		.uleb128 0x3
 9211 01d0 0E       		.uleb128 0xe
 9212 01d1 3A       		.uleb128 0x3a
 9213 01d2 21       		.uleb128 0x21
 9214 01d3 0D       		.sleb128 13
 9215 01d4 3B       		.uleb128 0x3b
 9216 01d5 05       		.uleb128 0x5
 9217 01d6 39       		.uleb128 0x39
 9218 01d7 0B       		.uleb128 0xb
 9219 01d8 49       		.uleb128 0x49
 9220 01d9 13       		.uleb128 0x13
 9221 01da 00       		.byte	0
 9222 01db 00       		.byte	0
 9223 01dc 1F       		.uleb128 0x1f
 9224 01dd 1D       		.uleb128 0x1d
 9225 01de 01       		.byte	0x1
 9226 01df 31       		.uleb128 0x31
 9227 01e0 13       		.uleb128 0x13
 9228 01e1 52       		.uleb128 0x52
 9229 01e2 01       		.uleb128 0x1
 9230 01e3 B842     		.uleb128 0x2138
 9231 01e5 0B       		.uleb128 0xb
 9232 01e6 55       		.uleb128 0x55
 9233 01e7 17       		.uleb128 0x17
ARM GAS  /tmp/ccrfHNBB.s 			page 163


 9234 01e8 58       		.uleb128 0x58
 9235 01e9 21       		.uleb128 0x21
 9236 01ea 01       		.sleb128 1
 9237 01eb 59       		.uleb128 0x59
 9238 01ec 05       		.uleb128 0x5
 9239 01ed 57       		.uleb128 0x57
 9240 01ee 21       		.uleb128 0x21
 9241 01ef 03       		.sleb128 3
 9242 01f0 00       		.byte	0
 9243 01f1 00       		.byte	0
 9244 01f2 20       		.uleb128 0x20
 9245 01f3 34       		.uleb128 0x34
 9246 01f4 00       		.byte	0
 9247 01f5 03       		.uleb128 0x3
 9248 01f6 08       		.uleb128 0x8
 9249 01f7 3A       		.uleb128 0x3a
 9250 01f8 21       		.uleb128 0x21
 9251 01f9 01       		.sleb128 1
 9252 01fa 3B       		.uleb128 0x3b
 9253 01fb 05       		.uleb128 0x5
 9254 01fc 39       		.uleb128 0x39
 9255 01fd 0B       		.uleb128 0xb
 9256 01fe 49       		.uleb128 0x49
 9257 01ff 13       		.uleb128 0x13
 9258 0200 02       		.uleb128 0x2
 9259 0201 17       		.uleb128 0x17
 9260 0202 B742     		.uleb128 0x2137
 9261 0204 17       		.uleb128 0x17
 9262 0205 00       		.byte	0
 9263 0206 00       		.byte	0
 9264 0207 21       		.uleb128 0x21
 9265 0208 1D       		.uleb128 0x1d
 9266 0209 01       		.byte	0x1
 9267 020a 31       		.uleb128 0x31
 9268 020b 13       		.uleb128 0x13
 9269 020c 52       		.uleb128 0x52
 9270 020d 01       		.uleb128 0x1
 9271 020e B842     		.uleb128 0x2138
 9272 0210 0B       		.uleb128 0xb
 9273 0211 55       		.uleb128 0x55
 9274 0212 17       		.uleb128 0x17
 9275 0213 58       		.uleb128 0x58
 9276 0214 21       		.uleb128 0x21
 9277 0215 01       		.sleb128 1
 9278 0216 59       		.uleb128 0x59
 9279 0217 21       		.uleb128 0x21
 9280 0218 AA01     		.sleb128 170
 9281 021a 57       		.uleb128 0x57
 9282 021b 21       		.uleb128 0x21
 9283 021c 03       		.sleb128 3
 9284 021d 01       		.uleb128 0x1
 9285 021e 13       		.uleb128 0x13
 9286 021f 00       		.byte	0
 9287 0220 00       		.byte	0
 9288 0221 22       		.uleb128 0x22
 9289 0222 1D       		.uleb128 0x1d
 9290 0223 01       		.byte	0x1
ARM GAS  /tmp/ccrfHNBB.s 			page 164


 9291 0224 31       		.uleb128 0x31
 9292 0225 13       		.uleb128 0x13
 9293 0226 52       		.uleb128 0x52
 9294 0227 01       		.uleb128 0x1
 9295 0228 B842     		.uleb128 0x2138
 9296 022a 0B       		.uleb128 0xb
 9297 022b 55       		.uleb128 0x55
 9298 022c 17       		.uleb128 0x17
 9299 022d 58       		.uleb128 0x58
 9300 022e 21       		.uleb128 0x21
 9301 022f 01       		.sleb128 1
 9302 0230 59       		.uleb128 0x59
 9303 0231 21       		.uleb128 0x21
 9304 0232 8F01     		.sleb128 143
 9305 0234 57       		.uleb128 0x57
 9306 0235 21       		.uleb128 0x21
 9307 0236 03       		.sleb128 3
 9308 0237 00       		.byte	0
 9309 0238 00       		.byte	0
 9310 0239 23       		.uleb128 0x23
 9311 023a 05       		.uleb128 0x5
 9312 023b 00       		.byte	0
 9313 023c 31       		.uleb128 0x31
 9314 023d 13       		.uleb128 0x13
 9315 023e 00       		.byte	0
 9316 023f 00       		.byte	0
 9317 0240 24       		.uleb128 0x24
 9318 0241 2E       		.uleb128 0x2e
 9319 0242 01       		.byte	0x1
 9320 0243 03       		.uleb128 0x3
 9321 0244 0E       		.uleb128 0xe
 9322 0245 3A       		.uleb128 0x3a
 9323 0246 0B       		.uleb128 0xb
 9324 0247 3B       		.uleb128 0x3b
 9325 0248 05       		.uleb128 0x5
 9326 0249 39       		.uleb128 0x39
 9327 024a 0B       		.uleb128 0xb
 9328 024b 27       		.uleb128 0x27
 9329 024c 19       		.uleb128 0x19
 9330 024d 49       		.uleb128 0x49
 9331 024e 13       		.uleb128 0x13
 9332 024f 20       		.uleb128 0x20
 9333 0250 21       		.uleb128 0x21
 9334 0251 03       		.sleb128 3
 9335 0252 01       		.uleb128 0x1
 9336 0253 13       		.uleb128 0x13
 9337 0254 00       		.byte	0
 9338 0255 00       		.byte	0
 9339 0256 25       		.uleb128 0x25
 9340 0257 2E       		.uleb128 0x2e
 9341 0258 01       		.byte	0x1
 9342 0259 31       		.uleb128 0x31
 9343 025a 13       		.uleb128 0x13
 9344 025b 11       		.uleb128 0x11
 9345 025c 01       		.uleb128 0x1
 9346 025d 12       		.uleb128 0x12
 9347 025e 06       		.uleb128 0x6
ARM GAS  /tmp/ccrfHNBB.s 			page 165


 9348 025f 40       		.uleb128 0x40
 9349 0260 18       		.uleb128 0x18
 9350 0261 7A       		.uleb128 0x7a
 9351 0262 19       		.uleb128 0x19
 9352 0263 01       		.uleb128 0x1
 9353 0264 13       		.uleb128 0x13
 9354 0265 00       		.byte	0
 9355 0266 00       		.byte	0
 9356 0267 26       		.uleb128 0x26
 9357 0268 13       		.uleb128 0x13
 9358 0269 01       		.byte	0x1
 9359 026a 03       		.uleb128 0x3
 9360 026b 0E       		.uleb128 0xe
 9361 026c 0B       		.uleb128 0xb
 9362 026d 0B       		.uleb128 0xb
 9363 026e 3A       		.uleb128 0x3a
 9364 026f 0B       		.uleb128 0xb
 9365 0270 3B       		.uleb128 0x3b
 9366 0271 05       		.uleb128 0x5
 9367 0272 39       		.uleb128 0x39
 9368 0273 0B       		.uleb128 0xb
 9369 0274 01       		.uleb128 0x1
 9370 0275 13       		.uleb128 0x13
 9371 0276 00       		.byte	0
 9372 0277 00       		.byte	0
 9373 0278 27       		.uleb128 0x27
 9374 0279 48       		.uleb128 0x48
 9375 027a 00       		.byte	0
 9376 027b 7D       		.uleb128 0x7d
 9377 027c 01       		.uleb128 0x1
 9378 027d 7F       		.uleb128 0x7f
 9379 027e 13       		.uleb128 0x13
 9380 027f 00       		.byte	0
 9381 0280 00       		.byte	0
 9382 0281 28       		.uleb128 0x28
 9383 0282 48       		.uleb128 0x48
 9384 0283 01       		.byte	0x1
 9385 0284 7D       		.uleb128 0x7d
 9386 0285 01       		.uleb128 0x1
 9387 0286 8201     		.uleb128 0x82
 9388 0288 19       		.uleb128 0x19
 9389 0289 7F       		.uleb128 0x7f
 9390 028a 13       		.uleb128 0x13
 9391 028b 00       		.byte	0
 9392 028c 00       		.byte	0
 9393 028d 29       		.uleb128 0x29
 9394 028e 05       		.uleb128 0x5
 9395 028f 00       		.byte	0
 9396 0290 03       		.uleb128 0x3
 9397 0291 08       		.uleb128 0x8
 9398 0292 3A       		.uleb128 0x3a
 9399 0293 21       		.uleb128 0x21
 9400 0294 01       		.sleb128 1
 9401 0295 3B       		.uleb128 0x3b
 9402 0296 05       		.uleb128 0x5
 9403 0297 39       		.uleb128 0x39
 9404 0298 0B       		.uleb128 0xb
ARM GAS  /tmp/ccrfHNBB.s 			page 166


 9405 0299 49       		.uleb128 0x49
 9406 029a 13       		.uleb128 0x13
 9407 029b 02       		.uleb128 0x2
 9408 029c 18       		.uleb128 0x18
 9409 029d 00       		.byte	0
 9410 029e 00       		.byte	0
 9411 029f 2A       		.uleb128 0x2a
 9412 02a0 34       		.uleb128 0x34
 9413 02a1 00       		.byte	0
 9414 02a2 03       		.uleb128 0x3
 9415 02a3 08       		.uleb128 0x8
 9416 02a4 3A       		.uleb128 0x3a
 9417 02a5 0B       		.uleb128 0xb
 9418 02a6 3B       		.uleb128 0x3b
 9419 02a7 05       		.uleb128 0x5
 9420 02a8 39       		.uleb128 0x39
 9421 02a9 0B       		.uleb128 0xb
 9422 02aa 49       		.uleb128 0x49
 9423 02ab 13       		.uleb128 0x13
 9424 02ac 00       		.byte	0
 9425 02ad 00       		.byte	0
 9426 02ae 2B       		.uleb128 0x2b
 9427 02af 2E       		.uleb128 0x2e
 9428 02b0 01       		.byte	0x1
 9429 02b1 03       		.uleb128 0x3
 9430 02b2 0E       		.uleb128 0xe
 9431 02b3 3A       		.uleb128 0x3a
 9432 02b4 0B       		.uleb128 0xb
 9433 02b5 3B       		.uleb128 0x3b
 9434 02b6 05       		.uleb128 0x5
 9435 02b7 39       		.uleb128 0x39
 9436 02b8 21       		.uleb128 0x21
 9437 02b9 14       		.sleb128 20
 9438 02ba 27       		.uleb128 0x27
 9439 02bb 19       		.uleb128 0x19
 9440 02bc 20       		.uleb128 0x20
 9441 02bd 21       		.uleb128 0x21
 9442 02be 03       		.sleb128 3
 9443 02bf 01       		.uleb128 0x1
 9444 02c0 13       		.uleb128 0x13
 9445 02c1 00       		.byte	0
 9446 02c2 00       		.byte	0
 9447 02c3 2C       		.uleb128 0x2c
 9448 02c4 0D       		.uleb128 0xd
 9449 02c5 00       		.byte	0
 9450 02c6 03       		.uleb128 0x3
 9451 02c7 08       		.uleb128 0x8
 9452 02c8 3A       		.uleb128 0x3a
 9453 02c9 0B       		.uleb128 0xb
 9454 02ca 3B       		.uleb128 0x3b
 9455 02cb 0B       		.uleb128 0xb
 9456 02cc 39       		.uleb128 0x39
 9457 02cd 0B       		.uleb128 0xb
 9458 02ce 49       		.uleb128 0x49
 9459 02cf 13       		.uleb128 0x13
 9460 02d0 38       		.uleb128 0x38
 9461 02d1 0B       		.uleb128 0xb
ARM GAS  /tmp/ccrfHNBB.s 			page 167


 9462 02d2 00       		.byte	0
 9463 02d3 00       		.byte	0
 9464 02d4 2D       		.uleb128 0x2d
 9465 02d5 48       		.uleb128 0x48
 9466 02d6 00       		.byte	0
 9467 02d7 7D       		.uleb128 0x7d
 9468 02d8 01       		.uleb128 0x1
 9469 02d9 8201     		.uleb128 0x82
 9470 02db 19       		.uleb128 0x19
 9471 02dc 7F       		.uleb128 0x7f
 9472 02dd 13       		.uleb128 0x13
 9473 02de 00       		.byte	0
 9474 02df 00       		.byte	0
 9475 02e0 2E       		.uleb128 0x2e
 9476 02e1 34       		.uleb128 0x34
 9477 02e2 00       		.byte	0
 9478 02e3 03       		.uleb128 0x3
 9479 02e4 0E       		.uleb128 0xe
 9480 02e5 3A       		.uleb128 0x3a
 9481 02e6 21       		.uleb128 0x21
 9482 02e7 01       		.sleb128 1
 9483 02e8 3B       		.uleb128 0x3b
 9484 02e9 05       		.uleb128 0x5
 9485 02ea 39       		.uleb128 0x39
 9486 02eb 0B       		.uleb128 0xb
 9487 02ec 49       		.uleb128 0x49
 9488 02ed 13       		.uleb128 0x13
 9489 02ee 00       		.byte	0
 9490 02ef 00       		.byte	0
 9491 02f0 2F       		.uleb128 0x2f
 9492 02f1 48       		.uleb128 0x48
 9493 02f2 01       		.byte	0x1
 9494 02f3 7D       		.uleb128 0x7d
 9495 02f4 01       		.uleb128 0x1
 9496 02f5 7F       		.uleb128 0x7f
 9497 02f6 13       		.uleb128 0x13
 9498 02f7 01       		.uleb128 0x1
 9499 02f8 13       		.uleb128 0x13
 9500 02f9 00       		.byte	0
 9501 02fa 00       		.byte	0
 9502 02fb 30       		.uleb128 0x30
 9503 02fc 05       		.uleb128 0x5
 9504 02fd 00       		.byte	0
 9505 02fe 03       		.uleb128 0x3
 9506 02ff 0E       		.uleb128 0xe
 9507 0300 3A       		.uleb128 0x3a
 9508 0301 0B       		.uleb128 0xb
 9509 0302 3B       		.uleb128 0x3b
 9510 0303 05       		.uleb128 0x5
 9511 0304 39       		.uleb128 0x39
 9512 0305 0B       		.uleb128 0xb
 9513 0306 49       		.uleb128 0x49
 9514 0307 13       		.uleb128 0x13
 9515 0308 00       		.byte	0
 9516 0309 00       		.byte	0
 9517 030a 31       		.uleb128 0x31
 9518 030b 35       		.uleb128 0x35
ARM GAS  /tmp/ccrfHNBB.s 			page 168


 9519 030c 00       		.byte	0
 9520 030d 49       		.uleb128 0x49
 9521 030e 13       		.uleb128 0x13
 9522 030f 00       		.byte	0
 9523 0310 00       		.byte	0
 9524 0311 32       		.uleb128 0x32
 9525 0312 0D       		.uleb128 0xd
 9526 0313 00       		.byte	0
 9527 0314 03       		.uleb128 0x3
 9528 0315 0E       		.uleb128 0xe
 9529 0316 3A       		.uleb128 0x3a
 9530 0317 21       		.uleb128 0x21
 9531 0318 0D       		.sleb128 13
 9532 0319 3B       		.uleb128 0x3b
 9533 031a 0B       		.uleb128 0xb
 9534 031b 39       		.uleb128 0x39
 9535 031c 21       		.uleb128 0x21
 9536 031d 21       		.sleb128 33
 9537 031e 49       		.uleb128 0x49
 9538 031f 13       		.uleb128 0x13
 9539 0320 00       		.byte	0
 9540 0321 00       		.byte	0
 9541 0322 33       		.uleb128 0x33
 9542 0323 2E       		.uleb128 0x2e
 9543 0324 01       		.byte	0x1
 9544 0325 3F       		.uleb128 0x3f
 9545 0326 19       		.uleb128 0x19
 9546 0327 03       		.uleb128 0x3
 9547 0328 0E       		.uleb128 0xe
 9548 0329 3A       		.uleb128 0x3a
 9549 032a 21       		.uleb128 0x21
 9550 032b 01       		.sleb128 1
 9551 032c 3B       		.uleb128 0x3b
 9552 032d 05       		.uleb128 0x5
 9553 032e 39       		.uleb128 0x39
 9554 032f 21       		.uleb128 0x21
 9555 0330 06       		.sleb128 6
 9556 0331 27       		.uleb128 0x27
 9557 0332 19       		.uleb128 0x19
 9558 0333 20       		.uleb128 0x20
 9559 0334 21       		.uleb128 0x21
 9560 0335 01       		.sleb128 1
 9561 0336 01       		.uleb128 0x1
 9562 0337 13       		.uleb128 0x13
 9563 0338 00       		.byte	0
 9564 0339 00       		.byte	0
 9565 033a 34       		.uleb128 0x34
 9566 033b 2E       		.uleb128 0x2e
 9567 033c 00       		.byte	0
 9568 033d 03       		.uleb128 0x3
 9569 033e 0E       		.uleb128 0xe
 9570 033f 3A       		.uleb128 0x3a
 9571 0340 0B       		.uleb128 0xb
 9572 0341 3B       		.uleb128 0x3b
 9573 0342 05       		.uleb128 0x5
 9574 0343 39       		.uleb128 0x39
 9575 0344 21       		.uleb128 0x21
ARM GAS  /tmp/ccrfHNBB.s 			page 169


 9576 0345 14       		.sleb128 20
 9577 0346 27       		.uleb128 0x27
 9578 0347 19       		.uleb128 0x19
 9579 0348 20       		.uleb128 0x20
 9580 0349 21       		.uleb128 0x21
 9581 034a 03       		.sleb128 3
 9582 034b 00       		.byte	0
 9583 034c 00       		.byte	0
 9584 034d 35       		.uleb128 0x35
 9585 034e 05       		.uleb128 0x5
 9586 034f 00       		.byte	0
 9587 0350 31       		.uleb128 0x31
 9588 0351 13       		.uleb128 0x13
 9589 0352 02       		.uleb128 0x2
 9590 0353 18       		.uleb128 0x18
 9591 0354 00       		.byte	0
 9592 0355 00       		.byte	0
 9593 0356 36       		.uleb128 0x36
 9594 0357 15       		.uleb128 0x15
 9595 0358 01       		.byte	0x1
 9596 0359 27       		.uleb128 0x27
 9597 035a 19       		.uleb128 0x19
 9598 035b 01       		.uleb128 0x1
 9599 035c 13       		.uleb128 0x13
 9600 035d 00       		.byte	0
 9601 035e 00       		.byte	0
 9602 035f 37       		.uleb128 0x37
 9603 0360 17       		.uleb128 0x17
 9604 0361 01       		.byte	0x1
 9605 0362 0B       		.uleb128 0xb
 9606 0363 0B       		.uleb128 0xb
 9607 0364 3A       		.uleb128 0x3a
 9608 0365 21       		.uleb128 0x21
 9609 0366 0D       		.sleb128 13
 9610 0367 3B       		.uleb128 0x3b
 9611 0368 0B       		.uleb128 0xb
 9612 0369 39       		.uleb128 0x39
 9613 036a 21       		.uleb128 0x21
 9614 036b 03       		.sleb128 3
 9615 036c 01       		.uleb128 0x1
 9616 036d 13       		.uleb128 0x13
 9617 036e 00       		.byte	0
 9618 036f 00       		.byte	0
 9619 0370 38       		.uleb128 0x38
 9620 0371 16       		.uleb128 0x16
 9621 0372 00       		.byte	0
 9622 0373 03       		.uleb128 0x3
 9623 0374 0E       		.uleb128 0xe
 9624 0375 3A       		.uleb128 0x3a
 9625 0376 21       		.uleb128 0x21
 9626 0377 0D       		.sleb128 13
 9627 0378 3B       		.uleb128 0x3b
 9628 0379 05       		.uleb128 0x5
 9629 037a 39       		.uleb128 0x39
 9630 037b 21       		.uleb128 0x21
 9631 037c 03       		.sleb128 3
 9632 037d 49       		.uleb128 0x49
ARM GAS  /tmp/ccrfHNBB.s 			page 170


 9633 037e 13       		.uleb128 0x13
 9634 037f 00       		.byte	0
 9635 0380 00       		.byte	0
 9636 0381 39       		.uleb128 0x39
 9637 0382 2E       		.uleb128 0x2e
 9638 0383 00       		.byte	0
 9639 0384 3F       		.uleb128 0x3f
 9640 0385 19       		.uleb128 0x19
 9641 0386 03       		.uleb128 0x3
 9642 0387 0E       		.uleb128 0xe
 9643 0388 3A       		.uleb128 0x3a
 9644 0389 21       		.uleb128 0x21
 9645 038a 12       		.sleb128 18
 9646 038b 3B       		.uleb128 0x3b
 9647 038c 0B       		.uleb128 0xb
 9648 038d 39       		.uleb128 0x39
 9649 038e 21       		.uleb128 0x21
 9650 038f 08       		.sleb128 8
 9651 0390 27       		.uleb128 0x27
 9652 0391 19       		.uleb128 0x19
 9653 0392 3C       		.uleb128 0x3c
 9654 0393 19       		.uleb128 0x19
 9655 0394 00       		.byte	0
 9656 0395 00       		.byte	0
 9657 0396 3A       		.uleb128 0x3a
 9658 0397 2E       		.uleb128 0x2e
 9659 0398 01       		.byte	0x1
 9660 0399 3F       		.uleb128 0x3f
 9661 039a 19       		.uleb128 0x19
 9662 039b 03       		.uleb128 0x3
 9663 039c 0E       		.uleb128 0xe
 9664 039d 3A       		.uleb128 0x3a
 9665 039e 21       		.uleb128 0x21
 9666 039f 12       		.sleb128 18
 9667 03a0 3B       		.uleb128 0x3b
 9668 03a1 0B       		.uleb128 0xb
 9669 03a2 39       		.uleb128 0x39
 9670 03a3 0B       		.uleb128 0xb
 9671 03a4 27       		.uleb128 0x27
 9672 03a5 19       		.uleb128 0x19
 9673 03a6 49       		.uleb128 0x49
 9674 03a7 13       		.uleb128 0x13
 9675 03a8 3C       		.uleb128 0x3c
 9676 03a9 19       		.uleb128 0x19
 9677 03aa 01       		.uleb128 0x1
 9678 03ab 13       		.uleb128 0x13
 9679 03ac 00       		.byte	0
 9680 03ad 00       		.byte	0
 9681 03ae 3B       		.uleb128 0x3b
 9682 03af 2E       		.uleb128 0x2e
 9683 03b0 01       		.byte	0x1
 9684 03b1 3F       		.uleb128 0x3f
 9685 03b2 19       		.uleb128 0x19
 9686 03b3 03       		.uleb128 0x3
 9687 03b4 0E       		.uleb128 0xe
 9688 03b5 3A       		.uleb128 0x3a
 9689 03b6 21       		.uleb128 0x21
ARM GAS  /tmp/ccrfHNBB.s 			page 171


 9690 03b7 12       		.sleb128 18
 9691 03b8 3B       		.uleb128 0x3b
 9692 03b9 0B       		.uleb128 0xb
 9693 03ba 39       		.uleb128 0x39
 9694 03bb 21       		.uleb128 0x21
 9695 03bc 08       		.sleb128 8
 9696 03bd 27       		.uleb128 0x27
 9697 03be 19       		.uleb128 0x19
 9698 03bf 3C       		.uleb128 0x3c
 9699 03c0 19       		.uleb128 0x19
 9700 03c1 01       		.uleb128 0x1
 9701 03c2 13       		.uleb128 0x13
 9702 03c3 00       		.byte	0
 9703 03c4 00       		.byte	0
 9704 03c5 3C       		.uleb128 0x3c
 9705 03c6 48       		.uleb128 0x48
 9706 03c7 01       		.byte	0x1
 9707 03c8 7D       		.uleb128 0x7d
 9708 03c9 01       		.uleb128 0x1
 9709 03ca 8201     		.uleb128 0x82
 9710 03cc 19       		.uleb128 0x19
 9711 03cd 7F       		.uleb128 0x7f
 9712 03ce 13       		.uleb128 0x13
 9713 03cf 01       		.uleb128 0x1
 9714 03d0 13       		.uleb128 0x13
 9715 03d1 00       		.byte	0
 9716 03d2 00       		.byte	0
 9717 03d3 3D       		.uleb128 0x3d
 9718 03d4 2E       		.uleb128 0x2e
 9719 03d5 01       		.byte	0x1
 9720 03d6 3F       		.uleb128 0x3f
 9721 03d7 19       		.uleb128 0x19
 9722 03d8 03       		.uleb128 0x3
 9723 03d9 0E       		.uleb128 0xe
 9724 03da 3A       		.uleb128 0x3a
 9725 03db 21       		.uleb128 0x21
 9726 03dc 01       		.sleb128 1
 9727 03dd 3B       		.uleb128 0x3b
 9728 03de 0B       		.uleb128 0xb
 9729 03df 39       		.uleb128 0x39
 9730 03e0 21       		.uleb128 0x21
 9731 03e1 0B       		.sleb128 11
 9732 03e2 27       		.uleb128 0x27
 9733 03e3 19       		.uleb128 0x19
 9734 03e4 49       		.uleb128 0x49
 9735 03e5 13       		.uleb128 0x13
 9736 03e6 20       		.uleb128 0x20
 9737 03e7 21       		.uleb128 0x21
 9738 03e8 01       		.sleb128 1
 9739 03e9 01       		.uleb128 0x1
 9740 03ea 13       		.uleb128 0x13
 9741 03eb 00       		.byte	0
 9742 03ec 00       		.byte	0
 9743 03ed 3E       		.uleb128 0x3e
 9744 03ee 2E       		.uleb128 0x2e
 9745 03ef 01       		.byte	0x1
 9746 03f0 03       		.uleb128 0x3
ARM GAS  /tmp/ccrfHNBB.s 			page 172


 9747 03f1 0E       		.uleb128 0xe
 9748 03f2 3A       		.uleb128 0x3a
 9749 03f3 21       		.uleb128 0x21
 9750 03f4 02       		.sleb128 2
 9751 03f5 3B       		.uleb128 0x3b
 9752 03f6 0B       		.uleb128 0xb
 9753 03f7 39       		.uleb128 0x39
 9754 03f8 21       		.uleb128 0x21
 9755 03f9 14       		.sleb128 20
 9756 03fa 27       		.uleb128 0x27
 9757 03fb 19       		.uleb128 0x19
 9758 03fc 20       		.uleb128 0x20
 9759 03fd 21       		.uleb128 0x21
 9760 03fe 03       		.sleb128 3
 9761 03ff 01       		.uleb128 0x1
 9762 0400 13       		.uleb128 0x13
 9763 0401 00       		.byte	0
 9764 0402 00       		.byte	0
 9765 0403 3F       		.uleb128 0x3f
 9766 0404 11       		.uleb128 0x11
 9767 0405 01       		.byte	0x1
 9768 0406 25       		.uleb128 0x25
 9769 0407 0E       		.uleb128 0xe
 9770 0408 13       		.uleb128 0x13
 9771 0409 0B       		.uleb128 0xb
 9772 040a 03       		.uleb128 0x3
 9773 040b 0E       		.uleb128 0xe
 9774 040c 1B       		.uleb128 0x1b
 9775 040d 0E       		.uleb128 0xe
 9776 040e 55       		.uleb128 0x55
 9777 040f 17       		.uleb128 0x17
 9778 0410 11       		.uleb128 0x11
 9779 0411 01       		.uleb128 0x1
 9780 0412 10       		.uleb128 0x10
 9781 0413 17       		.uleb128 0x17
 9782 0414 00       		.byte	0
 9783 0415 00       		.byte	0
 9784 0416 40       		.uleb128 0x40
 9785 0417 24       		.uleb128 0x24
 9786 0418 00       		.byte	0
 9787 0419 0B       		.uleb128 0xb
 9788 041a 0B       		.uleb128 0xb
 9789 041b 3E       		.uleb128 0x3e
 9790 041c 0B       		.uleb128 0xb
 9791 041d 03       		.uleb128 0x3
 9792 041e 08       		.uleb128 0x8
 9793 041f 00       		.byte	0
 9794 0420 00       		.byte	0
 9795 0421 41       		.uleb128 0x41
 9796 0422 0F       		.uleb128 0xf
 9797 0423 00       		.byte	0
 9798 0424 0B       		.uleb128 0xb
 9799 0425 0B       		.uleb128 0xb
 9800 0426 00       		.byte	0
 9801 0427 00       		.byte	0
 9802 0428 42       		.uleb128 0x42
 9803 0429 34       		.uleb128 0x34
ARM GAS  /tmp/ccrfHNBB.s 			page 173


 9804 042a 00       		.byte	0
 9805 042b 03       		.uleb128 0x3
 9806 042c 08       		.uleb128 0x8
 9807 042d 3A       		.uleb128 0x3a
 9808 042e 0B       		.uleb128 0xb
 9809 042f 3B       		.uleb128 0x3b
 9810 0430 05       		.uleb128 0x5
 9811 0431 39       		.uleb128 0x39
 9812 0432 0B       		.uleb128 0xb
 9813 0433 49       		.uleb128 0x49
 9814 0434 13       		.uleb128 0x13
 9815 0435 3F       		.uleb128 0x3f
 9816 0436 19       		.uleb128 0x19
 9817 0437 3C       		.uleb128 0x3c
 9818 0438 19       		.uleb128 0x19
 9819 0439 00       		.byte	0
 9820 043a 00       		.byte	0
 9821 043b 43       		.uleb128 0x43
 9822 043c 13       		.uleb128 0x13
 9823 043d 01       		.byte	0x1
 9824 043e 0B       		.uleb128 0xb
 9825 043f 0B       		.uleb128 0xb
 9826 0440 3A       		.uleb128 0x3a
 9827 0441 0B       		.uleb128 0xb
 9828 0442 3B       		.uleb128 0x3b
 9829 0443 0B       		.uleb128 0xb
 9830 0444 39       		.uleb128 0x39
 9831 0445 0B       		.uleb128 0xb
 9832 0446 01       		.uleb128 0x1
 9833 0447 13       		.uleb128 0x13
 9834 0448 00       		.byte	0
 9835 0449 00       		.byte	0
 9836 044a 44       		.uleb128 0x44
 9837 044b 2E       		.uleb128 0x2e
 9838 044c 00       		.byte	0
 9839 044d 3F       		.uleb128 0x3f
 9840 044e 19       		.uleb128 0x19
 9841 044f 03       		.uleb128 0x3
 9842 0450 0E       		.uleb128 0xe
 9843 0451 3A       		.uleb128 0x3a
 9844 0452 0B       		.uleb128 0xb
 9845 0453 3B       		.uleb128 0x3b
 9846 0454 05       		.uleb128 0x5
 9847 0455 39       		.uleb128 0x39
 9848 0456 0B       		.uleb128 0xb
 9849 0457 27       		.uleb128 0x27
 9850 0458 19       		.uleb128 0x19
 9851 0459 3C       		.uleb128 0x3c
 9852 045a 19       		.uleb128 0x19
 9853 045b 00       		.byte	0
 9854 045c 00       		.byte	0
 9855 045d 45       		.uleb128 0x45
 9856 045e 2E       		.uleb128 0x2e
 9857 045f 01       		.byte	0x1
 9858 0460 3F       		.uleb128 0x3f
 9859 0461 19       		.uleb128 0x19
 9860 0462 03       		.uleb128 0x3
ARM GAS  /tmp/ccrfHNBB.s 			page 174


 9861 0463 0E       		.uleb128 0xe
 9862 0464 3A       		.uleb128 0x3a
 9863 0465 0B       		.uleb128 0xb
 9864 0466 3B       		.uleb128 0x3b
 9865 0467 05       		.uleb128 0x5
 9866 0468 39       		.uleb128 0x39
 9867 0469 0B       		.uleb128 0xb
 9868 046a 27       		.uleb128 0x27
 9869 046b 19       		.uleb128 0x19
 9870 046c 01       		.uleb128 0x1
 9871 046d 13       		.uleb128 0x13
 9872 046e 00       		.byte	0
 9873 046f 00       		.byte	0
 9874 0470 46       		.uleb128 0x46
 9875 0471 0B       		.uleb128 0xb
 9876 0472 01       		.byte	0x1
 9877 0473 31       		.uleb128 0x31
 9878 0474 13       		.uleb128 0x13
 9879 0475 55       		.uleb128 0x55
 9880 0476 17       		.uleb128 0x17
 9881 0477 00       		.byte	0
 9882 0478 00       		.byte	0
 9883 0479 47       		.uleb128 0x47
 9884 047a 0B       		.uleb128 0xb
 9885 047b 01       		.byte	0x1
 9886 047c 00       		.byte	0
 9887 047d 00       		.byte	0
 9888 047e 48       		.uleb128 0x48
 9889 047f 0B       		.uleb128 0xb
 9890 0480 01       		.byte	0x1
 9891 0481 11       		.uleb128 0x11
 9892 0482 01       		.uleb128 0x1
 9893 0483 12       		.uleb128 0x12
 9894 0484 06       		.uleb128 0x6
 9895 0485 00       		.byte	0
 9896 0486 00       		.byte	0
 9897 0487 49       		.uleb128 0x49
 9898 0488 48       		.uleb128 0x48
 9899 0489 01       		.byte	0x1
 9900 048a 7D       		.uleb128 0x7d
 9901 048b 01       		.uleb128 0x1
 9902 048c 00       		.byte	0
 9903 048d 00       		.byte	0
 9904 048e 4A       		.uleb128 0x4a
 9905 048f 2E       		.uleb128 0x2e
 9906 0490 01       		.byte	0x1
 9907 0491 3F       		.uleb128 0x3f
 9908 0492 19       		.uleb128 0x19
 9909 0493 03       		.uleb128 0x3
 9910 0494 0E       		.uleb128 0xe
 9911 0495 3A       		.uleb128 0x3a
 9912 0496 0B       		.uleb128 0xb
 9913 0497 3B       		.uleb128 0x3b
 9914 0498 05       		.uleb128 0x5
 9915 0499 39       		.uleb128 0x39
 9916 049a 0B       		.uleb128 0xb
 9917 049b 27       		.uleb128 0x27
ARM GAS  /tmp/ccrfHNBB.s 			page 175


 9918 049c 19       		.uleb128 0x19
 9919 049d 49       		.uleb128 0x49
 9920 049e 13       		.uleb128 0x13
 9921 049f 20       		.uleb128 0x20
 9922 04a0 0B       		.uleb128 0xb
 9923 04a1 01       		.uleb128 0x1
 9924 04a2 13       		.uleb128 0x13
 9925 04a3 00       		.byte	0
 9926 04a4 00       		.byte	0
 9927 04a5 4B       		.uleb128 0x4b
 9928 04a6 2E       		.uleb128 0x2e
 9929 04a7 01       		.byte	0x1
 9930 04a8 3F       		.uleb128 0x3f
 9931 04a9 19       		.uleb128 0x19
 9932 04aa 03       		.uleb128 0x3
 9933 04ab 0E       		.uleb128 0xe
 9934 04ac 3A       		.uleb128 0x3a
 9935 04ad 0B       		.uleb128 0xb
 9936 04ae 3B       		.uleb128 0x3b
 9937 04af 0B       		.uleb128 0xb
 9938 04b0 39       		.uleb128 0x39
 9939 04b1 0B       		.uleb128 0xb
 9940 04b2 27       		.uleb128 0x27
 9941 04b3 19       		.uleb128 0x19
 9942 04b4 20       		.uleb128 0x20
 9943 04b5 0B       		.uleb128 0xb
 9944 04b6 01       		.uleb128 0x1
 9945 04b7 13       		.uleb128 0x13
 9946 04b8 00       		.byte	0
 9947 04b9 00       		.byte	0
 9948 04ba 4C       		.uleb128 0x4c
 9949 04bb 2E       		.uleb128 0x2e
 9950 04bc 00       		.byte	0
 9951 04bd 03       		.uleb128 0x3
 9952 04be 0E       		.uleb128 0xe
 9953 04bf 3A       		.uleb128 0x3a
 9954 04c0 0B       		.uleb128 0xb
 9955 04c1 3B       		.uleb128 0x3b
 9956 04c2 05       		.uleb128 0x5
 9957 04c3 39       		.uleb128 0x39
 9958 04c4 0B       		.uleb128 0xb
 9959 04c5 27       		.uleb128 0x27
 9960 04c6 19       		.uleb128 0x19
 9961 04c7 49       		.uleb128 0x49
 9962 04c8 13       		.uleb128 0x13
 9963 04c9 20       		.uleb128 0x20
 9964 04ca 0B       		.uleb128 0xb
 9965 04cb 00       		.byte	0
 9966 04cc 00       		.byte	0
 9967 04cd 4D       		.uleb128 0x4d
 9968 04ce 2E       		.uleb128 0x2e
 9969 04cf 00       		.byte	0
 9970 04d0 03       		.uleb128 0x3
 9971 04d1 0E       		.uleb128 0xe
 9972 04d2 3A       		.uleb128 0x3a
 9973 04d3 0B       		.uleb128 0xb
 9974 04d4 3B       		.uleb128 0x3b
ARM GAS  /tmp/ccrfHNBB.s 			page 176


 9975 04d5 0B       		.uleb128 0xb
 9976 04d6 39       		.uleb128 0x39
 9977 04d7 0B       		.uleb128 0xb
 9978 04d8 27       		.uleb128 0x27
 9979 04d9 19       		.uleb128 0x19
 9980 04da 49       		.uleb128 0x49
 9981 04db 13       		.uleb128 0x13
 9982 04dc 20       		.uleb128 0x20
 9983 04dd 0B       		.uleb128 0xb
 9984 04de 00       		.byte	0
 9985 04df 00       		.byte	0
 9986 04e0 4E       		.uleb128 0x4e
 9987 04e1 2E       		.uleb128 0x2e
 9988 04e2 01       		.byte	0x1
 9989 04e3 03       		.uleb128 0x3
 9990 04e4 0E       		.uleb128 0xe
 9991 04e5 3A       		.uleb128 0x3a
 9992 04e6 0B       		.uleb128 0xb
 9993 04e7 3B       		.uleb128 0x3b
 9994 04e8 0B       		.uleb128 0xb
 9995 04e9 39       		.uleb128 0x39
 9996 04ea 0B       		.uleb128 0xb
 9997 04eb 27       		.uleb128 0x27
 9998 04ec 19       		.uleb128 0x19
 9999 04ed 49       		.uleb128 0x49
 10000 04ee 13       		.uleb128 0x13
 10001 04ef 20       		.uleb128 0x20
 10002 04f0 0B       		.uleb128 0xb
 10003 04f1 01       		.uleb128 0x1
 10004 04f2 13       		.uleb128 0x13
 10005 04f3 00       		.byte	0
 10006 04f4 00       		.byte	0
 10007 04f5 4F       		.uleb128 0x4f
 10008 04f6 34       		.uleb128 0x34
 10009 04f7 00       		.byte	0
 10010 04f8 31       		.uleb128 0x31
 10011 04f9 13       		.uleb128 0x13
 10012 04fa 00       		.byte	0
 10013 04fb 00       		.byte	0
 10014 04fc 50       		.uleb128 0x50
 10015 04fd 48       		.uleb128 0x48
 10016 04fe 01       		.byte	0x1
 10017 04ff 7D       		.uleb128 0x7d
 10018 0500 01       		.uleb128 0x1
 10019 0501 8201     		.uleb128 0x82
 10020 0503 19       		.uleb128 0x19
 10021 0504 00       		.byte	0
 10022 0505 00       		.byte	0
 10023 0506 51       		.uleb128 0x51
 10024 0507 2E       		.uleb128 0x2e
 10025 0508 01       		.byte	0x1
 10026 0509 31       		.uleb128 0x31
 10027 050a 13       		.uleb128 0x13
 10028 050b 11       		.uleb128 0x11
 10029 050c 01       		.uleb128 0x1
 10030 050d 12       		.uleb128 0x12
 10031 050e 06       		.uleb128 0x6
ARM GAS  /tmp/ccrfHNBB.s 			page 177


 10032 050f 40       		.uleb128 0x40
 10033 0510 18       		.uleb128 0x18
 10034 0511 7A       		.uleb128 0x7a
 10035 0512 19       		.uleb128 0x19
 10036 0513 00       		.byte	0
 10037 0514 00       		.byte	0
 10038 0515 52       		.uleb128 0x52
 10039 0516 0B       		.uleb128 0xb
 10040 0517 01       		.byte	0x1
 10041 0518 31       		.uleb128 0x31
 10042 0519 13       		.uleb128 0x13
 10043 051a 11       		.uleb128 0x11
 10044 051b 01       		.uleb128 0x1
 10045 051c 12       		.uleb128 0x12
 10046 051d 06       		.uleb128 0x6
 10047 051e 00       		.byte	0
 10048 051f 00       		.byte	0
 10049 0520 00       		.byte	0
 10050              		.section	.debug_loclists,"",%progbits
 10051 0000 640B0000 		.4byte	.Ldebug_loc3-.Ldebug_loc2
 10052              	.Ldebug_loc2:
 10053 0004 0500     		.2byte	0x5
 10054 0006 04       		.byte	0x4
 10055 0007 00       		.byte	0
 10056 0008 00000000 		.4byte	0
 10057              	.Ldebug_loc0:
 10058              	.LVUS185:
 10059 000c 00       		.uleb128 0
 10060 000d 00       		.uleb128 .LVU1517
 10061 000e 00       		.uleb128 .LVU1517
 10062 000f 00       		.uleb128 0
 10063              	.LLST185:
 10064 0010 06       		.byte	0x6
 10065 0011 00000000 		.4byte	.LVL165
 10066 0015 04       		.byte	0x4
 10067 0016 00       		.uleb128 .LVL165-.LVL165
 10068 0017 0C       		.uleb128 .LVL167-.LVL165
 10069 0018 01       		.uleb128 0x1
 10070 0019 50       		.byte	0x50
 10071 001a 04       		.byte	0x4
 10072 001b 0C       		.uleb128 .LVL167-.LVL165
 10073 001c 3C       		.uleb128 .LFE239-.LVL165
 10074 001d 01       		.uleb128 0x1
 10075 001e 54       		.byte	0x54
 10076 001f 00       		.byte	0
 10077              	.LVUS186:
 10078 0020 00       		.uleb128 0
 10079 0021 00       		.uleb128 .LVU1519
 10080 0022 00       		.uleb128 .LVU1519
 10081 0023 00       		.uleb128 0
 10082              	.LLST186:
 10083 0024 06       		.byte	0x6
 10084 0025 00000000 		.4byte	.LVL165
 10085 0029 04       		.byte	0x4
 10086 002a 00       		.uleb128 .LVL165-.LVL165
 10087 002b 18       		.uleb128 .LVL168-.LVL165
 10088 002c 01       		.uleb128 0x1
ARM GAS  /tmp/ccrfHNBB.s 			page 178


 10089 002d 51       		.byte	0x51
 10090 002e 04       		.byte	0x4
 10091 002f 18       		.uleb128 .LVL168-.LVL165
 10092 0030 3C       		.uleb128 .LFE239-.LVL165
 10093 0031 01       		.uleb128 0x1
 10094 0032 55       		.byte	0x55
 10095 0033 00       		.byte	0
 10096              	.LVUS188:
 10097 0034 00       		.uleb128 .LVU1514
 10098 0035 00       		.uleb128 .LVU1517
 10099 0036 02       		.uleb128 .LVU1547
 10100 0037 00       		.uleb128 .LVU1550
 10101              	.LLST188:
 10102 0038 06       		.byte	0x6
 10103 0039 08000000 		.4byte	.LVL166
 10104 003d 04       		.byte	0x4
 10105 003e 00       		.uleb128 .LVL166-.LVL166
 10106 003f 04       		.uleb128 .LVL167-.LVL166
 10107 0040 01       		.uleb128 0x1
 10108 0041 50       		.byte	0x50
 10109 0042 04       		.byte	0x4
 10110 0043 24       		.uleb128 .LVL170-.LVL166
 10111 0044 28       		.uleb128 .LVL171-.LVL166
 10112 0045 01       		.uleb128 0x1
 10113 0046 54       		.byte	0x54
 10114 0047 00       		.byte	0
 10115              	.LVUS189:
 10116 0048 01       		.uleb128 .LVU1520
 10117 0049 00       		.uleb128 .LVU1545
 10118              	.LLST189:
 10119 004a 08       		.byte	0x8
 10120 004b 18000000 		.4byte	.LVL168
 10121 004f 14       		.uleb128 .LVL170-.LVL168
 10122 0050 01       		.uleb128 0x1
 10123 0051 55       		.byte	0x55
 10124 0052 00       		.byte	0
 10125              	.LVUS190:
 10126 0053 01       		.uleb128 .LVU1520
 10127 0054 00       		.uleb128 .LVU1545
 10128              	.LLST190:
 10129 0055 08       		.byte	0x8
 10130 0056 18000000 		.4byte	.LVL168
 10131 005a 14       		.uleb128 .LVL170-.LVL168
 10132 005b 01       		.uleb128 0x1
 10133 005c 54       		.byte	0x54
 10134 005d 00       		.byte	0
 10135              	.LVUS191:
 10136 005e 01       		.uleb128 .LVU1537
 10137 005f 00       		.uleb128 .LVU1545
 10138              	.LLST191:
 10139 0060 08       		.byte	0x8
 10140 0061 24000000 		.4byte	.LVL169
 10141 0065 07       		.uleb128 .LVL170-1-.LVL169
 10142 0066 01       		.uleb128 0x1
 10143 0067 50       		.byte	0x50
 10144 0068 00       		.byte	0
 10145              	.LVUS192:
ARM GAS  /tmp/ccrfHNBB.s 			page 179


 10146 0069 07       		.uleb128 .LVU1526
 10147 006a 01       		.uleb128 .LVU1537
 10148              	.LLST192:
 10149 006b 08       		.byte	0x8
 10150 006c 18000000 		.4byte	.LVL168
 10151 0070 0C       		.uleb128 .LVL169-.LVL168
 10152 0071 01       		.uleb128 0x1
 10153 0072 54       		.byte	0x54
 10154 0073 00       		.byte	0
 10155              	.LVUS193:
 10156 0074 0C       		.uleb128 .LVU1531
 10157 0075 01       		.uleb128 .LVU1537
 10158              	.LLST193:
 10159 0076 08       		.byte	0x8
 10160 0077 18000000 		.4byte	.LVL168
 10161 007b 0C       		.uleb128 .LVL169-.LVL168
 10162 007c 01       		.uleb128 0x1
 10163 007d 50       		.byte	0x50
 10164 007e 00       		.byte	0
 10165              	.LVUS177:
 10166 007f 00       		.uleb128 0
 10167 0080 00       		.uleb128 .LVU1480
 10168 0081 00       		.uleb128 .LVU1480
 10169 0082 00       		.uleb128 .LVU1508
 10170 0083 00       		.uleb128 .LVU1508
 10171 0084 00       		.uleb128 0
 10172              	.LLST177:
 10173 0085 06       		.byte	0x6
 10174 0086 00000000 		.4byte	.LVL159
 10175 008a 04       		.byte	0x4
 10176 008b 00       		.uleb128 .LVL159-.LVL159
 10177 008c 08       		.uleb128 .LVL161-.LVL159
 10178 008d 01       		.uleb128 0x1
 10179 008e 50       		.byte	0x50
 10180 008f 04       		.byte	0x4
 10181 0090 08       		.uleb128 .LVL161-.LVL159
 10182 0091 23       		.uleb128 .LVL164-1-.LVL159
 10183 0092 01       		.uleb128 0x1
 10184 0093 53       		.byte	0x53
 10185 0094 04       		.byte	0x4
 10186 0095 23       		.uleb128 .LVL164-1-.LVL159
 10187 0096 24       		.uleb128 .LFE238-.LVL159
 10188 0097 0A       		.uleb128 0xa
 10189 0098 A3       		.byte	0xa3
 10190 0099 03       		.uleb128 0x3
 10191 009a A5       		.byte	0xa5
 10192 009b 00       		.uleb128 0
 10193 009c 26       		.uleb128 0x26
 10194 009d A8       		.byte	0xa8
 10195 009e 2D       		.uleb128 0x2d
 10196 009f A8       		.byte	0xa8
 10197 00a0 00       		.uleb128 0
 10198 00a1 9F       		.byte	0x9f
 10199 00a2 00       		.byte	0
 10200              	.LVUS178:
 10201 00a3 00       		.uleb128 0
 10202 00a4 00       		.uleb128 .LVU1508
ARM GAS  /tmp/ccrfHNBB.s 			page 180


 10203 00a5 00       		.uleb128 .LVU1508
 10204 00a6 00       		.uleb128 0
 10205              	.LLST178:
 10206 00a7 06       		.byte	0x6
 10207 00a8 00000000 		.4byte	.LVL159
 10208 00ac 04       		.byte	0x4
 10209 00ad 00       		.uleb128 .LVL159-.LVL159
 10210 00ae 23       		.uleb128 .LVL164-1-.LVL159
 10211 00af 01       		.uleb128 0x1
 10212 00b0 51       		.byte	0x51
 10213 00b1 04       		.byte	0x4
 10214 00b2 23       		.uleb128 .LVL164-1-.LVL159
 10215 00b3 24       		.uleb128 .LFE238-.LVL159
 10216 00b4 0A       		.uleb128 0xa
 10217 00b5 A3       		.byte	0xa3
 10218 00b6 03       		.uleb128 0x3
 10219 00b7 A5       		.byte	0xa5
 10220 00b8 01       		.uleb128 0x1
 10221 00b9 26       		.uleb128 0x26
 10222 00ba A8       		.byte	0xa8
 10223 00bb 2D       		.uleb128 0x2d
 10224 00bc A8       		.byte	0xa8
 10225 00bd 00       		.uleb128 0
 10226 00be 9F       		.byte	0x9f
 10227 00bf 00       		.byte	0
 10228              	.LVUS179:
 10229 00c0 00       		.uleb128 .LVU1477
 10230 00c1 00       		.uleb128 .LVU1480
 10231              	.LLST179:
 10232 00c2 08       		.byte	0x8
 10233 00c3 04000000 		.4byte	.LVL160
 10234 00c7 04       		.uleb128 .LVL161-.LVL160
 10235 00c8 01       		.uleb128 0x1
 10236 00c9 50       		.byte	0x50
 10237 00ca 00       		.byte	0
 10238              	.LVUS180:
 10239 00cb 01       		.uleb128 .LVU1483
 10240 00cc 00       		.uleb128 .LVU1508
 10241 00cd 00       		.uleb128 .LVU1508
 10242 00ce 00       		.uleb128 0
 10243              	.LLST180:
 10244 00cf 06       		.byte	0x6
 10245 00d0 10000000 		.4byte	.LVL162
 10246 00d4 04       		.byte	0x4
 10247 00d5 00       		.uleb128 .LVL162-.LVL162
 10248 00d6 13       		.uleb128 .LVL164-1-.LVL162
 10249 00d7 01       		.uleb128 0x1
 10250 00d8 51       		.byte	0x51
 10251 00d9 04       		.byte	0x4
 10252 00da 13       		.uleb128 .LVL164-1-.LVL162
 10253 00db 14       		.uleb128 .LFE238-.LVL162
 10254 00dc 0A       		.uleb128 0xa
 10255 00dd A3       		.byte	0xa3
 10256 00de 03       		.uleb128 0x3
 10257 00df A5       		.byte	0xa5
 10258 00e0 01       		.uleb128 0x1
 10259 00e1 26       		.uleb128 0x26
ARM GAS  /tmp/ccrfHNBB.s 			page 181


 10260 00e2 A8       		.byte	0xa8
 10261 00e3 2D       		.uleb128 0x2d
 10262 00e4 A8       		.byte	0xa8
 10263 00e5 00       		.uleb128 0
 10264 00e6 9F       		.byte	0x9f
 10265 00e7 00       		.byte	0
 10266              	.LVUS181:
 10267 00e8 01       		.uleb128 .LVU1483
 10268 00e9 00       		.uleb128 .LVU1508
 10269 00ea 00       		.uleb128 .LVU1508
 10270 00eb 00       		.uleb128 0
 10271              	.LLST181:
 10272 00ec 06       		.byte	0x6
 10273 00ed 10000000 		.4byte	.LVL162
 10274 00f1 04       		.byte	0x4
 10275 00f2 00       		.uleb128 .LVL162-.LVL162
 10276 00f3 13       		.uleb128 .LVL164-1-.LVL162
 10277 00f4 01       		.uleb128 0x1
 10278 00f5 53       		.byte	0x53
 10279 00f6 04       		.byte	0x4
 10280 00f7 13       		.uleb128 .LVL164-1-.LVL162
 10281 00f8 14       		.uleb128 .LFE238-.LVL162
 10282 00f9 0A       		.uleb128 0xa
 10283 00fa A3       		.byte	0xa3
 10284 00fb 03       		.uleb128 0x3
 10285 00fc A5       		.byte	0xa5
 10286 00fd 00       		.uleb128 0
 10287 00fe 26       		.uleb128 0x26
 10288 00ff A8       		.byte	0xa8
 10289 0100 2D       		.uleb128 0x2d
 10290 0101 A8       		.byte	0xa8
 10291 0102 00       		.uleb128 0
 10292 0103 9F       		.byte	0x9f
 10293 0104 00       		.byte	0
 10294              	.LVUS182:
 10295 0105 01       		.uleb128 .LVU1500
 10296 0106 00       		.uleb128 .LVU1508
 10297              	.LLST182:
 10298 0107 08       		.byte	0x8
 10299 0108 1C000000 		.4byte	.LVL163
 10300 010c 07       		.uleb128 .LVL164-1-.LVL163
 10301 010d 01       		.uleb128 0x1
 10302 010e 50       		.byte	0x50
 10303 010f 00       		.byte	0
 10304              	.LVUS183:
 10305 0110 07       		.uleb128 .LVU1489
 10306 0111 01       		.uleb128 .LVU1500
 10307              	.LLST183:
 10308 0112 08       		.byte	0x8
 10309 0113 10000000 		.4byte	.LVL162
 10310 0117 0C       		.uleb128 .LVL163-.LVL162
 10311 0118 01       		.uleb128 0x1
 10312 0119 53       		.byte	0x53
 10313 011a 00       		.byte	0
 10314              	.LVUS184:
 10315 011b 0C       		.uleb128 .LVU1494
 10316 011c 01       		.uleb128 .LVU1500
ARM GAS  /tmp/ccrfHNBB.s 			page 182


 10317              	.LLST184:
 10318 011d 08       		.byte	0x8
 10319 011e 10000000 		.4byte	.LVL162
 10320 0122 0C       		.uleb128 .LVL163-.LVL162
 10321 0123 01       		.uleb128 0x1
 10322 0124 50       		.byte	0x50
 10323 0125 00       		.byte	0
 10324              	.LVUS170:
 10325 0126 00       		.uleb128 0
 10326 0127 00       		.uleb128 .LVU1466
 10327 0128 00       		.uleb128 .LVU1466
 10328 0129 00       		.uleb128 .LVU1472
 10329 012a 00       		.uleb128 .LVU1472
 10330 012b 00       		.uleb128 .LVU1472
 10331 012c 00       		.uleb128 .LVU1472
 10332 012d 00       		.uleb128 .LVU1473
 10333 012e 00       		.uleb128 .LVU1473
 10334 012f 00       		.uleb128 0
 10335              	.LLST170:
 10336 0130 06       		.byte	0x6
 10337 0131 00000000 		.4byte	.LVL152
 10338 0135 04       		.byte	0x4
 10339 0136 00       		.uleb128 .LVL152-.LVL152
 10340 0137 28       		.uleb128 .LVL155-.LVL152
 10341 0138 01       		.uleb128 0x1
 10342 0139 50       		.byte	0x50
 10343 013a 04       		.byte	0x4
 10344 013b 28       		.uleb128 .LVL155-.LVL152
 10345 013c 33       		.uleb128 .LVL157-1-.LVL152
 10346 013d 01       		.uleb128 0x1
 10347 013e 53       		.byte	0x53
 10348 013f 04       		.byte	0x4
 10349 0140 33       		.uleb128 .LVL157-1-.LVL152
 10350 0141 34       		.uleb128 .LVL157-.LVL152
 10351 0142 0A       		.uleb128 0xa
 10352 0143 A3       		.byte	0xa3
 10353 0144 03       		.uleb128 0x3
 10354 0145 A5       		.byte	0xa5
 10355 0146 00       		.uleb128 0
 10356 0147 26       		.uleb128 0x26
 10357 0148 A8       		.byte	0xa8
 10358 0149 2D       		.uleb128 0x2d
 10359 014a A8       		.byte	0xa8
 10360 014b 00       		.uleb128 0
 10361 014c 9F       		.byte	0x9f
 10362 014d 04       		.byte	0x4
 10363 014e 34       		.uleb128 .LVL157-.LVL152
 10364 014f 38       		.uleb128 .LVL158-.LVL152
 10365 0150 01       		.uleb128 0x1
 10366 0151 50       		.byte	0x50
 10367 0152 04       		.byte	0x4
 10368 0153 38       		.uleb128 .LVL158-.LVL152
 10369 0154 3C       		.uleb128 .LFE237-.LVL152
 10370 0155 01       		.uleb128 0x1
 10371 0156 53       		.byte	0x53
 10372 0157 00       		.byte	0
 10373              	.LVUS171:
ARM GAS  /tmp/ccrfHNBB.s 			page 183


 10374 0158 00       		.uleb128 0
 10375 0159 00       		.uleb128 .LVU1472
 10376 015a 00       		.uleb128 .LVU1472
 10377 015b 00       		.uleb128 .LVU1472
 10378 015c 00       		.uleb128 .LVU1472
 10379 015d 00       		.uleb128 0
 10380              	.LLST171:
 10381 015e 06       		.byte	0x6
 10382 015f 00000000 		.4byte	.LVL152
 10383 0163 04       		.byte	0x4
 10384 0164 00       		.uleb128 .LVL152-.LVL152
 10385 0165 33       		.uleb128 .LVL157-1-.LVL152
 10386 0166 01       		.uleb128 0x1
 10387 0167 51       		.byte	0x51
 10388 0168 04       		.byte	0x4
 10389 0169 33       		.uleb128 .LVL157-1-.LVL152
 10390 016a 34       		.uleb128 .LVL157-.LVL152
 10391 016b 0A       		.uleb128 0xa
 10392 016c A3       		.byte	0xa3
 10393 016d 03       		.uleb128 0x3
 10394 016e A5       		.byte	0xa5
 10395 016f 01       		.uleb128 0x1
 10396 0170 26       		.uleb128 0x26
 10397 0171 A8       		.byte	0xa8
 10398 0172 2D       		.uleb128 0x2d
 10399 0173 A8       		.byte	0xa8
 10400 0174 00       		.uleb128 0
 10401 0175 9F       		.byte	0x9f
 10402 0176 04       		.byte	0x4
 10403 0177 34       		.uleb128 .LVL157-.LVL152
 10404 0178 3C       		.uleb128 .LFE237-.LVL152
 10405 0179 01       		.uleb128 0x1
 10406 017a 51       		.byte	0x51
 10407 017b 00       		.byte	0
 10408              	.LVUS172:
 10409 017c 00       		.uleb128 .LVU1454
 10410 017d 00       		.uleb128 .LVU1472
 10411 017e 00       		.uleb128 .LVU1472
 10412 017f 00       		.uleb128 0
 10413              	.LLST172:
 10414 0180 06       		.byte	0x6
 10415 0181 14000000 		.4byte	.LVL153
 10416 0185 04       		.byte	0x4
 10417 0186 00       		.uleb128 .LVL153-.LVL153
 10418 0187 1F       		.uleb128 .LVL157-1-.LVL153
 10419 0188 01       		.uleb128 0x1
 10420 0189 52       		.byte	0x52
 10421 018a 04       		.byte	0x4
 10422 018b 20       		.uleb128 .LVL157-.LVL153
 10423 018c 28       		.uleb128 .LFE237-.LVL153
 10424 018d 01       		.uleb128 0x1
 10425 018e 52       		.byte	0x52
 10426 018f 00       		.byte	0
 10427              	.LVUS175:
 10428 0190 01       		.uleb128 .LVU1458
 10429 0191 00       		.uleb128 .LVU1469
 10430              	.LLST175:
ARM GAS  /tmp/ccrfHNBB.s 			page 184


 10431 0192 08       		.byte	0x8
 10432 0193 18000000 		.4byte	.LVL154
 10433 0197 18       		.uleb128 .LVL156-.LVL154
 10434 0198 01       		.uleb128 0x1
 10435 0199 52       		.byte	0x52
 10436 019a 00       		.byte	0
 10437              	.LVUS176:
 10438 019b 01       		.uleb128 .LVU1458
 10439 019c 00       		.uleb128 .LVU1466
 10440 019d 00       		.uleb128 .LVU1466
 10441 019e 00       		.uleb128 .LVU1469
 10442              	.LLST176:
 10443 019f 06       		.byte	0x6
 10444 01a0 18000000 		.4byte	.LVL154
 10445 01a4 04       		.byte	0x4
 10446 01a5 00       		.uleb128 .LVL154-.LVL154
 10447 01a6 10       		.uleb128 .LVL155-.LVL154
 10448 01a7 01       		.uleb128 0x1
 10449 01a8 50       		.byte	0x50
 10450 01a9 04       		.byte	0x4
 10451 01aa 10       		.uleb128 .LVL155-.LVL154
 10452 01ab 18       		.uleb128 .LVL156-.LVL154
 10453 01ac 01       		.uleb128 0x1
 10454 01ad 53       		.byte	0x53
 10455 01ae 00       		.byte	0
 10456              	.LVUS169:
 10457 01af 05       		.uleb128 .LVU1438
 10458 01b0 00       		.uleb128 .LVU1442
 10459              	.LLST169:
 10460 01b1 08       		.byte	0x8
 10461 01b2 00000000 		.4byte	.LVL150
 10462 01b6 08       		.uleb128 .LVL151-.LVL150
 10463 01b7 01       		.uleb128 0x1
 10464 01b8 50       		.byte	0x50
 10465 01b9 00       		.byte	0
 10466              	.LVUS161:
 10467 01ba 00       		.uleb128 0
 10468 01bb 00       		.uleb128 .LVU1401
 10469 01bc 00       		.uleb128 .LVU1401
 10470 01bd 00       		.uleb128 .LVU1411
 10471 01be 00       		.uleb128 .LVU1411
 10472 01bf 00       		.uleb128 .LVU1423
 10473 01c0 00       		.uleb128 .LVU1423
 10474 01c1 00       		.uleb128 0
 10475              	.LLST161:
 10476 01c2 06       		.byte	0x6
 10477 01c3 00000000 		.4byte	.LVL144
 10478 01c7 04       		.byte	0x4
 10479 01c8 00       		.uleb128 .LVL144-.LVL144
 10480 01c9 0C       		.uleb128 .LVL146-.LVL144
 10481 01ca 01       		.uleb128 0x1
 10482 01cb 50       		.byte	0x50
 10483 01cc 04       		.byte	0x4
 10484 01cd 0C       		.uleb128 .LVL146-.LVL144
 10485 01ce 23       		.uleb128 .LVL148-1-.LVL144
 10486 01cf 01       		.uleb128 0x1
 10487 01d0 53       		.byte	0x53
ARM GAS  /tmp/ccrfHNBB.s 			page 185


 10488 01d1 04       		.byte	0x4
 10489 01d2 23       		.uleb128 .LVL148-1-.LVL144
 10490 01d3 2C       		.uleb128 .LVL149-.LVL144
 10491 01d4 0A       		.uleb128 0xa
 10492 01d5 A3       		.byte	0xa3
 10493 01d6 03       		.uleb128 0x3
 10494 01d7 A5       		.byte	0xa5
 10495 01d8 00       		.uleb128 0
 10496 01d9 26       		.uleb128 0x26
 10497 01da A8       		.byte	0xa8
 10498 01db 2D       		.uleb128 0x2d
 10499 01dc A8       		.byte	0xa8
 10500 01dd 00       		.uleb128 0
 10501 01de 9F       		.byte	0x9f
 10502 01df 04       		.byte	0x4
 10503 01e0 2C       		.uleb128 .LVL149-.LVL144
 10504 01e1 34       		.uleb128 .LFE234-.LVL144
 10505 01e2 01       		.uleb128 0x1
 10506 01e3 53       		.byte	0x53
 10507 01e4 00       		.byte	0
 10508              	.LVUS162:
 10509 01e5 00       		.uleb128 0
 10510 01e6 00       		.uleb128 .LVU1411
 10511 01e7 00       		.uleb128 .LVU1411
 10512 01e8 00       		.uleb128 .LVU1423
 10513 01e9 00       		.uleb128 .LVU1423
 10514 01ea 00       		.uleb128 0
 10515              	.LLST162:
 10516 01eb 06       		.byte	0x6
 10517 01ec 00000000 		.4byte	.LVL144
 10518 01f0 04       		.byte	0x4
 10519 01f1 00       		.uleb128 .LVL144-.LVL144
 10520 01f2 23       		.uleb128 .LVL148-1-.LVL144
 10521 01f3 01       		.uleb128 0x1
 10522 01f4 51       		.byte	0x51
 10523 01f5 04       		.byte	0x4
 10524 01f6 23       		.uleb128 .LVL148-1-.LVL144
 10525 01f7 2C       		.uleb128 .LVL149-.LVL144
 10526 01f8 0A       		.uleb128 0xa
 10527 01f9 A3       		.byte	0xa3
 10528 01fa 03       		.uleb128 0x3
 10529 01fb A5       		.byte	0xa5
 10530 01fc 01       		.uleb128 0x1
 10531 01fd 26       		.uleb128 0x26
 10532 01fe A8       		.byte	0xa8
 10533 01ff 2D       		.uleb128 0x2d
 10534 0200 A8       		.byte	0xa8
 10535 0201 00       		.uleb128 0
 10536 0202 9F       		.byte	0x9f
 10537 0203 04       		.byte	0x4
 10538 0204 2C       		.uleb128 .LVL149-.LVL144
 10539 0205 34       		.uleb128 .LFE234-.LVL144
 10540 0206 01       		.uleb128 0x1
 10541 0207 51       		.byte	0x51
 10542 0208 00       		.byte	0
 10543              	.LVUS164:
 10544 0209 03       		.uleb128 .LVU1398
ARM GAS  /tmp/ccrfHNBB.s 			page 186


 10545 020a 00       		.uleb128 .LVU1411
 10546 020b 00       		.uleb128 .LVU1411
 10547 020c 00       		.uleb128 .LVU1411
 10548              	.LLST164:
 10549 020d 06       		.byte	0x6
 10550 020e 08000000 		.4byte	.LVL145
 10551 0212 04       		.byte	0x4
 10552 0213 00       		.uleb128 .LVL145-.LVL145
 10553 0214 1B       		.uleb128 .LVL148-1-.LVL145
 10554 0215 01       		.uleb128 0x1
 10555 0216 51       		.byte	0x51
 10556 0217 04       		.byte	0x4
 10557 0218 1B       		.uleb128 .LVL148-1-.LVL145
 10558 0219 1C       		.uleb128 .LVL148-.LVL145
 10559 021a 0A       		.uleb128 0xa
 10560 021b A3       		.byte	0xa3
 10561 021c 03       		.uleb128 0x3
 10562 021d A5       		.byte	0xa5
 10563 021e 01       		.uleb128 0x1
 10564 021f 26       		.uleb128 0x26
 10565 0220 A8       		.byte	0xa8
 10566 0221 2D       		.uleb128 0x2d
 10567 0222 A8       		.byte	0xa8
 10568 0223 00       		.uleb128 0
 10569 0224 9F       		.byte	0x9f
 10570 0225 00       		.byte	0
 10571              	.LVUS165:
 10572 0226 03       		.uleb128 .LVU1398
 10573 0227 00       		.uleb128 .LVU1401
 10574 0228 00       		.uleb128 .LVU1401
 10575 0229 00       		.uleb128 .LVU1411
 10576 022a 00       		.uleb128 .LVU1411
 10577 022b 00       		.uleb128 .LVU1411
 10578              	.LLST165:
 10579 022c 06       		.byte	0x6
 10580 022d 08000000 		.4byte	.LVL145
 10581 0231 04       		.byte	0x4
 10582 0232 00       		.uleb128 .LVL145-.LVL145
 10583 0233 04       		.uleb128 .LVL146-.LVL145
 10584 0234 01       		.uleb128 0x1
 10585 0235 50       		.byte	0x50
 10586 0236 04       		.byte	0x4
 10587 0237 04       		.uleb128 .LVL146-.LVL145
 10588 0238 1B       		.uleb128 .LVL148-1-.LVL145
 10589 0239 01       		.uleb128 0x1
 10590 023a 53       		.byte	0x53
 10591 023b 04       		.byte	0x4
 10592 023c 1B       		.uleb128 .LVL148-1-.LVL145
 10593 023d 1C       		.uleb128 .LVL148-.LVL145
 10594 023e 0A       		.uleb128 0xa
 10595 023f A3       		.byte	0xa3
 10596 0240 03       		.uleb128 0x3
 10597 0241 A5       		.byte	0xa5
 10598 0242 00       		.uleb128 0
 10599 0243 26       		.uleb128 0x26
 10600 0244 A8       		.byte	0xa8
 10601 0245 2D       		.uleb128 0x2d
ARM GAS  /tmp/ccrfHNBB.s 			page 187


 10602 0246 A8       		.byte	0xa8
 10603 0247 00       		.uleb128 0
 10604 0248 9F       		.byte	0x9f
 10605 0249 00       		.byte	0
 10606              	.LVUS167:
 10607 024a 01       		.uleb128 .LVU1403
 10608 024b 00       		.uleb128 .LVU1411
 10609              	.LLST167:
 10610 024c 08       		.byte	0x8
 10611 024d 14000000 		.4byte	.LVL147
 10612 0251 0F       		.uleb128 .LVL148-1-.LVL147
 10613 0252 01       		.uleb128 0x1
 10614 0253 50       		.byte	0x50
 10615 0254 00       		.byte	0
 10616              	.LVUS155:
 10617 0255 00       		.uleb128 0
 10618 0256 00       		.uleb128 .LVU1363
 10619 0257 00       		.uleb128 .LVU1363
 10620 0258 00       		.uleb128 .LVU1374
 10621 0259 00       		.uleb128 .LVU1374
 10622 025a 00       		.uleb128 0
 10623              	.LLST155:
 10624 025b 06       		.byte	0x6
 10625 025c 00000000 		.4byte	.LVL136
 10626 0260 04       		.byte	0x4
 10627 0261 00       		.uleb128 .LVL136-.LVL136
 10628 0262 08       		.uleb128 .LVL137-.LVL136
 10629 0263 01       		.uleb128 0x1
 10630 0264 50       		.byte	0x50
 10631 0265 04       		.byte	0x4
 10632 0266 08       		.uleb128 .LVL137-.LVL136
 10633 0267 1F       		.uleb128 .LVL139-1-.LVL136
 10634 0268 01       		.uleb128 0x1
 10635 0269 53       		.byte	0x53
 10636 026a 04       		.byte	0x4
 10637 026b 1F       		.uleb128 .LVL139-1-.LVL136
 10638 026c 20       		.uleb128 .LFE232-.LVL136
 10639 026d 0A       		.uleb128 0xa
 10640 026e A3       		.byte	0xa3
 10641 026f 03       		.uleb128 0x3
 10642 0270 A5       		.byte	0xa5
 10643 0271 00       		.uleb128 0
 10644 0272 26       		.uleb128 0x26
 10645 0273 A8       		.byte	0xa8
 10646 0274 2D       		.uleb128 0x2d
 10647 0275 A8       		.byte	0xa8
 10648 0276 00       		.uleb128 0
 10649 0277 9F       		.byte	0x9f
 10650 0278 00       		.byte	0
 10651              	.LVUS156:
 10652 0279 00       		.uleb128 0
 10653 027a 00       		.uleb128 .LVU1374
 10654 027b 00       		.uleb128 .LVU1374
 10655 027c 00       		.uleb128 0
 10656              	.LLST156:
 10657 027d 06       		.byte	0x6
 10658 027e 00000000 		.4byte	.LVL136
ARM GAS  /tmp/ccrfHNBB.s 			page 188


 10659 0282 04       		.byte	0x4
 10660 0283 00       		.uleb128 .LVL136-.LVL136
 10661 0284 1F       		.uleb128 .LVL139-1-.LVL136
 10662 0285 01       		.uleb128 0x1
 10663 0286 51       		.byte	0x51
 10664 0287 04       		.byte	0x4
 10665 0288 1F       		.uleb128 .LVL139-1-.LVL136
 10666 0289 20       		.uleb128 .LFE232-.LVL136
 10667 028a 0A       		.uleb128 0xa
 10668 028b A3       		.byte	0xa3
 10669 028c 03       		.uleb128 0x3
 10670 028d A5       		.byte	0xa5
 10671 028e 01       		.uleb128 0x1
 10672 028f 26       		.uleb128 0x26
 10673 0290 A8       		.byte	0xa8
 10674 0291 2D       		.uleb128 0x2d
 10675 0292 A8       		.byte	0xa8
 10676 0293 00       		.uleb128 0
 10677 0294 9F       		.byte	0x9f
 10678 0295 00       		.byte	0
 10679              	.LVUS157:
 10680 0296 01       		.uleb128 .LVU1365
 10681 0297 00       		.uleb128 .LVU1374
 10682              	.LLST157:
 10683 0298 08       		.byte	0x8
 10684 0299 10000000 		.4byte	.LVL138
 10685 029d 0F       		.uleb128 .LVL139-1-.LVL138
 10686 029e 01       		.uleb128 0x1
 10687 029f 50       		.byte	0x50
 10688 02a0 00       		.byte	0
 10689              	.LVUS151:
 10690 02a1 00       		.uleb128 0
 10691 02a2 00       		.uleb128 .LVU1354
 10692 02a3 00       		.uleb128 .LVU1354
 10693 02a4 00       		.uleb128 .LVU1357
 10694 02a5 00       		.uleb128 .LVU1357
 10695 02a6 00       		.uleb128 .LVU1357
 10696 02a7 00       		.uleb128 .LVU1357
 10697 02a8 00       		.uleb128 .LVU1358
 10698 02a9 00       		.uleb128 .LVU1358
 10699 02aa 00       		.uleb128 0
 10700              	.LLST151:
 10701 02ab 06       		.byte	0x6
 10702 02ac 00000000 		.4byte	.LVL131
 10703 02b0 04       		.byte	0x4
 10704 02b1 00       		.uleb128 .LVL131-.LVL131
 10705 02b2 20       		.uleb128 .LVL133-.LVL131
 10706 02b3 01       		.uleb128 0x1
 10707 02b4 50       		.byte	0x50
 10708 02b5 04       		.byte	0x4
 10709 02b6 20       		.uleb128 .LVL133-.LVL131
 10710 02b7 27       		.uleb128 .LVL134-1-.LVL131
 10711 02b8 01       		.uleb128 0x1
 10712 02b9 53       		.byte	0x53
 10713 02ba 04       		.byte	0x4
 10714 02bb 27       		.uleb128 .LVL134-1-.LVL131
 10715 02bc 28       		.uleb128 .LVL134-.LVL131
ARM GAS  /tmp/ccrfHNBB.s 			page 189


 10716 02bd 0A       		.uleb128 0xa
 10717 02be A3       		.byte	0xa3
 10718 02bf 03       		.uleb128 0x3
 10719 02c0 A5       		.byte	0xa5
 10720 02c1 00       		.uleb128 0
 10721 02c2 26       		.uleb128 0x26
 10722 02c3 A8       		.byte	0xa8
 10723 02c4 2D       		.uleb128 0x2d
 10724 02c5 A8       		.byte	0xa8
 10725 02c6 00       		.uleb128 0
 10726 02c7 9F       		.byte	0x9f
 10727 02c8 04       		.byte	0x4
 10728 02c9 28       		.uleb128 .LVL134-.LVL131
 10729 02ca 2C       		.uleb128 .LVL135-.LVL131
 10730 02cb 01       		.uleb128 0x1
 10731 02cc 50       		.byte	0x50
 10732 02cd 04       		.byte	0x4
 10733 02ce 2C       		.uleb128 .LVL135-.LVL131
 10734 02cf 30       		.uleb128 .LFE231-.LVL131
 10735 02d0 01       		.uleb128 0x1
 10736 02d1 53       		.byte	0x53
 10737 02d2 00       		.byte	0
 10738              	.LVUS152:
 10739 02d3 00       		.uleb128 0
 10740 02d4 00       		.uleb128 .LVU1357
 10741 02d5 00       		.uleb128 .LVU1357
 10742 02d6 00       		.uleb128 .LVU1357
 10743 02d7 00       		.uleb128 .LVU1357
 10744 02d8 00       		.uleb128 0
 10745              	.LLST152:
 10746 02d9 06       		.byte	0x6
 10747 02da 00000000 		.4byte	.LVL131
 10748 02de 04       		.byte	0x4
 10749 02df 00       		.uleb128 .LVL131-.LVL131
 10750 02e0 27       		.uleb128 .LVL134-1-.LVL131
 10751 02e1 01       		.uleb128 0x1
 10752 02e2 51       		.byte	0x51
 10753 02e3 04       		.byte	0x4
 10754 02e4 27       		.uleb128 .LVL134-1-.LVL131
 10755 02e5 28       		.uleb128 .LVL134-.LVL131
 10756 02e6 0A       		.uleb128 0xa
 10757 02e7 A3       		.byte	0xa3
 10758 02e8 03       		.uleb128 0x3
 10759 02e9 A5       		.byte	0xa5
 10760 02ea 01       		.uleb128 0x1
 10761 02eb 26       		.uleb128 0x26
 10762 02ec A8       		.byte	0xa8
 10763 02ed 2D       		.uleb128 0x2d
 10764 02ee A8       		.byte	0xa8
 10765 02ef 00       		.uleb128 0
 10766 02f0 9F       		.byte	0x9f
 10767 02f1 04       		.byte	0x4
 10768 02f2 28       		.uleb128 .LVL134-.LVL131
 10769 02f3 30       		.uleb128 .LFE231-.LVL131
 10770 02f4 01       		.uleb128 0x1
 10771 02f5 51       		.byte	0x51
 10772 02f6 00       		.byte	0
ARM GAS  /tmp/ccrfHNBB.s 			page 190


 10773              	.LVUS153:
 10774 02f7 00       		.uleb128 .LVU1344
 10775 02f8 00       		.uleb128 .LVU1357
 10776 02f9 00       		.uleb128 .LVU1357
 10777 02fa 00       		.uleb128 0
 10778              	.LLST153:
 10779 02fb 06       		.byte	0x6
 10780 02fc 14000000 		.4byte	.LVL132
 10781 0300 04       		.byte	0x4
 10782 0301 00       		.uleb128 .LVL132-.LVL132
 10783 0302 13       		.uleb128 .LVL134-1-.LVL132
 10784 0303 01       		.uleb128 0x1
 10785 0304 52       		.byte	0x52
 10786 0305 04       		.byte	0x4
 10787 0306 14       		.uleb128 .LVL134-.LVL132
 10788 0307 1C       		.uleb128 .LFE231-.LVL132
 10789 0308 01       		.uleb128 0x1
 10790 0309 52       		.byte	0x52
 10791 030a 00       		.byte	0
 10792              	.LVUS148:
 10793 030b 00       		.uleb128 0
 10794 030c 00       		.uleb128 .LVU1326
 10795 030d 00       		.uleb128 .LVU1326
 10796 030e 00       		.uleb128 .LVU1330
 10797 030f 00       		.uleb128 .LVU1330
 10798 0310 00       		.uleb128 0
 10799              	.LLST148:
 10800 0311 06       		.byte	0x6
 10801 0312 00000000 		.4byte	.LVL127
 10802 0316 04       		.byte	0x4
 10803 0317 00       		.uleb128 .LVL127-.LVL127
 10804 0318 18       		.uleb128 .LVL129-.LVL127
 10805 0319 01       		.uleb128 0x1
 10806 031a 50       		.byte	0x50
 10807 031b 04       		.byte	0x4
 10808 031c 18       		.uleb128 .LVL129-.LVL127
 10809 031d 23       		.uleb128 .LVL130-1-.LVL127
 10810 031e 01       		.uleb128 0x1
 10811 031f 53       		.byte	0x53
 10812 0320 04       		.byte	0x4
 10813 0321 23       		.uleb128 .LVL130-1-.LVL127
 10814 0322 30       		.uleb128 .LFE230-.LVL127
 10815 0323 0A       		.uleb128 0xa
 10816 0324 A3       		.byte	0xa3
 10817 0325 03       		.uleb128 0x3
 10818 0326 A5       		.byte	0xa5
 10819 0327 00       		.uleb128 0
 10820 0328 26       		.uleb128 0x26
 10821 0329 A8       		.byte	0xa8
 10822 032a 2D       		.uleb128 0x2d
 10823 032b A8       		.byte	0xa8
 10824 032c 00       		.uleb128 0
 10825 032d 9F       		.byte	0x9f
 10826 032e 00       		.byte	0
 10827              	.LVUS149:
 10828 032f 00       		.uleb128 .LVU1320
 10829 0330 00       		.uleb128 .LVU1330
ARM GAS  /tmp/ccrfHNBB.s 			page 191


 10830              	.LLST149:
 10831 0331 08       		.byte	0x8
 10832 0332 14000000 		.4byte	.LVL128
 10833 0336 0F       		.uleb128 .LVL130-1-.LVL128
 10834 0337 01       		.uleb128 0x1
 10835 0338 52       		.byte	0x52
 10836 0339 00       		.byte	0
 10837              	.LVUS135:
 10838 033a 00       		.uleb128 0
 10839 033b 00       		.uleb128 .LVU1264
 10840 033c 00       		.uleb128 .LVU1264
 10841 033d 00       		.uleb128 0
 10842              	.LLST135:
 10843 033e 06       		.byte	0x6
 10844 033f 00000000 		.4byte	.LVL120
 10845 0343 04       		.byte	0x4
 10846 0344 00       		.uleb128 .LVL120-.LVL120
 10847 0345 20       		.uleb128 .LVL122-.LVL120
 10848 0346 01       		.uleb128 0x1
 10849 0347 50       		.byte	0x50
 10850 0348 04       		.byte	0x4
 10851 0349 20       		.uleb128 .LVL122-.LVL120
 10852 034a 40       		.uleb128 .LFE228-.LVL120
 10853 034b 0A       		.uleb128 0xa
 10854 034c A3       		.byte	0xa3
 10855 034d 03       		.uleb128 0x3
 10856 034e A5       		.byte	0xa5
 10857 034f 00       		.uleb128 0
 10858 0350 26       		.uleb128 0x26
 10859 0351 A8       		.byte	0xa8
 10860 0352 2D       		.uleb128 0x2d
 10861 0353 A8       		.byte	0xa8
 10862 0354 00       		.uleb128 0
 10863 0355 9F       		.byte	0x9f
 10864 0356 00       		.byte	0
 10865              	.LVUS136:
 10866 0357 00       		.uleb128 0
 10867 0358 00       		.uleb128 .LVU1259
 10868 0359 00       		.uleb128 .LVU1259
 10869 035a 00       		.uleb128 0
 10870              	.LLST136:
 10871 035b 06       		.byte	0x6
 10872 035c 00000000 		.4byte	.LVL120
 10873 0360 04       		.byte	0x4
 10874 0361 00       		.uleb128 .LVL120-.LVL120
 10875 0362 1C       		.uleb128 .LVL121-.LVL120
 10876 0363 01       		.uleb128 0x1
 10877 0364 51       		.byte	0x51
 10878 0365 04       		.byte	0x4
 10879 0366 1C       		.uleb128 .LVL121-.LVL120
 10880 0367 40       		.uleb128 .LFE228-.LVL120
 10881 0368 01       		.uleb128 0x1
 10882 0369 54       		.byte	0x54
 10883 036a 00       		.byte	0
 10884              	.LVUS137:
 10885 036b 00       		.uleb128 .LVU1259
 10886 036c 00       		.uleb128 .LVU1276
ARM GAS  /tmp/ccrfHNBB.s 			page 192


 10887              	.LLST137:
 10888 036d 08       		.byte	0x8
 10889 036e 1C000000 		.4byte	.LVL121
 10890 0372 14       		.uleb128 .LVL124-.LVL121
 10891 0373 01       		.uleb128 0x1
 10892 0374 51       		.byte	0x51
 10893 0375 00       		.byte	0
 10894              	.LVUS141:
 10895 0376 02       		.uleb128 .LVU1261
 10896 0377 04       		.uleb128 .LVU1263
 10897              	.LLST141:
 10898 0378 08       		.byte	0x8
 10899 0379 1C000000 		.4byte	.LVL121
 10900 037d 00       		.uleb128 .LVL121-.LVL121
 10901 037e 01       		.uleb128 0x1
 10902 037f 54       		.byte	0x54
 10903 0380 00       		.byte	0
 10904              	.LVUS142:
 10905 0381 02       		.uleb128 .LVU1261
 10906 0382 04       		.uleb128 .LVU1263
 10907              	.LLST142:
 10908 0383 08       		.byte	0x8
 10909 0384 1C000000 		.4byte	.LVL121
 10910 0388 00       		.uleb128 .LVL121-.LVL121
 10911 0389 01       		.uleb128 0x1
 10912 038a 50       		.byte	0x50
 10913 038b 00       		.byte	0
 10914              	.LVUS143:
 10915 038c 02       		.uleb128 .LVU1261
 10916 038d 04       		.uleb128 .LVU1263
 10917              	.LLST143:
 10918 038e 08       		.byte	0x8
 10919 038f 1C000000 		.4byte	.LVL121
 10920 0393 00       		.uleb128 .LVL121-.LVL121
 10921 0394 01       		.uleb128 0x1
 10922 0395 51       		.byte	0x51
 10923 0396 00       		.byte	0
 10924              	.LVUS144:
 10925 0397 01       		.uleb128 .LVU1267
 10926 0398 03       		.uleb128 .LVU1269
 10927              	.LLST144:
 10928 0399 08       		.byte	0x8
 10929 039a 28000000 		.4byte	.LVL123
 10930 039e 00       		.uleb128 .LVL123-.LVL123
 10931 039f 01       		.uleb128 0x1
 10932 03a0 54       		.byte	0x54
 10933 03a1 00       		.byte	0
 10934              	.LVUS145:
 10935 03a2 01       		.uleb128 .LVU1267
 10936 03a3 03       		.uleb128 .LVU1269
 10937              	.LLST145:
 10938 03a4 08       		.byte	0x8
 10939 03a5 28000000 		.4byte	.LVL123
 10940 03a9 00       		.uleb128 .LVL123-.LVL123
 10941 03aa 01       		.uleb128 0x1
 10942 03ab 51       		.byte	0x51
 10943 03ac 00       		.byte	0
ARM GAS  /tmp/ccrfHNBB.s 			page 193


 10944              	.LVUS146:
 10945 03ad 03       		.uleb128 .LVU1269
 10946 03ae 00       		.uleb128 .LVU1276
 10947 03af 00       		.uleb128 .LVU1276
 10948 03b0 00       		.uleb128 .LVU1277
 10949              	.LLST146:
 10950 03b1 06       		.byte	0x6
 10951 03b2 28000000 		.4byte	.LVL123
 10952 03b6 04       		.byte	0x4
 10953 03b7 00       		.uleb128 .LVL123-.LVL123
 10954 03b8 08       		.uleb128 .LVL124-.LVL123
 10955 03b9 06       		.uleb128 0x6
 10956 03ba 74       		.byte	0x74
 10957 03bb 00       		.sleb128 0
 10958 03bc 71       		.byte	0x71
 10959 03bd 00       		.sleb128 0
 10960 03be 1C       		.byte	0x1c
 10961 03bf 9F       		.byte	0x9f
 10962 03c0 04       		.byte	0x4
 10963 03c1 08       		.uleb128 .LVL124-.LVL123
 10964 03c2 0B       		.uleb128 .LVL125-1-.LVL123
 10965 03c3 01       		.uleb128 0x1
 10966 03c4 51       		.byte	0x51
 10967 03c5 00       		.byte	0
 10968              	.LVUS128:
 10969 03c6 00       		.uleb128 0
 10970 03c7 00       		.uleb128 .LVU1218
 10971 03c8 00       		.uleb128 .LVU1218
 10972 03c9 00       		.uleb128 .LVU1231
 10973 03ca 00       		.uleb128 .LVU1231
 10974 03cb 00       		.uleb128 0
 10975              	.LLST128:
 10976 03cc 06       		.byte	0x6
 10977 03cd 00000000 		.4byte	.LVL113
 10978 03d1 04       		.byte	0x4
 10979 03d2 00       		.uleb128 .LVL113-.LVL113
 10980 03d3 20       		.uleb128 .LVL117-.LVL113
 10981 03d4 01       		.uleb128 0x1
 10982 03d5 50       		.byte	0x50
 10983 03d6 04       		.byte	0x4
 10984 03d7 20       		.uleb128 .LVL117-.LVL113
 10985 03d8 2C       		.uleb128 .LVL119-.LVL113
 10986 03d9 0A       		.uleb128 0xa
 10987 03da A3       		.byte	0xa3
 10988 03db 03       		.uleb128 0x3
 10989 03dc A5       		.byte	0xa5
 10990 03dd 00       		.uleb128 0
 10991 03de 26       		.uleb128 0x26
 10992 03df A8       		.byte	0xa8
 10993 03e0 2D       		.uleb128 0x2d
 10994 03e1 A8       		.byte	0xa8
 10995 03e2 00       		.uleb128 0
 10996 03e3 9F       		.byte	0x9f
 10997 03e4 04       		.byte	0x4
 10998 03e5 2C       		.uleb128 .LVL119-.LVL113
 10999 03e6 34       		.uleb128 .LFE227-.LVL113
 11000 03e7 01       		.uleb128 0x1
ARM GAS  /tmp/ccrfHNBB.s 			page 194


 11001 03e8 50       		.byte	0x50
 11002 03e9 00       		.byte	0
 11003              	.LVUS129:
 11004 03ea 03       		.uleb128 .LVU1206
 11005 03eb 00       		.uleb128 .LVU1209
 11006 03ec 00       		.uleb128 .LVU1209
 11007 03ed 00       		.uleb128 .LVU1219
 11008 03ee 00       		.uleb128 .LVU1231
 11009 03ef 00       		.uleb128 0
 11010              	.LLST129:
 11011 03f0 06       		.byte	0x6
 11012 03f1 10000000 		.4byte	.LVL114
 11013 03f5 04       		.byte	0x4
 11014 03f6 00       		.uleb128 .LVL114-.LVL114
 11015 03f7 04       		.uleb128 .LVL115-.LVL114
 11016 03f8 06       		.uleb128 0x6
 11017 03f9 70       		.byte	0x70
 11018 03fa 00       		.sleb128 0
 11019 03fb 73       		.byte	0x73
 11020 03fc 00       		.sleb128 0
 11021 03fd 1C       		.byte	0x1c
 11022 03fe 9F       		.byte	0x9f
 11023 03ff 04       		.byte	0x4
 11024 0400 04       		.uleb128 .LVL115-.LVL114
 11025 0401 13       		.uleb128 .LVL118-1-.LVL114
 11026 0402 01       		.uleb128 0x1
 11027 0403 51       		.byte	0x51
 11028 0404 04       		.byte	0x4
 11029 0405 1C       		.uleb128 .LVL119-.LVL114
 11030 0406 24       		.uleb128 .LFE227-.LVL114
 11031 0407 01       		.uleb128 0x1
 11032 0408 51       		.byte	0x51
 11033 0409 00       		.byte	0
 11034              	.LVUS130:
 11035 040a 00       		.uleb128 .LVU1203
 11036 040b 03       		.uleb128 .LVU1206
 11037              	.LLST130:
 11038 040c 08       		.byte	0x8
 11039 040d 10000000 		.4byte	.LVL114
 11040 0411 00       		.uleb128 .LVL114-.LVL114
 11041 0412 01       		.uleb128 0x1
 11042 0413 50       		.byte	0x50
 11043 0414 00       		.byte	0
 11044              	.LVUS131:
 11045 0415 00       		.uleb128 .LVU1203
 11046 0416 03       		.uleb128 .LVU1206
 11047              	.LLST131:
 11048 0417 08       		.byte	0x8
 11049 0418 10000000 		.4byte	.LVL114
 11050 041c 00       		.uleb128 .LVL114-.LVL114
 11051 041d 01       		.uleb128 0x1
 11052 041e 53       		.byte	0x53
 11053 041f 00       		.byte	0
 11054              	.LVUS133:
 11055 0420 01       		.uleb128 .LVU1211
 11056 0421 00       		.uleb128 .LVU1219
 11057              	.LLST133:
ARM GAS  /tmp/ccrfHNBB.s 			page 195


 11058 0422 08       		.byte	0x8
 11059 0423 18000000 		.4byte	.LVL116
 11060 0427 0B       		.uleb128 .LVL118-1-.LVL116
 11061 0428 01       		.uleb128 0x1
 11062 0429 51       		.byte	0x51
 11063 042a 00       		.byte	0
 11064              	.LVUS125:
 11065 042b 00       		.uleb128 0
 11066 042c 00       		.uleb128 .LVU1177
 11067 042d 00       		.uleb128 .LVU1177
 11068 042e 00       		.uleb128 .LVU1178
 11069 042f 00       		.uleb128 .LVU1178
 11070 0430 00       		.uleb128 0
 11071              	.LLST125:
 11072 0431 06       		.byte	0x6
 11073 0432 00000000 		.4byte	.LVL109
 11074 0436 04       		.byte	0x4
 11075 0437 00       		.uleb128 .LVL109-.LVL109
 11076 0438 10       		.uleb128 .LVL111-.LVL109
 11077 0439 01       		.uleb128 0x1
 11078 043a 50       		.byte	0x50
 11079 043b 04       		.byte	0x4
 11080 043c 10       		.uleb128 .LVL111-.LVL109
 11081 043d 13       		.uleb128 .LVL112-1-.LVL109
 11082 043e 01       		.uleb128 0x1
 11083 043f 51       		.byte	0x51
 11084 0440 04       		.byte	0x4
 11085 0441 13       		.uleb128 .LVL112-1-.LVL109
 11086 0442 1C       		.uleb128 .LFE226-.LVL109
 11087 0443 0A       		.uleb128 0xa
 11088 0444 A3       		.byte	0xa3
 11089 0445 03       		.uleb128 0x3
 11090 0446 A5       		.byte	0xa5
 11091 0447 00       		.uleb128 0
 11092 0448 26       		.uleb128 0x26
 11093 0449 A8       		.byte	0xa8
 11094 044a 2D       		.uleb128 0x2d
 11095 044b A8       		.byte	0xa8
 11096 044c 00       		.uleb128 0
 11097 044d 9F       		.byte	0x9f
 11098 044e 00       		.byte	0
 11099              	.LVUS127:
 11100 044f 03       		.uleb128 .LVU1171
 11101 0450 00       		.uleb128 .LVU1177
 11102 0451 00       		.uleb128 .LVU1177
 11103 0452 00       		.uleb128 .LVU1178
 11104 0453 00       		.uleb128 .LVU1178
 11105 0454 00       		.uleb128 .LVU1178
 11106              	.LLST127:
 11107 0455 06       		.byte	0x6
 11108 0456 0C000000 		.4byte	.LVL110
 11109 045a 04       		.byte	0x4
 11110 045b 00       		.uleb128 .LVL110-.LVL110
 11111 045c 04       		.uleb128 .LVL111-.LVL110
 11112 045d 01       		.uleb128 0x1
 11113 045e 50       		.byte	0x50
 11114 045f 04       		.byte	0x4
ARM GAS  /tmp/ccrfHNBB.s 			page 196


 11115 0460 04       		.uleb128 .LVL111-.LVL110
 11116 0461 07       		.uleb128 .LVL112-1-.LVL110
 11117 0462 01       		.uleb128 0x1
 11118 0463 51       		.byte	0x51
 11119 0464 04       		.byte	0x4
 11120 0465 07       		.uleb128 .LVL112-1-.LVL110
 11121 0466 08       		.uleb128 .LVL112-.LVL110
 11122 0467 0A       		.uleb128 0xa
 11123 0468 A3       		.byte	0xa3
 11124 0469 03       		.uleb128 0x3
 11125 046a A5       		.byte	0xa5
 11126 046b 00       		.uleb128 0
 11127 046c 26       		.uleb128 0x26
 11128 046d A8       		.byte	0xa8
 11129 046e 2D       		.uleb128 0x2d
 11130 046f A8       		.byte	0xa8
 11131 0470 00       		.uleb128 0
 11132 0471 9F       		.byte	0x9f
 11133 0472 00       		.byte	0
 11134              	.LVUS121:
 11135 0473 00       		.uleb128 0
 11136 0474 00       		.uleb128 .LVU1118
 11137 0475 00       		.uleb128 .LVU1118
 11138 0476 00       		.uleb128 .LVU1127
 11139 0477 00       		.uleb128 .LVU1127
 11140 0478 00       		.uleb128 0
 11141              	.LLST121:
 11142 0479 06       		.byte	0x6
 11143 047a 00000000 		.4byte	.LVL103
 11144 047e 04       		.byte	0x4
 11145 047f 00       		.uleb128 .LVL103-.LVL103
 11146 0480 1C       		.uleb128 .LVL105-.LVL103
 11147 0481 01       		.uleb128 0x1
 11148 0482 50       		.byte	0x50
 11149 0483 04       		.byte	0x4
 11150 0484 1C       		.uleb128 .LVL105-.LVL103
 11151 0485 43       		.uleb128 .LVL107-1-.LVL103
 11152 0486 01       		.uleb128 0x1
 11153 0487 53       		.byte	0x53
 11154 0488 04       		.byte	0x4
 11155 0489 43       		.uleb128 .LVL107-1-.LVL103
 11156 048a 50       		.uleb128 .LFE224-.LVL103
 11157 048b 0A       		.uleb128 0xa
 11158 048c A3       		.byte	0xa3
 11159 048d 03       		.uleb128 0x3
 11160 048e A5       		.byte	0xa5
 11161 048f 00       		.uleb128 0
 11162 0490 26       		.uleb128 0x26
 11163 0491 A8       		.byte	0xa8
 11164 0492 2D       		.uleb128 0x2d
 11165 0493 A8       		.byte	0xa8
 11166 0494 00       		.uleb128 0
 11167 0495 9F       		.byte	0x9f
 11168 0496 00       		.byte	0
 11169              	.LVUS122:
 11170 0497 00       		.uleb128 .LVU1104
 11171 0498 00       		.uleb128 .LVU1127
ARM GAS  /tmp/ccrfHNBB.s 			page 197


 11172              	.LLST122:
 11173 0499 08       		.byte	0x8
 11174 049a 14000000 		.4byte	.LVL104
 11175 049e 2F       		.uleb128 .LVL107-1-.LVL104
 11176 049f 01       		.uleb128 0x1
 11177 04a0 52       		.byte	0x52
 11178 04a1 00       		.byte	0
 11179              	.LVUS123:
 11180 04a2 00       		.uleb128 .LVU1119
 11181 04a3 00       		.uleb128 0
 11182              	.LLST123:
 11183 04a4 08       		.byte	0x8
 11184 04a5 20000000 		.4byte	.LVL106
 11185 04a9 30       		.uleb128 .LFE224-.LVL106
 11186 04aa 01       		.uleb128 0x1
 11187 04ab 54       		.byte	0x54
 11188 04ac 00       		.byte	0
 11189              	.LVUS109:
 11190 04ad 00       		.uleb128 0
 11191 04ae 00       		.uleb128 .LVU1023
 11192 04af 00       		.uleb128 .LVU1023
 11193 04b0 00       		.uleb128 0
 11194              	.LLST109:
 11195 04b1 06       		.byte	0x6
 11196 04b2 00000000 		.4byte	.LVL91
 11197 04b6 04       		.byte	0x4
 11198 04b7 00       		.uleb128 .LVL91-.LVL91
 11199 04b8 2C       		.uleb128 .LVL94-.LVL91
 11200 04b9 01       		.uleb128 0x1
 11201 04ba 50       		.byte	0x50
 11202 04bb 04       		.byte	0x4
 11203 04bc 2C       		.uleb128 .LVL94-.LVL91
 11204 04bd A001     		.uleb128 .LFE223-.LVL91
 11205 04bf 01       		.uleb128 0x1
 11206 04c0 54       		.byte	0x54
 11207 04c1 00       		.byte	0
 11208              	.LVUS110:
 11209 04c2 00       		.uleb128 .LVU996
 11210 04c3 00       		.uleb128 .LVU1028
 11211              	.LLST110:
 11212 04c4 08       		.byte	0x8
 11213 04c5 10000000 		.4byte	.LVL92
 11214 04c9 27       		.uleb128 .LVL96-1-.LVL92
 11215 04ca 01       		.uleb128 0x1
 11216 04cb 53       		.byte	0x53
 11217 04cc 00       		.byte	0
 11218              	.LVUS111:
 11219 04cd 00       		.uleb128 .LVU1030
 11220 04ce 00       		.uleb128 0
 11221              	.LLST111:
 11222 04cf 08       		.byte	0x8
 11223 04d0 3C000000 		.4byte	.LVL97
 11224 04d4 64       		.uleb128 .LFE223-.LVL97
 11225 04d5 01       		.uleb128 0x1
 11226 04d6 55       		.byte	0x55
 11227 04d7 00       		.byte	0
 11228              	.LVUS115:
ARM GAS  /tmp/ccrfHNBB.s 			page 198


 11229 04d8 01       		.uleb128 .LVU1019
 11230 04d9 00       		.uleb128 .LVU1026
 11231              	.LLST115:
 11232 04da 08       		.byte	0x8
 11233 04db 24000000 		.4byte	.LVL93
 11234 04df 10       		.uleb128 .LVL95-.LVL93
 11235 04e0 01       		.uleb128 0x1
 11236 04e1 53       		.byte	0x53
 11237 04e2 00       		.byte	0
 11238              	.LVUS116:
 11239 04e3 01       		.uleb128 .LVU1019
 11240 04e4 00       		.uleb128 .LVU1023
 11241 04e5 00       		.uleb128 .LVU1023
 11242 04e6 00       		.uleb128 .LVU1026
 11243              	.LLST116:
 11244 04e7 06       		.byte	0x6
 11245 04e8 24000000 		.4byte	.LVL93
 11246 04ec 04       		.byte	0x4
 11247 04ed 00       		.uleb128 .LVL93-.LVL93
 11248 04ee 08       		.uleb128 .LVL94-.LVL93
 11249 04ef 03       		.uleb128 0x3
 11250 04f0 70       		.byte	0x70
 11251 04f1 38       		.sleb128 56
 11252 04f2 9F       		.byte	0x9f
 11253 04f3 04       		.byte	0x4
 11254 04f4 08       		.uleb128 .LVL94-.LVL93
 11255 04f5 10       		.uleb128 .LVL95-.LVL93
 11256 04f6 03       		.uleb128 0x3
 11257 04f7 74       		.byte	0x74
 11258 04f8 38       		.sleb128 56
 11259 04f9 9F       		.byte	0x9f
 11260 04fa 00       		.byte	0
 11261              	.LVUS118:
 11262 04fb 01       		.uleb128 .LVU1041
 11263 04fc 00       		.uleb128 .LVU1067
 11264 04fd 00       		.uleb128 .LVU1070
 11265 04fe 00       		.uleb128 0
 11266              	.LLST118:
 11267 04ff 06       		.byte	0x6
 11268 0500 40000000 		.4byte	.LVL98
 11269 0504 04       		.byte	0x4
 11270 0505 00       		.uleb128 .LVL98-.LVL98
 11271 0506 28       		.uleb128 .LVL99-.LVL98
 11272 0507 01       		.uleb128 0x1
 11273 0508 54       		.byte	0x54
 11274 0509 04       		.byte	0x4
 11275 050a 30       		.uleb128 .LVL100-.LVL98
 11276 050b 60       		.uleb128 .LFE223-.LVL98
 11277 050c 01       		.uleb128 0x1
 11278 050d 54       		.byte	0x54
 11279 050e 00       		.byte	0
 11280              	.LVUS119:
 11281 050f 00       		.uleb128 .LVU1070
 11282 0510 00       		.uleb128 0
 11283              	.LLST119:
 11284 0511 08       		.byte	0x8
 11285 0512 70000000 		.4byte	.LVL100
ARM GAS  /tmp/ccrfHNBB.s 			page 199


 11286 0516 30       		.uleb128 .LFE223-.LVL100
 11287 0517 01       		.uleb128 0x1
 11288 0518 54       		.byte	0x54
 11289 0519 00       		.byte	0
 11290              	.LVUS120:
 11291 051a 02       		.uleb128 .LVU1072
 11292 051b 01       		.uleb128 .LVU1080
 11293              	.LLST120:
 11294 051c 08       		.byte	0x8
 11295 051d 70000000 		.4byte	.LVL100
 11296 0521 10       		.uleb128 .LVL101-.LVL100
 11297 0522 03       		.uleb128 0x3
 11298 0523 74       		.byte	0x74
 11299 0524 24       		.sleb128 36
 11300 0525 9F       		.byte	0x9f
 11301 0526 00       		.byte	0
 11302              	.LVUS87:
 11303 0527 00       		.uleb128 0
 11304 0528 00       		.uleb128 .LVU885
 11305 0529 00       		.uleb128 .LVU885
 11306 052a 00       		.uleb128 0
 11307              	.LLST87:
 11308 052b 06       		.byte	0x6
 11309 052c 00000000 		.4byte	.LVL64
 11310 0530 04       		.byte	0x4
 11311 0531 00       		.uleb128 .LVL64-.LVL64
 11312 0532 34       		.uleb128 .LVL68-.LVL64
 11313 0533 01       		.uleb128 0x1
 11314 0534 50       		.byte	0x50
 11315 0535 04       		.byte	0x4
 11316 0536 34       		.uleb128 .LVL68-.LVL64
 11317 0537 8C01     		.uleb128 .LFE221-.LVL64
 11318 0539 0A       		.uleb128 0xa
 11319 053a A3       		.byte	0xa3
 11320 053b 03       		.uleb128 0x3
 11321 053c A5       		.byte	0xa5
 11322 053d 00       		.uleb128 0
 11323 053e 26       		.uleb128 0x26
 11324 053f A8       		.byte	0xa8
 11325 0540 2D       		.uleb128 0x2d
 11326 0541 A8       		.byte	0xa8
 11327 0542 00       		.uleb128 0
 11328 0543 9F       		.byte	0x9f
 11329 0544 00       		.byte	0
 11330              	.LVUS90:
 11331 0545 03       		.uleb128 .LVU863
 11332 0546 00       		.uleb128 .LVU885
 11333 0547 00       		.uleb128 .LVU885
 11334 0548 00       		.uleb128 0
 11335              	.LLST90:
 11336 0549 06       		.byte	0x6
 11337 054a 08000000 		.4byte	.LVL65
 11338 054e 04       		.byte	0x4
 11339 054f 00       		.uleb128 .LVL65-.LVL65
 11340 0550 2C       		.uleb128 .LVL68-.LVL65
 11341 0551 01       		.uleb128 0x1
 11342 0552 50       		.byte	0x50
ARM GAS  /tmp/ccrfHNBB.s 			page 200


 11343 0553 04       		.byte	0x4
 11344 0554 2C       		.uleb128 .LVL68-.LVL65
 11345 0555 8401     		.uleb128 .LFE221-.LVL65
 11346 0557 0A       		.uleb128 0xa
 11347 0558 A3       		.byte	0xa3
 11348 0559 03       		.uleb128 0x3
 11349 055a A5       		.byte	0xa5
 11350 055b 00       		.uleb128 0
 11351 055c 26       		.uleb128 0x26
 11352 055d A8       		.byte	0xa8
 11353 055e 2D       		.uleb128 0x2d
 11354 055f A8       		.byte	0xa8
 11355 0560 00       		.uleb128 0
 11356 0561 9F       		.byte	0x9f
 11357 0562 00       		.byte	0
 11358              	.LVUS91:
 11359 0563 00       		.uleb128 .LVU868
 11360 0564 00       		.uleb128 .LVU887
 11361 0565 00       		.uleb128 .LVU888
 11362 0566 00       		.uleb128 .LVU919
 11363              	.LLST91:
 11364 0567 06       		.byte	0x6
 11365 0568 14000000 		.4byte	.LVL66
 11366 056c 04       		.byte	0x4
 11367 056d 00       		.uleb128 .LVL66-.LVL66
 11368 056e 24       		.uleb128 .LVL69-.LVL66
 11369 056f 01       		.uleb128 0x1
 11370 0570 54       		.byte	0x54
 11371 0571 04       		.byte	0x4
 11372 0572 2C       		.uleb128 .LVL70-.LVL66
 11373 0573 6C       		.uleb128 .LVL75-.LVL66
 11374 0574 01       		.uleb128 0x1
 11375 0575 54       		.byte	0x54
 11376 0576 00       		.byte	0
 11377              	.LVUS93:
 11378 0577 05       		.uleb128 .LVU879
 11379 0578 07       		.uleb128 .LVU881
 11380 0579 01       		.uleb128 .LVU902
 11381 057a 00       		.uleb128 .LVU905
 11382              	.LLST93:
 11383 057b 06       		.byte	0x6
 11384 057c 24000000 		.4byte	.LVL67
 11385 0580 04       		.byte	0x4
 11386 0581 00       		.uleb128 .LVL67-.LVL67
 11387 0582 00       		.uleb128 .LVL67-.LVL67
 11388 0583 01       		.uleb128 0x1
 11389 0584 55       		.byte	0x55
 11390 0585 04       		.byte	0x4
 11391 0586 2C       		.uleb128 .LVL72-.LVL67
 11392 0587 30       		.uleb128 .LVL73-.LVL67
 11393 0588 01       		.uleb128 0x1
 11394 0589 55       		.byte	0x55
 11395 058a 00       		.byte	0
 11396              	.LVUS95:
 11397 058b 01       		.uleb128 .LVU889
 11398 058c 01       		.uleb128 .LVU899
 11399              	.LLST95:
ARM GAS  /tmp/ccrfHNBB.s 			page 201


 11400 058d 08       		.byte	0x8
 11401 058e 40000000 		.4byte	.LVL70
 11402 0592 0C       		.uleb128 .LVL71-.LVL70
 11403 0593 01       		.uleb128 0x1
 11404 0594 55       		.byte	0x55
 11405 0595 00       		.byte	0
 11406              	.LVUS96:
 11407 0596 06       		.uleb128 .LVU894
 11408 0597 01       		.uleb128 .LVU899
 11409              	.LLST96:
 11410 0598 08       		.byte	0x8
 11411 0599 40000000 		.4byte	.LVL70
 11412 059d 0C       		.uleb128 .LVL71-.LVL70
 11413 059e 01       		.uleb128 0x1
 11414 059f 53       		.byte	0x53
 11415 05a0 00       		.byte	0
 11416              	.LVUS98:
 11417 05a1 01       		.uleb128 .LVU914
 11418 05a2 00       		.uleb128 .LVU919
 11419              	.LLST98:
 11420 05a3 08       		.byte	0x8
 11421 05a4 74000000 		.4byte	.LVL74
 11422 05a8 0C       		.uleb128 .LVL75-.LVL74
 11423 05a9 03       		.uleb128 0x3
 11424 05aa 74       		.byte	0x74
 11425 05ab 24       		.sleb128 36
 11426 05ac 9F       		.byte	0x9f
 11427 05ad 00       		.byte	0
 11428              	.LVUS82:
 11429 05ae 00       		.uleb128 0
 11430 05af 00       		.uleb128 .LVU762
 11431 05b0 00       		.uleb128 .LVU762
 11432 05b1 00       		.uleb128 0
 11433              	.LLST82:
 11434 05b2 06       		.byte	0x6
 11435 05b3 00000000 		.4byte	.LVL57
 11436 05b7 04       		.byte	0x4
 11437 05b8 00       		.uleb128 .LVL57-.LVL57
 11438 05b9 13       		.uleb128 .LVL58-1-.LVL57
 11439 05ba 01       		.uleb128 0x1
 11440 05bb 50       		.byte	0x50
 11441 05bc 04       		.byte	0x4
 11442 05bd 13       		.uleb128 .LVL58-1-.LVL57
 11443 05be 20       		.uleb128 .LFE218-.LVL57
 11444 05bf 01       		.uleb128 0x1
 11445 05c0 54       		.byte	0x54
 11446 05c1 00       		.byte	0
 11447              	.LVUS64:
 11448 05c2 00       		.uleb128 0
 11449 05c3 00       		.uleb128 .LVU730
 11450 05c4 00       		.uleb128 .LVU730
 11451 05c5 00       		.uleb128 .LVU735
 11452 05c6 00       		.uleb128 .LVU735
 11453 05c7 00       		.uleb128 0
 11454              	.LLST64:
 11455 05c8 06       		.byte	0x6
 11456 05c9 00000000 		.4byte	.LVL45
ARM GAS  /tmp/ccrfHNBB.s 			page 202


 11457 05cd 04       		.byte	0x4
 11458 05ce 00       		.uleb128 .LVL45-.LVL45
 11459 05cf B401     		.uleb128 .LVL53-.LVL45
 11460 05d1 01       		.uleb128 0x1
 11461 05d2 50       		.byte	0x50
 11462 05d3 04       		.byte	0x4
 11463 05d4 B401     		.uleb128 .LVL53-.LVL45
 11464 05d6 BF01     		.uleb128 .LVL56-1-.LVL45
 11465 05d8 03       		.uleb128 0x3
 11466 05d9 7C       		.byte	0x7c
 11467 05da BC7F     		.sleb128 -68
 11468 05dc 04       		.byte	0x4
 11469 05dd BF01     		.uleb128 .LVL56-1-.LVL45
 11470 05df CC01     		.uleb128 .LFE217-.LVL45
 11471 05e1 0A       		.uleb128 0xa
 11472 05e2 A3       		.byte	0xa3
 11473 05e3 03       		.uleb128 0x3
 11474 05e4 A5       		.byte	0xa5
 11475 05e5 00       		.uleb128 0
 11476 05e6 26       		.uleb128 0x26
 11477 05e7 A8       		.byte	0xa8
 11478 05e8 2D       		.uleb128 0x2d
 11479 05e9 A8       		.byte	0xa8
 11480 05ea 00       		.uleb128 0
 11481 05eb 9F       		.byte	0x9f
 11482 05ec 00       		.byte	0
 11483              	.LVUS65:
 11484 05ed 00       		.uleb128 0
 11485 05ee 00       		.uleb128 .LVU637
 11486 05ef 00       		.uleb128 .LVU637
 11487 05f0 00       		.uleb128 .LVU640
 11488 05f1 00       		.uleb128 .LVU640
 11489 05f2 00       		.uleb128 0
 11490              	.LLST65:
 11491 05f3 06       		.byte	0x6
 11492 05f4 00000000 		.4byte	.LVL45
 11493 05f8 04       		.byte	0x4
 11494 05f9 00       		.uleb128 .LVL45-.LVL45
 11495 05fa 18       		.uleb128 .LVL46-.LVL45
 11496 05fb 01       		.uleb128 0x1
 11497 05fc 51       		.byte	0x51
 11498 05fd 04       		.byte	0x4
 11499 05fe 18       		.uleb128 .LVL46-.LVL45
 11500 05ff 24       		.uleb128 .LVL47-.LVL45
 11501 0600 01       		.uleb128 0x1
 11502 0601 5C       		.byte	0x5c
 11503 0602 04       		.byte	0x4
 11504 0603 24       		.uleb128 .LVL47-.LVL45
 11505 0604 CC01     		.uleb128 .LFE217-.LVL45
 11506 0606 0A       		.uleb128 0xa
 11507 0607 A3       		.byte	0xa3
 11508 0608 03       		.uleb128 0x3
 11509 0609 A5       		.byte	0xa5
 11510 060a 01       		.uleb128 0x1
 11511 060b 26       		.uleb128 0x26
 11512 060c A8       		.byte	0xa8
 11513 060d 2D       		.uleb128 0x2d
ARM GAS  /tmp/ccrfHNBB.s 			page 203


 11514 060e A8       		.byte	0xa8
 11515 060f 00       		.uleb128 0
 11516 0610 9F       		.byte	0x9f
 11517 0611 00       		.byte	0
 11518              	.LVUS66:
 11519 0612 00       		.uleb128 0
 11520 0613 00       		.uleb128 .LVU652
 11521 0614 00       		.uleb128 .LVU652
 11522 0615 00       		.uleb128 .LVU731
 11523 0616 00       		.uleb128 .LVU731
 11524 0617 00       		.uleb128 .LVU735
 11525 0618 00       		.uleb128 .LVU735
 11526 0619 00       		.uleb128 0
 11527              	.LLST66:
 11528 061a 06       		.byte	0x6
 11529 061b 00000000 		.4byte	.LVL45
 11530 061f 04       		.byte	0x4
 11531 0620 00       		.uleb128 .LVL45-.LVL45
 11532 0621 50       		.uleb128 .LVL49-.LVL45
 11533 0622 01       		.uleb128 0x1
 11534 0623 52       		.byte	0x52
 11535 0624 04       		.byte	0x4
 11536 0625 50       		.uleb128 .LVL49-.LVL45
 11537 0626 B801     		.uleb128 .LVL54-.LVL45
 11538 0628 03       		.uleb128 0x3
 11539 0629 7C       		.byte	0x7c
 11540 062a B07F     		.sleb128 -80
 11541 062c 04       		.byte	0x4
 11542 062d B801     		.uleb128 .LVL54-.LVL45
 11543 062f BF01     		.uleb128 .LVL56-1-.LVL45
 11544 0631 02       		.uleb128 0x2
 11545 0632 7C       		.byte	0x7c
 11546 0633 78       		.sleb128 -8
 11547 0634 04       		.byte	0x4
 11548 0635 BF01     		.uleb128 .LVL56-1-.LVL45
 11549 0637 CC01     		.uleb128 .LFE217-.LVL45
 11550 0639 0A       		.uleb128 0xa
 11551 063a A3       		.byte	0xa3
 11552 063b 03       		.uleb128 0x3
 11553 063c A5       		.byte	0xa5
 11554 063d 02       		.uleb128 0x2
 11555 063e 26       		.uleb128 0x26
 11556 063f A8       		.byte	0xa8
 11557 0640 2D       		.uleb128 0x2d
 11558 0641 A8       		.byte	0xa8
 11559 0642 00       		.uleb128 0
 11560 0643 9F       		.byte	0x9f
 11561 0644 00       		.byte	0
 11562              	.LVUS67:
 11563 0645 00       		.uleb128 0
 11564 0646 00       		.uleb128 .LVU643
 11565 0647 00       		.uleb128 .LVU643
 11566 0648 00       		.uleb128 .LVU735
 11567 0649 00       		.uleb128 .LVU735
 11568 064a 00       		.uleb128 0
 11569              	.LLST67:
 11570 064b 06       		.byte	0x6
ARM GAS  /tmp/ccrfHNBB.s 			page 204


 11571 064c 00000000 		.4byte	.LVL45
 11572 0650 04       		.byte	0x4
 11573 0651 00       		.uleb128 .LVL45-.LVL45
 11574 0652 2C       		.uleb128 .LVL48-.LVL45
 11575 0653 01       		.uleb128 0x1
 11576 0654 53       		.byte	0x53
 11577 0655 04       		.byte	0x4
 11578 0656 2C       		.uleb128 .LVL48-.LVL45
 11579 0657 BF01     		.uleb128 .LVL56-1-.LVL45
 11580 0659 03       		.uleb128 0x3
 11581 065a 7C       		.byte	0x7c
 11582 065b 847F     		.sleb128 -124
 11583 065d 04       		.byte	0x4
 11584 065e BF01     		.uleb128 .LVL56-1-.LVL45
 11585 0660 CC01     		.uleb128 .LFE217-.LVL45
 11586 0662 0A       		.uleb128 0xa
 11587 0663 A3       		.byte	0xa3
 11588 0664 03       		.uleb128 0x3
 11589 0665 A5       		.byte	0xa5
 11590 0666 03       		.uleb128 0x3
 11591 0667 26       		.uleb128 0x26
 11592 0668 A8       		.byte	0xa8
 11593 0669 2D       		.uleb128 0x2d
 11594 066a A8       		.byte	0xa8
 11595 066b 00       		.uleb128 0
 11596 066c 9F       		.byte	0x9f
 11597 066d 00       		.byte	0
 11598              	.LVUS68:
 11599 066e 27       		.uleb128 .LVU706
 11600 066f 00       		.uleb128 0
 11601              	.LLST68:
 11602 0670 08       		.byte	0x8
 11603 0671 94000000 		.4byte	.LVL50
 11604 0675 38       		.uleb128 .LFE217-.LVL50
 11605 0676 01       		.uleb128 0x1
 11606 0677 54       		.byte	0x54
 11607 0678 00       		.byte	0
 11608              	.LVUS69:
 11609 0679 00       		.uleb128 .LVU640
 11610 067a 00       		.uleb128 .LVU735
 11611 067b 00       		.uleb128 .LVU735
 11612 067c 00       		.uleb128 0
 11613              	.LLST69:
 11614 067d 06       		.byte	0x6
 11615 067e 24000000 		.4byte	.LVL47
 11616 0682 04       		.byte	0x4
 11617 0683 00       		.uleb128 .LVL47-.LVL47
 11618 0684 9B01     		.uleb128 .LVL56-1-.LVL47
 11619 0686 01       		.uleb128 0x1
 11620 0687 5C       		.byte	0x5c
 11621 0688 04       		.byte	0x4
 11622 0689 9B01     		.uleb128 .LVL56-1-.LVL47
 11623 068b A801     		.uleb128 .LFE217-.LVL47
 11624 068d 04       		.uleb128 0x4
 11625 068e 74       		.byte	0x74
 11626 068f D800     		.sleb128 88
 11627 0691 9F       		.byte	0x9f
ARM GAS  /tmp/ccrfHNBB.s 			page 205


 11628 0692 00       		.byte	0
 11629              	.LVUS70:
 11630 0693 01       		.uleb128 .LVU641
 11631 0694 00       		.uleb128 .LVU730
 11632 0695 00       		.uleb128 .LVU730
 11633 0696 00       		.uleb128 .LVU735
 11634 0697 00       		.uleb128 .LVU735
 11635 0698 00       		.uleb128 0
 11636              	.LLST70:
 11637 0699 06       		.byte	0x6
 11638 069a 24000000 		.4byte	.LVL47
 11639 069e 04       		.byte	0x4
 11640 069f 00       		.uleb128 .LVL47-.LVL47
 11641 06a0 9001     		.uleb128 .LVL53-.LVL47
 11642 06a2 01       		.uleb128 0x1
 11643 06a3 50       		.byte	0x50
 11644 06a4 04       		.byte	0x4
 11645 06a5 9001     		.uleb128 .LVL53-.LVL47
 11646 06a7 9B01     		.uleb128 .LVL56-1-.LVL47
 11647 06a9 03       		.uleb128 0x3
 11648 06aa 7C       		.byte	0x7c
 11649 06ab BC7F     		.sleb128 -68
 11650 06ad 04       		.byte	0x4
 11651 06ae 9B01     		.uleb128 .LVL56-1-.LVL47
 11652 06b0 A801     		.uleb128 .LFE217-.LVL47
 11653 06b2 0A       		.uleb128 0xa
 11654 06b3 A3       		.byte	0xa3
 11655 06b4 03       		.uleb128 0x3
 11656 06b5 A5       		.byte	0xa5
 11657 06b6 00       		.uleb128 0
 11658 06b7 26       		.uleb128 0x26
 11659 06b8 A8       		.byte	0xa8
 11660 06b9 2D       		.uleb128 0x2d
 11661 06ba A8       		.byte	0xa8
 11662 06bb 00       		.uleb128 0
 11663 06bc 9F       		.byte	0x9f
 11664 06bd 00       		.byte	0
 11665              	.LVUS71:
 11666 06be 00       		.uleb128 .LVU667
 11667 06bf 00       		.uleb128 0
 11668              	.LLST71:
 11669 06c0 08       		.byte	0x8
 11670 06c1 94000000 		.4byte	.LVL50
 11671 06c5 38       		.uleb128 .LFE217-.LVL50
 11672 06c6 01       		.uleb128 0x1
 11673 06c7 54       		.byte	0x54
 11674 06c8 00       		.byte	0
 11675              	.LVUS73:
 11676 06c9 05       		.uleb128 .LVU672
 11677 06ca 27       		.uleb128 .LVU706
 11678              	.LLST73:
 11679 06cb 08       		.byte	0x8
 11680 06cc 94000000 		.4byte	.LVL50
 11681 06d0 00       		.uleb128 .LVL50-.LVL50
 11682 06d1 06       		.uleb128 0x6
 11683 06d2 A0       		.byte	0xa0
 11684 06d3 001A0000 		.4byte	.Ldebug_info0+6656
ARM GAS  /tmp/ccrfHNBB.s 			page 206


 11685 06d7 00       		.sleb128 0
 11686 06d8 00       		.byte	0
 11687              	.LVUS74:
 11688 06d9 05       		.uleb128 .LVU672
 11689 06da 27       		.uleb128 .LVU706
 11690              	.LLST74:
 11691 06db 08       		.byte	0x8
 11692 06dc 94000000 		.4byte	.LVL50
 11693 06e0 00       		.uleb128 .LVL50-.LVL50
 11694 06e1 01       		.uleb128 0x1
 11695 06e2 54       		.byte	0x54
 11696 06e3 00       		.byte	0
 11697              	.LVUS76:
 11698 06e4 1F       		.uleb128 .LVU698
 11699 06e5 22       		.uleb128 .LVU701
 11700              	.LLST76:
 11701 06e6 08       		.byte	0x8
 11702 06e7 94000000 		.4byte	.LVL50
 11703 06eb 00       		.uleb128 .LVL50-.LVL50
 11704 06ec 02       		.uleb128 0x2
 11705 06ed 7C       		.byte	0x7c
 11706 06ee 68       		.sleb128 -24
 11707 06ef 00       		.byte	0
 11708              	.LVUS78:
 11709 06f0 16       		.uleb128 .LVU689
 11710 06f1 18       		.uleb128 .LVU691
 11711              	.LLST78:
 11712 06f2 08       		.byte	0x8
 11713 06f3 94000000 		.4byte	.LVL50
 11714 06f7 00       		.uleb128 .LVL50-.LVL50
 11715 06f8 01       		.uleb128 0x1
 11716 06f9 53       		.byte	0x53
 11717 06fa 00       		.byte	0
 11718              	.LVUS80:
 11719 06fb 00       		.uleb128 .LVU721
 11720 06fc 00       		.uleb128 .LVU733
 11721              	.LLST80:
 11722 06fd 08       		.byte	0x8
 11723 06fe A0000000 		.4byte	.LVL51
 11724 0702 1C       		.uleb128 .LVL55-.LVL51
 11725 0703 01       		.uleb128 0x1
 11726 0704 52       		.byte	0x52
 11727 0705 00       		.byte	0
 11728              	.LVUS81:
 11729 0706 00       		.uleb128 .LVU721
 11730 0707 00       		.uleb128 .LVU725
 11731 0708 00       		.uleb128 .LVU725
 11732 0709 00       		.uleb128 .LVU733
 11733              	.LLST81:
 11734 070a 06       		.byte	0x6
 11735 070b A0000000 		.4byte	.LVL51
 11736 070f 04       		.byte	0x4
 11737 0710 00       		.uleb128 .LVL51-.LVL51
 11738 0711 08       		.uleb128 .LVL52-.LVL51
 11739 0712 03       		.uleb128 0x3
 11740 0713 73       		.byte	0x73
 11741 0714 28       		.sleb128 40
ARM GAS  /tmp/ccrfHNBB.s 			page 207


 11742 0715 9F       		.byte	0x9f
 11743 0716 04       		.byte	0x4
 11744 0717 08       		.uleb128 .LVL52-.LVL51
 11745 0718 1C       		.uleb128 .LVL55-.LVL51
 11746 0719 01       		.uleb128 0x1
 11747 071a 55       		.byte	0x55
 11748 071b 00       		.byte	0
 11749              	.LVUS61:
 11750 071c 00       		.uleb128 0
 11751 071d 00       		.uleb128 .LVU604
 11752 071e 00       		.uleb128 .LVU604
 11753 071f 00       		.uleb128 0
 11754              	.LLST61:
 11755 0720 06       		.byte	0x6
 11756 0721 00000000 		.4byte	.LVL41
 11757 0725 04       		.byte	0x4
 11758 0726 00       		.uleb128 .LVL41-.LVL41
 11759 0727 0B       		.uleb128 .LVL42-1-.LVL41
 11760 0728 01       		.uleb128 0x1
 11761 0729 50       		.byte	0x50
 11762 072a 04       		.byte	0x4
 11763 072b 0B       		.uleb128 .LVL42-1-.LVL41
 11764 072c 24       		.uleb128 .LFE216-.LVL41
 11765 072d 0A       		.uleb128 0xa
 11766 072e A3       		.byte	0xa3
 11767 072f 03       		.uleb128 0x3
 11768 0730 A5       		.byte	0xa5
 11769 0731 00       		.uleb128 0
 11770 0732 26       		.uleb128 0x26
 11771 0733 A8       		.byte	0xa8
 11772 0734 2D       		.uleb128 0x2d
 11773 0735 A8       		.byte	0xa8
 11774 0736 00       		.uleb128 0
 11775 0737 9F       		.byte	0x9f
 11776 0738 00       		.byte	0
 11777              	.LVUS62:
 11778 0739 00       		.uleb128 .LVU606
 11779 073a 00       		.uleb128 .LVU607
 11780 073b 00       		.uleb128 .LVU607
 11781 073c 00       		.uleb128 0
 11782              	.LLST62:
 11783 073d 06       		.byte	0x6
 11784 073e 14000000 		.4byte	.LVL43
 11785 0742 04       		.byte	0x4
 11786 0743 00       		.uleb128 .LVL43-.LVL43
 11787 0744 03       		.uleb128 .LVL44-1-.LVL43
 11788 0745 01       		.uleb128 0x1
 11789 0746 50       		.byte	0x50
 11790 0747 04       		.byte	0x4
 11791 0748 03       		.uleb128 .LVL44-1-.LVL43
 11792 0749 10       		.uleb128 .LFE216-.LVL43
 11793 074a 01       		.uleb128 0x1
 11794 074b 54       		.byte	0x54
 11795 074c 00       		.byte	0
 11796              	.LVUS60:
 11797 074d 00       		.uleb128 0
 11798 074e 00       		.uleb128 .LVU586
ARM GAS  /tmp/ccrfHNBB.s 			page 208


 11799 074f 00       		.uleb128 .LVU586
 11800 0750 00       		.uleb128 0
 11801              	.LLST60:
 11802 0751 06       		.byte	0x6
 11803 0752 00000000 		.4byte	.LVL38
 11804 0756 04       		.byte	0x4
 11805 0757 00       		.uleb128 .LVL38-.LVL38
 11806 0758 07       		.uleb128 .LVL39-1-.LVL38
 11807 0759 01       		.uleb128 0x1
 11808 075a 50       		.byte	0x50
 11809 075b 04       		.byte	0x4
 11810 075c 07       		.uleb128 .LVL39-1-.LVL38
 11811 075d 10       		.uleb128 .LFE215-.LVL38
 11812 075e 0A       		.uleb128 0xa
 11813 075f A3       		.byte	0xa3
 11814 0760 03       		.uleb128 0x3
 11815 0761 A5       		.byte	0xa5
 11816 0762 00       		.uleb128 0
 11817 0763 26       		.uleb128 0x26
 11818 0764 A8       		.byte	0xa8
 11819 0765 2D       		.uleb128 0x2d
 11820 0766 A8       		.byte	0xa8
 11821 0767 00       		.uleb128 0
 11822 0768 9F       		.byte	0x9f
 11823 0769 00       		.byte	0
 11824              	.LVUS45:
 11825 076a 00       		.uleb128 0
 11826 076b 00       		.uleb128 .LVU515
 11827 076c 00       		.uleb128 .LVU515
 11828 076d 00       		.uleb128 0
 11829              	.LLST45:
 11830 076e 06       		.byte	0x6
 11831 076f 00000000 		.4byte	.LVL33
 11832 0773 04       		.byte	0x4
 11833 0774 00       		.uleb128 .LVL33-.LVL33
 11834 0775 C001     		.uleb128 .LVL36-.LVL33
 11835 0777 01       		.uleb128 0x1
 11836 0778 50       		.byte	0x50
 11837 0779 04       		.byte	0x4
 11838 077a C001     		.uleb128 .LVL36-.LVL33
 11839 077c D001     		.uleb128 .LFE214-.LVL33
 11840 077e 0A       		.uleb128 0xa
 11841 077f A3       		.byte	0xa3
 11842 0780 03       		.uleb128 0x3
 11843 0781 A5       		.byte	0xa5
 11844 0782 00       		.uleb128 0
 11845 0783 26       		.uleb128 0x26
 11846 0784 A8       		.byte	0xa8
 11847 0785 2D       		.uleb128 0x2d
 11848 0786 A8       		.byte	0xa8
 11849 0787 00       		.uleb128 0
 11850 0788 9F       		.byte	0x9f
 11851 0789 00       		.byte	0
 11852              	.LVUS46:
 11853 078a 02       		.uleb128 .LVU569
 11854 078b 00       		.uleb128 0
 11855              	.LLST46:
ARM GAS  /tmp/ccrfHNBB.s 			page 209


 11856 078c 08       		.byte	0x8
 11857 078d C8000000 		.4byte	.LVL37
 11858 0791 08       		.uleb128 .LFE214-.LVL37
 11859 0792 01       		.uleb128 0x1
 11860 0793 50       		.byte	0x50
 11861 0794 00       		.byte	0
 11862              	.LVUS48:
 11863 0795 03       		.uleb128 .LVU463
 11864 0796 00       		.uleb128 .LVU515
 11865 0797 00       		.uleb128 .LVU515
 11866 0798 02       		.uleb128 .LVU569
 11867              	.LLST48:
 11868 0799 06       		.byte	0x6
 11869 079a 0C000000 		.4byte	.LVL34
 11870 079e 04       		.byte	0x4
 11871 079f 00       		.uleb128 .LVL34-.LVL34
 11872 07a0 B401     		.uleb128 .LVL36-.LVL34
 11873 07a2 01       		.uleb128 0x1
 11874 07a3 50       		.byte	0x50
 11875 07a4 04       		.byte	0x4
 11876 07a5 B401     		.uleb128 .LVL36-.LVL34
 11877 07a7 BC01     		.uleb128 .LVL37-.LVL34
 11878 07a9 0A       		.uleb128 0xa
 11879 07aa A3       		.byte	0xa3
 11880 07ab 03       		.uleb128 0x3
 11881 07ac A5       		.byte	0xa5
 11882 07ad 00       		.uleb128 0
 11883 07ae 26       		.uleb128 0x26
 11884 07af A8       		.byte	0xa8
 11885 07b0 2D       		.uleb128 0x2d
 11886 07b1 A8       		.byte	0xa8
 11887 07b2 00       		.uleb128 0
 11888 07b3 9F       		.byte	0x9f
 11889 07b4 00       		.byte	0
 11890              	.LVUS49:
 11891 07b5 25       		.uleb128 .LVU552
 11892 07b6 02       		.uleb128 .LVU569
 11893              	.LLST49:
 11894 07b7 08       		.byte	0x8
 11895 07b8 C0000000 		.4byte	.LVL36
 11896 07bc 08       		.uleb128 .LVL37-.LVL36
 11897 07bd 01       		.uleb128 0x1
 11898 07be 50       		.byte	0x50
 11899 07bf 00       		.byte	0
 11900              	.LVUS50:
 11901 07c0 0E       		.uleb128 .LVU474
 11902 07c1 00       		.uleb128 .LVU482
 11903 07c2 00       		.uleb128 .LVU482
 11904 07c3 00       		.uleb128 0
 11905              	.LLST50:
 11906 07c4 06       		.byte	0x6
 11907 07c5 0C000000 		.4byte	.LVL34
 11908 07c9 04       		.byte	0x4
 11909 07ca 00       		.uleb128 .LVL34-.LVL34
 11910 07cb 1C       		.uleb128 .LVL35-.LVL34
 11911 07cc 02       		.uleb128 0x2
 11912 07cd 70       		.byte	0x70
ARM GAS  /tmp/ccrfHNBB.s 			page 210


 11913 07ce 04       		.sleb128 4
 11914 07cf 04       		.byte	0x4
 11915 07d0 1C       		.uleb128 .LVL35-.LVL34
 11916 07d1 C401     		.uleb128 .LFE214-.LVL34
 11917 07d3 03       		.uleb128 0x3
 11918 07d4 73       		.byte	0x73
 11919 07d5 BC7F     		.sleb128 -68
 11920 07d7 00       		.byte	0
 11921              	.LVUS51:
 11922 07d8 00       		.uleb128 .LVU515
 11923 07d9 02       		.uleb128 .LVU569
 11924              	.LLST51:
 11925 07da 08       		.byte	0x8
 11926 07db C0000000 		.4byte	.LVL36
 11927 07df 08       		.uleb128 .LVL37-.LVL36
 11928 07e0 01       		.uleb128 0x1
 11929 07e1 50       		.byte	0x50
 11930 07e2 00       		.byte	0
 11931              	.LVUS53:
 11932 07e3 04       		.uleb128 .LVU519
 11933 07e4 25       		.uleb128 .LVU552
 11934              	.LLST53:
 11935 07e5 08       		.byte	0x8
 11936 07e6 C0000000 		.4byte	.LVL36
 11937 07ea 00       		.uleb128 .LVL36-.LVL36
 11938 07eb 01       		.uleb128 0x1
 11939 07ec 50       		.byte	0x50
 11940 07ed 00       		.byte	0
 11941              	.LVUS56:
 11942 07ee 14       		.uleb128 .LVU535
 11943 07ef 16       		.uleb128 .LVU537
 11944              	.LLST56:
 11945 07f0 08       		.byte	0x8
 11946 07f1 C0000000 		.4byte	.LVL36
 11947 07f5 00       		.uleb128 .LVL36-.LVL36
 11948 07f6 03       		.uleb128 0x3
 11949 07f7 73       		.byte	0x73
 11950 07f8 60       		.sleb128 -32
 11951 07f9 9F       		.byte	0x9f
 11952 07fa 00       		.byte	0
 11953              	.LVUS58:
 11954 07fb 2D       		.uleb128 .LVU560
 11955 07fc 00       		.uleb128 .LVU567
 11956              	.LLST58:
 11957 07fd 08       		.byte	0x8
 11958 07fe C0000000 		.4byte	.LVL36
 11959 0802 08       		.uleb128 .LVL37-.LVL36
 11960 0803 01       		.uleb128 0x1
 11961 0804 52       		.byte	0x52
 11962 0805 00       		.byte	0
 11963              	.LVUS59:
 11964 0806 2D       		.uleb128 .LVU560
 11965 0807 00       		.uleb128 .LVU567
 11966              	.LLST59:
 11967 0808 08       		.byte	0x8
 11968 0809 C0000000 		.4byte	.LVL36
 11969 080d 08       		.uleb128 .LVL37-.LVL36
ARM GAS  /tmp/ccrfHNBB.s 			page 211


 11970 080e 01       		.uleb128 0x1
 11971 080f 5E       		.byte	0x5e
 11972 0810 00       		.byte	0
 11973              	.LVUS30:
 11974 0811 00       		.uleb128 0
 11975 0812 00       		.uleb128 .LVU325
 11976 0813 00       		.uleb128 .LVU325
 11977 0814 00       		.uleb128 .LVU327
 11978 0815 00       		.uleb128 .LVU327
 11979 0816 00       		.uleb128 .LVU328
 11980 0817 00       		.uleb128 .LVU328
 11981 0818 00       		.uleb128 0
 11982              	.LLST30:
 11983 0819 06       		.byte	0x6
 11984 081a 00000000 		.4byte	.LVL23
 11985 081e 04       		.byte	0x4
 11986 081f 00       		.uleb128 .LVL23-.LVL23
 11987 0820 0C       		.uleb128 .LVL24-.LVL23
 11988 0821 01       		.uleb128 0x1
 11989 0822 50       		.byte	0x50
 11990 0823 04       		.byte	0x4
 11991 0824 0C       		.uleb128 .LVL24-.LVL23
 11992 0825 14       		.uleb128 .LVL25-.LVL23
 11993 0826 0A       		.uleb128 0xa
 11994 0827 A3       		.byte	0xa3
 11995 0828 03       		.uleb128 0x3
 11996 0829 A5       		.byte	0xa5
 11997 082a 00       		.uleb128 0
 11998 082b 26       		.uleb128 0x26
 11999 082c A8       		.byte	0xa8
 12000 082d 2D       		.uleb128 0x2d
 12001 082e A8       		.byte	0xa8
 12002 082f 00       		.uleb128 0
 12003 0830 9F       		.byte	0x9f
 12004 0831 04       		.byte	0x4
 12005 0832 14       		.uleb128 .LVL25-.LVL23
 12006 0833 17       		.uleb128 .LVL26-1-.LVL23
 12007 0834 01       		.uleb128 0x1
 12008 0835 50       		.byte	0x50
 12009 0836 04       		.byte	0x4
 12010 0837 17       		.uleb128 .LVL26-1-.LVL23
 12011 0838 24       		.uleb128 .LFE212-.LVL23
 12012 0839 01       		.uleb128 0x1
 12013 083a 54       		.byte	0x54
 12014 083b 00       		.byte	0
 12015              	.LVUS31:
 12016 083c 00       		.uleb128 0
 12017 083d 00       		.uleb128 .LVU325
 12018 083e 00       		.uleb128 .LVU325
 12019 083f 00       		.uleb128 0
 12020              	.LLST31:
 12021 0840 06       		.byte	0x6
 12022 0841 00000000 		.4byte	.LVL23
 12023 0845 04       		.byte	0x4
 12024 0846 00       		.uleb128 .LVL23-.LVL23
 12025 0847 0B       		.uleb128 .LVL24-1-.LVL23
 12026 0848 01       		.uleb128 0x1
ARM GAS  /tmp/ccrfHNBB.s 			page 212


 12027 0849 51       		.byte	0x51
 12028 084a 04       		.byte	0x4
 12029 084b 0B       		.uleb128 .LVL24-1-.LVL23
 12030 084c 24       		.uleb128 .LFE212-.LVL23
 12031 084d 0A       		.uleb128 0xa
 12032 084e A3       		.byte	0xa3
 12033 084f 03       		.uleb128 0x3
 12034 0850 A5       		.byte	0xa5
 12035 0851 01       		.uleb128 0x1
 12036 0852 26       		.uleb128 0x26
 12037 0853 A8       		.byte	0xa8
 12038 0854 2D       		.uleb128 0x2d
 12039 0855 A8       		.byte	0xa8
 12040 0856 00       		.uleb128 0
 12041 0857 9F       		.byte	0x9f
 12042 0858 00       		.byte	0
 12043              	.LVUS28:
 12044 0859 00       		.uleb128 0
 12045 085a 00       		.uleb128 .LVU307
 12046 085b 00       		.uleb128 .LVU307
 12047 085c 00       		.uleb128 0
 12048              	.LLST28:
 12049 085d 06       		.byte	0x6
 12050 085e 00000000 		.4byte	.LVL20
 12051 0862 04       		.byte	0x4
 12052 0863 00       		.uleb128 .LVL20-.LVL20
 12053 0864 08       		.uleb128 .LVL21-.LVL20
 12054 0865 01       		.uleb128 0x1
 12055 0866 50       		.byte	0x50
 12056 0867 04       		.byte	0x4
 12057 0868 08       		.uleb128 .LVL21-.LVL20
 12058 0869 10       		.uleb128 .LFE211-.LVL20
 12059 086a 0A       		.uleb128 0xa
 12060 086b A3       		.byte	0xa3
 12061 086c 03       		.uleb128 0x3
 12062 086d A5       		.byte	0xa5
 12063 086e 00       		.uleb128 0
 12064 086f 26       		.uleb128 0x26
 12065 0870 A8       		.byte	0xa8
 12066 0871 2D       		.uleb128 0x2d
 12067 0872 A8       		.byte	0xa8
 12068 0873 00       		.uleb128 0
 12069 0874 9F       		.byte	0x9f
 12070 0875 00       		.byte	0
 12071              	.LVUS29:
 12072 0876 00       		.uleb128 0
 12073 0877 00       		.uleb128 .LVU307
 12074 0878 00       		.uleb128 .LVU307
 12075 0879 00       		.uleb128 0
 12076              	.LLST29:
 12077 087a 06       		.byte	0x6
 12078 087b 00000000 		.4byte	.LVL20
 12079 087f 04       		.byte	0x4
 12080 0880 00       		.uleb128 .LVL20-.LVL20
 12081 0881 07       		.uleb128 .LVL21-1-.LVL20
 12082 0882 01       		.uleb128 0x1
 12083 0883 51       		.byte	0x51
ARM GAS  /tmp/ccrfHNBB.s 			page 213


 12084 0884 04       		.byte	0x4
 12085 0885 07       		.uleb128 .LVL21-1-.LVL20
 12086 0886 10       		.uleb128 .LFE211-.LVL20
 12087 0887 0A       		.uleb128 0xa
 12088 0888 A3       		.byte	0xa3
 12089 0889 03       		.uleb128 0x3
 12090 088a A5       		.byte	0xa5
 12091 088b 01       		.uleb128 0x1
 12092 088c 26       		.uleb128 0x26
 12093 088d A8       		.byte	0xa8
 12094 088e 2D       		.uleb128 0x2d
 12095 088f A8       		.byte	0xa8
 12096 0890 00       		.uleb128 0
 12097 0891 9F       		.byte	0x9f
 12098 0892 00       		.byte	0
 12099              	.LVUS15:
 12100 0893 00       		.uleb128 0
 12101 0894 00       		.uleb128 .LVU240
 12102 0895 00       		.uleb128 .LVU240
 12103 0896 00       		.uleb128 0
 12104              	.LLST15:
 12105 0897 06       		.byte	0x6
 12106 0898 00000000 		.4byte	.LVL13
 12107 089c 04       		.byte	0x4
 12108 089d 00       		.uleb128 .LVL13-.LVL13
 12109 089e 7C       		.uleb128 .LVL15-.LVL13
 12110 089f 01       		.uleb128 0x1
 12111 08a0 51       		.byte	0x51
 12112 08a1 04       		.byte	0x4
 12113 08a2 7C       		.uleb128 .LVL15-.LVL13
 12114 08a3 C401     		.uleb128 .LFE210-.LVL13
 12115 08a5 0A       		.uleb128 0xa
 12116 08a6 A3       		.byte	0xa3
 12117 08a7 03       		.uleb128 0x3
 12118 08a8 A5       		.byte	0xa5
 12119 08a9 01       		.uleb128 0x1
 12120 08aa 26       		.uleb128 0x26
 12121 08ab A8       		.byte	0xa8
 12122 08ac 2D       		.uleb128 0x2d
 12123 08ad A8       		.byte	0xa8
 12124 08ae 00       		.uleb128 0
 12125 08af 9F       		.byte	0x9f
 12126 08b0 00       		.byte	0
 12127              	.LVUS17:
 12128 08b1 03       		.uleb128 .LVU195
 12129 08b2 00       		.uleb128 .LVU240
 12130 08b3 00       		.uleb128 .LVU240
 12131 08b4 02       		.uleb128 .LVU290
 12132              	.LLST17:
 12133 08b5 06       		.byte	0x6
 12134 08b6 08000000 		.4byte	.LVL14
 12135 08ba 04       		.byte	0x4
 12136 08bb 00       		.uleb128 .LVL14-.LVL14
 12137 08bc 74       		.uleb128 .LVL15-.LVL14
 12138 08bd 01       		.uleb128 0x1
 12139 08be 51       		.byte	0x51
 12140 08bf 04       		.byte	0x4
ARM GAS  /tmp/ccrfHNBB.s 			page 214


 12141 08c0 74       		.uleb128 .LVL15-.LVL14
 12142 08c1 B401     		.uleb128 .LVL19-.LVL14
 12143 08c3 0A       		.uleb128 0xa
 12144 08c4 A3       		.byte	0xa3
 12145 08c5 03       		.uleb128 0x3
 12146 08c6 A5       		.byte	0xa5
 12147 08c7 01       		.uleb128 0x1
 12148 08c8 26       		.uleb128 0x26
 12149 08c9 A8       		.byte	0xa8
 12150 08ca 2D       		.uleb128 0x2d
 12151 08cb A8       		.byte	0xa8
 12152 08cc 00       		.uleb128 0
 12153 08cd 9F       		.byte	0x9f
 12154 08ce 00       		.byte	0
 12155              	.LVUS18:
 12156 08cf 03       		.uleb128 .LVU195
 12157 08d0 02       		.uleb128 .LVU290
 12158              	.LLST18:
 12159 08d1 08       		.byte	0x8
 12160 08d2 08000000 		.4byte	.LVL14
 12161 08d6 B401     		.uleb128 .LVL19-.LVL14
 12162 08d8 01       		.uleb128 0x1
 12163 08d9 50       		.byte	0x50
 12164 08da 00       		.byte	0
 12165              	.LVUS20:
 12166 08db 0E       		.uleb128 .LVU206
 12167 08dc 00       		.uleb128 .LVU240
 12168 08dd 00       		.uleb128 .LVU240
 12169 08de 0B       		.uleb128 .LVU271
 12170              	.LLST20:
 12171 08df 06       		.byte	0x6
 12172 08e0 08000000 		.4byte	.LVL14
 12173 08e4 04       		.byte	0x4
 12174 08e5 00       		.uleb128 .LVL14-.LVL14
 12175 08e6 74       		.uleb128 .LVL15-.LVL14
 12176 08e7 01       		.uleb128 0x1
 12177 08e8 51       		.byte	0x51
 12178 08e9 04       		.byte	0x4
 12179 08ea 74       		.uleb128 .LVL15-.LVL14
 12180 08eb 9401     		.uleb128 .LVL17-.LVL14
 12181 08ed 0A       		.uleb128 0xa
 12182 08ee A3       		.byte	0xa3
 12183 08ef 03       		.uleb128 0x3
 12184 08f0 A5       		.byte	0xa5
 12185 08f1 01       		.uleb128 0x1
 12186 08f2 26       		.uleb128 0x26
 12187 08f3 A8       		.byte	0xa8
 12188 08f4 2D       		.uleb128 0x2d
 12189 08f5 A8       		.byte	0xa8
 12190 08f6 00       		.uleb128 0
 12191 08f7 9F       		.byte	0x9f
 12192 08f8 00       		.byte	0
 12193              	.LVUS21:
 12194 08f9 0E       		.uleb128 .LVU206
 12195 08fa 0B       		.uleb128 .LVU271
 12196              	.LLST21:
 12197 08fb 08       		.byte	0x8
ARM GAS  /tmp/ccrfHNBB.s 			page 215


 12198 08fc 08000000 		.4byte	.LVL14
 12199 0900 9401     		.uleb128 .LVL17-.LVL14
 12200 0902 01       		.uleb128 0x1
 12201 0903 50       		.byte	0x50
 12202 0904 00       		.byte	0
 12203              	.LVUS24:
 12204 0905 01       		.uleb128 .LVU252
 12205 0906 03       		.uleb128 .LVU254
 12206              	.LLST24:
 12207 0907 08       		.byte	0x8
 12208 0908 94000000 		.4byte	.LVL16
 12209 090c 00       		.uleb128 .LVL16-.LVL16
 12210 090d 03       		.uleb128 0x3
 12211 090e 70       		.byte	0x70
 12212 090f 38       		.sleb128 56
 12213 0910 9F       		.byte	0x9f
 12214 0911 00       		.byte	0
 12215              	.LVUS26:
 12216 0912 02       		.uleb128 .LVU279
 12217 0913 00       		.uleb128 .LVU288
 12218              	.LLST26:
 12219 0914 08       		.byte	0x8
 12220 0915 AC000000 		.4byte	.LVL18
 12221 0919 10       		.uleb128 .LVL19-.LVL18
 12222 091a 01       		.uleb128 0x1
 12223 091b 51       		.byte	0x51
 12224 091c 00       		.byte	0
 12225              	.LVUS27:
 12226 091d 02       		.uleb128 .LVU279
 12227 091e 00       		.uleb128 .LVU288
 12228              	.LLST27:
 12229 091f 08       		.byte	0x8
 12230 0920 AC000000 		.4byte	.LVL18
 12231 0924 10       		.uleb128 .LVL19-.LVL18
 12232 0925 01       		.uleb128 0x1
 12233 0926 56       		.byte	0x56
 12234 0927 00       		.byte	0
 12235              	.LVUS0:
 12236 0928 00       		.uleb128 0
 12237 0929 00       		.uleb128 .LVU23
 12238 092a 00       		.uleb128 .LVU23
 12239 092b 00       		.uleb128 0
 12240              	.LLST0:
 12241 092c 06       		.byte	0x6
 12242 092d 00000000 		.4byte	.LVL0
 12243 0931 04       		.byte	0x4
 12244 0932 00       		.uleb128 .LVL0-.LVL0
 12245 0933 40       		.uleb128 .LVL1-.LVL0
 12246 0934 01       		.uleb128 0x1
 12247 0935 51       		.byte	0x51
 12248 0936 04       		.byte	0x4
 12249 0937 40       		.uleb128 .LVL1-.LVL0
 12250 0938 7C       		.uleb128 .LFE207-.LVL0
 12251 0939 0A       		.uleb128 0xa
 12252 093a A3       		.byte	0xa3
 12253 093b 03       		.uleb128 0x3
 12254 093c A5       		.byte	0xa5
ARM GAS  /tmp/ccrfHNBB.s 			page 216


 12255 093d 01       		.uleb128 0x1
 12256 093e 26       		.uleb128 0x26
 12257 093f A8       		.byte	0xa8
 12258 0940 2D       		.uleb128 0x2d
 12259 0941 A8       		.byte	0xa8
 12260 0942 00       		.uleb128 0
 12261 0943 9F       		.byte	0x9f
 12262 0944 00       		.byte	0
 12263              	.LVUS3:
 12264 0945 03       		.uleb128 .LVU42
 12265 0946 05       		.uleb128 .LVU44
 12266              	.LLST3:
 12267 0947 08       		.byte	0x8
 12268 0948 78000000 		.4byte	.LVL2
 12269 094c 00       		.uleb128 .LVL2-.LVL2
 12270 094d 03       		.uleb128 0x3
 12271 094e 70       		.byte	0x70
 12272 094f 38       		.sleb128 56
 12273 0950 9F       		.byte	0x9f
 12274 0951 00       		.byte	0
 12275              	.LVUS4:
 12276 0952 00       		.uleb128 0
 12277 0953 00       		.uleb128 .LVU169
 12278 0954 00       		.uleb128 .LVU169
 12279 0955 00       		.uleb128 0
 12280              	.LLST4:
 12281 0956 06       		.byte	0x6
 12282 0957 00000000 		.4byte	.LVL4
 12283 095b 04       		.byte	0x4
 12284 095c 00       		.uleb128 .LVL4-.LVL4
 12285 095d B001     		.uleb128 .LVL10-.LVL4
 12286 095f 01       		.uleb128 0x1
 12287 0960 51       		.byte	0x51
 12288 0961 04       		.byte	0x4
 12289 0962 B001     		.uleb128 .LVL10-.LVL4
 12290 0964 C001     		.uleb128 .LFE209-.LVL4
 12291 0966 0A       		.uleb128 0xa
 12292 0967 A3       		.byte	0xa3
 12293 0968 03       		.uleb128 0x3
 12294 0969 A5       		.byte	0xa5
 12295 096a 01       		.uleb128 0x1
 12296 096b 26       		.uleb128 0x26
 12297 096c A8       		.byte	0xa8
 12298 096d 2D       		.uleb128 0x2d
 12299 096e A8       		.byte	0xa8
 12300 096f 00       		.uleb128 0
 12301 0970 9F       		.byte	0x9f
 12302 0971 00       		.byte	0
 12303              	.LVUS6:
 12304 0972 00       		.uleb128 .LVU93
 12305 0973 14       		.uleb128 .LVU156
 12306              	.LLST6:
 12307 0974 08       		.byte	0x8
 12308 0975 0C000000 		.4byte	.LVL5
 12309 0979 8401     		.uleb128 .LVL6-.LVL5
 12310 097b 01       		.uleb128 0x1
 12311 097c 51       		.byte	0x51
ARM GAS  /tmp/ccrfHNBB.s 			page 217


 12312 097d 00       		.byte	0
 12313              	.LVUS7:
 12314 097e 00       		.uleb128 .LVU93
 12315 097f 14       		.uleb128 .LVU156
 12316              	.LLST7:
 12317 0980 08       		.byte	0x8
 12318 0981 0C000000 		.4byte	.LVL5
 12319 0985 8401     		.uleb128 .LVL6-.LVL5
 12320 0987 01       		.uleb128 0x1
 12321 0988 50       		.byte	0x50
 12322 0989 00       		.byte	0
 12323              	.LVUS11:
 12324 098a 03       		.uleb128 .LVU139
 12325 098b 05       		.uleb128 .LVU141
 12326              	.LLST11:
 12327 098c 08       		.byte	0x8
 12328 098d 90000000 		.4byte	.LVL6
 12329 0991 00       		.uleb128 .LVL6-.LVL6
 12330 0992 03       		.uleb128 0x3
 12331 0993 70       		.byte	0x70
 12332 0994 38       		.sleb128 56
 12333 0995 9F       		.byte	0x9f
 12334 0996 00       		.byte	0
 12335              	.LVUS13:
 12336 0997 00       		.uleb128 .LVU169
 12337 0998 00       		.uleb128 .LVU177
 12338              	.LLST13:
 12339 0999 08       		.byte	0x8
 12340 099a B0000000 		.4byte	.LVL10
 12341 099e 0C       		.uleb128 .LVL12-.LVL10
 12342 099f 01       		.uleb128 0x1
 12343 09a0 51       		.byte	0x51
 12344 09a1 00       		.byte	0
 12345              	.LVUS14:
 12346 09a2 02       		.uleb128 .LVU164
 12347 09a3 00       		.uleb128 .LVU165
 12348 09a4 00       		.uleb128 .LVU165
 12349 09a5 00       		.uleb128 .LVU167
 12350 09a6 00       		.uleb128 .LVU167
 12351 09a7 00       		.uleb128 .LVU169
 12352 09a8 00       		.uleb128 .LVU169
 12353 09a9 00       		.uleb128 .LVU175
 12354 09aa 00       		.uleb128 .LVU175
 12355 09ab 00       		.uleb128 .LVU177
 12356              	.LLST14:
 12357 09ac 06       		.byte	0x6
 12358 09ad A0000000 		.4byte	.LVL7
 12359 09b1 04       		.byte	0x4
 12360 09b2 00       		.uleb128 .LVL7-.LVL7
 12361 09b3 04       		.uleb128 .LVL8-.LVL7
 12362 09b4 03       		.uleb128 0x3
 12363 09b5 72       		.byte	0x72
 12364 09b6 28       		.sleb128 40
 12365 09b7 9F       		.byte	0x9f
 12366 09b8 04       		.byte	0x4
 12367 09b9 04       		.uleb128 .LVL8-.LVL7
 12368 09ba 0C       		.uleb128 .LVL9-.LVL7
ARM GAS  /tmp/ccrfHNBB.s 			page 218


 12369 09bb 01       		.uleb128 0x1
 12370 09bc 5C       		.byte	0x5c
 12371 09bd 04       		.byte	0x4
 12372 09be 0C       		.uleb128 .LVL9-.LVL7
 12373 09bf 10       		.uleb128 .LVL10-.LVL7
 12374 09c0 02       		.uleb128 0x2
 12375 09c1 70       		.byte	0x70
 12376 09c2 24       		.sleb128 36
 12377 09c3 04       		.byte	0x4
 12378 09c4 10       		.uleb128 .LVL10-.LVL7
 12379 09c5 18       		.uleb128 .LVL11-.LVL7
 12380 09c6 02       		.uleb128 0x2
 12381 09c7 71       		.byte	0x71
 12382 09c8 00       		.sleb128 0
 12383 09c9 04       		.byte	0x4
 12384 09ca 18       		.uleb128 .LVL11-.LVL7
 12385 09cb 1C       		.uleb128 .LVL12-.LVL7
 12386 09cc 03       		.uleb128 0x3
 12387 09cd 72       		.byte	0x72
 12388 09ce 28       		.sleb128 40
 12389 09cf 9F       		.byte	0x9f
 12390 09d0 00       		.byte	0
 12391              	.LVUS33:
 12392 09d1 00       		.uleb128 0
 12393 09d2 00       		.uleb128 .LVU388
 12394 09d3 00       		.uleb128 .LVU388
 12395 09d4 00       		.uleb128 0
 12396              	.LLST33:
 12397 09d5 06       		.byte	0x6
 12398 09d6 00000000 		.4byte	.LVL27
 12399 09da 04       		.byte	0x4
 12400 09db 00       		.uleb128 .LVL27-.LVL27
 12401 09dc 64       		.uleb128 .LVL29-.LVL27
 12402 09dd 01       		.uleb128 0x1
 12403 09de 50       		.byte	0x50
 12404 09df 04       		.byte	0x4
 12405 09e0 64       		.uleb128 .LVL29-.LVL27
 12406 09e1 C401     		.uleb128 .LFE213-.LVL27
 12407 09e3 0A       		.uleb128 0xa
 12408 09e4 A3       		.byte	0xa3
 12409 09e5 03       		.uleb128 0x3
 12410 09e6 A5       		.byte	0xa5
 12411 09e7 00       		.uleb128 0
 12412 09e8 26       		.uleb128 0x26
 12413 09e9 A8       		.byte	0xa8
 12414 09ea 2D       		.uleb128 0x2d
 12415 09eb A8       		.byte	0xa8
 12416 09ec 00       		.uleb128 0
 12417 09ed 9F       		.byte	0x9f
 12418 09ee 00       		.byte	0
 12419              	.LVUS34:
 12420 09ef 14       		.uleb128 .LVU426
 12421 09f0 00       		.uleb128 .LVU441
 12422 09f1 00       		.uleb128 .LVU441
 12423 09f2 00       		.uleb128 0
 12424              	.LLST34:
 12425 09f3 06       		.byte	0x6
ARM GAS  /tmp/ccrfHNBB.s 			page 219


 12426 09f4 AC000000 		.4byte	.LVL30
 12427 09f8 04       		.byte	0x4
 12428 09f9 00       		.uleb128 .LVL30-.LVL30
 12429 09fa 0C       		.uleb128 .LVL31-.LVL30
 12430 09fb 04       		.uleb128 0x4
 12431 09fc 73       		.byte	0x73
 12432 09fd A87F     		.sleb128 -88
 12433 09ff 9F       		.byte	0x9f
 12434 0a00 04       		.byte	0x4
 12435 0a01 0C       		.uleb128 .LVL31-.LVL30
 12436 0a02 18       		.uleb128 .LFE213-.LVL30
 12437 0a03 01       		.uleb128 0x1
 12438 0a04 50       		.byte	0x50
 12439 0a05 00       		.byte	0
 12440              	.LVUS35:
 12441 0a06 01       		.uleb128 .LVU365
 12442 0a07 00       		.uleb128 .LVU441
 12443 0a08 00       		.uleb128 .LVU441
 12444 0a09 00       		.uleb128 0
 12445              	.LLST35:
 12446 0a0a 06       		.byte	0x6
 12447 0a0b 38000000 		.4byte	.LVL28
 12448 0a0f 04       		.byte	0x4
 12449 0a10 00       		.uleb128 .LVL28-.LVL28
 12450 0a11 8001     		.uleb128 .LVL31-.LVL28
 12451 0a13 04       		.uleb128 0x4
 12452 0a14 73       		.byte	0x73
 12453 0a15 A87F     		.sleb128 -88
 12454 0a17 9F       		.byte	0x9f
 12455 0a18 04       		.byte	0x4
 12456 0a19 8001     		.uleb128 .LVL31-.LVL28
 12457 0a1b 8C01     		.uleb128 .LFE213-.LVL28
 12458 0a1d 01       		.uleb128 0x1
 12459 0a1e 50       		.byte	0x50
 12460 0a1f 00       		.byte	0
 12461              	.LVUS37:
 12462 0a20 05       		.uleb128 .LVU369
 12463 0a21 00       		.uleb128 .LVU388
 12464 0a22 00       		.uleb128 .LVU388
 12465 0a23 14       		.uleb128 .LVU426
 12466              	.LLST37:
 12467 0a24 06       		.byte	0x6
 12468 0a25 38000000 		.4byte	.LVL28
 12469 0a29 04       		.byte	0x4
 12470 0a2a 00       		.uleb128 .LVL28-.LVL28
 12471 0a2b 2C       		.uleb128 .LVL29-.LVL28
 12472 0a2c 01       		.uleb128 0x1
 12473 0a2d 50       		.byte	0x50
 12474 0a2e 04       		.byte	0x4
 12475 0a2f 2C       		.uleb128 .LVL29-.LVL28
 12476 0a30 74       		.uleb128 .LVL30-.LVL28
 12477 0a31 0A       		.uleb128 0xa
 12478 0a32 A3       		.byte	0xa3
 12479 0a33 03       		.uleb128 0x3
 12480 0a34 A5       		.byte	0xa5
 12481 0a35 00       		.uleb128 0
 12482 0a36 26       		.uleb128 0x26
ARM GAS  /tmp/ccrfHNBB.s 			page 220


 12483 0a37 A8       		.byte	0xa8
 12484 0a38 2D       		.uleb128 0x2d
 12485 0a39 A8       		.byte	0xa8
 12486 0a3a 00       		.uleb128 0
 12487 0a3b 9F       		.byte	0x9f
 12488 0a3c 00       		.byte	0
 12489              	.LVUS38:
 12490 0a3d 05       		.uleb128 .LVU369
 12491 0a3e 14       		.uleb128 .LVU426
 12492              	.LLST38:
 12493 0a3f 08       		.byte	0x8
 12494 0a40 38000000 		.4byte	.LVL28
 12495 0a44 74       		.uleb128 .LVL30-.LVL28
 12496 0a45 04       		.uleb128 0x4
 12497 0a46 73       		.byte	0x73
 12498 0a47 A87F     		.sleb128 -88
 12499 0a49 9F       		.byte	0x9f
 12500 0a4a 00       		.byte	0
 12501              	.LVUS41:
 12502 0a4b 03       		.uleb128 .LVU409
 12503 0a4c 05       		.uleb128 .LVU411
 12504              	.LLST41:
 12505 0a4d 08       		.byte	0x8
 12506 0a4e AC000000 		.4byte	.LVL30
 12507 0a52 00       		.uleb128 .LVL30-.LVL30
 12508 0a53 01       		.uleb128 0x1
 12509 0a54 50       		.byte	0x50
 12510 0a55 00       		.byte	0
 12511              	.LVUS43:
 12512 0a56 1C       		.uleb128 .LVU434
 12513 0a57 00       		.uleb128 .LVU444
 12514              	.LLST43:
 12515 0a58 08       		.byte	0x8
 12516 0a59 AC000000 		.4byte	.LVL30
 12517 0a5d 14       		.uleb128 .LVL32-.LVL30
 12518 0a5e 01       		.uleb128 0x1
 12519 0a5f 51       		.byte	0x51
 12520 0a60 00       		.byte	0
 12521              	.LVUS44:
 12522 0a61 1C       		.uleb128 .LVU434
 12523 0a62 00       		.uleb128 .LVU444
 12524              	.LLST44:
 12525 0a63 08       		.byte	0x8
 12526 0a64 AC000000 		.4byte	.LVL30
 12527 0a68 14       		.uleb128 .LVL32-.LVL30
 12528 0a69 01       		.uleb128 0x1
 12529 0a6a 5E       		.byte	0x5e
 12530 0a6b 00       		.byte	0
 12531              	.LVUS84:
 12532 0a6c 00       		.uleb128 0
 12533 0a6d 00       		.uleb128 .LVU851
 12534 0a6e 00       		.uleb128 .LVU851
 12535 0a6f 00       		.uleb128 0
 12536              	.LLST84:
 12537 0a70 06       		.byte	0x6
 12538 0a71 00000000 		.4byte	.LVL60
 12539 0a75 04       		.byte	0x4
ARM GAS  /tmp/ccrfHNBB.s 			page 221


 12540 0a76 00       		.uleb128 .LVL60-.LVL60
 12541 0a77 4F       		.uleb128 .LVL63-1-.LVL60
 12542 0a78 01       		.uleb128 0x1
 12543 0a79 50       		.byte	0x50
 12544 0a7a 04       		.byte	0x4
 12545 0a7b 4F       		.uleb128 .LVL63-1-.LVL60
 12546 0a7c 50       		.uleb128 .LFE220-.LVL60
 12547 0a7d 0A       		.uleb128 0xa
 12548 0a7e A3       		.byte	0xa3
 12549 0a7f 03       		.uleb128 0x3
 12550 0a80 A5       		.byte	0xa5
 12551 0a81 00       		.uleb128 0
 12552 0a82 26       		.uleb128 0x26
 12553 0a83 A8       		.byte	0xa8
 12554 0a84 2D       		.uleb128 0x2d
 12555 0a85 A8       		.byte	0xa8
 12556 0a86 00       		.uleb128 0
 12557 0a87 9F       		.byte	0x9f
 12558 0a88 00       		.byte	0
 12559              	.LVUS85:
 12560 0a89 00       		.uleb128 .LVU826
 12561 0a8a 00       		.uleb128 .LVU851
 12562 0a8b 00       		.uleb128 .LVU851
 12563 0a8c 00       		.uleb128 0
 12564              	.LLST85:
 12565 0a8d 06       		.byte	0x6
 12566 0a8e 2C000000 		.4byte	.LVL61
 12567 0a92 04       		.byte	0x4
 12568 0a93 00       		.uleb128 .LVL61-.LVL61
 12569 0a94 23       		.uleb128 .LVL63-1-.LVL61
 12570 0a95 01       		.uleb128 0x1
 12571 0a96 50       		.byte	0x50
 12572 0a97 04       		.byte	0x4
 12573 0a98 23       		.uleb128 .LVL63-1-.LVL61
 12574 0a99 24       		.uleb128 .LFE220-.LVL61
 12575 0a9a 0A       		.uleb128 0xa
 12576 0a9b A3       		.byte	0xa3
 12577 0a9c 03       		.uleb128 0x3
 12578 0a9d A5       		.byte	0xa5
 12579 0a9e 00       		.uleb128 0
 12580 0a9f 26       		.uleb128 0x26
 12581 0aa0 A8       		.byte	0xa8
 12582 0aa1 2D       		.uleb128 0x2d
 12583 0aa2 A8       		.byte	0xa8
 12584 0aa3 00       		.uleb128 0
 12585 0aa4 9F       		.byte	0x9f
 12586 0aa5 00       		.byte	0
 12587              	.LVUS86:
 12588 0aa6 02       		.uleb128 .LVU828
 12589 0aa7 01       		.uleb128 .LVU836
 12590              	.LLST86:
 12591 0aa8 08       		.byte	0x8
 12592 0aa9 2C000000 		.4byte	.LVL61
 12593 0aad 10       		.uleb128 .LVL62-.LVL61
 12594 0aae 03       		.uleb128 0x3
 12595 0aaf 70       		.byte	0x70
 12596 0ab0 24       		.sleb128 36
ARM GAS  /tmp/ccrfHNBB.s 			page 222


 12597 0ab1 9F       		.byte	0x9f
 12598 0ab2 00       		.byte	0
 12599              	.LVUS99:
 12600 0ab3 00       		.uleb128 0
 12601 0ab4 00       		.uleb128 .LVU949
 12602 0ab5 00       		.uleb128 .LVU949
 12603 0ab6 00       		.uleb128 0
 12604              	.LLST99:
 12605 0ab7 06       		.byte	0x6
 12606 0ab8 00000000 		.4byte	.LVL78
 12607 0abc 04       		.byte	0x4
 12608 0abd 00       		.uleb128 .LVL78-.LVL78
 12609 0abe 30       		.uleb128 .LVL81-.LVL78
 12610 0abf 01       		.uleb128 0x1
 12611 0ac0 50       		.byte	0x50
 12612 0ac1 04       		.byte	0x4
 12613 0ac2 30       		.uleb128 .LVL81-.LVL78
 12614 0ac3 8801     		.uleb128 .LFE222-.LVL78
 12615 0ac5 0A       		.uleb128 0xa
 12616 0ac6 A3       		.byte	0xa3
 12617 0ac7 03       		.uleb128 0x3
 12618 0ac8 A5       		.byte	0xa5
 12619 0ac9 00       		.uleb128 0
 12620 0aca 26       		.uleb128 0x26
 12621 0acb A8       		.byte	0xa8
 12622 0acc 2D       		.uleb128 0x2d
 12623 0acd A8       		.byte	0xa8
 12624 0ace 00       		.uleb128 0
 12625 0acf 9F       		.byte	0x9f
 12626 0ad0 00       		.byte	0
 12627              	.LVUS100:
 12628 0ad1 00       		.uleb128 .LVU932
 12629 0ad2 00       		.uleb128 .LVU951
 12630 0ad3 00       		.uleb128 .LVU952
 12631 0ad4 00       		.uleb128 .LVU983
 12632              	.LLST100:
 12633 0ad5 06       		.byte	0x6
 12634 0ad6 10000000 		.4byte	.LVL79
 12635 0ada 04       		.byte	0x4
 12636 0adb 00       		.uleb128 .LVL79-.LVL79
 12637 0adc 24       		.uleb128 .LVL82-.LVL79
 12638 0add 01       		.uleb128 0x1
 12639 0ade 54       		.byte	0x54
 12640 0adf 04       		.byte	0x4
 12641 0ae0 2C       		.uleb128 .LVL83-.LVL79
 12642 0ae1 6C       		.uleb128 .LVL88-.LVL79
 12643 0ae2 01       		.uleb128 0x1
 12644 0ae3 54       		.byte	0x54
 12645 0ae4 00       		.byte	0
 12646              	.LVUS103:
 12647 0ae5 05       		.uleb128 .LVU943
 12648 0ae6 07       		.uleb128 .LVU945
 12649 0ae7 01       		.uleb128 .LVU966
 12650 0ae8 00       		.uleb128 .LVU969
 12651              	.LLST103:
 12652 0ae9 06       		.byte	0x6
 12653 0aea 20000000 		.4byte	.LVL80
ARM GAS  /tmp/ccrfHNBB.s 			page 223


 12654 0aee 04       		.byte	0x4
 12655 0aef 00       		.uleb128 .LVL80-.LVL80
 12656 0af0 00       		.uleb128 .LVL80-.LVL80
 12657 0af1 01       		.uleb128 0x1
 12658 0af2 55       		.byte	0x55
 12659 0af3 04       		.byte	0x4
 12660 0af4 2C       		.uleb128 .LVL85-.LVL80
 12661 0af5 30       		.uleb128 .LVL86-.LVL80
 12662 0af6 01       		.uleb128 0x1
 12663 0af7 55       		.byte	0x55
 12664 0af8 00       		.byte	0
 12665              	.LVUS105:
 12666 0af9 01       		.uleb128 .LVU953
 12667 0afa 01       		.uleb128 .LVU963
 12668              	.LLST105:
 12669 0afb 08       		.byte	0x8
 12670 0afc 3C000000 		.4byte	.LVL83
 12671 0b00 0C       		.uleb128 .LVL84-.LVL83
 12672 0b01 01       		.uleb128 0x1
 12673 0b02 55       		.byte	0x55
 12674 0b03 00       		.byte	0
 12675              	.LVUS106:
 12676 0b04 06       		.uleb128 .LVU958
 12677 0b05 01       		.uleb128 .LVU963
 12678              	.LLST106:
 12679 0b06 08       		.byte	0x8
 12680 0b07 3C000000 		.4byte	.LVL83
 12681 0b0b 0C       		.uleb128 .LVL84-.LVL83
 12682 0b0c 01       		.uleb128 0x1
 12683 0b0d 53       		.byte	0x53
 12684 0b0e 00       		.byte	0
 12685              	.LVUS108:
 12686 0b0f 01       		.uleb128 .LVU978
 12687 0b10 00       		.uleb128 .LVU983
 12688              	.LLST108:
 12689 0b11 08       		.byte	0x8
 12690 0b12 70000000 		.4byte	.LVL87
 12691 0b16 0C       		.uleb128 .LVL88-.LVL87
 12692 0b17 03       		.uleb128 0x3
 12693 0b18 74       		.byte	0x74
 12694 0b19 24       		.sleb128 36
 12695 0b1a 9F       		.byte	0x9f
 12696 0b1b 00       		.byte	0
 12697              	.LVUS158:
 12698 0b1c 00       		.uleb128 0
 12699 0b1d 00       		.uleb128 .LVU1379
 12700 0b1e 00       		.uleb128 .LVU1379
 12701 0b1f 00       		.uleb128 .LVU1387
 12702 0b20 00       		.uleb128 .LVU1387
 12703 0b21 00       		.uleb128 0
 12704              	.LLST158:
 12705 0b22 06       		.byte	0x6
 12706 0b23 00000000 		.4byte	.LVL140
 12707 0b27 04       		.byte	0x4
 12708 0b28 00       		.uleb128 .LVL140-.LVL140
 12709 0b29 08       		.uleb128 .LVL141-.LVL140
 12710 0b2a 01       		.uleb128 0x1
ARM GAS  /tmp/ccrfHNBB.s 			page 224


 12711 0b2b 50       		.byte	0x50
 12712 0b2c 04       		.byte	0x4
 12713 0b2d 08       		.uleb128 .LVL141-.LVL140
 12714 0b2e 1B       		.uleb128 .LVL143-1-.LVL140
 12715 0b2f 01       		.uleb128 0x1
 12716 0b30 53       		.byte	0x53
 12717 0b31 04       		.byte	0x4
 12718 0b32 1B       		.uleb128 .LVL143-1-.LVL140
 12719 0b33 1C       		.uleb128 .LFE233-.LVL140
 12720 0b34 0A       		.uleb128 0xa
 12721 0b35 A3       		.byte	0xa3
 12722 0b36 03       		.uleb128 0x3
 12723 0b37 A5       		.byte	0xa5
 12724 0b38 00       		.uleb128 0
 12725 0b39 26       		.uleb128 0x26
 12726 0b3a A8       		.byte	0xa8
 12727 0b3b 2D       		.uleb128 0x2d
 12728 0b3c A8       		.byte	0xa8
 12729 0b3d 00       		.uleb128 0
 12730 0b3e 9F       		.byte	0x9f
 12731 0b3f 00       		.byte	0
 12732              	.LVUS159:
 12733 0b40 00       		.uleb128 0
 12734 0b41 00       		.uleb128 .LVU1387
 12735 0b42 00       		.uleb128 .LVU1387
 12736 0b43 00       		.uleb128 0
 12737              	.LLST159:
 12738 0b44 06       		.byte	0x6
 12739 0b45 00000000 		.4byte	.LVL140
 12740 0b49 04       		.byte	0x4
 12741 0b4a 00       		.uleb128 .LVL140-.LVL140
 12742 0b4b 1B       		.uleb128 .LVL143-1-.LVL140
 12743 0b4c 01       		.uleb128 0x1
 12744 0b4d 51       		.byte	0x51
 12745 0b4e 04       		.byte	0x4
 12746 0b4f 1B       		.uleb128 .LVL143-1-.LVL140
 12747 0b50 1C       		.uleb128 .LFE233-.LVL140
 12748 0b51 0A       		.uleb128 0xa
 12749 0b52 A3       		.byte	0xa3
 12750 0b53 03       		.uleb128 0x3
 12751 0b54 A5       		.byte	0xa5
 12752 0b55 01       		.uleb128 0x1
 12753 0b56 26       		.uleb128 0x26
 12754 0b57 A8       		.byte	0xa8
 12755 0b58 2D       		.uleb128 0x2d
 12756 0b59 A8       		.byte	0xa8
 12757 0b5a 00       		.uleb128 0
 12758 0b5b 9F       		.byte	0x9f
 12759 0b5c 00       		.byte	0
 12760              	.LVUS160:
 12761 0b5d 01       		.uleb128 .LVU1381
 12762 0b5e 00       		.uleb128 .LVU1387
 12763              	.LLST160:
 12764 0b5f 08       		.byte	0x8
 12765 0b60 10000000 		.4byte	.LVL142
 12766 0b64 0B       		.uleb128 .LVL143-1-.LVL142
 12767 0b65 01       		.uleb128 0x1
ARM GAS  /tmp/ccrfHNBB.s 			page 225


 12768 0b66 50       		.byte	0x50
 12769 0b67 00       		.byte	0
 12770              	.Ldebug_loc3:
 12771              		.section	.debug_aranges,"",%progbits
 12772 0000 1C010000 		.4byte	0x11c
 12773 0004 0200     		.2byte	0x2
 12774 0006 00000000 		.4byte	.Ldebug_info0
 12775 000a 04       		.byte	0x4
 12776 000b 00       		.byte	0
 12777 000c 0000     		.2byte	0
 12778 000e 0000     		.2byte	0
 12779 0010 00000000 		.4byte	.LFB207
 12780 0014 7C000000 		.4byte	.LFE207-.LFB207
 12781 0018 00000000 		.4byte	.LFB208
 12782 001c 04000000 		.4byte	.LFE208-.LFB208
 12783 0020 00000000 		.4byte	.LFB209
 12784 0024 C0000000 		.4byte	.LFE209-.LFB209
 12785 0028 00000000 		.4byte	.LFB210
 12786 002c C4000000 		.4byte	.LFE210-.LFB210
 12787 0030 00000000 		.4byte	.LFB211
 12788 0034 10000000 		.4byte	.LFE211-.LFB211
 12789 0038 00000000 		.4byte	.LFB212
 12790 003c 24000000 		.4byte	.LFE212-.LFB212
 12791 0040 00000000 		.4byte	.LFB213
 12792 0044 C4000000 		.4byte	.LFE213-.LFB213
 12793 0048 00000000 		.4byte	.LFB214
 12794 004c D0000000 		.4byte	.LFE214-.LFB214
 12795 0050 00000000 		.4byte	.LFB215
 12796 0054 10000000 		.4byte	.LFE215-.LFB215
 12797 0058 00000000 		.4byte	.LFB216
 12798 005c 24000000 		.4byte	.LFE216-.LFB216
 12799 0060 00000000 		.4byte	.LFB217
 12800 0064 CC000000 		.4byte	.LFE217-.LFB217
 12801 0068 00000000 		.4byte	.LFB218
 12802 006c 20000000 		.4byte	.LFE218-.LFB218
 12803 0070 00000000 		.4byte	.LFB219
 12804 0074 18000000 		.4byte	.LFE219-.LFB219
 12805 0078 00000000 		.4byte	.LFB220
 12806 007c 50000000 		.4byte	.LFE220-.LFB220
 12807 0080 00000000 		.4byte	.LFB221
 12808 0084 8C000000 		.4byte	.LFE221-.LFB221
 12809 0088 00000000 		.4byte	.LFB222
 12810 008c 88000000 		.4byte	.LFE222-.LFB222
 12811 0090 00000000 		.4byte	.LFB223
 12812 0094 A0000000 		.4byte	.LFE223-.LFB223
 12813 0098 00000000 		.4byte	.LFB224
 12814 009c 50000000 		.4byte	.LFE224-.LFB224
 12815 00a0 00000000 		.4byte	.LFB225
 12816 00a4 1C000000 		.4byte	.LFE225-.LFB225
 12817 00a8 00000000 		.4byte	.LFB226
 12818 00ac 1C000000 		.4byte	.LFE226-.LFB226
 12819 00b0 00000000 		.4byte	.LFB227
 12820 00b4 34000000 		.4byte	.LFE227-.LFB227
 12821 00b8 00000000 		.4byte	.LFB228
 12822 00bc 40000000 		.4byte	.LFE228-.LFB228
 12823 00c0 00000000 		.4byte	.LFB229
 12824 00c4 14000000 		.4byte	.LFE229-.LFB229
ARM GAS  /tmp/ccrfHNBB.s 			page 226


 12825 00c8 00000000 		.4byte	.LFB230
 12826 00cc 30000000 		.4byte	.LFE230-.LFB230
 12827 00d0 00000000 		.4byte	.LFB231
 12828 00d4 30000000 		.4byte	.LFE231-.LFB231
 12829 00d8 00000000 		.4byte	.LFB232
 12830 00dc 20000000 		.4byte	.LFE232-.LFB232
 12831 00e0 00000000 		.4byte	.LFB233
 12832 00e4 1C000000 		.4byte	.LFE233-.LFB233
 12833 00e8 00000000 		.4byte	.LFB234
 12834 00ec 34000000 		.4byte	.LFE234-.LFB234
 12835 00f0 00000000 		.4byte	.LFB235
 12836 00f4 0C000000 		.4byte	.LFE235-.LFB235
 12837 00f8 00000000 		.4byte	.LFB242
 12838 00fc 04000000 		.4byte	.LFE242-.LFB242
 12839 0100 00000000 		.4byte	.LFB237
 12840 0104 3C000000 		.4byte	.LFE237-.LFB237
 12841 0108 00000000 		.4byte	.LFB238
 12842 010c 24000000 		.4byte	.LFE238-.LFB238
 12843 0110 00000000 		.4byte	.LFB239
 12844 0114 3C000000 		.4byte	.LFE239-.LFB239
 12845 0118 00000000 		.4byte	0
 12846 011c 00000000 		.4byte	0
 12847              		.section	.debug_rnglists,"",%progbits
 12848              	.Ldebug_ranges0:
 12849 0000 1B040000 		.4byte	.Ldebug_ranges3-.Ldebug_ranges2
 12850              	.Ldebug_ranges2:
 12851 0004 0500     		.2byte	0x5
 12852 0006 04       		.byte	0x4
 12853 0007 00       		.byte	0
 12854 0008 00000000 		.4byte	0
 12855              	.LLRL1:
 12856 000c 05       		.byte	0x5
 12857 000d 4C000000 		.4byte	.LBB230
 12858 0011 04       		.byte	0x4
 12859 0012 00       		.uleb128 .LBB230-.LBB230
 12860 0013 08       		.uleb128 .LBE230-.LBB230
 12861 0014 04       		.byte	0x4
 12862 0015 2C       		.uleb128 .LBB237-.LBB230
 12863 0016 2C       		.uleb128 .LBE237-.LBB230
 12864 0017 00       		.byte	0
 12865              	.LLRL2:
 12866 0018 05       		.byte	0x5
 12867 0019 70000000 		.4byte	.LBB233
 12868 001d 04       		.byte	0x4
 12869 001e 00       		.uleb128 .LBB233-.LBB233
 12870 001f 08       		.uleb128 .LBE233-.LBB233
 12871 0020 04       		.byte	0x4
 12872 0021 08       		.uleb128 .LBB236-.LBB233
 12873 0022 08       		.uleb128 .LBE236-.LBB233
 12874 0023 00       		.byte	0
 12875              	.LLRL5:
 12876 0024 05       		.byte	0x5
 12877 0025 00000000 		.4byte	.LBB248
 12878 0029 04       		.byte	0x4
 12879 002a 00       		.uleb128 .LBB248-.LBB248
 12880 002b 04       		.uleb128 .LBE248-.LBB248
 12881 002c 04       		.byte	0x4
ARM GAS  /tmp/ccrfHNBB.s 			page 227


 12882 002d 08       		.uleb128 .LBB266-.LBB248
 12883 002e 34       		.uleb128 .LBE266-.LBB248
 12884 002f 04       		.byte	0x4
 12885 0030 38       		.uleb128 .LBB267-.LBB248
 12886 0031 5C       		.uleb128 .LBE267-.LBB248
 12887 0032 04       		.byte	0x4
 12888 0033 64       		.uleb128 .LBB268-.LBB248
 12889 0034 6C       		.uleb128 .LBE268-.LBB248
 12890 0035 04       		.byte	0x4
 12891 0036 74       		.uleb128 .LBB269-.LBB248
 12892 0037 8801     		.uleb128 .LBE269-.LBB248
 12893 0039 04       		.byte	0x4
 12894 003a 9001     		.uleb128 .LBB270-.LBB248
 12895 003c 9001     		.uleb128 .LBE270-.LBB248
 12896 003e 00       		.byte	0
 12897              	.LLRL8:
 12898 003f 05       		.byte	0x5
 12899 0040 00000000 		.4byte	.LBB249
 12900 0044 04       		.byte	0x4
 12901 0045 00       		.uleb128 .LBB249-.LBB249
 12902 0046 04       		.uleb128 .LBE249-.LBB249
 12903 0047 04       		.byte	0x4
 12904 0048 08       		.uleb128 .LBB260-.LBB249
 12905 0049 0C       		.uleb128 .LBE260-.LBB249
 12906 004a 04       		.byte	0x4
 12907 004b 0C       		.uleb128 .LBB261-.LBB249
 12908 004c 34       		.uleb128 .LBE261-.LBB249
 12909 004d 04       		.byte	0x4
 12910 004e 38       		.uleb128 .LBB262-.LBB249
 12911 004f 5C       		.uleb128 .LBE262-.LBB249
 12912 0050 04       		.byte	0x4
 12913 0051 64       		.uleb128 .LBB263-.LBB249
 12914 0052 6C       		.uleb128 .LBE263-.LBB249
 12915 0053 04       		.byte	0x4
 12916 0054 74       		.uleb128 .LBB264-.LBB249
 12917 0055 8801     		.uleb128 .LBE264-.LBB249
 12918 0057 04       		.byte	0x4
 12919 0058 9001     		.uleb128 .LBB265-.LBB249
 12920 005a 9001     		.uleb128 .LBE265-.LBB249
 12921 005c 00       		.byte	0
 12922              	.LLRL9:
 12923 005d 05       		.byte	0x5
 12924 005e 50000000 		.4byte	.LBB250
 12925 0062 04       		.byte	0x4
 12926 0063 00       		.uleb128 .LBB250-.LBB250
 12927 0064 04       		.uleb128 .LBE250-.LBB250
 12928 0065 04       		.byte	0x4
 12929 0066 08       		.uleb128 .LBB254-.LBB250
 12930 0067 0C       		.uleb128 .LBE254-.LBB250
 12931 0068 04       		.byte	0x4
 12932 0069 40       		.uleb128 .LBB259-.LBB250
 12933 006a 40       		.uleb128 .LBE259-.LBB250
 12934 006b 00       		.byte	0
 12935              	.LLRL10:
 12936 006c 05       		.byte	0x5
 12937 006d 68000000 		.4byte	.LBB255
 12938 0071 04       		.byte	0x4
ARM GAS  /tmp/ccrfHNBB.s 			page 228


 12939 0072 00       		.uleb128 .LBB255-.LBB255
 12940 0073 04       		.uleb128 .LBE255-.LBB255
 12941 0074 04       		.byte	0x4
 12942 0075 28       		.uleb128 .LBB258-.LBB255
 12943 0076 28       		.uleb128 .LBE258-.LBB255
 12944 0077 00       		.byte	0
 12945              	.LLRL12:
 12946 0078 05       		.byte	0x5
 12947 0079 A4000000 		.4byte	.LBB271
 12948 007d 04       		.byte	0x4
 12949 007e 00       		.uleb128 .LBB271-.LBB271
 12950 007f 08       		.uleb128 .LBE271-.LBB271
 12951 0080 04       		.byte	0x4
 12952 0081 0C       		.uleb128 .LBB274-.LBB271
 12953 0082 18       		.uleb128 .LBE274-.LBB271
 12954 0083 00       		.byte	0
 12955              	.LLRL16:
 12956 0084 05       		.byte	0x5
 12957 0085 00000000 		.4byte	.LBB292
 12958 0089 04       		.byte	0x4
 12959 008a 00       		.uleb128 .LBB292-.LBB292
 12960 008b 00       		.uleb128 .LBE292-.LBB292
 12961 008c 04       		.byte	0x4
 12962 008d 04       		.uleb128 .LBB297-.LBB292
 12963 008e 08       		.uleb128 .LBE297-.LBB292
 12964 008f 00       		.byte	0
 12965              	.LLRL19:
 12966 0090 05       		.byte	0x5
 12967 0091 08000000 		.4byte	.LBB300
 12968 0095 04       		.byte	0x4
 12969 0096 00       		.uleb128 .LBB300-.LBB300
 12970 0097 34       		.uleb128 .LBE300-.LBB300
 12971 0098 04       		.byte	0x4
 12972 0099 38       		.uleb128 .LBB316-.LBB300
 12973 009a 54       		.uleb128 .LBE316-.LBB300
 12974 009b 04       		.byte	0x4
 12975 009c 5C       		.uleb128 .LBB317-.LBB300
 12976 009d 60       		.uleb128 .LBE317-.LBB300
 12977 009e 04       		.byte	0x4
 12978 009f 64       		.uleb128 .LBB321-.LBB300
 12979 00a0 68       		.uleb128 .LBE321-.LBB300
 12980 00a1 04       		.byte	0x4
 12981 00a2 7C       		.uleb128 .LBB322-.LBB300
 12982 00a3 9401     		.uleb128 .LBE322-.LBB300
 12983 00a5 00       		.byte	0
 12984              	.LLRL22:
 12985 00a6 05       		.byte	0x5
 12986 00a7 54000000 		.4byte	.LBB302
 12987 00ab 04       		.byte	0x4
 12988 00ac 00       		.uleb128 .LBB302-.LBB302
 12989 00ad 04       		.uleb128 .LBE302-.LBB302
 12990 00ae 04       		.byte	0x4
 12991 00af 10       		.uleb128 .LBB306-.LBB302
 12992 00b0 14       		.uleb128 .LBE306-.LBB302
 12993 00b1 04       		.byte	0x4
 12994 00b2 48       		.uleb128 .LBB311-.LBB302
 12995 00b3 48       		.uleb128 .LBE311-.LBB302
ARM GAS  /tmp/ccrfHNBB.s 			page 229


 12996 00b4 00       		.byte	0
 12997              	.LLRL23:
 12998 00b5 05       		.byte	0x5
 12999 00b6 6C000000 		.4byte	.LBB307
 13000 00ba 04       		.byte	0x4
 13001 00bb 00       		.uleb128 .LBB307-.LBB307
 13002 00bc 04       		.uleb128 .LBE307-.LBB307
 13003 00bd 04       		.byte	0x4
 13004 00be 28       		.uleb128 .LBB310-.LBB307
 13005 00bf 28       		.uleb128 .LBE310-.LBB307
 13006 00c0 00       		.byte	0
 13007              	.LLRL25:
 13008 00c1 05       		.byte	0x5
 13009 00c2 68000000 		.4byte	.LBB318
 13010 00c6 04       		.byte	0x4
 13011 00c7 00       		.uleb128 .LBB318-.LBB318
 13012 00c8 04       		.uleb128 .LBE318-.LBB318
 13013 00c9 04       		.byte	0x4
 13014 00ca 44       		.uleb128 .LBB323-.LBB318
 13015 00cb 54       		.uleb128 .LBE323-.LBB318
 13016 00cc 00       		.byte	0
 13017              	.LLRL32:
 13018 00cd 05       		.byte	0x5
 13019 00ce 00000000 		.4byte	.LBB328
 13020 00d2 04       		.byte	0x4
 13021 00d3 00       		.uleb128 .LBB328-.LBB328
 13022 00d4 00       		.uleb128 .LBE328-.LBB328
 13023 00d5 04       		.byte	0x4
 13024 00d6 04       		.uleb128 .LBB333-.LBB328
 13025 00d7 08       		.uleb128 .LBE333-.LBB328
 13026 00d8 00       		.byte	0
 13027              	.LLRL36:
 13028 00d9 05       		.byte	0x5
 13029 00da 00000000 		.4byte	.LBB348
 13030 00de 04       		.byte	0x4
 13031 00df 00       		.uleb128 .LBB348-.LBB348
 13032 00e0 04       		.uleb128 .LBE348-.LBB348
 13033 00e1 04       		.byte	0x4
 13034 00e2 08       		.uleb128 .LBB364-.LBB348
 13035 00e3 10       		.uleb128 .LBE364-.LBB348
 13036 00e4 04       		.byte	0x4
 13037 00e5 14       		.uleb128 .LBB365-.LBB348
 13038 00e6 34       		.uleb128 .LBE365-.LBB348
 13039 00e7 04       		.byte	0x4
 13040 00e8 38       		.uleb128 .LBB366-.LBB348
 13041 00e9 4C       		.uleb128 .LBE366-.LBB348
 13042 00ea 04       		.byte	0x4
 13043 00eb 50       		.uleb128 .LBB367-.LBB348
 13044 00ec 5C       		.uleb128 .LBE367-.LBB348
 13045 00ed 04       		.byte	0x4
 13046 00ee 64       		.uleb128 .LBB368-.LBB348
 13047 00ef 74       		.uleb128 .LBE368-.LBB348
 13048 00f0 04       		.byte	0x4
 13049 00f1 9801     		.uleb128 .LBB373-.LBB348
 13050 00f3 AC01     		.uleb128 .LBE373-.LBB348
 13051 00f5 00       		.byte	0
 13052              	.LLRL39:
ARM GAS  /tmp/ccrfHNBB.s 			page 230


 13053 00f6 05       		.byte	0x5
 13054 00f7 54000000 		.4byte	.LBB350
 13055 00fb 04       		.byte	0x4
 13056 00fc 00       		.uleb128 .LBB350-.LBB350
 13057 00fd 08       		.uleb128 .LBE350-.LBB350
 13058 00fe 04       		.byte	0x4
 13059 00ff 58       		.uleb128 .LBB357-.LBB350
 13060 0100 58       		.uleb128 .LBE357-.LBB350
 13061 0101 00       		.byte	0
 13062              	.LLRL40:
 13063 0102 05       		.byte	0x5
 13064 0103 9C000000 		.4byte	.LBB353
 13065 0107 04       		.byte	0x4
 13066 0108 00       		.uleb128 .LBB353-.LBB353
 13067 0109 04       		.uleb128 .LBE353-.LBB353
 13068 010a 04       		.byte	0x4
 13069 010b 10       		.uleb128 .LBB356-.LBB353
 13070 010c 10       		.uleb128 .LBE356-.LBB353
 13071 010d 00       		.byte	0
 13072              	.LLRL42:
 13073 010e 05       		.byte	0x5
 13074 010f 80000000 		.4byte	.LBB369
 13075 0113 04       		.byte	0x4
 13076 0114 00       		.uleb128 .LBB369-.LBB369
 13077 0115 04       		.uleb128 .LBE369-.LBB369
 13078 0116 04       		.byte	0x4
 13079 0117 2C       		.uleb128 .LBB374-.LBB369
 13080 0118 34       		.uleb128 .LBE374-.LBB369
 13081 0119 04       		.byte	0x4
 13082 011a 38       		.uleb128 .LBB375-.LBB369
 13083 011b 40       		.uleb128 .LBE375-.LBB369
 13084 011c 00       		.byte	0
 13085              	.LLRL47:
 13086 011d 05       		.byte	0x5
 13087 011e 00000000 		.4byte	.LBB393
 13088 0122 04       		.byte	0x4
 13089 0123 00       		.uleb128 .LBB393-.LBB393
 13090 0124 00       		.uleb128 .LBE393-.LBB393
 13091 0125 04       		.byte	0x4
 13092 0126 08       		.uleb128 .LBB398-.LBB393
 13093 0127 0C       		.uleb128 .LBE398-.LBB393
 13094 0128 00       		.byte	0
 13095              	.LLRL52:
 13096 0129 05       		.byte	0x5
 13097 012a 0C000000 		.4byte	.LBB401
 13098 012e 04       		.byte	0x4
 13099 012f 00       		.uleb128 .LBB401-.LBB401
 13100 0130 04       		.uleb128 .LBE401-.LBB401
 13101 0131 04       		.byte	0x4
 13102 0132 08       		.uleb128 .LBB421-.LBB401
 13103 0133 40       		.uleb128 .LBE421-.LBB401
 13104 0134 04       		.byte	0x4
 13105 0135 44       		.uleb128 .LBB422-.LBB401
 13106 0136 5C       		.uleb128 .LBE422-.LBB401
 13107 0137 04       		.byte	0x4
 13108 0138 64       		.uleb128 .LBB423-.LBB401
 13109 0139 68       		.uleb128 .LBE423-.LBB401
ARM GAS  /tmp/ccrfHNBB.s 			page 231


 13110 013a 04       		.byte	0x4
 13111 013b 6C       		.uleb128 .LBB424-.LBB401
 13112 013c 70       		.uleb128 .LBE424-.LBB401
 13113 013d 04       		.byte	0x4
 13114 013e 74       		.uleb128 .LBB425-.LBB401
 13115 013f 78       		.uleb128 .LBE425-.LBB401
 13116 0140 04       		.byte	0x4
 13117 0141 8401     		.uleb128 .LBB431-.LBB401
 13118 0143 8801     		.uleb128 .LBE431-.LBB401
 13119 0145 04       		.byte	0x4
 13120 0146 9801     		.uleb128 .LBB432-.LBB401
 13121 0148 A401     		.uleb128 .LBE432-.LBB401
 13122 014a 04       		.byte	0x4
 13123 014b B401     		.uleb128 .LBB435-.LBB401
 13124 014d B401     		.uleb128 .LBE435-.LBB401
 13125 014f 00       		.byte	0
 13126              	.LLRL54:
 13127 0150 05       		.byte	0x5
 13128 0151 70000000 		.4byte	.LBB403
 13129 0155 04       		.byte	0x4
 13130 0156 00       		.uleb128 .LBB403-.LBB403
 13131 0157 04       		.uleb128 .LBE403-.LBB403
 13132 0158 04       		.byte	0x4
 13133 0159 08       		.uleb128 .LBB407-.LBB403
 13134 015a 0C       		.uleb128 .LBE407-.LBB403
 13135 015b 04       		.byte	0x4
 13136 015c 50       		.uleb128 .LBB412-.LBB403
 13137 015d 50       		.uleb128 .LBE412-.LBB403
 13138 015e 00       		.byte	0
 13139              	.LLRL55:
 13140 015f 05       		.byte	0x5
 13141 0160 90000000 		.4byte	.LBB408
 13142 0164 04       		.byte	0x4
 13143 0165 00       		.uleb128 .LBB408-.LBB408
 13144 0166 04       		.uleb128 .LBE408-.LBB408
 13145 0167 04       		.byte	0x4
 13146 0168 30       		.uleb128 .LBB411-.LBB408
 13147 0169 30       		.uleb128 .LBE411-.LBB408
 13148 016a 00       		.byte	0
 13149              	.LLRL57:
 13150 016b 05       		.byte	0x5
 13151 016c 84000000 		.4byte	.LBB426
 13152 0170 04       		.byte	0x4
 13153 0171 00       		.uleb128 .LBB426-.LBB426
 13154 0172 04       		.uleb128 .LBE426-.LBB426
 13155 0173 04       		.byte	0x4
 13156 0174 2C       		.uleb128 .LBB433-.LBB426
 13157 0175 30       		.uleb128 .LBE433-.LBB426
 13158 0176 04       		.byte	0x4
 13159 0177 34       		.uleb128 .LBB434-.LBB426
 13160 0178 38       		.uleb128 .LBE434-.LBB426
 13161 0179 04       		.byte	0x4
 13162 017a 3C       		.uleb128 .LBB436-.LBB426
 13163 017b 44       		.uleb128 .LBE436-.LBB426
 13164 017c 00       		.byte	0
 13165              	.LLRL63:
 13166 017d 05       		.byte	0x5
ARM GAS  /tmp/ccrfHNBB.s 			page 232


 13167 017e 00000000 		.4byte	.LBB441
 13168 0182 04       		.byte	0x4
 13169 0183 00       		.uleb128 .LBB441-.LBB441
 13170 0184 00       		.uleb128 .LBE441-.LBB441
 13171 0185 04       		.byte	0x4
 13172 0186 04       		.uleb128 .LBB446-.LBB441
 13173 0187 08       		.uleb128 .LBE446-.LBB441
 13174 0188 00       		.byte	0
 13175              	.LLRL72:
 13176 0189 05       		.byte	0x5
 13177 018a 08000000 		.4byte	.LBB466
 13178 018e 04       		.byte	0x4
 13179 018f 00       		.uleb128 .LBB466-.LBB466
 13180 0190 08       		.uleb128 .LBE466-.LBB466
 13181 0191 04       		.byte	0x4
 13182 0192 0C       		.uleb128 .LBB485-.LBB466
 13183 0193 18       		.uleb128 .LBE485-.LBB466
 13184 0194 04       		.byte	0x4
 13185 0195 24       		.uleb128 .LBB486-.LBB466
 13186 0196 28       		.uleb128 .LBE486-.LBB466
 13187 0197 04       		.byte	0x4
 13188 0198 2C       		.uleb128 .LBB487-.LBB466
 13189 0199 34       		.uleb128 .LBE487-.LBB466
 13190 019a 04       		.byte	0x4
 13191 019b 38       		.uleb128 .LBB488-.LBB466
 13192 019c 44       		.uleb128 .LBE488-.LBB466
 13193 019d 04       		.byte	0x4
 13194 019e 48       		.uleb128 .LBB489-.LBB466
 13195 019f 78       		.uleb128 .LBE489-.LBB466
 13196 01a0 04       		.byte	0x4
 13197 01a1 8401     		.uleb128 .LBB490-.LBB466
 13198 01a3 8801     		.uleb128 .LBE490-.LBB466
 13199 01a5 04       		.byte	0x4
 13200 01a6 8C01     		.uleb128 .LBB491-.LBB466
 13201 01a8 8C01     		.uleb128 .LBE491-.LBB466
 13202 01aa 00       		.byte	0
 13203              	.LLRL75:
 13204 01ab 05       		.byte	0x5
 13205 01ac 48000000 		.4byte	.LBB468
 13206 01b0 04       		.byte	0x4
 13207 01b1 00       		.uleb128 .LBB468-.LBB468
 13208 01b2 04       		.uleb128 .LBE468-.LBB468
 13209 01b3 04       		.byte	0x4
 13210 01b4 08       		.uleb128 .LBB472-.LBB468
 13211 01b5 0C       		.uleb128 .LBE472-.LBB468
 13212 01b6 04       		.byte	0x4
 13213 01b7 4C       		.uleb128 .LBB477-.LBB468
 13214 01b8 4C       		.uleb128 .LBE477-.LBB468
 13215 01b9 00       		.byte	0
 13216              	.LLRL77:
 13217 01ba 05       		.byte	0x5
 13218 01bb 8C000000 		.4byte	.LBB473
 13219 01bf 04       		.byte	0x4
 13220 01c0 00       		.uleb128 .LBB473-.LBB473
 13221 01c1 04       		.uleb128 .LBE473-.LBB473
 13222 01c2 04       		.byte	0x4
 13223 01c3 08       		.uleb128 .LBB476-.LBB473
ARM GAS  /tmp/ccrfHNBB.s 			page 233


 13224 01c4 08       		.uleb128 .LBE476-.LBB473
 13225 01c5 00       		.byte	0
 13226              	.LLRL79:
 13227 01c6 05       		.byte	0x5
 13228 01c7 A0000000 		.4byte	.LBB495
 13229 01cb 04       		.byte	0x4
 13230 01cc 00       		.uleb128 .LBB495-.LBB495
 13231 01cd 04       		.uleb128 .LBE495-.LBB495
 13232 01ce 04       		.byte	0x4
 13233 01cf 08       		.uleb128 .LBB499-.LBB495
 13234 01d0 10       		.uleb128 .LBE499-.LBB495
 13235 01d1 04       		.byte	0x4
 13236 01d2 14       		.uleb128 .LBB500-.LBB495
 13237 01d3 1C       		.uleb128 .LBE500-.LBB495
 13238 01d4 00       		.byte	0
 13239              	.LLRL83:
 13240 01d5 05       		.byte	0x5
 13241 01d6 00000000 		.4byte	.LBB505
 13242 01da 04       		.byte	0x4
 13243 01db 00       		.uleb128 .LBB505-.LBB505
 13244 01dc 00       		.uleb128 .LBE505-.LBB505
 13245 01dd 04       		.byte	0x4
 13246 01de 08       		.uleb128 .LBB510-.LBB505
 13247 01df 0C       		.uleb128 .LBE510-.LBB505
 13248 01e0 00       		.byte	0
 13249              	.LLRL88:
 13250 01e1 05       		.byte	0x5
 13251 01e2 00000000 		.4byte	.LBB579
 13252 01e6 04       		.byte	0x4
 13253 01e7 00       		.uleb128 .LBB579-.LBB579
 13254 01e8 00       		.uleb128 .LBE579-.LBB579
 13255 01e9 04       		.byte	0x4
 13256 01ea 04       		.uleb128 .LBB584-.LBB579
 13257 01eb 08       		.uleb128 .LBE584-.LBB579
 13258 01ec 00       		.byte	0
 13259              	.LLRL89:
 13260 01ed 05       		.byte	0x5
 13261 01ee 08000000 		.4byte	.LBB585
 13262 01f2 04       		.byte	0x4
 13263 01f3 00       		.uleb128 .LBB585-.LBB585
 13264 01f4 2C       		.uleb128 .LBE585-.LBB585
 13265 01f5 04       		.byte	0x4
 13266 01f6 30       		.uleb128 .LBB605-.LBB585
 13267 01f7 74       		.uleb128 .LBE605-.LBB585
 13268 01f8 04       		.byte	0x4
 13269 01f9 78       		.uleb128 .LBB606-.LBB585
 13270 01fa 8401     		.uleb128 .LBE606-.LBB585
 13271 01fc 00       		.byte	0
 13272              	.LLRL92:
 13273 01fd 05       		.byte	0x5
 13274 01fe 14000000 		.4byte	.LBB589
 13275 0202 04       		.byte	0x4
 13276 0203 00       		.uleb128 .LBB589-.LBB589
 13277 0204 04       		.uleb128 .LBE589-.LBB589
 13278 0205 04       		.byte	0x4
 13279 0206 10       		.uleb128 .LBB593-.LBB589
 13280 0207 10       		.uleb128 .LBE593-.LBB589
ARM GAS  /tmp/ccrfHNBB.s 			page 234


 13281 0208 04       		.byte	0x4
 13282 0209 3C       		.uleb128 .LBB598-.LBB589
 13283 020a 40       		.uleb128 .LBE598-.LBB589
 13284 020b 00       		.byte	0
 13285              	.LLRL94:
 13286 020c 05       		.byte	0x5
 13287 020d 40000000 		.4byte	.LBB594
 13288 0211 04       		.byte	0x4
 13289 0212 00       		.uleb128 .LBB594-.LBB594
 13290 0213 04       		.uleb128 .LBE594-.LBB594
 13291 0214 04       		.byte	0x4
 13292 0215 08       		.uleb128 .LBB597-.LBB594
 13293 0216 0C       		.uleb128 .LBE597-.LBB594
 13294 0217 00       		.byte	0
 13295              	.LLRL97:
 13296 0218 05       		.byte	0x5
 13297 0219 74000000 		.4byte	.LBB599
 13298 021d 04       		.byte	0x4
 13299 021e 00       		.uleb128 .LBB599-.LBB599
 13300 021f 08       		.uleb128 .LBE599-.LBB599
 13301 0220 04       		.byte	0x4
 13302 0221 0C       		.uleb128 .LBB602-.LBB599
 13303 0222 14       		.uleb128 .LBE602-.LBB599
 13304 0223 00       		.byte	0
 13305              	.LLRL101:
 13306 0224 05       		.byte	0x5
 13307 0225 00000000 		.4byte	.LBB607
 13308 0229 04       		.byte	0x4
 13309 022a 00       		.uleb128 .LBB607-.LBB607
 13310 022b 08       		.uleb128 .LBE607-.LBB607
 13311 022c 04       		.byte	0x4
 13312 022d 0C       		.uleb128 .LBB610-.LBB607
 13313 022e 10       		.uleb128 .LBE610-.LBB607
 13314 022f 00       		.byte	0
 13315              	.LLRL102:
 13316 0230 05       		.byte	0x5
 13317 0231 10000000 		.4byte	.LBB611
 13318 0235 04       		.byte	0x4
 13319 0236 00       		.uleb128 .LBB611-.LBB611
 13320 0237 04       		.uleb128 .LBE611-.LBB611
 13321 0238 04       		.byte	0x4
 13322 0239 10       		.uleb128 .LBB615-.LBB611
 13323 023a 10       		.uleb128 .LBE615-.LBB611
 13324 023b 04       		.byte	0x4
 13325 023c 3C       		.uleb128 .LBB620-.LBB611
 13326 023d 40       		.uleb128 .LBE620-.LBB611
 13327 023e 00       		.byte	0
 13328              	.LLRL104:
 13329 023f 05       		.byte	0x5
 13330 0240 3C000000 		.4byte	.LBB616
 13331 0244 04       		.byte	0x4
 13332 0245 00       		.uleb128 .LBB616-.LBB616
 13333 0246 04       		.uleb128 .LBE616-.LBB616
 13334 0247 04       		.byte	0x4
 13335 0248 08       		.uleb128 .LBB619-.LBB616
 13336 0249 0C       		.uleb128 .LBE619-.LBB616
 13337 024a 00       		.byte	0
ARM GAS  /tmp/ccrfHNBB.s 			page 235


 13338              	.LLRL107:
 13339 024b 05       		.byte	0x5
 13340 024c 70000000 		.4byte	.LBB621
 13341 0250 04       		.byte	0x4
 13342 0251 00       		.uleb128 .LBB621-.LBB621
 13343 0252 08       		.uleb128 .LBE621-.LBB621
 13344 0253 04       		.byte	0x4
 13345 0254 0C       		.uleb128 .LBB624-.LBB621
 13346 0255 14       		.uleb128 .LBE624-.LBB621
 13347 0256 00       		.byte	0
 13348              	.LLRL112:
 13349 0257 05       		.byte	0x5
 13350 0258 00000000 		.4byte	.LBB660
 13351 025c 04       		.byte	0x4
 13352 025d 00       		.uleb128 .LBB660-.LBB660
 13353 025e 08       		.uleb128 .LBE660-.LBB660
 13354 025f 04       		.byte	0x4
 13355 0260 0C       		.uleb128 .LBB663-.LBB660
 13356 0261 10       		.uleb128 .LBE663-.LBB660
 13357 0262 00       		.byte	0
 13358              	.LLRL113:
 13359 0263 05       		.byte	0x5
 13360 0264 10000000 		.4byte	.LBB664
 13361 0268 04       		.byte	0x4
 13362 0269 00       		.uleb128 .LBB664-.LBB664
 13363 026a 00       		.uleb128 .LBE664-.LBB664
 13364 026b 04       		.byte	0x4
 13365 026c 04       		.uleb128 .LBB669-.LBB664
 13366 026d 08       		.uleb128 .LBE669-.LBB664
 13367 026e 00       		.byte	0
 13368              	.LLRL114:
 13369 026f 05       		.byte	0x5
 13370 0270 24000000 		.4byte	.LBB670
 13371 0274 04       		.byte	0x4
 13372 0275 00       		.uleb128 .LBB670-.LBB670
 13373 0276 04       		.uleb128 .LBE670-.LBB670
 13374 0277 04       		.byte	0x4
 13375 0278 08       		.uleb128 .LBB673-.LBB670
 13376 0279 10       		.uleb128 .LBE673-.LBB670
 13377 027a 00       		.byte	0
 13378              	.LLRL117:
 13379 027b 05       		.byte	0x5
 13380 027c 40000000 		.4byte	.LBB678
 13381 0280 04       		.byte	0x4
 13382 0281 00       		.uleb128 .LBB678-.LBB678
 13383 0282 28       		.uleb128 .LBE678-.LBB678
 13384 0283 04       		.byte	0x4
 13385 0284 30       		.uleb128 .LBB696-.LBB678
 13386 0285 58       		.uleb128 .LBE696-.LBB678
 13387 0286 00       		.byte	0
 13388              	.LLRL124:
 13389 0287 05       		.byte	0x5
 13390 0288 00000000 		.4byte	.LBB697
 13391 028c 04       		.byte	0x4
 13392 028d 00       		.uleb128 .LBB697-.LBB697
 13393 028e 08       		.uleb128 .LBE697-.LBB697
 13394 028f 04       		.byte	0x4
ARM GAS  /tmp/ccrfHNBB.s 			page 236


 13395 0290 10       		.uleb128 .LBB700-.LBB697
 13396 0291 14       		.uleb128 .LBE700-.LBB697
 13397 0292 00       		.byte	0
 13398              	.LLRL126:
 13399 0293 05       		.byte	0x5
 13400 0294 00000000 		.4byte	.LBB715
 13401 0298 04       		.byte	0x4
 13402 0299 00       		.uleb128 .LBB715-.LBB715
 13403 029a 00       		.uleb128 .LBE715-.LBB715
 13404 029b 04       		.byte	0x4
 13405 029c 08       		.uleb128 .LBB720-.LBB715
 13406 029d 0C       		.uleb128 .LBE720-.LBB715
 13407 029e 00       		.byte	0
 13408              	.LLRL132:
 13409 029f 05       		.byte	0x5
 13410 02a0 18000000 		.4byte	.LBB734
 13411 02a4 04       		.byte	0x4
 13412 02a5 00       		.uleb128 .LBB734-.LBB734
 13413 02a6 00       		.uleb128 .LBE734-.LBB734
 13414 02a7 04       		.byte	0x4
 13415 02a8 04       		.uleb128 .LBB737-.LBB734
 13416 02a9 0C       		.uleb128 .LBE737-.LBB734
 13417 02aa 00       		.byte	0
 13418              	.LLRL134:
 13419 02ab 05       		.byte	0x5
 13420 02ac 24000000 		.4byte	.LBB738
 13421 02b0 04       		.byte	0x4
 13422 02b1 00       		.uleb128 .LBB738-.LBB738
 13423 02b2 04       		.uleb128 .LBE738-.LBB738
 13424 02b3 04       		.byte	0x4
 13425 02b4 08       		.uleb128 .LBB745-.LBB738
 13426 02b5 10       		.uleb128 .LBE745-.LBB738
 13427 02b6 00       		.byte	0
 13428              	.LLRL138:
 13429 02b7 05       		.byte	0x5
 13430 02b8 00000000 		.4byte	.LBB746
 13431 02bc 04       		.byte	0x4
 13432 02bd 00       		.uleb128 .LBB746-.LBB746
 13433 02be 00       		.uleb128 .LBE746-.LBB746
 13434 02bf 04       		.byte	0x4
 13435 02c0 08       		.uleb128 .LBB751-.LBB746
 13436 02c1 0C       		.uleb128 .LBE751-.LBB746
 13437 02c2 00       		.byte	0
 13438              	.LLRL139:
 13439 02c3 05       		.byte	0x5
 13440 02c4 0C000000 		.4byte	.LBB752
 13441 02c8 04       		.byte	0x4
 13442 02c9 00       		.uleb128 .LBB752-.LBB752
 13443 02ca 08       		.uleb128 .LBE752-.LBB752
 13444 02cb 04       		.byte	0x4
 13445 02cc 0C       		.uleb128 .LBB758-.LBB752
 13446 02cd 10       		.uleb128 .LBE758-.LBB752
 13447 02ce 00       		.byte	0
 13448              	.LLRL140:
 13449 02cf 05       		.byte	0x5
 13450 02d0 14000000 		.4byte	.LBB755
 13451 02d4 04       		.byte	0x4
ARM GAS  /tmp/ccrfHNBB.s 			page 237


 13452 02d5 00       		.uleb128 .LBB755-.LBB755
 13453 02d6 04       		.uleb128 .LBE755-.LBB755
 13454 02d7 04       		.byte	0x4
 13455 02d8 08       		.uleb128 .LBB759-.LBB755
 13456 02d9 0C       		.uleb128 .LBE759-.LBB755
 13457 02da 00       		.byte	0
 13458              	.LLRL147:
 13459 02db 05       		.byte	0x5
 13460 02dc 00000000 		.4byte	.LBB768
 13461 02e0 04       		.byte	0x4
 13462 02e1 00       		.uleb128 .LBB768-.LBB768
 13463 02e2 00       		.uleb128 .LBE768-.LBB768
 13464 02e3 04       		.byte	0x4
 13465 02e4 04       		.uleb128 .LBB773-.LBB768
 13466 02e5 08       		.uleb128 .LBE773-.LBB768
 13467 02e6 00       		.byte	0
 13468              	.LLRL150:
 13469 02e7 05       		.byte	0x5
 13470 02e8 00000000 		.4byte	.LBB778
 13471 02ec 04       		.byte	0x4
 13472 02ed 00       		.uleb128 .LBB778-.LBB778
 13473 02ee 00       		.uleb128 .LBE778-.LBB778
 13474 02ef 04       		.byte	0x4
 13475 02f0 04       		.uleb128 .LBB782-.LBB778
 13476 02f1 08       		.uleb128 .LBE782-.LBB778
 13477 02f2 04       		.byte	0x4
 13478 02f3 0C       		.uleb128 .LBB783-.LBB778
 13479 02f4 14       		.uleb128 .LBE783-.LBB778
 13480 02f5 00       		.byte	0
 13481              	.LLRL154:
 13482 02f6 05       		.byte	0x5
 13483 02f7 00000000 		.4byte	.LBB786
 13484 02fb 04       		.byte	0x4
 13485 02fc 00       		.uleb128 .LBB786-.LBB786
 13486 02fd 04       		.uleb128 .LBE786-.LBB786
 13487 02fe 04       		.byte	0x4
 13488 02ff 08       		.uleb128 .LBB790-.LBB786
 13489 0300 0C       		.uleb128 .LBE790-.LBB786
 13490 0301 04       		.byte	0x4
 13491 0302 10       		.uleb128 .LBB791-.LBB786
 13492 0303 14       		.uleb128 .LBE791-.LBB786
 13493 0304 00       		.byte	0
 13494              	.LLRL163:
 13495 0305 05       		.byte	0x5
 13496 0306 08000000 		.4byte	.LBB797
 13497 030a 04       		.byte	0x4
 13498 030b 00       		.uleb128 .LBB797-.LBB797
 13499 030c 10       		.uleb128 .LBE797-.LBB797
 13500 030d 04       		.byte	0x4
 13501 030e 14       		.uleb128 .LBB802-.LBB797
 13502 030f 1C       		.uleb128 .LBE802-.LBB797
 13503 0310 00       		.byte	0
 13504              	.LLRL166:
 13505 0311 05       		.byte	0x5
 13506 0312 14000000 		.4byte	.LBB799
 13507 0316 04       		.byte	0x4
 13508 0317 00       		.uleb128 .LBB799-.LBB799
ARM GAS  /tmp/ccrfHNBB.s 			page 238


 13509 0318 04       		.uleb128 .LBE799-.LBB799
 13510 0319 04       		.byte	0x4
 13511 031a 08       		.uleb128 .LBB800-.LBB799
 13512 031b 10       		.uleb128 .LBE800-.LBB799
 13513 031c 00       		.byte	0
 13514              	.LLRL168:
 13515 031d 05       		.byte	0x5
 13516 031e 24000000 		.4byte	.LBB803
 13517 0322 04       		.byte	0x4
 13518 0323 00       		.uleb128 .LBB803-.LBB803
 13519 0324 04       		.uleb128 .LBE803-.LBB803
 13520 0325 04       		.byte	0x4
 13521 0326 08       		.uleb128 .LBB810-.LBB803
 13522 0327 10       		.uleb128 .LBE810-.LBB803
 13523 0328 00       		.byte	0
 13524              	.LLRL173:
 13525 0329 05       		.byte	0x5
 13526 032a 00000000 		.4byte	.LBB813
 13527 032e 04       		.byte	0x4
 13528 032f 00       		.uleb128 .LBB813-.LBB813
 13529 0330 04       		.uleb128 .LBE813-.LBB813
 13530 0331 04       		.byte	0x4
 13531 0332 08       		.uleb128 .LBB817-.LBB813
 13532 0333 0C       		.uleb128 .LBE817-.LBB813
 13533 0334 04       		.byte	0x4
 13534 0335 10       		.uleb128 .LBB818-.LBB813
 13535 0336 14       		.uleb128 .LBE818-.LBB813
 13536 0337 00       		.byte	0
 13537              	.LLRL174:
 13538 0338 05       		.byte	0x5
 13539 0339 18000000 		.4byte	.LBB819
 13540 033d 04       		.byte	0x4
 13541 033e 00       		.uleb128 .LBB819-.LBB819
 13542 033f 0C       		.uleb128 .LBE819-.LBB819
 13543 0340 04       		.byte	0x4
 13544 0341 10       		.uleb128 .LBB822-.LBB819
 13545 0342 18       		.uleb128 .LBE822-.LBB819
 13546 0343 00       		.byte	0
 13547              	.LLRL187:
 13548 0344 05       		.byte	0x5
 13549 0345 08000000 		.4byte	.LBB829
 13550 0349 04       		.byte	0x4
 13551 034a 00       		.uleb128 .LBB829-.LBB829
 13552 034b 04       		.uleb128 .LBE829-.LBB829
 13553 034c 04       		.byte	0x4
 13554 034d 24       		.uleb128 .LBB836-.LBB829
 13555 034e 28       		.uleb128 .LBE836-.LBB829
 13556 034f 00       		.byte	0
 13557              	.LLRL194:
 13558 0350 07       		.byte	0x7
 13559 0351 00000000 		.4byte	.LFB207
 13560 0355 7C       		.uleb128 .LFE207-.LFB207
 13561 0356 07       		.byte	0x7
 13562 0357 00000000 		.4byte	.LFB208
 13563 035b 04       		.uleb128 .LFE208-.LFB208
 13564 035c 07       		.byte	0x7
 13565 035d 00000000 		.4byte	.LFB209
ARM GAS  /tmp/ccrfHNBB.s 			page 239


 13566 0361 C001     		.uleb128 .LFE209-.LFB209
 13567 0363 07       		.byte	0x7
 13568 0364 00000000 		.4byte	.LFB210
 13569 0368 C401     		.uleb128 .LFE210-.LFB210
 13570 036a 07       		.byte	0x7
 13571 036b 00000000 		.4byte	.LFB211
 13572 036f 10       		.uleb128 .LFE211-.LFB211
 13573 0370 07       		.byte	0x7
 13574 0371 00000000 		.4byte	.LFB212
 13575 0375 24       		.uleb128 .LFE212-.LFB212
 13576 0376 07       		.byte	0x7
 13577 0377 00000000 		.4byte	.LFB213
 13578 037b C401     		.uleb128 .LFE213-.LFB213
 13579 037d 07       		.byte	0x7
 13580 037e 00000000 		.4byte	.LFB214
 13581 0382 D001     		.uleb128 .LFE214-.LFB214
 13582 0384 07       		.byte	0x7
 13583 0385 00000000 		.4byte	.LFB215
 13584 0389 10       		.uleb128 .LFE215-.LFB215
 13585 038a 07       		.byte	0x7
 13586 038b 00000000 		.4byte	.LFB216
 13587 038f 24       		.uleb128 .LFE216-.LFB216
 13588 0390 07       		.byte	0x7
 13589 0391 00000000 		.4byte	.LFB217
 13590 0395 CC01     		.uleb128 .LFE217-.LFB217
 13591 0397 07       		.byte	0x7
 13592 0398 00000000 		.4byte	.LFB218
 13593 039c 20       		.uleb128 .LFE218-.LFB218
 13594 039d 07       		.byte	0x7
 13595 039e 00000000 		.4byte	.LFB219
 13596 03a2 18       		.uleb128 .LFE219-.LFB219
 13597 03a3 07       		.byte	0x7
 13598 03a4 00000000 		.4byte	.LFB220
 13599 03a8 50       		.uleb128 .LFE220-.LFB220
 13600 03a9 07       		.byte	0x7
 13601 03aa 00000000 		.4byte	.LFB221
 13602 03ae 8C01     		.uleb128 .LFE221-.LFB221
 13603 03b0 07       		.byte	0x7
 13604 03b1 00000000 		.4byte	.LFB222
 13605 03b5 8801     		.uleb128 .LFE222-.LFB222
 13606 03b7 07       		.byte	0x7
 13607 03b8 00000000 		.4byte	.LFB223
 13608 03bc A001     		.uleb128 .LFE223-.LFB223
 13609 03be 07       		.byte	0x7
 13610 03bf 00000000 		.4byte	.LFB224
 13611 03c3 50       		.uleb128 .LFE224-.LFB224
 13612 03c4 07       		.byte	0x7
 13613 03c5 00000000 		.4byte	.LFB225
 13614 03c9 1C       		.uleb128 .LFE225-.LFB225
 13615 03ca 07       		.byte	0x7
 13616 03cb 00000000 		.4byte	.LFB226
 13617 03cf 1C       		.uleb128 .LFE226-.LFB226
 13618 03d0 07       		.byte	0x7
 13619 03d1 00000000 		.4byte	.LFB227
 13620 03d5 34       		.uleb128 .LFE227-.LFB227
 13621 03d6 07       		.byte	0x7
 13622 03d7 00000000 		.4byte	.LFB228
ARM GAS  /tmp/ccrfHNBB.s 			page 240


 13623 03db 40       		.uleb128 .LFE228-.LFB228
 13624 03dc 07       		.byte	0x7
 13625 03dd 00000000 		.4byte	.LFB229
 13626 03e1 14       		.uleb128 .LFE229-.LFB229
 13627 03e2 07       		.byte	0x7
 13628 03e3 00000000 		.4byte	.LFB230
 13629 03e7 30       		.uleb128 .LFE230-.LFB230
 13630 03e8 07       		.byte	0x7
 13631 03e9 00000000 		.4byte	.LFB231
 13632 03ed 30       		.uleb128 .LFE231-.LFB231
 13633 03ee 07       		.byte	0x7
 13634 03ef 00000000 		.4byte	.LFB232
 13635 03f3 20       		.uleb128 .LFE232-.LFB232
 13636 03f4 07       		.byte	0x7
 13637 03f5 00000000 		.4byte	.LFB233
 13638 03f9 1C       		.uleb128 .LFE233-.LFB233
 13639 03fa 07       		.byte	0x7
 13640 03fb 00000000 		.4byte	.LFB234
 13641 03ff 34       		.uleb128 .LFE234-.LFB234
 13642 0400 07       		.byte	0x7
 13643 0401 00000000 		.4byte	.LFB235
 13644 0405 0C       		.uleb128 .LFE235-.LFB235
 13645 0406 07       		.byte	0x7
 13646 0407 00000000 		.4byte	.LFB242
 13647 040b 04       		.uleb128 .LFE242-.LFB242
 13648 040c 07       		.byte	0x7
 13649 040d 00000000 		.4byte	.LFB237
 13650 0411 3C       		.uleb128 .LFE237-.LFB237
 13651 0412 07       		.byte	0x7
 13652 0413 00000000 		.4byte	.LFB238
 13653 0417 24       		.uleb128 .LFE238-.LFB238
 13654 0418 07       		.byte	0x7
 13655 0419 00000000 		.4byte	.LFB239
 13656 041d 3C       		.uleb128 .LFE239-.LFB239
 13657 041e 00       		.byte	0
 13658              	.Ldebug_ranges3:
 13659              		.section	.debug_line,"",%progbits
 13660              	.Ldebug_line0:
 13661 0000 A91D0000 		.section	.debug_str,"MS",%progbits,1
 13661      0300FF02 
 13661      00000201 
 13661      FB0E0D00 
 13661      01010101 
 13662              	.LASF109:
 13663 0000 63737461 		.ascii	"cstack_base\000"
 13663      636B5F62 
 13663      61736500 
 13664              	.LASF144:
 13665 000c 696E7465 		.ascii	"interval\000"
 13665      7276616C 
 13665      00
 13666              	.LASF101:
 13667 0015 77746D74 		.ascii	"wtmtxp\000"
 13667      787000
 13668              	.LASF141:
 13669 001c 63685468 		.ascii	"chThdSleepUntilWindowed\000"
 13669      64536C65 
ARM GAS  /tmp/ccrfHNBB.s 			page 241


 13669      6570556E 
 13669      74696C57 
 13669      696E646F 
 13670              	.LASF186:
 13671 0034 63685F6C 		.ascii	"ch_list_init\000"
 13671      6973745F 
 13671      696E6974 
 13671      00
 13672              	.LASF115:
 13673 0041 77626173 		.ascii	"wbase\000"
 13673      6500
 13674              	.LASF39:
 13675 0047 64697370 		.ascii	"dispose\000"
 13675      6F736500 
 13676              	.LASF20:
 13677 004f 706F7274 		.ascii	"port_stkline_t\000"
 13677      5F73746B 
 13677      6C696E65 
 13677      5F7400
 13678              	.LASF87:
 13679 005e 63685F72 		.ascii	"ch_registry\000"
 13679      65676973 
 13679      74727900 
 13680              	.LASF137:
 13681 006a 63685468 		.ascii	"chThdEnqueueTimeoutS\000"
 13681      64456E71 
 13681      75657565 
 13681      54696D65 
 13681      6F757453 
 13682              	.LASF35:
 13683 007f 666C6167 		.ascii	"flags\000"
 13683      7300
 13684              	.LASF65:
 13685 0085 73797374 		.ascii	"systime_t\000"
 13685      696D655F 
 13685      7400
 13686              	.LASF46:
 13687 008f 7265616C 		.ascii	"realprio\000"
 13687      7072696F 
 13687      00
 13688              	.LASF129:
 13689 0098 63685468 		.ascii	"chThdDequeueNextI\000"
 13689      64446571 
 13689      75657565 
 13689      4E657874 
 13689      4900
 13690              	.LASF44:
 13691 00aa 6570656E 		.ascii	"epending\000"
 13691      64696E67 
 13691      00
 13692              	.LASF1:
 13693 00b3 756E7369 		.ascii	"unsigned int\000"
 13693      676E6564 
 13693      20696E74 
 13693      00
 13694              	.LASF72:
 13695 00c0 6E657874 		.ascii	"next\000"
ARM GAS  /tmp/ccrfHNBB.s 			page 242


 13695      00
 13696              	.LASF176:
 13697 00c5 63685654 		.ascii	"chVTGetSystemTimeX\000"
 13697      47657453 
 13697      79737465 
 13697      6D54696D 
 13697      655800
 13698              	.LASF53:
 13699 00d8 636F7265 		.ascii	"core_id\000"
 13699      5F696400 
 13700              	.LASF184:
 13701 00e0 63685F6C 		.ascii	"ch_list_link\000"
 13701      6973745F 
 13701      6C696E6B 
 13701      00
 13702              	.LASF10:
 13703 00ed 5F5F696E 		.ascii	"__int32_t\000"
 13703      7433325F 
 13703      7400
 13704              	.LASF36:
 13705 00f7 72656673 		.ascii	"refs\000"
 13705      00
 13706              	.LASF98:
 13707 00fc 77746F62 		.ascii	"wtobjp\000"
 13707      6A7000
 13708              	.LASF189:
 13709 0103 706F7274 		.ascii	"port_lock\000"
 13709      5F6C6F63 
 13709      6B00
 13710              	.LASF51:
 13711 010d 76746C69 		.ascii	"vtlist\000"
 13711      737400
 13712              	.LASF69:
 13713 0114 706F7274 		.ascii	"port_context\000"
 13713      5F636F6E 
 13713      74657874 
 13713      00
 13714              	.LASF105:
 13715 0121 63685F72 		.ascii	"ch_ready_list\000"
 13715      65616479 
 13715      5F6C6973 
 13715      7400
 13716              	.LASF170:
 13717 012f 63685468 		.ascii	"chThdObjectDispose\000"
 13717      644F626A 
 13717      65637444 
 13717      6973706F 
 13717      736500
 13718              	.LASF85:
 13719 0142 6C617374 		.ascii	"laststamp\000"
 13719      7374616D 
 13719      7000
 13720              	.LASF132:
 13721 014c 63685468 		.ascii	"chThdQueueObjectInit\000"
 13721      64517565 
 13721      75654F62 
 13721      6A656374 
ARM GAS  /tmp/ccrfHNBB.s 			page 243


 13721      496E6974 
 13722              	.LASF102:
 13723 0161 65776D61 		.ascii	"ewmask\000"
 13723      736B00
 13724              	.LASF180:
 13725 0168 63685F71 		.ascii	"ch_queue_insert\000"
 13725      75657565 
 13725      5F696E73 
 13725      65727400 
 13726              	.LASF75:
 13727 0178 70726576 		.ascii	"prev\000"
 13727      00
 13728              	.LASF91:
 13729 017d 63685F74 		.ascii	"ch_threads_queue\000"
 13729      68726561 
 13729      64735F71 
 13729      75657565 
 13729      00
 13730              	.LASF159:
 13731 018e 73746B62 		.ascii	"stkbase\000"
 13731      61736500 
 13732              	.LASF139:
 13733 0196 63685468 		.ascii	"chThdSuspendS\000"
 13733      64537573 
 13733      70656E64 
 13733      5300
 13734              	.LASF167:
 13735 01a4 63685468 		.ascii	"chThdSpawnRunningI\000"
 13735      64537061 
 13735      776E5275 
 13735      6E6E696E 
 13735      674900
 13736              	.LASF71:
 13737 01b7 63685F6C 		.ascii	"ch_list\000"
 13737      69737400 
 13738              	.LASF126:
 13739 01bf 63685363 		.ascii	"chSchReadyI\000"
 13739      68526561 
 13739      64794900 
 13740              	.LASF62:
 13741 01cb 63685F73 		.ascii	"ch_system_debug\000"
 13741      79737465 
 13741      6D5F6465 
 13741      62756700 
 13742              	.LASF94:
 13743 01db 6C697374 		.ascii	"list\000"
 13743      00
 13744              	.LASF136:
 13745 01e0 63685468 		.ascii	"chThdResumeI\000"
 13745      64526573 
 13745      756D6549 
 13745      00
 13746              	.LASF80:
 13747 01ed 63685F64 		.ascii	"ch_delta_list\000"
 13747      656C7461 
 13747      5F6C6973 
 13747      7400
ARM GAS  /tmp/ccrfHNBB.s 			page 244


 13748              	.LASF18:
 13749 01fb 75696E74 		.ascii	"uint32_t\000"
 13749      33325F74 
 13749      00
 13750              	.LASF135:
 13751 0204 63685468 		.ascii	"chThdResumeS\000"
 13751      64526573 
 13751      756D6553 
 13751      00
 13752              	.LASF151:
 13753 0211 63685468 		.ascii	"chThdExitS\000"
 13753      64457869 
 13753      745300
 13754              	.LASF43:
 13755 021c 73656E74 		.ascii	"sentmsg\000"
 13755      6D736700 
 13756              	.LASF162:
 13757 0224 63685468 		.ascii	"chThdCreate\000"
 13757      64437265 
 13757      61746500 
 13758              	.LASF27:
 13759 0230 6576656E 		.ascii	"eventmask_t\000"
 13759      746D6173 
 13759      6B5F7400 
 13760              	.LASF118:
 13761 023c 74687265 		.ascii	"thread_descriptor_t\000"
 13761      61645F64 
 13761      65736372 
 13761      6970746F 
 13761      725F7400 
 13762              	.LASF103:
 13763 0250 63685F73 		.ascii	"ch_semaphore\000"
 13763      656D6170 
 13763      686F7265 
 13763      00
 13764              	.LASF25:
 13765 025d 74707269 		.ascii	"tprio_t\000"
 13765      6F5F7400 
 13766              	.LASF113:
 13767 0265 6F735F69 		.ascii	"os_instance_config_t\000"
 13767      6E737461 
 13767      6E63655F 
 13767      636F6E66 
 13767      69675F74 
 13768              	.LASF114:
 13769 027a 7466756E 		.ascii	"tfunc_t\000"
 13769      635F7400 
 13770              	.LASF164:
 13771 0282 63685468 		.ascii	"chThdCreateSuspended\000"
 13771      64437265 
 13771      61746553 
 13771      75737065 
 13771      6E646564 
 13772              	.LASF68:
 13773 0297 66707363 		.ascii	"fpscr\000"
 13773      7200
 13774              	.LASF0:
ARM GAS  /tmp/ccrfHNBB.s 			page 245


 13775 029d 6C6F6E67 		.ascii	"long long unsigned int\000"
 13775      206C6F6E 
 13775      6720756E 
 13775      7369676E 
 13775      65642069 
 13776              	.LASF178:
 13777 02b4 63685F71 		.ascii	"ch_queue_dequeue\000"
 13777      75657565 
 13777      5F646571 
 13777      75657565 
 13777      00
 13778              	.LASF194:
 13779 02c5 2E2E2F2E 		.ascii	"../../../os/rt/src/chthreads.c\000"
 13779      2E2F2E2E 
 13779      2F6F732F 
 13779      72742F73 
 13779      72632F63 
 13780              	.LASF148:
 13781 02e4 6E657770 		.ascii	"newprio\000"
 13781      72696F00 
 13782              	.LASF95:
 13783 02ec 70717565 		.ascii	"pqueue\000"
 13783      756500
 13784              	.LASF28:
 13785 02f3 636E745F 		.ascii	"cnt_t\000"
 13785      7400
 13786              	.LASF21:
 13787 02f9 73746B6C 		.ascii	"stkline_t\000"
 13787      696E655F 
 13787      7400
 13788              	.LASF177:
 13789 0303 63685379 		.ascii	"chSysUnlock\000"
 13789      73556E6C 
 13789      6F636B00 
 13790              	.LASF142:
 13791 030f 74696D65 		.ascii	"time\000"
 13791      00
 13792              	.LASF175:
 13793 0314 63685468 		.ascii	"chThdGetSelfX\000"
 13793      64476574 
 13793      53656C66 
 13793      5800
 13794              	.LASF31:
 13795 0322 6F776E65 		.ascii	"owner\000"
 13795      7200
 13796              	.LASF92:
 13797 0328 74687265 		.ascii	"threads_queue_t\000"
 13797      6164735F 
 13797      71756575 
 13797      655F7400 
 13798              	.LASF45:
 13799 0338 6D74786C 		.ascii	"mtxlist\000"
 13799      69737400 
 13800              	.LASF82:
 13801 0340 63685F76 		.ascii	"ch_virtual_timers_list\000"
 13801      69727475 
 13801      616C5F74 
ARM GAS  /tmp/ccrfHNBB.s 			page 246


 13801      696D6572 
 13801      735F6C69 
 13802              	.LASF54:
 13803 0357 72666375 		.ascii	"rfcu\000"
 13803      00
 13804              	.LASF30:
 13805 035c 74687265 		.ascii	"thread_t\000"
 13805      61645F74 
 13805      00
 13806              	.LASF5:
 13807 0365 73697A65 		.ascii	"size_t\000"
 13807      5F7400
 13808              	.LASF96:
 13809 036c 7264796D 		.ascii	"rdymsg\000"
 13809      736700
 13810              	.LASF166:
 13811 0373 63685468 		.ascii	"chThdSpawnRunning\000"
 13811      64537061 
 13811      776E5275 
 13811      6E6E696E 
 13811      6700
 13812              	.LASF76:
 13813 0385 63685F70 		.ascii	"ch_priority_queue_t\000"
 13813      72696F72 
 13813      6974795F 
 13813      71756575 
 13813      655F7400 
 13814              	.LASF158:
 13815 0399 66756E63 		.ascii	"func\000"
 13815      00
 13816              	.LASF120:
 13817 039e 5F426F6F 		.ascii	"_Bool\000"
 13817      6C00
 13818              	.LASF40:
 13819 03a4 6F626A65 		.ascii	"object\000"
 13819      637400
 13820              	.LASF143:
 13821 03ab 63685468 		.ascii	"chThdSleepUntil\000"
 13821      64536C65 
 13821      6570556E 
 13821      74696C00 
 13822              	.LASF59:
 13823 03bb 63685F72 		.ascii	"ch_rfcu\000"
 13823      66637500 
 13824              	.LASF104:
 13825 03c3 63685F6D 		.ascii	"ch_mutex\000"
 13825      75746578 
 13825      00
 13826              	.LASF14:
 13827 03cc 5F5F7569 		.ascii	"__uint64_t\000"
 13827      6E743634 
 13827      5F7400
 13828              	.LASF131:
 13829 03d7 63757272 		.ascii	"currtp\000"
 13829      747000
 13830              	.LASF122:
 13831 03de 63685363 		.ascii	"chSchRescheduleS\000"
ARM GAS  /tmp/ccrfHNBB.s 			page 247


 13831      68526573 
 13831      63686564 
 13831      756C6553 
 13831      00
 13832              	.LASF49:
 13833 03ef 63685F6F 		.ascii	"ch_os_instance\000"
 13833      735F696E 
 13833      7374616E 
 13833      636500
 13834              	.LASF187:
 13835 03fe 63685379 		.ascii	"chSysLock\000"
 13835      734C6F63 
 13835      6B00
 13836              	.LASF183:
 13837 0408 63685F6C 		.ascii	"ch_list_unlink\000"
 13837      6973745F 
 13837      756E6C69 
 13837      6E6B00
 13838              	.LASF174:
 13839 0417 7469636B 		.ascii	"ticks\000"
 13839      7300
 13840              	.LASF121:
 13841 041d 63685363 		.ascii	"chSchDoYieldS\000"
 13841      68446F59 
 13841      69656C64 
 13841      5300
 13842              	.LASF78:
 13843 042b 7072696F 		.ascii	"prio\000"
 13843      00
 13844              	.LASF179:
 13845 0430 63685F71 		.ascii	"ch_queue_fifo_remove\000"
 13845      75657565 
 13845      5F666966 
 13845      6F5F7265 
 13845      6D6F7665 
 13846              	.LASF154:
 13847 0445 63685468 		.ascii	"chThdAddRef\000"
 13847      64416464 
 13847      52656600 
 13848              	.LASF15:
 13849 0451 63686172 		.ascii	"char\000"
 13849      00
 13850              	.LASF79:
 13851 0456 63685F64 		.ascii	"ch_delta_list_t\000"
 13851      656C7461 
 13851      5F6C6973 
 13851      745F7400 
 13852              	.LASF58:
 13853 0466 72666375 		.ascii	"rfcu_mask_t\000"
 13853      5F6D6173 
 13853      6B5F7400 
 13854              	.LASF90:
 13855 0472 74687265 		.ascii	"thread_reference_t\000"
 13855      61645F72 
 13855      65666572 
 13855      656E6365 
 13855      5F7400
ARM GAS  /tmp/ccrfHNBB.s 			page 248


 13856              	.LASF32:
 13857 0485 77616261 		.ascii	"wabase\000"
 13857      736500
 13858              	.LASF23:
 13859 048c 74737461 		.ascii	"tstate_t\000"
 13859      74655F74 
 13859      00
 13860              	.LASF38:
 13861 0495 72717565 		.ascii	"rqueue\000"
 13861      756500
 13862              	.LASF134:
 13863 049c 63685468 		.ascii	"chThdResume\000"
 13863      64526573 
 13863      756D6500 
 13864              	.LASF16:
 13865 04a8 75696E74 		.ascii	"uint8_t\000"
 13865      385F7400 
 13866              	.LASF42:
 13867 04b0 6D736771 		.ascii	"msgqueue\000"
 13867      75657565 
 13867      00
 13868              	.LASF157:
 13869 04b9 7773697A 		.ascii	"wsize\000"
 13869      6500
 13870              	.LASF48:
 13871 04bf 63685F74 		.ascii	"ch_thread\000"
 13871      68726561 
 13871      6400
 13872              	.LASF140:
 13873 04c9 63685468 		.ascii	"chThdYield\000"
 13873      64596965 
 13873      6C6400
 13874              	.LASF64:
 13875 04d4 73797374 		.ascii	"system_debug_t\000"
 13875      656D5F64 
 13875      65627567 
 13875      5F7400
 13876              	.LASF116:
 13877 04e3 77656E64 		.ascii	"wend\000"
 13877      00
 13878              	.LASF2:
 13879 04e8 6C6F6E67 		.ascii	"long long int\000"
 13879      206C6F6E 
 13879      6720696E 
 13879      7400
 13880              	.LASF146:
 13881 04f6 63685468 		.ascii	"chThdTerminate\000"
 13881      64546572 
 13881      6D696E61 
 13881      746500
 13882              	.LASF26:
 13883 0505 6D73675F 		.ascii	"msg_t\000"
 13883      7400
 13884              	.LASF89:
 13885 050b 72656769 		.ascii	"registry_t\000"
 13885      73747279 
 13885      5F7400
ARM GAS  /tmp/ccrfHNBB.s 			page 249


 13886              	.LASF152:
 13887 0516 63685468 		.ascii	"chThdExit\000"
 13887      64457869 
 13887      7400
 13888              	.LASF168:
 13889 0520 63685468 		.ascii	"chThdSpawnSuspended\000"
 13889      64537061 
 13889      776E5375 
 13889      7370656E 
 13889      64656400 
 13890              	.LASF112:
 13891 0534 69646C65 		.ascii	"idlestack_end\000"
 13891      73746163 
 13891      6B5F656E 
 13891      6400
 13892              	.LASF60:
 13893 0542 6D61736B 		.ascii	"mask\000"
 13893      00
 13894              	.LASF153:
 13895 0547 63685468 		.ascii	"chThdRelease\000"
 13895      6452656C 
 13895      65617365 
 13895      00
 13896              	.LASF165:
 13897 0554 63685468 		.ascii	"chThdCreateSuspendedI\000"
 13897      64437265 
 13897      61746553 
 13897      75737065 
 13897      6E646564 
 13898              	.LASF93:
 13899 056a 74687265 		.ascii	"thread_dispose_t\000"
 13899      61645F64 
 13899      6973706F 
 13899      73655F74 
 13899      00
 13900              	.LASF66:
 13901 057b 73797369 		.ascii	"sysinterval_t\000"
 13901      6E746572 
 13901      76616C5F 
 13901      7400
 13902              	.LASF73:
 13903 0589 63685F71 		.ascii	"ch_queue_t\000"
 13903      75657565 
 13903      5F7400
 13904              	.LASF63:
 13905 0594 70616E69 		.ascii	"panic_msg\000"
 13905      635F6D73 
 13905      6700
 13906              	.LASF111:
 13907 059e 69646C65 		.ascii	"idlestack_base\000"
 13907      73746163 
 13907      6B5F6261 
 13907      736500
 13908              	.LASF156:
 13909 05ad 63685468 		.ascii	"chThdCreateStatic\000"
 13909      64437265 
 13909      61746553 
ARM GAS  /tmp/ccrfHNBB.s 			page 250


 13909      74617469 
 13909      6300
 13910              	.LASF192:
 13911 05bf 63685469 		.ascii	"chTimeDiffX\000"
 13911      6D654469 
 13911      66665800 
 13912              	.LASF22:
 13913 05cb 746D6F64 		.ascii	"tmode_t\000"
 13913      655F7400 
 13914              	.LASF84:
 13915 05d3 73797374 		.ascii	"systime\000"
 13915      696D6500 
 13916              	.LASF56:
 13917 05db 69646C65 		.ascii	"idlethread\000"
 13917      74687265 
 13917      616400
 13918              	.LASF3:
 13919 05e6 6C6F6E67 		.ascii	"long double\000"
 13919      20646F75 
 13919      626C6500 
 13920              	.LASF70:
 13921 05f2 63685F6C 		.ascii	"ch_list_t\000"
 13921      6973745F 
 13921      7400
 13922              	.LASF185:
 13923 05fc 63685F6C 		.ascii	"ch_list_notempty\000"
 13923      6973745F 
 13923      6E6F7465 
 13923      6D707479 
 13923      00
 13924              	.LASF190:
 13925 060d 63685469 		.ascii	"chTimeIsInRangeX\000"
 13925      6D654973 
 13925      496E5261 
 13925      6E676558 
 13925      00
 13926              	.LASF55:
 13927 061e 636F6E66 		.ascii	"config\000"
 13927      696700
 13928              	.LASF150:
 13929 0625 63685468 		.ascii	"chThdWait\000"
 13929      64576169 
 13929      7400
 13930              	.LASF8:
 13931 062f 73686F72 		.ascii	"short int\000"
 13931      7420696E 
 13931      7400
 13932              	.LASF11:
 13933 0639 6C6F6E67 		.ascii	"long int\000"
 13933      20696E74 
 13933      00
 13934              	.LASF67:
 13935 0642 706F7274 		.ascii	"port_intctx\000"
 13935      5F696E74 
 13935      63747800 
 13936              	.LASF193:
 13937 064e 474E5520 		.ascii	"GNU C17 13.3.1 20240614 -mcpu=cortex-r8 -mfloat-abi"
ARM GAS  /tmp/ccrfHNBB.s 			page 251


 13937      43313720 
 13937      31332E33 
 13937      2E312032 
 13937      30323430 
 13938 0681 3D686172 		.ascii	"=hard -mfpu=vfpv3-d16 -mno-thumb-interwork -marm -m"
 13938      64202D6D 
 13938      6670753D 
 13938      76667076 
 13938      332D6431 
 13939 06b4 61726368 		.ascii	"arch=armv7-r+fp+idiv -ggdb -O2 -fomit-frame-pointer"
 13939      3D61726D 
 13939      76372D72 
 13939      2B66702B 
 13939      69646976 
 13940 06e7 202D6661 		.ascii	" -falign-functions=16 -ffunction-sections -fdata-se"
 13940      6C69676E 
 13940      2D66756E 
 13940      6374696F 
 13940      6E733D31 
 13941 071a 6374696F 		.ascii	"ctions -fno-common\000"
 13941      6E73202D 
 13941      666E6F2D 
 13941      636F6D6D 
 13941      6F6E00
 13942              	.LASF33:
 13943 072d 7761656E 		.ascii	"waend\000"
 13943      6400
 13944              	.LASF110:
 13945 0733 63737461 		.ascii	"cstack_end\000"
 13945      636B5F65 
 13945      6E6400
 13946              	.LASF108:
 13947 073e 63685F6F 		.ascii	"ch_os_instance_config\000"
 13947      735F696E 
 13947      7374616E 
 13947      63655F63 
 13947      6F6E6669 
 13948              	.LASF83:
 13949 0754 646C6973 		.ascii	"dlist\000"
 13949      7400
 13950              	.LASF149:
 13951 075a 6F6C6470 		.ascii	"oldprio\000"
 13951      72696F00 
 13952              	.LASF19:
 13953 0762 75696E74 		.ascii	"uint64_t\000"
 13953      36345F74 
 13953      00
 13954              	.LASF181:
 13955 076b 63685F71 		.ascii	"ch_queue_notempty\000"
 13955      75657565 
 13955      5F6E6F74 
 13955      656D7074 
 13955      7900
 13956              	.LASF50:
 13957 077d 726C6973 		.ascii	"rlist\000"
 13957      7400
 13958              	.LASF155:
ARM GAS  /tmp/ccrfHNBB.s 			page 252


 13959 0783 63685468 		.ascii	"chThdStart\000"
 13959      64537461 
 13959      727400
 13960              	.LASF127:
 13961 078e 5F5F706F 		.ascii	"__port_thread_start\000"
 13961      72745F74 
 13961      68726561 
 13961      645F7374 
 13961      61727400 
 13962              	.LASF6:
 13963 07a2 5F5F7569 		.ascii	"__uint8_t\000"
 13963      6E74385F 
 13963      7400
 13964              	.LASF37:
 13965 07ac 6E616D65 		.ascii	"name\000"
 13965      00
 13966              	.LASF191:
 13967 07b1 73746172 		.ascii	"start\000"
 13967      7400
 13968              	.LASF123:
 13969 07b7 63685363 		.ascii	"chSchGoSleepS\000"
 13969      68476F53 
 13969      6C656570 
 13969      5300
 13970              	.LASF172:
 13971 07c5 63685468 		.ascii	"chThdDoDequeueNextI\000"
 13971      64446F44 
 13971      65717565 
 13971      75654E65 
 13971      78744900 
 13972              	.LASF24:
 13973 07d9 74726566 		.ascii	"trefs_t\000"
 13973      735F7400 
 13974              	.LASF13:
 13975 07e1 6C6F6E67 		.ascii	"long unsigned int\000"
 13975      20756E73 
 13975      69676E65 
 13975      6420696E 
 13975      7400
 13976              	.LASF107:
 13977 07f3 72656164 		.ascii	"ready_list_t\000"
 13977      795F6C69 
 13977      73745F74 
 13977      00
 13978              	.LASF125:
 13979 0800 63685363 		.ascii	"chSchGoSleepTimeoutS\000"
 13979      68476F53 
 13979      6C656570 
 13979      54696D65 
 13979      6F757453 
 13980              	.LASF88:
 13981 0815 71756575 		.ascii	"queue\000"
 13981      6500
 13982              	.LASF17:
 13983 081b 696E7433 		.ascii	"int32_t\000"
 13983      325F7400 
 13984              	.LASF61:
ARM GAS  /tmp/ccrfHNBB.s 			page 253


 13985 0823 72666375 		.ascii	"rfcu_t\000"
 13985      5F7400
 13986              	.LASF100:
 13987 082a 77747365 		.ascii	"wtsemp\000"
 13987      6D7000
 13988              	.LASF77:
 13989 0831 63685F70 		.ascii	"ch_priority_queue\000"
 13989      72696F72 
 13989      6974795F 
 13989      71756575 
 13989      6500
 13990              	.LASF173:
 13991 0843 63685468 		.ascii	"chThdSleepS\000"
 13991      64536C65 
 13991      65705300 
 13992              	.LASF74:
 13993 084f 63685F71 		.ascii	"ch_queue\000"
 13993      75657565 
 13993      00
 13994              	.LASF119:
 13995 0858 6D757465 		.ascii	"mutex_t\000"
 13995      785F7400 
 13996              	.LASF160:
 13997 0860 73746B74 		.ascii	"stktop\000"
 13997      6F7000
 13998              	.LASF182:
 13999 0867 63685F71 		.ascii	"ch_queue_init\000"
 13999      75657565 
 13999      5F696E69 
 13999      7400
 14000              	.LASF163:
 14001 0875 63685468 		.ascii	"chThdCreateI\000"
 14001      64437265 
 14001      61746549 
 14001      00
 14002              	.LASF7:
 14003 0882 756E7369 		.ascii	"unsigned char\000"
 14003      676E6564 
 14003      20636861 
 14003      7200
 14004              	.LASF12:
 14005 0890 5F5F7569 		.ascii	"__uint32_t\000"
 14005      6E743332 
 14005      5F7400
 14006              	.LASF41:
 14007 089b 77616974 		.ascii	"waiting\000"
 14007      696E6700 
 14008              	.LASF117:
 14009 08a3 66756E63 		.ascii	"funcp\000"
 14009      7000
 14010              	.LASF86:
 14011 08a9 76697274 		.ascii	"virtual_timers_list_t\000"
 14011      75616C5F 
 14011      74696D65 
 14011      72735F6C 
 14011      6973745F 
 14012              	.LASF130:
ARM GAS  /tmp/ccrfHNBB.s 			page 254


 14013 08bf 74696D65 		.ascii	"timeout\000"
 14013      6F757400 
 14014              	.LASF145:
 14015 08c7 63685468 		.ascii	"chThdSleep\000"
 14015      64536C65 
 14015      657000
 14016              	.LASF195:
 14017 08d2 2F686F6D 		.ascii	"/home/emirhan/Documents/gemstone/chibiOS-port/Chibi"
 14017      652F656D 
 14017      69726861 
 14017      6E2F446F 
 14017      63756D65 
 14018 0905 4F532F64 		.ascii	"OS/demos/various/RT-ARMCR8-GENERIC\000"
 14018      656D6F73 
 14018      2F766172 
 14018      696F7573 
 14018      2F52542D 
 14019              	.LASF124:
 14020 0928 63685363 		.ascii	"chSchWakeupS\000"
 14020      6857616B 
 14020      65757053 
 14020      00
 14021              	.LASF57:
 14022 0935 6D61696E 		.ascii	"mainthread\000"
 14022      74687265 
 14022      616400
 14023              	.LASF34:
 14024 0940 73746174 		.ascii	"state\000"
 14024      6500
 14025              	.LASF47:
 14026 0946 6F735F69 		.ascii	"os_instance_t\000"
 14026      6E737461 
 14026      6E63655F 
 14026      7400
 14027              	.LASF52:
 14028 0954 7265676C 		.ascii	"reglist\000"
 14028      69737400 
 14029              	.LASF99:
 14030 095c 77747472 		.ascii	"wttrp\000"
 14030      7000
 14031              	.LASF4:
 14032 0962 7369676E 		.ascii	"signed char\000"
 14032      65642063 
 14032      68617200 
 14033              	.LASF81:
 14034 096e 64656C74 		.ascii	"delta\000"
 14034      6100
 14035              	.LASF9:
 14036 0974 73686F72 		.ascii	"short unsigned int\000"
 14036      7420756E 
 14036      7369676E 
 14036      65642069 
 14036      6E7400
 14037              	.LASF128:
 14038 0987 63685468 		.ascii	"chThdDequeueAllI\000"
 14038      64446571 
 14038      75657565 
ARM GAS  /tmp/ccrfHNBB.s 			page 255


 14038      416C6C49 
 14038      00
 14039              	.LASF106:
 14040 0998 63757272 		.ascii	"current\000"
 14040      656E7400 
 14041              	.LASF133:
 14042 09a0 5F5F6675 		.ascii	"__func__\000"
 14042      6E635F5F 
 14042      00
 14043              	.LASF171:
 14044 09a9 63685468 		.ascii	"chThdObjectInit\000"
 14044      644F626A 
 14044      65637449 
 14044      6E697400 
 14045              	.LASF147:
 14046 09b9 63685468 		.ascii	"chThdSetPriority\000"
 14046      64536574 
 14046      5072696F 
 14046      72697479 
 14046      00
 14047              	.LASF188:
 14048 09ca 706F7274 		.ascii	"port_unlock\000"
 14048      5F756E6C 
 14048      6F636B00 
 14049              	.LASF161:
 14050 09d6 64657363 		.ascii	"desc\000"
 14050      00
 14051              	.LASF97:
 14052 09db 65786974 		.ascii	"exitcode\000"
 14052      636F6465 
 14052      00
 14053              	.LASF138:
 14054 09e4 63685468 		.ascii	"chThdSuspendTimeoutS\000"
 14054      64537573 
 14054      70656E64 
 14054      54696D65 
 14054      6F757453 
 14055              	.LASF169:
 14056 09f9 63685468 		.ascii	"chThdSpawnSuspendedI\000"
 14056      64537061 
 14056      776E5375 
 14056      7370656E 
 14056      64656449 
 14057              	.LASF29:
 14058 0a0e 636F7265 		.ascii	"core_id_t\000"
 14058      5F69645F 
 14058      7400
 14059              	.LASF196:
 14060 0a18 63685468 		.ascii	"chThdQueueObjectDispose\000"
 14060      64517565 
 14060      75654F62 
 14060      6A656374 
 14060      44697370 
 14061              		.ident	"GCC: (Arm GNU Toolchain 13.3.Rel1 (Build arm-13.24)) 13.3.1 20240614"
ARM GAS  /tmp/ccrfHNBB.s 			page 256


DEFINED SYMBOLS
                            *ABS*:00000000 chthreads.c
     /tmp/ccrfHNBB.s:21     .text.chThdObjectInit:00000000 $a
     /tmp/ccrfHNBB.s:27     .text.chThdObjectInit:00000000 chThdObjectInit
     /tmp/ccrfHNBB.s:154    .text.chThdObjectDispose:00000000 $a
     /tmp/ccrfHNBB.s:160    .text.chThdObjectDispose:00000000 chThdObjectDispose
     /tmp/ccrfHNBB.s:191    .text.chThdSpawnSuspendedI:00000000 $a
     /tmp/ccrfHNBB.s:197    .text.chThdSpawnSuspendedI:00000000 chThdSpawnSuspendedI
     /tmp/ccrfHNBB.s:428    .text.chThdSpawnSuspended:00000000 $a
     /tmp/ccrfHNBB.s:434    .text.chThdSpawnSuspended:00000000 chThdSpawnSuspended
     /tmp/ccrfHNBB.s:722    .text.chThdSpawnRunningI:00000000 $a
     /tmp/ccrfHNBB.s:728    .text.chThdSpawnRunningI:00000000 chThdSpawnRunningI
     /tmp/ccrfHNBB.s:756    .text.chThdSpawnRunning:00000000 $a
     /tmp/ccrfHNBB.s:762    .text.chThdSpawnRunning:00000000 chThdSpawnRunning
     /tmp/ccrfHNBB.s:852    .text.chThdCreateSuspendedI:00000000 $a
     /tmp/ccrfHNBB.s:858    .text.chThdCreateSuspendedI:00000000 chThdCreateSuspendedI
     /tmp/ccrfHNBB.s:1093   .text.chThdCreateSuspended:00000000 $a
     /tmp/ccrfHNBB.s:1099   .text.chThdCreateSuspended:00000000 chThdCreateSuspended
     /tmp/ccrfHNBB.s:1419   .text.chThdCreateI:00000000 $a
     /tmp/ccrfHNBB.s:1425   .text.chThdCreateI:00000000 chThdCreateI
     /tmp/ccrfHNBB.s:1453   .text.chThdCreate:00000000 $a
     /tmp/ccrfHNBB.s:1459   .text.chThdCreate:00000000 chThdCreate
     /tmp/ccrfHNBB.s:1549   .rodata.chThdCreateStatic.str1.4:00000000 $d
     /tmp/ccrfHNBB.s:1550   .rodata.chThdCreateStatic.str1.4:00000000 .LC0
     /tmp/ccrfHNBB.s:1553   .text.chThdCreateStatic:00000000 $a
     /tmp/ccrfHNBB.s:1559   .text.chThdCreateStatic:00000000 chThdCreateStatic
     /tmp/ccrfHNBB.s:1862   .text.chThdStart:00000000 $a
     /tmp/ccrfHNBB.s:1868   .text.chThdStart:00000000 chThdStart
     /tmp/ccrfHNBB.s:1951   .text.chThdAddRef:00000000 $a
     /tmp/ccrfHNBB.s:1957   .text.chThdAddRef:00000000 chThdAddRef
     /tmp/ccrfHNBB.s:2027   .text.chThdRelease:00000000 $a
     /tmp/ccrfHNBB.s:2033   .text.chThdRelease:00000000 chThdRelease
     /tmp/ccrfHNBB.s:2174   .text.chThdExit:00000000 $a
     /tmp/ccrfHNBB.s:2180   .text.chThdExit:00000000 chThdExit
     /tmp/ccrfHNBB.s:2400   .text.chThdExitS:00000000 $a
     /tmp/ccrfHNBB.s:2406   .text.chThdExitS:00000000 chThdExitS
     /tmp/ccrfHNBB.s:2586   .text.chThdWait:00000000 $a
     /tmp/ccrfHNBB.s:2592   .text.chThdWait:00000000 chThdWait
     /tmp/ccrfHNBB.s:2882   .text.chThdSetPriority:00000000 $a
     /tmp/ccrfHNBB.s:2888   .text.chThdSetPriority:00000000 chThdSetPriority
     /tmp/ccrfHNBB.s:3005   .text.chThdTerminate:00000000 $a
     /tmp/ccrfHNBB.s:3011   .text.chThdTerminate:00000000 chThdTerminate
     /tmp/ccrfHNBB.s:3078   .text.chThdSleep:00000000 $a
     /tmp/ccrfHNBB.s:3084   .text.chThdSleep:00000000 chThdSleep
     /tmp/ccrfHNBB.s:3176   .text.chThdSleepUntil:00000000 $a
     /tmp/ccrfHNBB.s:3182   .text.chThdSleepUntil:00000000 chThdSleepUntil
     /tmp/ccrfHNBB.s:3331   .text.chThdSleepUntilWindowed:00000000 $a
     /tmp/ccrfHNBB.s:3337   .text.chThdSleepUntilWindowed:00000000 chThdSleepUntilWindowed
     /tmp/ccrfHNBB.s:3483   .text.chThdYield:00000000 $a
     /tmp/ccrfHNBB.s:3489   .text.chThdYield:00000000 chThdYield
     /tmp/ccrfHNBB.s:3563   .text.chThdSuspendS:00000000 $a
     /tmp/ccrfHNBB.s:3569   .text.chThdSuspendS:00000000 chThdSuspendS
     /tmp/ccrfHNBB.s:3638   .text.chThdSuspendTimeoutS:00000000 $a
     /tmp/ccrfHNBB.s:3644   .text.chThdSuspendTimeoutS:00000000 chThdSuspendTimeoutS
     /tmp/ccrfHNBB.s:3709   .text.chThdResumeI:00000000 $a
     /tmp/ccrfHNBB.s:3715   .text.chThdResumeI:00000000 chThdResumeI
     /tmp/ccrfHNBB.s:3755   .text.chThdResumeS:00000000 $a
ARM GAS  /tmp/ccrfHNBB.s 			page 257


     /tmp/ccrfHNBB.s:3761   .text.chThdResumeS:00000000 chThdResumeS
     /tmp/ccrfHNBB.s:3797   .text.chThdResume:00000000 $a
     /tmp/ccrfHNBB.s:3803   .text.chThdResume:00000000 chThdResume
     /tmp/ccrfHNBB.s:3937   .text.chThdQueueObjectInit:00000000 $a
     /tmp/ccrfHNBB.s:3943   .text.chThdQueueObjectInit:00000000 chThdQueueObjectInit
     /tmp/ccrfHNBB.s:3974   .text.chThdQueueObjectDispose:00000000 $a
     /tmp/ccrfHNBB.s:3980   .text.chThdQueueObjectDispose:00000000 chThdQueueObjectDispose
     /tmp/ccrfHNBB.s:3992   .text.chThdEnqueueTimeoutS:00000000 $a
     /tmp/ccrfHNBB.s:3998   .text.chThdEnqueueTimeoutS:00000000 chThdEnqueueTimeoutS
     /tmp/ccrfHNBB.s:4082   .text.chThdDequeueNextI:00000000 $a
     /tmp/ccrfHNBB.s:4088   .text.chThdDequeueNextI:00000000 chThdDequeueNextI
     /tmp/ccrfHNBB.s:4163   .text.chThdDequeueAllI:00000000 $a
     /tmp/ccrfHNBB.s:4169   .text.chThdDequeueAllI:00000000 chThdDequeueAllI

UNDEFINED SYMBOLS
ch0
__port_thread_start
chSchReadyI
chSchWakeupS
chSchGoSleepS
chSchRescheduleS
chSchGoSleepTimeoutS
chSchDoYieldS
