ARM GAS  /tmp/cclbV3PN.s 			page 1


   1              		.cpu cortex-r8
   2              		.arch armv7-r
   3              		.fpu vfpv3-d16
   4              		.arch_extension idiv
   5              		.eabi_attribute 28, 1
   6              		.eabi_attribute 20, 1
   7              		.eabi_attribute 21, 1
   8              		.eabi_attribute 23, 3
   9              		.eabi_attribute 24, 1
  10              		.eabi_attribute 25, 1
  11              		.eabi_attribute 26, 1
  12              		.eabi_attribute 30, 2
  13              		.eabi_attribute 34, 1
  14              		.eabi_attribute 18, 4
  15              		.file	"chvt.c"
  16              		.text
  17              	.Ltext0:
  18              		.cfi_sections	.debug_frame
  19              		.file 1 "../../../os/rt/src/chvt.c"
  20              		.section	.text.chVTObjectInit,"ax",%progbits
  21              		.align	2
  22              		.p2align 4,,15
  23              		.global	chVTObjectInit
  24              		.syntax unified
  25              		.arm
  26              		.type	chVTObjectInit, %function
  27              	chVTObjectInit:
  28              	.LVL0:
  29              	.LFB208:
  30              		.loc 1 279 43 view -0
  31              		.cfi_startproc
  32              		@ args = 0, pretend = 0, frame = 0
  33              		@ frame_needed = 0, uses_anonymous_args = 0
  34              		@ link register save eliminated.
  35              		.loc 1 281 3 view .LVU1
  36              		.loc 1 281 19 is_stmt 0 view .LVU2
  37 0000 0030A0E3 		mov	r3, #0
  38 0004 003080E5 		str	r3, [r0]
  39              		.loc 1 282 1 view .LVU3
  40 0008 1EFF2FE1 		bx	lr
  41              		.cfi_endproc
  42              	.LFE208:
  43              		.size	chVTObjectInit, .-chVTObjectInit
  44              		.section	.text.chVTObjectDispose,"ax",%progbits
  45              		.align	2
  46              		.p2align 4,,15
  47              		.global	chVTObjectDispose
  48              		.syntax unified
  49              		.arm
  50              		.type	chVTObjectDispose, %function
  51              	chVTObjectDispose:
  52              	.LVL1:
  53              	.LFB209:
  54              		.loc 1 299 46 is_stmt 1 view -0
  55              		.cfi_startproc
  56              		@ args = 0, pretend = 0, frame = 0
  57              		@ frame_needed = 0, uses_anonymous_args = 0
ARM GAS  /tmp/cclbV3PN.s 			page 2


  58              		@ link register save eliminated.
  59              		.loc 1 301 3 view .LVU5
  60              		.loc 1 301 3 view .LVU6
  61              		.loc 1 301 3 discriminator 5 view .LVU7
  62              		.loc 1 303 32 view .LVU8
  63              		.loc 1 306 3 view .LVU9
  64              		.loc 1 306 3 view .LVU10
  65              		.loc 1 306 3 discriminator 5 view .LVU11
  66              		.loc 1 311 1 is_stmt 0 view .LVU12
  67 0000 1EFF2FE1 		bx	lr
  68              		.cfi_endproc
  69              	.LFE209:
  70              		.size	chVTObjectDispose, .-chVTObjectDispose
  71              		.section	.text.chVTDoSetI,"ax",%progbits
  72              		.align	2
  73              		.p2align 4,,15
  74              		.global	chVTDoSetI
  75              		.syntax unified
  76              		.arm
  77              		.type	chVTDoSetI, %function
  78              	chVTDoSetI:
  79              	.LVL2:
  80              	.LFB210:
  81              		.loc 1 335 45 is_stmt 1 view -0
  82              		.cfi_startproc
  83              		@ args = 0, pretend = 0, frame = 0
  84              		@ frame_needed = 0, uses_anonymous_args = 0
  85              		.loc 1 336 3 view .LVU14
  86              		.loc 1 338 21 view .LVU15
  87              		.loc 1 339 3 view .LVU16
  88              		.loc 1 339 3 view .LVU17
  89              		.loc 1 339 3 discriminator 7 view .LVU18
  90              		.loc 1 342 3 view .LVU19
  91              	.LBB37:
  92              	.LBB38:
  93              	.LBB39:
  94              	.LBB40:
  95              		.file 2 "../../../os/rt/include/chlists.h"
  96              		.loc 2 623 7 is_stmt 0 view .LVU20
  97 0000 00C000E3 		movw	ip, #:lower16:ch0
  98              	.LBE40:
  99              	.LBE39:
 100              	.LBE38:
 101              	.LBE37:
 102              		.loc 1 335 45 view .LVU21
 103 0004 04E02DE5 		str	lr, [sp, #-4]!
 104              		.cfi_def_cfa_offset 4
 105              		.cfi_offset 14, -4
 106              		.loc 1 344 16 view .LVU22
 107 0008 00E0A0E3 		mov	lr, #0
 108              	.LBB54:
 109              	.LBB51:
 110              	.LBB48:
 111              	.LBB45:
 112              		.loc 2 623 7 view .LVU23
 113 000c 00C040E3 		movt	ip, #:upper16:ch0
 114              	.LBE45:
ARM GAS  /tmp/cclbV3PN.s 			page 3


 115              	.LBE48:
 116              	.LBE51:
 117              	.LBE54:
 118              		.loc 1 343 16 view .LVU24
 119 0010 FC20C0E1 		strd	r2, [r0, #12]
 120              		.loc 1 344 3 is_stmt 1 view .LVU25
 121              		.loc 1 347 3 view .LVU26
 122              	.LVL3:
 123              	.LBB55:
 124              	.LBI37:
 125              		.loc 1 218 13 view .LVU27
 126              	.LBB52:
 127              		.loc 1 221 3 view .LVU28
 128              		.loc 1 258 3 view .LVU29
 129              		.loc 1 261 3 view .LVU30
 130              	.LBB49:
 131              	.LBI39:
 132              		.loc 2 616 20 view .LVU31
 133              	.LBB46:
 134              		.loc 2 619 3 view .LVU32
 135              		.loc 2 623 3 view .LVU33
 136              		.loc 2 623 7 is_stmt 0 view .LVU34
 137 0014 10309CE5 		ldr	r3, [ip, #16]
 138              	.LVL4:
 139              		.loc 2 624 3 is_stmt 1 view .LVU35
 140              		.loc 2 624 10 view .LVU36
 141              	.LBE46:
 142              	.LBE49:
 143              	.LBE52:
 144              	.LBE55:
 145              		.loc 1 344 16 is_stmt 0 view .LVU37
 146 0018 14E080E5 		str	lr, [r0, #20]
 147              	.LBB56:
 148              	.LBB53:
 149              	.LBB50:
 150              	.LBB47:
 151              		.loc 2 624 10 view .LVU38
 152 001c 082093E5 		ldr	r2, [r3, #8]
 153              	.LVL5:
 154              		.loc 2 624 10 discriminator 1 view .LVU39
 155 0020 020051E1 		cmp	r1, r2
 156 0024 0400009A 		bls	.L5
 157              	.LVL6:
 158              	.L6:
 159              		.loc 2 626 5 is_stmt 1 view .LVU40
 160              		.loc 2 626 5 view .LVU41
 161              		.loc 2 626 5 discriminator 5 view .LVU42
 162              		.loc 2 628 5 view .LVU43
 163              		.loc 2 629 9 is_stmt 0 view .LVU44
 164 0028 003093E5 		ldr	r3, [r3]
 165              	.LVL7:
 166              		.loc 2 628 11 view .LVU45
 167 002c 021041E0 		sub	r1, r1, r2
 168              	.LVL8:
 169              		.loc 2 629 5 is_stmt 1 view .LVU46
 170              		.loc 2 624 10 view .LVU47
 171 0030 082093E5 		ldr	r2, [r3, #8]
ARM GAS  /tmp/cclbV3PN.s 			page 4


 172              		.loc 2 624 10 is_stmt 0 discriminator 1 view .LVU48
 173 0034 010052E1 		cmp	r2, r1
 174 0038 FAFFFF3A 		bcc	.L6
 175              	.L5:
 176              		.loc 2 633 3 is_stmt 1 view .LVU49
 177              	.LVL9:
 178              	.LBB41:
 179              	.LBI41:
 180              		.loc 2 596 20 view .LVU50
 181              	.LBB42:
 182              		.loc 2 600 3 view .LVU51
 183              		.loc 2 602 30 is_stmt 0 view .LVU52
 184 003c 042093E5 		ldr	r2, [r3, #4]
 185              		.loc 2 600 19 view .LVU53
 186 0040 081080E5 		str	r1, [r0, #8]
 187              		.loc 2 601 3 is_stmt 1 view .LVU54
 188              		.loc 2 602 19 is_stmt 0 view .LVU55
 189 0044 042080E5 		str	r2, [r0, #4]
 190              		.loc 2 601 19 view .LVU56
 191 0048 003080E5 		str	r3, [r0]
 192              		.loc 2 602 3 is_stmt 1 view .LVU57
 193              		.loc 2 603 3 view .LVU58
 194              		.loc 2 603 19 is_stmt 0 view .LVU59
 195 004c 000082E5 		str	r0, [r2]
 196              		.loc 2 604 3 is_stmt 1 view .LVU60
 197              	.LBE42:
 198              	.LBE41:
 199              		.loc 2 636 14 is_stmt 0 view .LVU61
 200 0050 082093E5 		ldr	r2, [r3, #8]
 201              	.LBB44:
 202              	.LBB43:
 203              		.loc 2 604 19 view .LVU62
 204 0054 040083E5 		str	r0, [r3, #4]
 205              	.LVL10:
 206              		.loc 2 604 19 view .LVU63
 207              	.LBE43:
 208              	.LBE44:
 209              		.loc 2 636 3 is_stmt 1 view .LVU64
 210              		.loc 2 636 14 is_stmt 0 view .LVU65
 211 0058 012042E0 		sub	r2, r2, r1
 212              		.loc 2 641 15 view .LVU66
 213 005c 0010E0E3 		mvn	r1, #0
 214              	.LVL11:
 215              		.loc 2 636 14 view .LVU67
 216 0060 082083E5 		str	r2, [r3, #8]
 217              	.LVL12:
 218              		.loc 2 641 3 is_stmt 1 view .LVU68
 219              		.loc 2 641 15 is_stmt 0 view .LVU69
 220 0064 18108CE5 		str	r1, [ip, #24]
 221              	.LVL13:
 222              		.loc 2 641 15 view .LVU70
 223              	.LBE47:
 224              	.LBE50:
 225              	.LBE53:
 226              	.LBE56:
 227              		.loc 1 348 1 view .LVU71
 228 0068 04F09DE4 		ldr	pc, [sp], #4
ARM GAS  /tmp/cclbV3PN.s 			page 5


 229              		.cfi_endproc
 230              	.LFE210:
 231              		.size	chVTDoSetI, .-chVTDoSetI
 232              		.section	.text.chVTDoSetContinuousI,"ax",%progbits
 233              		.align	2
 234              		.p2align 4,,15
 235              		.global	chVTDoSetContinuousI
 236              		.syntax unified
 237              		.arm
 238              		.type	chVTDoSetContinuousI, %function
 239              	chVTDoSetContinuousI:
 240              	.LVL14:
 241              	.LFB211:
 242              		.loc 1 371 55 is_stmt 1 view -0
 243              		.cfi_startproc
 244              		@ args = 0, pretend = 0, frame = 0
 245              		@ frame_needed = 0, uses_anonymous_args = 0
 246              		.loc 1 372 3 view .LVU73
 247              		.loc 1 374 21 view .LVU74
 248              		.loc 1 375 3 view .LVU75
 249              		.loc 1 375 3 view .LVU76
 250              		.loc 1 375 3 discriminator 7 view .LVU77
 251              		.loc 1 378 3 view .LVU78
 252              		.loc 1 371 55 is_stmt 0 view .LVU79
 253 0000 10402DE9 		push	{r4, lr}
 254              		.cfi_def_cfa_offset 8
 255              		.cfi_offset 4, -8
 256              		.cfi_offset 14, -4
 257              	.LBB63:
 258              	.LBB64:
 259              	.LBB65:
 260              	.LBB66:
 261              		.loc 2 623 7 view .LVU80
 262 0004 004000E3 		movw	r4, #:lower16:ch0
 263 0008 004040E3 		movt	r4, #:upper16:ch0
 264 000c 10C094E5 		ldr	ip, [r4, #16]
 265              		.loc 2 624 10 view .LVU81
 266 0010 08E09CE5 		ldr	lr, [ip, #8]
 267              	.LBE66:
 268              	.LBE65:
 269              	.LBE64:
 270              	.LBE63:
 271              		.loc 1 379 16 view .LVU82
 272 0014 FC20C0E1 		strd	r2, [r0, #12]
 273              		.loc 1 380 3 is_stmt 1 view .LVU83
 274              	.LBB79:
 275              	.LBB77:
 276              	.LBB75:
 277              	.LBB73:
 278              		.loc 2 624 10 is_stmt 0 discriminator 1 view .LVU84
 279 0018 0E0051E1 		cmp	r1, lr
 280              	.LBE73:
 281              	.LBE75:
 282              	.LBE77:
 283              	.LBE79:
 284              		.loc 1 380 16 view .LVU85
 285 001c 141080E5 		str	r1, [r0, #20]
ARM GAS  /tmp/cclbV3PN.s 			page 6


 286              		.loc 1 383 3 is_stmt 1 view .LVU86
 287              	.LVL15:
 288              	.LBB80:
 289              	.LBI63:
 290              		.loc 1 218 13 view .LVU87
 291              	.LBB78:
 292              		.loc 1 221 3 view .LVU88
 293              		.loc 1 258 3 view .LVU89
 294              		.loc 1 261 3 view .LVU90
 295              	.LBB76:
 296              	.LBI65:
 297              		.loc 2 616 20 view .LVU91
 298              	.LBB74:
 299              		.loc 2 619 3 view .LVU92
 300              		.loc 2 623 3 view .LVU93
 301              		.loc 2 624 3 view .LVU94
 302              		.loc 2 624 10 view .LVU95
 303              		.loc 2 624 10 is_stmt 0 discriminator 1 view .LVU96
 304 0020 0400009A 		bls	.L10
 305              	.LVL16:
 306              	.L11:
 307              		.loc 2 626 5 is_stmt 1 view .LVU97
 308              		.loc 2 626 5 view .LVU98
 309              		.loc 2 626 5 discriminator 5 view .LVU99
 310              		.loc 2 628 5 view .LVU100
 311              		.loc 2 629 9 is_stmt 0 view .LVU101
 312 0024 00C09CE5 		ldr	ip, [ip]
 313              	.LVL17:
 314              		.loc 2 628 11 view .LVU102
 315 0028 0E1041E0 		sub	r1, r1, lr
 316              	.LVL18:
 317              		.loc 2 629 5 is_stmt 1 view .LVU103
 318              		.loc 2 624 10 view .LVU104
 319 002c 08E09CE5 		ldr	lr, [ip, #8]
 320              		.loc 2 624 10 is_stmt 0 discriminator 1 view .LVU105
 321 0030 01005EE1 		cmp	lr, r1
 322 0034 FAFFFF3A 		bcc	.L11
 323              	.L10:
 324              		.loc 2 633 3 is_stmt 1 view .LVU106
 325              	.LVL19:
 326              	.LBB67:
 327              	.LBI67:
 328              		.loc 2 596 20 view .LVU107
 329              	.LBB68:
 330              		.loc 2 600 3 view .LVU108
 331              	.LBE68:
 332              	.LBE67:
 333              		.loc 2 641 15 is_stmt 0 view .LVU109
 334 0038 0020E0E3 		mvn	r2, #0
 335              	.LVL20:
 336              	.LBB71:
 337              	.LBB69:
 338              		.loc 2 602 30 view .LVU110
 339 003c 04309CE5 		ldr	r3, [ip, #4]
 340              	.LVL21:
 341              		.loc 2 600 19 view .LVU111
 342 0040 081080E5 		str	r1, [r0, #8]
ARM GAS  /tmp/cclbV3PN.s 			page 7


 343              		.loc 2 601 3 is_stmt 1 view .LVU112
 344              		.loc 2 602 19 is_stmt 0 view .LVU113
 345 0044 043080E5 		str	r3, [r0, #4]
 346              		.loc 2 601 19 view .LVU114
 347 0048 00C080E5 		str	ip, [r0]
 348              		.loc 2 602 3 is_stmt 1 view .LVU115
 349              		.loc 2 603 3 view .LVU116
 350              		.loc 2 603 19 is_stmt 0 view .LVU117
 351 004c 000083E5 		str	r0, [r3]
 352              		.loc 2 604 3 is_stmt 1 view .LVU118
 353              	.LBE69:
 354              	.LBE71:
 355              		.loc 2 636 14 is_stmt 0 view .LVU119
 356 0050 08309CE5 		ldr	r3, [ip, #8]
 357              	.LBB72:
 358              	.LBB70:
 359              		.loc 2 604 19 view .LVU120
 360 0054 04008CE5 		str	r0, [ip, #4]
 361              	.LVL22:
 362              		.loc 2 604 19 view .LVU121
 363              	.LBE70:
 364              	.LBE72:
 365              		.loc 2 636 3 is_stmt 1 view .LVU122
 366              		.loc 2 636 14 is_stmt 0 view .LVU123
 367 0058 013043E0 		sub	r3, r3, r1
 368 005c 08308CE5 		str	r3, [ip, #8]
 369              		.loc 2 641 3 is_stmt 1 view .LVU124
 370              		.loc 2 641 15 is_stmt 0 view .LVU125
 371 0060 182084E5 		str	r2, [r4, #24]
 372              	.LVL23:
 373              		.loc 2 641 15 view .LVU126
 374              	.LBE74:
 375              	.LBE76:
 376              	.LBE78:
 377              	.LBE80:
 378              		.loc 1 384 1 view .LVU127
 379 0064 1080BDE8 		pop	{r4, pc}
 380              		.cfi_endproc
 381              	.LFE211:
 382              		.size	chVTDoSetContinuousI, .-chVTDoSetContinuousI
 383              		.section	.text.chVTDoResetI,"ax",%progbits
 384              		.align	2
 385              		.p2align 4,,15
 386              		.global	chVTDoResetI
 387              		.syntax unified
 388              		.arm
 389              		.type	chVTDoResetI, %function
 390              	chVTDoResetI:
 391              	.LVL24:
 392              	.LFB212:
 393              		.loc 1 394 41 is_stmt 1 view -0
 394              		.cfi_startproc
 395              		@ args = 0, pretend = 0, frame = 0
 396              		@ frame_needed = 0, uses_anonymous_args = 0
 397              		.loc 1 395 3 view .LVU129
 398              		.loc 1 397 21 view .LVU130
 399              		.loc 1 398 3 view .LVU131
ARM GAS  /tmp/cclbV3PN.s 			page 8


 400              		.loc 1 398 3 view .LVU132
 401              		.loc 1 398 3 discriminator 5 view .LVU133
 402              		.loc 1 399 3 view .LVU134
 403              		.loc 1 399 3 view .LVU135
 404              		.loc 1 399 3 discriminator 5 view .LVU136
 405              		.loc 1 404 3 view .LVU137
 406              		.loc 1 412 21 is_stmt 0 view .LVU138
 407 0000 002000E3 		movw	r2, #:lower16:ch0
 408              	.LBB81:
 409              	.LBB82:
 410              		.loc 2 678 6 view .LVU139
 411 0004 081090E8 		ldm	r0, {r3, ip}
 412              	.LBE82:
 413              	.LBE81:
 414              		.loc 1 394 41 view .LVU140
 415 0008 30402DE9 		push	{r4, r5, lr}
 416              		.cfi_def_cfa_offset 12
 417              		.cfi_offset 4, -12
 418              		.cfi_offset 5, -8
 419              		.cfi_offset 14, -4
 420              		.loc 1 408 19 view .LVU141
 421 000c 0040A0E3 		mov	r4, #0
 422              		.loc 1 412 21 view .LVU142
 423 0010 00E0E0E3 		mvn	lr, #0
 424              		.loc 1 404 26 view .LVU143
 425 0014 081093E5 		ldr	r1, [r3, #8]
 426 0018 085090E5 		ldr	r5, [r0, #8]
 427              		.loc 1 412 21 view .LVU144
 428 001c 002040E3 		movt	r2, #:upper16:ch0
 429              		.loc 1 404 26 view .LVU145
 430 0020 051081E0 		add	r1, r1, r5
 431 0024 081083E5 		str	r1, [r3, #8]
 432              		.loc 1 407 3 is_stmt 1 view .LVU146
 433              	.LVL25:
 434              	.LBB84:
 435              	.LBI81:
 436              		.loc 2 676 32 view .LVU147
 437              	.LBB83:
 438              		.loc 2 678 3 view .LVU148
 439              		.loc 2 678 19 is_stmt 0 view .LVU149
 440 0028 00308CE5 		str	r3, [ip]
 441              		.loc 2 679 3 is_stmt 1 view .LVU150
 442              		.loc 2 679 19 is_stmt 0 view .LVU151
 443 002c 04C083E5 		str	ip, [r3, #4]
 444              		.loc 2 681 3 is_stmt 1 view .LVU152
 445              	.LVL26:
 446              		.loc 2 681 3 is_stmt 0 view .LVU153
 447              	.LBE83:
 448              	.LBE84:
 449              		.loc 1 408 3 is_stmt 1 view .LVU154
 450              		.loc 1 408 19 is_stmt 0 view .LVU155
 451 0030 004080E5 		str	r4, [r0]
 452              		.loc 1 412 3 is_stmt 1 view .LVU156
 453              		.loc 1 412 21 is_stmt 0 view .LVU157
 454 0034 18E082E5 		str	lr, [r2, #24]
 455              		.loc 1 469 1 view .LVU158
 456 0038 3080BDE8 		pop	{r4, r5, pc}
ARM GAS  /tmp/cclbV3PN.s 			page 9


 457              		.cfi_endproc
 458              	.LFE212:
 459              		.size	chVTDoResetI, .-chVTDoResetI
 460              		.section	.text.chVTGetRemainingIntervalI,"ax",%progbits
 461              		.align	2
 462              		.p2align 4,,15
 463              		.global	chVTGetRemainingIntervalI
 464              		.syntax unified
 465              		.arm
 466              		.type	chVTGetRemainingIntervalI, %function
 467              	chVTGetRemainingIntervalI:
 468              	.LVL27:
 469              	.LFB213:
 470              		.loc 1 480 63 is_stmt 1 view -0
 471              		.cfi_startproc
 472              		@ args = 0, pretend = 0, frame = 0
 473              		@ frame_needed = 0, uses_anonymous_args = 0
 474              		@ link register save eliminated.
 475              		.loc 1 481 3 view .LVU160
 476              		.loc 1 482 3 view .LVU161
 477              		.loc 1 483 3 view .LVU162
 478              		.loc 1 485 21 view .LVU163
 479              		.loc 1 487 3 view .LVU164
 480              		.loc 1 488 3 view .LVU165
 481              		.loc 1 488 7 is_stmt 0 view .LVU166
 482 0000 00C000E3 		movw	ip, #:lower16:ch0
 483 0004 00C040E3 		movt	ip, #:upper16:ch0
 484              		.loc 1 487 9 view .LVU167
 485 0008 0020A0E3 		mov	r2, #0
 486              		.loc 1 488 7 view .LVU168
 487 000c 1030BCE5 		ldr	r3, [ip, #16]!
 488              	.LVL28:
 489              		.loc 1 488 7 view .LVU169
 490 0010 020000EA 		b	.L18
 491              	.LVL29:
 492              	.L21:
 493              		.loc 1 503 9 view .LVU170
 494 0014 003093E5 		ldr	r3, [r3]
 495              	.LVL30:
 496              		.loc 1 504 16 is_stmt 1 view .LVU171
 497 0018 0C0053E1 		cmp	r3, ip
 498 001c 0500000A 		beq	.L20
 499              	.LVL31:
 500              	.L18:
 501              		.loc 1 489 3 view .LVU172
 502              		.loc 1 490 5 view .LVU173
 503              		.loc 1 503 5 view .LVU174
 504              		.loc 1 490 11 is_stmt 0 view .LVU175
 505 0020 081093E5 		ldr	r1, [r3, #8]
 506              		.loc 1 491 8 view .LVU176
 507 0024 030050E1 		cmp	r0, r3
 508              		.loc 1 490 11 view .LVU177
 509 0028 012082E0 		add	r2, r2, r1
 510              	.LVL32:
 511              		.loc 1 491 5 is_stmt 1 view .LVU178
 512              		.loc 1 491 8 is_stmt 0 view .LVU179
 513 002c F8FFFF1A 		bne	.L21
ARM GAS  /tmp/cclbV3PN.s 			page 10


 514              		.loc 1 509 1 view .LVU180
 515 0030 0200A0E1 		mov	r0, r2
 516              	.LVL33:
 517              		.loc 1 509 1 view .LVU181
 518 0034 1EFF2FE1 		bx	lr
 519              	.LVL34:
 520              	.L20:
 521              		.loc 1 508 10 view .LVU182
 522 0038 0020E0E3 		mvn	r2, #0
 523              	.LVL35:
 524              		.loc 1 509 1 view .LVU183
 525 003c 0200A0E1 		mov	r0, r2
 526              	.LVL36:
 527              		.loc 1 509 1 view .LVU184
 528 0040 1EFF2FE1 		bx	lr
 529              		.cfi_endproc
 530              	.LFE213:
 531              		.size	chVTGetRemainingIntervalI, .-chVTGetRemainingIntervalI
 532              		.section	.text.chVTDoTickI,"ax",%progbits
 533              		.align	2
 534              		.p2align 4,,15
 535              		.global	chVTDoTickI
 536              		.syntax unified
 537              		.arm
 538              		.type	chVTDoTickI, %function
 539              	chVTDoTickI:
 540              	.LFB214:
 541              		.loc 1 520 24 is_stmt 1 view -0
 542              		.cfi_startproc
 543              		@ args = 0, pretend = 0, frame = 0
 544              		@ frame_needed = 0, uses_anonymous_args = 0
 545              		.loc 1 521 3 view .LVU186
 546              	.LVL37:
 547              		.loc 1 523 21 view .LVU187
 548              		.loc 1 526 3 view .LVU188
 549              		.loc 1 520 24 is_stmt 0 view .LVU189
 550 0000 70402DE9 		push	{r4, r5, r6, lr}
 551              		.cfi_def_cfa_offset 16
 552              		.cfi_offset 4, -16
 553              		.cfi_offset 5, -12
 554              		.cfi_offset 6, -8
 555              		.cfi_offset 14, -4
 556              		.loc 1 526 7 view .LVU190
 557 0004 006000E3 		movw	r6, #:lower16:ch0
 558 0008 006040E3 		movt	r6, #:upper16:ch0
 559              	.LBB94:
 560              	.LBB95:
 561              		.loc 2 536 29 view .LVU191
 562 000c 0630A0E1 		mov	r3, r6
 563              	.LBE95:
 564              	.LBE94:
 565              		.loc 1 526 7 view .LVU192
 566 0010 1C2096E5 		ldr	r2, [r6, #28]
 567              	.LBB98:
 568              	.LBB96:
 569              		.loc 2 536 29 view .LVU193
 570 0014 1040B3E5 		ldr	r4, [r3, #16]!
ARM GAS  /tmp/cclbV3PN.s 			page 11


 571              	.LBE96:
 572              	.LBE98:
 573              		.loc 1 526 16 view .LVU194
 574 0018 012082E2 		add	r2, r2, #1
 575              		.loc 1 527 6 discriminator 1 view .LVU195
 576 001c 030054E1 		cmp	r4, r3
 577              		.loc 1 526 16 view .LVU196
 578 0020 1C2086E5 		str	r2, [r6, #28]
 579              		.loc 1 527 3 is_stmt 1 view .LVU197
 580              	.LVL38:
 581              	.LBB99:
 582              	.LBI94:
 583              		.loc 2 534 20 view .LVU198
 584              	.LBB97:
 585              		.loc 2 536 3 view .LVU199
 586              		.loc 2 536 3 is_stmt 0 view .LVU200
 587              	.LBE97:
 588              	.LBE99:
 589              		.loc 1 527 6 discriminator 1 view .LVU201
 590 0024 7080BD08 		popeq	{r4, r5, r6, pc}
 591              		.loc 1 529 5 is_stmt 1 view .LVU202
 592 0028 083094E5 		ldr	r3, [r4, #8]
 593 002c 013043E2 		sub	r3, r3, #1
 594 0030 083084E5 		str	r3, [r4, #8]
 595              		.loc 1 530 5 view .LVU203
 596              		.loc 1 530 11 is_stmt 0 view .LVU204
 597 0034 010000EA 		b	.L26
 598              	.LVL39:
 599              	.L33:
 600              	.LBB100:
 601              	.LBB101:
 602              	.LBB102:
 603              		.loc 2 623 7 view .LVU205
 604 0038 104096E5 		ldr	r4, [r6, #16]
 605              		.loc 2 624 10 view .LVU206
 606 003c 083094E5 		ldr	r3, [r4, #8]
 607              	.LVL40:
 608              	.L26:
 609              		.loc 2 624 10 view .LVU207
 610              	.LBE102:
 611              	.LBE101:
 612              	.LBE100:
 613              		.loc 1 530 36 is_stmt 1 view .LVU208
 614 0040 000053E3 		cmp	r3, #0
 615 0044 7080BD18 		popne	{r4, r5, r6, pc}
 616              	.L34:
 617              	.LBB117:
 618              		.loc 1 531 7 view .LVU209
 619              		.loc 1 534 7 view .LVU210
 620              	.LVL41:
 621              		.loc 1 537 7 view .LVU211
 622              	.LBB109:
 623              	.LBI109:
 624              		.loc 2 676 32 view .LVU212
 625              	.LBB110:
 626              		.loc 2 678 3 view .LVU213
 627              		.loc 2 678 6 is_stmt 0 view .LVU214
ARM GAS  /tmp/cclbV3PN.s 			page 12


 628 0048 041094E8 		ldm	r4, {r2, ip}
 629              	.LBE110:
 630              	.LBE109:
 631              		.loc 1 541 7 view .LVU215
 632 004c 0C5094E5 		ldr	r5, [r4, #12]
 633 0050 101094E5 		ldr	r1, [r4, #16]
 634              	.LBB113:
 635              	.LBB111:
 636              		.loc 2 678 19 view .LVU216
 637 0054 00208CE5 		str	r2, [ip]
 638              	.LVL42:
 639              		.loc 2 679 3 is_stmt 1 view .LVU217
 640              	.LBE111:
 641              	.LBE113:
 642              		.loc 1 541 7 is_stmt 0 view .LVU218
 643 0058 0400A0E1 		mov	r0, r4
 644              	.LBB114:
 645              	.LBB112:
 646              		.loc 2 679 19 view .LVU219
 647 005c 04C082E5 		str	ip, [r2, #4]
 648              		.loc 2 681 3 is_stmt 1 view .LVU220
 649              	.LVL43:
 650              		.loc 2 681 3 is_stmt 0 view .LVU221
 651              	.LBE112:
 652              	.LBE114:
 653              		.loc 1 538 7 is_stmt 1 view .LVU222
 654              		.loc 1 538 23 is_stmt 0 view .LVU223
 655 0060 003084E5 		str	r3, [r4]
 656              		.loc 1 540 7 is_stmt 1 view .LVU224
 657              		.loc 1 541 7 view .LVU225
 658 0064 35FF2FE1 		blx	r5
 659              	.LVL44:
 660              		.loc 1 542 7 view .LVU226
 661              		.loc 1 545 7 view .LVU227
 662              		.loc 1 545 14 is_stmt 0 view .LVU228
 663 0068 143094E5 		ldr	r3, [r4, #20]
 664              		.loc 1 545 10 view .LVU229
 665 006c 000053E3 		cmp	r3, #0
 666 0070 F0FFFF0A 		beq	.L33
 667              		.loc 1 546 9 is_stmt 1 view .LVU230
 668              	.LVL45:
 669              	.LBB115:
 670              	.LBI101:
 671              		.loc 2 616 20 view .LVU231
 672              	.LBB107:
 673              		.loc 2 619 3 view .LVU232
 674              		.loc 2 623 3 view .LVU233
 675              		.loc 2 623 7 is_stmt 0 view .LVU234
 676 0074 102096E5 		ldr	r2, [r6, #16]
 677              	.LVL46:
 678              		.loc 2 624 3 is_stmt 1 view .LVU235
 679              		.loc 2 624 10 view .LVU236
 680 0078 081092E5 		ldr	r1, [r2, #8]
 681              		.loc 2 624 10 is_stmt 0 discriminator 1 view .LVU237
 682 007c 010053E1 		cmp	r3, r1
 683 0080 0400009A 		bls	.L27
 684              	.L28:
ARM GAS  /tmp/cclbV3PN.s 			page 13


 685              		.loc 2 626 5 is_stmt 1 view .LVU238
 686              		.loc 2 626 5 view .LVU239
 687              		.loc 2 626 5 discriminator 5 view .LVU240
 688              		.loc 2 628 5 view .LVU241
 689              		.loc 2 629 9 is_stmt 0 view .LVU242
 690 0084 002092E5 		ldr	r2, [r2]
 691              	.LVL47:
 692              		.loc 2 628 11 view .LVU243
 693 0088 013043E0 		sub	r3, r3, r1
 694              	.LVL48:
 695              		.loc 2 629 5 is_stmt 1 view .LVU244
 696              		.loc 2 624 10 view .LVU245
 697 008c 081092E5 		ldr	r1, [r2, #8]
 698              		.loc 2 624 10 is_stmt 0 discriminator 1 view .LVU246
 699 0090 030051E1 		cmp	r1, r3
 700 0094 FAFFFF3A 		bcc	.L28
 701              	.L27:
 702              		.loc 2 633 3 is_stmt 1 view .LVU247
 703              	.LVL49:
 704              	.LBB103:
 705              	.LBI103:
 706              		.loc 2 596 20 view .LVU248
 707              	.LBB104:
 708              		.loc 2 600 3 view .LVU249
 709              		.loc 2 602 30 is_stmt 0 view .LVU250
 710 0098 041092E5 		ldr	r1, [r2, #4]
 711              		.loc 2 600 19 view .LVU251
 712 009c 083084E5 		str	r3, [r4, #8]
 713              		.loc 2 601 3 is_stmt 1 view .LVU252
 714              		.loc 2 602 19 is_stmt 0 view .LVU253
 715 00a0 041084E5 		str	r1, [r4, #4]
 716              		.loc 2 601 19 view .LVU254
 717 00a4 002084E5 		str	r2, [r4]
 718              		.loc 2 602 3 is_stmt 1 view .LVU255
 719              		.loc 2 603 3 view .LVU256
 720              		.loc 2 603 19 is_stmt 0 view .LVU257
 721 00a8 004081E5 		str	r4, [r1]
 722              		.loc 2 604 3 is_stmt 1 view .LVU258
 723              	.LBE104:
 724              	.LBE103:
 725              		.loc 2 636 14 is_stmt 0 view .LVU259
 726 00ac 081092E5 		ldr	r1, [r2, #8]
 727              	.LBB106:
 728              	.LBB105:
 729              		.loc 2 604 19 view .LVU260
 730 00b0 044082E5 		str	r4, [r2, #4]
 731              	.LVL50:
 732              		.loc 2 604 19 view .LVU261
 733              	.LBE105:
 734              	.LBE106:
 735              		.loc 2 636 3 is_stmt 1 view .LVU262
 736              		.loc 2 636 14 is_stmt 0 view .LVU263
 737 00b4 033041E0 		sub	r3, r1, r3
 738              	.LVL51:
 739              		.loc 2 641 15 view .LVU264
 740 00b8 0010E0E3 		mvn	r1, #0
 741              	.LBE107:
ARM GAS  /tmp/cclbV3PN.s 			page 14


 742              	.LBE115:
 743              	.LBE117:
 744              		.loc 1 530 23 view .LVU265
 745 00bc 104096E5 		ldr	r4, [r6, #16]
 746              	.LVL52:
 747              	.LBB118:
 748              	.LBB116:
 749              	.LBB108:
 750              		.loc 2 636 14 view .LVU266
 751 00c0 083082E5 		str	r3, [r2, #8]
 752              	.LVL53:
 753              		.loc 2 641 3 is_stmt 1 view .LVU267
 754              		.loc 2 641 15 is_stmt 0 view .LVU268
 755 00c4 181086E5 		str	r1, [r6, #24]
 756              	.LVL54:
 757              		.loc 2 641 15 view .LVU269
 758              	.LBE108:
 759              	.LBE116:
 760              	.LBE118:
 761              		.loc 1 530 28 view .LVU270
 762 00c8 083094E5 		ldr	r3, [r4, #8]
 763              		.loc 1 530 36 is_stmt 1 view .LVU271
 764              	.LVL55:
 765              		.loc 1 530 36 is_stmt 0 view .LVU272
 766 00cc 000053E3 		cmp	r3, #0
 767 00d0 DCFFFF0A 		beq	.L34
 768 00d4 7080BDE8 		pop	{r4, r5, r6, pc}
 769              		.cfi_endproc
 770              	.LFE214:
 771              		.size	chVTDoTickI, .-chVTDoTickI
 772              		.section	.text.chVTGetTimeStampI,"ax",%progbits
 773              		.align	2
 774              		.p2align 4,,15
 775              		.global	chVTGetTimeStampI
 776              		.syntax unified
 777              		.arm
 778              		.type	chVTGetTimeStampI, %function
 779              	chVTGetTimeStampI:
 780              	.LFB215:
 781              		.loc 1 682 40 is_stmt 1 view -0
 782              		.cfi_startproc
 783              		@ args = 0, pretend = 0, frame = 0
 784              		@ frame_needed = 0, uses_anonymous_args = 0
 785              		@ link register save eliminated.
 786              		.loc 1 683 3 view .LVU274
 787              	.LVL56:
 788              		.loc 1 684 3 view .LVU275
 789              		.loc 1 685 3 view .LVU276
 790              		.loc 1 687 21 view .LVU277
 791              		.loc 1 690 3 view .LVU278
 792              	.LBB119:
 793              	.LBI119:
 794              		.file 3 "../../../os/rt/include/chvt.h"
 795              		.loc 3 134 25 view .LVU279
 796              	.LBB120:
 797              		.loc 3 137 3 view .LVU280
 798              		.loc 3 137 26 is_stmt 0 view .LVU281
ARM GAS  /tmp/cclbV3PN.s 			page 15


 799 0000 003000E3 		movw	r3, #:lower16:ch0
 800 0004 003040E3 		movt	r3, #:upper16:ch0
 801              	.LBE120:
 802              	.LBE119:
 803              		.loc 1 682 40 view .LVU282
 804 0008 30002DE9 		push	{r4, r5}
 805              		.cfi_def_cfa_offset 8
 806              		.cfi_offset 4, -8
 807              		.cfi_offset 5, -4
 808              	.LBB122:
 809              	.LBB121:
 810              		.loc 3 137 26 view .LVU283
 811 000c 1C2093E5 		ldr	r2, [r3, #28]
 812              	.LVL57:
 813              		.loc 3 137 26 view .LVU284
 814              	.LBE121:
 815              	.LBE122:
 816              		.loc 1 693 3 is_stmt 1 view .LVU285
 817              		.loc 1 693 8 is_stmt 0 view .LVU286
 818 0010 D042C3E1 		ldrd	r4, [r3, #32]
 819              	.LVL58:
 820              		.loc 1 698 3 is_stmt 1 view .LVU287
 821              	.LBB123:
 822              	.LBI123:
 823              		.file 4 "../../../os/rt/include/chtime.h"
 824              		.loc 4 460 29 view .LVU288
 825              	.LBB124:
 826              		.loc 4 464 3 view .LVU289
 827              		.loc 4 464 10 is_stmt 0 view .LVU290
 828 0014 042042E0 		sub	r2, r2, r4
 829              	.LVL59:
 830              		.loc 4 464 10 view .LVU291
 831              	.LBE124:
 832              	.LBE123:
 833              		.loc 1 698 9 discriminator 1 view .LVU292
 834 0018 040092E0 		adds	r0, r2, r4
 835 001c 0010A5E2 		adc	r1, r5, #0
 836              	.LVL60:
 837              		.loc 1 700 3 is_stmt 1 view .LVU293
 838              		.loc 1 700 3 view .LVU294
 839              		.loc 1 700 3 discriminator 5 view .LVU295
 840              		.loc 1 703 3 view .LVU296
 841              		.loc 1 706 1 is_stmt 0 view .LVU297
 842 0020 3000BDE8 		pop	{r4, r5}
 843              		.cfi_restore 5
 844              		.cfi_restore 4
 845              		.cfi_def_cfa_offset 0
 846              	.LVL61:
 847              		.loc 1 703 25 view .LVU298
 848 0024 F002C3E1 		strd	r0, [r3, #32]
 849              		.loc 1 705 3 is_stmt 1 view .LVU299
 850              		.loc 1 706 1 is_stmt 0 view .LVU300
 851 0028 1EFF2FE1 		bx	lr
 852              		.cfi_endproc
 853              	.LFE215:
 854              		.size	chVTGetTimeStampI, .-chVTGetTimeStampI
 855              		.section	.text.chVTResetTimeStampI,"ax",%progbits
ARM GAS  /tmp/cclbV3PN.s 			page 16


 856              		.align	2
 857              		.p2align 4,,15
 858              		.global	chVTResetTimeStampI
 859              		.syntax unified
 860              		.arm
 861              		.type	chVTResetTimeStampI, %function
 862              	chVTResetTimeStampI:
 863              	.LFB216:
 864              		.loc 1 713 32 is_stmt 1 view -0
 865              		.cfi_startproc
 866              		@ args = 0, pretend = 0, frame = 0
 867              		@ frame_needed = 0, uses_anonymous_args = 0
 868              		@ link register save eliminated.
 869              		.loc 1 715 21 view .LVU302
 870              		.loc 1 717 3 view .LVU303
 871              	.LBB125:
 872              	.LBI125:
 873              		.loc 3 134 25 view .LVU304
 874              	.LBB126:
 875              		.loc 3 137 3 view .LVU305
 876              		.loc 3 137 26 is_stmt 0 view .LVU306
 877 0000 003000E3 		movw	r3, #:lower16:ch0
 878 0004 003040E3 		movt	r3, #:upper16:ch0
 879 0008 1C2093E5 		ldr	r2, [r3, #28]
 880              	.LBE126:
 881              	.LBE125:
 882              		.loc 1 717 32 discriminator 1 view .LVU307
 883 000c 0010A0E3 		mov	r1, #0
 884 0010 0200A0E1 		mov	r0, r2
 885              		.loc 1 717 30 discriminator 1 view .LVU308
 886 0014 F002C3E1 		strd	r0, [r3, #32]
 887              		.loc 1 718 1 view .LVU309
 888 0018 1EFF2FE1 		bx	lr
 889              		.cfi_endproc
 890              	.LFE216:
 891              		.size	chVTResetTimeStampI, .-chVTResetTimeStampI
 892              		.text
 893              	.Letext0:
 894              		.file 5 "/home/emirhan/Documents/gemstone/chibiOS-port/tools/arm-gnu-toolchain-13.3.rel1-x86_64-ar
 895              		.file 6 "/home/emirhan/Documents/gemstone/chibiOS-port/tools/arm-gnu-toolchain-13.3.rel1-x86_64-ar
 896              		.file 7 "../../../os/common/ports/ARM-common/include/chtypes.h"
 897              		.file 8 "../../../os/rt/include/chearly.h"
 898              		.file 9 "../../../os/rt/include/chobjects.h"
 899              		.file 10 "../../../os/rt/include/chrfcu.h"
 900              		.file 11 "../../../os/rt/include/chdebug.h"
 901              		.file 12 "../../../os/common/ports/ARMv7-R/chcore.h"
 902              		.file 13 "../../../os/rt/include/chsem.h"
 903              		.file 14 "../../../os/rt/include/chmtx.h"
 904              		.file 15 "../../../os/rt/include/chsys.h"
 905              		.section	.debug_info,"",%progbits
 906              	.Ldebug_info0:
 907 0000 480F0000 		.4byte	0xf48
 908 0004 0500     		.2byte	0x5
 909 0006 01       		.byte	0x1
 910 0007 04       		.byte	0x4
 911 0008 00000000 		.4byte	.Ldebug_abbrev0
 912 000c 2A       		.uleb128 0x2a
ARM GAS  /tmp/cclbV3PN.s 			page 17


 913 000d 54040000 		.4byte	.LASF147
 914 0011 1D       		.byte	0x1d
 915 0012 E6020000 		.4byte	.LASF148
 916 0016 9C060000 		.4byte	.LASF149
 917 001a AE000000 		.4byte	.LLRL50
 918 001e 00000000 		.4byte	0
 919 0022 00000000 		.4byte	.Ldebug_line0
 920 0026 07       		.uleb128 0x7
 921 0027 08       		.byte	0x8
 922 0028 07       		.byte	0x7
 923 0029 A1010000 		.4byte	.LASF0
 924 002d 07       		.uleb128 0x7
 925 002e 04       		.byte	0x4
 926 002f 07       		.byte	0x7
 927 0030 64000000 		.4byte	.LASF1
 928 0034 2B       		.uleb128 0x2b
 929 0035 04       		.byte	0x4
 930 0036 05       		.byte	0x5
 931 0037 696E7400 		.ascii	"int\000"
 932 003b 07       		.uleb128 0x7
 933 003c 08       		.byte	0x8
 934 003d 05       		.byte	0x5
 935 003e 39030000 		.4byte	.LASF2
 936 0042 07       		.uleb128 0x7
 937 0043 08       		.byte	0x8
 938 0044 04       		.byte	0x4
 939 0045 01040000 		.4byte	.LASF3
 940 0049 07       		.uleb128 0x7
 941 004a 01       		.byte	0x1
 942 004b 06       		.byte	0x6
 943 004c 3F070000 		.4byte	.LASF4
 944 0050 01       		.uleb128 0x1
 945 0051 C3050000 		.4byte	.LASF8
 946 0055 05       		.byte	0x5
 947 0056 2B       		.byte	0x2b
 948 0057 18       		.byte	0x18
 949 0058 5C000000 		.4byte	0x5c
 950 005c 07       		.uleb128 0x7
 951 005d 01       		.byte	0x1
 952 005e 08       		.byte	0x8
 953 005f 65060000 		.4byte	.LASF5
 954 0063 07       		.uleb128 0x7
 955 0064 02       		.byte	0x2
 956 0065 05       		.byte	0x5
 957 0066 35040000 		.4byte	.LASF6
 958 006a 07       		.uleb128 0x7
 959 006b 02       		.byte	0x2
 960 006c 07       		.byte	0x7
 961 006d 51070000 		.4byte	.LASF7
 962 0071 01       		.uleb128 0x1
 963 0072 A2000000 		.4byte	.LASF9
 964 0076 05       		.byte	0x5
 965 0077 4D       		.byte	0x4d
 966 0078 18       		.byte	0x18
 967 0079 7D000000 		.4byte	0x7d
 968 007d 07       		.uleb128 0x7
 969 007e 04       		.byte	0x4
ARM GAS  /tmp/cclbV3PN.s 			page 18


 970 007f 05       		.byte	0x5
 971 0080 3F040000 		.4byte	.LASF10
 972 0084 01       		.uleb128 0x1
 973 0085 73060000 		.4byte	.LASF11
 974 0089 05       		.byte	0x5
 975 008a 4F       		.byte	0x4f
 976 008b 19       		.byte	0x19
 977 008c 90000000 		.4byte	0x90
 978 0090 07       		.uleb128 0x7
 979 0091 04       		.byte	0x4
 980 0092 07       		.byte	0x7
 981 0093 F2050000 		.4byte	.LASF12
 982 0097 01       		.uleb128 0x1
 983 0098 69020000 		.4byte	.LASF13
 984 009c 05       		.byte	0x5
 985 009d 69       		.byte	0x69
 986 009e 19       		.byte	0x19
 987 009f 26000000 		.4byte	0x26
 988 00a3 2C       		.uleb128 0x2c
 989 00a4 04       		.byte	0x4
 990 00a5 07       		.uleb128 0x7
 991 00a6 01       		.byte	0x1
 992 00a7 08       		.byte	0x8
 993 00a8 8D020000 		.4byte	.LASF14
 994 00ac 0A       		.uleb128 0xa
 995 00ad A5000000 		.4byte	0xa5
 996 00b1 05       		.uleb128 0x5
 997 00b2 AC000000 		.4byte	0xac
 998 00b6 1A       		.uleb128 0x1a
 999 00b7 B1000000 		.4byte	0xb1
 1000 00bb 01       		.uleb128 0x1
 1001 00bc DE020000 		.4byte	.LASF15
 1002 00c0 06       		.byte	0x6
 1003 00c1 18       		.byte	0x18
 1004 00c2 13       		.byte	0x13
 1005 00c3 50000000 		.4byte	0x50
 1006 00c7 01       		.uleb128 0x1
 1007 00c8 17060000 		.4byte	.LASF16
 1008 00cc 06       		.byte	0x6
 1009 00cd 2C       		.byte	0x2c
 1010 00ce 13       		.byte	0x13
 1011 00cf 71000000 		.4byte	0x71
 1012 00d3 01       		.uleb128 0x1
 1013 00d4 43010000 		.4byte	.LASF17
 1014 00d8 06       		.byte	0x6
 1015 00d9 30       		.byte	0x30
 1016 00da 14       		.byte	0x14
 1017 00db 84000000 		.4byte	0x84
 1018 00df 01       		.uleb128 0x1
 1019 00e0 8B050000 		.4byte	.LASF18
 1020 00e4 06       		.byte	0x6
 1021 00e5 3C       		.byte	0x3c
 1022 00e6 14       		.byte	0x14
 1023 00e7 97000000 		.4byte	0x97
 1024 00eb 1A       		.uleb128 0x1a
 1025 00ec DF000000 		.4byte	0xdf
 1026 00f0 01       		.uleb128 0x1
ARM GAS  /tmp/cclbV3PN.s 			page 19


 1027 00f1 20000000 		.4byte	.LASF19
 1028 00f5 07       		.byte	0x7
 1029 00f6 47       		.byte	0x47
 1030 00f7 1D       		.byte	0x1d
 1031 00f8 DF000000 		.4byte	0xdf
 1032 00fc 01       		.uleb128 0x1
 1033 00fd C5010000 		.4byte	.LASF20
 1034 0101 08       		.byte	0x8
 1035 0102 4F       		.byte	0x4f
 1036 0103 19       		.byte	0x19
 1037 0104 F0000000 		.4byte	0xf0
 1038 0108 01       		.uleb128 0x1
 1039 0109 E6030000 		.4byte	.LASF21
 1040 010d 08       		.byte	0x8
 1041 010e 52       		.byte	0x52
 1042 010f 19       		.byte	0x19
 1043 0110 BB000000 		.4byte	0xbb
 1044 0114 01       		.uleb128 0x1
 1045 0115 CE020000 		.4byte	.LASF22
 1046 0119 08       		.byte	0x8
 1047 011a 53       		.byte	0x53
 1048 011b 19       		.byte	0x19
 1049 011c BB000000 		.4byte	0xbb
 1050 0120 01       		.uleb128 0x1
 1051 0121 EA050000 		.4byte	.LASF23
 1052 0125 08       		.byte	0x8
 1053 0126 54       		.byte	0x54
 1054 0127 19       		.byte	0x19
 1055 0128 BB000000 		.4byte	0xbb
 1056 012c 01       		.uleb128 0x1
 1057 012d 6D010000 		.4byte	.LASF24
 1058 0131 08       		.byte	0x8
 1059 0132 56       		.byte	0x56
 1060 0133 19       		.byte	0x19
 1061 0134 D3000000 		.4byte	0xd3
 1062 0138 01       		.uleb128 0x1
 1063 0139 56030000 		.4byte	.LASF25
 1064 013d 08       		.byte	0x8
 1065 013e 57       		.byte	0x57
 1066 013f 19       		.byte	0x19
 1067 0140 C7000000 		.4byte	0xc7
 1068 0144 01       		.uleb128 0x1
 1069 0145 54010000 		.4byte	.LASF26
 1070 0149 08       		.byte	0x8
 1071 014a 59       		.byte	0x59
 1072 014b 19       		.byte	0x19
 1073 014c D3000000 		.4byte	0xd3
 1074 0150 01       		.uleb128 0x1
 1075 0151 BF010000 		.4byte	.LASF27
 1076 0155 08       		.byte	0x8
 1077 0156 5B       		.byte	0x5b
 1078 0157 19       		.byte	0x19
 1079 0158 C7000000 		.4byte	0xc7
 1080 015c 01       		.uleb128 0x1
 1081 015d A1070000 		.4byte	.LASF28
 1082 0161 08       		.byte	0x8
 1083 0162 7F       		.byte	0x7f
ARM GAS  /tmp/cclbV3PN.s 			page 20


 1084 0163 12       		.byte	0x12
 1085 0164 2D000000 		.4byte	0x2d
 1086 0168 01       		.uleb128 0x1
 1087 0169 F9010000 		.4byte	.LASF29
 1088 016d 08       		.byte	0x8
 1089 016e 84       		.byte	0x84
 1090 016f 1A       		.byte	0x1a
 1091 0170 74010000 		.4byte	0x174
 1092 0174 08       		.uleb128 0x8
 1093 0175 09030000 		.4byte	.LASF47
 1094 0179 54       		.byte	0x54
 1095 017a 09       		.byte	0x9
 1096 017b A6       		.byte	0xa6
 1097 017c 08       		.byte	0x8
 1098 017d 7E020000 		.4byte	0x27e
 1099 0181 17       		.uleb128 0x17
 1100 0182 68647200 		.ascii	"hdr\000"
 1101 0186 09       		.byte	0x9
 1102 0187 B7       		.byte	0xb7
 1103 0188 05       		.byte	0x5
 1104 0189 65060000 		.4byte	0x665
 1105 018d 00       		.byte	0
 1106 018e 17       		.uleb128 0x17
 1107 018f 63747800 		.ascii	"ctx\000"
 1108 0193 09       		.byte	0x9
 1109 0194 BB       		.byte	0xbb
 1110 0195 21       		.byte	0x21
 1111 0196 4A040000 		.4byte	0x44a
 1112 019a 0C       		.byte	0xc
 1113 019b 02       		.uleb128 0x2
 1114 019c CF010000 		.4byte	.LASF30
 1115 01a0 09       		.byte	0x9
 1116 01a1 BF       		.byte	0xbf
 1117 01a2 22       		.byte	0x22
 1118 01a3 53070000 		.4byte	0x753
 1119 01a7 10       		.byte	0x10
 1120 01a8 02       		.uleb128 0x2
 1121 01a9 C7020000 		.4byte	.LASF31
 1122 01ad 09       		.byte	0x9
 1123 01ae C5       		.byte	0xc5
 1124 01af 22       		.byte	0x22
 1125 01b0 58070000 		.4byte	0x758
 1126 01b4 14       		.byte	0x14
 1127 01b5 02       		.uleb128 0x2
 1128 01b6 5E050000 		.4byte	.LASF32
 1129 01ba 09       		.byte	0x9
 1130 01bb CA       		.byte	0xca
 1131 01bc 21       		.byte	0x21
 1132 01bd 58070000 		.4byte	0x758
 1133 01c1 18       		.byte	0x18
 1134 01c2 02       		.uleb128 0x2
 1135 01c3 12070000 		.4byte	.LASF33
 1136 01c7 09       		.byte	0x9
 1137 01c8 CE       		.byte	0xce
 1138 01c9 21       		.byte	0x21
 1139 01ca 14010000 		.4byte	0x114
 1140 01ce 1C       		.byte	0x1c
ARM GAS  /tmp/cclbV3PN.s 			page 21


 1141 01cf 02       		.uleb128 0x2
 1142 01d0 3B000000 		.4byte	.LASF34
 1143 01d4 09       		.byte	0x9
 1144 01d5 D2       		.byte	0xd2
 1145 01d6 21       		.byte	0x21
 1146 01d7 08010000 		.4byte	0x108
 1147 01db 1D       		.byte	0x1d
 1148 01dc 02       		.uleb128 0x2
 1149 01dd AC000000 		.4byte	.LASF35
 1150 01e1 09       		.byte	0x9
 1151 01e2 D7       		.byte	0xd7
 1152 01e3 21       		.byte	0x21
 1153 01e4 20010000 		.4byte	0x120
 1154 01e8 1E       		.byte	0x1e
 1155 01e9 02       		.uleb128 0x2
 1156 01ea CD050000 		.4byte	.LASF36
 1157 01ee 09       		.byte	0x9
 1158 01ef DB       		.byte	0xdb
 1159 01f0 22       		.byte	0x22
 1160 01f1 B1000000 		.4byte	0xb1
 1161 01f5 20       		.byte	0x20
 1162 01f6 02       		.uleb128 0x2
 1163 01f7 D7020000 		.4byte	.LASF37
 1164 01fb 09       		.byte	0x9
 1165 01fc DF       		.byte	0xdf
 1166 01fd 21       		.byte	0x21
 1167 01fe 97040000 		.4byte	0x497
 1168 0202 24       		.byte	0x24
 1169 0203 02       		.uleb128 0x2
 1170 0204 18000000 		.4byte	.LASF38
 1171 0208 09       		.byte	0x9
 1172 0209 E5       		.byte	0xe5
 1173 020a 21       		.byte	0x21
 1174 020b 49060000 		.4byte	0x649
 1175 020f 2C       		.byte	0x2c
 1176 0210 02       		.uleb128 0x2
 1177 0211 42020000 		.4byte	.LASF39
 1178 0215 09       		.byte	0x9
 1179 0216 EB       		.byte	0xeb
 1180 0217 22       		.byte	0x22
 1181 0218 A3000000 		.4byte	0xa3
 1182 021c 30       		.byte	0x30
 1183 021d 06       		.uleb128 0x6
 1184 021e 7500     		.ascii	"u\000"
 1185 0220 09       		.byte	0x9
 1186 0221 3601     		.2byte	0x136
 1187 0223 21       		.byte	0x21
 1188 0224 8B060000 		.4byte	0x68b
 1189 0228 34       		.byte	0x34
 1190 0229 03       		.uleb128 0x3
 1191 022a 7E060000 		.4byte	.LASF40
 1192 022e 09       		.byte	0x9
 1193 022f 3B01     		.2byte	0x13b
 1194 0231 21       		.byte	0x21
 1195 0232 6B040000 		.4byte	0x46b
 1196 0236 38       		.byte	0x38
 1197 0237 03       		.uleb128 0x3
ARM GAS  /tmp/cclbV3PN.s 			page 22


 1198 0238 00030000 		.4byte	.LASF41
 1199 023c 09       		.byte	0x9
 1200 023d 4101     		.2byte	0x141
 1201 023f 21       		.byte	0x21
 1202 0240 97040000 		.4byte	0x497
 1203 0244 3C       		.byte	0x3c
 1204 0245 03       		.uleb128 0x3
 1205 0246 4C010000 		.4byte	.LASF42
 1206 024a 09       		.byte	0x9
 1207 024b 5301     		.2byte	0x153
 1208 024d 21       		.byte	0x21
 1209 024e 38010000 		.4byte	0x138
 1210 0252 44       		.byte	0x44
 1211 0253 03       		.uleb128 0x3
 1212 0254 5B000000 		.4byte	.LASF43
 1213 0258 09       		.byte	0x9
 1214 0259 5901     		.2byte	0x159
 1215 025b 21       		.byte	0x21
 1216 025c 44010000 		.4byte	0x144
 1217 0260 48       		.byte	0x48
 1218 0261 03       		.uleb128 0x3
 1219 0262 D5010000 		.4byte	.LASF44
 1220 0266 09       		.byte	0x9
 1221 0267 6001     		.2byte	0x160
 1222 0269 22       		.byte	0x22
 1223 026a 4E070000 		.4byte	0x74e
 1224 026e 4C       		.byte	0x4c
 1225 026f 03       		.uleb128 0x3
 1226 0270 4B000000 		.4byte	.LASF45
 1227 0274 09       		.byte	0x9
 1228 0275 6401     		.2byte	0x164
 1229 0277 21       		.byte	0x21
 1230 0278 2C010000 		.4byte	0x12c
 1231 027c 50       		.byte	0x50
 1232 027d 00       		.byte	0
 1233 027e 01       		.uleb128 0x1
 1234 027f 18070000 		.4byte	.LASF46
 1235 0283 08       		.byte	0x8
 1236 0284 89       		.byte	0x89
 1237 0285 1F       		.byte	0x1f
 1238 0286 8A020000 		.4byte	0x28a
 1239 028a 12       		.uleb128 0x12
 1240 028b 79020000 		.4byte	.LASF48
 1241 028f E8       		.byte	0xe8
 1242 0290 09       		.byte	0x9
 1243 0291 A001     		.2byte	0x1a0
 1244 0293 08       		.byte	0x8
 1245 0294 17030000 		.4byte	0x317
 1246 0298 03       		.uleb128 0x3
 1247 0299 94050000 		.4byte	.LASF49
 1248 029d 09       		.byte	0x9
 1249 029e A401     		.2byte	0x1a4
 1250 02a0 21       		.byte	0x21
 1251 02a1 88070000 		.4byte	0x788
 1252 02a5 00       		.byte	0
 1253 02a6 03       		.uleb128 0x3
 1254 02a7 B8000000 		.4byte	.LASF50
ARM GAS  /tmp/cclbV3PN.s 			page 23


 1255 02ab 09       		.byte	0x9
 1256 02ac A801     		.2byte	0x1a8
 1257 02ae 21       		.byte	0x21
 1258 02af 05060000 		.4byte	0x605
 1259 02b3 10       		.byte	0x10
 1260 02b4 03       		.uleb128 0x3
 1261 02b5 31070000 		.4byte	.LASF51
 1262 02b9 09       		.byte	0x9
 1263 02ba AF01     		.2byte	0x1af
 1264 02bc 21       		.byte	0x21
 1265 02bd 2C060000 		.4byte	0x62c
 1266 02c1 28       		.byte	0x28
 1267 02c2 03       		.uleb128 0x3
 1268 02c3 90000000 		.4byte	.LASF52
 1269 02c7 09       		.byte	0x9
 1270 02c8 B401     		.2byte	0x1b4
 1271 02ca 21       		.byte	0x21
 1272 02cb 5C010000 		.4byte	0x15c
 1273 02cf 30       		.byte	0x30
 1274 02d0 03       		.uleb128 0x3
 1275 02d1 F4010000 		.4byte	.LASF53
 1276 02d5 09       		.byte	0x9
 1277 02d6 BA01     		.2byte	0x1ba
 1278 02d8 21       		.byte	0x21
 1279 02d9 3E030000 		.4byte	0x33e
 1280 02dd 34       		.byte	0x34
 1281 02de 03       		.uleb128 0x3
 1282 02df 2E040000 		.4byte	.LASF54
 1283 02e3 09       		.byte	0x9
 1284 02e4 BF01     		.2byte	0x1bf
 1285 02e6 22       		.byte	0x22
 1286 02e7 F8070000 		.4byte	0x7f8
 1287 02eb 38       		.byte	0x38
 1288 02ec 03       		.uleb128 0x3
 1289 02ed F6030000 		.4byte	.LASF55
 1290 02f1 09       		.byte	0x9
 1291 02f2 C301     		.2byte	0x1c3
 1292 02f4 21       		.byte	0x21
 1293 02f5 68010000 		.4byte	0x168
 1294 02f9 3C       		.byte	0x3c
 1295 02fa 03       		.uleb128 0x3
 1296 02fb 07070000 		.4byte	.LASF56
 1297 02ff 09       		.byte	0x9
 1298 0300 C801     		.2byte	0x1c8
 1299 0302 21       		.byte	0x21
 1300 0303 68010000 		.4byte	0x168
 1301 0307 90       		.byte	0x90
 1302 0308 06       		.uleb128 0x6
 1303 0309 64626700 		.ascii	"dbg\000"
 1304 030d 09       		.byte	0x9
 1305 030e CD01     		.2byte	0x1cd
 1306 0310 21       		.byte	0x21
 1307 0311 65030000 		.4byte	0x365
 1308 0315 E4       		.byte	0xe4
 1309 0316 00       		.byte	0
 1310 0317 01       		.uleb128 0x1
 1311 0318 A2020000 		.4byte	.LASF57
ARM GAS  /tmp/cclbV3PN.s 			page 24


 1312 031c 0A       		.byte	0xa
 1313 031d 3E       		.byte	0x3e
 1314 031e 12       		.byte	0x12
 1315 031f D3000000 		.4byte	0xd3
 1316 0323 08       		.uleb128 0x8
 1317 0324 49020000 		.4byte	.LASF58
 1318 0328 04       		.byte	0x4
 1319 0329 0A       		.byte	0xa
 1320 032a 43       		.byte	0x43
 1321 032b 10       		.byte	0x10
 1322 032c 3E030000 		.4byte	0x33e
 1323 0330 02       		.uleb128 0x2
 1324 0331 92030000 		.4byte	.LASF59
 1325 0335 0A       		.byte	0xa
 1326 0336 47       		.byte	0x47
 1327 0337 21       		.byte	0x21
 1328 0338 17030000 		.4byte	0x317
 1329 033c 00       		.byte	0
 1330 033d 00       		.byte	0
 1331 033e 01       		.uleb128 0x1
 1332 033f 1F060000 		.4byte	.LASF60
 1333 0343 0A       		.byte	0xa
 1334 0344 48       		.byte	0x48
 1335 0345 03       		.byte	0x3
 1336 0346 23030000 		.4byte	0x323
 1337 034a 08       		.uleb128 0x8
 1338 034b 20010000 		.4byte	.LASF61
 1339 034f 04       		.byte	0x4
 1340 0350 0B       		.byte	0xb
 1341 0351 3D       		.byte	0x3d
 1342 0352 10       		.byte	0x10
 1343 0353 65030000 		.4byte	0x365
 1344 0357 02       		.uleb128 0x2
 1345 0358 C1030000 		.4byte	.LASF62
 1346 035c 0B       		.byte	0xb
 1347 035d 45       		.byte	0x45
 1348 035e 24       		.byte	0x24
 1349 035f B6000000 		.4byte	0xb6
 1350 0363 00       		.byte	0
 1351 0364 00       		.byte	0
 1352 0365 01       		.uleb128 0x1
 1353 0366 13030000 		.4byte	.LASF63
 1354 036a 0B       		.byte	0xb
 1355 036b 50       		.byte	0x50
 1356 036c 03       		.byte	0x3
 1357 036d 4A030000 		.4byte	0x34a
 1358 0371 01       		.uleb128 0x1
 1359 0372 41000000 		.4byte	.LASF64
 1360 0376 04       		.byte	0x4
 1361 0377 6C       		.byte	0x6c
 1362 0378 12       		.byte	0x12
 1363 0379 D3000000 		.4byte	0xd3
 1364 037d 1A       		.uleb128 0x1a
 1365 037e 71030000 		.4byte	0x371
 1366 0382 01       		.uleb128 0x1
 1367 0383 A8030000 		.4byte	.LASF65
 1368 0387 04       		.byte	0x4
ARM GAS  /tmp/cclbV3PN.s 			page 25


 1369 0388 78       		.byte	0x78
 1370 0389 12       		.byte	0x12
 1371 038a D3000000 		.4byte	0xd3
 1372 038e 01       		.uleb128 0x1
 1373 038f 51020000 		.4byte	.LASF66
 1374 0393 04       		.byte	0x4
 1375 0394 80       		.byte	0x80
 1376 0395 12       		.byte	0x12
 1377 0396 DF000000 		.4byte	0xdf
 1378 039a 12       		.uleb128 0x12
 1379 039b 48040000 		.4byte	.LASF67
 1380 039f A8       		.byte	0xa8
 1381 03a0 0C       		.byte	0xc
 1382 03a1 0102     		.2byte	0x201
 1383 03a3 08       		.byte	0x8
 1384 03a4 3A040000 		.4byte	0x43a
 1385 03a8 06       		.uleb128 0x6
 1386 03a9 6400     		.ascii	"d\000"
 1387 03ab 0C       		.byte	0xc
 1388 03ac 0302     		.2byte	0x203
 1389 03ae 19       		.byte	0x19
 1390 03af 3A040000 		.4byte	0x43a
 1391 03b3 00       		.byte	0
 1392 03b4 03       		.uleb128 0x3
 1393 03b5 9B010000 		.4byte	.LASF68
 1394 03b9 0C       		.byte	0xc
 1395 03ba 0402     		.2byte	0x204
 1396 03bc 19       		.byte	0x19
 1397 03bd D3000000 		.4byte	0xd3
 1398 03c1 80       		.byte	0x80
 1399 03c2 06       		.uleb128 0x6
 1400 03c3 723400   		.ascii	"r4\000"
 1401 03c6 0C       		.byte	0xc
 1402 03c7 0602     		.2byte	0x206
 1403 03c9 19       		.byte	0x19
 1404 03ca D3000000 		.4byte	0xd3
 1405 03ce 84       		.byte	0x84
 1406 03cf 06       		.uleb128 0x6
 1407 03d0 723500   		.ascii	"r5\000"
 1408 03d3 0C       		.byte	0xc
 1409 03d4 0702     		.2byte	0x207
 1410 03d6 19       		.byte	0x19
 1411 03d7 D3000000 		.4byte	0xd3
 1412 03db 88       		.byte	0x88
 1413 03dc 06       		.uleb128 0x6
 1414 03dd 723600   		.ascii	"r6\000"
 1415 03e0 0C       		.byte	0xc
 1416 03e1 0802     		.2byte	0x208
 1417 03e3 19       		.byte	0x19
 1418 03e4 D3000000 		.4byte	0xd3
 1419 03e8 8C       		.byte	0x8c
 1420 03e9 06       		.uleb128 0x6
 1421 03ea 723700   		.ascii	"r7\000"
 1422 03ed 0C       		.byte	0xc
 1423 03ee 0902     		.2byte	0x209
 1424 03f0 19       		.byte	0x19
 1425 03f1 D3000000 		.4byte	0xd3
ARM GAS  /tmp/cclbV3PN.s 			page 26


 1426 03f5 90       		.byte	0x90
 1427 03f6 06       		.uleb128 0x6
 1428 03f7 723800   		.ascii	"r8\000"
 1429 03fa 0C       		.byte	0xc
 1430 03fb 0A02     		.2byte	0x20a
 1431 03fd 19       		.byte	0x19
 1432 03fe D3000000 		.4byte	0xd3
 1433 0402 94       		.byte	0x94
 1434 0403 06       		.uleb128 0x6
 1435 0404 723900   		.ascii	"r9\000"
 1436 0407 0C       		.byte	0xc
 1437 0408 0B02     		.2byte	0x20b
 1438 040a 19       		.byte	0x19
 1439 040b D3000000 		.4byte	0xd3
 1440 040f 98       		.byte	0x98
 1441 0410 06       		.uleb128 0x6
 1442 0411 72313000 		.ascii	"r10\000"
 1443 0415 0C       		.byte	0xc
 1444 0416 0C02     		.2byte	0x20c
 1445 0418 19       		.byte	0x19
 1446 0419 D3000000 		.4byte	0xd3
 1447 041d 9C       		.byte	0x9c
 1448 041e 06       		.uleb128 0x6
 1449 041f 72313100 		.ascii	"r11\000"
 1450 0423 0C       		.byte	0xc
 1451 0424 0D02     		.2byte	0x20d
 1452 0426 19       		.byte	0x19
 1453 0427 D3000000 		.4byte	0xd3
 1454 042b A0       		.byte	0xa0
 1455 042c 06       		.uleb128 0x6
 1456 042d 6C7200   		.ascii	"lr\000"
 1457 0430 0C       		.byte	0xc
 1458 0431 0E02     		.2byte	0x20e
 1459 0433 19       		.byte	0x19
 1460 0434 D3000000 		.4byte	0xd3
 1461 0438 A4       		.byte	0xa4
 1462 0439 00       		.byte	0
 1463 043a 0B       		.uleb128 0xb
 1464 043b DF000000 		.4byte	0xdf
 1465 043f 4A040000 		.4byte	0x44a
 1466 0443 0C       		.uleb128 0xc
 1467 0444 2D000000 		.4byte	0x2d
 1468 0448 0F       		.byte	0xf
 1469 0449 00       		.byte	0
 1470 044a 12       		.uleb128 0x12
 1471 044b BF000000 		.4byte	.LASF69
 1472 044f 04       		.byte	0x4
 1473 0450 0C       		.byte	0xc
 1474 0451 1702     		.2byte	0x217
 1475 0453 08       		.byte	0x8
 1476 0454 66040000 		.4byte	0x466
 1477 0458 06       		.uleb128 0x6
 1478 0459 737000   		.ascii	"sp\000"
 1479 045c 0C       		.byte	0xc
 1480 045d 1802     		.2byte	0x218
 1481 045f 1A       		.byte	0x1a
 1482 0460 66040000 		.4byte	0x466
ARM GAS  /tmp/cclbV3PN.s 			page 27


 1483 0464 00       		.byte	0
 1484 0465 00       		.byte	0
 1485 0466 05       		.uleb128 0x5
 1486 0467 9A030000 		.4byte	0x39a
 1487 046b 01       		.uleb128 0x1
 1488 046c 24040000 		.4byte	.LASF70
 1489 0470 02       		.byte	0x2
 1490 0471 31       		.byte	0x31
 1491 0472 18       		.byte	0x18
 1492 0473 77040000 		.4byte	0x477
 1493 0477 08       		.uleb128 0x8
 1494 0478 0F010000 		.4byte	.LASF71
 1495 047c 04       		.byte	0x4
 1496 047d 02       		.byte	0x2
 1497 047e 37       		.byte	0x37
 1498 047f 08       		.byte	0x8
 1499 0480 92040000 		.4byte	0x492
 1500 0484 02       		.uleb128 0x2
 1501 0485 71000000 		.4byte	.LASF72
 1502 0489 02       		.byte	0x2
 1503 048a 38       		.byte	0x38
 1504 048b 1A       		.byte	0x1a
 1505 048c 92040000 		.4byte	0x492
 1506 0490 00       		.byte	0
 1507 0491 00       		.byte	0
 1508 0492 05       		.uleb128 0x5
 1509 0493 6B040000 		.4byte	0x46b
 1510 0497 01       		.uleb128 0x1
 1511 0498 B6030000 		.4byte	.LASF73
 1512 049c 02       		.byte	0x2
 1513 049d 3E       		.byte	0x3e
 1514 049e 19       		.byte	0x19
 1515 049f A3040000 		.4byte	0x4a3
 1516 04a3 08       		.uleb128 0x8
 1517 04a4 3F060000 		.4byte	.LASF74
 1518 04a8 08       		.byte	0x8
 1519 04a9 02       		.byte	0x2
 1520 04aa 44       		.byte	0x44
 1521 04ab 08       		.byte	0x8
 1522 04ac CB040000 		.4byte	0x4cb
 1523 04b0 02       		.uleb128 0x2
 1524 04b1 71000000 		.4byte	.LASF72
 1525 04b5 02       		.byte	0x2
 1526 04b6 45       		.byte	0x45
 1527 04b7 1A       		.byte	0x1a
 1528 04b8 CB040000 		.4byte	0x4cb
 1529 04bc 00       		.byte	0
 1530 04bd 02       		.uleb128 0x2
 1531 04be F9000000 		.4byte	.LASF75
 1532 04c2 02       		.byte	0x2
 1533 04c3 46       		.byte	0x46
 1534 04c4 1A       		.byte	0x1a
 1535 04c5 CB040000 		.4byte	0x4cb
 1536 04c9 04       		.byte	0x4
 1537 04ca 00       		.byte	0
 1538 04cb 05       		.uleb128 0x5
 1539 04cc 97040000 		.4byte	0x497
ARM GAS  /tmp/cclbV3PN.s 			page 28


 1540 04d0 01       		.uleb128 0x1
 1541 04d1 28020000 		.4byte	.LASF76
 1542 04d5 02       		.byte	0x2
 1543 04d6 4D       		.byte	0x4d
 1544 04d7 22       		.byte	0x22
 1545 04d8 DC040000 		.4byte	0x4dc
 1546 04dc 08       		.uleb128 0x8
 1547 04dd 2D060000 		.4byte	.LASF77
 1548 04e1 0C       		.byte	0xc
 1549 04e2 02       		.byte	0x2
 1550 04e3 54       		.byte	0x54
 1551 04e4 08       		.byte	0x8
 1552 04e5 11050000 		.4byte	0x511
 1553 04e9 02       		.uleb128 0x2
 1554 04ea 71000000 		.4byte	.LASF72
 1555 04ee 02       		.byte	0x2
 1556 04ef 55       		.byte	0x55
 1557 04f0 1A       		.byte	0x1a
 1558 04f1 11050000 		.4byte	0x511
 1559 04f5 00       		.byte	0
 1560 04f6 02       		.uleb128 0x2
 1561 04f7 F9000000 		.4byte	.LASF75
 1562 04fb 02       		.byte	0x2
 1563 04fc 56       		.byte	0x56
 1564 04fd 1A       		.byte	0x1a
 1565 04fe 11050000 		.4byte	0x511
 1566 0502 04       		.byte	0x4
 1567 0503 02       		.uleb128 0x2
 1568 0504 88020000 		.4byte	.LASF78
 1569 0508 02       		.byte	0x2
 1570 0509 57       		.byte	0x57
 1571 050a 19       		.byte	0x19
 1572 050b 2C010000 		.4byte	0x12c
 1573 050f 08       		.byte	0x8
 1574 0510 00       		.byte	0
 1575 0511 05       		.uleb128 0x5
 1576 0512 D0040000 		.4byte	0x4d0
 1577 0516 01       		.uleb128 0x1
 1578 0517 92020000 		.4byte	.LASF79
 1579 051b 02       		.byte	0x2
 1580 051c 5E       		.byte	0x5e
 1581 051d 1E       		.byte	0x1e
 1582 051e 22050000 		.4byte	0x522
 1583 0522 08       		.uleb128 0x8
 1584 0523 35010000 		.4byte	.LASF80
 1585 0527 0C       		.byte	0xc
 1586 0528 02       		.byte	0x2
 1587 0529 63       		.byte	0x63
 1588 052a 08       		.byte	0x8
 1589 052b 57050000 		.4byte	0x557
 1590 052f 02       		.uleb128 0x2
 1591 0530 71000000 		.4byte	.LASF72
 1592 0534 02       		.byte	0x2
 1593 0535 64       		.byte	0x64
 1594 0536 1A       		.byte	0x1a
 1595 0537 57050000 		.4byte	0x557
 1596 053b 00       		.byte	0
ARM GAS  /tmp/cclbV3PN.s 			page 29


 1597 053c 02       		.uleb128 0x2
 1598 053d F9000000 		.4byte	.LASF75
 1599 0541 02       		.byte	0x2
 1600 0542 65       		.byte	0x65
 1601 0543 1A       		.byte	0x1a
 1602 0544 57050000 		.4byte	0x557
 1603 0548 04       		.byte	0x4
 1604 0549 02       		.uleb128 0x2
 1605 054a 4B070000 		.4byte	.LASF81
 1606 054e 02       		.byte	0x2
 1607 054f 66       		.byte	0x66
 1608 0550 19       		.byte	0x19
 1609 0551 82030000 		.4byte	0x382
 1610 0555 08       		.byte	0x8
 1611 0556 00       		.byte	0
 1612 0557 05       		.uleb128 0x5
 1613 0558 16050000 		.4byte	0x516
 1614 055c 01       		.uleb128 0x1
 1615 055d 69030000 		.4byte	.LASF82
 1616 0561 09       		.byte	0x9
 1617 0562 3B       		.byte	0x3b
 1618 0563 21       		.byte	0x21
 1619 0564 68050000 		.4byte	0x568
 1620 0568 08       		.uleb128 0x8
 1621 0569 75010000 		.4byte	.LASF83
 1622 056d 18       		.byte	0x18
 1623 056e 09       		.byte	0x9
 1624 056f 48       		.byte	0x48
 1625 0570 08       		.byte	0x8
 1626 0571 AA050000 		.4byte	0x5aa
 1627 0575 02       		.uleb128 0x2
 1628 0576 85050000 		.4byte	.LASF84
 1629 057a 09       		.byte	0x9
 1630 057b 4C       		.byte	0x4c
 1631 057c 21       		.byte	0x21
 1632 057d 16050000 		.4byte	0x516
 1633 0581 00       		.byte	0
 1634 0582 02       		.uleb128 0x2
 1635 0583 ED000000 		.4byte	.LASF85
 1636 0587 09       		.byte	0x9
 1637 0588 50       		.byte	0x50
 1638 0589 21       		.byte	0x21
 1639 058a AA050000 		.4byte	0x5aa
 1640 058e 0C       		.byte	0xc
 1641 058f 17       		.uleb128 0x17
 1642 0590 70617200 		.ascii	"par\000"
 1643 0594 09       		.byte	0x9
 1644 0595 54       		.byte	0x54
 1645 0596 22       		.byte	0x22
 1646 0597 A3000000 		.4byte	0xa3
 1647 059b 10       		.byte	0x10
 1648 059c 02       		.uleb128 0x2
 1649 059d 89000000 		.4byte	.LASF86
 1650 05a1 09       		.byte	0x9
 1651 05a2 58       		.byte	0x58
 1652 05a3 21       		.byte	0x21
 1653 05a4 82030000 		.4byte	0x382
ARM GAS  /tmp/cclbV3PN.s 			page 30


 1654 05a8 14       		.byte	0x14
 1655 05a9 00       		.byte	0
 1656 05aa 01       		.uleb128 0x1
 1657 05ab 17010000 		.4byte	.LASF87
 1658 05af 09       		.byte	0x9
 1659 05b0 43       		.byte	0x43
 1660 05b1 10       		.byte	0x10
 1661 05b2 B6050000 		.4byte	0x5b6
 1662 05b6 05       		.uleb128 0x5
 1663 05b7 BB050000 		.4byte	0x5bb
 1664 05bb 21       		.uleb128 0x21
 1665 05bc CB050000 		.4byte	0x5cb
 1666 05c0 1B       		.uleb128 0x1b
 1667 05c1 CB050000 		.4byte	0x5cb
 1668 05c5 1B       		.uleb128 0x1b
 1669 05c6 A3000000 		.4byte	0xa3
 1670 05ca 00       		.byte	0
 1671 05cb 05       		.uleb128 0x5
 1672 05cc 5C050000 		.4byte	0x55c
 1673 05d0 08       		.uleb128 0x8
 1674 05d1 DD010000 		.4byte	.LASF88
 1675 05d5 18       		.byte	0x18
 1676 05d6 09       		.byte	0x9
 1677 05d7 61       		.byte	0x61
 1678 05d8 10       		.byte	0x10
 1679 05d9 05060000 		.4byte	0x605
 1680 05dd 02       		.uleb128 0x2
 1681 05de 85050000 		.4byte	.LASF84
 1682 05e2 09       		.byte	0x9
 1683 05e3 65       		.byte	0x65
 1684 05e4 21       		.byte	0x21
 1685 05e5 16050000 		.4byte	0x516
 1686 05e9 00       		.byte	0
 1687 05ea 02       		.uleb128 0x2
 1688 05eb EE030000 		.4byte	.LASF89
 1689 05ef 09       		.byte	0x9
 1690 05f0 6A       		.byte	0x6a
 1691 05f1 21       		.byte	0x21
 1692 05f2 7D030000 		.4byte	0x37d
 1693 05f6 0C       		.byte	0xc
 1694 05f7 02       		.uleb128 0x2
 1695 05f8 98000000 		.4byte	.LASF90
 1696 05fc 09       		.byte	0x9
 1697 05fd 7E       		.byte	0x7e
 1698 05fe 21       		.byte	0x21
 1699 05ff EB000000 		.4byte	0xeb
 1700 0603 10       		.byte	0x10
 1701 0604 00       		.byte	0
 1702 0605 01       		.uleb128 0x1
 1703 0606 86060000 		.4byte	.LASF91
 1704 060a 09       		.byte	0x9
 1705 060b 80       		.byte	0x80
 1706 060c 03       		.byte	0x3
 1707 060d D0050000 		.4byte	0x5d0
 1708 0611 08       		.uleb128 0x8
 1709 0612 2F000000 		.4byte	.LASF92
 1710 0616 08       		.byte	0x8
ARM GAS  /tmp/cclbV3PN.s 			page 31


 1711 0617 09       		.byte	0x9
 1712 0618 85       		.byte	0x85
 1713 0619 10       		.byte	0x10
 1714 061a 2C060000 		.4byte	0x62c
 1715 061e 02       		.uleb128 0x2
 1716 061f 11060000 		.4byte	.LASF93
 1717 0623 09       		.byte	0x9
 1718 0624 89       		.byte	0x89
 1719 0625 21       		.byte	0x21
 1720 0626 97040000 		.4byte	0x497
 1721 062a 00       		.byte	0
 1722 062b 00       		.byte	0
 1723 062c 01       		.uleb128 0x1
 1724 062d 79030000 		.4byte	.LASF94
 1725 0631 09       		.byte	0x9
 1726 0632 8A       		.byte	0x8a
 1727 0633 03       		.byte	0x3
 1728 0634 11060000 		.4byte	0x611
 1729 0638 01       		.uleb128 0x1
 1730 0639 AE020000 		.4byte	.LASF95
 1731 063d 09       		.byte	0x9
 1732 063e 8F       		.byte	0x8f
 1733 063f 14       		.byte	0x14
 1734 0640 44060000 		.4byte	0x644
 1735 0644 05       		.uleb128 0x5
 1736 0645 68010000 		.4byte	0x168
 1737 0649 01       		.uleb128 0x1
 1738 064a 97030000 		.4byte	.LASF96
 1739 064e 09       		.byte	0x9
 1740 064f 9E       		.byte	0x9e
 1741 0650 10       		.byte	0x10
 1742 0651 55060000 		.4byte	0x655
 1743 0655 05       		.uleb128 0x5
 1744 0656 5A060000 		.4byte	0x65a
 1745 065a 21       		.uleb128 0x21
 1746 065b 65060000 		.4byte	0x665
 1747 065f 1B       		.uleb128 0x1b
 1748 0660 44060000 		.4byte	0x644
 1749 0664 00       		.byte	0
 1750 0665 22       		.uleb128 0x22
 1751 0666 0C       		.byte	0xc
 1752 0667 AA       		.byte	0xaa
 1753 0668 8B060000 		.4byte	0x68b
 1754 066c 1C       		.uleb128 0x1c
 1755 066d 30010000 		.4byte	.LASF97
 1756 0671 AE       		.byte	0xae
 1757 0672 6B040000 		.4byte	0x46b
 1758 0676 1C       		.uleb128 0x1c
 1759 0677 11060000 		.4byte	.LASF93
 1760 067b B2       		.byte	0xb2
 1761 067c 97040000 		.4byte	0x497
 1762 0680 1C       		.uleb128 0x1c
 1763 0681 B8010000 		.4byte	.LASF98
 1764 0685 B6       		.byte	0xb6
 1765 0686 D0040000 		.4byte	0x4d0
 1766 068a 00       		.byte	0
 1767 068b 22       		.uleb128 0x22
ARM GAS  /tmp/cclbV3PN.s 			page 32


 1768 068c 04       		.byte	0x4
 1769 068d FF       		.byte	0xff
 1770 068e E7060000 		.4byte	0x6e7
 1771 0692 0D       		.uleb128 0xd
 1772 0693 21020000 		.4byte	.LASF99
 1773 0697 0601     		.2byte	0x106
 1774 0699 21       		.byte	0x21
 1775 069a 38010000 		.4byte	0x138
 1776 069e 0D       		.uleb128 0xd
 1777 069f 98070000 		.4byte	.LASF100
 1778 06a3 0D01     		.2byte	0x10d
 1779 06a5 21       		.byte	0x21
 1780 06a6 38010000 		.4byte	0x138
 1781 06aa 0D       		.uleb128 0xd
 1782 06ab B1000000 		.4byte	.LASF101
 1783 06af 1401     		.2byte	0x114
 1784 06b1 22       		.byte	0x22
 1785 06b2 A3000000 		.4byte	0xa3
 1786 06b6 0D       		.uleb128 0xd
 1787 06b7 39070000 		.4byte	.LASF102
 1788 06bb 1B01     		.2byte	0x11b
 1789 06bd 22       		.byte	0x22
 1790 06be E7060000 		.4byte	0x6e7
 1791 06c2 0D       		.uleb128 0xd
 1792 06c3 26060000 		.4byte	.LASF103
 1793 06c7 2301     		.2byte	0x123
 1794 06c9 22       		.byte	0x22
 1795 06ca 14070000 		.4byte	0x714
 1796 06ce 0D       		.uleb128 0xd
 1797 06cf 0C000000 		.4byte	.LASF104
 1798 06d3 2C01     		.2byte	0x12c
 1799 06d5 22       		.byte	0x22
 1800 06d6 4E070000 		.4byte	0x74e
 1801 06da 0D       		.uleb128 0xd
 1802 06db F2000000 		.4byte	.LASF105
 1803 06df 3401     		.2byte	0x134
 1804 06e1 21       		.byte	0x21
 1805 06e2 44010000 		.4byte	0x144
 1806 06e6 00       		.byte	0
 1807 06e7 05       		.uleb128 0x5
 1808 06e8 38060000 		.4byte	0x638
 1809 06ec 08       		.uleb128 0x8
 1810 06ed 60010000 		.4byte	.LASF106
 1811 06f1 0C       		.byte	0xc
 1812 06f2 0D       		.byte	0xd
 1813 06f3 33       		.byte	0x33
 1814 06f4 10       		.byte	0x10
 1815 06f5 14070000 		.4byte	0x714
 1816 06f9 02       		.uleb128 0x2
 1817 06fa 11060000 		.4byte	.LASF93
 1818 06fe 0D       		.byte	0xd
 1819 06ff 34       		.byte	0x34
 1820 0700 19       		.byte	0x19
 1821 0701 97040000 		.4byte	0x497
 1822 0705 00       		.byte	0
 1823 0706 17       		.uleb128 0x17
 1824 0707 636E7400 		.ascii	"cnt\000"
ARM GAS  /tmp/cclbV3PN.s 			page 33


 1825 070b 0D       		.byte	0xd
 1826 070c 36       		.byte	0x36
 1827 070d 19       		.byte	0x19
 1828 070e 50010000 		.4byte	0x150
 1829 0712 08       		.byte	0x8
 1830 0713 00       		.byte	0
 1831 0714 05       		.uleb128 0x5
 1832 0715 EC060000 		.4byte	0x6ec
 1833 0719 08       		.uleb128 0x8
 1834 071a 60020000 		.4byte	.LASF107
 1835 071e 10       		.byte	0x10
 1836 071f 0E       		.byte	0xe
 1837 0720 38       		.byte	0x38
 1838 0721 08       		.byte	0x8
 1839 0722 4E070000 		.4byte	0x74e
 1840 0726 02       		.uleb128 0x2
 1841 0727 11060000 		.4byte	.LASF93
 1842 072b 0E       		.byte	0xe
 1843 072c 39       		.byte	0x39
 1844 072d 19       		.byte	0x19
 1845 072e 97040000 		.4byte	0x497
 1846 0732 00       		.byte	0
 1847 0733 02       		.uleb128 0x2
 1848 0734 CF010000 		.4byte	.LASF30
 1849 0738 0E       		.byte	0xe
 1850 0739 3B       		.byte	0x3b
 1851 073a 1A       		.byte	0x1a
 1852 073b 44060000 		.4byte	0x644
 1853 073f 08       		.byte	0x8
 1854 0740 02       		.uleb128 0x2
 1855 0741 71000000 		.4byte	.LASF72
 1856 0745 0E       		.byte	0xe
 1857 0746 3D       		.byte	0x3d
 1858 0747 1A       		.byte	0x1a
 1859 0748 16080000 		.4byte	0x816
 1860 074c 0C       		.byte	0xc
 1861 074d 00       		.byte	0
 1862 074e 05       		.uleb128 0x5
 1863 074f 19070000 		.4byte	0x719
 1864 0753 05       		.uleb128 0x5
 1865 0754 7E020000 		.4byte	0x27e
 1866 0758 05       		.uleb128 0x5
 1867 0759 FC000000 		.4byte	0xfc
 1868 075d 12       		.uleb128 0x12
 1869 075e DF000000 		.4byte	.LASF108
 1870 0762 10       		.byte	0x10
 1871 0763 09       		.byte	0x9
 1872 0764 7501     		.2byte	0x175
 1873 0766 10       		.byte	0x10
 1874 0767 88070000 		.4byte	0x788
 1875 076b 03       		.uleb128 0x3
 1876 076c B8010000 		.4byte	.LASF98
 1877 0770 09       		.byte	0x9
 1878 0771 7A01     		.2byte	0x17a
 1879 0773 21       		.byte	0x21
 1880 0774 D0040000 		.4byte	0x4d0
 1881 0778 00       		.byte	0
ARM GAS  /tmp/cclbV3PN.s 			page 34


 1882 0779 03       		.uleb128 0x3
 1883 077a 64070000 		.4byte	.LASF109
 1884 077e 09       		.byte	0x9
 1885 077f 7E01     		.2byte	0x17e
 1886 0781 22       		.byte	0x22
 1887 0782 44060000 		.4byte	0x644
 1888 0786 0C       		.byte	0xc
 1889 0787 00       		.byte	0
 1890 0788 23       		.uleb128 0x23
 1891 0789 04060000 		.4byte	.LASF110
 1892 078d 7F01     		.2byte	0x17f
 1893 078f 5D070000 		.4byte	0x75d
 1894 0793 12       		.uleb128 0x12
 1895 0794 6F050000 		.4byte	.LASF111
 1896 0798 14       		.byte	0x14
 1897 0799 09       		.byte	0x9
 1898 079a 8401     		.2byte	0x184
 1899 079c 10       		.byte	0x10
 1900 079d E8070000 		.4byte	0x7e8
 1901 07a1 03       		.uleb128 0x3
 1902 07a2 CD050000 		.4byte	.LASF36
 1903 07a6 09       		.byte	0x9
 1904 07a7 8801     		.2byte	0x188
 1905 07a9 22       		.byte	0x22
 1906 07aa B1000000 		.4byte	0xb1
 1907 07ae 00       		.byte	0
 1908 07af 03       		.uleb128 0x3
 1909 07b0 00000000 		.4byte	.LASF112
 1910 07b4 09       		.byte	0x9
 1911 07b5 8C01     		.2byte	0x18c
 1912 07b7 22       		.byte	0x22
 1913 07b8 58070000 		.4byte	0x758
 1914 07bc 04       		.byte	0x4
 1915 07bd 03       		.uleb128 0x3
 1916 07be 64050000 		.4byte	.LASF113
 1917 07c2 09       		.byte	0x9
 1918 07c3 9001     		.2byte	0x190
 1919 07c5 22       		.byte	0x22
 1920 07c6 58070000 		.4byte	0x758
 1921 07ca 08       		.byte	0x8
 1922 07cb 03       		.uleb128 0x3
 1923 07cc CB030000 		.4byte	.LASF114
 1924 07d0 09       		.byte	0x9
 1925 07d1 9501     		.2byte	0x195
 1926 07d3 22       		.byte	0x22
 1927 07d4 58070000 		.4byte	0x758
 1928 07d8 0C       		.byte	0xc
 1929 07d9 03       		.uleb128 0x3
 1930 07da 84030000 		.4byte	.LASF115
 1931 07de 09       		.byte	0x9
 1932 07df 9901     		.2byte	0x199
 1933 07e1 22       		.byte	0x22
 1934 07e2 58070000 		.4byte	0x758
 1935 07e6 10       		.byte	0x10
 1936 07e7 00       		.byte	0
 1937 07e8 23       		.uleb128 0x23
 1938 07e9 86010000 		.4byte	.LASF116
ARM GAS  /tmp/cclbV3PN.s 			page 35


 1939 07ed 9B01     		.2byte	0x19b
 1940 07ef 93070000 		.4byte	0x793
 1941 07f3 0A       		.uleb128 0xa
 1942 07f4 E8070000 		.4byte	0x7e8
 1943 07f8 05       		.uleb128 0x5
 1944 07f9 F3070000 		.4byte	0x7f3
 1945 07fd 2D       		.uleb128 0x2d
 1946 07fe 63683000 		.ascii	"ch0\000"
 1947 0802 0F       		.byte	0xf
 1948 0803 1E01     		.2byte	0x11e
 1949 0805 16       		.byte	0x16
 1950 0806 7E020000 		.4byte	0x27e
 1951 080a 01       		.uleb128 0x1
 1952 080b 48060000 		.4byte	.LASF117
 1953 080f 0E       		.byte	0xe
 1954 0810 33       		.byte	0x33
 1955 0811 19       		.byte	0x19
 1956 0812 19070000 		.4byte	0x719
 1957 0816 05       		.uleb128 0x5
 1958 0817 0A080000 		.4byte	0x80a
 1959 081b 07       		.uleb128 0x7
 1960 081c 01       		.byte	0x1
 1961 081d 02       		.byte	0x2
 1962 081e 3C020000 		.4byte	.LASF118
 1963 0822 0E       		.uleb128 0xe
 1964 0823 9A050000 		.4byte	.LASF121
 1965 0827 C902     		.2byte	0x2c9
 1966 0829 00000000 		.4byte	.LFB216
 1967 082d 1C000000 		.4byte	.LFE216-.LFB216
 1968 0831 01       		.uleb128 0x1
 1969 0832 9C       		.byte	0x9c
 1970 0833 4E080000 		.4byte	0x84e
 1971 0837 2E       		.uleb128 0x2e
 1972 0838 280E0000 		.4byte	0xe28
 1973 083c 00000000 		.4byte	.LBI125
 1974 0840 03       		.byte	.LVU304
 1975 0841 00000000 		.4byte	.LBB125
 1976 0845 0C000000 		.4byte	.LBE125-.LBB125
 1977 0849 01       		.byte	0x1
 1978 084a CD02     		.2byte	0x2cd
 1979 084c 30       		.byte	0x30
 1980 084d 00       		.byte	0
 1981 084e 24       		.uleb128 0x24
 1982 084f 22030000 		.4byte	.LASF124
 1983 0853 AA02     		.2byte	0x2aa
 1984 0855 10       		.byte	0x10
 1985 0856 8E030000 		.4byte	0x38e
 1986 085a 00000000 		.4byte	.LFB215
 1987 085e 2C000000 		.4byte	.LFE215-.LFB215
 1988 0862 01       		.uleb128 0x1
 1989 0863 9C       		.byte	0x9c
 1990 0864 FE080000 		.4byte	0x8fe
 1991 0868 1D       		.uleb128 0x1d
 1992 0869 6F697000 		.ascii	"oip\000"
 1993 086d 01       		.byte	0x1
 1994 086e AB02     		.2byte	0x2ab
 1995 0870 13       		.byte	0x13
ARM GAS  /tmp/cclbV3PN.s 			page 36


 1996 0871 53070000 		.4byte	0x753
 1997 0875 1E       		.uleb128 0x1e
 1998 0876 74020000 		.4byte	.LASF119
 1999 087a AC02     		.2byte	0x2ac
 2000 087c 12       		.byte	0x12
 2001 087d 8E030000 		.4byte	0x38e
 2002 0881 0E000000 		.4byte	.LLST44
 2003 0885 0C000000 		.4byte	.LVUS44
 2004 0889 1E       		.uleb128 0x1e
 2005 088a C1020000 		.4byte	.LASF120
 2006 088e AC02     		.2byte	0x2ac
 2007 0890 18       		.byte	0x18
 2008 0891 8E030000 		.4byte	0x38e
 2009 0895 1E000000 		.4byte	.LLST45
 2010 0899 1C000000 		.4byte	.LVUS45
 2011 089d 25       		.uleb128 0x25
 2012 089e 6E6F7700 		.ascii	"now\000"
 2013 08a2 AD02     		.2byte	0x2ad
 2014 08a4 0D       		.byte	0xd
 2015 08a5 71030000 		.4byte	0x371
 2016 08a9 2E000000 		.4byte	.LLST46
 2017 08ad 2C000000 		.4byte	.LVUS46
 2018 08b1 0F       		.uleb128 0xf
 2019 08b2 6C070000 		.4byte	.LASF126
 2020 08b6 0E090000 		.4byte	0x90e
 2021 08ba 2F       		.uleb128 0x2f
 2022 08bb 280E0000 		.4byte	0xe28
 2023 08bf 00000000 		.4byte	.LBI119
 2024 08c3 06       		.byte	.LVU279
 2025 08c4 A2000000 		.4byte	.LLRL47
 2026 08c8 01       		.byte	0x1
 2027 08c9 B202     		.2byte	0x2b2
 2028 08cb 09       		.byte	0x9
 2029 08cc 30       		.uleb128 0x30
 2030 08cd 220F0000 		.4byte	0xf22
 2031 08d1 14000000 		.4byte	.LBI123
 2032 08d5 01       		.byte	.LVU288
 2033 08d6 14000000 		.4byte	.LBB123
 2034 08da 04000000 		.4byte	.LBE123-.LBB123
 2035 08de 01       		.byte	0x1
 2036 08df BA02     		.2byte	0x2ba
 2037 08e1 22       		.byte	0x22
 2038 08e2 04       		.uleb128 0x4
 2039 08e3 3D0F0000 		.4byte	0xf3d
 2040 08e7 39000000 		.4byte	.LLST48
 2041 08eb 37000000 		.4byte	.LVUS48
 2042 08ef 04       		.uleb128 0x4
 2043 08f0 300F0000 		.4byte	0xf30
 2044 08f4 44000000 		.4byte	.LLST49
 2045 08f8 42000000 		.4byte	.LVUS49
 2046 08fc 00       		.byte	0
 2047 08fd 00       		.byte	0
 2048 08fe 0B       		.uleb128 0xb
 2049 08ff AC000000 		.4byte	0xac
 2050 0903 0E090000 		.4byte	0x90e
 2051 0907 0C       		.uleb128 0xc
 2052 0908 2D000000 		.4byte	0x2d
ARM GAS  /tmp/cclbV3PN.s 			page 37


 2053 090c 11       		.byte	0x11
 2054 090d 00       		.byte	0
 2055 090e 0A       		.uleb128 0xa
 2056 090f FE080000 		.4byte	0x8fe
 2057 0913 0E       		.uleb128 0xe
 2058 0914 15020000 		.4byte	.LASF122
 2059 0918 0802     		.2byte	0x208
 2060 091a 00000000 		.4byte	.LFB214
 2061 091e D8000000 		.4byte	.LFE214-.LFB214
 2062 0922 01       		.uleb128 0x1
 2063 0923 9C       		.byte	0x9c
 2064 0924 0F0A0000 		.4byte	0xa0f
 2065 0928 13       		.uleb128 0x13
 2066 0929 BE050000 		.4byte	.LASF123
 2067 092d 0902     		.2byte	0x209
 2068 092f 0F0A0000 		.4byte	0xa0f
 2069 0933 31       		.uleb128 0x31
 2070 0934 63000000 		.4byte	.LLRL34
 2071 0938 F6090000 		.4byte	0x9f6
 2072 093c 1D       		.uleb128 0x1d
 2073 093d 76747000 		.ascii	"vtp\000"
 2074 0941 01       		.byte	0x1
 2075 0942 1302     		.2byte	0x213
 2076 0944 18       		.byte	0x18
 2077 0945 CB050000 		.4byte	0x5cb
 2078 0949 26       		.uleb128 0x26
 2079 094a 630E0000 		.4byte	0xe63
 2080 094e 74000000 		.4byte	.LBI101
 2081 0952 01       		.byte	.LVU231
 2082 0953 75000000 		.4byte	.LLRL35
 2083 0957 2202     		.2byte	0x222
 2084 0959 09       		.byte	0x9
 2085 095a CB090000 		.4byte	0x9cb
 2086 095e 10       		.uleb128 0x10
 2087 095f 6E0E0000 		.4byte	0xe6e
 2088 0963 04       		.uleb128 0x4
 2089 0964 880E0000 		.4byte	0xe88
 2090 0968 53000000 		.4byte	.LLST36
 2091 096c 4D000000 		.4byte	.LVUS36
 2092 0970 04       		.uleb128 0x4
 2093 0971 7B0E0000 		.4byte	0xe7b
 2094 0975 71000000 		.4byte	.LLST37
 2095 0979 6D000000 		.4byte	.LVUS37
 2096 097d 14       		.uleb128 0x14
 2097 097e 75000000 		.4byte	.LLRL35
 2098 0982 15       		.uleb128 0x15
 2099 0983 950E0000 		.4byte	0xe95
 2100 0987 86000000 		.4byte	.LLST38
 2101 098b 82000000 		.4byte	.LVUS38
 2102 098f 09       		.uleb128 0x9
 2103 0990 C10E0000 		.4byte	0xec1
 2104 0994 98000000 		.4byte	.LBI103
 2105 0998 01       		.byte	.LVU248
 2106 0999 87000000 		.4byte	.LLRL39
 2107 099d 02       		.byte	0x2
 2108 099e 7902     		.2byte	0x279
 2109 09a0 03       		.byte	0x3
ARM GAS  /tmp/cclbV3PN.s 			page 38


 2110 09a1 04       		.uleb128 0x4
 2111 09a2 E60E0000 		.4byte	0xee6
 2112 09a6 98000000 		.4byte	.LLST40
 2113 09aa 96000000 		.4byte	.LVUS40
 2114 09ae 04       		.uleb128 0x4
 2115 09af D90E0000 		.4byte	0xed9
 2116 09b3 A3000000 		.4byte	.LLST41
 2117 09b7 A1000000 		.4byte	.LVUS41
 2118 09bb 04       		.uleb128 0x4
 2119 09bc CC0E0000 		.4byte	0xecc
 2120 09c0 AE000000 		.4byte	.LLST42
 2121 09c4 AC000000 		.4byte	.LVUS42
 2122 09c8 00       		.byte	0
 2123 09c9 00       		.byte	0
 2124 09ca 00       		.byte	0
 2125 09cb 26       		.uleb128 0x26
 2126 09cc 450E0000 		.4byte	0xe45
 2127 09d0 48000000 		.4byte	.LBI109
 2128 09d4 03       		.byte	.LVU212
 2129 09d5 93000000 		.4byte	.LLRL43
 2130 09d9 1902     		.2byte	0x219
 2131 09db 0E       		.byte	0xe
 2132 09dc E6090000 		.4byte	0x9e6
 2133 09e0 10       		.uleb128 0x10
 2134 09e1 550E0000 		.4byte	0xe55
 2135 09e5 00       		.byte	0
 2136 09e6 32       		.uleb128 0x32
 2137 09e7 68000000 		.4byte	.LVL44
 2138 09eb 02       		.uleb128 0x2
 2139 09ec 75       		.byte	0x75
 2140 09ed 00       		.sleb128 0
 2141 09ee 33       		.uleb128 0x33
 2142 09ef 01       		.uleb128 0x1
 2143 09f0 50       		.byte	0x50
 2144 09f1 02       		.uleb128 0x2
 2145 09f2 74       		.byte	0x74
 2146 09f3 00       		.sleb128 0
 2147 09f4 00       		.byte	0
 2148 09f5 00       		.byte	0
 2149 09f6 09       		.uleb128 0x9
 2150 09f7 F40E0000 		.4byte	0xef4
 2151 09fb 24000000 		.4byte	.LBI94
 2152 09ff 01       		.byte	.LVU198
 2153 0a00 54000000 		.4byte	.LLRL33
 2154 0a04 01       		.byte	0x1
 2155 0a05 0F02     		.2byte	0x20f
 2156 0a07 07       		.byte	0x7
 2157 0a08 10       		.uleb128 0x10
 2158 0a09 040F0000 		.4byte	0xf04
 2159 0a0d 00       		.byte	0
 2160 0a0e 00       		.byte	0
 2161 0a0f 05       		.uleb128 0x5
 2162 0a10 05060000 		.4byte	0x605
 2163 0a14 24       		.uleb128 0x24
 2164 0a15 44050000 		.4byte	.LASF125
 2165 0a19 E001     		.2byte	0x1e0
 2166 0a1b 0F       		.byte	0xf
ARM GAS  /tmp/cclbV3PN.s 			page 39


 2167 0a1c 82030000 		.4byte	0x382
 2168 0a20 00000000 		.4byte	.LFB213
 2169 0a24 44000000 		.4byte	.LFE213-.LFB213
 2170 0a28 01       		.uleb128 0x1
 2171 0a29 9C       		.byte	0x9c
 2172 0a2a 7F0A0000 		.4byte	0xa7f
 2173 0a2e 1F       		.uleb128 0x1f
 2174 0a2f 76747000 		.ascii	"vtp\000"
 2175 0a33 E001     		.2byte	0x1e0
 2176 0a35 3A       		.byte	0x3a
 2177 0a36 CB050000 		.4byte	0x5cb
 2178 0a3a BF000000 		.4byte	.LLST30
 2179 0a3e B7000000 		.4byte	.LVUS30
 2180 0a42 13       		.uleb128 0x13
 2181 0a43 BE050000 		.4byte	.LASF123
 2182 0a47 E101     		.2byte	0x1e1
 2183 0a49 0F0A0000 		.4byte	0xa0f
 2184 0a4d 1E       		.uleb128 0x1e
 2185 0a4e 4B070000 		.4byte	.LASF81
 2186 0a52 E201     		.2byte	0x1e2
 2187 0a54 11       		.byte	0x11
 2188 0a55 82030000 		.4byte	0x382
 2189 0a59 EF000000 		.4byte	.LLST31
 2190 0a5d EB000000 		.4byte	.LVUS31
 2191 0a61 25       		.uleb128 0x25
 2192 0a62 646C7000 		.ascii	"dlp\000"
 2193 0a66 E301     		.2byte	0x1e3
 2194 0a68 14       		.byte	0x14
 2195 0a69 57050000 		.4byte	0x557
 2196 0a6d 02010000 		.4byte	.LLST32
 2197 0a71 00010000 		.4byte	.LVUS32
 2198 0a75 0F       		.uleb128 0xf
 2199 0a76 6C070000 		.4byte	.LASF126
 2200 0a7a 8F0A0000 		.4byte	0xa8f
 2201 0a7e 00       		.byte	0
 2202 0a7f 0B       		.uleb128 0xb
 2203 0a80 AC000000 		.4byte	0xac
 2204 0a84 8F0A0000 		.4byte	0xa8f
 2205 0a88 0C       		.uleb128 0xc
 2206 0a89 2D000000 		.4byte	0x2d
 2207 0a8d 19       		.byte	0x19
 2208 0a8e 00       		.byte	0
 2209 0a8f 0A       		.uleb128 0xa
 2210 0a90 7F0A0000 		.4byte	0xa7f
 2211 0a94 0E       		.uleb128 0xe
 2212 0a95 5C030000 		.4byte	.LASF127
 2213 0a99 8A01     		.2byte	0x18a
 2214 0a9b 00000000 		.4byte	.LFB212
 2215 0a9f 3C000000 		.4byte	.LFE212-.LFB212
 2216 0aa3 01       		.uleb128 0x1
 2217 0aa4 9C       		.byte	0x9c
 2218 0aa5 EC0A0000 		.4byte	0xaec
 2219 0aa9 16       		.uleb128 0x16
 2220 0aaa 76747000 		.ascii	"vtp\000"
 2221 0aae 8A01     		.2byte	0x18a
 2222 0ab0 24       		.byte	0x24
 2223 0ab1 CB050000 		.4byte	0x5cb
ARM GAS  /tmp/cclbV3PN.s 			page 40


 2224 0ab5 01       		.uleb128 0x1
 2225 0ab6 50       		.byte	0x50
 2226 0ab7 13       		.uleb128 0x13
 2227 0ab8 BE050000 		.4byte	.LASF123
 2228 0abc 8B01     		.2byte	0x18b
 2229 0abe 0F0A0000 		.4byte	0xa0f
 2230 0ac2 0F       		.uleb128 0xf
 2231 0ac3 6C070000 		.4byte	.LASF126
 2232 0ac7 FC0A0000 		.4byte	0xafc
 2233 0acb 09       		.uleb128 0x9
 2234 0acc 450E0000 		.4byte	0xe45
 2235 0ad0 28000000 		.4byte	.LBI81
 2236 0ad4 01       		.byte	.LVU147
 2237 0ad5 48000000 		.4byte	.LLRL28
 2238 0ad9 01       		.byte	0x1
 2239 0ada 9701     		.2byte	0x197
 2240 0adc 0A       		.byte	0xa
 2241 0add 04       		.uleb128 0x4
 2242 0ade 550E0000 		.4byte	0xe55
 2243 0ae2 0D010000 		.4byte	.LLST29
 2244 0ae6 0B010000 		.4byte	.LVUS29
 2245 0aea 00       		.byte	0
 2246 0aeb 00       		.byte	0
 2247 0aec 0B       		.uleb128 0xb
 2248 0aed AC000000 		.4byte	0xac
 2249 0af1 FC0A0000 		.4byte	0xafc
 2250 0af5 0C       		.uleb128 0xc
 2251 0af6 2D000000 		.4byte	0x2d
 2252 0afa 0C       		.byte	0xc
 2253 0afb 00       		.byte	0
 2254 0afc 0A       		.uleb128 0xa
 2255 0afd EC0A0000 		.4byte	0xaec
 2256 0b01 0E       		.uleb128 0xe
 2257 0b02 F2060000 		.4byte	.LASF128
 2258 0b06 7201     		.2byte	0x172
 2259 0b08 00000000 		.4byte	.LFB211
 2260 0b0c 68000000 		.4byte	.LFE211-.LFB211
 2261 0b10 01       		.uleb128 0x1
 2262 0b11 9C       		.byte	0x9c
 2263 0b12 390C0000 		.4byte	0xc39
 2264 0b16 16       		.uleb128 0x16
 2265 0b17 76747000 		.ascii	"vtp\000"
 2266 0b1b 7201     		.2byte	0x172
 2267 0b1d 2C       		.byte	0x2c
 2268 0b1e CB050000 		.4byte	0x5cb
 2269 0b22 01       		.uleb128 0x1
 2270 0b23 50       		.byte	0x50
 2271 0b24 18       		.uleb128 0x18
 2272 0b25 33050000 		.4byte	.LASF129
 2273 0b29 7201     		.2byte	0x172
 2274 0b2b 3F       		.byte	0x3f
 2275 0b2c 82030000 		.4byte	0x382
 2276 0b30 1A010000 		.4byte	.LLST14
 2277 0b34 16010000 		.4byte	.LVUS14
 2278 0b38 18       		.uleb128 0x18
 2279 0b39 54000000 		.4byte	.LASF130
 2280 0b3d 7301     		.2byte	0x173
ARM GAS  /tmp/cclbV3PN.s 			page 41


 2281 0b3f 24       		.byte	0x24
 2282 0b40 AA050000 		.4byte	0x5aa
 2283 0b44 2F010000 		.4byte	.LLST15
 2284 0b48 2B010000 		.4byte	.LVUS15
 2285 0b4c 1F       		.uleb128 0x1f
 2286 0b4d 70617200 		.ascii	"par\000"
 2287 0b51 7301     		.2byte	0x173
 2288 0b53 32       		.byte	0x32
 2289 0b54 A3000000 		.4byte	0xa3
 2290 0b58 44010000 		.4byte	.LLST16
 2291 0b5c 40010000 		.4byte	.LVUS16
 2292 0b60 13       		.uleb128 0x13
 2293 0b61 BE050000 		.4byte	.LASF123
 2294 0b65 7401     		.2byte	0x174
 2295 0b67 0F0A0000 		.4byte	0xa0f
 2296 0b6b 0F       		.uleb128 0xf
 2297 0b6c 6C070000 		.4byte	.LASF126
 2298 0b70 490C0000 		.4byte	0xc49
 2299 0b74 09       		.uleb128 0x9
 2300 0b75 EC0D0000 		.4byte	0xdec
 2301 0b79 20000000 		.4byte	.LBI63
 2302 0b7d 01       		.byte	.LVU87
 2303 0b7e 2A000000 		.4byte	.LLRL17
 2304 0b82 01       		.byte	0x1
 2305 0b83 7F01     		.2byte	0x17f
 2306 0b85 03       		.byte	0x3
 2307 0b86 04       		.uleb128 0x4
 2308 0b87 100E0000 		.4byte	0xe10
 2309 0b8b 59010000 		.4byte	.LLST18
 2310 0b8f 55010000 		.4byte	.LVUS18
 2311 0b93 04       		.uleb128 0x4
 2312 0b94 040E0000 		.4byte	0xe04
 2313 0b98 6C010000 		.4byte	.LLST19
 2314 0b9c 6A010000 		.4byte	.LVUS19
 2315 0ba0 10       		.uleb128 0x10
 2316 0ba1 F90D0000 		.4byte	0xdf9
 2317 0ba5 14       		.uleb128 0x14
 2318 0ba6 2A000000 		.4byte	.LLRL17
 2319 0baa 15       		.uleb128 0x15
 2320 0bab 1B0E0000 		.4byte	0xe1b
 2321 0baf 79010000 		.4byte	.LLST20
 2322 0bb3 75010000 		.4byte	.LVUS20
 2323 0bb7 09       		.uleb128 0x9
 2324 0bb8 630E0000 		.4byte	0xe63
 2325 0bbc 20000000 		.4byte	.LBI65
 2326 0bc0 05       		.byte	.LVU91
 2327 0bc1 2A000000 		.4byte	.LLRL17
 2328 0bc5 01       		.byte	0x1
 2329 0bc6 0501     		.2byte	0x105
 2330 0bc8 03       		.byte	0x3
 2331 0bc9 10       		.uleb128 0x10
 2332 0bca 6E0E0000 		.4byte	0xe6e
 2333 0bce 04       		.uleb128 0x4
 2334 0bcf 880E0000 		.4byte	0xe88
 2335 0bd3 8C010000 		.4byte	.LLST21
 2336 0bd7 8A010000 		.4byte	.LVUS21
 2337 0bdb 04       		.uleb128 0x4
ARM GAS  /tmp/cclbV3PN.s 			page 42


 2338 0bdc 7B0E0000 		.4byte	0xe7b
 2339 0be0 97010000 		.4byte	.LLST22
 2340 0be4 95010000 		.4byte	.LVUS22
 2341 0be8 14       		.uleb128 0x14
 2342 0be9 2A000000 		.4byte	.LLRL17
 2343 0bed 15       		.uleb128 0x15
 2344 0bee 950E0000 		.4byte	0xe95
 2345 0bf2 A4010000 		.4byte	.LLST23
 2346 0bf6 A0010000 		.4byte	.LVUS23
 2347 0bfa 09       		.uleb128 0x9
 2348 0bfb C10E0000 		.4byte	0xec1
 2349 0bff 38000000 		.4byte	.LBI67
 2350 0c03 01       		.byte	.LVU107
 2351 0c04 39000000 		.4byte	.LLRL24
 2352 0c08 02       		.byte	0x2
 2353 0c09 7902     		.2byte	0x279
 2354 0c0b 03       		.byte	0x3
 2355 0c0c 04       		.uleb128 0x4
 2356 0c0d E60E0000 		.4byte	0xee6
 2357 0c11 B6010000 		.4byte	.LLST25
 2358 0c15 B4010000 		.4byte	.LVUS25
 2359 0c19 04       		.uleb128 0x4
 2360 0c1a D90E0000 		.4byte	0xed9
 2361 0c1e C1010000 		.4byte	.LLST26
 2362 0c22 BF010000 		.4byte	.LVUS26
 2363 0c26 04       		.uleb128 0x4
 2364 0c27 CC0E0000 		.4byte	0xecc
 2365 0c2b CC010000 		.4byte	.LLST27
 2366 0c2f CA010000 		.4byte	.LVUS27
 2367 0c33 00       		.byte	0
 2368 0c34 00       		.byte	0
 2369 0c35 00       		.byte	0
 2370 0c36 00       		.byte	0
 2371 0c37 00       		.byte	0
 2372 0c38 00       		.byte	0
 2373 0c39 0B       		.uleb128 0xb
 2374 0c3a AC000000 		.4byte	0xac
 2375 0c3e 490C0000 		.4byte	0xc49
 2376 0c42 0C       		.uleb128 0xc
 2377 0c43 2D000000 		.4byte	0x2d
 2378 0c47 14       		.byte	0x14
 2379 0c48 00       		.byte	0
 2380 0c49 0A       		.uleb128 0xa
 2381 0c4a 390C0000 		.4byte	0xc39
 2382 0c4e 0E       		.uleb128 0xe
 2383 0c4f 39050000 		.4byte	.LASF131
 2384 0c53 4E01     		.2byte	0x14e
 2385 0c55 00000000 		.4byte	.LFB210
 2386 0c59 6C000000 		.4byte	.LFE210-.LFB210
 2387 0c5d 01       		.uleb128 0x1
 2388 0c5e 9C       		.byte	0x9c
 2389 0c5f 860D0000 		.4byte	0xd86
 2390 0c63 16       		.uleb128 0x16
 2391 0c64 76747000 		.ascii	"vtp\000"
 2392 0c68 4E01     		.2byte	0x14e
 2393 0c6a 22       		.byte	0x22
 2394 0c6b CB050000 		.4byte	0x5cb
ARM GAS  /tmp/cclbV3PN.s 			page 43


 2395 0c6f 01       		.uleb128 0x1
 2396 0c70 50       		.byte	0x50
 2397 0c71 18       		.uleb128 0x18
 2398 0c72 33050000 		.4byte	.LASF129
 2399 0c76 4E01     		.2byte	0x14e
 2400 0c78 35       		.byte	0x35
 2401 0c79 82030000 		.4byte	0x382
 2402 0c7d D9010000 		.4byte	.LLST0
 2403 0c81 D5010000 		.4byte	.LVUS0
 2404 0c85 18       		.uleb128 0x18
 2405 0c86 54000000 		.4byte	.LASF130
 2406 0c8a 4F01     		.2byte	0x14f
 2407 0c8c 1A       		.byte	0x1a
 2408 0c8d AA050000 		.4byte	0x5aa
 2409 0c91 F6010000 		.4byte	.LLST1
 2410 0c95 F2010000 		.4byte	.LVUS1
 2411 0c99 1F       		.uleb128 0x1f
 2412 0c9a 70617200 		.ascii	"par\000"
 2413 0c9e 4F01     		.2byte	0x14f
 2414 0ca0 28       		.byte	0x28
 2415 0ca1 A3000000 		.4byte	0xa3
 2416 0ca5 0B020000 		.4byte	.LLST2
 2417 0ca9 07020000 		.4byte	.LVUS2
 2418 0cad 13       		.uleb128 0x13
 2419 0cae BE050000 		.4byte	.LASF123
 2420 0cb2 5001     		.2byte	0x150
 2421 0cb4 0F0A0000 		.4byte	0xa0f
 2422 0cb8 0F       		.uleb128 0xf
 2423 0cb9 6C070000 		.4byte	.LASF126
 2424 0cbd 960D0000 		.4byte	0xd96
 2425 0cc1 09       		.uleb128 0x9
 2426 0cc2 EC0D0000 		.4byte	0xdec
 2427 0cc6 14000000 		.4byte	.LBI37
 2428 0cca 02       		.byte	.LVU27
 2429 0ccb 0C000000 		.4byte	.LLRL3
 2430 0ccf 01       		.byte	0x1
 2431 0cd0 5B01     		.2byte	0x15b
 2432 0cd2 03       		.byte	0x3
 2433 0cd3 04       		.uleb128 0x4
 2434 0cd4 100E0000 		.4byte	0xe10
 2435 0cd8 20020000 		.4byte	.LLST4
 2436 0cdc 1C020000 		.4byte	.LVUS4
 2437 0ce0 04       		.uleb128 0x4
 2438 0ce1 040E0000 		.4byte	0xe04
 2439 0ce5 3B020000 		.4byte	.LLST5
 2440 0ce9 39020000 		.4byte	.LVUS5
 2441 0ced 10       		.uleb128 0x10
 2442 0cee F90D0000 		.4byte	0xdf9
 2443 0cf2 14       		.uleb128 0x14
 2444 0cf3 0C000000 		.4byte	.LLRL3
 2445 0cf7 15       		.uleb128 0x15
 2446 0cf8 1B0E0000 		.4byte	0xe1b
 2447 0cfc 48020000 		.4byte	.LLST6
 2448 0d00 44020000 		.4byte	.LVUS6
 2449 0d04 09       		.uleb128 0x9
 2450 0d05 630E0000 		.4byte	0xe63
 2451 0d09 14000000 		.4byte	.LBI39
ARM GAS  /tmp/cclbV3PN.s 			page 44


 2452 0d0d 06       		.byte	.LVU31
 2453 0d0e 0C000000 		.4byte	.LLRL3
 2454 0d12 01       		.byte	0x1
 2455 0d13 0501     		.2byte	0x105
 2456 0d15 03       		.byte	0x3
 2457 0d16 10       		.uleb128 0x10
 2458 0d17 6E0E0000 		.4byte	0xe6e
 2459 0d1b 04       		.uleb128 0x4
 2460 0d1c 880E0000 		.4byte	0xe88
 2461 0d20 65020000 		.4byte	.LLST7
 2462 0d24 61020000 		.4byte	.LVUS7
 2463 0d28 04       		.uleb128 0x4
 2464 0d29 7B0E0000 		.4byte	0xe7b
 2465 0d2d 78020000 		.4byte	.LLST8
 2466 0d31 76020000 		.4byte	.LVUS8
 2467 0d35 14       		.uleb128 0x14
 2468 0d36 0C000000 		.4byte	.LLRL3
 2469 0d3a 15       		.uleb128 0x15
 2470 0d3b 950E0000 		.4byte	0xe95
 2471 0d3f 85020000 		.4byte	.LLST9
 2472 0d43 81020000 		.4byte	.LVUS9
 2473 0d47 09       		.uleb128 0x9
 2474 0d48 C10E0000 		.4byte	0xec1
 2475 0d4c 3C000000 		.4byte	.LBI41
 2476 0d50 01       		.byte	.LVU50
 2477 0d51 1E000000 		.4byte	.LLRL10
 2478 0d55 02       		.byte	0x2
 2479 0d56 7902     		.2byte	0x279
 2480 0d58 03       		.byte	0x3
 2481 0d59 04       		.uleb128 0x4
 2482 0d5a E60E0000 		.4byte	0xee6
 2483 0d5e 97020000 		.4byte	.LLST11
 2484 0d62 95020000 		.4byte	.LVUS11
 2485 0d66 04       		.uleb128 0x4
 2486 0d67 D90E0000 		.4byte	0xed9
 2487 0d6b A2020000 		.4byte	.LLST12
 2488 0d6f A0020000 		.4byte	.LVUS12
 2489 0d73 04       		.uleb128 0x4
 2490 0d74 CC0E0000 		.4byte	0xecc
 2491 0d78 AD020000 		.4byte	.LLST13
 2492 0d7c AB020000 		.4byte	.LVUS13
 2493 0d80 00       		.byte	0
 2494 0d81 00       		.byte	0
 2495 0d82 00       		.byte	0
 2496 0d83 00       		.byte	0
 2497 0d84 00       		.byte	0
 2498 0d85 00       		.byte	0
 2499 0d86 0B       		.uleb128 0xb
 2500 0d87 AC000000 		.4byte	0xac
 2501 0d8b 960D0000 		.4byte	0xd96
 2502 0d8f 0C       		.uleb128 0xc
 2503 0d90 2D000000 		.4byte	0x2d
 2504 0d94 0A       		.byte	0xa
 2505 0d95 00       		.byte	0
 2506 0d96 0A       		.uleb128 0xa
 2507 0d97 860D0000 		.4byte	0xd86
 2508 0d9b 0E       		.uleb128 0xe
ARM GAS  /tmp/cclbV3PN.s 			page 45


 2509 0d9c 86070000 		.4byte	.LASF132
 2510 0da0 2B01     		.2byte	0x12b
 2511 0da2 00000000 		.4byte	.LFB209
 2512 0da6 04000000 		.4byte	.LFE209-.LFB209
 2513 0daa 01       		.uleb128 0x1
 2514 0dab 9C       		.byte	0x9c
 2515 0dac C80D0000 		.4byte	0xdc8
 2516 0db0 16       		.uleb128 0x16
 2517 0db1 76747000 		.ascii	"vtp\000"
 2518 0db5 2B01     		.2byte	0x12b
 2519 0db7 29       		.byte	0x29
 2520 0db8 CB050000 		.4byte	0x5cb
 2521 0dbc 01       		.uleb128 0x1
 2522 0dbd 50       		.byte	0x50
 2523 0dbe 0F       		.uleb128 0xf
 2524 0dbf 6C070000 		.4byte	.LASF126
 2525 0dc3 0E090000 		.4byte	0x90e
 2526 0dc7 00       		.byte	0
 2527 0dc8 0E       		.uleb128 0xe
 2528 0dc9 47030000 		.4byte	.LASF133
 2529 0dcd 1701     		.2byte	0x117
 2530 0dcf 00000000 		.4byte	.LFB208
 2531 0dd3 0C000000 		.4byte	.LFE208-.LFB208
 2532 0dd7 01       		.uleb128 0x1
 2533 0dd8 9C       		.byte	0x9c
 2534 0dd9 EC0D0000 		.4byte	0xdec
 2535 0ddd 16       		.uleb128 0x16
 2536 0dde 76747000 		.ascii	"vtp\000"
 2537 0de2 1701     		.2byte	0x117
 2538 0de4 26       		.byte	0x26
 2539 0de5 CB050000 		.4byte	0x5cb
 2540 0de9 01       		.uleb128 0x1
 2541 0dea 50       		.byte	0x50
 2542 0deb 00       		.byte	0
 2543 0dec 34       		.uleb128 0x34
 2544 0ded 26070000 		.4byte	.LASF136
 2545 0df1 01       		.byte	0x1
 2546 0df2 DA       		.byte	0xda
 2547 0df3 0D       		.byte	0xd
 2548 0df4 01       		.byte	0x1
 2549 0df5 280E0000 		.4byte	0xe28
 2550 0df9 27       		.uleb128 0x27
 2551 0dfa BE050000 		.4byte	.LASF123
 2552 0dfe DA       		.byte	0xda
 2553 0dff 2F       		.byte	0x2f
 2554 0e00 0F0A0000 		.4byte	0xa0f
 2555 0e04 35       		.uleb128 0x35
 2556 0e05 76747000 		.ascii	"vtp\000"
 2557 0e09 01       		.byte	0x1
 2558 0e0a DB       		.byte	0xdb
 2559 0e0b 29       		.byte	0x29
 2560 0e0c CB050000 		.4byte	0x5cb
 2561 0e10 27       		.uleb128 0x27
 2562 0e11 33050000 		.4byte	.LASF129
 2563 0e15 DC       		.byte	0xdc
 2564 0e16 26       		.byte	0x26
 2565 0e17 82030000 		.4byte	0x382
ARM GAS  /tmp/cclbV3PN.s 			page 46


 2566 0e1b 36       		.uleb128 0x36
 2567 0e1c 4B070000 		.4byte	.LASF81
 2568 0e20 01       		.byte	0x1
 2569 0e21 DD       		.byte	0xdd
 2570 0e22 11       		.byte	0x11
 2571 0e23 82030000 		.4byte	0x382
 2572 0e27 00       		.byte	0
 2573 0e28 37       		.uleb128 0x37
 2574 0e29 76000000 		.4byte	.LASF150
 2575 0e2d 03       		.byte	0x3
 2576 0e2e 86       		.byte	0x86
 2577 0e2f 19       		.byte	0x19
 2578 0e30 71030000 		.4byte	0x371
 2579 0e34 03       		.byte	0x3
 2580 0e35 19       		.uleb128 0x19
 2581 0e36 02020000 		.4byte	.LASF134
 2582 0e3a 0F       		.byte	0xf
 2583 0e3b B501     		.2byte	0x1b5
 2584 0e3d 19       		.uleb128 0x19
 2585 0e3e FE000000 		.4byte	.LASF135
 2586 0e42 0F       		.byte	0xf
 2587 0e43 9F01     		.2byte	0x19f
 2588 0e45 28       		.uleb128 0x28
 2589 0e46 75070000 		.4byte	.LASF141
 2590 0e4a A402     		.2byte	0x2a4
 2591 0e4c 20       		.byte	0x20
 2592 0e4d 57050000 		.4byte	0x557
 2593 0e51 630E0000 		.4byte	0xe63
 2594 0e55 20       		.uleb128 0x20
 2595 0e56 646C7000 		.ascii	"dlp\000"
 2596 0e5a 02       		.byte	0x2
 2597 0e5b A402     		.2byte	0x2a4
 2598 0e5d 42       		.byte	0x42
 2599 0e5e 57050000 		.4byte	0x557
 2600 0e62 00       		.byte	0
 2601 0e63 29       		.uleb128 0x29
 2602 0e64 AE050000 		.4byte	.LASF137
 2603 0e68 6802     		.2byte	0x268
 2604 0e6a AC0E0000 		.4byte	0xeac
 2605 0e6e 11       		.uleb128 0x11
 2606 0e6f 13000000 		.4byte	.LASF138
 2607 0e73 02       		.byte	0x2
 2608 0e74 6802     		.2byte	0x268
 2609 0e76 35       		.byte	0x35
 2610 0e77 57050000 		.4byte	0x557
 2611 0e7b 11       		.uleb128 0x11
 2612 0e7c 34030000 		.4byte	.LASF139
 2613 0e80 02       		.byte	0x2
 2614 0e81 6902     		.2byte	0x269
 2615 0e83 35       		.byte	0x35
 2616 0e84 57050000 		.4byte	0x557
 2617 0e88 11       		.uleb128 0x11
 2618 0e89 4B070000 		.4byte	.LASF81
 2619 0e8d 02       		.byte	0x2
 2620 0e8e 6A02     		.2byte	0x26a
 2621 0e90 32       		.byte	0x32
 2622 0e91 82030000 		.4byte	0x382
ARM GAS  /tmp/cclbV3PN.s 			page 47


 2623 0e95 1D       		.uleb128 0x1d
 2624 0e96 646C7000 		.ascii	"dlp\000"
 2625 0e9a 02       		.byte	0x2
 2626 0e9b 6B02     		.2byte	0x26b
 2627 0e9d 14       		.byte	0x14
 2628 0e9e 57050000 		.4byte	0x557
 2629 0ea2 0F       		.uleb128 0xf
 2630 0ea3 6C070000 		.4byte	.LASF126
 2631 0ea7 BC0E0000 		.4byte	0xebc
 2632 0eab 00       		.byte	0
 2633 0eac 0B       		.uleb128 0xb
 2634 0ead AC000000 		.4byte	0xac
 2635 0eb1 BC0E0000 		.4byte	0xebc
 2636 0eb5 0C       		.uleb128 0xc
 2637 0eb6 2D000000 		.4byte	0x2d
 2638 0eba 0F       		.byte	0xf
 2639 0ebb 00       		.byte	0
 2640 0ebc 0A       		.uleb128 0xa
 2641 0ebd AC0E0000 		.4byte	0xeac
 2642 0ec1 29       		.uleb128 0x29
 2643 0ec2 0D040000 		.4byte	.LASF140
 2644 0ec6 5402     		.2byte	0x254
 2645 0ec8 F40E0000 		.4byte	0xef4
 2646 0ecc 11       		.uleb128 0x11
 2647 0ecd 13000000 		.4byte	.LASF138
 2648 0ed1 02       		.byte	0x2
 2649 0ed2 5402     		.2byte	0x254
 2650 0ed4 3C       		.byte	0x3c
 2651 0ed5 57050000 		.4byte	0x557
 2652 0ed9 20       		.uleb128 0x20
 2653 0eda 646C7000 		.ascii	"dlp\000"
 2654 0ede 02       		.byte	0x2
 2655 0edf 5502     		.2byte	0x255
 2656 0ee1 3C       		.byte	0x3c
 2657 0ee2 57050000 		.4byte	0x557
 2658 0ee6 11       		.uleb128 0x11
 2659 0ee7 4B070000 		.4byte	.LASF81
 2660 0eeb 02       		.byte	0x2
 2661 0eec 5602     		.2byte	0x256
 2662 0eee 39       		.byte	0x39
 2663 0eef 82030000 		.4byte	0x382
 2664 0ef3 00       		.byte	0
 2665 0ef4 28       		.uleb128 0x28
 2666 0ef5 D8050000 		.4byte	.LASF142
 2667 0ef9 1602     		.2byte	0x216
 2668 0efb 14       		.byte	0x14
 2669 0efc 1B080000 		.4byte	0x81b
 2670 0f00 120F0000 		.4byte	0xf12
 2671 0f04 11       		.uleb128 0x11
 2672 0f05 13000000 		.4byte	.LASF138
 2673 0f09 02       		.byte	0x2
 2674 0f0a 1602     		.2byte	0x216
 2675 0f0c 37       		.byte	0x37
 2676 0f0d 57050000 		.4byte	0x557
 2677 0f11 00       		.byte	0
 2678 0f12 19       		.uleb128 0x19
 2679 0f13 50060000 		.4byte	.LASF143
ARM GAS  /tmp/cclbV3PN.s 			page 48


 2680 0f17 0C       		.byte	0xc
 2681 0f18 0603     		.2byte	0x306
 2682 0f1a 19       		.uleb128 0x19
 2683 0f1b CC000000 		.4byte	.LASF144
 2684 0f1f 0C       		.byte	0xc
 2685 0f20 FB02     		.2byte	0x2fb
 2686 0f22 38       		.uleb128 0x38
 2687 0f23 DA030000 		.4byte	.LASF145
 2688 0f27 04       		.byte	0x4
 2689 0f28 CC01     		.2byte	0x1cc
 2690 0f2a 1D       		.byte	0x1d
 2691 0f2b 82030000 		.4byte	0x382
 2692 0f2f 03       		.byte	0x3
 2693 0f30 11       		.uleb128 0x11
 2694 0f31 D2050000 		.4byte	.LASF146
 2695 0f35 04       		.byte	0x4
 2696 0f36 CC01     		.2byte	0x1cc
 2697 0f38 33       		.byte	0x33
 2698 0f39 71030000 		.4byte	0x371
 2699 0f3d 20       		.uleb128 0x20
 2700 0f3e 656E6400 		.ascii	"end\000"
 2701 0f42 04       		.byte	0x4
 2702 0f43 CC01     		.2byte	0x1cc
 2703 0f45 44       		.byte	0x44
 2704 0f46 71030000 		.4byte	0x371
 2705 0f4a 00       		.byte	0
 2706 0f4b 00       		.byte	0
 2707              		.section	.debug_abbrev,"",%progbits
 2708              	.Ldebug_abbrev0:
 2709 0000 01       		.uleb128 0x1
 2710 0001 16       		.uleb128 0x16
 2711 0002 00       		.byte	0
 2712 0003 03       		.uleb128 0x3
 2713 0004 0E       		.uleb128 0xe
 2714 0005 3A       		.uleb128 0x3a
 2715 0006 0B       		.uleb128 0xb
 2716 0007 3B       		.uleb128 0x3b
 2717 0008 0B       		.uleb128 0xb
 2718 0009 39       		.uleb128 0x39
 2719 000a 0B       		.uleb128 0xb
 2720 000b 49       		.uleb128 0x49
 2721 000c 13       		.uleb128 0x13
 2722 000d 00       		.byte	0
 2723 000e 00       		.byte	0
 2724 000f 02       		.uleb128 0x2
 2725 0010 0D       		.uleb128 0xd
 2726 0011 00       		.byte	0
 2727 0012 03       		.uleb128 0x3
 2728 0013 0E       		.uleb128 0xe
 2729 0014 3A       		.uleb128 0x3a
 2730 0015 0B       		.uleb128 0xb
 2731 0016 3B       		.uleb128 0x3b
 2732 0017 0B       		.uleb128 0xb
 2733 0018 39       		.uleb128 0x39
 2734 0019 0B       		.uleb128 0xb
 2735 001a 49       		.uleb128 0x49
 2736 001b 13       		.uleb128 0x13
ARM GAS  /tmp/cclbV3PN.s 			page 49


 2737 001c 38       		.uleb128 0x38
 2738 001d 0B       		.uleb128 0xb
 2739 001e 00       		.byte	0
 2740 001f 00       		.byte	0
 2741 0020 03       		.uleb128 0x3
 2742 0021 0D       		.uleb128 0xd
 2743 0022 00       		.byte	0
 2744 0023 03       		.uleb128 0x3
 2745 0024 0E       		.uleb128 0xe
 2746 0025 3A       		.uleb128 0x3a
 2747 0026 0B       		.uleb128 0xb
 2748 0027 3B       		.uleb128 0x3b
 2749 0028 05       		.uleb128 0x5
 2750 0029 39       		.uleb128 0x39
 2751 002a 0B       		.uleb128 0xb
 2752 002b 49       		.uleb128 0x49
 2753 002c 13       		.uleb128 0x13
 2754 002d 38       		.uleb128 0x38
 2755 002e 0B       		.uleb128 0xb
 2756 002f 00       		.byte	0
 2757 0030 00       		.byte	0
 2758 0031 04       		.uleb128 0x4
 2759 0032 05       		.uleb128 0x5
 2760 0033 00       		.byte	0
 2761 0034 31       		.uleb128 0x31
 2762 0035 13       		.uleb128 0x13
 2763 0036 02       		.uleb128 0x2
 2764 0037 17       		.uleb128 0x17
 2765 0038 B742     		.uleb128 0x2137
 2766 003a 17       		.uleb128 0x17
 2767 003b 00       		.byte	0
 2768 003c 00       		.byte	0
 2769 003d 05       		.uleb128 0x5
 2770 003e 0F       		.uleb128 0xf
 2771 003f 00       		.byte	0
 2772 0040 0B       		.uleb128 0xb
 2773 0041 21       		.uleb128 0x21
 2774 0042 04       		.sleb128 4
 2775 0043 49       		.uleb128 0x49
 2776 0044 13       		.uleb128 0x13
 2777 0045 00       		.byte	0
 2778 0046 00       		.byte	0
 2779 0047 06       		.uleb128 0x6
 2780 0048 0D       		.uleb128 0xd
 2781 0049 00       		.byte	0
 2782 004a 03       		.uleb128 0x3
 2783 004b 08       		.uleb128 0x8
 2784 004c 3A       		.uleb128 0x3a
 2785 004d 0B       		.uleb128 0xb
 2786 004e 3B       		.uleb128 0x3b
 2787 004f 05       		.uleb128 0x5
 2788 0050 39       		.uleb128 0x39
 2789 0051 0B       		.uleb128 0xb
 2790 0052 49       		.uleb128 0x49
 2791 0053 13       		.uleb128 0x13
 2792 0054 38       		.uleb128 0x38
 2793 0055 0B       		.uleb128 0xb
ARM GAS  /tmp/cclbV3PN.s 			page 50


 2794 0056 00       		.byte	0
 2795 0057 00       		.byte	0
 2796 0058 07       		.uleb128 0x7
 2797 0059 24       		.uleb128 0x24
 2798 005a 00       		.byte	0
 2799 005b 0B       		.uleb128 0xb
 2800 005c 0B       		.uleb128 0xb
 2801 005d 3E       		.uleb128 0x3e
 2802 005e 0B       		.uleb128 0xb
 2803 005f 03       		.uleb128 0x3
 2804 0060 0E       		.uleb128 0xe
 2805 0061 00       		.byte	0
 2806 0062 00       		.byte	0
 2807 0063 08       		.uleb128 0x8
 2808 0064 13       		.uleb128 0x13
 2809 0065 01       		.byte	0x1
 2810 0066 03       		.uleb128 0x3
 2811 0067 0E       		.uleb128 0xe
 2812 0068 0B       		.uleb128 0xb
 2813 0069 0B       		.uleb128 0xb
 2814 006a 3A       		.uleb128 0x3a
 2815 006b 0B       		.uleb128 0xb
 2816 006c 3B       		.uleb128 0x3b
 2817 006d 0B       		.uleb128 0xb
 2818 006e 39       		.uleb128 0x39
 2819 006f 0B       		.uleb128 0xb
 2820 0070 01       		.uleb128 0x1
 2821 0071 13       		.uleb128 0x13
 2822 0072 00       		.byte	0
 2823 0073 00       		.byte	0
 2824 0074 09       		.uleb128 0x9
 2825 0075 1D       		.uleb128 0x1d
 2826 0076 01       		.byte	0x1
 2827 0077 31       		.uleb128 0x31
 2828 0078 13       		.uleb128 0x13
 2829 0079 52       		.uleb128 0x52
 2830 007a 01       		.uleb128 0x1
 2831 007b B842     		.uleb128 0x2138
 2832 007d 0B       		.uleb128 0xb
 2833 007e 55       		.uleb128 0x55
 2834 007f 17       		.uleb128 0x17
 2835 0080 58       		.uleb128 0x58
 2836 0081 0B       		.uleb128 0xb
 2837 0082 59       		.uleb128 0x59
 2838 0083 05       		.uleb128 0x5
 2839 0084 57       		.uleb128 0x57
 2840 0085 0B       		.uleb128 0xb
 2841 0086 00       		.byte	0
 2842 0087 00       		.byte	0
 2843 0088 0A       		.uleb128 0xa
 2844 0089 26       		.uleb128 0x26
 2845 008a 00       		.byte	0
 2846 008b 49       		.uleb128 0x49
 2847 008c 13       		.uleb128 0x13
 2848 008d 00       		.byte	0
 2849 008e 00       		.byte	0
 2850 008f 0B       		.uleb128 0xb
ARM GAS  /tmp/cclbV3PN.s 			page 51


 2851 0090 01       		.uleb128 0x1
 2852 0091 01       		.byte	0x1
 2853 0092 49       		.uleb128 0x49
 2854 0093 13       		.uleb128 0x13
 2855 0094 01       		.uleb128 0x1
 2856 0095 13       		.uleb128 0x13
 2857 0096 00       		.byte	0
 2858 0097 00       		.byte	0
 2859 0098 0C       		.uleb128 0xc
 2860 0099 21       		.uleb128 0x21
 2861 009a 00       		.byte	0
 2862 009b 49       		.uleb128 0x49
 2863 009c 13       		.uleb128 0x13
 2864 009d 2F       		.uleb128 0x2f
 2865 009e 0B       		.uleb128 0xb
 2866 009f 00       		.byte	0
 2867 00a0 00       		.byte	0
 2868 00a1 0D       		.uleb128 0xd
 2869 00a2 0D       		.uleb128 0xd
 2870 00a3 00       		.byte	0
 2871 00a4 03       		.uleb128 0x3
 2872 00a5 0E       		.uleb128 0xe
 2873 00a6 3A       		.uleb128 0x3a
 2874 00a7 21       		.uleb128 0x21
 2875 00a8 09       		.sleb128 9
 2876 00a9 3B       		.uleb128 0x3b
 2877 00aa 05       		.uleb128 0x5
 2878 00ab 39       		.uleb128 0x39
 2879 00ac 0B       		.uleb128 0xb
 2880 00ad 49       		.uleb128 0x49
 2881 00ae 13       		.uleb128 0x13
 2882 00af 00       		.byte	0
 2883 00b0 00       		.byte	0
 2884 00b1 0E       		.uleb128 0xe
 2885 00b2 2E       		.uleb128 0x2e
 2886 00b3 01       		.byte	0x1
 2887 00b4 3F       		.uleb128 0x3f
 2888 00b5 19       		.uleb128 0x19
 2889 00b6 03       		.uleb128 0x3
 2890 00b7 0E       		.uleb128 0xe
 2891 00b8 3A       		.uleb128 0x3a
 2892 00b9 21       		.uleb128 0x21
 2893 00ba 01       		.sleb128 1
 2894 00bb 3B       		.uleb128 0x3b
 2895 00bc 05       		.uleb128 0x5
 2896 00bd 39       		.uleb128 0x39
 2897 00be 21       		.uleb128 0x21
 2898 00bf 06       		.sleb128 6
 2899 00c0 27       		.uleb128 0x27
 2900 00c1 19       		.uleb128 0x19
 2901 00c2 11       		.uleb128 0x11
 2902 00c3 01       		.uleb128 0x1
 2903 00c4 12       		.uleb128 0x12
 2904 00c5 06       		.uleb128 0x6
 2905 00c6 40       		.uleb128 0x40
 2906 00c7 18       		.uleb128 0x18
 2907 00c8 7A       		.uleb128 0x7a
ARM GAS  /tmp/cclbV3PN.s 			page 52


 2908 00c9 19       		.uleb128 0x19
 2909 00ca 01       		.uleb128 0x1
 2910 00cb 13       		.uleb128 0x13
 2911 00cc 00       		.byte	0
 2912 00cd 00       		.byte	0
 2913 00ce 0F       		.uleb128 0xf
 2914 00cf 34       		.uleb128 0x34
 2915 00d0 00       		.byte	0
 2916 00d1 03       		.uleb128 0x3
 2917 00d2 0E       		.uleb128 0xe
 2918 00d3 49       		.uleb128 0x49
 2919 00d4 13       		.uleb128 0x13
 2920 00d5 34       		.uleb128 0x34
 2921 00d6 19       		.uleb128 0x19
 2922 00d7 00       		.byte	0
 2923 00d8 00       		.byte	0
 2924 00d9 10       		.uleb128 0x10
 2925 00da 05       		.uleb128 0x5
 2926 00db 00       		.byte	0
 2927 00dc 31       		.uleb128 0x31
 2928 00dd 13       		.uleb128 0x13
 2929 00de 00       		.byte	0
 2930 00df 00       		.byte	0
 2931 00e0 11       		.uleb128 0x11
 2932 00e1 05       		.uleb128 0x5
 2933 00e2 00       		.byte	0
 2934 00e3 03       		.uleb128 0x3
 2935 00e4 0E       		.uleb128 0xe
 2936 00e5 3A       		.uleb128 0x3a
 2937 00e6 0B       		.uleb128 0xb
 2938 00e7 3B       		.uleb128 0x3b
 2939 00e8 05       		.uleb128 0x5
 2940 00e9 39       		.uleb128 0x39
 2941 00ea 0B       		.uleb128 0xb
 2942 00eb 49       		.uleb128 0x49
 2943 00ec 13       		.uleb128 0x13
 2944 00ed 00       		.byte	0
 2945 00ee 00       		.byte	0
 2946 00ef 12       		.uleb128 0x12
 2947 00f0 13       		.uleb128 0x13
 2948 00f1 01       		.byte	0x1
 2949 00f2 03       		.uleb128 0x3
 2950 00f3 0E       		.uleb128 0xe
 2951 00f4 0B       		.uleb128 0xb
 2952 00f5 0B       		.uleb128 0xb
 2953 00f6 3A       		.uleb128 0x3a
 2954 00f7 0B       		.uleb128 0xb
 2955 00f8 3B       		.uleb128 0x3b
 2956 00f9 05       		.uleb128 0x5
 2957 00fa 39       		.uleb128 0x39
 2958 00fb 0B       		.uleb128 0xb
 2959 00fc 01       		.uleb128 0x1
 2960 00fd 13       		.uleb128 0x13
 2961 00fe 00       		.byte	0
 2962 00ff 00       		.byte	0
 2963 0100 13       		.uleb128 0x13
 2964 0101 34       		.uleb128 0x34
ARM GAS  /tmp/cclbV3PN.s 			page 53


 2965 0102 00       		.byte	0
 2966 0103 03       		.uleb128 0x3
 2967 0104 0E       		.uleb128 0xe
 2968 0105 3A       		.uleb128 0x3a
 2969 0106 21       		.uleb128 0x21
 2970 0107 01       		.sleb128 1
 2971 0108 3B       		.uleb128 0x3b
 2972 0109 05       		.uleb128 0x5
 2973 010a 39       		.uleb128 0x39
 2974 010b 21       		.uleb128 0x21
 2975 010c 1A       		.sleb128 26
 2976 010d 49       		.uleb128 0x49
 2977 010e 13       		.uleb128 0x13
 2978 010f 00       		.byte	0
 2979 0110 00       		.byte	0
 2980 0111 14       		.uleb128 0x14
 2981 0112 0B       		.uleb128 0xb
 2982 0113 01       		.byte	0x1
 2983 0114 55       		.uleb128 0x55
 2984 0115 17       		.uleb128 0x17
 2985 0116 00       		.byte	0
 2986 0117 00       		.byte	0
 2987 0118 15       		.uleb128 0x15
 2988 0119 34       		.uleb128 0x34
 2989 011a 00       		.byte	0
 2990 011b 31       		.uleb128 0x31
 2991 011c 13       		.uleb128 0x13
 2992 011d 02       		.uleb128 0x2
 2993 011e 17       		.uleb128 0x17
 2994 011f B742     		.uleb128 0x2137
 2995 0121 17       		.uleb128 0x17
 2996 0122 00       		.byte	0
 2997 0123 00       		.byte	0
 2998 0124 16       		.uleb128 0x16
 2999 0125 05       		.uleb128 0x5
 3000 0126 00       		.byte	0
 3001 0127 03       		.uleb128 0x3
 3002 0128 08       		.uleb128 0x8
 3003 0129 3A       		.uleb128 0x3a
 3004 012a 21       		.uleb128 0x21
 3005 012b 01       		.sleb128 1
 3006 012c 3B       		.uleb128 0x3b
 3007 012d 05       		.uleb128 0x5
 3008 012e 39       		.uleb128 0x39
 3009 012f 0B       		.uleb128 0xb
 3010 0130 49       		.uleb128 0x49
 3011 0131 13       		.uleb128 0x13
 3012 0132 02       		.uleb128 0x2
 3013 0133 18       		.uleb128 0x18
 3014 0134 00       		.byte	0
 3015 0135 00       		.byte	0
 3016 0136 17       		.uleb128 0x17
 3017 0137 0D       		.uleb128 0xd
 3018 0138 00       		.byte	0
 3019 0139 03       		.uleb128 0x3
 3020 013a 08       		.uleb128 0x8
 3021 013b 3A       		.uleb128 0x3a
ARM GAS  /tmp/cclbV3PN.s 			page 54


 3022 013c 0B       		.uleb128 0xb
 3023 013d 3B       		.uleb128 0x3b
 3024 013e 0B       		.uleb128 0xb
 3025 013f 39       		.uleb128 0x39
 3026 0140 0B       		.uleb128 0xb
 3027 0141 49       		.uleb128 0x49
 3028 0142 13       		.uleb128 0x13
 3029 0143 38       		.uleb128 0x38
 3030 0144 0B       		.uleb128 0xb
 3031 0145 00       		.byte	0
 3032 0146 00       		.byte	0
 3033 0147 18       		.uleb128 0x18
 3034 0148 05       		.uleb128 0x5
 3035 0149 00       		.byte	0
 3036 014a 03       		.uleb128 0x3
 3037 014b 0E       		.uleb128 0xe
 3038 014c 3A       		.uleb128 0x3a
 3039 014d 21       		.uleb128 0x21
 3040 014e 01       		.sleb128 1
 3041 014f 3B       		.uleb128 0x3b
 3042 0150 05       		.uleb128 0x5
 3043 0151 39       		.uleb128 0x39
 3044 0152 0B       		.uleb128 0xb
 3045 0153 49       		.uleb128 0x49
 3046 0154 13       		.uleb128 0x13
 3047 0155 02       		.uleb128 0x2
 3048 0156 17       		.uleb128 0x17
 3049 0157 B742     		.uleb128 0x2137
 3050 0159 17       		.uleb128 0x17
 3051 015a 00       		.byte	0
 3052 015b 00       		.byte	0
 3053 015c 19       		.uleb128 0x19
 3054 015d 2E       		.uleb128 0x2e
 3055 015e 00       		.byte	0
 3056 015f 03       		.uleb128 0x3
 3057 0160 0E       		.uleb128 0xe
 3058 0161 3A       		.uleb128 0x3a
 3059 0162 0B       		.uleb128 0xb
 3060 0163 3B       		.uleb128 0x3b
 3061 0164 05       		.uleb128 0x5
 3062 0165 39       		.uleb128 0x39
 3063 0166 21       		.uleb128 0x21
 3064 0167 14       		.sleb128 20
 3065 0168 27       		.uleb128 0x27
 3066 0169 19       		.uleb128 0x19
 3067 016a 20       		.uleb128 0x20
 3068 016b 21       		.uleb128 0x21
 3069 016c 03       		.sleb128 3
 3070 016d 00       		.byte	0
 3071 016e 00       		.byte	0
 3072 016f 1A       		.uleb128 0x1a
 3073 0170 35       		.uleb128 0x35
 3074 0171 00       		.byte	0
 3075 0172 49       		.uleb128 0x49
 3076 0173 13       		.uleb128 0x13
 3077 0174 00       		.byte	0
 3078 0175 00       		.byte	0
ARM GAS  /tmp/cclbV3PN.s 			page 55


 3079 0176 1B       		.uleb128 0x1b
 3080 0177 05       		.uleb128 0x5
 3081 0178 00       		.byte	0
 3082 0179 49       		.uleb128 0x49
 3083 017a 13       		.uleb128 0x13
 3084 017b 00       		.byte	0
 3085 017c 00       		.byte	0
 3086 017d 1C       		.uleb128 0x1c
 3087 017e 0D       		.uleb128 0xd
 3088 017f 00       		.byte	0
 3089 0180 03       		.uleb128 0x3
 3090 0181 0E       		.uleb128 0xe
 3091 0182 3A       		.uleb128 0x3a
 3092 0183 21       		.uleb128 0x21
 3093 0184 09       		.sleb128 9
 3094 0185 3B       		.uleb128 0x3b
 3095 0186 0B       		.uleb128 0xb
 3096 0187 39       		.uleb128 0x39
 3097 0188 21       		.uleb128 0x21
 3098 0189 21       		.sleb128 33
 3099 018a 49       		.uleb128 0x49
 3100 018b 13       		.uleb128 0x13
 3101 018c 00       		.byte	0
 3102 018d 00       		.byte	0
 3103 018e 1D       		.uleb128 0x1d
 3104 018f 34       		.uleb128 0x34
 3105 0190 00       		.byte	0
 3106 0191 03       		.uleb128 0x3
 3107 0192 08       		.uleb128 0x8
 3108 0193 3A       		.uleb128 0x3a
 3109 0194 0B       		.uleb128 0xb
 3110 0195 3B       		.uleb128 0x3b
 3111 0196 05       		.uleb128 0x5
 3112 0197 39       		.uleb128 0x39
 3113 0198 0B       		.uleb128 0xb
 3114 0199 49       		.uleb128 0x49
 3115 019a 13       		.uleb128 0x13
 3116 019b 00       		.byte	0
 3117 019c 00       		.byte	0
 3118 019d 1E       		.uleb128 0x1e
 3119 019e 34       		.uleb128 0x34
 3120 019f 00       		.byte	0
 3121 01a0 03       		.uleb128 0x3
 3122 01a1 0E       		.uleb128 0xe
 3123 01a2 3A       		.uleb128 0x3a
 3124 01a3 21       		.uleb128 0x21
 3125 01a4 01       		.sleb128 1
 3126 01a5 3B       		.uleb128 0x3b
 3127 01a6 05       		.uleb128 0x5
 3128 01a7 39       		.uleb128 0x39
 3129 01a8 0B       		.uleb128 0xb
 3130 01a9 49       		.uleb128 0x49
 3131 01aa 13       		.uleb128 0x13
 3132 01ab 02       		.uleb128 0x2
 3133 01ac 17       		.uleb128 0x17
 3134 01ad B742     		.uleb128 0x2137
 3135 01af 17       		.uleb128 0x17
ARM GAS  /tmp/cclbV3PN.s 			page 56


 3136 01b0 00       		.byte	0
 3137 01b1 00       		.byte	0
 3138 01b2 1F       		.uleb128 0x1f
 3139 01b3 05       		.uleb128 0x5
 3140 01b4 00       		.byte	0
 3141 01b5 03       		.uleb128 0x3
 3142 01b6 08       		.uleb128 0x8
 3143 01b7 3A       		.uleb128 0x3a
 3144 01b8 21       		.uleb128 0x21
 3145 01b9 01       		.sleb128 1
 3146 01ba 3B       		.uleb128 0x3b
 3147 01bb 05       		.uleb128 0x5
 3148 01bc 39       		.uleb128 0x39
 3149 01bd 0B       		.uleb128 0xb
 3150 01be 49       		.uleb128 0x49
 3151 01bf 13       		.uleb128 0x13
 3152 01c0 02       		.uleb128 0x2
 3153 01c1 17       		.uleb128 0x17
 3154 01c2 B742     		.uleb128 0x2137
 3155 01c4 17       		.uleb128 0x17
 3156 01c5 00       		.byte	0
 3157 01c6 00       		.byte	0
 3158 01c7 20       		.uleb128 0x20
 3159 01c8 05       		.uleb128 0x5
 3160 01c9 00       		.byte	0
 3161 01ca 03       		.uleb128 0x3
 3162 01cb 08       		.uleb128 0x8
 3163 01cc 3A       		.uleb128 0x3a
 3164 01cd 0B       		.uleb128 0xb
 3165 01ce 3B       		.uleb128 0x3b
 3166 01cf 05       		.uleb128 0x5
 3167 01d0 39       		.uleb128 0x39
 3168 01d1 0B       		.uleb128 0xb
 3169 01d2 49       		.uleb128 0x49
 3170 01d3 13       		.uleb128 0x13
 3171 01d4 00       		.byte	0
 3172 01d5 00       		.byte	0
 3173 01d6 21       		.uleb128 0x21
 3174 01d7 15       		.uleb128 0x15
 3175 01d8 01       		.byte	0x1
 3176 01d9 27       		.uleb128 0x27
 3177 01da 19       		.uleb128 0x19
 3178 01db 01       		.uleb128 0x1
 3179 01dc 13       		.uleb128 0x13
 3180 01dd 00       		.byte	0
 3181 01de 00       		.byte	0
 3182 01df 22       		.uleb128 0x22
 3183 01e0 17       		.uleb128 0x17
 3184 01e1 01       		.byte	0x1
 3185 01e2 0B       		.uleb128 0xb
 3186 01e3 0B       		.uleb128 0xb
 3187 01e4 3A       		.uleb128 0x3a
 3188 01e5 21       		.uleb128 0x21
 3189 01e6 09       		.sleb128 9
 3190 01e7 3B       		.uleb128 0x3b
 3191 01e8 0B       		.uleb128 0xb
 3192 01e9 39       		.uleb128 0x39
ARM GAS  /tmp/cclbV3PN.s 			page 57


 3193 01ea 21       		.uleb128 0x21
 3194 01eb 03       		.sleb128 3
 3195 01ec 01       		.uleb128 0x1
 3196 01ed 13       		.uleb128 0x13
 3197 01ee 00       		.byte	0
 3198 01ef 00       		.byte	0
 3199 01f0 23       		.uleb128 0x23
 3200 01f1 16       		.uleb128 0x16
 3201 01f2 00       		.byte	0
 3202 01f3 03       		.uleb128 0x3
 3203 01f4 0E       		.uleb128 0xe
 3204 01f5 3A       		.uleb128 0x3a
 3205 01f6 21       		.uleb128 0x21
 3206 01f7 09       		.sleb128 9
 3207 01f8 3B       		.uleb128 0x3b
 3208 01f9 05       		.uleb128 0x5
 3209 01fa 39       		.uleb128 0x39
 3210 01fb 21       		.uleb128 0x21
 3211 01fc 03       		.sleb128 3
 3212 01fd 49       		.uleb128 0x49
 3213 01fe 13       		.uleb128 0x13
 3214 01ff 00       		.byte	0
 3215 0200 00       		.byte	0
 3216 0201 24       		.uleb128 0x24
 3217 0202 2E       		.uleb128 0x2e
 3218 0203 01       		.byte	0x1
 3219 0204 3F       		.uleb128 0x3f
 3220 0205 19       		.uleb128 0x19
 3221 0206 03       		.uleb128 0x3
 3222 0207 0E       		.uleb128 0xe
 3223 0208 3A       		.uleb128 0x3a
 3224 0209 21       		.uleb128 0x21
 3225 020a 01       		.sleb128 1
 3226 020b 3B       		.uleb128 0x3b
 3227 020c 05       		.uleb128 0x5
 3228 020d 39       		.uleb128 0x39
 3229 020e 0B       		.uleb128 0xb
 3230 020f 27       		.uleb128 0x27
 3231 0210 19       		.uleb128 0x19
 3232 0211 49       		.uleb128 0x49
 3233 0212 13       		.uleb128 0x13
 3234 0213 11       		.uleb128 0x11
 3235 0214 01       		.uleb128 0x1
 3236 0215 12       		.uleb128 0x12
 3237 0216 06       		.uleb128 0x6
 3238 0217 40       		.uleb128 0x40
 3239 0218 18       		.uleb128 0x18
 3240 0219 7A       		.uleb128 0x7a
 3241 021a 19       		.uleb128 0x19
 3242 021b 01       		.uleb128 0x1
 3243 021c 13       		.uleb128 0x13
 3244 021d 00       		.byte	0
 3245 021e 00       		.byte	0
 3246 021f 25       		.uleb128 0x25
 3247 0220 34       		.uleb128 0x34
 3248 0221 00       		.byte	0
 3249 0222 03       		.uleb128 0x3
ARM GAS  /tmp/cclbV3PN.s 			page 58


 3250 0223 08       		.uleb128 0x8
 3251 0224 3A       		.uleb128 0x3a
 3252 0225 21       		.uleb128 0x21
 3253 0226 01       		.sleb128 1
 3254 0227 3B       		.uleb128 0x3b
 3255 0228 05       		.uleb128 0x5
 3256 0229 39       		.uleb128 0x39
 3257 022a 0B       		.uleb128 0xb
 3258 022b 49       		.uleb128 0x49
 3259 022c 13       		.uleb128 0x13
 3260 022d 02       		.uleb128 0x2
 3261 022e 17       		.uleb128 0x17
 3262 022f B742     		.uleb128 0x2137
 3263 0231 17       		.uleb128 0x17
 3264 0232 00       		.byte	0
 3265 0233 00       		.byte	0
 3266 0234 26       		.uleb128 0x26
 3267 0235 1D       		.uleb128 0x1d
 3268 0236 01       		.byte	0x1
 3269 0237 31       		.uleb128 0x31
 3270 0238 13       		.uleb128 0x13
 3271 0239 52       		.uleb128 0x52
 3272 023a 01       		.uleb128 0x1
 3273 023b B842     		.uleb128 0x2138
 3274 023d 0B       		.uleb128 0xb
 3275 023e 55       		.uleb128 0x55
 3276 023f 17       		.uleb128 0x17
 3277 0240 58       		.uleb128 0x58
 3278 0241 21       		.uleb128 0x21
 3279 0242 01       		.sleb128 1
 3280 0243 59       		.uleb128 0x59
 3281 0244 05       		.uleb128 0x5
 3282 0245 57       		.uleb128 0x57
 3283 0246 0B       		.uleb128 0xb
 3284 0247 01       		.uleb128 0x1
 3285 0248 13       		.uleb128 0x13
 3286 0249 00       		.byte	0
 3287 024a 00       		.byte	0
 3288 024b 27       		.uleb128 0x27
 3289 024c 05       		.uleb128 0x5
 3290 024d 00       		.byte	0
 3291 024e 03       		.uleb128 0x3
 3292 024f 0E       		.uleb128 0xe
 3293 0250 3A       		.uleb128 0x3a
 3294 0251 21       		.uleb128 0x21
 3295 0252 01       		.sleb128 1
 3296 0253 3B       		.uleb128 0x3b
 3297 0254 0B       		.uleb128 0xb
 3298 0255 39       		.uleb128 0x39
 3299 0256 0B       		.uleb128 0xb
 3300 0257 49       		.uleb128 0x49
 3301 0258 13       		.uleb128 0x13
 3302 0259 00       		.byte	0
 3303 025a 00       		.byte	0
 3304 025b 28       		.uleb128 0x28
 3305 025c 2E       		.uleb128 0x2e
 3306 025d 01       		.byte	0x1
ARM GAS  /tmp/cclbV3PN.s 			page 59


 3307 025e 03       		.uleb128 0x3
 3308 025f 0E       		.uleb128 0xe
 3309 0260 3A       		.uleb128 0x3a
 3310 0261 21       		.uleb128 0x21
 3311 0262 02       		.sleb128 2
 3312 0263 3B       		.uleb128 0x3b
 3313 0264 05       		.uleb128 0x5
 3314 0265 39       		.uleb128 0x39
 3315 0266 0B       		.uleb128 0xb
 3316 0267 27       		.uleb128 0x27
 3317 0268 19       		.uleb128 0x19
 3318 0269 49       		.uleb128 0x49
 3319 026a 13       		.uleb128 0x13
 3320 026b 20       		.uleb128 0x20
 3321 026c 21       		.uleb128 0x21
 3322 026d 03       		.sleb128 3
 3323 026e 01       		.uleb128 0x1
 3324 026f 13       		.uleb128 0x13
 3325 0270 00       		.byte	0
 3326 0271 00       		.byte	0
 3327 0272 29       		.uleb128 0x29
 3328 0273 2E       		.uleb128 0x2e
 3329 0274 01       		.byte	0x1
 3330 0275 03       		.uleb128 0x3
 3331 0276 0E       		.uleb128 0xe
 3332 0277 3A       		.uleb128 0x3a
 3333 0278 21       		.uleb128 0x21
 3334 0279 02       		.sleb128 2
 3335 027a 3B       		.uleb128 0x3b
 3336 027b 05       		.uleb128 0x5
 3337 027c 39       		.uleb128 0x39
 3338 027d 21       		.uleb128 0x21
 3339 027e 14       		.sleb128 20
 3340 027f 27       		.uleb128 0x27
 3341 0280 19       		.uleb128 0x19
 3342 0281 20       		.uleb128 0x20
 3343 0282 21       		.uleb128 0x21
 3344 0283 03       		.sleb128 3
 3345 0284 01       		.uleb128 0x1
 3346 0285 13       		.uleb128 0x13
 3347 0286 00       		.byte	0
 3348 0287 00       		.byte	0
 3349 0288 2A       		.uleb128 0x2a
 3350 0289 11       		.uleb128 0x11
 3351 028a 01       		.byte	0x1
 3352 028b 25       		.uleb128 0x25
 3353 028c 0E       		.uleb128 0xe
 3354 028d 13       		.uleb128 0x13
 3355 028e 0B       		.uleb128 0xb
 3356 028f 03       		.uleb128 0x3
 3357 0290 0E       		.uleb128 0xe
 3358 0291 1B       		.uleb128 0x1b
 3359 0292 0E       		.uleb128 0xe
 3360 0293 55       		.uleb128 0x55
 3361 0294 17       		.uleb128 0x17
 3362 0295 11       		.uleb128 0x11
 3363 0296 01       		.uleb128 0x1
ARM GAS  /tmp/cclbV3PN.s 			page 60


 3364 0297 10       		.uleb128 0x10
 3365 0298 17       		.uleb128 0x17
 3366 0299 00       		.byte	0
 3367 029a 00       		.byte	0
 3368 029b 2B       		.uleb128 0x2b
 3369 029c 24       		.uleb128 0x24
 3370 029d 00       		.byte	0
 3371 029e 0B       		.uleb128 0xb
 3372 029f 0B       		.uleb128 0xb
 3373 02a0 3E       		.uleb128 0x3e
 3374 02a1 0B       		.uleb128 0xb
 3375 02a2 03       		.uleb128 0x3
 3376 02a3 08       		.uleb128 0x8
 3377 02a4 00       		.byte	0
 3378 02a5 00       		.byte	0
 3379 02a6 2C       		.uleb128 0x2c
 3380 02a7 0F       		.uleb128 0xf
 3381 02a8 00       		.byte	0
 3382 02a9 0B       		.uleb128 0xb
 3383 02aa 0B       		.uleb128 0xb
 3384 02ab 00       		.byte	0
 3385 02ac 00       		.byte	0
 3386 02ad 2D       		.uleb128 0x2d
 3387 02ae 34       		.uleb128 0x34
 3388 02af 00       		.byte	0
 3389 02b0 03       		.uleb128 0x3
 3390 02b1 08       		.uleb128 0x8
 3391 02b2 3A       		.uleb128 0x3a
 3392 02b3 0B       		.uleb128 0xb
 3393 02b4 3B       		.uleb128 0x3b
 3394 02b5 05       		.uleb128 0x5
 3395 02b6 39       		.uleb128 0x39
 3396 02b7 0B       		.uleb128 0xb
 3397 02b8 49       		.uleb128 0x49
 3398 02b9 13       		.uleb128 0x13
 3399 02ba 3F       		.uleb128 0x3f
 3400 02bb 19       		.uleb128 0x19
 3401 02bc 3C       		.uleb128 0x3c
 3402 02bd 19       		.uleb128 0x19
 3403 02be 00       		.byte	0
 3404 02bf 00       		.byte	0
 3405 02c0 2E       		.uleb128 0x2e
 3406 02c1 1D       		.uleb128 0x1d
 3407 02c2 00       		.byte	0
 3408 02c3 31       		.uleb128 0x31
 3409 02c4 13       		.uleb128 0x13
 3410 02c5 52       		.uleb128 0x52
 3411 02c6 01       		.uleb128 0x1
 3412 02c7 B842     		.uleb128 0x2138
 3413 02c9 0B       		.uleb128 0xb
 3414 02ca 11       		.uleb128 0x11
 3415 02cb 01       		.uleb128 0x1
 3416 02cc 12       		.uleb128 0x12
 3417 02cd 06       		.uleb128 0x6
 3418 02ce 58       		.uleb128 0x58
 3419 02cf 0B       		.uleb128 0xb
 3420 02d0 59       		.uleb128 0x59
ARM GAS  /tmp/cclbV3PN.s 			page 61


 3421 02d1 05       		.uleb128 0x5
 3422 02d2 57       		.uleb128 0x57
 3423 02d3 0B       		.uleb128 0xb
 3424 02d4 00       		.byte	0
 3425 02d5 00       		.byte	0
 3426 02d6 2F       		.uleb128 0x2f
 3427 02d7 1D       		.uleb128 0x1d
 3428 02d8 00       		.byte	0
 3429 02d9 31       		.uleb128 0x31
 3430 02da 13       		.uleb128 0x13
 3431 02db 52       		.uleb128 0x52
 3432 02dc 01       		.uleb128 0x1
 3433 02dd B842     		.uleb128 0x2138
 3434 02df 0B       		.uleb128 0xb
 3435 02e0 55       		.uleb128 0x55
 3436 02e1 17       		.uleb128 0x17
 3437 02e2 58       		.uleb128 0x58
 3438 02e3 0B       		.uleb128 0xb
 3439 02e4 59       		.uleb128 0x59
 3440 02e5 05       		.uleb128 0x5
 3441 02e6 57       		.uleb128 0x57
 3442 02e7 0B       		.uleb128 0xb
 3443 02e8 00       		.byte	0
 3444 02e9 00       		.byte	0
 3445 02ea 30       		.uleb128 0x30
 3446 02eb 1D       		.uleb128 0x1d
 3447 02ec 01       		.byte	0x1
 3448 02ed 31       		.uleb128 0x31
 3449 02ee 13       		.uleb128 0x13
 3450 02ef 52       		.uleb128 0x52
 3451 02f0 01       		.uleb128 0x1
 3452 02f1 B842     		.uleb128 0x2138
 3453 02f3 0B       		.uleb128 0xb
 3454 02f4 11       		.uleb128 0x11
 3455 02f5 01       		.uleb128 0x1
 3456 02f6 12       		.uleb128 0x12
 3457 02f7 06       		.uleb128 0x6
 3458 02f8 58       		.uleb128 0x58
 3459 02f9 0B       		.uleb128 0xb
 3460 02fa 59       		.uleb128 0x59
 3461 02fb 05       		.uleb128 0x5
 3462 02fc 57       		.uleb128 0x57
 3463 02fd 0B       		.uleb128 0xb
 3464 02fe 00       		.byte	0
 3465 02ff 00       		.byte	0
 3466 0300 31       		.uleb128 0x31
 3467 0301 0B       		.uleb128 0xb
 3468 0302 01       		.byte	0x1
 3469 0303 55       		.uleb128 0x55
 3470 0304 17       		.uleb128 0x17
 3471 0305 01       		.uleb128 0x1
 3472 0306 13       		.uleb128 0x13
 3473 0307 00       		.byte	0
 3474 0308 00       		.byte	0
 3475 0309 32       		.uleb128 0x32
 3476 030a 48       		.uleb128 0x48
 3477 030b 01       		.byte	0x1
ARM GAS  /tmp/cclbV3PN.s 			page 62


 3478 030c 7D       		.uleb128 0x7d
 3479 030d 01       		.uleb128 0x1
 3480 030e 8301     		.uleb128 0x83
 3481 0310 18       		.uleb128 0x18
 3482 0311 00       		.byte	0
 3483 0312 00       		.byte	0
 3484 0313 33       		.uleb128 0x33
 3485 0314 49       		.uleb128 0x49
 3486 0315 00       		.byte	0
 3487 0316 02       		.uleb128 0x2
 3488 0317 18       		.uleb128 0x18
 3489 0318 7E       		.uleb128 0x7e
 3490 0319 18       		.uleb128 0x18
 3491 031a 00       		.byte	0
 3492 031b 00       		.byte	0
 3493 031c 34       		.uleb128 0x34
 3494 031d 2E       		.uleb128 0x2e
 3495 031e 01       		.byte	0x1
 3496 031f 03       		.uleb128 0x3
 3497 0320 0E       		.uleb128 0xe
 3498 0321 3A       		.uleb128 0x3a
 3499 0322 0B       		.uleb128 0xb
 3500 0323 3B       		.uleb128 0x3b
 3501 0324 0B       		.uleb128 0xb
 3502 0325 39       		.uleb128 0x39
 3503 0326 0B       		.uleb128 0xb
 3504 0327 27       		.uleb128 0x27
 3505 0328 19       		.uleb128 0x19
 3506 0329 20       		.uleb128 0x20
 3507 032a 0B       		.uleb128 0xb
 3508 032b 01       		.uleb128 0x1
 3509 032c 13       		.uleb128 0x13
 3510 032d 00       		.byte	0
 3511 032e 00       		.byte	0
 3512 032f 35       		.uleb128 0x35
 3513 0330 05       		.uleb128 0x5
 3514 0331 00       		.byte	0
 3515 0332 03       		.uleb128 0x3
 3516 0333 08       		.uleb128 0x8
 3517 0334 3A       		.uleb128 0x3a
 3518 0335 0B       		.uleb128 0xb
 3519 0336 3B       		.uleb128 0x3b
 3520 0337 0B       		.uleb128 0xb
 3521 0338 39       		.uleb128 0x39
 3522 0339 0B       		.uleb128 0xb
 3523 033a 49       		.uleb128 0x49
 3524 033b 13       		.uleb128 0x13
 3525 033c 00       		.byte	0
 3526 033d 00       		.byte	0
 3527 033e 36       		.uleb128 0x36
 3528 033f 34       		.uleb128 0x34
 3529 0340 00       		.byte	0
 3530 0341 03       		.uleb128 0x3
 3531 0342 0E       		.uleb128 0xe
 3532 0343 3A       		.uleb128 0x3a
 3533 0344 0B       		.uleb128 0xb
 3534 0345 3B       		.uleb128 0x3b
ARM GAS  /tmp/cclbV3PN.s 			page 63


 3535 0346 0B       		.uleb128 0xb
 3536 0347 39       		.uleb128 0x39
 3537 0348 0B       		.uleb128 0xb
 3538 0349 49       		.uleb128 0x49
 3539 034a 13       		.uleb128 0x13
 3540 034b 00       		.byte	0
 3541 034c 00       		.byte	0
 3542 034d 37       		.uleb128 0x37
 3543 034e 2E       		.uleb128 0x2e
 3544 034f 00       		.byte	0
 3545 0350 03       		.uleb128 0x3
 3546 0351 0E       		.uleb128 0xe
 3547 0352 3A       		.uleb128 0x3a
 3548 0353 0B       		.uleb128 0xb
 3549 0354 3B       		.uleb128 0x3b
 3550 0355 0B       		.uleb128 0xb
 3551 0356 39       		.uleb128 0x39
 3552 0357 0B       		.uleb128 0xb
 3553 0358 27       		.uleb128 0x27
 3554 0359 19       		.uleb128 0x19
 3555 035a 49       		.uleb128 0x49
 3556 035b 13       		.uleb128 0x13
 3557 035c 20       		.uleb128 0x20
 3558 035d 0B       		.uleb128 0xb
 3559 035e 00       		.byte	0
 3560 035f 00       		.byte	0
 3561 0360 38       		.uleb128 0x38
 3562 0361 2E       		.uleb128 0x2e
 3563 0362 01       		.byte	0x1
 3564 0363 03       		.uleb128 0x3
 3565 0364 0E       		.uleb128 0xe
 3566 0365 3A       		.uleb128 0x3a
 3567 0366 0B       		.uleb128 0xb
 3568 0367 3B       		.uleb128 0x3b
 3569 0368 05       		.uleb128 0x5
 3570 0369 39       		.uleb128 0x39
 3571 036a 0B       		.uleb128 0xb
 3572 036b 27       		.uleb128 0x27
 3573 036c 19       		.uleb128 0x19
 3574 036d 49       		.uleb128 0x49
 3575 036e 13       		.uleb128 0x13
 3576 036f 20       		.uleb128 0x20
 3577 0370 0B       		.uleb128 0xb
 3578 0371 00       		.byte	0
 3579 0372 00       		.byte	0
 3580 0373 00       		.byte	0
 3581              		.section	.debug_loclists,"",%progbits
 3582 0000 B2020000 		.4byte	.Ldebug_loc3-.Ldebug_loc2
 3583              	.Ldebug_loc2:
 3584 0004 0500     		.2byte	0x5
 3585 0006 04       		.byte	0x4
 3586 0007 00       		.byte	0
 3587 0008 00000000 		.4byte	0
 3588              	.Ldebug_loc0:
 3589              	.LVUS44:
 3590 000c 00       		.uleb128 .LVU287
 3591 000d 00       		.uleb128 .LVU298
ARM GAS  /tmp/cclbV3PN.s 			page 64


 3592              	.LLST44:
 3593 000e 08       		.byte	0x8
 3594 000f 14000000 		.4byte	.LVL58
 3595 0013 10       		.uleb128 .LVL61-.LVL58
 3596 0014 06       		.uleb128 0x6
 3597 0015 54       		.byte	0x54
 3598 0016 93       		.byte	0x93
 3599 0017 04       		.uleb128 0x4
 3600 0018 55       		.byte	0x55
 3601 0019 93       		.byte	0x93
 3602 001a 04       		.uleb128 0x4
 3603 001b 00       		.byte	0
 3604              	.LVUS45:
 3605 001c 00       		.uleb128 .LVU293
 3606 001d 00       		.uleb128 0
 3607              	.LLST45:
 3608 001e 08       		.byte	0x8
 3609 001f 20000000 		.4byte	.LVL60
 3610 0023 0C       		.uleb128 .LFE215-.LVL60
 3611 0024 06       		.uleb128 0x6
 3612 0025 50       		.byte	0x50
 3613 0026 93       		.byte	0x93
 3614 0027 04       		.uleb128 0x4
 3615 0028 51       		.byte	0x51
 3616 0029 93       		.byte	0x93
 3617 002a 04       		.uleb128 0x4
 3618 002b 00       		.byte	0
 3619              	.LVUS46:
 3620 002c 00       		.uleb128 .LVU284
 3621 002d 00       		.uleb128 .LVU291
 3622              	.LLST46:
 3623 002e 08       		.byte	0x8
 3624 002f 10000000 		.4byte	.LVL57
 3625 0033 08       		.uleb128 .LVL59-.LVL57
 3626 0034 01       		.uleb128 0x1
 3627 0035 52       		.byte	0x52
 3628 0036 00       		.byte	0
 3629              	.LVUS48:
 3630 0037 01       		.uleb128 .LVU288
 3631 0038 03       		.uleb128 .LVU290
 3632              	.LLST48:
 3633 0039 08       		.byte	0x8
 3634 003a 14000000 		.4byte	.LVL58
 3635 003e 00       		.uleb128 .LVL58-.LVL58
 3636 003f 01       		.uleb128 0x1
 3637 0040 52       		.byte	0x52
 3638 0041 00       		.byte	0
 3639              	.LVUS49:
 3640 0042 01       		.uleb128 .LVU288
 3641 0043 03       		.uleb128 .LVU290
 3642              	.LLST49:
 3643 0044 08       		.byte	0x8
 3644 0045 14000000 		.4byte	.LVL58
 3645 0049 00       		.uleb128 .LVL58-.LVL58
 3646 004a 01       		.uleb128 0x1
 3647 004b 54       		.byte	0x54
 3648 004c 00       		.byte	0
ARM GAS  /tmp/cclbV3PN.s 			page 65


 3649              	.LVUS36:
 3650 004d 01       		.uleb128 .LVU231
 3651 004e 00       		.uleb128 .LVU264
 3652 004f 00       		.uleb128 .LVU264
 3653 0050 00       		.uleb128 .LVU266
 3654 0051 00       		.uleb128 .LVU266
 3655 0052 00       		.uleb128 .LVU267
 3656              	.LLST36:
 3657 0053 06       		.byte	0x6
 3658 0054 74000000 		.4byte	.LVL45
 3659 0058 04       		.byte	0x4
 3660 0059 00       		.uleb128 .LVL45-.LVL45
 3661 005a 44       		.uleb128 .LVL51-.LVL45
 3662 005b 01       		.uleb128 0x1
 3663 005c 53       		.byte	0x53
 3664 005d 04       		.byte	0x4
 3665 005e 44       		.uleb128 .LVL51-.LVL45
 3666 005f 4C       		.uleb128 .LVL52-.LVL45
 3667 0060 02       		.uleb128 0x2
 3668 0061 74       		.byte	0x74
 3669 0062 08       		.sleb128 8
 3670 0063 04       		.byte	0x4
 3671 0064 4C       		.uleb128 .LVL52-.LVL45
 3672 0065 50       		.uleb128 .LVL53-.LVL45
 3673 0066 05       		.uleb128 0x5
 3674 0067 72       		.byte	0x72
 3675 0068 04       		.sleb128 4
 3676 0069 06       		.byte	0x6
 3677 006a 23       		.byte	0x23
 3678 006b 08       		.uleb128 0x8
 3679 006c 00       		.byte	0
 3680              	.LVUS37:
 3681 006d 01       		.uleb128 .LVU231
 3682 006e 00       		.uleb128 .LVU266
 3683 006f 00       		.uleb128 .LVU266
 3684 0070 00       		.uleb128 .LVU269
 3685              	.LLST37:
 3686 0071 06       		.byte	0x6
 3687 0072 74000000 		.4byte	.LVL45
 3688 0076 04       		.byte	0x4
 3689 0077 00       		.uleb128 .LVL45-.LVL45
 3690 0078 4C       		.uleb128 .LVL52-.LVL45
 3691 0079 01       		.uleb128 0x1
 3692 007a 54       		.byte	0x54
 3693 007b 04       		.byte	0x4
 3694 007c 4C       		.uleb128 .LVL52-.LVL45
 3695 007d 54       		.uleb128 .LVL54-.LVL45
 3696 007e 02       		.uleb128 0x2
 3697 007f 72       		.byte	0x72
 3698 0080 04       		.sleb128 4
 3699 0081 00       		.byte	0
 3700              	.LVUS38:
 3701 0082 00       		.uleb128 .LVU235
 3702 0083 00       		.uleb128 .LVU243
 3703 0084 01       		.uleb128 .LVU245
 3704 0085 00       		.uleb128 .LVU269
 3705              	.LLST38:
ARM GAS  /tmp/cclbV3PN.s 			page 66


 3706 0086 06       		.byte	0x6
 3707 0087 78000000 		.4byte	.LVL46
 3708 008b 04       		.byte	0x4
 3709 008c 00       		.uleb128 .LVL46-.LVL46
 3710 008d 10       		.uleb128 .LVL47-.LVL46
 3711 008e 01       		.uleb128 0x1
 3712 008f 52       		.byte	0x52
 3713 0090 04       		.byte	0x4
 3714 0091 14       		.uleb128 .LVL48-.LVL46
 3715 0092 50       		.uleb128 .LVL54-.LVL46
 3716 0093 01       		.uleb128 0x1
 3717 0094 52       		.byte	0x52
 3718 0095 00       		.byte	0
 3719              	.LVUS40:
 3720 0096 01       		.uleb128 .LVU248
 3721 0097 00       		.uleb128 .LVU261
 3722              	.LLST40:
 3723 0098 08       		.byte	0x8
 3724 0099 98000000 		.4byte	.LVL49
 3725 009d 1C       		.uleb128 .LVL50-.LVL49
 3726 009e 01       		.uleb128 0x1
 3727 009f 53       		.byte	0x53
 3728 00a0 00       		.byte	0
 3729              	.LVUS41:
 3730 00a1 01       		.uleb128 .LVU248
 3731 00a2 00       		.uleb128 .LVU261
 3732              	.LLST41:
 3733 00a3 08       		.byte	0x8
 3734 00a4 98000000 		.4byte	.LVL49
 3735 00a8 1C       		.uleb128 .LVL50-.LVL49
 3736 00a9 01       		.uleb128 0x1
 3737 00aa 54       		.byte	0x54
 3738 00ab 00       		.byte	0
 3739              	.LVUS42:
 3740 00ac 01       		.uleb128 .LVU248
 3741 00ad 00       		.uleb128 .LVU261
 3742              	.LLST42:
 3743 00ae 08       		.byte	0x8
 3744 00af 98000000 		.4byte	.LVL49
 3745 00b3 1C       		.uleb128 .LVL50-.LVL49
 3746 00b4 01       		.uleb128 0x1
 3747 00b5 52       		.byte	0x52
 3748 00b6 00       		.byte	0
 3749              	.LVUS30:
 3750 00b7 00       		.uleb128 0
 3751 00b8 00       		.uleb128 .LVU181
 3752 00b9 00       		.uleb128 .LVU181
 3753 00ba 00       		.uleb128 .LVU182
 3754 00bb 00       		.uleb128 .LVU182
 3755 00bc 00       		.uleb128 .LVU184
 3756 00bd 00       		.uleb128 .LVU184
 3757 00be 00       		.uleb128 0
 3758              	.LLST30:
 3759 00bf 06       		.byte	0x6
 3760 00c0 00000000 		.4byte	.LVL27
 3761 00c4 04       		.byte	0x4
 3762 00c5 00       		.uleb128 .LVL27-.LVL27
ARM GAS  /tmp/cclbV3PN.s 			page 67


 3763 00c6 34       		.uleb128 .LVL33-.LVL27
 3764 00c7 01       		.uleb128 0x1
 3765 00c8 50       		.byte	0x50
 3766 00c9 04       		.byte	0x4
 3767 00ca 34       		.uleb128 .LVL33-.LVL27
 3768 00cb 38       		.uleb128 .LVL34-.LVL27
 3769 00cc 0A       		.uleb128 0xa
 3770 00cd A3       		.byte	0xa3
 3771 00ce 03       		.uleb128 0x3
 3772 00cf A5       		.byte	0xa5
 3773 00d0 00       		.uleb128 0
 3774 00d1 26       		.uleb128 0x26
 3775 00d2 A8       		.byte	0xa8
 3776 00d3 2D       		.uleb128 0x2d
 3777 00d4 A8       		.byte	0xa8
 3778 00d5 00       		.uleb128 0
 3779 00d6 9F       		.byte	0x9f
 3780 00d7 04       		.byte	0x4
 3781 00d8 38       		.uleb128 .LVL34-.LVL27
 3782 00d9 40       		.uleb128 .LVL36-.LVL27
 3783 00da 01       		.uleb128 0x1
 3784 00db 50       		.byte	0x50
 3785 00dc 04       		.byte	0x4
 3786 00dd 40       		.uleb128 .LVL36-.LVL27
 3787 00de 44       		.uleb128 .LFE213-.LVL27
 3788 00df 0A       		.uleb128 0xa
 3789 00e0 A3       		.byte	0xa3
 3790 00e1 03       		.uleb128 0x3
 3791 00e2 A5       		.byte	0xa5
 3792 00e3 00       		.uleb128 0
 3793 00e4 26       		.uleb128 0x26
 3794 00e5 A8       		.byte	0xa8
 3795 00e6 2D       		.uleb128 0x2d
 3796 00e7 A8       		.byte	0xa8
 3797 00e8 00       		.uleb128 0
 3798 00e9 9F       		.byte	0x9f
 3799 00ea 00       		.byte	0
 3800              	.LVUS31:
 3801 00eb 06       		.uleb128 .LVU165
 3802 00ec 00       		.uleb128 .LVU170
 3803 00ed 00       		.uleb128 .LVU170
 3804 00ee 00       		.uleb128 .LVU183
 3805              	.LLST31:
 3806 00ef 06       		.byte	0x6
 3807 00f0 00000000 		.4byte	.LVL27
 3808 00f4 04       		.byte	0x4
 3809 00f5 00       		.uleb128 .LVL27-.LVL27
 3810 00f6 14       		.uleb128 .LVL29-.LVL27
 3811 00f7 02       		.uleb128 0x2
 3812 00f8 30       		.byte	0x30
 3813 00f9 9F       		.byte	0x9f
 3814 00fa 04       		.byte	0x4
 3815 00fb 14       		.uleb128 .LVL29-.LVL27
 3816 00fc 3C       		.uleb128 .LVL35-.LVL27
 3817 00fd 01       		.uleb128 0x1
 3818 00fe 52       		.byte	0x52
 3819 00ff 00       		.byte	0
ARM GAS  /tmp/cclbV3PN.s 			page 68


 3820              	.LVUS32:
 3821 0100 00       		.uleb128 .LVU169
 3822 0101 00       		.uleb128 0
 3823              	.LLST32:
 3824 0102 08       		.byte	0x8
 3825 0103 10000000 		.4byte	.LVL28
 3826 0107 34       		.uleb128 .LFE213-.LVL28
 3827 0108 01       		.uleb128 0x1
 3828 0109 53       		.byte	0x53
 3829 010a 00       		.byte	0
 3830              	.LVUS29:
 3831 010b 01       		.uleb128 .LVU147
 3832 010c 01       		.uleb128 .LVU153
 3833              	.LLST29:
 3834 010d 08       		.byte	0x8
 3835 010e 28000000 		.4byte	.LVL25
 3836 0112 08       		.uleb128 .LVL26-.LVL25
 3837 0113 01       		.uleb128 0x1
 3838 0114 50       		.byte	0x50
 3839 0115 00       		.byte	0
 3840              	.LVUS14:
 3841 0116 00       		.uleb128 0
 3842 0117 00       		.uleb128 .LVU97
 3843 0118 00       		.uleb128 .LVU97
 3844 0119 00       		.uleb128 0
 3845              	.LLST14:
 3846 011a 06       		.byte	0x6
 3847 011b 00000000 		.4byte	.LVL14
 3848 011f 04       		.byte	0x4
 3849 0120 00       		.uleb128 .LVL14-.LVL14
 3850 0121 24       		.uleb128 .LVL16-.LVL14
 3851 0122 01       		.uleb128 0x1
 3852 0123 51       		.byte	0x51
 3853 0124 04       		.byte	0x4
 3854 0125 24       		.uleb128 .LVL16-.LVL14
 3855 0126 68       		.uleb128 .LFE211-.LVL14
 3856 0127 02       		.uleb128 0x2
 3857 0128 70       		.byte	0x70
 3858 0129 14       		.sleb128 20
 3859 012a 00       		.byte	0
 3860              	.LVUS15:
 3861 012b 00       		.uleb128 0
 3862 012c 00       		.uleb128 .LVU110
 3863 012d 00       		.uleb128 .LVU110
 3864 012e 00       		.uleb128 0
 3865              	.LLST15:
 3866 012f 06       		.byte	0x6
 3867 0130 00000000 		.4byte	.LVL14
 3868 0134 04       		.byte	0x4
 3869 0135 00       		.uleb128 .LVL14-.LVL14
 3870 0136 3C       		.uleb128 .LVL20-.LVL14
 3871 0137 01       		.uleb128 0x1
 3872 0138 52       		.byte	0x52
 3873 0139 04       		.byte	0x4
 3874 013a 3C       		.uleb128 .LVL20-.LVL14
 3875 013b 68       		.uleb128 .LFE211-.LVL14
 3876 013c 02       		.uleb128 0x2
ARM GAS  /tmp/cclbV3PN.s 			page 69


 3877 013d 70       		.byte	0x70
 3878 013e 0C       		.sleb128 12
 3879 013f 00       		.byte	0
 3880              	.LVUS16:
 3881 0140 00       		.uleb128 0
 3882 0141 00       		.uleb128 .LVU111
 3883 0142 00       		.uleb128 .LVU111
 3884 0143 00       		.uleb128 0
 3885              	.LLST16:
 3886 0144 06       		.byte	0x6
 3887 0145 00000000 		.4byte	.LVL14
 3888 0149 04       		.byte	0x4
 3889 014a 00       		.uleb128 .LVL14-.LVL14
 3890 014b 40       		.uleb128 .LVL21-.LVL14
 3891 014c 01       		.uleb128 0x1
 3892 014d 53       		.byte	0x53
 3893 014e 04       		.byte	0x4
 3894 014f 40       		.uleb128 .LVL21-.LVL14
 3895 0150 68       		.uleb128 .LFE211-.LVL14
 3896 0151 02       		.uleb128 0x2
 3897 0152 70       		.byte	0x70
 3898 0153 10       		.sleb128 16
 3899 0154 00       		.byte	0
 3900              	.LVUS18:
 3901 0155 01       		.uleb128 .LVU87
 3902 0156 00       		.uleb128 .LVU97
 3903 0157 00       		.uleb128 .LVU97
 3904 0158 00       		.uleb128 .LVU126
 3905              	.LLST18:
 3906 0159 06       		.byte	0x6
 3907 015a 20000000 		.4byte	.LVL15
 3908 015e 04       		.byte	0x4
 3909 015f 00       		.uleb128 .LVL15-.LVL15
 3910 0160 04       		.uleb128 .LVL16-.LVL15
 3911 0161 01       		.uleb128 0x1
 3912 0162 51       		.byte	0x51
 3913 0163 04       		.byte	0x4
 3914 0164 04       		.uleb128 .LVL16-.LVL15
 3915 0165 44       		.uleb128 .LVL23-.LVL15
 3916 0166 02       		.uleb128 0x2
 3917 0167 70       		.byte	0x70
 3918 0168 14       		.sleb128 20
 3919 0169 00       		.byte	0
 3920              	.LVUS19:
 3921 016a 01       		.uleb128 .LVU87
 3922 016b 00       		.uleb128 .LVU126
 3923              	.LLST19:
 3924 016c 08       		.byte	0x8
 3925 016d 20000000 		.4byte	.LVL15
 3926 0171 44       		.uleb128 .LVL23-.LVL15
 3927 0172 01       		.uleb128 0x1
 3928 0173 50       		.byte	0x50
 3929 0174 00       		.byte	0
 3930              	.LVUS20:
 3931 0175 04       		.uleb128 .LVU90
 3932 0176 00       		.uleb128 .LVU97
 3933 0177 00       		.uleb128 .LVU97
ARM GAS  /tmp/cclbV3PN.s 			page 70


 3934 0178 00       		.uleb128 0
 3935              	.LLST20:
 3936 0179 06       		.byte	0x6
 3937 017a 20000000 		.4byte	.LVL15
 3938 017e 04       		.byte	0x4
 3939 017f 00       		.uleb128 .LVL15-.LVL15
 3940 0180 04       		.uleb128 .LVL16-.LVL15
 3941 0181 01       		.uleb128 0x1
 3942 0182 51       		.byte	0x51
 3943 0183 04       		.byte	0x4
 3944 0184 04       		.uleb128 .LVL16-.LVL15
 3945 0185 48       		.uleb128 .LFE211-.LVL15
 3946 0186 02       		.uleb128 0x2
 3947 0187 70       		.byte	0x70
 3948 0188 14       		.sleb128 20
 3949 0189 00       		.byte	0
 3950              	.LVUS21:
 3951 018a 05       		.uleb128 .LVU91
 3952 018b 00       		.uleb128 .LVU126
 3953              	.LLST21:
 3954 018c 08       		.byte	0x8
 3955 018d 20000000 		.4byte	.LVL15
 3956 0191 44       		.uleb128 .LVL23-.LVL15
 3957 0192 01       		.uleb128 0x1
 3958 0193 51       		.byte	0x51
 3959 0194 00       		.byte	0
 3960              	.LVUS22:
 3961 0195 05       		.uleb128 .LVU91
 3962 0196 00       		.uleb128 .LVU126
 3963              	.LLST22:
 3964 0197 08       		.byte	0x8
 3965 0198 20000000 		.4byte	.LVL15
 3966 019c 44       		.uleb128 .LVL23-.LVL15
 3967 019d 01       		.uleb128 0x1
 3968 019e 50       		.byte	0x50
 3969 019f 00       		.byte	0
 3970              	.LVUS23:
 3971 01a0 08       		.uleb128 .LVU94
 3972 01a1 00       		.uleb128 .LVU102
 3973 01a2 01       		.uleb128 .LVU104
 3974 01a3 00       		.uleb128 .LVU126
 3975              	.LLST23:
 3976 01a4 06       		.byte	0x6
 3977 01a5 20000000 		.4byte	.LVL15
 3978 01a9 04       		.byte	0x4
 3979 01aa 00       		.uleb128 .LVL15-.LVL15
 3980 01ab 08       		.uleb128 .LVL17-.LVL15
 3981 01ac 01       		.uleb128 0x1
 3982 01ad 5C       		.byte	0x5c
 3983 01ae 04       		.byte	0x4
 3984 01af 0C       		.uleb128 .LVL18-.LVL15
 3985 01b0 44       		.uleb128 .LVL23-.LVL15
 3986 01b1 01       		.uleb128 0x1
 3987 01b2 5C       		.byte	0x5c
 3988 01b3 00       		.byte	0
 3989              	.LVUS25:
 3990 01b4 01       		.uleb128 .LVU107
ARM GAS  /tmp/cclbV3PN.s 			page 71


 3991 01b5 00       		.uleb128 .LVU121
 3992              	.LLST25:
 3993 01b6 08       		.byte	0x8
 3994 01b7 38000000 		.4byte	.LVL19
 3995 01bb 20       		.uleb128 .LVL22-.LVL19
 3996 01bc 01       		.uleb128 0x1
 3997 01bd 51       		.byte	0x51
 3998 01be 00       		.byte	0
 3999              	.LVUS26:
 4000 01bf 01       		.uleb128 .LVU107
 4001 01c0 00       		.uleb128 .LVU121
 4002              	.LLST26:
 4003 01c1 08       		.byte	0x8
 4004 01c2 38000000 		.4byte	.LVL19
 4005 01c6 20       		.uleb128 .LVL22-.LVL19
 4006 01c7 01       		.uleb128 0x1
 4007 01c8 50       		.byte	0x50
 4008 01c9 00       		.byte	0
 4009              	.LVUS27:
 4010 01ca 01       		.uleb128 .LVU107
 4011 01cb 00       		.uleb128 .LVU121
 4012              	.LLST27:
 4013 01cc 08       		.byte	0x8
 4014 01cd 38000000 		.4byte	.LVL19
 4015 01d1 20       		.uleb128 .LVL22-.LVL19
 4016 01d2 01       		.uleb128 0x1
 4017 01d3 5C       		.byte	0x5c
 4018 01d4 00       		.byte	0
 4019              	.LVUS0:
 4020 01d5 00       		.uleb128 0
 4021 01d6 00       		.uleb128 .LVU40
 4022 01d7 00       		.uleb128 .LVU40
 4023 01d8 00       		.uleb128 0
 4024              	.LLST0:
 4025 01d9 06       		.byte	0x6
 4026 01da 00000000 		.4byte	.LVL2
 4027 01de 04       		.byte	0x4
 4028 01df 00       		.uleb128 .LVL2-.LVL2
 4029 01e0 28       		.uleb128 .LVL6-.LVL2
 4030 01e1 01       		.uleb128 0x1
 4031 01e2 51       		.byte	0x51
 4032 01e3 04       		.byte	0x4
 4033 01e4 28       		.uleb128 .LVL6-.LVL2
 4034 01e5 6C       		.uleb128 .LFE210-.LVL2
 4035 01e6 0A       		.uleb128 0xa
 4036 01e7 A3       		.byte	0xa3
 4037 01e8 03       		.uleb128 0x3
 4038 01e9 A5       		.byte	0xa5
 4039 01ea 01       		.uleb128 0x1
 4040 01eb 26       		.uleb128 0x26
 4041 01ec A8       		.byte	0xa8
 4042 01ed 2D       		.uleb128 0x2d
 4043 01ee A8       		.byte	0xa8
 4044 01ef 00       		.uleb128 0
 4045 01f0 9F       		.byte	0x9f
 4046 01f1 00       		.byte	0
 4047              	.LVUS1:
ARM GAS  /tmp/cclbV3PN.s 			page 72


 4048 01f2 00       		.uleb128 0
 4049 01f3 00       		.uleb128 .LVU39
 4050 01f4 00       		.uleb128 .LVU39
 4051 01f5 00       		.uleb128 0
 4052              	.LLST1:
 4053 01f6 06       		.byte	0x6
 4054 01f7 00000000 		.4byte	.LVL2
 4055 01fb 04       		.byte	0x4
 4056 01fc 00       		.uleb128 .LVL2-.LVL2
 4057 01fd 20       		.uleb128 .LVL5-.LVL2
 4058 01fe 01       		.uleb128 0x1
 4059 01ff 52       		.byte	0x52
 4060 0200 04       		.byte	0x4
 4061 0201 20       		.uleb128 .LVL5-.LVL2
 4062 0202 6C       		.uleb128 .LFE210-.LVL2
 4063 0203 02       		.uleb128 0x2
 4064 0204 70       		.byte	0x70
 4065 0205 0C       		.sleb128 12
 4066 0206 00       		.byte	0
 4067              	.LVUS2:
 4068 0207 00       		.uleb128 0
 4069 0208 00       		.uleb128 .LVU35
 4070 0209 00       		.uleb128 .LVU35
 4071 020a 00       		.uleb128 0
 4072              	.LLST2:
 4073 020b 06       		.byte	0x6
 4074 020c 00000000 		.4byte	.LVL2
 4075 0210 04       		.byte	0x4
 4076 0211 00       		.uleb128 .LVL2-.LVL2
 4077 0212 18       		.uleb128 .LVL4-.LVL2
 4078 0213 01       		.uleb128 0x1
 4079 0214 53       		.byte	0x53
 4080 0215 04       		.byte	0x4
 4081 0216 18       		.uleb128 .LVL4-.LVL2
 4082 0217 6C       		.uleb128 .LFE210-.LVL2
 4083 0218 02       		.uleb128 0x2
 4084 0219 70       		.byte	0x70
 4085 021a 10       		.sleb128 16
 4086 021b 00       		.byte	0
 4087              	.LVUS4:
 4088 021c 02       		.uleb128 .LVU27
 4089 021d 00       		.uleb128 .LVU40
 4090 021e 00       		.uleb128 .LVU40
 4091 021f 00       		.uleb128 .LVU70
 4092              	.LLST4:
 4093 0220 06       		.byte	0x6
 4094 0221 14000000 		.4byte	.LVL3
 4095 0225 04       		.byte	0x4
 4096 0226 00       		.uleb128 .LVL3-.LVL3
 4097 0227 14       		.uleb128 .LVL6-.LVL3
 4098 0228 01       		.uleb128 0x1
 4099 0229 51       		.byte	0x51
 4100 022a 04       		.byte	0x4
 4101 022b 14       		.uleb128 .LVL6-.LVL3
 4102 022c 54       		.uleb128 .LVL13-.LVL3
 4103 022d 0A       		.uleb128 0xa
 4104 022e A3       		.byte	0xa3
ARM GAS  /tmp/cclbV3PN.s 			page 73


 4105 022f 03       		.uleb128 0x3
 4106 0230 A5       		.byte	0xa5
 4107 0231 01       		.uleb128 0x1
 4108 0232 26       		.uleb128 0x26
 4109 0233 A8       		.byte	0xa8
 4110 0234 2D       		.uleb128 0x2d
 4111 0235 A8       		.byte	0xa8
 4112 0236 00       		.uleb128 0
 4113 0237 9F       		.byte	0x9f
 4114 0238 00       		.byte	0
 4115              	.LVUS5:
 4116 0239 02       		.uleb128 .LVU27
 4117 023a 00       		.uleb128 .LVU70
 4118              	.LLST5:
 4119 023b 08       		.byte	0x8
 4120 023c 14000000 		.4byte	.LVL3
 4121 0240 54       		.uleb128 .LVL13-.LVL3
 4122 0241 01       		.uleb128 0x1
 4123 0242 50       		.byte	0x50
 4124 0243 00       		.byte	0
 4125              	.LVUS6:
 4126 0244 05       		.uleb128 .LVU30
 4127 0245 00       		.uleb128 .LVU40
 4128 0246 00       		.uleb128 .LVU40
 4129 0247 00       		.uleb128 0
 4130              	.LLST6:
 4131 0248 06       		.byte	0x6
 4132 0249 14000000 		.4byte	.LVL3
 4133 024d 04       		.byte	0x4
 4134 024e 00       		.uleb128 .LVL3-.LVL3
 4135 024f 14       		.uleb128 .LVL6-.LVL3
 4136 0250 01       		.uleb128 0x1
 4137 0251 51       		.byte	0x51
 4138 0252 04       		.byte	0x4
 4139 0253 14       		.uleb128 .LVL6-.LVL3
 4140 0254 58       		.uleb128 .LFE210-.LVL3
 4141 0255 0A       		.uleb128 0xa
 4142 0256 A3       		.byte	0xa3
 4143 0257 03       		.uleb128 0x3
 4144 0258 A5       		.byte	0xa5
 4145 0259 01       		.uleb128 0x1
 4146 025a 26       		.uleb128 0x26
 4147 025b A8       		.byte	0xa8
 4148 025c 2D       		.uleb128 0x2d
 4149 025d A8       		.byte	0xa8
 4150 025e 00       		.uleb128 0
 4151 025f 9F       		.byte	0x9f
 4152 0260 00       		.byte	0
 4153              	.LVUS7:
 4154 0261 06       		.uleb128 .LVU31
 4155 0262 00       		.uleb128 .LVU67
 4156 0263 00       		.uleb128 .LVU67
 4157 0264 00       		.uleb128 .LVU68
 4158              	.LLST7:
 4159 0265 06       		.byte	0x6
 4160 0266 14000000 		.4byte	.LVL3
 4161 026a 04       		.byte	0x4
ARM GAS  /tmp/cclbV3PN.s 			page 74


 4162 026b 00       		.uleb128 .LVL3-.LVL3
 4163 026c 4C       		.uleb128 .LVL11-.LVL3
 4164 026d 01       		.uleb128 0x1
 4165 026e 51       		.byte	0x51
 4166 026f 04       		.byte	0x4
 4167 0270 4C       		.uleb128 .LVL11-.LVL3
 4168 0271 50       		.uleb128 .LVL12-.LVL3
 4169 0272 02       		.uleb128 0x2
 4170 0273 70       		.byte	0x70
 4171 0274 08       		.sleb128 8
 4172 0275 00       		.byte	0
 4173              	.LVUS8:
 4174 0276 06       		.uleb128 .LVU31
 4175 0277 00       		.uleb128 .LVU70
 4176              	.LLST8:
 4177 0278 08       		.byte	0x8
 4178 0279 14000000 		.4byte	.LVL3
 4179 027d 54       		.uleb128 .LVL13-.LVL3
 4180 027e 01       		.uleb128 0x1
 4181 027f 50       		.byte	0x50
 4182 0280 00       		.byte	0
 4183              	.LVUS9:
 4184 0281 00       		.uleb128 .LVU35
 4185 0282 00       		.uleb128 .LVU45
 4186 0283 01       		.uleb128 .LVU47
 4187 0284 00       		.uleb128 .LVU70
 4188              	.LLST9:
 4189 0285 06       		.byte	0x6
 4190 0286 18000000 		.4byte	.LVL4
 4191 028a 04       		.byte	0x4
 4192 028b 00       		.uleb128 .LVL4-.LVL4
 4193 028c 14       		.uleb128 .LVL7-.LVL4
 4194 028d 01       		.uleb128 0x1
 4195 028e 53       		.byte	0x53
 4196 028f 04       		.byte	0x4
 4197 0290 18       		.uleb128 .LVL8-.LVL4
 4198 0291 50       		.uleb128 .LVL13-.LVL4
 4199 0292 01       		.uleb128 0x1
 4200 0293 53       		.byte	0x53
 4201 0294 00       		.byte	0
 4202              	.LVUS11:
 4203 0295 01       		.uleb128 .LVU50
 4204 0296 00       		.uleb128 .LVU63
 4205              	.LLST11:
 4206 0297 08       		.byte	0x8
 4207 0298 3C000000 		.4byte	.LVL9
 4208 029c 1C       		.uleb128 .LVL10-.LVL9
 4209 029d 01       		.uleb128 0x1
 4210 029e 51       		.byte	0x51
 4211 029f 00       		.byte	0
 4212              	.LVUS12:
 4213 02a0 01       		.uleb128 .LVU50
 4214 02a1 00       		.uleb128 .LVU63
 4215              	.LLST12:
 4216 02a2 08       		.byte	0x8
 4217 02a3 3C000000 		.4byte	.LVL9
 4218 02a7 1C       		.uleb128 .LVL10-.LVL9
ARM GAS  /tmp/cclbV3PN.s 			page 75


 4219 02a8 01       		.uleb128 0x1
 4220 02a9 50       		.byte	0x50
 4221 02aa 00       		.byte	0
 4222              	.LVUS13:
 4223 02ab 01       		.uleb128 .LVU50
 4224 02ac 00       		.uleb128 .LVU63
 4225              	.LLST13:
 4226 02ad 08       		.byte	0x8
 4227 02ae 3C000000 		.4byte	.LVL9
 4228 02b2 1C       		.uleb128 .LVL10-.LVL9
 4229 02b3 01       		.uleb128 0x1
 4230 02b4 53       		.byte	0x53
 4231 02b5 00       		.byte	0
 4232              	.Ldebug_loc3:
 4233              		.section	.debug_aranges,"",%progbits
 4234 0000 5C000000 		.4byte	0x5c
 4235 0004 0200     		.2byte	0x2
 4236 0006 00000000 		.4byte	.Ldebug_info0
 4237 000a 04       		.byte	0x4
 4238 000b 00       		.byte	0
 4239 000c 0000     		.2byte	0
 4240 000e 0000     		.2byte	0
 4241 0010 00000000 		.4byte	.LFB208
 4242 0014 0C000000 		.4byte	.LFE208-.LFB208
 4243 0018 00000000 		.4byte	.LFB209
 4244 001c 04000000 		.4byte	.LFE209-.LFB209
 4245 0020 00000000 		.4byte	.LFB210
 4246 0024 6C000000 		.4byte	.LFE210-.LFB210
 4247 0028 00000000 		.4byte	.LFB211
 4248 002c 68000000 		.4byte	.LFE211-.LFB211
 4249 0030 00000000 		.4byte	.LFB212
 4250 0034 3C000000 		.4byte	.LFE212-.LFB212
 4251 0038 00000000 		.4byte	.LFB213
 4252 003c 44000000 		.4byte	.LFE213-.LFB213
 4253 0040 00000000 		.4byte	.LFB214
 4254 0044 D8000000 		.4byte	.LFE214-.LFB214
 4255 0048 00000000 		.4byte	.LFB215
 4256 004c 2C000000 		.4byte	.LFE215-.LFB215
 4257 0050 00000000 		.4byte	.LFB216
 4258 0054 1C000000 		.4byte	.LFE216-.LFB216
 4259 0058 00000000 		.4byte	0
 4260 005c 00000000 		.4byte	0
 4261              		.section	.debug_rnglists,"",%progbits
 4262              	.Ldebug_ranges0:
 4263 0000 E2000000 		.4byte	.Ldebug_ranges3-.Ldebug_ranges2
 4264              	.Ldebug_ranges2:
 4265 0004 0500     		.2byte	0x5
 4266 0006 04       		.byte	0x4
 4267 0007 00       		.byte	0
 4268 0008 00000000 		.4byte	0
 4269              	.LLRL3:
 4270 000c 05       		.byte	0x5
 4271 000d 00000000 		.4byte	.LBB37
 4272 0011 04       		.byte	0x4
 4273 0012 00       		.uleb128 .LBB37-.LBB37
 4274 0013 04       		.uleb128 .LBE37-.LBB37
 4275 0014 04       		.byte	0x4
ARM GAS  /tmp/cclbV3PN.s 			page 76


 4276 0015 0C       		.uleb128 .LBB54-.LBB37
 4277 0016 10       		.uleb128 .LBE54-.LBB37
 4278 0017 04       		.byte	0x4
 4279 0018 14       		.uleb128 .LBB55-.LBB37
 4280 0019 18       		.uleb128 .LBE55-.LBB37
 4281 001a 04       		.byte	0x4
 4282 001b 1C       		.uleb128 .LBB56-.LBB37
 4283 001c 68       		.uleb128 .LBE56-.LBB37
 4284 001d 00       		.byte	0
 4285              	.LLRL10:
 4286 001e 05       		.byte	0x5
 4287 001f 3C000000 		.4byte	.LBB41
 4288 0023 04       		.byte	0x4
 4289 0024 00       		.uleb128 .LBB41-.LBB41
 4290 0025 14       		.uleb128 .LBE41-.LBB41
 4291 0026 04       		.byte	0x4
 4292 0027 18       		.uleb128 .LBB44-.LBB41
 4293 0028 1C       		.uleb128 .LBE44-.LBB41
 4294 0029 00       		.byte	0
 4295              	.LLRL17:
 4296 002a 05       		.byte	0x5
 4297 002b 04000000 		.4byte	.LBB63
 4298 002f 04       		.byte	0x4
 4299 0030 00       		.uleb128 .LBB63-.LBB63
 4300 0031 10       		.uleb128 .LBE63-.LBB63
 4301 0032 04       		.byte	0x4
 4302 0033 14       		.uleb128 .LBB79-.LBB63
 4303 0034 18       		.uleb128 .LBE79-.LBB63
 4304 0035 04       		.byte	0x4
 4305 0036 1C       		.uleb128 .LBB80-.LBB63
 4306 0037 60       		.uleb128 .LBE80-.LBB63
 4307 0038 00       		.byte	0
 4308              	.LLRL24:
 4309 0039 05       		.byte	0x5
 4310 003a 38000000 		.4byte	.LBB67
 4311 003e 04       		.byte	0x4
 4312 003f 00       		.uleb128 .LBB67-.LBB67
 4313 0040 00       		.uleb128 .LBE67-.LBB67
 4314 0041 04       		.byte	0x4
 4315 0042 04       		.uleb128 .LBB71-.LBB67
 4316 0043 18       		.uleb128 .LBE71-.LBB67
 4317 0044 04       		.byte	0x4
 4318 0045 1C       		.uleb128 .LBB72-.LBB67
 4319 0046 20       		.uleb128 .LBE72-.LBB67
 4320 0047 00       		.byte	0
 4321              	.LLRL28:
 4322 0048 05       		.byte	0x5
 4323 0049 04000000 		.4byte	.LBB81
 4324 004d 04       		.byte	0x4
 4325 004e 00       		.uleb128 .LBB81-.LBB81
 4326 004f 04       		.uleb128 .LBE81-.LBB81
 4327 0050 04       		.byte	0x4
 4328 0051 24       		.uleb128 .LBB84-.LBB81
 4329 0052 2C       		.uleb128 .LBE84-.LBB81
 4330 0053 00       		.byte	0
 4331              	.LLRL33:
 4332 0054 05       		.byte	0x5
ARM GAS  /tmp/cclbV3PN.s 			page 77


 4333 0055 0C000000 		.4byte	.LBB94
 4334 0059 04       		.byte	0x4
 4335 005a 00       		.uleb128 .LBB94-.LBB94
 4336 005b 04       		.uleb128 .LBE94-.LBB94
 4337 005c 04       		.byte	0x4
 4338 005d 08       		.uleb128 .LBB98-.LBB94
 4339 005e 0C       		.uleb128 .LBE98-.LBB94
 4340 005f 04       		.byte	0x4
 4341 0060 18       		.uleb128 .LBB99-.LBB94
 4342 0061 18       		.uleb128 .LBE99-.LBB94
 4343 0062 00       		.byte	0
 4344              	.LLRL34:
 4345 0063 05       		.byte	0x5
 4346 0064 38000000 		.4byte	.LBB100
 4347 0068 04       		.byte	0x4
 4348 0069 00       		.uleb128 .LBB100-.LBB100
 4349 006a 08       		.uleb128 .LBE100-.LBB100
 4350 006b 04       		.byte	0x4
 4351 006c 10       		.uleb128 .LBB117-.LBB100
 4352 006d 8401     		.uleb128 .LBE117-.LBB100
 4353 006f 04       		.byte	0x4
 4354 0070 8801     		.uleb128 .LBB118-.LBB100
 4355 0072 9001     		.uleb128 .LBE118-.LBB100
 4356 0074 00       		.byte	0
 4357              	.LLRL35:
 4358 0075 05       		.byte	0x5
 4359 0076 38000000 		.4byte	.LBB101
 4360 007a 04       		.byte	0x4
 4361 007b 00       		.uleb128 .LBB101-.LBB101
 4362 007c 08       		.uleb128 .LBE101-.LBB101
 4363 007d 04       		.byte	0x4
 4364 007e 3C       		.uleb128 .LBB115-.LBB101
 4365 007f 8401     		.uleb128 .LBE115-.LBB101
 4366 0081 04       		.byte	0x4
 4367 0082 8801     		.uleb128 .LBB116-.LBB101
 4368 0084 9001     		.uleb128 .LBE116-.LBB101
 4369 0086 00       		.byte	0
 4370              	.LLRL39:
 4371 0087 05       		.byte	0x5
 4372 0088 98000000 		.4byte	.LBB103
 4373 008c 04       		.byte	0x4
 4374 008d 00       		.uleb128 .LBB103-.LBB103
 4375 008e 14       		.uleb128 .LBE103-.LBB103
 4376 008f 04       		.byte	0x4
 4377 0090 18       		.uleb128 .LBB106-.LBB103
 4378 0091 1C       		.uleb128 .LBE106-.LBB103
 4379 0092 00       		.byte	0
 4380              	.LLRL43:
 4381 0093 05       		.byte	0x5
 4382 0094 48000000 		.4byte	.LBB109
 4383 0098 04       		.byte	0x4
 4384 0099 00       		.uleb128 .LBB109-.LBB109
 4385 009a 04       		.uleb128 .LBE109-.LBB109
 4386 009b 04       		.byte	0x4
 4387 009c 0C       		.uleb128 .LBB113-.LBB109
 4388 009d 10       		.uleb128 .LBE113-.LBB109
 4389 009e 04       		.byte	0x4
ARM GAS  /tmp/cclbV3PN.s 			page 78


 4390 009f 14       		.uleb128 .LBB114-.LBB109
 4391 00a0 18       		.uleb128 .LBE114-.LBB109
 4392 00a1 00       		.byte	0
 4393              	.LLRL47:
 4394 00a2 05       		.byte	0x5
 4395 00a3 00000000 		.4byte	.LBB119
 4396 00a7 04       		.byte	0x4
 4397 00a8 00       		.uleb128 .LBB119-.LBB119
 4398 00a9 08       		.uleb128 .LBE119-.LBB119
 4399 00aa 04       		.byte	0x4
 4400 00ab 0C       		.uleb128 .LBB122-.LBB119
 4401 00ac 10       		.uleb128 .LBE122-.LBB119
 4402 00ad 00       		.byte	0
 4403              	.LLRL50:
 4404 00ae 07       		.byte	0x7
 4405 00af 00000000 		.4byte	.LFB208
 4406 00b3 0C       		.uleb128 .LFE208-.LFB208
 4407 00b4 07       		.byte	0x7
 4408 00b5 00000000 		.4byte	.LFB209
 4409 00b9 04       		.uleb128 .LFE209-.LFB209
 4410 00ba 07       		.byte	0x7
 4411 00bb 00000000 		.4byte	.LFB210
 4412 00bf 6C       		.uleb128 .LFE210-.LFB210
 4413 00c0 07       		.byte	0x7
 4414 00c1 00000000 		.4byte	.LFB211
 4415 00c5 68       		.uleb128 .LFE211-.LFB211
 4416 00c6 07       		.byte	0x7
 4417 00c7 00000000 		.4byte	.LFB212
 4418 00cb 3C       		.uleb128 .LFE212-.LFB212
 4419 00cc 07       		.byte	0x7
 4420 00cd 00000000 		.4byte	.LFB213
 4421 00d1 44       		.uleb128 .LFE213-.LFB213
 4422 00d2 07       		.byte	0x7
 4423 00d3 00000000 		.4byte	.LFB214
 4424 00d7 D801     		.uleb128 .LFE214-.LFB214
 4425 00d9 07       		.byte	0x7
 4426 00da 00000000 		.4byte	.LFB215
 4427 00de 2C       		.uleb128 .LFE215-.LFB215
 4428 00df 07       		.byte	0x7
 4429 00e0 00000000 		.4byte	.LFB216
 4430 00e4 1C       		.uleb128 .LFE216-.LFB216
 4431 00e5 00       		.byte	0
 4432              	.Ldebug_ranges3:
 4433              		.section	.debug_line,"",%progbits
 4434              	.Ldebug_line0:
 4435 0000 B7070000 		.section	.debug_str,"MS",%progbits,1
 4435      03004902 
 4435      00000201 
 4435      FB0E0D00 
 4435      01010101 
 4436              	.LASF112:
 4437 0000 63737461 		.ascii	"cstack_base\000"
 4437      636B5F62 
 4437      61736500 
 4438              	.LASF104:
 4439 000c 77746D74 		.ascii	"wtmtxp\000"
 4439      787000
ARM GAS  /tmp/cclbV3PN.s 			page 79


 4440              	.LASF138:
 4441 0013 646C6870 		.ascii	"dlhp\000"
 4441      00
 4442              	.LASF38:
 4443 0018 64697370 		.ascii	"dispose\000"
 4443      6F736500 
 4444              	.LASF19:
 4445 0020 706F7274 		.ascii	"port_stkline_t\000"
 4445      5F73746B 
 4445      6C696E65 
 4445      5F7400
 4446              	.LASF92:
 4447 002f 63685F72 		.ascii	"ch_registry\000"
 4447      65676973 
 4447      74727900 
 4448              	.LASF34:
 4449 003b 666C6167 		.ascii	"flags\000"
 4449      7300
 4450              	.LASF64:
 4451 0041 73797374 		.ascii	"systime_t\000"
 4451      696D655F 
 4451      7400
 4452              	.LASF45:
 4453 004b 7265616C 		.ascii	"realprio\000"
 4453      7072696F 
 4453      00
 4454              	.LASF130:
 4455 0054 76746675 		.ascii	"vtfunc\000"
 4455      6E6300
 4456              	.LASF43:
 4457 005b 6570656E 		.ascii	"epending\000"
 4457      64696E67 
 4457      00
 4458              	.LASF1:
 4459 0064 756E7369 		.ascii	"unsigned int\000"
 4459      676E6564 
 4459      20696E74 
 4459      00
 4460              	.LASF72:
 4461 0071 6E657874 		.ascii	"next\000"
 4461      00
 4462              	.LASF150:
 4463 0076 63685654 		.ascii	"chVTGetSystemTimeX\000"
 4463      47657453 
 4463      79737465 
 4463      6D54696D 
 4463      655800
 4464              	.LASF86:
 4465 0089 72656C6F 		.ascii	"reload\000"
 4465      616400
 4466              	.LASF52:
 4467 0090 636F7265 		.ascii	"core_id\000"
 4467      5F696400 
 4468              	.LASF90:
 4469 0098 6C617374 		.ascii	"laststamp\000"
 4469      7374616D 
 4469      7000
ARM GAS  /tmp/cclbV3PN.s 			page 80


 4470              	.LASF9:
 4471 00a2 5F5F696E 		.ascii	"__int32_t\000"
 4471      7433325F 
 4471      7400
 4472              	.LASF35:
 4473 00ac 72656673 		.ascii	"refs\000"
 4473      00
 4474              	.LASF101:
 4475 00b1 77746F62 		.ascii	"wtobjp\000"
 4475      6A7000
 4476              	.LASF50:
 4477 00b8 76746C69 		.ascii	"vtlist\000"
 4477      737400
 4478              	.LASF69:
 4479 00bf 706F7274 		.ascii	"port_context\000"
 4479      5F636F6E 
 4479      74657874 
 4479      00
 4480              	.LASF144:
 4481 00cc 706F7274 		.ascii	"port_lock_from_isr\000"
 4481      5F6C6F63 
 4481      6B5F6672 
 4481      6F6D5F69 
 4481      737200
 4482              	.LASF108:
 4483 00df 63685F72 		.ascii	"ch_ready_list\000"
 4483      65616479 
 4483      5F6C6973 
 4483      7400
 4484              	.LASF85:
 4485 00ed 66756E63 		.ascii	"func\000"
 4485      00
 4486              	.LASF105:
 4487 00f2 65776D61 		.ascii	"ewmask\000"
 4487      736B00
 4488              	.LASF75:
 4489 00f9 70726576 		.ascii	"prev\000"
 4489      00
 4490              	.LASF135:
 4491 00fe 63685379 		.ascii	"chSysLockFromISR\000"
 4491      734C6F63 
 4491      6B46726F 
 4491      6D495352 
 4491      00
 4492              	.LASF71:
 4493 010f 63685F6C 		.ascii	"ch_list\000"
 4493      69737400 
 4494              	.LASF87:
 4495 0117 76746675 		.ascii	"vtfunc_t\000"
 4495      6E635F74 
 4495      00
 4496              	.LASF61:
 4497 0120 63685F73 		.ascii	"ch_system_debug\000"
 4497      79737465 
 4497      6D5F6465 
 4497      62756700 
 4498              	.LASF97:
ARM GAS  /tmp/cclbV3PN.s 			page 81


 4499 0130 6C697374 		.ascii	"list\000"
 4499      00
 4500              	.LASF80:
 4501 0135 63685F64 		.ascii	"ch_delta_list\000"
 4501      656C7461 
 4501      5F6C6973 
 4501      7400
 4502              	.LASF17:
 4503 0143 75696E74 		.ascii	"uint32_t\000"
 4503      33325F74 
 4503      00
 4504              	.LASF42:
 4505 014c 73656E74 		.ascii	"sentmsg\000"
 4505      6D736700 
 4506              	.LASF26:
 4507 0154 6576656E 		.ascii	"eventmask_t\000"
 4507      746D6173 
 4507      6B5F7400 
 4508              	.LASF106:
 4509 0160 63685F73 		.ascii	"ch_semaphore\000"
 4509      656D6170 
 4509      686F7265 
 4509      00
 4510              	.LASF24:
 4511 016d 74707269 		.ascii	"tprio_t\000"
 4511      6F5F7400 
 4512              	.LASF83:
 4513 0175 63685F76 		.ascii	"ch_virtual_timer\000"
 4513      69727475 
 4513      616C5F74 
 4513      696D6572 
 4513      00
 4514              	.LASF116:
 4515 0186 6F735F69 		.ascii	"os_instance_config_t\000"
 4515      6E737461 
 4515      6E63655F 
 4515      636F6E66 
 4515      69675F74 
 4516              	.LASF68:
 4517 019b 66707363 		.ascii	"fpscr\000"
 4517      7200
 4518              	.LASF0:
 4519 01a1 6C6F6E67 		.ascii	"long long unsigned int\000"
 4519      206C6F6E 
 4519      6720756E 
 4519      7369676E 
 4519      65642069 
 4520              	.LASF98:
 4521 01b8 70717565 		.ascii	"pqueue\000"
 4521      756500
 4522              	.LASF27:
 4523 01bf 636E745F 		.ascii	"cnt_t\000"
 4523      7400
 4524              	.LASF20:
 4525 01c5 73746B6C 		.ascii	"stkline_t\000"
 4525      696E655F 
 4525      7400
ARM GAS  /tmp/cclbV3PN.s 			page 82


 4526              	.LASF30:
 4527 01cf 6F776E65 		.ascii	"owner\000"
 4527      7200
 4528              	.LASF44:
 4529 01d5 6D74786C 		.ascii	"mtxlist\000"
 4529      69737400 
 4530              	.LASF88:
 4531 01dd 63685F76 		.ascii	"ch_virtual_timers_list\000"
 4531      69727475 
 4531      616C5F74 
 4531      696D6572 
 4531      735F6C69 
 4532              	.LASF53:
 4533 01f4 72666375 		.ascii	"rfcu\000"
 4533      00
 4534              	.LASF29:
 4535 01f9 74687265 		.ascii	"thread_t\000"
 4535      61645F74 
 4535      00
 4536              	.LASF134:
 4537 0202 63685379 		.ascii	"chSysUnlockFromISR\000"
 4537      73556E6C 
 4537      6F636B46 
 4537      726F6D49 
 4537      535200
 4538              	.LASF122:
 4539 0215 63685654 		.ascii	"chVTDoTickI\000"
 4539      446F5469 
 4539      636B4900 
 4540              	.LASF99:
 4541 0221 7264796D 		.ascii	"rdymsg\000"
 4541      736700
 4542              	.LASF76:
 4543 0228 63685F70 		.ascii	"ch_priority_queue_t\000"
 4543      72696F72 
 4543      6974795F 
 4543      71756575 
 4543      655F7400 
 4544              	.LASF118:
 4545 023c 5F426F6F 		.ascii	"_Bool\000"
 4545      6C00
 4546              	.LASF39:
 4547 0242 6F626A65 		.ascii	"object\000"
 4547      637400
 4548              	.LASF58:
 4549 0249 63685F72 		.ascii	"ch_rfcu\000"
 4549      66637500 
 4550              	.LASF66:
 4551 0251 73797374 		.ascii	"systimestamp_t\000"
 4551      696D6573 
 4551      74616D70 
 4551      5F7400
 4552              	.LASF107:
 4553 0260 63685F6D 		.ascii	"ch_mutex\000"
 4553      75746578 
 4553      00
 4554              	.LASF13:
ARM GAS  /tmp/cclbV3PN.s 			page 83


 4555 0269 5F5F7569 		.ascii	"__uint64_t\000"
 4555      6E743634 
 4555      5F7400
 4556              	.LASF119:
 4557 0274 6C617374 		.ascii	"last\000"
 4557      00
 4558              	.LASF48:
 4559 0279 63685F6F 		.ascii	"ch_os_instance\000"
 4559      735F696E 
 4559      7374616E 
 4559      636500
 4560              	.LASF78:
 4561 0288 7072696F 		.ascii	"prio\000"
 4561      00
 4562              	.LASF14:
 4563 028d 63686172 		.ascii	"char\000"
 4563      00
 4564              	.LASF79:
 4565 0292 63685F64 		.ascii	"ch_delta_list_t\000"
 4565      656C7461 
 4565      5F6C6973 
 4565      745F7400 
 4566              	.LASF57:
 4567 02a2 72666375 		.ascii	"rfcu_mask_t\000"
 4567      5F6D6173 
 4567      6B5F7400 
 4568              	.LASF95:
 4569 02ae 74687265 		.ascii	"thread_reference_t\000"
 4569      61645F72 
 4569      65666572 
 4569      656E6365 
 4569      5F7400
 4570              	.LASF120:
 4571 02c1 7374616D 		.ascii	"stamp\000"
 4571      7000
 4572              	.LASF31:
 4573 02c7 77616261 		.ascii	"wabase\000"
 4573      736500
 4574              	.LASF22:
 4575 02ce 74737461 		.ascii	"tstate_t\000"
 4575      74655F74 
 4575      00
 4576              	.LASF37:
 4577 02d7 72717565 		.ascii	"rqueue\000"
 4577      756500
 4578              	.LASF15:
 4579 02de 75696E74 		.ascii	"uint8_t\000"
 4579      385F7400 
 4580              	.LASF148:
 4581 02e6 2E2E2F2E 		.ascii	"../../../os/rt/src/chvt.c\000"
 4581      2E2F2E2E 
 4581      2F6F732F 
 4581      72742F73 
 4581      72632F63 
 4582              	.LASF41:
 4583 0300 6D736771 		.ascii	"msgqueue\000"
 4583      75657565 
ARM GAS  /tmp/cclbV3PN.s 			page 84


 4583      00
 4584              	.LASF47:
 4585 0309 63685F74 		.ascii	"ch_thread\000"
 4585      68726561 
 4585      6400
 4586              	.LASF63:
 4587 0313 73797374 		.ascii	"system_debug_t\000"
 4587      656D5F64 
 4587      65627567 
 4587      5F7400
 4588              	.LASF124:
 4589 0322 63685654 		.ascii	"chVTGetTimeStampI\000"
 4589      47657454 
 4589      696D6553 
 4589      74616D70 
 4589      4900
 4590              	.LASF139:
 4591 0334 646C6570 		.ascii	"dlep\000"
 4591      00
 4592              	.LASF2:
 4593 0339 6C6F6E67 		.ascii	"long long int\000"
 4593      206C6F6E 
 4593      6720696E 
 4593      7400
 4594              	.LASF133:
 4595 0347 63685654 		.ascii	"chVTObjectInit\000"
 4595      4F626A65 
 4595      6374496E 
 4595      697400
 4596              	.LASF25:
 4597 0356 6D73675F 		.ascii	"msg_t\000"
 4597      7400
 4598              	.LASF127:
 4599 035c 63685654 		.ascii	"chVTDoResetI\000"
 4599      446F5265 
 4599      73657449 
 4599      00
 4600              	.LASF82:
 4601 0369 76697274 		.ascii	"virtual_timer_t\000"
 4601      75616C5F 
 4601      74696D65 
 4601      725F7400 
 4602              	.LASF94:
 4603 0379 72656769 		.ascii	"registry_t\000"
 4603      73747279 
 4603      5F7400
 4604              	.LASF115:
 4605 0384 69646C65 		.ascii	"idlestack_end\000"
 4605      73746163 
 4605      6B5F656E 
 4605      6400
 4606              	.LASF59:
 4607 0392 6D61736B 		.ascii	"mask\000"
 4607      00
 4608              	.LASF96:
 4609 0397 74687265 		.ascii	"thread_dispose_t\000"
 4609      61645F64 
ARM GAS  /tmp/cclbV3PN.s 			page 85


 4609      6973706F 
 4609      73655F74 
 4609      00
 4610              	.LASF65:
 4611 03a8 73797369 		.ascii	"sysinterval_t\000"
 4611      6E746572 
 4611      76616C5F 
 4611      7400
 4612              	.LASF73:
 4613 03b6 63685F71 		.ascii	"ch_queue_t\000"
 4613      75657565 
 4613      5F7400
 4614              	.LASF62:
 4615 03c1 70616E69 		.ascii	"panic_msg\000"
 4615      635F6D73 
 4615      6700
 4616              	.LASF114:
 4617 03cb 69646C65 		.ascii	"idlestack_base\000"
 4617      73746163 
 4617      6B5F6261 
 4617      736500
 4618              	.LASF145:
 4619 03da 63685469 		.ascii	"chTimeDiffX\000"
 4619      6D654469 
 4619      66665800 
 4620              	.LASF21:
 4621 03e6 746D6F64 		.ascii	"tmode_t\000"
 4621      655F7400 
 4622              	.LASF89:
 4623 03ee 73797374 		.ascii	"systime\000"
 4623      696D6500 
 4624              	.LASF55:
 4625 03f6 69646C65 		.ascii	"idlethread\000"
 4625      74687265 
 4625      616400
 4626              	.LASF3:
 4627 0401 6C6F6E67 		.ascii	"long double\000"
 4627      20646F75 
 4627      626C6500 
 4628              	.LASF140:
 4629 040d 63685F64 		.ascii	"ch_dlist_insert_before\000"
 4629      6C697374 
 4629      5F696E73 
 4629      6572745F 
 4629      6265666F 
 4630              	.LASF70:
 4631 0424 63685F6C 		.ascii	"ch_list_t\000"
 4631      6973745F 
 4631      7400
 4632              	.LASF54:
 4633 042e 636F6E66 		.ascii	"config\000"
 4633      696700
 4634              	.LASF6:
 4635 0435 73686F72 		.ascii	"short int\000"
 4635      7420696E 
 4635      7400
 4636              	.LASF10:
ARM GAS  /tmp/cclbV3PN.s 			page 86


 4637 043f 6C6F6E67 		.ascii	"long int\000"
 4637      20696E74 
 4637      00
 4638              	.LASF67:
 4639 0448 706F7274 		.ascii	"port_intctx\000"
 4639      5F696E74 
 4639      63747800 
 4640              	.LASF147:
 4641 0454 474E5520 		.ascii	"GNU C17 13.3.1 20240614 -mcpu=cortex-r8 -mfloat-abi"
 4641      43313720 
 4641      31332E33 
 4641      2E312032 
 4641      30323430 
 4642 0487 3D686172 		.ascii	"=hard -mfpu=vfpv3-d16 -mno-thumb-interwork -marm -m"
 4642      64202D6D 
 4642      6670753D 
 4642      76667076 
 4642      332D6431 
 4643 04ba 61726368 		.ascii	"arch=armv7-r+fp+idiv -ggdb -O2 -fomit-frame-pointer"
 4643      3D61726D 
 4643      76372D72 
 4643      2B66702B 
 4643      69646976 
 4644 04ed 202D6661 		.ascii	" -falign-functions=16 -ffunction-sections -fdata-se"
 4644      6C69676E 
 4644      2D66756E 
 4644      6374696F 
 4644      6E733D31 
 4645 0520 6374696F 		.ascii	"ctions -fno-common\000"
 4645      6E73202D 
 4645      666E6F2D 
 4645      636F6D6D 
 4645      6F6E00
 4646              	.LASF129:
 4647 0533 64656C61 		.ascii	"delay\000"
 4647      7900
 4648              	.LASF131:
 4649 0539 63685654 		.ascii	"chVTDoSetI\000"
 4649      446F5365 
 4649      744900
 4650              	.LASF125:
 4651 0544 63685654 		.ascii	"chVTGetRemainingIntervalI\000"
 4651      47657452 
 4651      656D6169 
 4651      6E696E67 
 4651      496E7465 
 4652              	.LASF32:
 4653 055e 7761656E 		.ascii	"waend\000"
 4653      6400
 4654              	.LASF113:
 4655 0564 63737461 		.ascii	"cstack_end\000"
 4655      636B5F65 
 4655      6E6400
 4656              	.LASF111:
 4657 056f 63685F6F 		.ascii	"ch_os_instance_config\000"
 4657      735F696E 
 4657      7374616E 
ARM GAS  /tmp/cclbV3PN.s 			page 87


 4657      63655F63 
 4657      6F6E6669 
 4658              	.LASF84:
 4659 0585 646C6973 		.ascii	"dlist\000"
 4659      7400
 4660              	.LASF18:
 4661 058b 75696E74 		.ascii	"uint64_t\000"
 4661      36345F74 
 4661      00
 4662              	.LASF49:
 4663 0594 726C6973 		.ascii	"rlist\000"
 4663      7400
 4664              	.LASF121:
 4665 059a 63685654 		.ascii	"chVTResetTimeStampI\000"
 4665      52657365 
 4665      7454696D 
 4665      65537461 
 4665      6D704900 
 4666              	.LASF137:
 4667 05ae 63685F64 		.ascii	"ch_dlist_insert\000"
 4667      6C697374 
 4667      5F696E73 
 4667      65727400 
 4668              	.LASF123:
 4669 05be 76746C70 		.ascii	"vtlp\000"
 4669      00
 4670              	.LASF8:
 4671 05c3 5F5F7569 		.ascii	"__uint8_t\000"
 4671      6E74385F 
 4671      7400
 4672              	.LASF36:
 4673 05cd 6E616D65 		.ascii	"name\000"
 4673      00
 4674              	.LASF146:
 4675 05d2 73746172 		.ascii	"start\000"
 4675      7400
 4676              	.LASF142:
 4677 05d8 63685F64 		.ascii	"ch_dlist_notempty\000"
 4677      6C697374 
 4677      5F6E6F74 
 4677      656D7074 
 4677      7900
 4678              	.LASF23:
 4679 05ea 74726566 		.ascii	"trefs_t\000"
 4679      735F7400 
 4680              	.LASF12:
 4681 05f2 6C6F6E67 		.ascii	"long unsigned int\000"
 4681      20756E73 
 4681      69676E65 
 4681      6420696E 
 4681      7400
 4682              	.LASF110:
 4683 0604 72656164 		.ascii	"ready_list_t\000"
 4683      795F6C69 
 4683      73745F74 
 4683      00
 4684              	.LASF93:
ARM GAS  /tmp/cclbV3PN.s 			page 88


 4685 0611 71756575 		.ascii	"queue\000"
 4685      6500
 4686              	.LASF16:
 4687 0617 696E7433 		.ascii	"int32_t\000"
 4687      325F7400 
 4688              	.LASF60:
 4689 061f 72666375 		.ascii	"rfcu_t\000"
 4689      5F7400
 4690              	.LASF103:
 4691 0626 77747365 		.ascii	"wtsemp\000"
 4691      6D7000
 4692              	.LASF77:
 4693 062d 63685F70 		.ascii	"ch_priority_queue\000"
 4693      72696F72 
 4693      6974795F 
 4693      71756575 
 4693      6500
 4694              	.LASF74:
 4695 063f 63685F71 		.ascii	"ch_queue\000"
 4695      75657565 
 4695      00
 4696              	.LASF117:
 4697 0648 6D757465 		.ascii	"mutex_t\000"
 4697      785F7400 
 4698              	.LASF143:
 4699 0650 706F7274 		.ascii	"port_unlock_from_isr\000"
 4699      5F756E6C 
 4699      6F636B5F 
 4699      66726F6D 
 4699      5F697372 
 4700              	.LASF5:
 4701 0665 756E7369 		.ascii	"unsigned char\000"
 4701      676E6564 
 4701      20636861 
 4701      7200
 4702              	.LASF11:
 4703 0673 5F5F7569 		.ascii	"__uint32_t\000"
 4703      6E743332 
 4703      5F7400
 4704              	.LASF40:
 4705 067e 77616974 		.ascii	"waiting\000"
 4705      696E6700 
 4706              	.LASF91:
 4707 0686 76697274 		.ascii	"virtual_timers_list_t\000"
 4707      75616C5F 
 4707      74696D65 
 4707      72735F6C 
 4707      6973745F 
 4708              	.LASF149:
 4709 069c 2F686F6D 		.ascii	"/home/emirhan/Documents/gemstone/chibiOS-port/Chibi"
 4709      652F656D 
 4709      69726861 
 4709      6E2F446F 
 4709      63756D65 
 4710 06cf 4F532F64 		.ascii	"OS/demos/various/RT-ARMCR8-GENERIC\000"
 4710      656D6F73 
 4710      2F766172 
ARM GAS  /tmp/cclbV3PN.s 			page 89


 4710      696F7573 
 4710      2F52542D 
 4711              	.LASF128:
 4712 06f2 63685654 		.ascii	"chVTDoSetContinuousI\000"
 4712      446F5365 
 4712      74436F6E 
 4712      74696E75 
 4712      6F757349 
 4713              	.LASF56:
 4714 0707 6D61696E 		.ascii	"mainthread\000"
 4714      74687265 
 4714      616400
 4715              	.LASF33:
 4716 0712 73746174 		.ascii	"state\000"
 4716      6500
 4717              	.LASF46:
 4718 0718 6F735F69 		.ascii	"os_instance_t\000"
 4718      6E737461 
 4718      6E63655F 
 4718      7400
 4719              	.LASF136:
 4720 0726 76745F65 		.ascii	"vt_enqueue\000"
 4720      6E717565 
 4720      756500
 4721              	.LASF51:
 4722 0731 7265676C 		.ascii	"reglist\000"
 4722      69737400 
 4723              	.LASF102:
 4724 0739 77747472 		.ascii	"wttrp\000"
 4724      7000
 4725              	.LASF4:
 4726 073f 7369676E 		.ascii	"signed char\000"
 4726      65642063 
 4726      68617200 
 4727              	.LASF81:
 4728 074b 64656C74 		.ascii	"delta\000"
 4728      6100
 4729              	.LASF7:
 4730 0751 73686F72 		.ascii	"short unsigned int\000"
 4730      7420756E 
 4730      7369676E 
 4730      65642069 
 4730      6E7400
 4731              	.LASF109:
 4732 0764 63757272 		.ascii	"current\000"
 4732      656E7400 
 4733              	.LASF126:
 4734 076c 5F5F6675 		.ascii	"__func__\000"
 4734      6E635F5F 
 4734      00
 4735              	.LASF141:
 4736 0775 63685F64 		.ascii	"ch_dlist_dequeue\000"
 4736      6C697374 
 4736      5F646571 
 4736      75657565 
 4736      00
 4737              	.LASF132:
ARM GAS  /tmp/cclbV3PN.s 			page 90


 4738 0786 63685654 		.ascii	"chVTObjectDispose\000"
 4738      4F626A65 
 4738      63744469 
 4738      73706F73 
 4738      6500
 4739              	.LASF100:
 4740 0798 65786974 		.ascii	"exitcode\000"
 4740      636F6465 
 4740      00
 4741              	.LASF28:
 4742 07a1 636F7265 		.ascii	"core_id_t\000"
 4742      5F69645F 
 4742      7400
 4743              		.ident	"GCC: (Arm GNU Toolchain 13.3.Rel1 (Build arm-13.24)) 13.3.1 20240614"
ARM GAS  /tmp/cclbV3PN.s 			page 91


DEFINED SYMBOLS
                            *ABS*:00000000 chvt.c
     /tmp/cclbV3PN.s:21     .text.chVTObjectInit:00000000 $a
     /tmp/cclbV3PN.s:27     .text.chVTObjectInit:00000000 chVTObjectInit
     /tmp/cclbV3PN.s:45     .text.chVTObjectDispose:00000000 $a
     /tmp/cclbV3PN.s:51     .text.chVTObjectDispose:00000000 chVTObjectDispose
     /tmp/cclbV3PN.s:72     .text.chVTDoSetI:00000000 $a
     /tmp/cclbV3PN.s:78     .text.chVTDoSetI:00000000 chVTDoSetI
     /tmp/cclbV3PN.s:233    .text.chVTDoSetContinuousI:00000000 $a
     /tmp/cclbV3PN.s:239    .text.chVTDoSetContinuousI:00000000 chVTDoSetContinuousI
     /tmp/cclbV3PN.s:384    .text.chVTDoResetI:00000000 $a
     /tmp/cclbV3PN.s:390    .text.chVTDoResetI:00000000 chVTDoResetI
     /tmp/cclbV3PN.s:461    .text.chVTGetRemainingIntervalI:00000000 $a
     /tmp/cclbV3PN.s:467    .text.chVTGetRemainingIntervalI:00000000 chVTGetRemainingIntervalI
     /tmp/cclbV3PN.s:533    .text.chVTDoTickI:00000000 $a
     /tmp/cclbV3PN.s:539    .text.chVTDoTickI:00000000 chVTDoTickI
     /tmp/cclbV3PN.s:773    .text.chVTGetTimeStampI:00000000 $a
     /tmp/cclbV3PN.s:779    .text.chVTGetTimeStampI:00000000 chVTGetTimeStampI
     /tmp/cclbV3PN.s:856    .text.chVTResetTimeStampI:00000000 $a
     /tmp/cclbV3PN.s:862    .text.chVTResetTimeStampI:00000000 chVTResetTimeStampI

UNDEFINED SYMBOLS
ch0
