ARM GAS  /tmp/cceTDqrl.s 			page 1


   1              		.cpu cortex-r8
   2              		.arch armv7-r
   3              		.fpu vfpv3-d16
   4              		.arch_extension idiv
   5              		.eabi_attribute 28, 1
   6              		.eabi_attribute 20, 1
   7              		.eabi_attribute 21, 1
   8              		.eabi_attribute 23, 3
   9              		.eabi_attribute 24, 1
  10              		.eabi_attribute 25, 1
  11              		.eabi_attribute 26, 1
  12              		.eabi_attribute 30, 2
  13              		.eabi_attribute 34, 1
  14              		.eabi_attribute 18, 4
  15              		.file	"main.c"
  16              		.text
  17              	.Ltext0:
  18              		.cfi_sections	.debug_frame
  19              		.file 1 "main.c"
  20              		.section	.rodata.Thread2.str1.4,"aMS",%progbits,1
  21              		.align	2
  22              	.LC0:
  23 0000 66707500 		.ascii	"fpu\000"
  24              		.section	.text.Thread2,"ax",%progbits
  25              		.align	2
  26              		.p2align 4,,15
  27              		.syntax unified
  28              		.arm
  29              		.type	Thread2, %function
  30              	Thread2:
  31              	.LVL0:
  32              	.LFB404:
  33              		.loc 1 112 35 view -0
  34              		.cfi_startproc
  35              		@ args = 0, pretend = 0, frame = 0
  36              		@ frame_needed = 0, uses_anonymous_args = 0
  37              		.loc 1 113 3 view .LVU1
  38              		.loc 1 114 3 view .LVU2
  39              		.loc 1 116 3 view .LVU3
  40              		.loc 1 118 3 view .LVU4
  41              	.LBB54:
  42              	.LBI54:
  43              		.file 2 "../../../os/rt/include/chregistry.h"
  44              		.loc 2 164 20 view .LVU5
  45              	.LBB55:
  46              		.loc 2 167 3 view .LVU6
  47              	.LBE55:
  48              	.LBE54:
  49              		.loc 1 112 35 is_stmt 0 view .LVU7
  50 0000 70402DE9 		push	{r4, r5, r6, lr}
  51              		.cfi_def_cfa_offset 16
  52              		.cfi_offset 4, -16
  53              		.cfi_offset 5, -12
  54              		.cfi_offset 6, -8
  55              		.cfi_offset 14, -4
  56 0004 068B2DED 		vpush.64	{d8, d9, d10}
  57              		.cfi_def_cfa_offset 40
ARM GAS  /tmp/cceTDqrl.s 			page 2


  58              		.cfi_offset 80, -40
  59              		.cfi_offset 81, -36
  60              		.cfi_offset 82, -32
  61              		.cfi_offset 83, -28
  62              		.cfi_offset 84, -24
  63              		.cfi_offset 85, -20
  64              		.loc 1 120 10 view .LVU8
  65 0008 1A8B9FED 		vldr.64	d8, .L6
  66              	.LBB58:
  67              	.LBB56:
  68              		.loc 2 167 3 view .LVU9
  69 000c 002000E3 		movw	r2, #:lower16:ch0
  70              		.loc 2 167 32 view .LVU10
  71 0010 003000E3 		movw	r3, #:lower16:.LC0
  72 0014 005000E3 		movw	r5, #:lower16:fpu_error_counter
  73 0018 004000E3 		movw	r4, #:lower16:fpu_thread_counter
  74              	.LBE56:
  75              	.LBE58:
  76              		.loc 1 133 12 view .LVU11
  77 001c 00ABB7EE 		vmov.f64	d10, #1.0e+0
  78              		.loc 1 121 12 view .LVU12
  79 0020 489BB0EE 		vmov.f64	d9, d8
  80              	.LBB59:
  81              	.LBB57:
  82              		.loc 2 167 3 view .LVU13
  83 0024 002040E3 		movt	r2, #:upper16:ch0
  84              		.loc 2 167 32 view .LVU14
  85 0028 0C2092E5 		ldr	r2, [r2, #12]
  86 002c 003040E3 		movt	r3, #:upper16:.LC0
  87 0030 005040E3 		movt	r5, #:upper16:fpu_error_counter
  88 0034 004040E3 		movt	r4, #:upper16:fpu_thread_counter
  89 0038 203082E5 		str	r3, [r2, #32]
  90              	.LVL1:
  91              		.loc 2 167 32 view .LVU15
  92              	.LBE57:
  93              	.LBE59:
  94              		.loc 1 120 3 is_stmt 1 view .LVU16
  95              		.loc 1 121 3 view .LVU17
  96              	.L3:
  97              		.loc 1 123 3 view .LVU18
  98              		.loc 1 124 5 view .LVU19
  99              		.loc 1 125 5 view .LVU20
 100 003c 0A00A0E3 		mov	r0, #10
 101 0040 FEFFFFEB 		bl	chThdSleep
 102              	.LVL2:
 103              		.loc 1 126 5 view .LVU21
 104              		.loc 1 128 5 view .LVU22
 105              		.loc 1 129 7 view .LVU23
 106              		.loc 1 133 5 view .LVU24
 107              		.loc 1 128 8 is_stmt 0 view .LVU25
 108 0044 498BB4EE 		vcmp.f64	d8, d9
 109 0048 10FAF1EE 		vmrs	APSR_nzcv, FPSCR
 110              		.loc 1 129 24 view .LVU26
 111 004c 498BB01E 		vmovne.f64	d8, d9
 112 0050 00309515 		ldrne	r3, [r5]
 113              		.loc 1 134 14 view .LVU27
 114 0054 0A9B39EE 		vadd.f64	d9, d9, d10
ARM GAS  /tmp/cceTDqrl.s 			page 3


 115              	.LVL3:
 116              		.loc 1 129 24 view .LVU28
 117 0058 01308312 		addne	r3, r3, #1
 118 005c 00308515 		strne	r3, [r5]
 119              		.loc 1 130 7 is_stmt 1 view .LVU29
 120              		.loc 1 135 23 is_stmt 0 view .LVU30
 121 0060 003094E5 		ldr	r3, [r4]
 122              		.loc 1 133 12 view .LVU31
 123 0064 0A8B38EE 		vadd.f64	d8, d8, d10
 124              		.loc 1 134 5 is_stmt 1 view .LVU32
 125              	.LVL4:
 126              		.loc 1 135 5 view .LVU33
 127              		.loc 1 123 9 view .LVU34
 128              		.loc 1 135 23 is_stmt 0 view .LVU35
 129 0068 013083E2 		add	r3, r3, #1
 130 006c 003084E5 		str	r3, [r4]
 131              		.loc 1 124 5 view .LVU36
 132 0070 F1FFFFEA 		b	.L3
 133              	.L7:
 134 0074 00F020E3 		.align	3
 135              	.L6:
 136 0078 00000000 		.word	0
 137 007c 00408F40 		.word	1083129856
 138              		.cfi_endproc
 139              	.LFE404:
 140              		.size	Thread2, .-Thread2
 141              		.section	.rodata.Thread1.str1.4,"aMS",%progbits,1
 142              		.align	2
 143              	.LC1:
 144 0000 636F756E 		.ascii	"counter\000"
 144      74657200 
 145              		.section	.text.Thread1,"ax",%progbits
 146              		.align	2
 147              		.p2align 4,,15
 148              		.syntax unified
 149              		.arm
 150              		.type	Thread1, %function
 151              	Thread1:
 152              	.LVL5:
 153              	.LFB403:
 154              		.loc 1 95 35 is_stmt 1 view -0
 155              		.cfi_startproc
 156              		@ Volatile: function does not return.
 157              		@ args = 0, pretend = 0, frame = 0
 158              		@ frame_needed = 0, uses_anonymous_args = 0
 159              		.loc 1 97 3 view .LVU38
 160              		.loc 1 99 3 view .LVU39
 161              	.LBB60:
 162              	.LBI60:
 163              		.loc 2 164 20 view .LVU40
 164              	.LBB61:
 165              		.loc 2 167 3 view .LVU41
 166 0000 002000E3 		movw	r2, #:lower16:ch0
 167              		.loc 2 167 32 is_stmt 0 view .LVU42
 168 0004 003000E3 		movw	r3, #:lower16:.LC1
 169              	.LBE61:
 170              	.LBE60:
ARM GAS  /tmp/cceTDqrl.s 			page 4


 171              		.loc 1 95 35 view .LVU43
 172 0008 10402DE9 		push	{r4, lr}
 173              		.cfi_def_cfa_offset 8
 174              		.cfi_offset 4, -8
 175              		.cfi_offset 14, -4
 176 000c 004000E3 		movw	r4, #:lower16:thread_counter
 177              	.LBB63:
 178              	.LBB62:
 179              		.loc 2 167 3 view .LVU44
 180 0010 002040E3 		movt	r2, #:upper16:ch0
 181              		.loc 2 167 32 view .LVU45
 182 0014 0C2092E5 		ldr	r2, [r2, #12]
 183 0018 003040E3 		movt	r3, #:upper16:.LC1
 184 001c 004040E3 		movt	r4, #:upper16:thread_counter
 185 0020 203082E5 		str	r3, [r2, #32]
 186              	.LVL6:
 187              	.L9:
 188              		.loc 2 167 32 view .LVU46
 189              	.LBE62:
 190              	.LBE63:
 191              		.loc 1 101 3 is_stmt 1 view .LVU47
 192              		.loc 1 102 5 view .LVU48
 193 0024 6400A0E3 		mov	r0, #100
 194 0028 FEFFFFEB 		bl	chThdSleep
 195              	.LVL7:
 196              		.loc 1 103 5 discriminator 1 view .LVU49
 197              		.loc 1 103 19 is_stmt 0 discriminator 1 view .LVU50
 198 002c 003094E5 		ldr	r3, [r4]
 199 0030 013083E2 		add	r3, r3, #1
 200 0034 003084E5 		str	r3, [r4]
 201              		.loc 1 101 9 is_stmt 1 view .LVU51
 202 0038 F9FFFFEA 		b	.L9
 203              		.cfi_endproc
 204              	.LFE403:
 205              		.size	Thread1, .-Thread1
 206              		.section	.text.__port_irq_dispatch,"ax",%progbits
 207              		.align	2
 208              		.p2align 4,,15
 209              		.global	__port_irq_dispatch
 210              		.syntax unified
 211              		.arm
 212              		.type	__port_irq_dispatch, %function
 213              	__port_irq_dispatch:
 214              	.LFB400:
 215              		.loc 1 49 32 view -0
 216              		.cfi_startproc
 217              		@ args = 0, pretend = 0, frame = 0
 218              		@ frame_needed = 0, uses_anonymous_args = 0
 219              		.loc 1 50 3 view .LVU53
 220              		.loc 1 51 3 view .LVU54
 221              		.loc 1 53 3 view .LVU55
 222              	.LVL8:
 223              		.loc 1 54 3 view .LVU56
 224              	.LBB64:
 225              	.LBI64:
 226              		.file 3 "../../../os/common/ext/ARM/CMSIS6/Include/./r-profile/../a-profile/gicv2.h"
 227              		.loc 3 435 27 view .LVU57
ARM GAS  /tmp/cceTDqrl.s 			page 5


 228              	.LBB65:
 229              		.loc 3 437 3 view .LVU58
 230              		.loc 3 437 34 is_stmt 0 view .LVU59
 231 0000 013CA0E3 		mov	r3, #256
 232 0004 003E4AE3 		movt	r3, 44544
 233              	.LBE65:
 234              	.LBE64:
 235              		.loc 1 49 32 view .LVU60
 236 0008 10402DE9 		push	{r4, lr}
 237              		.cfi_def_cfa_offset 8
 238              		.cfi_offset 4, -8
 239              		.cfi_offset 14, -4
 240              	.LBB67:
 241              	.LBB66:
 242              		.loc 3 437 34 view .LVU61
 243 000c 0C4093E5 		ldr	r4, [r3, #12]
 244              	.LVL9:
 245              		.loc 3 437 34 view .LVU62
 246              	.LBE66:
 247              	.LBE67:
 248              		.loc 1 56 3 is_stmt 1 view .LVU63
 249              		.loc 1 56 6 is_stmt 0 view .LVU64
 250 0010 7440EFE6 		uxtb	r4, r4
 251              		.loc 1 56 6 view .LVU65
 252 0014 1D0054E3 		cmp	r4, #29
 253              		.loc 1 53 23 view .LVU66
 254 0018 0000A013 		movne	r0, #0
 255              		.loc 1 56 6 view .LVU67
 256 001c 0300000A 		beq	.L15
 257              	.LVL10:
 258              	.L12:
 259              		.loc 1 65 3 is_stmt 1 view .LVU68
 260              	.LBB68:
 261              	.LBI68:
 262              		.loc 3 443 22 view .LVU69
 263              	.LBB69:
 264              		.loc 3 445 3 view .LVU70
 265              		.loc 3 445 22 is_stmt 0 view .LVU71
 266 0020 013CA0E3 		mov	r3, #256
 267 0024 003E4AE3 		movt	r3, 44544
 268 0028 104083E5 		str	r4, [r3, #16]
 269              	.LVL11:
 270              		.loc 3 445 22 view .LVU72
 271              	.LBE69:
 272              	.LBE68:
 273              		.loc 1 67 3 is_stmt 1 view .LVU73
 274              		.loc 1 68 1 is_stmt 0 view .LVU74
 275 002c 1080BDE8 		pop	{r4, pc}
 276              	.LVL12:
 277              	.L15:
 278              		.loc 1 57 5 is_stmt 1 view .LVU75
 279              		.loc 1 57 27 is_stmt 0 view .LVU76
 280 0030 063CA0E3 		mov	r3, #1536
 281 0034 0120A0E3 		mov	r2, #1
 282 0038 003E4AE3 		movt	r3, 44544
 283 003c 0C2083E5 		str	r2, [r3, #12]
 284              		.loc 1 59 5 is_stmt 1 view .LVU77
ARM GAS  /tmp/cceTDqrl.s 			page 6


 285              		.loc 1 60 5 view .LVU78
 286 0040 FEFFFFEB 		bl	chSysTimerHandlerI
 287              	.LVL13:
 288              		.loc 1 61 5 view .LVU79
 289              		.loc 1 61 27 is_stmt 0 view .LVU80
 290 0044 FEFFFFEB 		bl	chSchIsPreemptionRequired
 291              	.LVL14:
 292              		.loc 1 62 5 is_stmt 1 view .LVU81
 293 0048 F4FFFFEA 		b	.L12
 294              		.cfi_endproc
 295              	.LFE400:
 296              		.size	__port_irq_dispatch, .-__port_irq_dispatch
 297              		.section	.text.startup.main,"ax",%progbits
 298              		.align	2
 299              		.p2align 4,,15
 300              		.global	main
 301              		.syntax unified
 302              		.arm
 303              		.type	main, %function
 304              	main:
 305              	.LFB405:
 306              		.loc 1 143 16 view -0
 307              		.cfi_startproc
 308              		@ args = 0, pretend = 0, frame = 0
 309              		@ frame_needed = 0, uses_anonymous_args = 0
 310              		.loc 1 145 3 view .LVU83
 311              		.loc 1 146 3 view .LVU84
 312              		.loc 1 149 3 view .LVU85
 313              	.LBB122:
 314              	.LBI122:
 315              		.loc 1 70 13 view .LVU86
 316              		.loc 1 72 3 view .LVU87
 317              	.LBB123:
 318              	.LBI123:
 319              		.loc 3 745 22 view .LVU88
 320              		.loc 3 747 3 view .LVU89
 321              	.LBB124:
 322              	.LBI124:
 323              		.loc 3 669 22 view .LVU90
 324              	.LBB125:
 325              		.loc 3 671 3 view .LVU91
 326              		.loc 3 672 3 view .LVU92
 327              	.LVL15:
 328              		.loc 3 673 3 view .LVU93
 329              		.loc 3 679 3 view .LVU94
 330              	.LBB126:
 331              	.LBI126:
 332              		.loc 3 378 22 view .LVU95
 333              	.LBB127:
 334              		.loc 3 380 3 view .LVU96
 335              	.LBE127:
 336              	.LBE126:
 337              	.LBE125:
 338              	.LBE124:
 339              	.LBE123:
 340              	.LBE122:
 341              		.loc 1 143 16 is_stmt 0 view .LVU97
ARM GAS  /tmp/cceTDqrl.s 			page 7


 342 0000 F0472DE9 		push	{r4, r5, r6, r7, r8, r9, r10, lr}
 343              		.cfi_def_cfa_offset 32
 344              		.cfi_offset 4, -32
 345              		.cfi_offset 5, -28
 346              		.cfi_offset 6, -24
 347              		.cfi_offset 7, -20
 348              		.cfi_offset 8, -16
 349              		.cfi_offset 9, -12
 350              		.cfi_offset 10, -8
 351              		.cfi_offset 14, -4
 352              	.LBB261:
 353              	.LBB244:
 354              	.LBB183:
 355              	.LBB178:
 356              	.LBB131:
 357              	.LBB128:
 358              		.loc 3 380 17 view .LVU98
 359 0004 014AA0E3 		mov	r4, #4096
 360              	.LBE128:
 361              	.LBE131:
 362              	.LBE178:
 363              	.LBE183:
 364              	.LBE244:
 365              	.LBE261:
 366              		.loc 1 143 16 view .LVU99
 367 0008 068B2DED 		vpush.64	{d8, d9, d10}
 368              		.cfi_def_cfa_offset 56
 369              		.cfi_offset 80, -56
 370              		.cfi_offset 81, -52
 371              		.cfi_offset 82, -48
 372              		.cfi_offset 83, -44
 373              		.cfi_offset 84, -40
 374              		.cfi_offset 85, -36
 375              	.LBB262:
 376              	.LBB245:
 377              	.LBB184:
 378              	.LBB179:
 379              	.LBB132:
 380              	.LBB129:
 381              		.loc 3 380 17 view .LVU100
 382 000c 004E4AE3 		movt	r4, 44544
 383 0010 003094E5 		ldr	r3, [r4]
 384              	.LBE129:
 385              	.LBE132:
 386              	.LBE179:
 387              	.LBE184:
 388              	.LBE245:
 389              	.LBE262:
 390              		.loc 1 143 16 view .LVU101
 391 0014 08D04DE2 		sub	sp, sp, #8
 392              		.cfi_def_cfa_offset 64
 393              	.LBB263:
 394              	.LBB246:
 395              	.LBB185:
 396              	.LBB180:
 397              	.LBB133:
 398              	.LBB130:
ARM GAS  /tmp/cceTDqrl.s 			page 8


 399              		.loc 3 380 24 view .LVU102
 400 0018 0130C3E3 		bic	r3, r3, #1
 401 001c 003084E5 		str	r3, [r4]
 402              	.LBE130:
 403              	.LBE133:
 404              		.loc 3 681 3 is_stmt 1 view .LVU103
 405              	.LBB134:
 406              	.LBI134:
 407              		.loc 3 386 26 view .LVU104
 408              	.LBB135:
 409              		.loc 3 388 3 view .LVU105
 410              		.loc 3 388 25 is_stmt 0 view .LVU106
 411 0020 04E094E5 		ldr	lr, [r4, #4]
 412              	.LBE135:
 413              	.LBE134:
 414              	.LBB136:
 415              	.LBB137:
 416              		.loc 3 557 45 view .LVU107
 417 0024 003494E5 		ldr	r3, [r4, #1024]
 418              	.LBE137:
 419              	.LBE136:
 420              		.loc 3 681 43 discriminator 1 view .LVU108
 421 0028 1FE00EE2 		and	lr, lr, #31
 422              	.LBB141:
 423              	.LBB138:
 424              		.loc 3 558 48 view .LVU109
 425 002c FF3083E3 		orr	r3, r3, #255
 426              	.LBE138:
 427              	.LBE141:
 428              		.loc 3 681 52 discriminator 1 view .LVU110
 429 0030 01E08EE2 		add	lr, lr, #1
 430              	.LBB142:
 431              	.LBB139:
 432              		.loc 3 558 41 view .LVU111
 433 0034 003484E5 		str	r3, [r4, #1024]
 434              	.LBE139:
 435              	.LBE142:
 436              		.loc 3 689 19 discriminator 1 view .LVU112
 437 0038 01005EE3 		cmp	lr, #1
 438              	.LBB143:
 439              	.LBB144:
 440              		.loc 3 566 37 view .LVU113
 441 003c 005494E5 		ldr	r5, [r4, #1024]
 442              	.LVL16:
 443              		.loc 3 566 37 view .LVU114
 444              	.LBE144:
 445              	.LBE143:
 446              		.loc 3 686 3 is_stmt 1 view .LVU115
 447              	.LBB146:
 448              	.LBI136:
 449              		.loc 3 555 22 view .LVU116
 450              	.LBB140:
 451              		.loc 3 557 3 view .LVU117
 452              		.loc 3 558 3 view .LVU118
 453              		.loc 3 558 3 is_stmt 0 view .LVU119
 454              	.LBE140:
 455              	.LBE146:
ARM GAS  /tmp/cceTDqrl.s 			page 9


 456              		.loc 3 687 3 is_stmt 1 view .LVU120
 457              	.LBB147:
 458              	.LBI143:
 459              		.loc 3 564 26 view .LVU121
 460              	.LBB145:
 461              		.loc 3 566 3 view .LVU122
 462              		.loc 3 566 3 is_stmt 0 view .LVU123
 463              	.LBE145:
 464              	.LBE147:
 465              		.loc 3 689 3 is_stmt 1 view .LVU124
 466              		.loc 3 689 19 discriminator 1 view .LVU125
 467 0040 2400000A 		beq	.L20
 468              		.loc 3 689 10 is_stmt 0 view .LVU126
 469 0044 2030A0E3 		mov	r3, #32
 470              	.LBB148:
 471              	.LBB149:
 472              		.loc 3 470 46 view .LVU127
 473 0048 01C0A0E3 		mov	ip, #1
 474              	.LBE149:
 475              	.LBE148:
 476              	.LBB152:
 477              	.LBB153:
 478              		.loc 3 535 26 view .LVU128
 479 004c 0370A0E3 		mov	r7, #3
 480              	.LBE153:
 481              	.LBE152:
 482              	.LBB156:
 483              	.LBB157:
 484              		.loc 3 557 68 view .LVU129
 485 0050 FF60A0E3 		mov	r6, #255
 486 0054 8EE2A0E1 		lsl	lr, lr, #5
 487              	.LVL17:
 488              		.loc 3 557 68 view .LVU130
 489              	.LBE157:
 490              	.LBE156:
 491              		.loc 3 696 7 view .LVU131
 492 0058 D550E6E7 		ubfx	r5, r5, #1, #7
 493              	.LVL18:
 494              	.L19:
 495              		.loc 3 692 7 is_stmt 1 view .LVU132
 496              	.LBB161:
 497              	.LBI148:
 498              		.loc 3 468 22 view .LVU133
 499              	.LBB150:
 500              		.loc 3 470 3 view .LVU134
 501              	.LBE150:
 502              	.LBE161:
 503              	.LBB162:
 504              	.LBB158:
 505              		.loc 3 557 78 is_stmt 0 view .LVU135
 506 005c 030003E2 		and	r0, r3, #3
 507              		.loc 3 557 84 view .LVU136
 508 0060 8001A0E1 		lsl	r0, r0, #3
 509              		.loc 3 557 59 view .LVU137
 510 0064 1680E0E1 		mvn	r8, r6, lsl r0
 511              	.LBE158:
 512              	.LBE162:
ARM GAS  /tmp/cceTDqrl.s 			page 10


 513              	.LBB163:
 514              	.LBB154:
 515              		.loc 3 531 47 view .LVU138
 516 0068 5312E3E7 		ubfx	r1, r3, #4, #4
 517              	.LBE154:
 518              	.LBE163:
 519              	.LBB164:
 520              	.LBB151:
 521              		.loc 3 470 34 view .LVU139
 522 006c D322E2E7 		ubfx	r2, r3, #5, #3
 523              		.loc 3 470 55 view .LVU140
 524 0070 1F9003E2 		and	r9, r3, #31
 525 0074 0111A0E1 		lsl	r1, r1, #2
 526              		.loc 3 470 46 view .LVU141
 527 0078 1C99A0E1 		lsl	r9, ip, r9
 528              		.loc 3 470 41 view .LVU142
 529 007c 602082E2 		add	r2, r2, #96
 530 0080 AE1481E2 		add	r1, r1, #-1375731712
 531 0084 029184E7 		str	r9, [r4, r2, lsl #2]
 532              	.LVL19:
 533              		.loc 3 470 41 view .LVU143
 534              	.LBE151:
 535              	.LBE164:
 536              		.loc 3 694 7 is_stmt 1 view .LVU144
 537              	.LBB165:
 538              	.LBI152:
 539              		.loc 3 529 22 view .LVU145
 540              	.LBB155:
 541              		.loc 3 531 3 view .LVU146
 542 0088 011A81E2 		add	r1, r1, #4096
 543              		.loc 3 531 12 is_stmt 0 view .LVU147
 544 008c 009C91E5 		ldr	r9, [r1, #3072]
 545              	.LVL20:
 546              		.loc 3 532 3 is_stmt 1 view .LVU148
 547              		.loc 3 534 3 view .LVU149
 548              		.loc 3 535 3 view .LVU150
 549              		.loc 3 532 12 is_stmt 0 view .LVU151
 550 0090 83A0A0E1 		lsl	r10, r3, #1
 551 0094 FC2003E2 		and	r2, r3, #252
 552 0098 1EA00AE2 		and	r10, r10, #30
 553              	.LVL21:
 554              		.loc 3 535 9 view .LVU152
 555 009c 179AC9E1 		bic	r9, r9, r7, lsl r10
 556              	.LVL22:
 557              		.loc 3 536 3 is_stmt 1 view .LVU153
 558              		.loc 3 538 3 view .LVU154
 559 00a0 AE2482E2 		add	r2, r2, #-1375731712
 560              		.loc 3 538 37 is_stmt 0 view .LVU155
 561 00a4 009C81E5 		str	r9, [r1, #3072]
 562              	.LVL23:
 563              		.loc 3 538 37 view .LVU156
 564              	.LBE155:
 565              	.LBE165:
 566              		.loc 3 696 7 is_stmt 1 view .LVU157
 567              	.LBB166:
 568              	.LBI156:
 569              		.loc 3 555 22 view .LVU158
ARM GAS  /tmp/cceTDqrl.s 			page 11


 570              	.LBB159:
 571              		.loc 3 557 3 view .LVU159
 572 00a8 012A82E2 		add	r2, r2, #4096
 573              		.loc 3 557 45 is_stmt 0 view .LVU160
 574 00ac 001492E5 		ldr	r1, [r2, #1024]
 575              	.LVL24:
 576              		.loc 3 558 3 is_stmt 1 view .LVU161
 577              	.LBE159:
 578              	.LBE166:
 579              		.loc 3 689 31 is_stmt 0 discriminator 3 view .LVU162
 580 00b0 013083E2 		add	r3, r3, #1
 581              	.LVL25:
 582              	.LBB167:
 583              	.LBB160:
 584              		.loc 3 557 12 view .LVU163
 585 00b4 081001E0 		and	r1, r1, r8
 586              	.LVL26:
 587              		.loc 3 558 48 view .LVU164
 588 00b8 151081E1 		orr	r1, r1, r5, lsl r0
 589              	.LVL27:
 590              		.loc 3 558 41 view .LVU165
 591 00bc 001482E5 		str	r1, [r2, #1024]
 592              	.LVL28:
 593              		.loc 3 558 41 view .LVU166
 594              	.LBE160:
 595              	.LBE167:
 596              		.loc 3 698 7 is_stmt 1 view .LVU167
 597              	.LBB168:
 598              	.LBI168:
 599              		.loc 3 403 22 view .LVU168
 600              	.LBB169:
 601              		.loc 3 405 3 view .LVU169
 602              		.loc 3 405 44 is_stmt 0 view .LVU170
 603 00c0 001892E5 		ldr	r1, [r2, #2048]
 604              	.LVL29:
 605              		.loc 3 406 3 is_stmt 1 view .LVU171
 606              	.LBE169:
 607              	.LBE168:
 608              		.loc 3 689 19 is_stmt 0 discriminator 1 view .LVU172
 609 00c4 03005EE1 		cmp	lr, r3
 610              	.LBB171:
 611              	.LBB170:
 612              		.loc 3 405 12 view .LVU173
 613 00c8 081001E0 		and	r1, r1, r8
 614              	.LVL30:
 615              		.loc 3 406 47 view .LVU174
 616 00cc 1C1081E1 		orr	r1, r1, ip, lsl r0
 617              	.LVL31:
 618              		.loc 3 406 40 view .LVU175
 619 00d0 001882E5 		str	r1, [r2, #2048]
 620              	.LVL32:
 621              		.loc 3 406 40 view .LVU176
 622              	.LBE170:
 623              	.LBE171:
 624              		.loc 3 689 31 is_stmt 1 discriminator 3 view .LVU177
 625              		.loc 3 689 19 discriminator 1 view .LVU178
 626 00d4 E0FFFF1A 		bne	.L19
ARM GAS  /tmp/cceTDqrl.s 			page 12


 627              	.LVL33:
 628              	.L20:
 629              		.loc 3 701 3 view .LVU179
 630              	.LBB172:
 631              	.LBI172:
 632              		.loc 3 371 22 view .LVU180
 633              	.LBB173:
 634              		.loc 3 373 3 view .LVU181
 635              		.loc 3 373 17 is_stmt 0 view .LVU182
 636 00d8 01CAA0E3 		mov	ip, #4096
 637              	.LBE173:
 638              	.LBE172:
 639              	.LBE180:
 640              	.LBE185:
 641              	.LBB186:
 642              	.LBB187:
 643              	.LBB188:
 644              	.LBB189:
 645              		.loc 3 470 46 view .LVU183
 646 00dc 0140A0E3 		mov	r4, #1
 647              	.LBE189:
 648              	.LBE188:
 649              	.LBB191:
 650              	.LBB192:
 651              		.loc 3 429 15 view .LVU184
 652 00e0 012CA0E3 		mov	r2, #256
 653              	.LBE192:
 654              	.LBE191:
 655              	.LBB196:
 656              	.LBB197:
 657              		.loc 3 557 68 view .LVU185
 658 00e4 FF50A0E3 		mov	r5, #255
 659              	.LBE197:
 660              	.LBE196:
 661              	.LBE187:
 662              	.LBE186:
 663              	.LBB238:
 664              	.LBB181:
 665              	.LBB176:
 666              	.LBB174:
 667              		.loc 3 373 17 view .LVU186
 668 00e8 00CE4AE3 		movt	ip, 44544
 669 00ec 00109CE5 		ldr	r1, [ip]
 670              	.LBE174:
 671              	.LBE176:
 672              	.LBE181:
 673              	.LBE238:
 674              	.LBB239:
 675              	.LBB234:
 676              	.LBB201:
 677              	.LBB193:
 678              		.loc 3 429 15 view .LVU187
 679 00f0 002E4AE3 		movt	r2, 44544
 680              	.LBE193:
 681              	.LBE201:
 682              	.LBE234:
 683              	.LBE239:
ARM GAS  /tmp/cceTDqrl.s 			page 13


 684              	.LBB240:
 685              	.LBB182:
 686              	.LBB177:
 687              	.LBB175:
 688              		.loc 3 373 24 view .LVU188
 689 00f4 041081E1 		orr	r1, r1, r4
 690 00f8 00108CE5 		str	r1, [ip]
 691              	.LVL34:
 692              		.loc 3 373 24 view .LVU189
 693              	.LBE175:
 694              	.LBE177:
 695              	.LBE182:
 696              	.LBE240:
 697              		.loc 3 748 3 is_stmt 1 view .LVU190
 698              	.LBB241:
 699              	.LBI186:
 700              		.loc 3 706 22 view .LVU191
 701              	.LBB235:
 702              		.loc 3 708 3 view .LVU192
 703              		.loc 3 709 3 view .LVU193
 704              		.loc 3 715 3 view .LVU194
 705              	.LBB202:
 706              	.LBI191:
 707              		.loc 3 427 22 view .LVU195
 708              	.LBB194:
 709              		.loc 3 429 3 view .LVU196
 710              		.loc 3 429 15 is_stmt 0 view .LVU197
 711 00fc 001092E5 		ldr	r1, [r2]
 712              	.LBE194:
 713              	.LBE202:
 714              		.loc 3 724 10 view .LVU198
 715 0100 0030A0E3 		mov	r3, #0
 716              	.LBB203:
 717              	.LBB195:
 718              		.loc 3 429 22 view .LVU199
 719 0104 0110C1E3 		bic	r1, r1, #1
 720 0108 001082E5 		str	r1, [r2]
 721              	.LBE195:
 722              	.LBE203:
 723              		.loc 3 720 3 is_stmt 1 view .LVU200
 724              	.LVL35:
 725              	.LBB204:
 726              	.LBI204:
 727              		.loc 3 555 22 view .LVU201
 728              	.LBB205:
 729              		.loc 3 557 3 view .LVU202
 730              		.loc 3 557 45 is_stmt 0 view .LVU203
 731 010c 00249CE5 		ldr	r2, [ip, #1024]
 732              	.LVL36:
 733              		.loc 3 558 3 is_stmt 1 view .LVU204
 734              	.LBE205:
 735              	.LBE204:
 736              	.LBB207:
 737              	.LBB208:
 738              		.loc 3 535 26 is_stmt 0 view .LVU205
 739 0110 0360A0E3 		mov	r6, #3
 740              	.LBE208:
ARM GAS  /tmp/cceTDqrl.s 			page 14


 741              	.LBE207:
 742              	.LBB212:
 743              	.LBB206:
 744              		.loc 3 558 48 view .LVU206
 745 0114 052082E1 		orr	r2, r2, r5
 746              	.LVL37:
 747              		.loc 3 558 41 view .LVU207
 748 0118 00248CE5 		str	r2, [ip, #1024]
 749              	.LVL38:
 750              		.loc 3 558 41 view .LVU208
 751              	.LBE206:
 752              	.LBE212:
 753              		.loc 3 721 3 is_stmt 1 view .LVU209
 754              	.LBB213:
 755              	.LBI213:
 756              		.loc 3 564 26 view .LVU210
 757              	.LBB214:
 758              		.loc 3 566 3 view .LVU211
 759              		.loc 3 566 37 is_stmt 0 view .LVU212
 760 011c 00E49CE5 		ldr	lr, [ip, #1024]
 761              	.LVL39:
 762              		.loc 3 566 37 view .LVU213
 763              	.LBE214:
 764              	.LBE213:
 765              		.loc 3 724 3 is_stmt 1 view .LVU214
 766              		.loc 3 724 18 discriminator 1 view .LVU215
 767              		.loc 3 733 5 is_stmt 0 view .LVU216
 768 0120 DEE0E6E7 		ubfx	lr, lr, #1, #7
 769              	.LVL40:
 770              		.loc 3 726 5 is_stmt 1 view .LVU217
 771 0124 040000EA 		b	.L18
 772              	.LVL41:
 773              	.L22:
 774              		.loc 3 726 7 is_stmt 0 view .LVU218
 775 0128 0F0053E3 		cmp	r3, #15
 776              	.LBB215:
 777              	.LBB209:
 778              		.loc 3 531 12 view .LVU219
 779 012c 042C9C85 		ldrhi	r2, [ip, #3076]
 780              	.LVL42:
 781              		.loc 3 532 3 is_stmt 1 view .LVU220
 782              		.loc 3 534 3 view .LVU221
 783              		.loc 3 535 3 view .LVU222
 784              		.loc 3 532 12 is_stmt 0 view .LVU223
 785 0130 1E0000E2 		and	r0, r0, #30
 786              		.loc 3 535 9 view .LVU224
 787 0134 1620C281 		bichi	r2, r2, r6, lsl r0
 788              	.LVL43:
 789              		.loc 3 536 3 is_stmt 1 view .LVU225
 790              		.loc 3 538 3 view .LVU226
 791              		.loc 3 538 37 is_stmt 0 view .LVU227
 792 0138 042C8C85 		strhi	r2, [ip, #3076]
 793              	.LVL44:
 794              	.L18:
 795              		.loc 3 538 37 view .LVU228
 796              	.LBE209:
 797              	.LBE215:
ARM GAS  /tmp/cceTDqrl.s 			page 15


 798              		.loc 3 728 7 is_stmt 1 view .LVU229
 799              		.loc 3 731 5 view .LVU230
 800              	.LBB216:
 801              	.LBI188:
 802              		.loc 3 468 22 view .LVU231
 803              	.LBB190:
 804              		.loc 3 470 3 view .LVU232
 805 013c FC2003E2 		and	r2, r3, #252
 806              		.loc 3 470 46 is_stmt 0 view .LVU233
 807 0140 1413A0E1 		lsl	r1, r4, r3
 808 0144 AE2482E2 		add	r2, r2, #-1375731712
 809              		.loc 3 470 41 view .LVU234
 810 0148 80118CE5 		str	r1, [ip, #384]
 811              	.LVL45:
 812              		.loc 3 470 41 view .LVU235
 813              	.LBE190:
 814              	.LBE216:
 815              		.loc 3 733 5 is_stmt 1 view .LVU236
 816              	.LBB217:
 817              	.LBI196:
 818              		.loc 3 555 22 view .LVU237
 819              	.LBB198:
 820              		.loc 3 557 3 view .LVU238
 821 014c 012A82E2 		add	r2, r2, #4096
 822              		.loc 3 557 45 is_stmt 0 view .LVU239
 823 0150 001492E5 		ldr	r1, [r2, #1024]
 824              		.loc 3 557 78 view .LVU240
 825 0154 030003E2 		and	r0, r3, #3
 826              		.loc 3 557 84 view .LVU241
 827 0158 8001A0E1 		lsl	r0, r0, #3
 828              	.LVL46:
 829              		.loc 3 558 3 is_stmt 1 view .LVU242
 830              	.LBE198:
 831              	.LBE217:
 832              		.loc 3 724 26 is_stmt 0 discriminator 2 view .LVU243
 833 015c 013083E2 		add	r3, r3, #1
 834              	.LVL47:
 835              		.loc 3 726 5 is_stmt 1 view .LVU244
 836              	.LBB218:
 837              	.LBI207:
 838              		.loc 3 529 22 view .LVU245
 839              	.LBB210:
 840              		.loc 3 531 3 view .LVU246
 841              	.LBE210:
 842              	.LBE218:
 843              	.LBB219:
 844              	.LBB199:
 845              		.loc 3 557 12 is_stmt 0 view .LVU247
 846 0160 1510C1E1 		bic	r1, r1, r5, lsl r0
 847              	.LVL48:
 848              		.loc 3 558 48 view .LVU248
 849 0164 1E1081E1 		orr	r1, r1, lr, lsl r0
 850              	.LBE199:
 851              	.LBE219:
 852              		.loc 3 724 18 discriminator 1 view .LVU249
 853 0168 200053E3 		cmp	r3, #32
 854              	.LBB220:
ARM GAS  /tmp/cceTDqrl.s 			page 16


 855              	.LBB211:
 856              		.loc 3 532 12 view .LVU250
 857 016c 8300A0E1 		lsl	r0, r3, #1
 858              		.loc 3 532 12 view .LVU251
 859              	.LBE211:
 860              	.LBE220:
 861              	.LBB221:
 862              	.LBB200:
 863              		.loc 3 558 41 view .LVU252
 864 0170 001482E5 		str	r1, [r2, #1024]
 865              	.LVL49:
 866              		.loc 3 558 41 view .LVU253
 867              	.LBE200:
 868              	.LBE221:
 869              		.loc 3 724 26 is_stmt 1 discriminator 2 view .LVU254
 870              		.loc 3 724 18 discriminator 1 view .LVU255
 871 0174 EBFFFF1A 		bne	.L22
 872              		.loc 3 736 3 view .LVU256
 873              	.LBB222:
 874              	.LBI222:
 875              		.loc 3 420 22 view .LVU257
 876              	.LBB223:
 877              		.loc 3 422 3 view .LVU258
 878              		.loc 3 422 15 is_stmt 0 view .LVU259
 879 0178 012CA0E3 		mov	r2, #256
 880              	.LBE223:
 881              	.LBE222:
 882              	.LBB226:
 883              	.LBB227:
 884              		.loc 3 590 21 view .LVU260
 885 017c 0060A0E3 		mov	r6, #0
 886              	.LBE227:
 887              	.LBE226:
 888              	.LBE235:
 889              	.LBE241:
 890              	.LBE246:
 891              	.LBE263:
 892              	.LBB264:
 893              	.LBB265:
 894              		.loc 1 83 29 view .LVU261
 895 0180 063CA0E3 		mov	r3, #1536
 896              	.LVL50:
 897              		.loc 1 85 29 view .LVU262
 898 0184 771D02E3 		movw	r1, #11639
 899              	.LBE265:
 900              	.LBE264:
 901              	.LBB270:
 902              	.LBB247:
 903              	.LBB248:
 904              		.loc 3 453 41 view .LVU263
 905 0188 02E2A0E3 		mov	lr, #536870912
 906              	.LBE248:
 907              	.LBE247:
 908              	.LBE270:
 909              	.LBB271:
 910              	.LBB266:
 911              		.loc 1 86 29 view .LVU264
ARM GAS  /tmp/cceTDqrl.s 			page 17


 912 018c 0700A0E3 		mov	r0, #7
 913              	.LBE266:
 914              	.LBE271:
 915              	.LBB272:
 916              	.LBB250:
 917              	.LBB242:
 918              	.LBB236:
 919              	.LBB229:
 920              	.LBB224:
 921              		.loc 3 422 15 view .LVU265
 922 0190 002E4AE3 		movt	r2, 44544
 923 0194 007092E5 		ldr	r7, [r2]
 924              	.LBE224:
 925              	.LBE229:
 926              	.LBE236:
 927              	.LBE242:
 928              	.LBE250:
 929              	.LBE272:
 930              	.LBB273:
 931              	.LBB267:
 932              		.loc 1 83 29 view .LVU266
 933 0198 003E4AE3 		movt	r3, 44544
 934              	.LBE267:
 935              	.LBE273:
 936              	.LBB274:
 937              	.LBB251:
 938              	.LBB243:
 939              	.LBB237:
 940              	.LBB230:
 941              	.LBB225:
 942              		.loc 3 422 22 view .LVU267
 943 019c 017087E3 		orr	r7, r7, #1
 944 01a0 007082E5 		str	r7, [r2]
 945              	.LBE225:
 946              	.LBE230:
 947              		.loc 3 738 3 is_stmt 1 view .LVU268
 948              	.LVL51:
 949              	.LBB231:
 950              	.LBI226:
 951              		.loc 3 588 22 view .LVU269
 952              	.LBB228:
 953              		.loc 3 590 3 view .LVU270
 954              		.loc 3 590 21 is_stmt 0 view .LVU271
 955 01a4 086082E5 		str	r6, [r2, #8]
 956              	.LVL52:
 957              		.loc 3 590 21 view .LVU272
 958              	.LBE228:
 959              	.LBE231:
 960              		.loc 3 740 3 is_stmt 1 view .LVU273
 961              	.LBB232:
 962              	.LBI232:
 963              		.loc 3 572 22 view .LVU274
 964              	.LBB233:
 965              		.loc 3 574 3 view .LVU275
 966              		.loc 3 574 21 is_stmt 0 view .LVU276
 967 01a8 045082E5 		str	r5, [r2, #4]
 968              	.LVL53:
ARM GAS  /tmp/cceTDqrl.s 			page 18


 969              		.loc 3 574 21 view .LVU277
 970              	.LBE233:
 971              	.LBE232:
 972              	.LBE237:
 973              	.LBE243:
 974              	.LBE251:
 975              		.loc 1 73 3 is_stmt 1 view .LVU278
 976              	.LBB252:
 977              	.LBI252:
 978              		.loc 3 555 22 view .LVU279
 979              	.LBB253:
 980              		.loc 3 557 3 view .LVU280
 981              		.loc 3 557 45 is_stmt 0 view .LVU281
 982 01ac 1C249CE5 		ldr	r2, [ip, #1052]
 983              	.LVL54:
 984              		.loc 3 558 3 is_stmt 1 view .LVU282
 985              	.LBE253:
 986              	.LBE252:
 987              	.LBE274:
 988              	.LBB275:
 989              	.LBB268:
 990              		.loc 1 85 29 is_stmt 0 view .LVU283
 991 01b0 0A1040E3 		movt	r1, 10
 992              	.LBE268:
 993              	.LBE275:
 994              	.LBB276:
 995              	.LBB255:
 996              	.LBB254:
 997              		.loc 3 557 12 view .LVU284
 998 01b4 FF2CC2E3 		bic	r2, r2, #65280
 999              	.LVL55:
 1000              		.loc 3 558 48 view .LVU285
 1001 01b8 022982E3 		orr	r2, r2, #32768
 1002              	.LVL56:
 1003              		.loc 3 558 41 view .LVU286
 1004 01bc 1C248CE5 		str	r2, [ip, #1052]
 1005              	.LVL57:
 1006              		.loc 3 558 41 view .LVU287
 1007              	.LBE254:
 1008              	.LBE255:
 1009              		.loc 1 74 3 is_stmt 1 view .LVU288
 1010              	.LBB256:
 1011              	.LBI256:
 1012              		.loc 3 403 22 view .LVU289
 1013              	.LBB257:
 1014              		.loc 3 405 3 view .LVU290
 1015              		.loc 3 405 44 is_stmt 0 view .LVU291
 1016 01c0 1C289CE5 		ldr	r2, [ip, #2076]
 1017              	.LVL58:
 1018              		.loc 3 406 3 is_stmt 1 view .LVU292
 1019              	.LBE257:
 1020              	.LBE256:
 1021              	.LBE276:
 1022              		.loc 1 171 10 is_stmt 0 view .LVU293
 1023 01c4 318B9FED 		vldr.64	d8, .L27
 1024              	.LBB277:
 1025              	.LBB259:
ARM GAS  /tmp/cceTDqrl.s 			page 19


 1026              	.LBB258:
 1027              		.loc 3 405 12 view .LVU294
 1028 01c8 FF2CC2E3 		bic	r2, r2, #65280
 1029              	.LVL59:
 1030              		.loc 3 406 47 view .LVU295
 1031 01cc 012C82E3 		orr	r2, r2, #256
 1032              	.LVL60:
 1033              		.loc 3 406 40 view .LVU296
 1034 01d0 1C288CE5 		str	r2, [ip, #2076]
 1035              	.LVL61:
 1036              		.loc 3 406 40 view .LVU297
 1037              	.LBE258:
 1038              	.LBE259:
 1039              		.loc 1 75 3 is_stmt 1 view .LVU298
 1040              	.LBB260:
 1041              	.LBI247:
 1042              		.loc 3 451 22 view .LVU299
 1043              	.LBB249:
 1044              		.loc 3 453 3 view .LVU300
 1045              		.loc 3 453 41 is_stmt 0 view .LVU301
 1046 01d4 00E18CE5 		str	lr, [ip, #256]
 1047              	.LVL62:
 1048              		.loc 3 453 41 view .LVU302
 1049              	.LBE249:
 1050              	.LBE260:
 1051              	.LBE277:
 1052              		.loc 1 150 3 is_stmt 1 view .LVU303
 1053              	.LBB278:
 1054              	.LBI264:
 1055              		.loc 1 78 13 view .LVU304
 1056              	.LBB269:
 1057              		.loc 1 79 3 view .LVU305
 1058              		.loc 1 81 3 view .LVU306
 1059              		.loc 1 83 3 view .LVU307
 1060              		.loc 1 83 29 is_stmt 0 view .LVU308
 1061 01d8 086083E5 		str	r6, [r3, #8]
 1062              		.loc 1 84 3 is_stmt 1 view .LVU309
 1063              		.loc 1 84 29 is_stmt 0 view .LVU310
 1064 01dc 0C4083E5 		str	r4, [r3, #12]
 1065              		.loc 1 85 3 is_stmt 1 view .LVU311
 1066              		.loc 1 85 29 is_stmt 0 view .LVU312
 1067 01e0 001083E5 		str	r1, [r3]
 1068              		.loc 1 86 3 is_stmt 1 view .LVU313
 1069              		.loc 1 86 29 is_stmt 0 view .LVU314
 1070 01e4 080083E5 		str	r0, [r3, #8]
 1071              	.LBE269:
 1072              	.LBE278:
 1073              		.loc 1 156 3 is_stmt 1 view .LVU315
 1074 01e8 FEFFFFEB 		bl	chSysInit
 1075              	.LVL63:
 1076              		.loc 1 158 3 view .LVU316
 1077              		.loc 1 158 10 is_stmt 0 view .LVU317
 1078 01ec 003000E3 		movw	r3, #:lower16:Thread1
 1079 01f0 000000E3 		movw	r0, #:lower16:waThread1
 1080 01f4 8020A0E3 		mov	r2, #128
 1081 01f8 071DA0E3 		mov	r1, #448
 1082 01fc 00608DE5 		str	r6, [sp]
ARM GAS  /tmp/cceTDqrl.s 			page 20


 1083 0200 003040E3 		movt	r3, #:upper16:Thread1
 1084 0204 000040E3 		movt	r0, #:upper16:waThread1
 1085 0208 FEFFFFEB 		bl	chThdCreateStatic
 1086              	.LVL64:
 1087              		.loc 1 165 3 is_stmt 1 view .LVU318
 1088              		.loc 1 165 10 is_stmt 0 view .LVU319
 1089 020c 003000E3 		movw	r3, #:lower16:Thread2
 1090 0210 000000E3 		movw	r0, #:lower16:waThread2
 1091 0214 00608DE5 		str	r6, [sp]
 1092 0218 8020A0E3 		mov	r2, #128
 1093 021c 091DA0E3 		mov	r1, #576
 1094 0220 005000E3 		movw	r5, #:lower16:main_counter
 1095 0224 006000E3 		movw	r6, #:lower16:fpu_error_counter
 1096 0228 004000E3 		movw	r4, #:lower16:fpu_main_counter
 1097 022c 003040E3 		movt	r3, #:upper16:Thread2
 1098 0230 000040E3 		movt	r0, #:upper16:waThread2
 1099 0234 FEFFFFEB 		bl	chThdCreateStatic
 1100              	.LVL65:
 1101              		.loc 1 171 3 is_stmt 1 view .LVU320
 1102              		.loc 1 172 3 view .LVU321
 1103              		.loc 1 189 12 is_stmt 0 view .LVU322
 1104 0238 00ABB7EE 		vmov.f64	d10, #1.0e+0
 1105              		.loc 1 172 12 view .LVU323
 1106 023c 489BB0EE 		vmov.f64	d9, d8
 1107 0240 005040E3 		movt	r5, #:upper16:main_counter
 1108 0244 006040E3 		movt	r6, #:upper16:fpu_error_counter
 1109 0248 004040E3 		movt	r4, #:upper16:fpu_main_counter
 1110              	.LVL66:
 1111              	.L24:
 1112              		.loc 1 175 3 is_stmt 1 view .LVU324
 1113              		.loc 1 177 5 view .LVU325
 1114              		.loc 1 179 5 view .LVU326
 1115              		.loc 1 179 17 is_stmt 0 view .LVU327
 1116 024c 003095E5 		ldr	r3, [r5]
 1117              		.loc 1 180 5 view .LVU328
 1118 0250 C800A0E3 		mov	r0, #200
 1119              		.loc 1 179 17 view .LVU329
 1120 0254 013083E2 		add	r3, r3, #1
 1121 0258 003085E5 		str	r3, [r5]
 1122              		.loc 1 180 5 is_stmt 1 view .LVU330
 1123 025c FEFFFFEB 		bl	chThdSleep
 1124              	.LVL67:
 1125              		.loc 1 182 5 view .LVU331
 1126              		.loc 1 184 5 view .LVU332
 1127              		.loc 1 185 7 view .LVU333
 1128              		.loc 1 189 5 view .LVU334
 1129              		.loc 1 184 8 is_stmt 0 view .LVU335
 1130 0260 498BB4EE 		vcmp.f64	d8, d9
 1131 0264 10FAF1EE 		vmrs	APSR_nzcv, FPSCR
 1132              		.loc 1 185 24 view .LVU336
 1133 0268 498BB01E 		vmovne.f64	d8, d9
 1134 026c 00309615 		ldrne	r3, [r6]
 1135              		.loc 1 190 14 view .LVU337
 1136 0270 0A9B39EE 		vadd.f64	d9, d9, d10
 1137              	.LVL68:
 1138              		.loc 1 185 24 view .LVU338
 1139 0274 01308312 		addne	r3, r3, #1
ARM GAS  /tmp/cceTDqrl.s 			page 21


 1140 0278 00308615 		strne	r3, [r6]
 1141              		.loc 1 186 7 is_stmt 1 view .LVU339
 1142              		.loc 1 191 21 is_stmt 0 view .LVU340
 1143 027c 003094E5 		ldr	r3, [r4]
 1144              		.loc 1 189 12 view .LVU341
 1145 0280 0A8B38EE 		vadd.f64	d8, d8, d10
 1146              		.loc 1 190 5 is_stmt 1 view .LVU342
 1147              	.LVL69:
 1148              		.loc 1 191 5 view .LVU343
 1149              		.loc 1 175 9 view .LVU344
 1150              		.loc 1 191 21 is_stmt 0 view .LVU345
 1151 0284 013083E2 		add	r3, r3, #1
 1152 0288 003084E5 		str	r3, [r4]
 1153              		.loc 1 177 5 view .LVU346
 1154 028c EEFFFFEA 		b	.L24
 1155              	.L28:
 1156              		.align	3
 1157              	.L27:
 1158 0290 00000000 		.word	0
 1159 0294 00409F40 		.word	1084178432
 1160              		.cfi_endproc
 1161              	.LFE405:
 1162              		.size	main, .-main
 1163              		.section	.bss.waThread2,"aw",%nobits
 1164              		.align	3
 1165              		.type	waThread2, %object
 1166              		.size	waThread2, 576
 1167              	waThread2:
 1168 0000 00000000 		.space	576
 1168      00000000 
 1168      00000000 
 1168      00000000 
 1168      00000000 
 1169              		.section	.bss.waThread1,"aw",%nobits
 1170              		.align	3
 1171              		.type	waThread1, %object
 1172              		.size	waThread1, 448
 1173              	waThread1:
 1174 0000 00000000 		.space	448
 1174      00000000 
 1174      00000000 
 1174      00000000 
 1174      00000000 
 1175              		.section	.bss.fpu_error_counter,"aw",%nobits
 1176              		.align	2
 1177              		.type	fpu_error_counter, %object
 1178              		.size	fpu_error_counter, 4
 1179              	fpu_error_counter:
 1180 0000 00000000 		.space	4
 1181              		.section	.bss.fpu_main_counter,"aw",%nobits
 1182              		.align	2
 1183              		.type	fpu_main_counter, %object
 1184              		.size	fpu_main_counter, 4
 1185              	fpu_main_counter:
 1186 0000 00000000 		.space	4
 1187              		.section	.bss.fpu_thread_counter,"aw",%nobits
 1188              		.align	2
ARM GAS  /tmp/cceTDqrl.s 			page 22


 1189              		.type	fpu_thread_counter, %object
 1190              		.size	fpu_thread_counter, 4
 1191              	fpu_thread_counter:
 1192 0000 00000000 		.space	4
 1193              		.section	.bss.main_counter,"aw",%nobits
 1194              		.align	2
 1195              		.type	main_counter, %object
 1196              		.size	main_counter, 4
 1197              	main_counter:
 1198 0000 00000000 		.space	4
 1199              		.section	.bss.thread_counter,"aw",%nobits
 1200              		.align	2
 1201              		.type	thread_counter, %object
 1202              		.size	thread_counter, 4
 1203              	thread_counter:
 1204 0000 00000000 		.space	4
 1205              		.text
 1206              	.Letext0:
 1207              		.file 4 "../../../os/common/startup/ARMCRx/devices/ARMCR8/armcr8.h"
 1208              		.file 5 "/home/emirhan/Documents/gemstone/chibiOS-port/tools/arm-gnu-toolchain-13.3.rel1-x86_64-ar
 1209              		.file 6 "/home/emirhan/Documents/gemstone/chibiOS-port/tools/arm-gnu-toolchain-13.3.rel1-x86_64-ar
 1210              		.file 7 "/home/emirhan/Documents/gemstone/chibiOS-port/tools/arm-gnu-toolchain-13.3.rel1-x86_64-ar
 1211              		.file 8 "../../../os/common/ports/ARM-common/include/chtypes.h"
 1212              		.file 9 "../../../os/rt/include/chearly.h"
 1213              		.file 10 "../../../os/rt/include/chobjects.h"
 1214              		.file 11 "../../../os/rt/include/chrfcu.h"
 1215              		.file 12 "../../../os/rt/include/chdebug.h"
 1216              		.file 13 "../../../os/rt/include/chtime.h"
 1217              		.file 14 "../../../os/common/ports/ARMv7-R/chcore.h"
 1218              		.file 15 "../../../os/rt/include/chlists.h"
 1219              		.file 16 "../../../os/rt/include/chsem.h"
 1220              		.file 17 "../../../os/rt/include/chmtx.h"
 1221              		.file 18 "../../../os/rt/include/chthreads.h"
 1222              		.file 19 "../../../os/rt/include/chsys.h"
 1223              		.file 20 "../../../os/rt/include/chschd.h"
 1224              		.section	.debug_info,"",%progbits
 1225              	.Ldebug_info0:
 1226 0000 CE150000 		.4byte	0x15ce
 1227 0004 0500     		.2byte	0x5
 1228 0006 01       		.byte	0x1
 1229 0007 04       		.byte	0x4
 1230 0008 00000000 		.4byte	.Ldebug_abbrev0
 1231 000c 30       		.uleb128 0x30
 1232 000d 71060000 		.4byte	.LASF217
 1233 0011 1D       		.byte	0x1d
 1234 0012 15000000 		.4byte	.LASF218
 1235 0016 26090000 		.4byte	.LASF219
 1236 001a D3010000 		.4byte	.LLRL72
 1237 001e 00000000 		.4byte	0
 1238 0022 00000000 		.4byte	.Ldebug_line0
 1239 0026 0A       		.uleb128 0xa
 1240 0027 08       		.byte	0x8
 1241 0028 07       		.byte	0x7
 1242 0029 0D020000 		.4byte	.LASF0
 1243 002d 0A       		.uleb128 0xa
 1244 002e 04       		.byte	0x4
 1245 002f 07       		.byte	0x7
ARM GAS  /tmp/cceTDqrl.s 			page 23


 1246 0030 88000000 		.4byte	.LASF1
 1247 0034 31       		.uleb128 0x31
 1248 0035 07       		.byte	0x7
 1249 0036 01       		.byte	0x1
 1250 0037 49000000 		.4byte	0x49
 1251 003b 04       		.byte	0x4
 1252 003c 2E       		.byte	0x2e
 1253 003d 0E       		.byte	0xe
 1254 003e 49000000 		.4byte	0x49
 1255 0042 32       		.uleb128 0x32
 1256 0043 FA070000 		.4byte	.LASF220
 1257 0047 00       		.byte	0
 1258 0048 00       		.byte	0
 1259 0049 0A       		.uleb128 0xa
 1260 004a 01       		.byte	0x1
 1261 004b 08       		.byte	0x8
 1262 004c BD080000 		.4byte	.LASF2
 1263 0050 02       		.uleb128 0x2
 1264 0051 C2020000 		.4byte	.LASF4
 1265 0055 04       		.byte	0x4
 1266 0056 30       		.byte	0x30
 1267 0057 03       		.byte	0x3
 1268 0058 34000000 		.4byte	0x34
 1269 005c 0A       		.uleb128 0xa
 1270 005d 01       		.byte	0x1
 1271 005e 06       		.byte	0x6
 1272 005f FB090000 		.4byte	.LASF3
 1273 0063 02       		.uleb128 0x2
 1274 0064 D1070000 		.4byte	.LASF5
 1275 0068 05       		.byte	0x5
 1276 0069 2B       		.byte	0x2b
 1277 006a 18       		.byte	0x18
 1278 006b 49000000 		.4byte	0x49
 1279 006f 0A       		.uleb128 0xa
 1280 0070 02       		.byte	0x2
 1281 0071 05       		.byte	0x5
 1282 0072 35060000 		.4byte	.LASF6
 1283 0076 0A       		.uleb128 0xa
 1284 0077 02       		.byte	0x2
 1285 0078 07       		.byte	0x7
 1286 0079 180A0000 		.4byte	.LASF7
 1287 007d 02       		.uleb128 0x2
 1288 007e B2000000 		.4byte	.LASF8
 1289 0082 05       		.byte	0x5
 1290 0083 4D       		.byte	0x4d
 1291 0084 18       		.byte	0x18
 1292 0085 89000000 		.4byte	0x89
 1293 0089 0A       		.uleb128 0xa
 1294 008a 04       		.byte	0x4
 1295 008b 05       		.byte	0x5
 1296 008c 5C060000 		.4byte	.LASF9
 1297 0090 02       		.uleb128 0x2
 1298 0091 CB080000 		.4byte	.LASF10
 1299 0095 05       		.byte	0x5
 1300 0096 4F       		.byte	0x4f
 1301 0097 19       		.byte	0x19
 1302 0098 9C000000 		.4byte	0x9c
ARM GAS  /tmp/cceTDqrl.s 			page 24


 1303 009c 0A       		.uleb128 0xa
 1304 009d 04       		.byte	0x4
 1305 009e 07       		.byte	0x7
 1306 009f 2D080000 		.4byte	.LASF11
 1307 00a3 0A       		.uleb128 0xa
 1308 00a4 08       		.byte	0x8
 1309 00a5 05       		.byte	0x5
 1310 00a6 31040000 		.4byte	.LASF12
 1311 00aa 02       		.uleb128 0x2
 1312 00ab 31030000 		.4byte	.LASF13
 1313 00af 05       		.byte	0x5
 1314 00b0 69       		.byte	0x69
 1315 00b1 19       		.byte	0x19
 1316 00b2 26000000 		.4byte	0x26
 1317 00b6 33       		.uleb128 0x33
 1318 00b7 04       		.byte	0x4
 1319 00b8 05       		.byte	0x5
 1320 00b9 696E7400 		.ascii	"int\000"
 1321 00bd 02       		.uleb128 0x2
 1322 00be DA030000 		.4byte	.LASF14
 1323 00c2 06       		.byte	0x6
 1324 00c3 18       		.byte	0x18
 1325 00c4 13       		.byte	0x13
 1326 00c5 63000000 		.4byte	0x63
 1327 00c9 02       		.uleb128 0x2
 1328 00ca 63080000 		.4byte	.LASF15
 1329 00ce 06       		.byte	0x6
 1330 00cf 2C       		.byte	0x2c
 1331 00d0 13       		.byte	0x13
 1332 00d1 7D000000 		.4byte	0x7d
 1333 00d5 02       		.uleb128 0x2
 1334 00d6 89010000 		.4byte	.LASF16
 1335 00da 06       		.byte	0x6
 1336 00db 30       		.byte	0x30
 1337 00dc 14       		.byte	0x14
 1338 00dd 90000000 		.4byte	0x90
 1339 00e1 12       		.uleb128 0x12
 1340 00e2 D5000000 		.4byte	0xd5
 1341 00e6 1D       		.uleb128 0x1d
 1342 00e7 E1000000 		.4byte	0xe1
 1343 00eb 02       		.uleb128 0x2
 1344 00ec 9F070000 		.4byte	.LASF17
 1345 00f0 06       		.byte	0x6
 1346 00f1 3C       		.byte	0x3c
 1347 00f2 14       		.byte	0x14
 1348 00f3 AA000000 		.4byte	0xaa
 1349 00f7 12       		.uleb128 0x12
 1350 00f8 EB000000 		.4byte	0xeb
 1351 00fc 24       		.uleb128 0x24
 1352 00fd E07F     		.2byte	0x7fe0
 1353 00ff 20       		.byte	0x20
 1354 0100 CC020000 		.4byte	0x2cc
 1355 0104 01       		.uleb128 0x1
 1356 0105 3B050000 		.4byte	.LASF18
 1357 0109 03       		.byte	0x3
 1358 010a 22       		.byte	0x22
 1359 010b 12       		.byte	0x12
ARM GAS  /tmp/cceTDqrl.s 			page 25


 1360 010c E1000000 		.4byte	0xe1
 1361 0110 00       		.byte	0
 1362 0111 01       		.uleb128 0x1
 1363 0112 3C030000 		.4byte	.LASF19
 1364 0116 03       		.byte	0x3
 1365 0117 23       		.byte	0x23
 1366 0118 12       		.byte	0x12
 1367 0119 E6000000 		.4byte	0xe6
 1368 011d 04       		.byte	0x4
 1369 011e 01       		.uleb128 0x1
 1370 011f 62010000 		.4byte	.LASF20
 1371 0123 03       		.byte	0x3
 1372 0124 24       		.byte	0x24
 1373 0125 12       		.byte	0x12
 1374 0126 E6000000 		.4byte	0xe6
 1375 012a 08       		.byte	0x8
 1376 012b 01       		.uleb128 0x1
 1377 012c EF050000 		.4byte	.LASF21
 1378 0130 03       		.byte	0x3
 1379 0131 25       		.byte	0x25
 1380 0132 09       		.byte	0x9
 1381 0133 D5000000 		.4byte	0xd5
 1382 0137 0C       		.byte	0xc
 1383 0138 01       		.uleb128 0x1
 1384 0139 A8070000 		.4byte	.LASF22
 1385 013d 03       		.byte	0x3
 1386 013e 26       		.byte	0x26
 1387 013f 12       		.byte	0x12
 1388 0140 E1000000 		.4byte	0xe1
 1389 0144 10       		.byte	0x10
 1390 0145 01       		.uleb128 0x1
 1391 0146 F9050000 		.4byte	.LASF23
 1392 014a 03       		.byte	0x3
 1393 014b 27       		.byte	0x27
 1394 014c 09       		.byte	0x9
 1395 014d CC020000 		.4byte	0x2cc
 1396 0151 14       		.byte	0x14
 1397 0152 01       		.uleb128 0x1
 1398 0153 F4080000 		.4byte	.LASF24
 1399 0157 03       		.byte	0x3
 1400 0158 28       		.byte	0x28
 1401 0159 12       		.byte	0x12
 1402 015a E1000000 		.4byte	0xe1
 1403 015e 40       		.byte	0x40
 1404 015f 01       		.uleb128 0x1
 1405 0160 03060000 		.4byte	.LASF25
 1406 0164 03       		.byte	0x3
 1407 0165 29       		.byte	0x29
 1408 0166 09       		.byte	0x9
 1409 0167 D5000000 		.4byte	0xd5
 1410 016b 44       		.byte	0x44
 1411 016c 01       		.uleb128 0x1
 1412 016d BF030000 		.4byte	.LASF26
 1413 0171 03       		.byte	0x3
 1414 0172 2A       		.byte	0x2a
 1415 0173 12       		.byte	0x12
 1416 0174 E1000000 		.4byte	0xe1
ARM GAS  /tmp/cceTDqrl.s 			page 26


 1417 0178 48       		.byte	0x48
 1418 0179 01       		.uleb128 0x1
 1419 017a 0D060000 		.4byte	.LASF27
 1420 017e 03       		.byte	0x3
 1421 017f 2B       		.byte	0x2b
 1422 0180 09       		.byte	0x9
 1423 0181 D5000000 		.4byte	0xd5
 1424 0185 4C       		.byte	0x4c
 1425 0186 01       		.uleb128 0x1
 1426 0187 EA030000 		.4byte	.LASF28
 1427 018b 03       		.byte	0x3
 1428 018c 2C       		.byte	0x2c
 1429 018d 12       		.byte	0x12
 1430 018e E1000000 		.4byte	0xe1
 1431 0192 50       		.byte	0x50
 1432 0193 01       		.uleb128 0x1
 1433 0194 17060000 		.4byte	.LASF29
 1434 0198 03       		.byte	0x3
 1435 0199 2D       		.byte	0x2d
 1436 019a 09       		.byte	0x9
 1437 019b D5000000 		.4byte	0xd5
 1438 019f 54       		.byte	0x54
 1439 01a0 01       		.uleb128 0x1
 1440 01a1 24020000 		.4byte	.LASF30
 1441 01a5 03       		.byte	0x3
 1442 01a6 2E       		.byte	0x2e
 1443 01a7 12       		.byte	0x12
 1444 01a8 E1000000 		.4byte	0xe1
 1445 01ac 58       		.byte	0x58
 1446 01ad 01       		.uleb128 0x1
 1447 01ae 21060000 		.4byte	.LASF31
 1448 01b2 03       		.byte	0x3
 1449 01b3 2F       		.byte	0x2f
 1450 01b4 09       		.byte	0x9
 1451 01b5 DC020000 		.4byte	0x2dc
 1452 01b9 5C       		.byte	0x5c
 1453 01ba 01       		.uleb128 0x1
 1454 01bb 92010000 		.4byte	.LASF32
 1455 01bf 03       		.byte	0x3
 1456 01c0 30       		.byte	0x30
 1457 01c1 12       		.byte	0x12
 1458 01c2 FC020000 		.4byte	0x2fc
 1459 01c6 80       		.byte	0x80
 1460 01c7 05       		.uleb128 0x5
 1461 01c8 1C000000 		.4byte	.LASF33
 1462 01cc 31       		.byte	0x31
 1463 01cd 12       		.byte	0x12
 1464 01ce FC020000 		.4byte	0x2fc
 1465 01d2 0001     		.2byte	0x100
 1466 01d4 05       		.uleb128 0x5
 1467 01d5 FD010000 		.4byte	.LASF34
 1468 01d9 32       		.byte	0x32
 1469 01da 12       		.byte	0x12
 1470 01db FC020000 		.4byte	0x2fc
 1471 01df 8001     		.2byte	0x180
 1472 01e1 05       		.uleb128 0x5
 1473 01e2 EA090000 		.4byte	.LASF35
ARM GAS  /tmp/cceTDqrl.s 			page 27


 1474 01e6 33       		.byte	0x33
 1475 01e7 12       		.byte	0x12
 1476 01e8 FC020000 		.4byte	0x2fc
 1477 01ec 0002     		.2byte	0x200
 1478 01ee 05       		.uleb128 0x5
 1479 01ef C3010000 		.4byte	.LASF36
 1480 01f3 34       		.byte	0x34
 1481 01f4 12       		.byte	0x12
 1482 01f5 FC020000 		.4byte	0x2fc
 1483 01f9 8002     		.2byte	0x280
 1484 01fb 05       		.uleb128 0x5
 1485 01fc 95040000 		.4byte	.LASF37
 1486 0200 35       		.byte	0x35
 1487 0201 12       		.byte	0x12
 1488 0202 FC020000 		.4byte	0x2fc
 1489 0206 0003     		.2byte	0x300
 1490 0208 05       		.uleb128 0x5
 1491 0209 D6050000 		.4byte	.LASF38
 1492 020d 36       		.byte	0x36
 1493 020e 12       		.byte	0x12
 1494 020f FC020000 		.4byte	0x2fc
 1495 0213 8003     		.2byte	0x380
 1496 0215 05       		.uleb128 0x5
 1497 0216 C5050000 		.4byte	.LASF39
 1498 021a 37       		.byte	0x37
 1499 021b 12       		.byte	0x12
 1500 021c 11030000 		.4byte	0x311
 1501 0220 0004     		.2byte	0x400
 1502 0222 05       		.uleb128 0x5
 1503 0223 2B060000 		.4byte	.LASF40
 1504 0227 38       		.byte	0x38
 1505 0228 09       		.byte	0x9
 1506 0229 D5000000 		.4byte	0xd5
 1507 022d FC07     		.2byte	0x7fc
 1508 022f 05       		.uleb128 0x5
 1509 0230 F5020000 		.4byte	.LASF41
 1510 0234 39       		.byte	0x39
 1511 0235 13       		.byte	0x13
 1512 0236 11030000 		.4byte	0x311
 1513 023a 0008     		.2byte	0x800
 1514 023c 05       		.uleb128 0x5
 1515 023d 900A0000 		.4byte	.LASF42
 1516 0241 3A       		.byte	0x3a
 1517 0242 09       		.byte	0x9
 1518 0243 D5000000 		.4byte	0xd5
 1519 0247 FC0B     		.2byte	0xbfc
 1520 0249 05       		.uleb128 0x5
 1521 024a 5D020000 		.4byte	.LASF43
 1522 024e 3B       		.byte	0x3b
 1523 024f 12       		.byte	0x12
 1524 0250 26030000 		.4byte	0x326
 1525 0254 000C     		.2byte	0xc00
 1526 0256 05       		.uleb128 0x5
 1527 0257 53060000 		.4byte	.LASF44
 1528 025b 3C       		.byte	0x3c
 1529 025c 12       		.byte	0x12
 1530 025d FC020000 		.4byte	0x2fc
ARM GAS  /tmp/cceTDqrl.s 			page 28


 1531 0261 000D     		.2byte	0xd00
 1532 0263 05       		.uleb128 0x5
 1533 0264 3F060000 		.4byte	.LASF45
 1534 0268 3D       		.byte	0x3d
 1535 0269 09       		.byte	0x9
 1536 026a 2B030000 		.4byte	0x32b
 1537 026e 800D     		.2byte	0xd80
 1538 0270 05       		.uleb128 0x5
 1539 0271 070A0000 		.4byte	.LASF46
 1540 0275 3E       		.byte	0x3e
 1541 0276 12       		.byte	0x12
 1542 0277 26030000 		.4byte	0x326
 1543 027b 000E     		.2byte	0xe00
 1544 027d 05       		.uleb128 0x5
 1545 027e 14040000 		.4byte	.LASF47
 1546 0282 3F       		.byte	0x3f
 1547 0283 12       		.byte	0x12
 1548 0284 E1000000 		.4byte	0xe1
 1549 0288 000F     		.2byte	0xf00
 1550 028a 05       		.uleb128 0x5
 1551 028b 49060000 		.4byte	.LASF48
 1552 028f 40       		.byte	0x40
 1553 0290 09       		.byte	0x9
 1554 0291 3B030000 		.4byte	0x33b
 1555 0295 040F     		.2byte	0xf04
 1556 0297 05       		.uleb128 0x5
 1557 0298 50070000 		.4byte	.LASF49
 1558 029c 41       		.byte	0x41
 1559 029d 12       		.byte	0x12
 1560 029e 5B030000 		.4byte	0x35b
 1561 02a2 100F     		.2byte	0xf10
 1562 02a4 05       		.uleb128 0x5
 1563 02a5 79080000 		.4byte	.LASF50
 1564 02a9 42       		.byte	0x42
 1565 02aa 12       		.byte	0x12
 1566 02ab 5B030000 		.4byte	0x35b
 1567 02af 200F     		.2byte	0xf20
 1568 02b1 05       		.uleb128 0x5
 1569 02b2 1B090000 		.4byte	.LASF51
 1570 02b6 43       		.byte	0x43
 1571 02b7 09       		.byte	0x9
 1572 02b8 60030000 		.4byte	0x360
 1573 02bc 300F     		.2byte	0xf30
 1574 02be 05       		.uleb128 0x5
 1575 02bf 8D020000 		.4byte	.LASF52
 1576 02c3 44       		.byte	0x44
 1577 02c4 12       		.byte	0x12
 1578 02c5 82030000 		.4byte	0x382
 1579 02c9 0061     		.2byte	0x6100
 1580 02cb 00       		.byte	0
 1581 02cc 07       		.uleb128 0x7
 1582 02cd D5000000 		.4byte	0xd5
 1583 02d1 DC020000 		.4byte	0x2dc
 1584 02d5 0C       		.uleb128 0xc
 1585 02d6 2D000000 		.4byte	0x2d
 1586 02da 0A       		.byte	0xa
 1587 02db 00       		.byte	0
ARM GAS  /tmp/cceTDqrl.s 			page 29


 1588 02dc 07       		.uleb128 0x7
 1589 02dd D5000000 		.4byte	0xd5
 1590 02e1 EC020000 		.4byte	0x2ec
 1591 02e5 0C       		.uleb128 0xc
 1592 02e6 2D000000 		.4byte	0x2d
 1593 02ea 08       		.byte	0x8
 1594 02eb 00       		.byte	0
 1595 02ec 07       		.uleb128 0x7
 1596 02ed E1000000 		.4byte	0xe1
 1597 02f1 FC020000 		.4byte	0x2fc
 1598 02f5 0C       		.uleb128 0xc
 1599 02f6 2D000000 		.4byte	0x2d
 1600 02fa 1F       		.byte	0x1f
 1601 02fb 00       		.byte	0
 1602 02fc 12       		.uleb128 0x12
 1603 02fd EC020000 		.4byte	0x2ec
 1604 0301 07       		.uleb128 0x7
 1605 0302 E1000000 		.4byte	0xe1
 1606 0306 11030000 		.4byte	0x311
 1607 030a 0C       		.uleb128 0xc
 1608 030b 2D000000 		.4byte	0x2d
 1609 030f FE       		.byte	0xfe
 1610 0310 00       		.byte	0
 1611 0311 12       		.uleb128 0x12
 1612 0312 01030000 		.4byte	0x301
 1613 0316 07       		.uleb128 0x7
 1614 0317 E1000000 		.4byte	0xe1
 1615 031b 26030000 		.4byte	0x326
 1616 031f 0C       		.uleb128 0xc
 1617 0320 2D000000 		.4byte	0x2d
 1618 0324 3F       		.byte	0x3f
 1619 0325 00       		.byte	0
 1620 0326 12       		.uleb128 0x12
 1621 0327 16030000 		.4byte	0x316
 1622 032b 07       		.uleb128 0x7
 1623 032c D5000000 		.4byte	0xd5
 1624 0330 3B030000 		.4byte	0x33b
 1625 0334 0C       		.uleb128 0xc
 1626 0335 2D000000 		.4byte	0x2d
 1627 0339 1F       		.byte	0x1f
 1628 033a 00       		.byte	0
 1629 033b 07       		.uleb128 0x7
 1630 033c D5000000 		.4byte	0xd5
 1631 0340 4B030000 		.4byte	0x34b
 1632 0344 0C       		.uleb128 0xc
 1633 0345 2D000000 		.4byte	0x2d
 1634 0349 02       		.byte	0x2
 1635 034a 00       		.byte	0
 1636 034b 07       		.uleb128 0x7
 1637 034c E1000000 		.4byte	0xe1
 1638 0350 5B030000 		.4byte	0x35b
 1639 0354 0C       		.uleb128 0xc
 1640 0355 2D000000 		.4byte	0x2d
 1641 0359 03       		.byte	0x3
 1642 035a 00       		.byte	0
 1643 035b 12       		.uleb128 0x12
 1644 035c 4B030000 		.4byte	0x34b
ARM GAS  /tmp/cceTDqrl.s 			page 30


 1645 0360 07       		.uleb128 0x7
 1646 0361 D5000000 		.4byte	0xd5
 1647 0365 71030000 		.4byte	0x371
 1648 0369 1E       		.uleb128 0x1e
 1649 036a 2D000000 		.4byte	0x2d
 1650 036e 7314     		.2byte	0x1473
 1651 0370 00       		.byte	0
 1652 0371 07       		.uleb128 0x7
 1653 0372 F7000000 		.4byte	0xf7
 1654 0376 82030000 		.4byte	0x382
 1655 037a 1E       		.uleb128 0x1e
 1656 037b 2D000000 		.4byte	0x2d
 1657 037f DB03     		.2byte	0x3db
 1658 0381 00       		.byte	0
 1659 0382 12       		.uleb128 0x12
 1660 0383 71030000 		.4byte	0x371
 1661 0387 02       		.uleb128 0x2
 1662 0388 BD0A0000 		.4byte	.LASF53
 1663 038c 03       		.byte	0x3
 1664 038d 45       		.byte	0x45
 1665 038e 04       		.byte	0x4
 1666 038f FC000000 		.4byte	0xfc
 1667 0393 24       		.uleb128 0x24
 1668 0394 0410     		.2byte	0x1004
 1669 0396 F4       		.byte	0xf4
 1670 0397 9E040000 		.4byte	0x49e
 1671 039b 01       		.uleb128 0x1
 1672 039c 3B050000 		.4byte	.LASF18
 1673 03a0 03       		.byte	0x3
 1674 03a1 F6       		.byte	0xf6
 1675 03a2 12       		.byte	0x12
 1676 03a3 E1000000 		.4byte	0xe1
 1677 03a7 00       		.byte	0
 1678 03a8 14       		.uleb128 0x14
 1679 03a9 504D5200 		.ascii	"PMR\000"
 1680 03ad 03       		.byte	0x3
 1681 03ae F7       		.byte	0xf7
 1682 03af 12       		.byte	0x12
 1683 03b0 E1000000 		.4byte	0xe1
 1684 03b4 04       		.byte	0x4
 1685 03b5 14       		.uleb128 0x14
 1686 03b6 42505200 		.ascii	"BPR\000"
 1687 03ba 03       		.byte	0x3
 1688 03bb F8       		.byte	0xf8
 1689 03bc 12       		.byte	0x12
 1690 03bd E1000000 		.4byte	0xe1
 1691 03c1 08       		.byte	0x8
 1692 03c2 14       		.uleb128 0x14
 1693 03c3 49415200 		.ascii	"IAR\000"
 1694 03c7 03       		.byte	0x3
 1695 03c8 F9       		.byte	0xf9
 1696 03c9 12       		.byte	0x12
 1697 03ca E6000000 		.4byte	0xe6
 1698 03ce 0C       		.byte	0xc
 1699 03cf 01       		.uleb128 0x1
 1700 03d0 BE040000 		.4byte	.LASF54
 1701 03d4 03       		.byte	0x3
ARM GAS  /tmp/cceTDqrl.s 			page 31


 1702 03d5 FA       		.byte	0xfa
 1703 03d6 12       		.byte	0x12
 1704 03d7 E1000000 		.4byte	0xe1
 1705 03db 10       		.byte	0x10
 1706 03dc 14       		.uleb128 0x14
 1707 03dd 52505200 		.ascii	"RPR\000"
 1708 03e1 03       		.byte	0x3
 1709 03e2 FB       		.byte	0xfb
 1710 03e3 12       		.byte	0x12
 1711 03e4 E6000000 		.4byte	0xe6
 1712 03e8 14       		.byte	0x14
 1713 03e9 01       		.uleb128 0x1
 1714 03ea 70050000 		.4byte	.LASF55
 1715 03ee 03       		.byte	0x3
 1716 03ef FC       		.byte	0xfc
 1717 03f0 12       		.byte	0x12
 1718 03f1 E6000000 		.4byte	0xe6
 1719 03f5 18       		.byte	0x18
 1720 03f6 01       		.uleb128 0x1
 1721 03f7 B4040000 		.4byte	.LASF56
 1722 03fb 03       		.byte	0x3
 1723 03fc FD       		.byte	0xfd
 1724 03fd 12       		.byte	0x12
 1725 03fe E1000000 		.4byte	0xe1
 1726 0402 1C       		.byte	0x1c
 1727 0403 01       		.uleb128 0x1
 1728 0404 42030000 		.4byte	.LASF57
 1729 0408 03       		.byte	0x3
 1730 0409 FE       		.byte	0xfe
 1731 040a 12       		.byte	0x12
 1732 040b E6000000 		.4byte	0xe6
 1733 040f 20       		.byte	0x20
 1734 0410 01       		.uleb128 0x1
 1735 0411 E1020000 		.4byte	.LASF58
 1736 0415 03       		.byte	0x3
 1737 0416 FF       		.byte	0xff
 1738 0417 12       		.byte	0x12
 1739 0418 E1000000 		.4byte	0xe1
 1740 041c 24       		.byte	0x24
 1741 041d 03       		.uleb128 0x3
 1742 041e 9F040000 		.4byte	.LASF59
 1743 0422 03       		.byte	0x3
 1744 0423 0001     		.2byte	0x100
 1745 0425 12       		.byte	0x12
 1746 0426 E6000000 		.4byte	0xe6
 1747 042a 28       		.byte	0x28
 1748 042b 03       		.uleb128 0x3
 1749 042c A8070000 		.4byte	.LASF22
 1750 0430 03       		.byte	0x3
 1751 0431 0101     		.2byte	0x101
 1752 0433 12       		.byte	0x12
 1753 0434 E1000000 		.4byte	0xe1
 1754 0438 2C       		.byte	0x2c
 1755 0439 03       		.uleb128 0x3
 1756 043a F9050000 		.4byte	.LASF23
 1757 043e 03       		.byte	0x3
 1758 043f 0201     		.2byte	0x102
ARM GAS  /tmp/cceTDqrl.s 			page 32


 1759 0441 09       		.byte	0x9
 1760 0442 9E040000 		.4byte	0x49e
 1761 0446 30       		.byte	0x30
 1762 0447 09       		.uleb128 0x9
 1763 0448 41505200 		.ascii	"APR\000"
 1764 044c 03       		.byte	0x3
 1765 044d 0301     		.2byte	0x103
 1766 044f 12       		.byte	0x12
 1767 0450 5B030000 		.4byte	0x35b
 1768 0454 D0       		.byte	0xd0
 1769 0455 03       		.uleb128 0x3
 1770 0456 E0070000 		.4byte	.LASF60
 1771 045a 03       		.byte	0x3
 1772 045b 0401     		.2byte	0x104
 1773 045d 12       		.byte	0x12
 1774 045e 5B030000 		.4byte	0x35b
 1775 0462 E0       		.byte	0xe0
 1776 0463 03       		.uleb128 0x3
 1777 0464 03060000 		.4byte	.LASF25
 1778 0468 03       		.byte	0x3
 1779 0469 0501     		.2byte	0x105
 1780 046b 09       		.byte	0x9
 1781 046c 3B030000 		.4byte	0x33b
 1782 0470 F0       		.byte	0xf0
 1783 0471 03       		.uleb128 0x3
 1784 0472 62010000 		.4byte	.LASF20
 1785 0476 03       		.byte	0x3
 1786 0477 0601     		.2byte	0x106
 1787 0479 12       		.byte	0x12
 1788 047a E6000000 		.4byte	0xe6
 1789 047e FC       		.byte	0xfc
 1790 047f 34       		.uleb128 0x34
 1791 0480 0D060000 		.4byte	.LASF27
 1792 0484 03       		.byte	0x3
 1793 0485 0701     		.2byte	0x107
 1794 0487 09       		.byte	0x9
 1795 0488 AE040000 		.4byte	0x4ae
 1796 048c 0001     		.2byte	0x100
 1797 048e 35       		.uleb128 0x35
 1798 048f 44495200 		.ascii	"DIR\000"
 1799 0493 03       		.byte	0x3
 1800 0494 0801     		.2byte	0x108
 1801 0496 12       		.byte	0x12
 1802 0497 E1000000 		.4byte	0xe1
 1803 049b 0010     		.2byte	0x1000
 1804 049d 00       		.byte	0
 1805 049e 07       		.uleb128 0x7
 1806 049f D5000000 		.4byte	0xd5
 1807 04a3 AE040000 		.4byte	0x4ae
 1808 04a7 0C       		.uleb128 0xc
 1809 04a8 2D000000 		.4byte	0x2d
 1810 04ac 27       		.byte	0x27
 1811 04ad 00       		.byte	0
 1812 04ae 07       		.uleb128 0x7
 1813 04af D5000000 		.4byte	0xd5
 1814 04b3 BF040000 		.4byte	0x4bf
 1815 04b7 1E       		.uleb128 0x1e
ARM GAS  /tmp/cceTDqrl.s 			page 33


 1816 04b8 2D000000 		.4byte	0x2d
 1817 04bc BF03     		.2byte	0x3bf
 1818 04be 00       		.byte	0
 1819 04bf 1F       		.uleb128 0x1f
 1820 04c0 C3040000 		.4byte	.LASF61
 1821 04c4 03       		.byte	0x3
 1822 04c5 0901     		.2byte	0x109
 1823 04c7 04       		.byte	0x4
 1824 04c8 93030000 		.4byte	0x393
 1825 04cc 02       		.uleb128 0x2
 1826 04cd E7020000 		.4byte	.LASF62
 1827 04d1 07       		.byte	0x7
 1828 04d2 D6       		.byte	0xd6
 1829 04d3 17       		.byte	0x17
 1830 04d4 2D000000 		.4byte	0x2d
 1831 04d8 0A       		.uleb128 0xa
 1832 04d9 08       		.byte	0x8
 1833 04da 04       		.byte	0x4
 1834 04db 84050000 		.4byte	.LASF63
 1835 04df 02       		.uleb128 0x2
 1836 04e0 41000000 		.4byte	.LASF64
 1837 04e4 08       		.byte	0x8
 1838 04e5 47       		.byte	0x47
 1839 04e6 1D       		.byte	0x1d
 1840 04e7 EB000000 		.4byte	0xeb
 1841 04eb 02       		.uleb128 0x2
 1842 04ec 7D020000 		.4byte	.LASF65
 1843 04f0 09       		.byte	0x9
 1844 04f1 4F       		.byte	0x4f
 1845 04f2 19       		.byte	0x19
 1846 04f3 DF040000 		.4byte	0x4df
 1847 04f7 02       		.uleb128 0x2
 1848 04f8 55050000 		.4byte	.LASF66
 1849 04fc 09       		.byte	0x9
 1850 04fd 52       		.byte	0x52
 1851 04fe 19       		.byte	0x19
 1852 04ff BD000000 		.4byte	0xbd
 1853 0503 02       		.uleb128 0x2
 1854 0504 CA030000 		.4byte	.LASF67
 1855 0508 09       		.byte	0x9
 1856 0509 53       		.byte	0x53
 1857 050a 19       		.byte	0x19
 1858 050b BD000000 		.4byte	0xbd
 1859 050f 02       		.uleb128 0x2
 1860 0510 25080000 		.4byte	.LASF68
 1861 0514 09       		.byte	0x9
 1862 0515 54       		.byte	0x54
 1863 0516 19       		.byte	0x19
 1864 0517 BD000000 		.4byte	0xbd
 1865 051b 02       		.uleb128 0x2
 1866 051c D8010000 		.4byte	.LASF69
 1867 0520 09       		.byte	0x9
 1868 0521 56       		.byte	0x56
 1869 0522 19       		.byte	0x19
 1870 0523 D5000000 		.4byte	0xd5
 1871 0527 02       		.uleb128 0x2
 1872 0528 6E040000 		.4byte	.LASF70
ARM GAS  /tmp/cceTDqrl.s 			page 34


 1873 052c 09       		.byte	0x9
 1874 052d 57       		.byte	0x57
 1875 052e 19       		.byte	0x19
 1876 052f C9000000 		.4byte	0xc9
 1877 0533 02       		.uleb128 0x2
 1878 0534 A2010000 		.4byte	.LASF71
 1879 0538 09       		.byte	0x9
 1880 0539 59       		.byte	0x59
 1881 053a 19       		.byte	0x19
 1882 053b D5000000 		.4byte	0xd5
 1883 053f 02       		.uleb128 0x2
 1884 0540 63020000 		.4byte	.LASF72
 1885 0544 09       		.byte	0x9
 1886 0545 5B       		.byte	0x5b
 1887 0546 19       		.byte	0x19
 1888 0547 C9000000 		.4byte	0xc9
 1889 054b 02       		.uleb128 0x2
 1890 054c DA0A0000 		.4byte	.LASF73
 1891 0550 09       		.byte	0x9
 1892 0551 7F       		.byte	0x7f
 1893 0552 12       		.byte	0x12
 1894 0553 2D000000 		.4byte	0x2d
 1895 0557 02       		.uleb128 0x2
 1896 0558 B9020000 		.4byte	.LASF74
 1897 055c 09       		.byte	0x9
 1898 055d 84       		.byte	0x84
 1899 055e 1A       		.byte	0x1a
 1900 055f 63050000 		.4byte	0x563
 1901 0563 10       		.uleb128 0x10
 1902 0564 0A040000 		.4byte	.LASF92
 1903 0568 54       		.byte	0x54
 1904 0569 0A       		.byte	0xa
 1905 056a A6       		.byte	0xa6
 1906 056b 08       		.byte	0x8
 1907 056c 6D060000 		.4byte	0x66d
 1908 0570 14       		.uleb128 0x14
 1909 0571 68647200 		.ascii	"hdr\000"
 1910 0575 0A       		.byte	0xa
 1911 0576 B7       		.byte	0xb7
 1912 0577 05       		.byte	0x5
 1913 0578 F8090000 		.4byte	0x9f8
 1914 057c 00       		.byte	0
 1915 057d 14       		.uleb128 0x14
 1916 057e 63747800 		.ascii	"ctx\000"
 1917 0582 0A       		.byte	0xa
 1918 0583 BB       		.byte	0xbb
 1919 0584 21       		.byte	0x21
 1920 0585 4F080000 		.4byte	0x84f
 1921 0589 0C       		.byte	0xc
 1922 058a 01       		.uleb128 0x1
 1923 058b 87020000 		.4byte	.LASF75
 1924 058f 0A       		.byte	0xa
 1925 0590 BF       		.byte	0xbf
 1926 0591 22       		.byte	0x22
 1927 0592 E60A0000 		.4byte	0xae6
 1928 0596 10       		.byte	0x10
 1929 0597 01       		.uleb128 0x1
ARM GAS  /tmp/cceTDqrl.s 			page 35


 1930 0598 B8030000 		.4byte	.LASF76
 1931 059c 0A       		.byte	0xa
 1932 059d C5       		.byte	0xc5
 1933 059e 22       		.byte	0x22
 1934 059f EB0A0000 		.4byte	0xaeb
 1935 05a3 14       		.byte	0x14
 1936 05a4 01       		.uleb128 0x1
 1937 05a5 72070000 		.4byte	.LASF77
 1938 05a9 0A       		.byte	0xa
 1939 05aa CA       		.byte	0xca
 1940 05ab 21       		.byte	0x21
 1941 05ac EB0A0000 		.4byte	0xaeb
 1942 05b0 18       		.byte	0x18
 1943 05b1 01       		.uleb128 0x1
 1944 05b2 AE090000 		.4byte	.LASF78
 1945 05b6 0A       		.byte	0xa
 1946 05b7 CE       		.byte	0xce
 1947 05b8 21       		.byte	0x21
 1948 05b9 03050000 		.4byte	0x503
 1949 05bd 1C       		.byte	0x1c
 1950 05be 01       		.uleb128 0x1
 1951 05bf 6F000000 		.4byte	.LASF79
 1952 05c3 0A       		.byte	0xa
 1953 05c4 D2       		.byte	0xd2
 1954 05c5 21       		.byte	0x21
 1955 05c6 F7040000 		.4byte	0x4f7
 1956 05ca 1D       		.byte	0x1d
 1957 05cb 01       		.uleb128 0x1
 1958 05cc BC000000 		.4byte	.LASF80
 1959 05d0 0A       		.byte	0xa
 1960 05d1 D7       		.byte	0xd7
 1961 05d2 21       		.byte	0x21
 1962 05d3 0F050000 		.4byte	0x50f
 1963 05d7 1E       		.byte	0x1e
 1964 05d8 01       		.uleb128 0x1
 1965 05d9 DB070000 		.4byte	.LASF81
 1966 05dd 0A       		.byte	0xa
 1967 05de DB       		.byte	0xdb
 1968 05df 22       		.byte	0x22
 1969 05e0 54070000 		.4byte	0x754
 1970 05e4 20       		.byte	0x20
 1971 05e5 01       		.uleb128 0x1
 1972 05e6 D3030000 		.4byte	.LASF82
 1973 05ea 0A       		.byte	0xa
 1974 05eb DF       		.byte	0xdf
 1975 05ec 21       		.byte	0x21
 1976 05ed 9C080000 		.4byte	0x89c
 1977 05f1 24       		.byte	0x24
 1978 05f2 01       		.uleb128 0x1
 1979 05f3 39000000 		.4byte	.LASF83
 1980 05f7 0A       		.byte	0xa
 1981 05f8 E5       		.byte	0xe5
 1982 05f9 21       		.byte	0x21
 1983 05fa DC090000 		.4byte	0x9dc
 1984 05fe 2C       		.byte	0x2c
 1985 05ff 01       		.uleb128 0x1
 1986 0600 19030000 		.4byte	.LASF84
ARM GAS  /tmp/cceTDqrl.s 			page 36


 1987 0604 0A       		.byte	0xa
 1988 0605 EB       		.byte	0xeb
 1989 0606 22       		.byte	0x22
 1990 0607 61090000 		.4byte	0x961
 1991 060b 30       		.byte	0x30
 1992 060c 09       		.uleb128 0x9
 1993 060d 7500     		.ascii	"u\000"
 1994 060f 0A       		.byte	0xa
 1995 0610 3601     		.2byte	0x136
 1996 0612 21       		.byte	0x21
 1997 0613 1E0A0000 		.4byte	0xa1e
 1998 0617 34       		.byte	0x34
 1999 0618 03       		.uleb128 0x3
 2000 0619 D6080000 		.4byte	.LASF85
 2001 061d 0A       		.byte	0xa
 2002 061e 3B01     		.2byte	0x13b
 2003 0620 21       		.byte	0x21
 2004 0621 70080000 		.4byte	0x870
 2005 0625 38       		.byte	0x38
 2006 0626 03       		.uleb128 0x3
 2007 0627 01040000 		.4byte	.LASF86
 2008 062b 0A       		.byte	0xa
 2009 062c 4101     		.2byte	0x141
 2010 062e 21       		.byte	0x21
 2011 062f 9C080000 		.4byte	0x89c
 2012 0633 3C       		.byte	0x3c
 2013 0634 03       		.uleb128 0x3
 2014 0635 9A010000 		.4byte	.LASF87
 2015 0639 0A       		.byte	0xa
 2016 063a 5301     		.2byte	0x153
 2017 063c 21       		.byte	0x21
 2018 063d 27050000 		.4byte	0x527
 2019 0641 44       		.byte	0x44
 2020 0642 03       		.uleb128 0x3
 2021 0643 7F000000 		.4byte	.LASF88
 2022 0647 0A       		.byte	0xa
 2023 0648 5901     		.2byte	0x159
 2024 064a 21       		.byte	0x21
 2025 064b 33050000 		.4byte	0x533
 2026 064f 48       		.byte	0x48
 2027 0650 03       		.uleb128 0x3
 2028 0651 95020000 		.4byte	.LASF89
 2029 0655 0A       		.byte	0xa
 2030 0656 6001     		.2byte	0x160
 2031 0658 22       		.byte	0x22
 2032 0659 E10A0000 		.4byte	0xae1
 2033 065d 4C       		.byte	0x4c
 2034 065e 03       		.uleb128 0x3
 2035 065f F2090000 		.4byte	.LASF90
 2036 0663 0A       		.byte	0xa
 2037 0664 6401     		.2byte	0x164
 2038 0666 21       		.byte	0x21
 2039 0667 1B050000 		.4byte	0x51b
 2040 066b 50       		.byte	0x50
 2041 066c 00       		.byte	0
 2042 066d 02       		.uleb128 0x2
 2043 066e B4090000 		.4byte	.LASF91
ARM GAS  /tmp/cceTDqrl.s 			page 37


 2044 0672 09       		.byte	0x9
 2045 0673 89       		.byte	0x89
 2046 0674 1F       		.byte	0x1f
 2047 0675 79060000 		.4byte	0x679
 2048 0679 1A       		.uleb128 0x1a
 2049 067a 47030000 		.4byte	.LASF93
 2050 067e E8       		.byte	0xe8
 2051 067f 0A       		.byte	0xa
 2052 0680 A001     		.2byte	0x1a0
 2053 0682 08       		.byte	0x8
 2054 0683 06070000 		.4byte	0x706
 2055 0687 03       		.uleb128 0x3
 2056 0688 B0070000 		.4byte	.LASF94
 2057 068c 0A       		.byte	0xa
 2058 068d A401     		.2byte	0x1a4
 2059 068f 21       		.byte	0x21
 2060 0690 1B0B0000 		.4byte	0xb1b
 2061 0694 00       		.byte	0
 2062 0695 03       		.uleb128 0x3
 2063 0696 DB000000 		.4byte	.LASF95
 2064 069a 0A       		.byte	0xa
 2065 069b A801     		.2byte	0x1a8
 2066 069d 21       		.byte	0x21
 2067 069e 98090000 		.4byte	0x998
 2068 06a2 10       		.byte	0x10
 2069 06a3 03       		.uleb128 0x3
 2070 06a4 D4090000 		.4byte	.LASF96
 2071 06a8 0A       		.byte	0xa
 2072 06a9 AF01     		.2byte	0x1af
 2073 06ab 21       		.byte	0x21
 2074 06ac BF090000 		.4byte	0x9bf
 2075 06b0 28       		.byte	0x28
 2076 06b1 03       		.uleb128 0x3
 2077 06b2 9F000000 		.4byte	.LASF97
 2078 06b6 0A       		.byte	0xa
 2079 06b7 B401     		.2byte	0x1b4
 2080 06b9 21       		.byte	0x21
 2081 06ba 4B050000 		.4byte	0x54b
 2082 06be 30       		.byte	0x30
 2083 06bf 03       		.uleb128 0x3
 2084 06c0 B4020000 		.4byte	.LASF98
 2085 06c4 0A       		.byte	0xa
 2086 06c5 BA01     		.2byte	0x1ba
 2087 06c7 21       		.byte	0x21
 2088 06c8 2D070000 		.4byte	0x72d
 2089 06cc 34       		.byte	0x34
 2090 06cd 03       		.uleb128 0x3
 2091 06ce E0050000 		.4byte	.LASF99
 2092 06d2 0A       		.byte	0xa
 2093 06d3 BF01     		.2byte	0x1bf
 2094 06d5 22       		.byte	0x22
 2095 06d6 8F0B0000 		.4byte	0xb8f
 2096 06da 38       		.byte	0x38
 2097 06db 03       		.uleb128 0x3
 2098 06dc 65050000 		.4byte	.LASF100
 2099 06e0 0A       		.byte	0xa
 2100 06e1 C301     		.2byte	0x1c3
ARM GAS  /tmp/cceTDqrl.s 			page 38


 2101 06e3 21       		.byte	0x21
 2102 06e4 57050000 		.4byte	0x557
 2103 06e8 3C       		.byte	0x3c
 2104 06e9 03       		.uleb128 0x3
 2105 06ea A3090000 		.4byte	.LASF101
 2106 06ee 0A       		.byte	0xa
 2107 06ef C801     		.2byte	0x1c8
 2108 06f1 21       		.byte	0x21
 2109 06f2 57050000 		.4byte	0x557
 2110 06f6 90       		.byte	0x90
 2111 06f7 09       		.uleb128 0x9
 2112 06f8 64626700 		.ascii	"dbg\000"
 2113 06fc 0A       		.byte	0xa
 2114 06fd CD01     		.2byte	0x1cd
 2115 06ff 21       		.byte	0x21
 2116 0700 6A070000 		.4byte	0x76a
 2117 0704 E4       		.byte	0xe4
 2118 0705 00       		.byte	0
 2119 0706 02       		.uleb128 0x2
 2120 0707 A0030000 		.4byte	.LASF102
 2121 070b 0B       		.byte	0xb
 2122 070c 3E       		.byte	0x3e
 2123 070d 12       		.byte	0x12
 2124 070e D5000000 		.4byte	0xd5
 2125 0712 10       		.uleb128 0x10
 2126 0713 20030000 		.4byte	.LASF103
 2127 0717 04       		.byte	0x4
 2128 0718 0B       		.byte	0xb
 2129 0719 43       		.byte	0x43
 2130 071a 10       		.byte	0x10
 2131 071b 2D070000 		.4byte	0x72d
 2132 071f 01       		.uleb128 0x1
 2133 0720 B9040000 		.4byte	.LASF104
 2134 0724 0B       		.byte	0xb
 2135 0725 47       		.byte	0x47
 2136 0726 21       		.byte	0x21
 2137 0727 06070000 		.4byte	0x706
 2138 072b 00       		.byte	0
 2139 072c 00       		.byte	0
 2140 072d 02       		.uleb128 0x2
 2141 072e 6B080000 		.4byte	.LASF105
 2142 0732 0B       		.byte	0xb
 2143 0733 48       		.byte	0x48
 2144 0734 03       		.byte	0x3
 2145 0735 12070000 		.4byte	0x712
 2146 0739 10       		.uleb128 0x10
 2147 073a 52010000 		.4byte	.LASF106
 2148 073e 04       		.byte	0x4
 2149 073f 0C       		.byte	0xc
 2150 0740 3D       		.byte	0x3d
 2151 0741 10       		.byte	0x10
 2152 0742 54070000 		.4byte	0x754
 2153 0746 01       		.uleb128 0x1
 2154 0747 10050000 		.4byte	.LASF107
 2155 074b 0C       		.byte	0xc
 2156 074c 45       		.byte	0x45
 2157 074d 24       		.byte	0x24
ARM GAS  /tmp/cceTDqrl.s 			page 39


 2158 074e 59070000 		.4byte	0x759
 2159 0752 00       		.byte	0
 2160 0753 00       		.byte	0
 2161 0754 06       		.uleb128 0x6
 2162 0755 65070000 		.4byte	0x765
 2163 0759 12       		.uleb128 0x12
 2164 075a 54070000 		.4byte	0x754
 2165 075e 0A       		.uleb128 0xa
 2166 075f 01       		.byte	0x1
 2167 0760 08       		.byte	0x8
 2168 0761 81030000 		.4byte	.LASF108
 2169 0765 1D       		.uleb128 0x1d
 2170 0766 5E070000 		.4byte	0x75e
 2171 076a 02       		.uleb128 0x2
 2172 076b 22040000 		.4byte	.LASF109
 2173 076f 0C       		.byte	0xc
 2174 0770 50       		.byte	0x50
 2175 0771 03       		.byte	0x3
 2176 0772 39070000 		.4byte	0x739
 2177 0776 02       		.uleb128 0x2
 2178 0777 75000000 		.4byte	.LASF110
 2179 077b 0D       		.byte	0xd
 2180 077c 6C       		.byte	0x6c
 2181 077d 12       		.byte	0x12
 2182 077e D5000000 		.4byte	0xd5
 2183 0782 12       		.uleb128 0x12
 2184 0783 76070000 		.4byte	0x776
 2185 0787 02       		.uleb128 0x2
 2186 0788 E6040000 		.4byte	.LASF111
 2187 078c 0D       		.byte	0xd
 2188 078d 78       		.byte	0x78
 2189 078e 12       		.byte	0x12
 2190 078f D5000000 		.4byte	0xd5
 2191 0793 02       		.uleb128 0x2
 2192 0794 AC030000 		.4byte	.LASF112
 2193 0798 0D       		.byte	0xd
 2194 0799 9A       		.byte	0x9a
 2195 079a 12       		.byte	0x12
 2196 079b EB000000 		.4byte	0xeb
 2197 079f 1A       		.uleb128 0x1a
 2198 07a0 65060000 		.4byte	.LASF113
 2199 07a4 A8       		.byte	0xa8
 2200 07a5 0E       		.byte	0xe
 2201 07a6 0102     		.2byte	0x201
 2202 07a8 08       		.byte	0x8
 2203 07a9 3F080000 		.4byte	0x83f
 2204 07ad 09       		.uleb128 0x9
 2205 07ae 6400     		.ascii	"d\000"
 2206 07b0 0E       		.byte	0xe
 2207 07b1 0302     		.2byte	0x203
 2208 07b3 19       		.byte	0x19
 2209 07b4 3F080000 		.4byte	0x83f
 2210 07b8 00       		.byte	0
 2211 07b9 03       		.uleb128 0x3
 2212 07ba 07020000 		.4byte	.LASF114
 2213 07be 0E       		.byte	0xe
 2214 07bf 0402     		.2byte	0x204
ARM GAS  /tmp/cceTDqrl.s 			page 40


 2215 07c1 19       		.byte	0x19
 2216 07c2 D5000000 		.4byte	0xd5
 2217 07c6 80       		.byte	0x80
 2218 07c7 09       		.uleb128 0x9
 2219 07c8 723400   		.ascii	"r4\000"
 2220 07cb 0E       		.byte	0xe
 2221 07cc 0602     		.2byte	0x206
 2222 07ce 19       		.byte	0x19
 2223 07cf D5000000 		.4byte	0xd5
 2224 07d3 84       		.byte	0x84
 2225 07d4 09       		.uleb128 0x9
 2226 07d5 723500   		.ascii	"r5\000"
 2227 07d8 0E       		.byte	0xe
 2228 07d9 0702     		.2byte	0x207
 2229 07db 19       		.byte	0x19
 2230 07dc D5000000 		.4byte	0xd5
 2231 07e0 88       		.byte	0x88
 2232 07e1 09       		.uleb128 0x9
 2233 07e2 723600   		.ascii	"r6\000"
 2234 07e5 0E       		.byte	0xe
 2235 07e6 0802     		.2byte	0x208
 2236 07e8 19       		.byte	0x19
 2237 07e9 D5000000 		.4byte	0xd5
 2238 07ed 8C       		.byte	0x8c
 2239 07ee 09       		.uleb128 0x9
 2240 07ef 723700   		.ascii	"r7\000"
 2241 07f2 0E       		.byte	0xe
 2242 07f3 0902     		.2byte	0x209
 2243 07f5 19       		.byte	0x19
 2244 07f6 D5000000 		.4byte	0xd5
 2245 07fa 90       		.byte	0x90
 2246 07fb 09       		.uleb128 0x9
 2247 07fc 723800   		.ascii	"r8\000"
 2248 07ff 0E       		.byte	0xe
 2249 0800 0A02     		.2byte	0x20a
 2250 0802 19       		.byte	0x19
 2251 0803 D5000000 		.4byte	0xd5
 2252 0807 94       		.byte	0x94
 2253 0808 09       		.uleb128 0x9
 2254 0809 723900   		.ascii	"r9\000"
 2255 080c 0E       		.byte	0xe
 2256 080d 0B02     		.2byte	0x20b
 2257 080f 19       		.byte	0x19
 2258 0810 D5000000 		.4byte	0xd5
 2259 0814 98       		.byte	0x98
 2260 0815 09       		.uleb128 0x9
 2261 0816 72313000 		.ascii	"r10\000"
 2262 081a 0E       		.byte	0xe
 2263 081b 0C02     		.2byte	0x20c
 2264 081d 19       		.byte	0x19
 2265 081e D5000000 		.4byte	0xd5
 2266 0822 9C       		.byte	0x9c
 2267 0823 09       		.uleb128 0x9
 2268 0824 72313100 		.ascii	"r11\000"
 2269 0828 0E       		.byte	0xe
 2270 0829 0D02     		.2byte	0x20d
 2271 082b 19       		.byte	0x19
ARM GAS  /tmp/cceTDqrl.s 			page 41


 2272 082c D5000000 		.4byte	0xd5
 2273 0830 A0       		.byte	0xa0
 2274 0831 09       		.uleb128 0x9
 2275 0832 6C7200   		.ascii	"lr\000"
 2276 0835 0E       		.byte	0xe
 2277 0836 0E02     		.2byte	0x20e
 2278 0838 19       		.byte	0x19
 2279 0839 D5000000 		.4byte	0xd5
 2280 083d A4       		.byte	0xa4
 2281 083e 00       		.byte	0
 2282 083f 07       		.uleb128 0x7
 2283 0840 EB000000 		.4byte	0xeb
 2284 0844 4F080000 		.4byte	0x84f
 2285 0848 0C       		.uleb128 0xc
 2286 0849 2D000000 		.4byte	0x2d
 2287 084d 0F       		.byte	0xf
 2288 084e 00       		.byte	0
 2289 084f 1A       		.uleb128 0x1a
 2290 0850 E2000000 		.4byte	.LASF115
 2291 0854 04       		.byte	0x4
 2292 0855 0E       		.byte	0xe
 2293 0856 1702     		.2byte	0x217
 2294 0858 08       		.byte	0x8
 2295 0859 6B080000 		.4byte	0x86b
 2296 085d 09       		.uleb128 0x9
 2297 085e 737000   		.ascii	"sp\000"
 2298 0861 0E       		.byte	0xe
 2299 0862 1802     		.2byte	0x218
 2300 0864 1A       		.byte	0x1a
 2301 0865 6B080000 		.4byte	0x86b
 2302 0869 00       		.byte	0
 2303 086a 00       		.byte	0
 2304 086b 06       		.uleb128 0x6
 2305 086c 9F070000 		.4byte	0x79f
 2306 0870 02       		.uleb128 0x2
 2307 0871 BB050000 		.4byte	.LASF116
 2308 0875 0F       		.byte	0xf
 2309 0876 31       		.byte	0x31
 2310 0877 18       		.byte	0x18
 2311 0878 7C080000 		.4byte	0x87c
 2312 087c 10       		.uleb128 0x10
 2313 087d 4A010000 		.4byte	.LASF117
 2314 0881 04       		.byte	0x4
 2315 0882 0F       		.byte	0xf
 2316 0883 37       		.byte	0x37
 2317 0884 08       		.byte	0x8
 2318 0885 97080000 		.4byte	0x897
 2319 0889 01       		.uleb128 0x1
 2320 088a 95000000 		.4byte	.LASF118
 2321 088e 0F       		.byte	0xf
 2322 088f 38       		.byte	0x38
 2323 0890 1A       		.byte	0x1a
 2324 0891 97080000 		.4byte	0x897
 2325 0895 00       		.byte	0
 2326 0896 00       		.byte	0
 2327 0897 06       		.uleb128 0x6
 2328 0898 70080000 		.4byte	0x870
ARM GAS  /tmp/cceTDqrl.s 			page 42


 2329 089c 02       		.uleb128 0x2
 2330 089d F4040000 		.4byte	.LASF119
 2331 08a1 0F       		.byte	0xf
 2332 08a2 3E       		.byte	0x3e
 2333 08a3 19       		.byte	0x19
 2334 08a4 A8080000 		.4byte	0x8a8
 2335 08a8 10       		.uleb128 0x10
 2336 08a9 97080000 		.4byte	.LASF120
 2337 08ad 08       		.byte	0x8
 2338 08ae 0F       		.byte	0xf
 2339 08af 44       		.byte	0x44
 2340 08b0 08       		.byte	0x8
 2341 08b1 D0080000 		.4byte	0x8d0
 2342 08b5 01       		.uleb128 0x1
 2343 08b6 95000000 		.4byte	.LASF118
 2344 08ba 0F       		.byte	0xf
 2345 08bb 45       		.byte	0x45
 2346 08bc 1A       		.byte	0x1a
 2347 08bd D0080000 		.4byte	0x8d0
 2348 08c1 00       		.byte	0
 2349 08c2 01       		.uleb128 0x1
 2350 08c3 34010000 		.4byte	.LASF121
 2351 08c7 0F       		.byte	0xf
 2352 08c8 46       		.byte	0x46
 2353 08c9 1A       		.byte	0x1a
 2354 08ca D0080000 		.4byte	0x8d0
 2355 08ce 04       		.byte	0x4
 2356 08cf 00       		.byte	0
 2357 08d0 06       		.uleb128 0x6
 2358 08d1 9C080000 		.4byte	0x89c
 2359 08d5 02       		.uleb128 0x2
 2360 08d6 FF020000 		.4byte	.LASF122
 2361 08da 0F       		.byte	0xf
 2362 08db 4D       		.byte	0x4d
 2363 08dc 22       		.byte	0x22
 2364 08dd E1080000 		.4byte	0x8e1
 2365 08e1 10       		.uleb128 0x10
 2366 08e2 7C090000 		.4byte	.LASF123
 2367 08e6 0C       		.byte	0xc
 2368 08e7 0F       		.byte	0xf
 2369 08e8 54       		.byte	0x54
 2370 08e9 08       		.byte	0x8
 2371 08ea 16090000 		.4byte	0x916
 2372 08ee 01       		.uleb128 0x1
 2373 08ef 95000000 		.4byte	.LASF118
 2374 08f3 0F       		.byte	0xf
 2375 08f4 55       		.byte	0x55
 2376 08f5 1A       		.byte	0x1a
 2377 08f6 16090000 		.4byte	0x916
 2378 08fa 00       		.byte	0
 2379 08fb 01       		.uleb128 0x1
 2380 08fc 34010000 		.4byte	.LASF121
 2381 0900 0F       		.byte	0xf
 2382 0901 56       		.byte	0x56
 2383 0902 1A       		.byte	0x1a
 2384 0903 16090000 		.4byte	0x916
 2385 0907 04       		.byte	0x4
ARM GAS  /tmp/cceTDqrl.s 			page 43


 2386 0908 01       		.uleb128 0x1
 2387 0909 66030000 		.4byte	.LASF124
 2388 090d 0F       		.byte	0xf
 2389 090e 57       		.byte	0x57
 2390 090f 19       		.byte	0x19
 2391 0910 1B050000 		.4byte	0x51b
 2392 0914 08       		.byte	0x8
 2393 0915 00       		.byte	0
 2394 0916 06       		.uleb128 0x6
 2395 0917 D5080000 		.4byte	0x8d5
 2396 091b 02       		.uleb128 0x2
 2397 091c 90030000 		.4byte	.LASF125
 2398 0920 0F       		.byte	0xf
 2399 0921 5E       		.byte	0x5e
 2400 0922 1E       		.byte	0x1e
 2401 0923 27090000 		.4byte	0x927
 2402 0927 10       		.uleb128 0x10
 2403 0928 7B010000 		.4byte	.LASF126
 2404 092c 0C       		.byte	0xc
 2405 092d 0F       		.byte	0xf
 2406 092e 63       		.byte	0x63
 2407 092f 08       		.byte	0x8
 2408 0930 5C090000 		.4byte	0x95c
 2409 0934 01       		.uleb128 0x1
 2410 0935 95000000 		.4byte	.LASF118
 2411 0939 0F       		.byte	0xf
 2412 093a 64       		.byte	0x64
 2413 093b 1A       		.byte	0x1a
 2414 093c 5C090000 		.4byte	0x95c
 2415 0940 00       		.byte	0
 2416 0941 01       		.uleb128 0x1
 2417 0942 34010000 		.4byte	.LASF121
 2418 0946 0F       		.byte	0xf
 2419 0947 65       		.byte	0x65
 2420 0948 1A       		.byte	0x1a
 2421 0949 5C090000 		.4byte	0x95c
 2422 094d 04       		.byte	0x4
 2423 094e 01       		.uleb128 0x1
 2424 094f D0050000 		.4byte	.LASF127
 2425 0953 0F       		.byte	0xf
 2426 0954 66       		.byte	0x66
 2427 0955 19       		.byte	0x19
 2428 0956 87070000 		.4byte	0x787
 2429 095a 08       		.byte	0x8
 2430 095b 00       		.byte	0
 2431 095c 06       		.uleb128 0x6
 2432 095d 1B090000 		.4byte	0x91b
 2433 0961 36       		.uleb128 0x36
 2434 0962 04       		.byte	0x4
 2435 0963 10       		.uleb128 0x10
 2436 0964 9D020000 		.4byte	.LASF128
 2437 0968 18       		.byte	0x18
 2438 0969 0A       		.byte	0xa
 2439 096a 61       		.byte	0x61
 2440 096b 10       		.byte	0x10
 2441 096c 98090000 		.4byte	0x998
 2442 0970 01       		.uleb128 0x1
ARM GAS  /tmp/cceTDqrl.s 			page 44


 2443 0971 99070000 		.4byte	.LASF129
 2444 0975 0A       		.byte	0xa
 2445 0976 65       		.byte	0x65
 2446 0977 21       		.byte	0x21
 2447 0978 1B090000 		.4byte	0x91b
 2448 097c 00       		.byte	0
 2449 097d 01       		.uleb128 0x1
 2450 097e 5D050000 		.4byte	.LASF130
 2451 0982 0A       		.byte	0xa
 2452 0983 6A       		.byte	0x6a
 2453 0984 21       		.byte	0x21
 2454 0985 82070000 		.4byte	0x782
 2455 0989 0C       		.byte	0xc
 2456 098a 01       		.uleb128 0x1
 2457 098b 23010000 		.4byte	.LASF131
 2458 098f 0A       		.byte	0xa
 2459 0990 7E       		.byte	0x7e
 2460 0991 21       		.byte	0x21
 2461 0992 F7000000 		.4byte	0xf7
 2462 0996 10       		.byte	0x10
 2463 0997 00       		.byte	0
 2464 0998 02       		.uleb128 0x2
 2465 0999 DE080000 		.4byte	.LASF132
 2466 099d 0A       		.byte	0xa
 2467 099e 80       		.byte	0x80
 2468 099f 03       		.byte	0x3
 2469 09a0 63090000 		.4byte	0x963
 2470 09a4 10       		.uleb128 0x10
 2471 09a5 50000000 		.4byte	.LASF133
 2472 09a9 08       		.byte	0x8
 2473 09aa 0A       		.byte	0xa
 2474 09ab 85       		.byte	0x85
 2475 09ac 10       		.byte	0x10
 2476 09ad BF090000 		.4byte	0x9bf
 2477 09b1 01       		.uleb128 0x1
 2478 09b2 57080000 		.4byte	.LASF134
 2479 09b6 0A       		.byte	0xa
 2480 09b7 89       		.byte	0x89
 2481 09b8 21       		.byte	0x21
 2482 09b9 9C080000 		.4byte	0x89c
 2483 09bd 00       		.byte	0
 2484 09be 00       		.byte	0
 2485 09bf 02       		.uleb128 0x2
 2486 09c0 7D040000 		.4byte	.LASF135
 2487 09c4 0A       		.byte	0xa
 2488 09c5 8A       		.byte	0x8a
 2489 09c6 03       		.byte	0x3
 2490 09c7 A4090000 		.4byte	0x9a4
 2491 09cb 02       		.uleb128 0x2
 2492 09cc A8050000 		.4byte	.LASF136
 2493 09d0 0A       		.byte	0xa
 2494 09d1 8F       		.byte	0x8f
 2495 09d2 14       		.byte	0x14
 2496 09d3 D7090000 		.4byte	0x9d7
 2497 09d7 06       		.uleb128 0x6
 2498 09d8 57050000 		.4byte	0x557
 2499 09dc 02       		.uleb128 0x2
ARM GAS  /tmp/cceTDqrl.s 			page 45


 2500 09dd D5040000 		.4byte	.LASF137
 2501 09e1 0A       		.byte	0xa
 2502 09e2 9E       		.byte	0x9e
 2503 09e3 10       		.byte	0x10
 2504 09e4 E8090000 		.4byte	0x9e8
 2505 09e8 06       		.uleb128 0x6
 2506 09e9 ED090000 		.4byte	0x9ed
 2507 09ed 25       		.uleb128 0x25
 2508 09ee F8090000 		.4byte	0x9f8
 2509 09f2 15       		.uleb128 0x15
 2510 09f3 D7090000 		.4byte	0x9d7
 2511 09f7 00       		.byte	0
 2512 09f8 26       		.uleb128 0x26
 2513 09f9 0C       		.byte	0xc
 2514 09fa AA       		.byte	0xaa
 2515 09fb 1E0A0000 		.4byte	0xa1e
 2516 09ff 20       		.uleb128 0x20
 2517 0a00 67010000 		.4byte	.LASF138
 2518 0a04 AE       		.byte	0xae
 2519 0a05 70080000 		.4byte	0x870
 2520 0a09 20       		.uleb128 0x20
 2521 0a0a 57080000 		.4byte	.LASF134
 2522 0a0e B2       		.byte	0xb2
 2523 0a0f 9C080000 		.4byte	0x89c
 2524 0a13 20       		.uleb128 0x20
 2525 0a14 56020000 		.4byte	.LASF139
 2526 0a18 B6       		.byte	0xb6
 2527 0a19 D5080000 		.4byte	0x8d5
 2528 0a1d 00       		.byte	0
 2529 0a1e 26       		.uleb128 0x26
 2530 0a1f 04       		.byte	0x4
 2531 0a20 FF       		.byte	0xff
 2532 0a21 7A0A0000 		.4byte	0xa7a
 2533 0a25 16       		.uleb128 0x16
 2534 0a26 EE020000 		.4byte	.LASF140
 2535 0a2a 0601     		.2byte	0x106
 2536 0a2c 21       		.byte	0x21
 2537 0a2d 27050000 		.4byte	0x527
 2538 0a31 16       		.uleb128 0x16
 2539 0a32 D10A0000 		.4byte	.LASF141
 2540 0a36 0D01     		.2byte	0x10d
 2541 0a38 21       		.byte	0x21
 2542 0a39 27050000 		.4byte	0x527
 2543 0a3d 16       		.uleb128 0x16
 2544 0a3e D4000000 		.4byte	.LASF142
 2545 0a42 1401     		.2byte	0x114
 2546 0a44 22       		.byte	0x22
 2547 0a45 61090000 		.4byte	0x961
 2548 0a49 16       		.uleb128 0x16
 2549 0a4a E4090000 		.4byte	.LASF143
 2550 0a4e 1B01     		.2byte	0x11b
 2551 0a50 22       		.byte	0x22
 2552 0a51 7A0A0000 		.4byte	0xa7a
 2553 0a55 16       		.uleb128 0x16
 2554 0a56 72080000 		.4byte	.LASF144
 2555 0a5a 2301     		.2byte	0x123
 2556 0a5c 22       		.byte	0x22
ARM GAS  /tmp/cceTDqrl.s 			page 46


 2557 0a5d A70A0000 		.4byte	0xaa7
 2558 0a61 16       		.uleb128 0x16
 2559 0a62 B60A0000 		.4byte	.LASF145
 2560 0a66 2C01     		.2byte	0x12c
 2561 0a68 22       		.byte	0x22
 2562 0a69 E10A0000 		.4byte	0xae1
 2563 0a6d 16       		.uleb128 0x16
 2564 0a6e 2D010000 		.4byte	.LASF146
 2565 0a72 3401     		.2byte	0x134
 2566 0a74 21       		.byte	0x21
 2567 0a75 33050000 		.4byte	0x533
 2568 0a79 00       		.byte	0
 2569 0a7a 06       		.uleb128 0x6
 2570 0a7b CB090000 		.4byte	0x9cb
 2571 0a7f 10       		.uleb128 0x10
 2572 0a80 CB010000 		.4byte	.LASF147
 2573 0a84 0C       		.byte	0xc
 2574 0a85 10       		.byte	0x10
 2575 0a86 33       		.byte	0x33
 2576 0a87 10       		.byte	0x10
 2577 0a88 A70A0000 		.4byte	0xaa7
 2578 0a8c 01       		.uleb128 0x1
 2579 0a8d 57080000 		.4byte	.LASF134
 2580 0a91 10       		.byte	0x10
 2581 0a92 34       		.byte	0x34
 2582 0a93 19       		.byte	0x19
 2583 0a94 9C080000 		.4byte	0x89c
 2584 0a98 00       		.byte	0
 2585 0a99 14       		.uleb128 0x14
 2586 0a9a 636E7400 		.ascii	"cnt\000"
 2587 0a9e 10       		.byte	0x10
 2588 0a9f 36       		.byte	0x36
 2589 0aa0 19       		.byte	0x19
 2590 0aa1 3F050000 		.4byte	0x53f
 2591 0aa5 08       		.byte	0x8
 2592 0aa6 00       		.byte	0
 2593 0aa7 06       		.uleb128 0x6
 2594 0aa8 7F0A0000 		.4byte	0xa7f
 2595 0aac 10       		.uleb128 0x10
 2596 0aad 28030000 		.4byte	.LASF148
 2597 0ab1 10       		.byte	0x10
 2598 0ab2 11       		.byte	0x11
 2599 0ab3 38       		.byte	0x38
 2600 0ab4 08       		.byte	0x8
 2601 0ab5 E10A0000 		.4byte	0xae1
 2602 0ab9 01       		.uleb128 0x1
 2603 0aba 57080000 		.4byte	.LASF134
 2604 0abe 11       		.byte	0x11
 2605 0abf 39       		.byte	0x39
 2606 0ac0 19       		.byte	0x19
 2607 0ac1 9C080000 		.4byte	0x89c
 2608 0ac5 00       		.byte	0
 2609 0ac6 01       		.uleb128 0x1
 2610 0ac7 87020000 		.4byte	.LASF75
 2611 0acb 11       		.byte	0x11
 2612 0acc 3B       		.byte	0x3b
 2613 0acd 1A       		.byte	0x1a
ARM GAS  /tmp/cceTDqrl.s 			page 47


 2614 0ace D7090000 		.4byte	0x9d7
 2615 0ad2 08       		.byte	0x8
 2616 0ad3 01       		.uleb128 0x1
 2617 0ad4 95000000 		.4byte	.LASF118
 2618 0ad8 11       		.byte	0x11
 2619 0ad9 3D       		.byte	0x3d
 2620 0ada 1A       		.byte	0x1a
 2621 0adb C90B0000 		.4byte	0xbc9
 2622 0adf 0C       		.byte	0xc
 2623 0ae0 00       		.byte	0
 2624 0ae1 06       		.uleb128 0x6
 2625 0ae2 AC0A0000 		.4byte	0xaac
 2626 0ae6 06       		.uleb128 0x6
 2627 0ae7 6D060000 		.4byte	0x66d
 2628 0aeb 06       		.uleb128 0x6
 2629 0aec EB040000 		.4byte	0x4eb
 2630 0af0 1A       		.uleb128 0x1a
 2631 0af1 15010000 		.4byte	.LASF149
 2632 0af5 10       		.byte	0x10
 2633 0af6 0A       		.byte	0xa
 2634 0af7 7501     		.2byte	0x175
 2635 0af9 10       		.byte	0x10
 2636 0afa 1B0B0000 		.4byte	0xb1b
 2637 0afe 03       		.uleb128 0x3
 2638 0aff 56020000 		.4byte	.LASF139
 2639 0b03 0A       		.byte	0xa
 2640 0b04 7A01     		.2byte	0x17a
 2641 0b06 21       		.byte	0x21
 2642 0b07 D5080000 		.4byte	0x8d5
 2643 0b0b 00       		.byte	0
 2644 0b0c 03       		.uleb128 0x3
 2645 0b0d 5F0A0000 		.4byte	.LASF150
 2646 0b11 0A       		.byte	0xa
 2647 0b12 7E01     		.2byte	0x17e
 2648 0b14 22       		.byte	0x22
 2649 0b15 D7090000 		.4byte	0x9d7
 2650 0b19 0C       		.byte	0xc
 2651 0b1a 00       		.byte	0
 2652 0b1b 1F       		.uleb128 0x1f
 2653 0b1c 3F080000 		.4byte	.LASF151
 2654 0b20 0A       		.byte	0xa
 2655 0b21 7F01     		.2byte	0x17f
 2656 0b23 03       		.byte	0x3
 2657 0b24 F00A0000 		.4byte	0xaf0
 2658 0b28 1A       		.uleb128 0x1a
 2659 0b29 83070000 		.4byte	.LASF152
 2660 0b2d 14       		.byte	0x14
 2661 0b2e 0A       		.byte	0xa
 2662 0b2f 8401     		.2byte	0x184
 2663 0b31 10       		.byte	0x10
 2664 0b32 7D0B0000 		.4byte	0xb7d
 2665 0b36 03       		.uleb128 0x3
 2666 0b37 DB070000 		.4byte	.LASF81
 2667 0b3b 0A       		.byte	0xa
 2668 0b3c 8801     		.2byte	0x188
 2669 0b3e 22       		.byte	0x22
 2670 0b3f 54070000 		.4byte	0x754
ARM GAS  /tmp/cceTDqrl.s 			page 48


 2671 0b43 00       		.byte	0
 2672 0b44 03       		.uleb128 0x3
 2673 0b45 00000000 		.4byte	.LASF153
 2674 0b49 0A       		.byte	0xa
 2675 0b4a 8C01     		.2byte	0x18c
 2676 0b4c 22       		.byte	0x22
 2677 0b4d EB0A0000 		.4byte	0xaeb
 2678 0b51 04       		.byte	0x4
 2679 0b52 03       		.uleb128 0x3
 2680 0b53 78070000 		.4byte	.LASF154
 2681 0b57 0A       		.byte	0xa
 2682 0b58 9001     		.2byte	0x190
 2683 0b5a 22       		.byte	0x22
 2684 0b5b EB0A0000 		.4byte	0xaeb
 2685 0b5f 08       		.byte	0x8
 2686 0b60 03       		.uleb128 0x3
 2687 0b61 2C050000 		.4byte	.LASF155
 2688 0b65 0A       		.byte	0xa
 2689 0b66 9501     		.2byte	0x195
 2690 0b68 22       		.byte	0x22
 2691 0b69 EB0A0000 		.4byte	0xaeb
 2692 0b6d 0C       		.byte	0xc
 2693 0b6e 03       		.uleb128 0x3
 2694 0b6f A6040000 		.4byte	.LASF156
 2695 0b73 0A       		.byte	0xa
 2696 0b74 9901     		.2byte	0x199
 2697 0b76 22       		.byte	0x22
 2698 0b77 EB0A0000 		.4byte	0xaeb
 2699 0b7b 10       		.byte	0x10
 2700 0b7c 00       		.byte	0
 2701 0b7d 1F       		.uleb128 0x1f
 2702 0b7e E0010000 		.4byte	.LASF157
 2703 0b82 0A       		.byte	0xa
 2704 0b83 9B01     		.2byte	0x19b
 2705 0b85 03       		.byte	0x3
 2706 0b86 280B0000 		.4byte	0xb28
 2707 0b8a 1D       		.uleb128 0x1d
 2708 0b8b 7D0B0000 		.4byte	0xb7d
 2709 0b8f 06       		.uleb128 0x6
 2710 0b90 8A0B0000 		.4byte	0xb8a
 2711 0b94 37       		.uleb128 0x37
 2712 0b95 63683000 		.ascii	"ch0\000"
 2713 0b99 13       		.byte	0x13
 2714 0b9a 1E01     		.2byte	0x11e
 2715 0b9c 16       		.byte	0x16
 2716 0b9d 6D060000 		.4byte	0x66d
 2717 0ba1 02       		.uleb128 0x2
 2718 0ba2 F5010000 		.4byte	.LASF158
 2719 0ba6 12       		.byte	0x12
 2720 0ba7 33       		.byte	0x33
 2721 0ba8 10       		.byte	0x10
 2722 0ba9 AD0B0000 		.4byte	0xbad
 2723 0bad 06       		.uleb128 0x6
 2724 0bae B20B0000 		.4byte	0xbb2
 2725 0bb2 25       		.uleb128 0x25
 2726 0bb3 BD0B0000 		.4byte	0xbbd
 2727 0bb7 15       		.uleb128 0x15
ARM GAS  /tmp/cceTDqrl.s 			page 49


 2728 0bb8 61090000 		.4byte	0x961
 2729 0bbc 00       		.byte	0
 2730 0bbd 02       		.uleb128 0x2
 2731 0bbe A0080000 		.4byte	.LASF159
 2732 0bc2 11       		.byte	0x11
 2733 0bc3 33       		.byte	0x33
 2734 0bc4 19       		.byte	0x19
 2735 0bc5 AC0A0000 		.4byte	0xaac
 2736 0bc9 06       		.uleb128 0x6
 2737 0bca BD0B0000 		.4byte	0xbbd
 2738 0bce 0A       		.uleb128 0xa
 2739 0bcf 01       		.byte	0x1
 2740 0bd0 02       		.byte	0x2
 2741 0bd1 13030000 		.4byte	.LASF160
 2742 0bd5 38       		.uleb128 0x38
 2743 0bd6 10       		.byte	0x10
 2744 0bd7 01       		.byte	0x1
 2745 0bd8 1D       		.byte	0x1d
 2746 0bd9 09       		.byte	0x9
 2747 0bda 130C0000 		.4byte	0xc13
 2748 0bde 01       		.uleb128 0x1
 2749 0bdf 9A000000 		.4byte	.LASF161
 2750 0be3 01       		.byte	0x1
 2751 0be4 1E       		.byte	0x1e
 2752 0be5 15       		.byte	0x15
 2753 0be6 E1000000 		.4byte	0xe1
 2754 0bea 00       		.byte	0
 2755 0beb 01       		.uleb128 0x1
 2756 0bec 9A0A0000 		.4byte	.LASF162
 2757 0bf0 01       		.byte	0x1
 2758 0bf1 1F       		.byte	0x1f
 2759 0bf2 15       		.byte	0x15
 2760 0bf3 E1000000 		.4byte	0xe1
 2761 0bf7 04       		.byte	0x4
 2762 0bf8 01       		.uleb128 0x1
 2763 0bf9 E2030000 		.4byte	.LASF163
 2764 0bfd 01       		.byte	0x1
 2765 0bfe 20       		.byte	0x20
 2766 0bff 15       		.byte	0x15
 2767 0c00 E1000000 		.4byte	0xe1
 2768 0c04 08       		.byte	0x8
 2769 0c05 14       		.uleb128 0x14
 2770 0c06 49535200 		.ascii	"ISR\000"
 2771 0c0a 01       		.byte	0x1
 2772 0c0b 21       		.byte	0x21
 2773 0c0c 15       		.byte	0x15
 2774 0c0d E1000000 		.4byte	0xe1
 2775 0c11 0C       		.byte	0xc
 2776 0c12 00       		.byte	0
 2777 0c13 02       		.uleb128 0x2
 2778 0c14 02010000 		.4byte	.LASF164
 2779 0c18 01       		.byte	0x1
 2780 0c19 22       		.byte	0x22
 2781 0c1a 03       		.byte	0x3
 2782 0c1b D50B0000 		.4byte	0xbd5
 2783 0c1f 17       		.uleb128 0x17
 2784 0c20 6C010000 		.4byte	.LASF165
ARM GAS  /tmp/cceTDqrl.s 			page 50


 2785 0c24 26       		.byte	0x26
 2786 0c25 1A       		.byte	0x1a
 2787 0c26 E1000000 		.4byte	0xe1
 2788 0c2a 05       		.uleb128 0x5
 2789 0c2b 03       		.byte	0x3
 2790 0c2c 00000000 		.4byte	thread_counter
 2791 0c30 17       		.uleb128 0x17
 2792 0c31 F4030000 		.4byte	.LASF166
 2793 0c35 27       		.byte	0x27
 2794 0c36 1A       		.byte	0x1a
 2795 0c37 E1000000 		.4byte	0xe1
 2796 0c3b 05       		.uleb128 0x5
 2797 0c3c 03       		.byte	0x3
 2798 0c3d 00000000 		.4byte	main_counter
 2799 0c41 17       		.uleb128 0x17
 2800 0c42 C1000000 		.4byte	.LASF167
 2801 0c46 29       		.byte	0x29
 2802 0c47 1A       		.byte	0x1a
 2803 0c48 E1000000 		.4byte	0xe1
 2804 0c4c 05       		.uleb128 0x5
 2805 0c4d 03       		.byte	0x3
 2806 0c4e 00000000 		.4byte	fpu_thread_counter
 2807 0c52 17       		.uleb128 0x17
 2808 0c53 0A090000 		.4byte	.LASF168
 2809 0c57 2A       		.byte	0x2a
 2810 0c58 1A       		.byte	0x1a
 2811 0c59 E1000000 		.4byte	0xe1
 2812 0c5d 05       		.uleb128 0x5
 2813 0c5e 03       		.byte	0x3
 2814 0c5f 00000000 		.4byte	fpu_main_counter
 2815 0c63 17       		.uleb128 0x17
 2816 0c64 2B0A0000 		.4byte	.LASF169
 2817 0c68 2B       		.byte	0x2b
 2818 0c69 1A       		.byte	0x1a
 2819 0c6a E1000000 		.4byte	0xe1
 2820 0c6e 05       		.uleb128 0x5
 2821 0c6f 03       		.byte	0x3
 2822 0c70 00000000 		.4byte	fpu_error_counter
 2823 0c74 07       		.uleb128 0x7
 2824 0c75 EB040000 		.4byte	0x4eb
 2825 0c79 840C0000 		.4byte	0xc84
 2826 0c7d 0C       		.uleb128 0xc
 2827 0c7e 2D000000 		.4byte	0x2d
 2828 0c82 37       		.byte	0x37
 2829 0c83 00       		.byte	0
 2830 0c84 27       		.uleb128 0x27
 2831 0c85 83080000 		.4byte	.LASF170
 2832 0c89 5E       		.byte	0x5e
 2833 0c8a 740C0000 		.4byte	0xc74
 2834 0c8e 05       		.uleb128 0x5
 2835 0c8f 03       		.byte	0x3
 2836 0c90 00000000 		.4byte	waThread1
 2837 0c94 07       		.uleb128 0x7
 2838 0c95 EB040000 		.4byte	0x4eb
 2839 0c99 A40C0000 		.4byte	0xca4
 2840 0c9d 0C       		.uleb128 0xc
 2841 0c9e 2D000000 		.4byte	0x2d
ARM GAS  /tmp/cceTDqrl.s 			page 51


 2842 0ca2 47       		.byte	0x47
 2843 0ca3 00       		.byte	0
 2844 0ca4 27       		.uleb128 0x27
 2845 0ca5 8D080000 		.4byte	.LASF171
 2846 0ca9 6F       		.byte	0x6f
 2847 0caa 940C0000 		.4byte	0xc94
 2848 0cae 05       		.uleb128 0x5
 2849 0caf 03       		.byte	0x3
 2850 0cb0 00000000 		.4byte	waThread2
 2851 0cb4 39       		.uleb128 0x39
 2852 0cb5 FF080000 		.4byte	.LASF221
 2853 0cb9 12       		.byte	0x12
 2854 0cba DB01     		.2byte	0x1db
 2855 0cbc 08       		.byte	0x8
 2856 0cbd C70C0000 		.4byte	0xcc7
 2857 0cc1 15       		.uleb128 0x15
 2858 0cc2 87070000 		.4byte	0x787
 2859 0cc6 00       		.byte	0
 2860 0cc7 3A       		.uleb128 0x3a
 2861 0cc8 1A050000 		.4byte	.LASF222
 2862 0ccc 12       		.byte	0x12
 2863 0ccd C301     		.2byte	0x1c3
 2864 0ccf 0D       		.byte	0xd
 2865 0cd0 D7090000 		.4byte	0x9d7
 2866 0cd4 F20C0000 		.4byte	0xcf2
 2867 0cd8 15       		.uleb128 0x15
 2868 0cd9 EB0A0000 		.4byte	0xaeb
 2869 0cdd 15       		.uleb128 0x15
 2870 0cde CC040000 		.4byte	0x4cc
 2871 0ce2 15       		.uleb128 0x15
 2872 0ce3 1B050000 		.4byte	0x51b
 2873 0ce7 15       		.uleb128 0x15
 2874 0ce8 A10B0000 		.4byte	0xba1
 2875 0cec 15       		.uleb128 0x15
 2876 0ced 61090000 		.4byte	0x961
 2877 0cf1 00       		.byte	0
 2878 0cf2 28       		.uleb128 0x28
 2879 0cf3 86030000 		.4byte	.LASF172
 2880 0cf7 2B01     		.2byte	0x12b
 2881 0cf9 3B       		.uleb128 0x3b
 2882 0cfa 3C020000 		.4byte	.LASF223
 2883 0cfe 14       		.byte	0x14
 2884 0cff 94       		.byte	0x94
 2885 0d00 08       		.byte	0x8
 2886 0d01 CE0B0000 		.4byte	0xbce
 2887 0d05 28       		.uleb128 0x28
 2888 0d06 26000000 		.4byte	.LASF173
 2889 0d0a 2D01     		.2byte	0x12d
 2890 0d0c 29       		.uleb128 0x29
 2891 0d0d 3D0A0000 		.4byte	.LASF179
 2892 0d11 8F       		.byte	0x8f
 2893 0d12 05       		.byte	0x5
 2894 0d13 B6000000 		.4byte	0xb6
 2895 0d17 00000000 		.4byte	.LFB405
 2896 0d1b 98020000 		.4byte	.LFE405-.LFB405
 2897 0d1f 01       		.uleb128 0x1
 2898 0d20 9C       		.byte	0x9c
ARM GAS  /tmp/cceTDqrl.s 			page 52


 2899 0d21 46120000 		.4byte	0x1246
 2900 0d25 17       		.uleb128 0x17
 2901 0d26 CA070000 		.4byte	.LASF174
 2902 0d2a 91       		.byte	0x91
 2903 0d2b 13       		.byte	0x13
 2904 0d2c 46120000 		.4byte	0x1246
 2905 0d30 08       		.uleb128 0x8
 2906 0d31 90       		.byte	0x90
 2907 0d32 50       		.uleb128 0x50
 2908 0d33 93       		.byte	0x93
 2909 0d34 04       		.uleb128 0x4
 2910 0d35 90       		.byte	0x90
 2911 0d36 51       		.uleb128 0x51
 2912 0d37 93       		.byte	0x93
 2913 0d38 04       		.uleb128 0x4
 2914 0d39 1B       		.uleb128 0x1b
 2915 0d3a 74040000 		.4byte	.LASF175
 2916 0d3e 92       		.byte	0x92
 2917 0d3f 0A       		.byte	0xa
 2918 0d40 46120000 		.4byte	0x1246
 2919 0d44 12000000 		.4byte	.LLST11
 2920 0d48 0C000000 		.4byte	.LVUS11
 2921 0d4c 18       		.uleb128 0x18
 2922 0d4d 3F130000 		.4byte	0x133f
 2923 0d51 00000000 		.4byte	.LBI122
 2924 0d55 0400     		.2byte	.LVU86
 2925 0d57 33000000 		.4byte	.LLRL12
 2926 0d5b 95       		.byte	0x95
 2927 0d5c A1110000 		.4byte	0x11a1
 2928 0d60 18       		.uleb128 0x18
 2929 0d61 12140000 		.4byte	0x1412
 2930 0d65 00000000 		.4byte	.LBI123
 2931 0d69 0600     		.2byte	.LVU88
 2932 0d6b 5F000000 		.4byte	.LLRL13
 2933 0d6f 48       		.byte	0x48
 2934 0d70 FC100000 		.4byte	0x10fc
 2935 0d74 0D       		.uleb128 0xd
 2936 0d75 3B140000 		.4byte	0x143b
 2937 0d79 00000000 		.4byte	.LBI124
 2938 0d7d 0800     		.2byte	.LVU90
 2939 0d7f 7C000000 		.4byte	.LLRL14
 2940 0d83 EB02     		.2byte	0x2eb
 2941 0d85 03       		.byte	0x3
 2942 0d86 3E0F0000 		.4byte	0xf3e
 2943 0d8a 0E       		.uleb128 0xe
 2944 0d8b 7C000000 		.4byte	.LLRL14
 2945 0d8f 08       		.uleb128 0x8
 2946 0d90 46140000 		.4byte	0x1446
 2947 0d94 46000000 		.4byte	.LLST15
 2948 0d98 3E000000 		.4byte	.LVUS15
 2949 0d9c 08       		.uleb128 0x8
 2950 0d9d 4F140000 		.4byte	0x144f
 2951 0da1 6D000000 		.4byte	.LLST16
 2952 0da5 67000000 		.4byte	.LVUS16
 2953 0da9 08       		.uleb128 0x8
 2954 0daa 5A140000 		.4byte	0x145a
 2955 0dae 8A000000 		.4byte	.LLST17
ARM GAS  /tmp/cceTDqrl.s 			page 53


 2956 0db2 88000000 		.4byte	.LVUS17
 2957 0db6 1C       		.uleb128 0x1c
 2958 0db7 BF150000 		.4byte	0x15bf
 2959 0dbb 00000000 		.4byte	.LBI126
 2960 0dbf 0D00     		.2byte	.LVU95
 2961 0dc1 99000000 		.4byte	.LLRL18
 2962 0dc5 A702     		.2byte	0x2a7
 2963 0dc7 3C       		.uleb128 0x3c
 2964 0dc8 B3150000 		.4byte	0x15b3
 2965 0dcc 20000000 		.4byte	.LBI134
 2966 0dd0 0100     		.2byte	.LVU104
 2967 0dd2 20000000 		.4byte	.LBB134
 2968 0dd6 04000000 		.4byte	.LBE134-.LBB134
 2969 0dda 03       		.byte	0x3
 2970 0ddb A902     		.2byte	0x2a9
 2971 0ddd 15       		.byte	0x15
 2972 0dde 0D       		.uleb128 0xd
 2973 0ddf B5140000 		.4byte	0x14b5
 2974 0de3 40000000 		.4byte	.LBI136
 2975 0de7 0200     		.2byte	.LVU116
 2976 0de9 AB000000 		.4byte	.LLRL19
 2977 0ded AE02     		.2byte	0x2ae
 2978 0def 03       		.byte	0x3
 2979 0df0 1A0E0000 		.4byte	0xe1a
 2980 0df4 04       		.uleb128 0x4
 2981 0df5 CC140000 		.4byte	0x14cc
 2982 0df9 9A000000 		.4byte	.LLST20
 2983 0dfd 98000000 		.4byte	.LVUS20
 2984 0e01 04       		.uleb128 0x4
 2985 0e02 C0140000 		.4byte	0x14c0
 2986 0e06 A7000000 		.4byte	.LLST21
 2987 0e0a A5000000 		.4byte	.LVUS21
 2988 0e0e 0E       		.uleb128 0xe
 2989 0e0f AB000000 		.4byte	.LLRL19
 2990 0e13 3D       		.uleb128 0x3d
 2991 0e14 D8140000 		.4byte	0x14d8
 2992 0e18 00       		.byte	0
 2993 0e19 00       		.byte	0
 2994 0e1a 0D       		.uleb128 0xd
 2995 0e1b 96140000 		.4byte	0x1496
 2996 0e1f 40000000 		.4byte	.LBI143
 2997 0e23 0700     		.2byte	.LVU121
 2998 0e25 BD000000 		.4byte	.LLRL22
 2999 0e29 AF02     		.2byte	0x2af
 3000 0e2b 14       		.byte	0x14
 3001 0e2c 3E0E0000 		.4byte	0xe3e
 3002 0e30 04       		.uleb128 0x4
 3003 0e31 A8140000 		.4byte	0x14a8
 3004 0e35 B3000000 		.4byte	.LLST23
 3005 0e39 B1000000 		.4byte	.LVUS23
 3006 0e3d 00       		.byte	0
 3007 0e3e 0D       		.uleb128 0xd
 3008 0e3f 1E150000 		.4byte	0x151e
 3009 0e43 5C000000 		.4byte	.LBI148
 3010 0e47 0100     		.2byte	.LVU133
 3011 0e49 C9000000 		.4byte	.LLRL24
 3012 0e4d B402     		.2byte	0x2b4
ARM GAS  /tmp/cceTDqrl.s 			page 54


 3013 0e4f 07       		.byte	0x7
 3014 0e50 620E0000 		.4byte	0xe62
 3015 0e54 04       		.uleb128 0x4
 3016 0e55 29150000 		.4byte	0x1529
 3017 0e59 BF000000 		.4byte	.LLST25
 3018 0e5d BD000000 		.4byte	.LVUS25
 3019 0e61 00       		.byte	0
 3020 0e62 0D       		.uleb128 0xd
 3021 0e63 E4140000 		.4byte	0x14e4
 3022 0e67 88000000 		.4byte	.LBI152
 3023 0e6b 0200     		.2byte	.LVU145
 3024 0e6d D8000000 		.4byte	.LLRL26
 3025 0e71 B602     		.2byte	0x2b6
 3026 0e73 07       		.byte	0x7
 3027 0e74 B30E0000 		.4byte	0xeb3
 3028 0e78 04       		.uleb128 0x4
 3029 0e79 FB140000 		.4byte	0x14fb
 3030 0e7d CA000000 		.4byte	.LLST27
 3031 0e81 C8000000 		.4byte	.LVUS27
 3032 0e85 04       		.uleb128 0x4
 3033 0e86 EF140000 		.4byte	0x14ef
 3034 0e8a D6000000 		.4byte	.LLST28
 3035 0e8e D4000000 		.4byte	.LVUS28
 3036 0e92 0E       		.uleb128 0xe
 3037 0e93 D8000000 		.4byte	.LLRL26
 3038 0e97 08       		.uleb128 0x8
 3039 0e98 07150000 		.4byte	0x1507
 3040 0e9c E1000000 		.4byte	.LLST29
 3041 0ea0 DF000000 		.4byte	.LVUS29
 3042 0ea4 08       		.uleb128 0x8
 3043 0ea5 12150000 		.4byte	0x1512
 3044 0ea9 EE000000 		.4byte	.LLST30
 3045 0ead EA000000 		.4byte	.LVUS30
 3046 0eb1 00       		.byte	0
 3047 0eb2 00       		.byte	0
 3048 0eb3 0D       		.uleb128 0xd
 3049 0eb4 B5140000 		.4byte	0x14b5
 3050 0eb8 A8000000 		.4byte	.LBI156
 3051 0ebc 0200     		.2byte	.LVU158
 3052 0ebe E7000000 		.4byte	.LLRL31
 3053 0ec2 B802     		.2byte	0x2b8
 3054 0ec4 07       		.byte	0x7
 3055 0ec5 EF0E0000 		.4byte	0xeef
 3056 0ec9 21       		.uleb128 0x21
 3057 0eca CC140000 		.4byte	0x14cc
 3058 0ece 04       		.uleb128 0x4
 3059 0ecf C0140000 		.4byte	0x14c0
 3060 0ed3 06010000 		.4byte	.LLST32
 3061 0ed7 04010000 		.4byte	.LVUS32
 3062 0edb 0E       		.uleb128 0xe
 3063 0edc E7000000 		.4byte	.LLRL31
 3064 0ee0 08       		.uleb128 0x8
 3065 0ee1 D8140000 		.4byte	0x14d8
 3066 0ee5 13010000 		.4byte	.LLST33
 3067 0ee9 0F010000 		.4byte	.LVUS33
 3068 0eed 00       		.byte	0
 3069 0eee 00       		.byte	0
ARM GAS  /tmp/cceTDqrl.s 			page 55


 3070 0eef 0D       		.uleb128 0xd
 3071 0ef0 84150000 		.4byte	0x1584
 3072 0ef4 C0000000 		.4byte	.LBI168
 3073 0ef8 0200     		.2byte	.LVU168
 3074 0efa F9000000 		.4byte	.LLRL34
 3075 0efe BA02     		.2byte	0x2ba
 3076 0f00 07       		.byte	0x7
 3077 0f01 2B0F0000 		.4byte	0xf2b
 3078 0f05 04       		.uleb128 0x4
 3079 0f06 9B150000 		.4byte	0x159b
 3080 0f0a 2A010000 		.4byte	.LLST35
 3081 0f0e 28010000 		.4byte	.LVUS35
 3082 0f12 21       		.uleb128 0x21
 3083 0f13 8F150000 		.4byte	0x158f
 3084 0f17 0E       		.uleb128 0xe
 3085 0f18 F9000000 		.4byte	.LLRL34
 3086 0f1c 08       		.uleb128 0x8
 3087 0f1d A7150000 		.4byte	0x15a7
 3088 0f21 38010000 		.4byte	.LLST36
 3089 0f25 34010000 		.4byte	.LVUS36
 3090 0f29 00       		.byte	0
 3091 0f2a 00       		.byte	0
 3092 0f2b 1C       		.uleb128 0x1c
 3093 0f2c C8150000 		.4byte	0x15c8
 3094 0f30 D8000000 		.4byte	.LBI172
 3095 0f34 0100     		.2byte	.LVU180
 3096 0f36 05010000 		.4byte	.LLRL37
 3097 0f3a BD02     		.2byte	0x2bd
 3098 0f3c 00       		.byte	0
 3099 0f3d 00       		.byte	0
 3100 0f3e 3E       		.uleb128 0x3e
 3101 0f3f 1B140000 		.4byte	0x141b
 3102 0f43 FC000000 		.4byte	.LBI186
 3103 0f47 0200     		.2byte	.LVU191
 3104 0f49 14010000 		.4byte	.LLRL38
 3105 0f4d 03       		.byte	0x3
 3106 0f4e EC02     		.2byte	0x2ec
 3107 0f50 03       		.byte	0x3
 3108 0f51 0E       		.uleb128 0xe
 3109 0f52 14010000 		.4byte	.LLRL38
 3110 0f56 08       		.uleb128 0x8
 3111 0f57 26140000 		.4byte	0x1426
 3112 0f5b 53010000 		.4byte	.LLST39
 3113 0f5f 4D010000 		.4byte	.LVUS39
 3114 0f63 08       		.uleb128 0x8
 3115 0f64 2F140000 		.4byte	0x142f
 3116 0f68 6B010000 		.4byte	.LLST40
 3117 0f6c 69010000 		.4byte	.LVUS40
 3118 0f70 0D       		.uleb128 0xd
 3119 0f71 1E150000 		.4byte	0x151e
 3120 0f75 3C010000 		.4byte	.LBI188
 3121 0f79 0300     		.2byte	.LVU231
 3122 0f7b 2E010000 		.4byte	.LLRL41
 3123 0f7f DB02     		.2byte	0x2db
 3124 0f81 05       		.byte	0x5
 3125 0f82 940F0000 		.4byte	0xf94
 3126 0f86 04       		.uleb128 0x4
ARM GAS  /tmp/cceTDqrl.s 			page 56


 3127 0f87 29150000 		.4byte	0x1529
 3128 0f8b 7B010000 		.4byte	.LLST42
 3129 0f8f 79010000 		.4byte	.LVUS42
 3130 0f93 00       		.byte	0
 3131 0f94 1C       		.uleb128 0x1c
 3132 0f95 72150000 		.4byte	0x1572
 3133 0f99 FC000000 		.4byte	.LBI191
 3134 0f9d 0600     		.2byte	.LVU195
 3135 0f9f 3A010000 		.4byte	.LLRL43
 3136 0fa3 CB02     		.2byte	0x2cb
 3137 0fa5 0D       		.uleb128 0xd
 3138 0fa6 B5140000 		.4byte	0x14b5
 3139 0faa 4C010000 		.4byte	.LBI196
 3140 0fae 0200     		.2byte	.LVU237
 3141 0fb0 4C010000 		.4byte	.LLRL44
 3142 0fb4 DD02     		.2byte	0x2dd
 3143 0fb6 05       		.byte	0x5
 3144 0fb7 E10F0000 		.4byte	0xfe1
 3145 0fbb 21       		.uleb128 0x21
 3146 0fbc CC140000 		.4byte	0x14cc
 3147 0fc0 04       		.uleb128 0x4
 3148 0fc1 C0140000 		.4byte	0x14c0
 3149 0fc5 88010000 		.4byte	.LLST45
 3150 0fc9 84010000 		.4byte	.LVUS45
 3151 0fcd 0E       		.uleb128 0xe
 3152 0fce 4C010000 		.4byte	.LLRL44
 3153 0fd2 08       		.uleb128 0x8
 3154 0fd3 D8140000 		.4byte	0x14d8
 3155 0fd7 9C010000 		.4byte	.LLST46
 3156 0fdb 9A010000 		.4byte	.LVUS46
 3157 0fdf 00       		.byte	0
 3158 0fe0 00       		.byte	0
 3159 0fe1 0D       		.uleb128 0xd
 3160 0fe2 B5140000 		.4byte	0x14b5
 3161 0fe6 0C010000 		.4byte	.LBI204
 3162 0fea 0100     		.2byte	.LVU201
 3163 0fec 61010000 		.4byte	.LLRL47
 3164 0ff0 D002     		.2byte	0x2d0
 3165 0ff2 03       		.byte	0x3
 3166 0ff3 25100000 		.4byte	0x1025
 3167 0ff7 04       		.uleb128 0x4
 3168 0ff8 CC140000 		.4byte	0x14cc
 3169 0ffc B0010000 		.4byte	.LLST48
 3170 1000 AE010000 		.4byte	.LVUS48
 3171 1004 04       		.uleb128 0x4
 3172 1005 C0140000 		.4byte	0x14c0
 3173 1009 BD010000 		.4byte	.LLST49
 3174 100d BB010000 		.4byte	.LVUS49
 3175 1011 0E       		.uleb128 0xe
 3176 1012 61010000 		.4byte	.LLRL47
 3177 1016 08       		.uleb128 0x8
 3178 1017 D8140000 		.4byte	0x14d8
 3179 101b C9010000 		.4byte	.LLST50
 3180 101f C7010000 		.4byte	.LVUS50
 3181 1023 00       		.byte	0
 3182 1024 00       		.byte	0
 3183 1025 0D       		.uleb128 0xd
ARM GAS  /tmp/cceTDqrl.s 			page 57


 3184 1026 E4140000 		.4byte	0x14e4
 3185 102a 60010000 		.4byte	.LBI207
 3186 102e 0100     		.2byte	.LVU245
 3187 1030 6D010000 		.4byte	.LLRL51
 3188 1034 D802     		.2byte	0x2d8
 3189 1036 07       		.byte	0x7
 3190 1037 76100000 		.4byte	0x1076
 3191 103b 04       		.uleb128 0x4
 3192 103c FB140000 		.4byte	0x14fb
 3193 1040 DC010000 		.4byte	.LLST52
 3194 1044 D8010000 		.4byte	.LVUS52
 3195 1048 04       		.uleb128 0x4
 3196 1049 EF140000 		.4byte	0x14ef
 3197 104d F3010000 		.4byte	.LLST53
 3198 1051 EF010000 		.4byte	.LVUS53
 3199 1055 0E       		.uleb128 0xe
 3200 1056 6D010000 		.4byte	.LLRL51
 3201 105a 08       		.uleb128 0x8
 3202 105b 07150000 		.4byte	0x1507
 3203 105f 05020000 		.4byte	.LLST54
 3204 1063 03020000 		.4byte	.LVUS54
 3205 1067 08       		.uleb128 0x8
 3206 1068 12150000 		.4byte	0x1512
 3207 106c 10020000 		.4byte	.LLST55
 3208 1070 0E020000 		.4byte	.LVUS55
 3209 1074 00       		.byte	0
 3210 1075 00       		.byte	0
 3211 1076 3F       		.uleb128 0x3f
 3212 1077 96140000 		.4byte	0x1496
 3213 107b 1C010000 		.4byte	.LBI213
 3214 107f 0200     		.2byte	.LVU210
 3215 1081 1C010000 		.4byte	.LBB213
 3216 1085 04000000 		.4byte	.LBE213-.LBB213
 3217 1089 03       		.byte	0x3
 3218 108a D102     		.2byte	0x2d1
 3219 108c 14       		.byte	0x14
 3220 108d 9F100000 		.4byte	0x109f
 3221 1091 04       		.uleb128 0x4
 3222 1092 A8140000 		.4byte	0x14a8
 3223 1096 21020000 		.4byte	.LLST56
 3224 109a 1F020000 		.4byte	.LVUS56
 3225 109e 00       		.byte	0
 3226 109f 1C       		.uleb128 0x1c
 3227 10a0 7B150000 		.4byte	0x157b
 3228 10a4 78010000 		.4byte	.LBI222
 3229 10a8 0100     		.2byte	.LVU257
 3230 10aa 7F010000 		.4byte	.LLRL57
 3231 10ae E002     		.2byte	0x2e0
 3232 10b0 0D       		.uleb128 0xd
 3233 10b1 66140000 		.4byte	0x1466
 3234 10b5 A4010000 		.4byte	.LBI226
 3235 10b9 0100     		.2byte	.LVU269
 3236 10bb 8E010000 		.4byte	.LLRL58
 3237 10bf E202     		.2byte	0x2e2
 3238 10c1 03       		.byte	0x3
 3239 10c2 D4100000 		.4byte	0x10d4
 3240 10c6 04       		.uleb128 0x4
ARM GAS  /tmp/cceTDqrl.s 			page 58


 3241 10c7 71140000 		.4byte	0x1471
 3242 10cb 2D020000 		.4byte	.LLST59
 3243 10cf 2B020000 		.4byte	.LVUS59
 3244 10d3 00       		.byte	0
 3245 10d4 40       		.uleb128 0x40
 3246 10d5 7E140000 		.4byte	0x147e
 3247 10d9 A8010000 		.4byte	.LBI232
 3248 10dd 0200     		.2byte	.LVU274
 3249 10df A8010000 		.4byte	.LBB232
 3250 10e3 04000000 		.4byte	.LBE232-.LBB232
 3251 10e7 03       		.byte	0x3
 3252 10e8 E402     		.2byte	0x2e4
 3253 10ea 03       		.byte	0x3
 3254 10eb 04       		.uleb128 0x4
 3255 10ec 89140000 		.4byte	0x1489
 3256 10f0 39020000 		.4byte	.LLST60
 3257 10f4 37020000 		.4byte	.LVUS60
 3258 10f8 00       		.byte	0
 3259 10f9 00       		.byte	0
 3260 10fa 00       		.byte	0
 3261 10fb 00       		.byte	0
 3262 10fc 18       		.uleb128 0x18
 3263 10fd 36150000 		.4byte	0x1536
 3264 1101 D4010000 		.4byte	.LBI247
 3265 1105 0200     		.2byte	.LVU299
 3266 1107 9A010000 		.4byte	.LLRL61
 3267 110b 4B       		.byte	0x4b
 3268 110c 1E110000 		.4byte	0x111e
 3269 1110 04       		.uleb128 0x4
 3270 1111 41150000 		.4byte	0x1541
 3271 1115 46020000 		.4byte	.LLST62
 3272 1119 44020000 		.4byte	.LVUS62
 3273 111d 00       		.byte	0
 3274 111e 18       		.uleb128 0x18
 3275 111f B5140000 		.4byte	0x14b5
 3276 1123 AC010000 		.4byte	.LBI252
 3277 1127 0200     		.2byte	.LVU279
 3278 1129 A6010000 		.4byte	.LLRL63
 3279 112d 49       		.byte	0x49
 3280 112e 60110000 		.4byte	0x1160
 3281 1132 04       		.uleb128 0x4
 3282 1133 CC140000 		.4byte	0x14cc
 3283 1137 52020000 		.4byte	.LLST64
 3284 113b 50020000 		.4byte	.LVUS64
 3285 113f 04       		.uleb128 0x4
 3286 1140 C0140000 		.4byte	0x14c0
 3287 1144 5F020000 		.4byte	.LLST65
 3288 1148 5D020000 		.4byte	.LVUS65
 3289 114c 0E       		.uleb128 0xe
 3290 114d A6010000 		.4byte	.LLRL63
 3291 1151 08       		.uleb128 0x8
 3292 1152 D8140000 		.4byte	0x14d8
 3293 1156 6D020000 		.4byte	.LLST66
 3294 115a 69020000 		.4byte	.LVUS66
 3295 115e 00       		.byte	0
 3296 115f 00       		.byte	0
 3297 1160 41       		.uleb128 0x41
ARM GAS  /tmp/cceTDqrl.s 			page 59


 3298 1161 84150000 		.4byte	0x1584
 3299 1165 C0010000 		.4byte	.LBI256
 3300 1169 0200     		.2byte	.LVU289
 3301 116b B2010000 		.4byte	.LLRL67
 3302 116f 01       		.byte	0x1
 3303 1170 4A       		.byte	0x4a
 3304 1171 03       		.byte	0x3
 3305 1172 04       		.uleb128 0x4
 3306 1173 9B150000 		.4byte	0x159b
 3307 1177 86020000 		.4byte	.LLST68
 3308 117b 84020000 		.4byte	.LVUS68
 3309 117f 04       		.uleb128 0x4
 3310 1180 8F150000 		.4byte	0x158f
 3311 1184 92020000 		.4byte	.LLST69
 3312 1188 90020000 		.4byte	.LVUS69
 3313 118c 0E       		.uleb128 0xe
 3314 118d B2010000 		.4byte	.LLRL67
 3315 1191 08       		.uleb128 0x8
 3316 1192 A7150000 		.4byte	0x15a7
 3317 1196 A0020000 		.4byte	.LLST70
 3318 119a 9C020000 		.4byte	.LVUS70
 3319 119e 00       		.byte	0
 3320 119f 00       		.byte	0
 3321 11a0 00       		.byte	0
 3322 11a1 18       		.uleb128 0x18
 3323 11a2 25130000 		.4byte	0x1325
 3324 11a6 D8010000 		.4byte	.LBI264
 3325 11aa 0200     		.2byte	.LVU304
 3326 11ac BE010000 		.4byte	.LLRL71
 3327 11b0 96       		.byte	0x96
 3328 11b1 C5110000 		.4byte	0x11c5
 3329 11b5 0E       		.uleb128 0xe
 3330 11b6 BE010000 		.4byte	.LLRL71
 3331 11ba 42       		.uleb128 0x42
 3332 11bb 32130000 		.4byte	0x1332
 3333 11bf 772D0A00 		.4byte	0xa2d77
 3334 11c3 00       		.byte	0
 3335 11c4 00       		.byte	0
 3336 11c5 22       		.uleb128 0x22
 3337 11c6 EC010000 		.4byte	.LVL63
 3338 11ca F20C0000 		.4byte	0xcf2
 3339 11ce 2A       		.uleb128 0x2a
 3340 11cf 0C020000 		.4byte	.LVL64
 3341 11d3 C70C0000 		.4byte	0xcc7
 3342 11d7 02120000 		.4byte	0x1202
 3343 11db 0B       		.uleb128 0xb
 3344 11dc 01       		.uleb128 0x1
 3345 11dd 50       		.byte	0x50
 3346 11de 05       		.uleb128 0x5
 3347 11df 03       		.byte	0x3
 3348 11e0 00000000 		.4byte	waThread1
 3349 11e4 0B       		.uleb128 0xb
 3350 11e5 01       		.uleb128 0x1
 3351 11e6 51       		.byte	0x51
 3352 11e7 03       		.uleb128 0x3
 3353 11e8 0A       		.byte	0xa
 3354 11e9 C001     		.2byte	0x1c0
ARM GAS  /tmp/cceTDqrl.s 			page 60


 3355 11eb 0B       		.uleb128 0xb
 3356 11ec 01       		.uleb128 0x1
 3357 11ed 52       		.byte	0x52
 3358 11ee 02       		.uleb128 0x2
 3359 11ef 08       		.byte	0x8
 3360 11f0 80       		.byte	0x80
 3361 11f1 0B       		.uleb128 0xb
 3362 11f2 01       		.uleb128 0x1
 3363 11f3 53       		.byte	0x53
 3364 11f4 05       		.uleb128 0x5
 3365 11f5 03       		.byte	0x3
 3366 11f6 00000000 		.4byte	Thread1
 3367 11fa 0B       		.uleb128 0xb
 3368 11fb 02       		.uleb128 0x2
 3369 11fc 7D       		.byte	0x7d
 3370 11fd 00       		.sleb128 0
 3371 11fe 02       		.uleb128 0x2
 3372 11ff 76       		.byte	0x76
 3373 1200 00       		.sleb128 0
 3374 1201 00       		.byte	0
 3375 1202 2A       		.uleb128 0x2a
 3376 1203 38020000 		.4byte	.LVL65
 3377 1207 C70C0000 		.4byte	0xcc7
 3378 120b 35120000 		.4byte	0x1235
 3379 120f 0B       		.uleb128 0xb
 3380 1210 01       		.uleb128 0x1
 3381 1211 50       		.byte	0x50
 3382 1212 05       		.uleb128 0x5
 3383 1213 03       		.byte	0x3
 3384 1214 00000000 		.4byte	waThread2
 3385 1218 0B       		.uleb128 0xb
 3386 1219 01       		.uleb128 0x1
 3387 121a 51       		.byte	0x51
 3388 121b 03       		.uleb128 0x3
 3389 121c 0A       		.byte	0xa
 3390 121d 4002     		.2byte	0x240
 3391 121f 0B       		.uleb128 0xb
 3392 1220 01       		.uleb128 0x1
 3393 1221 52       		.byte	0x52
 3394 1222 02       		.uleb128 0x2
 3395 1223 08       		.byte	0x8
 3396 1224 80       		.byte	0x80
 3397 1225 0B       		.uleb128 0xb
 3398 1226 01       		.uleb128 0x1
 3399 1227 53       		.byte	0x53
 3400 1228 05       		.uleb128 0x5
 3401 1229 03       		.byte	0x3
 3402 122a 00000000 		.4byte	Thread2
 3403 122e 0B       		.uleb128 0xb
 3404 122f 02       		.uleb128 0x2
 3405 1230 7D       		.byte	0x7d
 3406 1231 00       		.sleb128 0
 3407 1232 01       		.uleb128 0x1
 3408 1233 30       		.byte	0x30
 3409 1234 00       		.byte	0
 3410 1235 23       		.uleb128 0x23
 3411 1236 60020000 		.4byte	.LVL67
ARM GAS  /tmp/cceTDqrl.s 			page 61


 3412 123a B40C0000 		.4byte	0xcb4
 3413 123e 0B       		.uleb128 0xb
 3414 123f 01       		.uleb128 0x1
 3415 1240 50       		.byte	0x50
 3416 1241 02       		.uleb128 0x2
 3417 1242 08       		.byte	0x8
 3418 1243 C8       		.byte	0xc8
 3419 1244 00       		.byte	0
 3420 1245 00       		.byte	0
 3421 1246 0A       		.uleb128 0xa
 3422 1247 08       		.byte	0x8
 3423 1248 04       		.byte	0x4
 3424 1249 7E0A0000 		.4byte	.LASF176
 3425 124d 2B       		.uleb128 0x2b
 3426 124e DC090000 		.4byte	.LASF177
 3427 1252 70       		.byte	0x70
 3428 1253 00000000 		.4byte	.LFB404
 3429 1257 80000000 		.4byte	.LFE404-.LFB404
 3430 125b 01       		.uleb128 0x1
 3431 125c 9C       		.byte	0x9c
 3432 125d CC120000 		.4byte	0x12cc
 3433 1261 2C       		.uleb128 0x2c
 3434 1262 61726700 		.ascii	"arg\000"
 3435 1266 70       		.byte	0x70
 3436 1267 61090000 		.4byte	0x961
 3437 126b BB020000 		.4byte	.LLST0
 3438 126f B7020000 		.4byte	.LVUS0
 3439 1273 17       		.uleb128 0x17
 3440 1274 CA070000 		.4byte	.LASF174
 3441 1278 71       		.byte	0x71
 3442 1279 13       		.byte	0x13
 3443 127a 46120000 		.4byte	0x1246
 3444 127e 08       		.uleb128 0x8
 3445 127f 90       		.byte	0x90
 3446 1280 50       		.uleb128 0x50
 3447 1281 93       		.byte	0x93
 3448 1282 04       		.uleb128 0x4
 3449 1283 90       		.byte	0x90
 3450 1284 51       		.uleb128 0x51
 3451 1285 93       		.byte	0x93
 3452 1286 04       		.uleb128 0x4
 3453 1287 1B       		.uleb128 0x1b
 3454 1288 74040000 		.4byte	.LASF175
 3455 128c 72       		.byte	0x72
 3456 128d 0A       		.byte	0xa
 3457 128e 46120000 		.4byte	0x1246
 3458 1292 D9020000 		.4byte	.LLST1
 3459 1296 D5020000 		.4byte	.LVUS1
 3460 129a 18       		.uleb128 0x18
 3461 129b D4130000 		.4byte	0x13d4
 3462 129f 00000000 		.4byte	.LBI54
 3463 12a3 0500     		.2byte	.LVU5
 3464 12a5 0C000000 		.4byte	.LLRL2
 3465 12a9 76       		.byte	0x76
 3466 12aa BC120000 		.4byte	0x12bc
 3467 12ae 04       		.uleb128 0x4
 3468 12af E1130000 		.4byte	0x13e1
ARM GAS  /tmp/cceTDqrl.s 			page 62


 3469 12b3 F9020000 		.4byte	.LLST3
 3470 12b7 F7020000 		.4byte	.LVUS3
 3471 12bb 00       		.byte	0
 3472 12bc 23       		.uleb128 0x23
 3473 12bd 44000000 		.4byte	.LVL2
 3474 12c1 B40C0000 		.4byte	0xcb4
 3475 12c5 0B       		.uleb128 0xb
 3476 12c6 01       		.uleb128 0x1
 3477 12c7 50       		.byte	0x50
 3478 12c8 01       		.uleb128 0x1
 3479 12c9 3A       		.byte	0x3a
 3480 12ca 00       		.byte	0
 3481 12cb 00       		.byte	0
 3482 12cc 2B       		.uleb128 0x2b
 3483 12cd 56040000 		.4byte	.LASF178
 3484 12d1 5F       		.byte	0x5f
 3485 12d2 00000000 		.4byte	.LFB403
 3486 12d6 3C000000 		.4byte	.LFE403-.LFB403
 3487 12da 01       		.uleb128 0x1
 3488 12db 9C       		.byte	0x9c
 3489 12dc 25130000 		.4byte	0x1325
 3490 12e0 2C       		.uleb128 0x2c
 3491 12e1 61726700 		.ascii	"arg\000"
 3492 12e5 5F       		.byte	0x5f
 3493 12e6 61090000 		.4byte	0x961
 3494 12ea 0B030000 		.4byte	.LLST4
 3495 12ee 07030000 		.4byte	.LVUS4
 3496 12f2 18       		.uleb128 0x18
 3497 12f3 D4130000 		.4byte	0x13d4
 3498 12f7 00000000 		.4byte	.LBI60
 3499 12fb 0300     		.2byte	.LVU40
 3500 12fd 1B000000 		.4byte	.LLRL5
 3501 1301 63       		.byte	0x63
 3502 1302 14130000 		.4byte	0x1314
 3503 1306 04       		.uleb128 0x4
 3504 1307 E1130000 		.4byte	0x13e1
 3505 130b 26030000 		.4byte	.LLST6
 3506 130f 24030000 		.4byte	.LVUS6
 3507 1313 00       		.byte	0
 3508 1314 23       		.uleb128 0x23
 3509 1315 2C000000 		.4byte	.LVL7
 3510 1319 B40C0000 		.4byte	0xcb4
 3511 131d 0B       		.uleb128 0xb
 3512 131e 01       		.uleb128 0x1
 3513 131f 50       		.byte	0x50
 3514 1320 02       		.uleb128 0x2
 3515 1321 08       		.byte	0x8
 3516 1322 64       		.byte	0x64
 3517 1323 00       		.byte	0
 3518 1324 00       		.byte	0
 3519 1325 2D       		.uleb128 0x2d
 3520 1326 0D0A0000 		.4byte	.LASF183
 3521 132a 01       		.byte	0x1
 3522 132b 4E       		.byte	0x4e
 3523 132c 0D       		.byte	0xd
 3524 132d 01       		.byte	0x1
 3525 132e 3F130000 		.4byte	0x133f
ARM GAS  /tmp/cceTDqrl.s 			page 63


 3526 1332 43       		.uleb128 0x43
 3527 1333 0C000000 		.4byte	.LASF192
 3528 1337 01       		.byte	0x1
 3529 1338 4F       		.byte	0x4f
 3530 1339 0C       		.byte	0xc
 3531 133a D5000000 		.4byte	0xd5
 3532 133e 00       		.byte	0
 3533 133f 44       		.uleb128 0x44
 3534 1340 19040000 		.4byte	.LASF185
 3535 1344 01       		.byte	0x1
 3536 1345 46       		.byte	0x46
 3537 1346 0D       		.byte	0xd
 3538 1347 01       		.byte	0x1
 3539 1348 29       		.uleb128 0x29
 3540 1349 B6070000 		.4byte	.LASF180
 3541 134d 31       		.byte	0x31
 3542 134e 06       		.byte	0x6
 3543 134f CE0B0000 		.4byte	0xbce
 3544 1353 00000000 		.4byte	.LFB400
 3545 1357 4C000000 		.4byte	.LFE400-.LFB400
 3546 135b 01       		.uleb128 0x1
 3547 135c 9C       		.byte	0x9c
 3548 135d D4130000 		.4byte	0x13d4
 3549 1361 1B       		.uleb128 0x1b
 3550 1362 C2090000 		.4byte	.LASF181
 3551 1366 32       		.byte	0x32
 3552 1367 0D       		.byte	0xd
 3553 1368 50000000 		.4byte	0x50
 3554 136c 36030000 		.4byte	.LLST7
 3555 1370 34030000 		.4byte	.LVUS7
 3556 1374 1B       		.uleb128 0x1b
 3557 1375 E6070000 		.4byte	.LASF182
 3558 1379 33       		.byte	0x33
 3559 137a 08       		.byte	0x8
 3560 137b CE0B0000 		.4byte	0xbce
 3561 137f 47030000 		.4byte	.LLST8
 3562 1383 3F030000 		.4byte	.LVUS8
 3563 1387 45       		.uleb128 0x45
 3564 1388 66150000 		.4byte	0x1566
 3565 138c 00000000 		.4byte	.LBI64
 3566 1390 0500     		.2byte	.LVU57
 3567 1392 27000000 		.4byte	.LLRL9
 3568 1396 01       		.byte	0x1
 3569 1397 36       		.byte	0x36
 3570 1398 0A       		.byte	0xa
 3571 1399 46       		.uleb128 0x46
 3572 139a 4E150000 		.4byte	0x154e
 3573 139e 20000000 		.4byte	.LBI68
 3574 13a2 0100     		.2byte	.LVU69
 3575 13a4 20000000 		.4byte	.LBB68
 3576 13a8 0C000000 		.4byte	.LBE68-.LBB68
 3577 13ac 01       		.byte	0x1
 3578 13ad 41       		.byte	0x41
 3579 13ae 03       		.byte	0x3
 3580 13af C1130000 		.4byte	0x13c1
 3581 13b3 04       		.uleb128 0x4
 3582 13b4 59150000 		.4byte	0x1559
ARM GAS  /tmp/cceTDqrl.s 			page 64


 3583 13b8 65030000 		.4byte	.LLST10
 3584 13bc 63030000 		.4byte	.LVUS10
 3585 13c0 00       		.byte	0
 3586 13c1 22       		.uleb128 0x22
 3587 13c2 44000000 		.4byte	.LVL13
 3588 13c6 050D0000 		.4byte	0xd05
 3589 13ca 22       		.uleb128 0x22
 3590 13cb 48000000 		.4byte	.LVL14
 3591 13cf F90C0000 		.4byte	0xcf9
 3592 13d3 00       		.byte	0
 3593 13d4 2D       		.uleb128 0x2d
 3594 13d5 5C000000 		.4byte	.LASF184
 3595 13d9 02       		.byte	0x2
 3596 13da A4       		.byte	0xa4
 3597 13db 14       		.byte	0x14
 3598 13dc 03       		.byte	0x3
 3599 13dd EE130000 		.4byte	0x13ee
 3600 13e1 47       		.uleb128 0x47
 3601 13e2 DB070000 		.4byte	.LASF81
 3602 13e6 02       		.byte	0x2
 3603 13e7 A4       		.byte	0xa4
 3604 13e8 33       		.byte	0x33
 3605 13e9 54070000 		.4byte	0x754
 3606 13ed 00       		.byte	0
 3607 13ee 13       		.uleb128 0x13
 3608 13ef 90050000 		.4byte	.LASF186
 3609 13f3 13       		.byte	0x13
 3610 13f4 B501     		.2byte	0x1b5
 3611 13f6 14       		.byte	0x14
 3612 13f7 13       		.uleb128 0x13
 3613 13f8 39010000 		.4byte	.LASF187
 3614 13fc 13       		.byte	0x13
 3615 13fd 9F01     		.2byte	0x19f
 3616 13ff 14       		.byte	0x14
 3617 1400 13       		.uleb128 0x13
 3618 1401 A8080000 		.4byte	.LASF188
 3619 1405 0E       		.byte	0xe
 3620 1406 0603     		.2byte	0x306
 3621 1408 14       		.byte	0x14
 3622 1409 13       		.uleb128 0x13
 3623 140a EF000000 		.4byte	.LASF189
 3624 140e 0E       		.byte	0xe
 3625 140f FB02     		.2byte	0x2fb
 3626 1411 14       		.byte	0x14
 3627 1412 13       		.uleb128 0x13
 3628 1413 4C080000 		.4byte	.LASF190
 3629 1417 03       		.byte	0x3
 3630 1418 E902     		.2byte	0x2e9
 3631 141a 16       		.byte	0x16
 3632 141b 11       		.uleb128 0x11
 3633 141c 8E090000 		.4byte	.LASF191
 3634 1420 C202     		.2byte	0x2c2
 3635 1422 3B140000 		.4byte	0x143b
 3636 1426 2E       		.uleb128 0x2e
 3637 1427 6900     		.ascii	"i\000"
 3638 1429 C402     		.2byte	0x2c4
 3639 142b D5000000 		.4byte	0xd5
ARM GAS  /tmp/cceTDqrl.s 			page 65


 3640 142f 19       		.uleb128 0x19
 3641 1430 AE010000 		.4byte	.LASF193
 3642 1434 C502     		.2byte	0x2c5
 3643 1436 D5000000 		.4byte	0xd5
 3644 143a 00       		.byte	0
 3645 143b 11       		.uleb128 0x11
 3646 143c C7090000 		.4byte	.LASF194
 3647 1440 9D02     		.2byte	0x29d
 3648 1442 66140000 		.4byte	0x1466
 3649 1446 2E       		.uleb128 0x2e
 3650 1447 6900     		.ascii	"i\000"
 3651 1449 9F02     		.2byte	0x29f
 3652 144b D5000000 		.4byte	0xd5
 3653 144f 19       		.uleb128 0x19
 3654 1450 E7050000 		.4byte	.LASF195
 3655 1454 A002     		.2byte	0x2a0
 3656 1456 D5000000 		.4byte	0xd5
 3657 145a 19       		.uleb128 0x19
 3658 145b AE010000 		.4byte	.LASF193
 3659 145f A102     		.2byte	0x2a1
 3660 1461 D5000000 		.4byte	0xd5
 3661 1465 00       		.byte	0
 3662 1466 11       		.uleb128 0x11
 3663 1467 12080000 		.4byte	.LASF196
 3664 146b 4C02     		.2byte	0x24c
 3665 146d 7E140000 		.4byte	0x147e
 3666 1471 0F       		.uleb128 0xf
 3667 1472 88040000 		.4byte	.LASF197
 3668 1476 4C02     		.2byte	0x24c
 3669 1478 32       		.byte	0x32
 3670 1479 D5000000 		.4byte	0xd5
 3671 147d 00       		.byte	0
 3672 147e 11       		.uleb128 0x11
 3673 147f 420A0000 		.4byte	.LASF198
 3674 1483 3C02     		.2byte	0x23c
 3675 1485 96140000 		.4byte	0x1496
 3676 1489 0F       		.uleb128 0xf
 3677 148a 5A070000 		.4byte	.LASF199
 3678 148e 3C02     		.2byte	0x23c
 3679 1490 3C       		.byte	0x3c
 3680 1491 D5000000 		.4byte	0xd5
 3681 1495 00       		.byte	0
 3682 1496 48       		.uleb128 0x48
 3683 1497 5E040000 		.4byte	.LASF224
 3684 149b 03       		.byte	0x3
 3685 149c 3402     		.2byte	0x234
 3686 149e 1A       		.byte	0x1a
 3687 149f D5000000 		.4byte	0xd5
 3688 14a3 03       		.byte	0x3
 3689 14a4 B5140000 		.4byte	0x14b5
 3690 14a8 0F       		.uleb128 0xf
 3691 14a9 A3050000 		.4byte	.LASF200
 3692 14ad 3402     		.2byte	0x234
 3693 14af 34       		.byte	0x34
 3694 14b0 50000000 		.4byte	0x50
 3695 14b4 00       		.byte	0
 3696 14b5 11       		.uleb128 0x11
ARM GAS  /tmp/cceTDqrl.s 			page 66


 3697 14b6 56030000 		.4byte	.LASF201
 3698 14ba 2B02     		.2byte	0x22b
 3699 14bc E4140000 		.4byte	0x14e4
 3700 14c0 0F       		.uleb128 0xf
 3701 14c1 A3050000 		.4byte	.LASF200
 3702 14c5 2B02     		.2byte	0x22b
 3703 14c7 30       		.byte	0x30
 3704 14c8 50000000 		.4byte	0x50
 3705 14cc 0F       		.uleb128 0xf
 3706 14cd 5A070000 		.4byte	.LASF199
 3707 14d1 2B02     		.2byte	0x22b
 3708 14d3 3F       		.byte	0x3f
 3709 14d4 D5000000 		.4byte	0xd5
 3710 14d8 19       		.uleb128 0x19
 3711 14d9 B9040000 		.4byte	.LASF104
 3712 14dd 2D02     		.2byte	0x22d
 3713 14df D5000000 		.4byte	0xd5
 3714 14e3 00       		.byte	0
 3715 14e4 11       		.uleb128 0x11
 3716 14e5 CC020000 		.4byte	.LASF202
 3717 14e9 1102     		.2byte	0x211
 3718 14eb 1E150000 		.4byte	0x151e
 3719 14ef 0F       		.uleb128 0xf
 3720 14f0 A3050000 		.4byte	.LASF200
 3721 14f4 1102     		.2byte	0x211
 3722 14f6 35       		.byte	0x35
 3723 14f7 50000000 		.4byte	0x50
 3724 14fb 0F       		.uleb128 0xf
 3725 14fc 850A0000 		.4byte	.LASF203
 3726 1500 1102     		.2byte	0x211
 3727 1502 44       		.byte	0x44
 3728 1503 D5000000 		.4byte	0xd5
 3729 1507 19       		.uleb128 0x19
 3730 1508 5D080000 		.4byte	.LASF204
 3731 150c 1302     		.2byte	0x213
 3732 150e D5000000 		.4byte	0xd5
 3733 1512 19       		.uleb128 0x19
 3734 1513 BD010000 		.4byte	.LASF205
 3735 1517 1402     		.2byte	0x214
 3736 1519 D5000000 		.4byte	0xd5
 3737 151d 00       		.byte	0
 3738 151e 11       		.uleb128 0x11
 3739 151f 63070000 		.4byte	.LASF206
 3740 1523 D401     		.2byte	0x1d4
 3741 1525 36150000 		.4byte	0x1536
 3742 1529 0F       		.uleb128 0xf
 3743 152a A3050000 		.4byte	.LASF200
 3744 152e D401     		.2byte	0x1d4
 3745 1530 2F       		.byte	0x2f
 3746 1531 50000000 		.4byte	0x50
 3747 1535 00       		.byte	0
 3748 1536 11       		.uleb128 0x11
 3749 1537 2E020000 		.4byte	.LASF207
 3750 153b C301     		.2byte	0x1c3
 3751 153d 4E150000 		.4byte	0x154e
 3752 1541 0F       		.uleb128 0xf
 3753 1542 A3050000 		.4byte	.LASF200
ARM GAS  /tmp/cceTDqrl.s 			page 67


 3754 1546 C301     		.2byte	0x1c3
 3755 1548 2E       		.byte	0x2e
 3756 1549 50000000 		.4byte	0x50
 3757 154d 00       		.byte	0
 3758 154e 11       		.uleb128 0x11
 3759 154f FF040000 		.4byte	.LASF208
 3760 1553 BB01     		.2byte	0x1bb
 3761 1555 66150000 		.4byte	0x1566
 3762 1559 0F       		.uleb128 0xf
 3763 155a A3050000 		.4byte	.LASF200
 3764 155e BB01     		.2byte	0x1bb
 3765 1560 31       		.byte	0x31
 3766 1561 50000000 		.4byte	0x50
 3767 1565 00       		.byte	0
 3768 1566 2F       		.uleb128 0x2f
 3769 1567 670A0000 		.4byte	.LASF213
 3770 156b B301     		.2byte	0x1b3
 3771 156d 1B       		.byte	0x1b
 3772 156e 50000000 		.4byte	0x50
 3773 1572 13       		.uleb128 0x13
 3774 1573 40050000 		.4byte	.LASF209
 3775 1577 03       		.byte	0x3
 3776 1578 AB01     		.2byte	0x1ab
 3777 157a 16       		.byte	0x16
 3778 157b 13       		.uleb128 0x13
 3779 157c 69020000 		.4byte	.LASF210
 3780 1580 03       		.byte	0x3
 3781 1581 A401     		.2byte	0x1a4
 3782 1583 16       		.byte	0x16
 3783 1584 11       		.uleb128 0x11
 3784 1585 76050000 		.4byte	.LASF211
 3785 1589 9301     		.2byte	0x193
 3786 158b B3150000 		.4byte	0x15b3
 3787 158f 0F       		.uleb128 0xf
 3788 1590 A3050000 		.4byte	.LASF200
 3789 1594 9301     		.2byte	0x193
 3790 1596 2E       		.byte	0x2e
 3791 1597 50000000 		.4byte	0x50
 3792 159b 0F       		.uleb128 0xf
 3793 159c A7000000 		.4byte	.LASF212
 3794 15a0 9301     		.2byte	0x193
 3795 15a2 3D       		.byte	0x3d
 3796 15a3 D5000000 		.4byte	0xd5
 3797 15a7 19       		.uleb128 0x19
 3798 15a8 B9040000 		.4byte	.LASF104
 3799 15ac 9501     		.2byte	0x195
 3800 15ae D5000000 		.4byte	0xd5
 3801 15b2 00       		.byte	0
 3802 15b3 2F       		.uleb128 0x2f
 3803 15b4 A20A0000 		.4byte	.LASF214
 3804 15b8 8201     		.2byte	0x182
 3805 15ba 1A       		.byte	0x1a
 3806 15bb D5000000 		.4byte	0xd5
 3807 15bf 13       		.uleb128 0x13
 3808 15c0 3F040000 		.4byte	.LASF215
 3809 15c4 03       		.byte	0x3
 3810 15c5 7A01     		.2byte	0x17a
ARM GAS  /tmp/cceTDqrl.s 			page 68


 3811 15c7 16       		.byte	0x16
 3812 15c8 13       		.uleb128 0x13
 3813 15c9 6B030000 		.4byte	.LASF216
 3814 15cd 03       		.byte	0x3
 3815 15ce 7301     		.2byte	0x173
 3816 15d0 16       		.byte	0x16
 3817 15d1 00       		.byte	0
 3818              		.section	.debug_abbrev,"",%progbits
 3819              	.Ldebug_abbrev0:
 3820 0000 01       		.uleb128 0x1
 3821 0001 0D       		.uleb128 0xd
 3822 0002 00       		.byte	0
 3823 0003 03       		.uleb128 0x3
 3824 0004 0E       		.uleb128 0xe
 3825 0005 3A       		.uleb128 0x3a
 3826 0006 0B       		.uleb128 0xb
 3827 0007 3B       		.uleb128 0x3b
 3828 0008 0B       		.uleb128 0xb
 3829 0009 39       		.uleb128 0x39
 3830 000a 0B       		.uleb128 0xb
 3831 000b 49       		.uleb128 0x49
 3832 000c 13       		.uleb128 0x13
 3833 000d 38       		.uleb128 0x38
 3834 000e 0B       		.uleb128 0xb
 3835 000f 00       		.byte	0
 3836 0010 00       		.byte	0
 3837 0011 02       		.uleb128 0x2
 3838 0012 16       		.uleb128 0x16
 3839 0013 00       		.byte	0
 3840 0014 03       		.uleb128 0x3
 3841 0015 0E       		.uleb128 0xe
 3842 0016 3A       		.uleb128 0x3a
 3843 0017 0B       		.uleb128 0xb
 3844 0018 3B       		.uleb128 0x3b
 3845 0019 0B       		.uleb128 0xb
 3846 001a 39       		.uleb128 0x39
 3847 001b 0B       		.uleb128 0xb
 3848 001c 49       		.uleb128 0x49
 3849 001d 13       		.uleb128 0x13
 3850 001e 00       		.byte	0
 3851 001f 00       		.byte	0
 3852 0020 03       		.uleb128 0x3
 3853 0021 0D       		.uleb128 0xd
 3854 0022 00       		.byte	0
 3855 0023 03       		.uleb128 0x3
 3856 0024 0E       		.uleb128 0xe
 3857 0025 3A       		.uleb128 0x3a
 3858 0026 0B       		.uleb128 0xb
 3859 0027 3B       		.uleb128 0x3b
 3860 0028 05       		.uleb128 0x5
 3861 0029 39       		.uleb128 0x39
 3862 002a 0B       		.uleb128 0xb
 3863 002b 49       		.uleb128 0x49
 3864 002c 13       		.uleb128 0x13
 3865 002d 38       		.uleb128 0x38
 3866 002e 0B       		.uleb128 0xb
 3867 002f 00       		.byte	0
ARM GAS  /tmp/cceTDqrl.s 			page 69


 3868 0030 00       		.byte	0
 3869 0031 04       		.uleb128 0x4
 3870 0032 05       		.uleb128 0x5
 3871 0033 00       		.byte	0
 3872 0034 31       		.uleb128 0x31
 3873 0035 13       		.uleb128 0x13
 3874 0036 02       		.uleb128 0x2
 3875 0037 17       		.uleb128 0x17
 3876 0038 B742     		.uleb128 0x2137
 3877 003a 17       		.uleb128 0x17
 3878 003b 00       		.byte	0
 3879 003c 00       		.byte	0
 3880 003d 05       		.uleb128 0x5
 3881 003e 0D       		.uleb128 0xd
 3882 003f 00       		.byte	0
 3883 0040 03       		.uleb128 0x3
 3884 0041 0E       		.uleb128 0xe
 3885 0042 3A       		.uleb128 0x3a
 3886 0043 21       		.uleb128 0x21
 3887 0044 03       		.sleb128 3
 3888 0045 3B       		.uleb128 0x3b
 3889 0046 0B       		.uleb128 0xb
 3890 0047 39       		.uleb128 0x39
 3891 0048 0B       		.uleb128 0xb
 3892 0049 49       		.uleb128 0x49
 3893 004a 13       		.uleb128 0x13
 3894 004b 38       		.uleb128 0x38
 3895 004c 05       		.uleb128 0x5
 3896 004d 00       		.byte	0
 3897 004e 00       		.byte	0
 3898 004f 06       		.uleb128 0x6
 3899 0050 0F       		.uleb128 0xf
 3900 0051 00       		.byte	0
 3901 0052 0B       		.uleb128 0xb
 3902 0053 21       		.uleb128 0x21
 3903 0054 04       		.sleb128 4
 3904 0055 49       		.uleb128 0x49
 3905 0056 13       		.uleb128 0x13
 3906 0057 00       		.byte	0
 3907 0058 00       		.byte	0
 3908 0059 07       		.uleb128 0x7
 3909 005a 01       		.uleb128 0x1
 3910 005b 01       		.byte	0x1
 3911 005c 49       		.uleb128 0x49
 3912 005d 13       		.uleb128 0x13
 3913 005e 01       		.uleb128 0x1
 3914 005f 13       		.uleb128 0x13
 3915 0060 00       		.byte	0
 3916 0061 00       		.byte	0
 3917 0062 08       		.uleb128 0x8
 3918 0063 34       		.uleb128 0x34
 3919 0064 00       		.byte	0
 3920 0065 31       		.uleb128 0x31
 3921 0066 13       		.uleb128 0x13
 3922 0067 02       		.uleb128 0x2
 3923 0068 17       		.uleb128 0x17
 3924 0069 B742     		.uleb128 0x2137
ARM GAS  /tmp/cceTDqrl.s 			page 70


 3925 006b 17       		.uleb128 0x17
 3926 006c 00       		.byte	0
 3927 006d 00       		.byte	0
 3928 006e 09       		.uleb128 0x9
 3929 006f 0D       		.uleb128 0xd
 3930 0070 00       		.byte	0
 3931 0071 03       		.uleb128 0x3
 3932 0072 08       		.uleb128 0x8
 3933 0073 3A       		.uleb128 0x3a
 3934 0074 0B       		.uleb128 0xb
 3935 0075 3B       		.uleb128 0x3b
 3936 0076 05       		.uleb128 0x5
 3937 0077 39       		.uleb128 0x39
 3938 0078 0B       		.uleb128 0xb
 3939 0079 49       		.uleb128 0x49
 3940 007a 13       		.uleb128 0x13
 3941 007b 38       		.uleb128 0x38
 3942 007c 0B       		.uleb128 0xb
 3943 007d 00       		.byte	0
 3944 007e 00       		.byte	0
 3945 007f 0A       		.uleb128 0xa
 3946 0080 24       		.uleb128 0x24
 3947 0081 00       		.byte	0
 3948 0082 0B       		.uleb128 0xb
 3949 0083 0B       		.uleb128 0xb
 3950 0084 3E       		.uleb128 0x3e
 3951 0085 0B       		.uleb128 0xb
 3952 0086 03       		.uleb128 0x3
 3953 0087 0E       		.uleb128 0xe
 3954 0088 00       		.byte	0
 3955 0089 00       		.byte	0
 3956 008a 0B       		.uleb128 0xb
 3957 008b 49       		.uleb128 0x49
 3958 008c 00       		.byte	0
 3959 008d 02       		.uleb128 0x2
 3960 008e 18       		.uleb128 0x18
 3961 008f 7E       		.uleb128 0x7e
 3962 0090 18       		.uleb128 0x18
 3963 0091 00       		.byte	0
 3964 0092 00       		.byte	0
 3965 0093 0C       		.uleb128 0xc
 3966 0094 21       		.uleb128 0x21
 3967 0095 00       		.byte	0
 3968 0096 49       		.uleb128 0x49
 3969 0097 13       		.uleb128 0x13
 3970 0098 2F       		.uleb128 0x2f
 3971 0099 0B       		.uleb128 0xb
 3972 009a 00       		.byte	0
 3973 009b 00       		.byte	0
 3974 009c 0D       		.uleb128 0xd
 3975 009d 1D       		.uleb128 0x1d
 3976 009e 01       		.byte	0x1
 3977 009f 31       		.uleb128 0x31
 3978 00a0 13       		.uleb128 0x13
 3979 00a1 52       		.uleb128 0x52
 3980 00a2 01       		.uleb128 0x1
 3981 00a3 B842     		.uleb128 0x2138
ARM GAS  /tmp/cceTDqrl.s 			page 71


 3982 00a5 05       		.uleb128 0x5
 3983 00a6 55       		.uleb128 0x55
 3984 00a7 17       		.uleb128 0x17
 3985 00a8 58       		.uleb128 0x58
 3986 00a9 21       		.uleb128 0x21
 3987 00aa 03       		.sleb128 3
 3988 00ab 59       		.uleb128 0x59
 3989 00ac 05       		.uleb128 0x5
 3990 00ad 57       		.uleb128 0x57
 3991 00ae 0B       		.uleb128 0xb
 3992 00af 01       		.uleb128 0x1
 3993 00b0 13       		.uleb128 0x13
 3994 00b1 00       		.byte	0
 3995 00b2 00       		.byte	0
 3996 00b3 0E       		.uleb128 0xe
 3997 00b4 0B       		.uleb128 0xb
 3998 00b5 01       		.byte	0x1
 3999 00b6 55       		.uleb128 0x55
 4000 00b7 17       		.uleb128 0x17
 4001 00b8 00       		.byte	0
 4002 00b9 00       		.byte	0
 4003 00ba 0F       		.uleb128 0xf
 4004 00bb 05       		.uleb128 0x5
 4005 00bc 00       		.byte	0
 4006 00bd 03       		.uleb128 0x3
 4007 00be 0E       		.uleb128 0xe
 4008 00bf 3A       		.uleb128 0x3a
 4009 00c0 21       		.uleb128 0x21
 4010 00c1 03       		.sleb128 3
 4011 00c2 3B       		.uleb128 0x3b
 4012 00c3 05       		.uleb128 0x5
 4013 00c4 39       		.uleb128 0x39
 4014 00c5 0B       		.uleb128 0xb
 4015 00c6 49       		.uleb128 0x49
 4016 00c7 13       		.uleb128 0x13
 4017 00c8 00       		.byte	0
 4018 00c9 00       		.byte	0
 4019 00ca 10       		.uleb128 0x10
 4020 00cb 13       		.uleb128 0x13
 4021 00cc 01       		.byte	0x1
 4022 00cd 03       		.uleb128 0x3
 4023 00ce 0E       		.uleb128 0xe
 4024 00cf 0B       		.uleb128 0xb
 4025 00d0 0B       		.uleb128 0xb
 4026 00d1 3A       		.uleb128 0x3a
 4027 00d2 0B       		.uleb128 0xb
 4028 00d3 3B       		.uleb128 0x3b
 4029 00d4 0B       		.uleb128 0xb
 4030 00d5 39       		.uleb128 0x39
 4031 00d6 0B       		.uleb128 0xb
 4032 00d7 01       		.uleb128 0x1
 4033 00d8 13       		.uleb128 0x13
 4034 00d9 00       		.byte	0
 4035 00da 00       		.byte	0
 4036 00db 11       		.uleb128 0x11
 4037 00dc 2E       		.uleb128 0x2e
 4038 00dd 01       		.byte	0x1
ARM GAS  /tmp/cceTDqrl.s 			page 72


 4039 00de 03       		.uleb128 0x3
 4040 00df 0E       		.uleb128 0xe
 4041 00e0 3A       		.uleb128 0x3a
 4042 00e1 21       		.uleb128 0x21
 4043 00e2 03       		.sleb128 3
 4044 00e3 3B       		.uleb128 0x3b
 4045 00e4 05       		.uleb128 0x5
 4046 00e5 39       		.uleb128 0x39
 4047 00e6 21       		.uleb128 0x21
 4048 00e7 16       		.sleb128 22
 4049 00e8 27       		.uleb128 0x27
 4050 00e9 19       		.uleb128 0x19
 4051 00ea 20       		.uleb128 0x20
 4052 00eb 21       		.uleb128 0x21
 4053 00ec 03       		.sleb128 3
 4054 00ed 01       		.uleb128 0x1
 4055 00ee 13       		.uleb128 0x13
 4056 00ef 00       		.byte	0
 4057 00f0 00       		.byte	0
 4058 00f1 12       		.uleb128 0x12
 4059 00f2 35       		.uleb128 0x35
 4060 00f3 00       		.byte	0
 4061 00f4 49       		.uleb128 0x49
 4062 00f5 13       		.uleb128 0x13
 4063 00f6 00       		.byte	0
 4064 00f7 00       		.byte	0
 4065 00f8 13       		.uleb128 0x13
 4066 00f9 2E       		.uleb128 0x2e
 4067 00fa 00       		.byte	0
 4068 00fb 03       		.uleb128 0x3
 4069 00fc 0E       		.uleb128 0xe
 4070 00fd 3A       		.uleb128 0x3a
 4071 00fe 0B       		.uleb128 0xb
 4072 00ff 3B       		.uleb128 0x3b
 4073 0100 05       		.uleb128 0x5
 4074 0101 39       		.uleb128 0x39
 4075 0102 0B       		.uleb128 0xb
 4076 0103 27       		.uleb128 0x27
 4077 0104 19       		.uleb128 0x19
 4078 0105 20       		.uleb128 0x20
 4079 0106 21       		.uleb128 0x21
 4080 0107 03       		.sleb128 3
 4081 0108 00       		.byte	0
 4082 0109 00       		.byte	0
 4083 010a 14       		.uleb128 0x14
 4084 010b 0D       		.uleb128 0xd
 4085 010c 00       		.byte	0
 4086 010d 03       		.uleb128 0x3
 4087 010e 08       		.uleb128 0x8
 4088 010f 3A       		.uleb128 0x3a
 4089 0110 0B       		.uleb128 0xb
 4090 0111 3B       		.uleb128 0x3b
 4091 0112 0B       		.uleb128 0xb
 4092 0113 39       		.uleb128 0x39
 4093 0114 0B       		.uleb128 0xb
 4094 0115 49       		.uleb128 0x49
 4095 0116 13       		.uleb128 0x13
ARM GAS  /tmp/cceTDqrl.s 			page 73


 4096 0117 38       		.uleb128 0x38
 4097 0118 0B       		.uleb128 0xb
 4098 0119 00       		.byte	0
 4099 011a 00       		.byte	0
 4100 011b 15       		.uleb128 0x15
 4101 011c 05       		.uleb128 0x5
 4102 011d 00       		.byte	0
 4103 011e 49       		.uleb128 0x49
 4104 011f 13       		.uleb128 0x13
 4105 0120 00       		.byte	0
 4106 0121 00       		.byte	0
 4107 0122 16       		.uleb128 0x16
 4108 0123 0D       		.uleb128 0xd
 4109 0124 00       		.byte	0
 4110 0125 03       		.uleb128 0x3
 4111 0126 0E       		.uleb128 0xe
 4112 0127 3A       		.uleb128 0x3a
 4113 0128 21       		.uleb128 0x21
 4114 0129 0A       		.sleb128 10
 4115 012a 3B       		.uleb128 0x3b
 4116 012b 05       		.uleb128 0x5
 4117 012c 39       		.uleb128 0x39
 4118 012d 0B       		.uleb128 0xb
 4119 012e 49       		.uleb128 0x49
 4120 012f 13       		.uleb128 0x13
 4121 0130 00       		.byte	0
 4122 0131 00       		.byte	0
 4123 0132 17       		.uleb128 0x17
 4124 0133 34       		.uleb128 0x34
 4125 0134 00       		.byte	0
 4126 0135 03       		.uleb128 0x3
 4127 0136 0E       		.uleb128 0xe
 4128 0137 3A       		.uleb128 0x3a
 4129 0138 21       		.uleb128 0x21
 4130 0139 01       		.sleb128 1
 4131 013a 3B       		.uleb128 0x3b
 4132 013b 0B       		.uleb128 0xb
 4133 013c 39       		.uleb128 0x39
 4134 013d 0B       		.uleb128 0xb
 4135 013e 49       		.uleb128 0x49
 4136 013f 13       		.uleb128 0x13
 4137 0140 02       		.uleb128 0x2
 4138 0141 18       		.uleb128 0x18
 4139 0142 00       		.byte	0
 4140 0143 00       		.byte	0
 4141 0144 18       		.uleb128 0x18
 4142 0145 1D       		.uleb128 0x1d
 4143 0146 01       		.byte	0x1
 4144 0147 31       		.uleb128 0x31
 4145 0148 13       		.uleb128 0x13
 4146 0149 52       		.uleb128 0x52
 4147 014a 01       		.uleb128 0x1
 4148 014b B842     		.uleb128 0x2138
 4149 014d 05       		.uleb128 0x5
 4150 014e 55       		.uleb128 0x55
 4151 014f 17       		.uleb128 0x17
 4152 0150 58       		.uleb128 0x58
ARM GAS  /tmp/cceTDqrl.s 			page 74


 4153 0151 21       		.uleb128 0x21
 4154 0152 01       		.sleb128 1
 4155 0153 59       		.uleb128 0x59
 4156 0154 0B       		.uleb128 0xb
 4157 0155 57       		.uleb128 0x57
 4158 0156 21       		.uleb128 0x21
 4159 0157 03       		.sleb128 3
 4160 0158 01       		.uleb128 0x1
 4161 0159 13       		.uleb128 0x13
 4162 015a 00       		.byte	0
 4163 015b 00       		.byte	0
 4164 015c 19       		.uleb128 0x19
 4165 015d 34       		.uleb128 0x34
 4166 015e 00       		.byte	0
 4167 015f 03       		.uleb128 0x3
 4168 0160 0E       		.uleb128 0xe
 4169 0161 3A       		.uleb128 0x3a
 4170 0162 21       		.uleb128 0x21
 4171 0163 03       		.sleb128 3
 4172 0164 3B       		.uleb128 0x3b
 4173 0165 05       		.uleb128 0x5
 4174 0166 39       		.uleb128 0x39
 4175 0167 21       		.uleb128 0x21
 4176 0168 0C       		.sleb128 12
 4177 0169 49       		.uleb128 0x49
 4178 016a 13       		.uleb128 0x13
 4179 016b 00       		.byte	0
 4180 016c 00       		.byte	0
 4181 016d 1A       		.uleb128 0x1a
 4182 016e 13       		.uleb128 0x13
 4183 016f 01       		.byte	0x1
 4184 0170 03       		.uleb128 0x3
 4185 0171 0E       		.uleb128 0xe
 4186 0172 0B       		.uleb128 0xb
 4187 0173 0B       		.uleb128 0xb
 4188 0174 3A       		.uleb128 0x3a
 4189 0175 0B       		.uleb128 0xb
 4190 0176 3B       		.uleb128 0x3b
 4191 0177 05       		.uleb128 0x5
 4192 0178 39       		.uleb128 0x39
 4193 0179 0B       		.uleb128 0xb
 4194 017a 01       		.uleb128 0x1
 4195 017b 13       		.uleb128 0x13
 4196 017c 00       		.byte	0
 4197 017d 00       		.byte	0
 4198 017e 1B       		.uleb128 0x1b
 4199 017f 34       		.uleb128 0x34
 4200 0180 00       		.byte	0
 4201 0181 03       		.uleb128 0x3
 4202 0182 0E       		.uleb128 0xe
 4203 0183 3A       		.uleb128 0x3a
 4204 0184 21       		.uleb128 0x21
 4205 0185 01       		.sleb128 1
 4206 0186 3B       		.uleb128 0x3b
 4207 0187 0B       		.uleb128 0xb
 4208 0188 39       		.uleb128 0x39
 4209 0189 0B       		.uleb128 0xb
ARM GAS  /tmp/cceTDqrl.s 			page 75


 4210 018a 49       		.uleb128 0x49
 4211 018b 13       		.uleb128 0x13
 4212 018c 02       		.uleb128 0x2
 4213 018d 17       		.uleb128 0x17
 4214 018e B742     		.uleb128 0x2137
 4215 0190 17       		.uleb128 0x17
 4216 0191 00       		.byte	0
 4217 0192 00       		.byte	0
 4218 0193 1C       		.uleb128 0x1c
 4219 0194 1D       		.uleb128 0x1d
 4220 0195 00       		.byte	0
 4221 0196 31       		.uleb128 0x31
 4222 0197 13       		.uleb128 0x13
 4223 0198 52       		.uleb128 0x52
 4224 0199 01       		.uleb128 0x1
 4225 019a B842     		.uleb128 0x2138
 4226 019c 05       		.uleb128 0x5
 4227 019d 55       		.uleb128 0x55
 4228 019e 17       		.uleb128 0x17
 4229 019f 58       		.uleb128 0x58
 4230 01a0 21       		.uleb128 0x21
 4231 01a1 03       		.sleb128 3
 4232 01a2 59       		.uleb128 0x59
 4233 01a3 05       		.uleb128 0x5
 4234 01a4 57       		.uleb128 0x57
 4235 01a5 21       		.uleb128 0x21
 4236 01a6 03       		.sleb128 3
 4237 01a7 00       		.byte	0
 4238 01a8 00       		.byte	0
 4239 01a9 1D       		.uleb128 0x1d
 4240 01aa 26       		.uleb128 0x26
 4241 01ab 00       		.byte	0
 4242 01ac 49       		.uleb128 0x49
 4243 01ad 13       		.uleb128 0x13
 4244 01ae 00       		.byte	0
 4245 01af 00       		.byte	0
 4246 01b0 1E       		.uleb128 0x1e
 4247 01b1 21       		.uleb128 0x21
 4248 01b2 00       		.byte	0
 4249 01b3 49       		.uleb128 0x49
 4250 01b4 13       		.uleb128 0x13
 4251 01b5 2F       		.uleb128 0x2f
 4252 01b6 05       		.uleb128 0x5
 4253 01b7 00       		.byte	0
 4254 01b8 00       		.byte	0
 4255 01b9 1F       		.uleb128 0x1f
 4256 01ba 16       		.uleb128 0x16
 4257 01bb 00       		.byte	0
 4258 01bc 03       		.uleb128 0x3
 4259 01bd 0E       		.uleb128 0xe
 4260 01be 3A       		.uleb128 0x3a
 4261 01bf 0B       		.uleb128 0xb
 4262 01c0 3B       		.uleb128 0x3b
 4263 01c1 05       		.uleb128 0x5
 4264 01c2 39       		.uleb128 0x39
 4265 01c3 0B       		.uleb128 0xb
 4266 01c4 49       		.uleb128 0x49
ARM GAS  /tmp/cceTDqrl.s 			page 76


 4267 01c5 13       		.uleb128 0x13
 4268 01c6 00       		.byte	0
 4269 01c7 00       		.byte	0
 4270 01c8 20       		.uleb128 0x20
 4271 01c9 0D       		.uleb128 0xd
 4272 01ca 00       		.byte	0
 4273 01cb 03       		.uleb128 0x3
 4274 01cc 0E       		.uleb128 0xe
 4275 01cd 3A       		.uleb128 0x3a
 4276 01ce 21       		.uleb128 0x21
 4277 01cf 0A       		.sleb128 10
 4278 01d0 3B       		.uleb128 0x3b
 4279 01d1 0B       		.uleb128 0xb
 4280 01d2 39       		.uleb128 0x39
 4281 01d3 21       		.uleb128 0x21
 4282 01d4 21       		.sleb128 33
 4283 01d5 49       		.uleb128 0x49
 4284 01d6 13       		.uleb128 0x13
 4285 01d7 00       		.byte	0
 4286 01d8 00       		.byte	0
 4287 01d9 21       		.uleb128 0x21
 4288 01da 05       		.uleb128 0x5
 4289 01db 00       		.byte	0
 4290 01dc 31       		.uleb128 0x31
 4291 01dd 13       		.uleb128 0x13
 4292 01de 00       		.byte	0
 4293 01df 00       		.byte	0
 4294 01e0 22       		.uleb128 0x22
 4295 01e1 48       		.uleb128 0x48
 4296 01e2 00       		.byte	0
 4297 01e3 7D       		.uleb128 0x7d
 4298 01e4 01       		.uleb128 0x1
 4299 01e5 7F       		.uleb128 0x7f
 4300 01e6 13       		.uleb128 0x13
 4301 01e7 00       		.byte	0
 4302 01e8 00       		.byte	0
 4303 01e9 23       		.uleb128 0x23
 4304 01ea 48       		.uleb128 0x48
 4305 01eb 01       		.byte	0x1
 4306 01ec 7D       		.uleb128 0x7d
 4307 01ed 01       		.uleb128 0x1
 4308 01ee 7F       		.uleb128 0x7f
 4309 01ef 13       		.uleb128 0x13
 4310 01f0 00       		.byte	0
 4311 01f1 00       		.byte	0
 4312 01f2 24       		.uleb128 0x24
 4313 01f3 13       		.uleb128 0x13
 4314 01f4 01       		.byte	0x1
 4315 01f5 0B       		.uleb128 0xb
 4316 01f6 05       		.uleb128 0x5
 4317 01f7 3A       		.uleb128 0x3a
 4318 01f8 21       		.uleb128 0x21
 4319 01f9 03       		.sleb128 3
 4320 01fa 3B       		.uleb128 0x3b
 4321 01fb 0B       		.uleb128 0xb
 4322 01fc 39       		.uleb128 0x39
 4323 01fd 21       		.uleb128 0x21
ARM GAS  /tmp/cceTDqrl.s 			page 77


 4324 01fe 09       		.sleb128 9
 4325 01ff 01       		.uleb128 0x1
 4326 0200 13       		.uleb128 0x13
 4327 0201 00       		.byte	0
 4328 0202 00       		.byte	0
 4329 0203 25       		.uleb128 0x25
 4330 0204 15       		.uleb128 0x15
 4331 0205 01       		.byte	0x1
 4332 0206 27       		.uleb128 0x27
 4333 0207 19       		.uleb128 0x19
 4334 0208 01       		.uleb128 0x1
 4335 0209 13       		.uleb128 0x13
 4336 020a 00       		.byte	0
 4337 020b 00       		.byte	0
 4338 020c 26       		.uleb128 0x26
 4339 020d 17       		.uleb128 0x17
 4340 020e 01       		.byte	0x1
 4341 020f 0B       		.uleb128 0xb
 4342 0210 0B       		.uleb128 0xb
 4343 0211 3A       		.uleb128 0x3a
 4344 0212 21       		.uleb128 0x21
 4345 0213 0A       		.sleb128 10
 4346 0214 3B       		.uleb128 0x3b
 4347 0215 0B       		.uleb128 0xb
 4348 0216 39       		.uleb128 0x39
 4349 0217 21       		.uleb128 0x21
 4350 0218 03       		.sleb128 3
 4351 0219 01       		.uleb128 0x1
 4352 021a 13       		.uleb128 0x13
 4353 021b 00       		.byte	0
 4354 021c 00       		.byte	0
 4355 021d 27       		.uleb128 0x27
 4356 021e 34       		.uleb128 0x34
 4357 021f 00       		.byte	0
 4358 0220 03       		.uleb128 0x3
 4359 0221 0E       		.uleb128 0xe
 4360 0222 3A       		.uleb128 0x3a
 4361 0223 21       		.uleb128 0x21
 4362 0224 01       		.sleb128 1
 4363 0225 3B       		.uleb128 0x3b
 4364 0226 0B       		.uleb128 0xb
 4365 0227 39       		.uleb128 0x39
 4366 0228 21       		.uleb128 0x21
 4367 0229 08       		.sleb128 8
 4368 022a 49       		.uleb128 0x49
 4369 022b 13       		.uleb128 0x13
 4370 022c 8801     		.uleb128 0x88
 4371 022e 21       		.uleb128 0x21
 4372 022f 08       		.sleb128 8
 4373 0230 02       		.uleb128 0x2
 4374 0231 18       		.uleb128 0x18
 4375 0232 00       		.byte	0
 4376 0233 00       		.byte	0
 4377 0234 28       		.uleb128 0x28
 4378 0235 2E       		.uleb128 0x2e
 4379 0236 00       		.byte	0
 4380 0237 3F       		.uleb128 0x3f
ARM GAS  /tmp/cceTDqrl.s 			page 78


 4381 0238 19       		.uleb128 0x19
 4382 0239 03       		.uleb128 0x3
 4383 023a 0E       		.uleb128 0xe
 4384 023b 3A       		.uleb128 0x3a
 4385 023c 21       		.uleb128 0x21
 4386 023d 13       		.sleb128 19
 4387 023e 3B       		.uleb128 0x3b
 4388 023f 05       		.uleb128 0x5
 4389 0240 39       		.uleb128 0x39
 4390 0241 21       		.uleb128 0x21
 4391 0242 08       		.sleb128 8
 4392 0243 27       		.uleb128 0x27
 4393 0244 19       		.uleb128 0x19
 4394 0245 3C       		.uleb128 0x3c
 4395 0246 19       		.uleb128 0x19
 4396 0247 00       		.byte	0
 4397 0248 00       		.byte	0
 4398 0249 29       		.uleb128 0x29
 4399 024a 2E       		.uleb128 0x2e
 4400 024b 01       		.byte	0x1
 4401 024c 3F       		.uleb128 0x3f
 4402 024d 19       		.uleb128 0x19
 4403 024e 03       		.uleb128 0x3
 4404 024f 0E       		.uleb128 0xe
 4405 0250 3A       		.uleb128 0x3a
 4406 0251 21       		.uleb128 0x21
 4407 0252 01       		.sleb128 1
 4408 0253 3B       		.uleb128 0x3b
 4409 0254 0B       		.uleb128 0xb
 4410 0255 39       		.uleb128 0x39
 4411 0256 0B       		.uleb128 0xb
 4412 0257 27       		.uleb128 0x27
 4413 0258 19       		.uleb128 0x19
 4414 0259 49       		.uleb128 0x49
 4415 025a 13       		.uleb128 0x13
 4416 025b 11       		.uleb128 0x11
 4417 025c 01       		.uleb128 0x1
 4418 025d 12       		.uleb128 0x12
 4419 025e 06       		.uleb128 0x6
 4420 025f 40       		.uleb128 0x40
 4421 0260 18       		.uleb128 0x18
 4422 0261 7A       		.uleb128 0x7a
 4423 0262 19       		.uleb128 0x19
 4424 0263 01       		.uleb128 0x1
 4425 0264 13       		.uleb128 0x13
 4426 0265 00       		.byte	0
 4427 0266 00       		.byte	0
 4428 0267 2A       		.uleb128 0x2a
 4429 0268 48       		.uleb128 0x48
 4430 0269 01       		.byte	0x1
 4431 026a 7D       		.uleb128 0x7d
 4432 026b 01       		.uleb128 0x1
 4433 026c 7F       		.uleb128 0x7f
 4434 026d 13       		.uleb128 0x13
 4435 026e 01       		.uleb128 0x1
 4436 026f 13       		.uleb128 0x13
 4437 0270 00       		.byte	0
ARM GAS  /tmp/cceTDqrl.s 			page 79


 4438 0271 00       		.byte	0
 4439 0272 2B       		.uleb128 0x2b
 4440 0273 2E       		.uleb128 0x2e
 4441 0274 01       		.byte	0x1
 4442 0275 03       		.uleb128 0x3
 4443 0276 0E       		.uleb128 0xe
 4444 0277 3A       		.uleb128 0x3a
 4445 0278 21       		.uleb128 0x21
 4446 0279 01       		.sleb128 1
 4447 027a 3B       		.uleb128 0x3b
 4448 027b 0B       		.uleb128 0xb
 4449 027c 39       		.uleb128 0x39
 4450 027d 21       		.uleb128 0x21
 4451 027e 08       		.sleb128 8
 4452 027f 27       		.uleb128 0x27
 4453 0280 19       		.uleb128 0x19
 4454 0281 11       		.uleb128 0x11
 4455 0282 01       		.uleb128 0x1
 4456 0283 12       		.uleb128 0x12
 4457 0284 06       		.uleb128 0x6
 4458 0285 40       		.uleb128 0x40
 4459 0286 18       		.uleb128 0x18
 4460 0287 7A       		.uleb128 0x7a
 4461 0288 19       		.uleb128 0x19
 4462 0289 01       		.uleb128 0x1
 4463 028a 13       		.uleb128 0x13
 4464 028b 00       		.byte	0
 4465 028c 00       		.byte	0
 4466 028d 2C       		.uleb128 0x2c
 4467 028e 05       		.uleb128 0x5
 4468 028f 00       		.byte	0
 4469 0290 03       		.uleb128 0x3
 4470 0291 08       		.uleb128 0x8
 4471 0292 3A       		.uleb128 0x3a
 4472 0293 21       		.uleb128 0x21
 4473 0294 01       		.sleb128 1
 4474 0295 3B       		.uleb128 0x3b
 4475 0296 0B       		.uleb128 0xb
 4476 0297 39       		.uleb128 0x39
 4477 0298 21       		.uleb128 0x21
 4478 0299 08       		.sleb128 8
 4479 029a 49       		.uleb128 0x49
 4480 029b 13       		.uleb128 0x13
 4481 029c 02       		.uleb128 0x2
 4482 029d 17       		.uleb128 0x17
 4483 029e B742     		.uleb128 0x2137
 4484 02a0 17       		.uleb128 0x17
 4485 02a1 00       		.byte	0
 4486 02a2 00       		.byte	0
 4487 02a3 2D       		.uleb128 0x2d
 4488 02a4 2E       		.uleb128 0x2e
 4489 02a5 01       		.byte	0x1
 4490 02a6 03       		.uleb128 0x3
 4491 02a7 0E       		.uleb128 0xe
 4492 02a8 3A       		.uleb128 0x3a
 4493 02a9 0B       		.uleb128 0xb
 4494 02aa 3B       		.uleb128 0x3b
ARM GAS  /tmp/cceTDqrl.s 			page 80


 4495 02ab 0B       		.uleb128 0xb
 4496 02ac 39       		.uleb128 0x39
 4497 02ad 0B       		.uleb128 0xb
 4498 02ae 27       		.uleb128 0x27
 4499 02af 19       		.uleb128 0x19
 4500 02b0 20       		.uleb128 0x20
 4501 02b1 0B       		.uleb128 0xb
 4502 02b2 01       		.uleb128 0x1
 4503 02b3 13       		.uleb128 0x13
 4504 02b4 00       		.byte	0
 4505 02b5 00       		.byte	0
 4506 02b6 2E       		.uleb128 0x2e
 4507 02b7 34       		.uleb128 0x34
 4508 02b8 00       		.byte	0
 4509 02b9 03       		.uleb128 0x3
 4510 02ba 08       		.uleb128 0x8
 4511 02bb 3A       		.uleb128 0x3a
 4512 02bc 21       		.uleb128 0x21
 4513 02bd 03       		.sleb128 3
 4514 02be 3B       		.uleb128 0x3b
 4515 02bf 05       		.uleb128 0x5
 4516 02c0 39       		.uleb128 0x39
 4517 02c1 21       		.uleb128 0x21
 4518 02c2 0C       		.sleb128 12
 4519 02c3 49       		.uleb128 0x49
 4520 02c4 13       		.uleb128 0x13
 4521 02c5 00       		.byte	0
 4522 02c6 00       		.byte	0
 4523 02c7 2F       		.uleb128 0x2f
 4524 02c8 2E       		.uleb128 0x2e
 4525 02c9 00       		.byte	0
 4526 02ca 03       		.uleb128 0x3
 4527 02cb 0E       		.uleb128 0xe
 4528 02cc 3A       		.uleb128 0x3a
 4529 02cd 21       		.uleb128 0x21
 4530 02ce 03       		.sleb128 3
 4531 02cf 3B       		.uleb128 0x3b
 4532 02d0 05       		.uleb128 0x5
 4533 02d1 39       		.uleb128 0x39
 4534 02d2 0B       		.uleb128 0xb
 4535 02d3 27       		.uleb128 0x27
 4536 02d4 19       		.uleb128 0x19
 4537 02d5 49       		.uleb128 0x49
 4538 02d6 13       		.uleb128 0x13
 4539 02d7 20       		.uleb128 0x20
 4540 02d8 21       		.uleb128 0x21
 4541 02d9 03       		.sleb128 3
 4542 02da 00       		.byte	0
 4543 02db 00       		.byte	0
 4544 02dc 30       		.uleb128 0x30
 4545 02dd 11       		.uleb128 0x11
 4546 02de 01       		.byte	0x1
 4547 02df 25       		.uleb128 0x25
 4548 02e0 0E       		.uleb128 0xe
 4549 02e1 13       		.uleb128 0x13
 4550 02e2 0B       		.uleb128 0xb
 4551 02e3 03       		.uleb128 0x3
ARM GAS  /tmp/cceTDqrl.s 			page 81


 4552 02e4 0E       		.uleb128 0xe
 4553 02e5 1B       		.uleb128 0x1b
 4554 02e6 0E       		.uleb128 0xe
 4555 02e7 55       		.uleb128 0x55
 4556 02e8 17       		.uleb128 0x17
 4557 02e9 11       		.uleb128 0x11
 4558 02ea 01       		.uleb128 0x1
 4559 02eb 10       		.uleb128 0x10
 4560 02ec 17       		.uleb128 0x17
 4561 02ed 00       		.byte	0
 4562 02ee 00       		.byte	0
 4563 02ef 31       		.uleb128 0x31
 4564 02f0 04       		.uleb128 0x4
 4565 02f1 01       		.byte	0x1
 4566 02f2 3E       		.uleb128 0x3e
 4567 02f3 0B       		.uleb128 0xb
 4568 02f4 0B       		.uleb128 0xb
 4569 02f5 0B       		.uleb128 0xb
 4570 02f6 49       		.uleb128 0x49
 4571 02f7 13       		.uleb128 0x13
 4572 02f8 3A       		.uleb128 0x3a
 4573 02f9 0B       		.uleb128 0xb
 4574 02fa 3B       		.uleb128 0x3b
 4575 02fb 0B       		.uleb128 0xb
 4576 02fc 39       		.uleb128 0x39
 4577 02fd 0B       		.uleb128 0xb
 4578 02fe 01       		.uleb128 0x1
 4579 02ff 13       		.uleb128 0x13
 4580 0300 00       		.byte	0
 4581 0301 00       		.byte	0
 4582 0302 32       		.uleb128 0x32
 4583 0303 28       		.uleb128 0x28
 4584 0304 00       		.byte	0
 4585 0305 03       		.uleb128 0x3
 4586 0306 0E       		.uleb128 0xe
 4587 0307 1C       		.uleb128 0x1c
 4588 0308 0B       		.uleb128 0xb
 4589 0309 00       		.byte	0
 4590 030a 00       		.byte	0
 4591 030b 33       		.uleb128 0x33
 4592 030c 24       		.uleb128 0x24
 4593 030d 00       		.byte	0
 4594 030e 0B       		.uleb128 0xb
 4595 030f 0B       		.uleb128 0xb
 4596 0310 3E       		.uleb128 0x3e
 4597 0311 0B       		.uleb128 0xb
 4598 0312 03       		.uleb128 0x3
 4599 0313 08       		.uleb128 0x8
 4600 0314 00       		.byte	0
 4601 0315 00       		.byte	0
 4602 0316 34       		.uleb128 0x34
 4603 0317 0D       		.uleb128 0xd
 4604 0318 00       		.byte	0
 4605 0319 03       		.uleb128 0x3
 4606 031a 0E       		.uleb128 0xe
 4607 031b 3A       		.uleb128 0x3a
 4608 031c 0B       		.uleb128 0xb
ARM GAS  /tmp/cceTDqrl.s 			page 82


 4609 031d 3B       		.uleb128 0x3b
 4610 031e 05       		.uleb128 0x5
 4611 031f 39       		.uleb128 0x39
 4612 0320 0B       		.uleb128 0xb
 4613 0321 49       		.uleb128 0x49
 4614 0322 13       		.uleb128 0x13
 4615 0323 38       		.uleb128 0x38
 4616 0324 05       		.uleb128 0x5
 4617 0325 00       		.byte	0
 4618 0326 00       		.byte	0
 4619 0327 35       		.uleb128 0x35
 4620 0328 0D       		.uleb128 0xd
 4621 0329 00       		.byte	0
 4622 032a 03       		.uleb128 0x3
 4623 032b 08       		.uleb128 0x8
 4624 032c 3A       		.uleb128 0x3a
 4625 032d 0B       		.uleb128 0xb
 4626 032e 3B       		.uleb128 0x3b
 4627 032f 05       		.uleb128 0x5
 4628 0330 39       		.uleb128 0x39
 4629 0331 0B       		.uleb128 0xb
 4630 0332 49       		.uleb128 0x49
 4631 0333 13       		.uleb128 0x13
 4632 0334 38       		.uleb128 0x38
 4633 0335 05       		.uleb128 0x5
 4634 0336 00       		.byte	0
 4635 0337 00       		.byte	0
 4636 0338 36       		.uleb128 0x36
 4637 0339 0F       		.uleb128 0xf
 4638 033a 00       		.byte	0
 4639 033b 0B       		.uleb128 0xb
 4640 033c 0B       		.uleb128 0xb
 4641 033d 00       		.byte	0
 4642 033e 00       		.byte	0
 4643 033f 37       		.uleb128 0x37
 4644 0340 34       		.uleb128 0x34
 4645 0341 00       		.byte	0
 4646 0342 03       		.uleb128 0x3
 4647 0343 08       		.uleb128 0x8
 4648 0344 3A       		.uleb128 0x3a
 4649 0345 0B       		.uleb128 0xb
 4650 0346 3B       		.uleb128 0x3b
 4651 0347 05       		.uleb128 0x5
 4652 0348 39       		.uleb128 0x39
 4653 0349 0B       		.uleb128 0xb
 4654 034a 49       		.uleb128 0x49
 4655 034b 13       		.uleb128 0x13
 4656 034c 3F       		.uleb128 0x3f
 4657 034d 19       		.uleb128 0x19
 4658 034e 3C       		.uleb128 0x3c
 4659 034f 19       		.uleb128 0x19
 4660 0350 00       		.byte	0
 4661 0351 00       		.byte	0
 4662 0352 38       		.uleb128 0x38
 4663 0353 13       		.uleb128 0x13
 4664 0354 01       		.byte	0x1
 4665 0355 0B       		.uleb128 0xb
ARM GAS  /tmp/cceTDqrl.s 			page 83


 4666 0356 0B       		.uleb128 0xb
 4667 0357 3A       		.uleb128 0x3a
 4668 0358 0B       		.uleb128 0xb
 4669 0359 3B       		.uleb128 0x3b
 4670 035a 0B       		.uleb128 0xb
 4671 035b 39       		.uleb128 0x39
 4672 035c 0B       		.uleb128 0xb
 4673 035d 01       		.uleb128 0x1
 4674 035e 13       		.uleb128 0x13
 4675 035f 00       		.byte	0
 4676 0360 00       		.byte	0
 4677 0361 39       		.uleb128 0x39
 4678 0362 2E       		.uleb128 0x2e
 4679 0363 01       		.byte	0x1
 4680 0364 3F       		.uleb128 0x3f
 4681 0365 19       		.uleb128 0x19
 4682 0366 03       		.uleb128 0x3
 4683 0367 0E       		.uleb128 0xe
 4684 0368 3A       		.uleb128 0x3a
 4685 0369 0B       		.uleb128 0xb
 4686 036a 3B       		.uleb128 0x3b
 4687 036b 05       		.uleb128 0x5
 4688 036c 39       		.uleb128 0x39
 4689 036d 0B       		.uleb128 0xb
 4690 036e 27       		.uleb128 0x27
 4691 036f 19       		.uleb128 0x19
 4692 0370 3C       		.uleb128 0x3c
 4693 0371 19       		.uleb128 0x19
 4694 0372 01       		.uleb128 0x1
 4695 0373 13       		.uleb128 0x13
 4696 0374 00       		.byte	0
 4697 0375 00       		.byte	0
 4698 0376 3A       		.uleb128 0x3a
 4699 0377 2E       		.uleb128 0x2e
 4700 0378 01       		.byte	0x1
 4701 0379 3F       		.uleb128 0x3f
 4702 037a 19       		.uleb128 0x19
 4703 037b 03       		.uleb128 0x3
 4704 037c 0E       		.uleb128 0xe
 4705 037d 3A       		.uleb128 0x3a
 4706 037e 0B       		.uleb128 0xb
 4707 037f 3B       		.uleb128 0x3b
 4708 0380 05       		.uleb128 0x5
 4709 0381 39       		.uleb128 0x39
 4710 0382 0B       		.uleb128 0xb
 4711 0383 27       		.uleb128 0x27
 4712 0384 19       		.uleb128 0x19
 4713 0385 49       		.uleb128 0x49
 4714 0386 13       		.uleb128 0x13
 4715 0387 3C       		.uleb128 0x3c
 4716 0388 19       		.uleb128 0x19
 4717 0389 01       		.uleb128 0x1
 4718 038a 13       		.uleb128 0x13
 4719 038b 00       		.byte	0
 4720 038c 00       		.byte	0
 4721 038d 3B       		.uleb128 0x3b
 4722 038e 2E       		.uleb128 0x2e
ARM GAS  /tmp/cceTDqrl.s 			page 84


 4723 038f 00       		.byte	0
 4724 0390 3F       		.uleb128 0x3f
 4725 0391 19       		.uleb128 0x19
 4726 0392 03       		.uleb128 0x3
 4727 0393 0E       		.uleb128 0xe
 4728 0394 3A       		.uleb128 0x3a
 4729 0395 0B       		.uleb128 0xb
 4730 0396 3B       		.uleb128 0x3b
 4731 0397 0B       		.uleb128 0xb
 4732 0398 39       		.uleb128 0x39
 4733 0399 0B       		.uleb128 0xb
 4734 039a 27       		.uleb128 0x27
 4735 039b 19       		.uleb128 0x19
 4736 039c 49       		.uleb128 0x49
 4737 039d 13       		.uleb128 0x13
 4738 039e 3C       		.uleb128 0x3c
 4739 039f 19       		.uleb128 0x19
 4740 03a0 00       		.byte	0
 4741 03a1 00       		.byte	0
 4742 03a2 3C       		.uleb128 0x3c
 4743 03a3 1D       		.uleb128 0x1d
 4744 03a4 00       		.byte	0
 4745 03a5 31       		.uleb128 0x31
 4746 03a6 13       		.uleb128 0x13
 4747 03a7 52       		.uleb128 0x52
 4748 03a8 01       		.uleb128 0x1
 4749 03a9 B842     		.uleb128 0x2138
 4750 03ab 05       		.uleb128 0x5
 4751 03ac 11       		.uleb128 0x11
 4752 03ad 01       		.uleb128 0x1
 4753 03ae 12       		.uleb128 0x12
 4754 03af 06       		.uleb128 0x6
 4755 03b0 58       		.uleb128 0x58
 4756 03b1 0B       		.uleb128 0xb
 4757 03b2 59       		.uleb128 0x59
 4758 03b3 05       		.uleb128 0x5
 4759 03b4 57       		.uleb128 0x57
 4760 03b5 0B       		.uleb128 0xb
 4761 03b6 00       		.byte	0
 4762 03b7 00       		.byte	0
 4763 03b8 3D       		.uleb128 0x3d
 4764 03b9 34       		.uleb128 0x34
 4765 03ba 00       		.byte	0
 4766 03bb 31       		.uleb128 0x31
 4767 03bc 13       		.uleb128 0x13
 4768 03bd 00       		.byte	0
 4769 03be 00       		.byte	0
 4770 03bf 3E       		.uleb128 0x3e
 4771 03c0 1D       		.uleb128 0x1d
 4772 03c1 01       		.byte	0x1
 4773 03c2 31       		.uleb128 0x31
 4774 03c3 13       		.uleb128 0x13
 4775 03c4 52       		.uleb128 0x52
 4776 03c5 01       		.uleb128 0x1
 4777 03c6 B842     		.uleb128 0x2138
 4778 03c8 05       		.uleb128 0x5
 4779 03c9 55       		.uleb128 0x55
ARM GAS  /tmp/cceTDqrl.s 			page 85


 4780 03ca 17       		.uleb128 0x17
 4781 03cb 58       		.uleb128 0x58
 4782 03cc 0B       		.uleb128 0xb
 4783 03cd 59       		.uleb128 0x59
 4784 03ce 05       		.uleb128 0x5
 4785 03cf 57       		.uleb128 0x57
 4786 03d0 0B       		.uleb128 0xb
 4787 03d1 00       		.byte	0
 4788 03d2 00       		.byte	0
 4789 03d3 3F       		.uleb128 0x3f
 4790 03d4 1D       		.uleb128 0x1d
 4791 03d5 01       		.byte	0x1
 4792 03d6 31       		.uleb128 0x31
 4793 03d7 13       		.uleb128 0x13
 4794 03d8 52       		.uleb128 0x52
 4795 03d9 01       		.uleb128 0x1
 4796 03da B842     		.uleb128 0x2138
 4797 03dc 05       		.uleb128 0x5
 4798 03dd 11       		.uleb128 0x11
 4799 03de 01       		.uleb128 0x1
 4800 03df 12       		.uleb128 0x12
 4801 03e0 06       		.uleb128 0x6
 4802 03e1 58       		.uleb128 0x58
 4803 03e2 0B       		.uleb128 0xb
 4804 03e3 59       		.uleb128 0x59
 4805 03e4 05       		.uleb128 0x5
 4806 03e5 57       		.uleb128 0x57
 4807 03e6 0B       		.uleb128 0xb
 4808 03e7 01       		.uleb128 0x1
 4809 03e8 13       		.uleb128 0x13
 4810 03e9 00       		.byte	0
 4811 03ea 00       		.byte	0
 4812 03eb 40       		.uleb128 0x40
 4813 03ec 1D       		.uleb128 0x1d
 4814 03ed 01       		.byte	0x1
 4815 03ee 31       		.uleb128 0x31
 4816 03ef 13       		.uleb128 0x13
 4817 03f0 52       		.uleb128 0x52
 4818 03f1 01       		.uleb128 0x1
 4819 03f2 B842     		.uleb128 0x2138
 4820 03f4 05       		.uleb128 0x5
 4821 03f5 11       		.uleb128 0x11
 4822 03f6 01       		.uleb128 0x1
 4823 03f7 12       		.uleb128 0x12
 4824 03f8 06       		.uleb128 0x6
 4825 03f9 58       		.uleb128 0x58
 4826 03fa 0B       		.uleb128 0xb
 4827 03fb 59       		.uleb128 0x59
 4828 03fc 05       		.uleb128 0x5
 4829 03fd 57       		.uleb128 0x57
 4830 03fe 0B       		.uleb128 0xb
 4831 03ff 00       		.byte	0
 4832 0400 00       		.byte	0
 4833 0401 41       		.uleb128 0x41
 4834 0402 1D       		.uleb128 0x1d
 4835 0403 01       		.byte	0x1
 4836 0404 31       		.uleb128 0x31
ARM GAS  /tmp/cceTDqrl.s 			page 86


 4837 0405 13       		.uleb128 0x13
 4838 0406 52       		.uleb128 0x52
 4839 0407 01       		.uleb128 0x1
 4840 0408 B842     		.uleb128 0x2138
 4841 040a 05       		.uleb128 0x5
 4842 040b 55       		.uleb128 0x55
 4843 040c 17       		.uleb128 0x17
 4844 040d 58       		.uleb128 0x58
 4845 040e 0B       		.uleb128 0xb
 4846 040f 59       		.uleb128 0x59
 4847 0410 0B       		.uleb128 0xb
 4848 0411 57       		.uleb128 0x57
 4849 0412 0B       		.uleb128 0xb
 4850 0413 00       		.byte	0
 4851 0414 00       		.byte	0
 4852 0415 42       		.uleb128 0x42
 4853 0416 34       		.uleb128 0x34
 4854 0417 00       		.byte	0
 4855 0418 31       		.uleb128 0x31
 4856 0419 13       		.uleb128 0x13
 4857 041a 1C       		.uleb128 0x1c
 4858 041b 06       		.uleb128 0x6
 4859 041c 00       		.byte	0
 4860 041d 00       		.byte	0
 4861 041e 43       		.uleb128 0x43
 4862 041f 34       		.uleb128 0x34
 4863 0420 00       		.byte	0
 4864 0421 03       		.uleb128 0x3
 4865 0422 0E       		.uleb128 0xe
 4866 0423 3A       		.uleb128 0x3a
 4867 0424 0B       		.uleb128 0xb
 4868 0425 3B       		.uleb128 0x3b
 4869 0426 0B       		.uleb128 0xb
 4870 0427 39       		.uleb128 0x39
 4871 0428 0B       		.uleb128 0xb
 4872 0429 49       		.uleb128 0x49
 4873 042a 13       		.uleb128 0x13
 4874 042b 00       		.byte	0
 4875 042c 00       		.byte	0
 4876 042d 44       		.uleb128 0x44
 4877 042e 2E       		.uleb128 0x2e
 4878 042f 00       		.byte	0
 4879 0430 03       		.uleb128 0x3
 4880 0431 0E       		.uleb128 0xe
 4881 0432 3A       		.uleb128 0x3a
 4882 0433 0B       		.uleb128 0xb
 4883 0434 3B       		.uleb128 0x3b
 4884 0435 0B       		.uleb128 0xb
 4885 0436 39       		.uleb128 0x39
 4886 0437 0B       		.uleb128 0xb
 4887 0438 27       		.uleb128 0x27
 4888 0439 19       		.uleb128 0x19
 4889 043a 20       		.uleb128 0x20
 4890 043b 0B       		.uleb128 0xb
 4891 043c 00       		.byte	0
 4892 043d 00       		.byte	0
 4893 043e 45       		.uleb128 0x45
ARM GAS  /tmp/cceTDqrl.s 			page 87


 4894 043f 1D       		.uleb128 0x1d
 4895 0440 00       		.byte	0
 4896 0441 31       		.uleb128 0x31
 4897 0442 13       		.uleb128 0x13
 4898 0443 52       		.uleb128 0x52
 4899 0444 01       		.uleb128 0x1
 4900 0445 B842     		.uleb128 0x2138
 4901 0447 05       		.uleb128 0x5
 4902 0448 55       		.uleb128 0x55
 4903 0449 17       		.uleb128 0x17
 4904 044a 58       		.uleb128 0x58
 4905 044b 0B       		.uleb128 0xb
 4906 044c 59       		.uleb128 0x59
 4907 044d 0B       		.uleb128 0xb
 4908 044e 57       		.uleb128 0x57
 4909 044f 0B       		.uleb128 0xb
 4910 0450 00       		.byte	0
 4911 0451 00       		.byte	0
 4912 0452 46       		.uleb128 0x46
 4913 0453 1D       		.uleb128 0x1d
 4914 0454 01       		.byte	0x1
 4915 0455 31       		.uleb128 0x31
 4916 0456 13       		.uleb128 0x13
 4917 0457 52       		.uleb128 0x52
 4918 0458 01       		.uleb128 0x1
 4919 0459 B842     		.uleb128 0x2138
 4920 045b 05       		.uleb128 0x5
 4921 045c 11       		.uleb128 0x11
 4922 045d 01       		.uleb128 0x1
 4923 045e 12       		.uleb128 0x12
 4924 045f 06       		.uleb128 0x6
 4925 0460 58       		.uleb128 0x58
 4926 0461 0B       		.uleb128 0xb
 4927 0462 59       		.uleb128 0x59
 4928 0463 0B       		.uleb128 0xb
 4929 0464 57       		.uleb128 0x57
 4930 0465 0B       		.uleb128 0xb
 4931 0466 01       		.uleb128 0x1
 4932 0467 13       		.uleb128 0x13
 4933 0468 00       		.byte	0
 4934 0469 00       		.byte	0
 4935 046a 47       		.uleb128 0x47
 4936 046b 05       		.uleb128 0x5
 4937 046c 00       		.byte	0
 4938 046d 03       		.uleb128 0x3
 4939 046e 0E       		.uleb128 0xe
 4940 046f 3A       		.uleb128 0x3a
 4941 0470 0B       		.uleb128 0xb
 4942 0471 3B       		.uleb128 0x3b
 4943 0472 0B       		.uleb128 0xb
 4944 0473 39       		.uleb128 0x39
 4945 0474 0B       		.uleb128 0xb
 4946 0475 49       		.uleb128 0x49
 4947 0476 13       		.uleb128 0x13
 4948 0477 00       		.byte	0
 4949 0478 00       		.byte	0
 4950 0479 48       		.uleb128 0x48
ARM GAS  /tmp/cceTDqrl.s 			page 88


 4951 047a 2E       		.uleb128 0x2e
 4952 047b 01       		.byte	0x1
 4953 047c 03       		.uleb128 0x3
 4954 047d 0E       		.uleb128 0xe
 4955 047e 3A       		.uleb128 0x3a
 4956 047f 0B       		.uleb128 0xb
 4957 0480 3B       		.uleb128 0x3b
 4958 0481 05       		.uleb128 0x5
 4959 0482 39       		.uleb128 0x39
 4960 0483 0B       		.uleb128 0xb
 4961 0484 27       		.uleb128 0x27
 4962 0485 19       		.uleb128 0x19
 4963 0486 49       		.uleb128 0x49
 4964 0487 13       		.uleb128 0x13
 4965 0488 20       		.uleb128 0x20
 4966 0489 0B       		.uleb128 0xb
 4967 048a 01       		.uleb128 0x1
 4968 048b 13       		.uleb128 0x13
 4969 048c 00       		.byte	0
 4970 048d 00       		.byte	0
 4971 048e 00       		.byte	0
 4972              		.section	.debug_loclists,"",%progbits
 4973 0000 6A030000 		.4byte	.Ldebug_loc3-.Ldebug_loc2
 4974              	.Ldebug_loc2:
 4975 0004 0500     		.2byte	0x5
 4976 0006 04       		.byte	0x4
 4977 0007 00       		.byte	0
 4978 0008 00000000 		.4byte	0
 4979              	.Ldebug_loc0:
 4980              	.LVUS11:
 4981 000c 02       		.uleb128 .LVU322
 4982 000d 00       		.uleb128 .LVU324
 4983 000e 00       		.uleb128 .LVU324
 4984 000f 00       		.uleb128 .LVU338
 4985 0010 01       		.uleb128 .LVU343
 4986 0011 00       		.uleb128 0
 4987              	.LLST11:
 4988 0012 06       		.byte	0x6
 4989 0013 38020000 		.4byte	.LVL65
 4990 0017 04       		.byte	0x4
 4991 0018 00       		.uleb128 .LVL65-.LVL65
 4992 0019 14       		.uleb128 .LVL66-.LVL65
 4993 001a 0A       		.uleb128 0xa
 4994 001b 9E       		.byte	0x9e
 4995 001c 08       		.uleb128 0x8
 4996 001d 00000000 		.4byte	0
 4997 0021 00409F40 		.4byte	0x409f4000
 4998 0025 04       		.byte	0x4
 4999 0026 14       		.uleb128 .LVL66-.LVL65
 5000 0027 3C       		.uleb128 .LVL68-.LVL65
 5001 0028 08       		.uleb128 0x8
 5002 0029 90       		.byte	0x90
 5003 002a 52       		.uleb128 0x52
 5004 002b 93       		.byte	0x93
 5005 002c 04       		.uleb128 0x4
 5006 002d 90       		.byte	0x90
 5007 002e 53       		.uleb128 0x53
ARM GAS  /tmp/cceTDqrl.s 			page 89


 5008 002f 93       		.byte	0x93
 5009 0030 04       		.uleb128 0x4
 5010 0031 04       		.byte	0x4
 5011 0032 4C       		.uleb128 .LVL69-.LVL65
 5012 0033 60       		.uleb128 .LFE405-.LVL65
 5013 0034 08       		.uleb128 0x8
 5014 0035 90       		.byte	0x90
 5015 0036 52       		.uleb128 0x52
 5016 0037 93       		.byte	0x93
 5017 0038 04       		.uleb128 0x4
 5018 0039 90       		.byte	0x90
 5019 003a 53       		.uleb128 0x53
 5020 003b 93       		.byte	0x93
 5021 003c 04       		.uleb128 0x4
 5022 003d 00       		.byte	0
 5023              	.LVUS15:
 5024 003e 0B       		.uleb128 .LVU125
 5025 003f 00       		.uleb128 .LVU132
 5026 0040 00       		.uleb128 .LVU132
 5027 0041 00       		.uleb128 .LVU163
 5028 0042 00       		.uleb128 .LVU163
 5029 0043 02       		.uleb128 .LVU178
 5030 0044 02       		.uleb128 .LVU178
 5031 0045 00       		.uleb128 .LVU179
 5032              	.LLST15:
 5033 0046 06       		.byte	0x6
 5034 0047 40000000 		.4byte	.LVL16
 5035 004b 04       		.byte	0x4
 5036 004c 00       		.uleb128 .LVL16-.LVL16
 5037 004d 1C       		.uleb128 .LVL18-.LVL16
 5038 004e 03       		.uleb128 0x3
 5039 004f 08       		.byte	0x8
 5040 0050 20       		.byte	0x20
 5041 0051 9F       		.byte	0x9f
 5042 0052 04       		.byte	0x4
 5043 0053 1C       		.uleb128 .LVL18-.LVL16
 5044 0054 74       		.uleb128 .LVL25-.LVL16
 5045 0055 01       		.uleb128 0x1
 5046 0056 53       		.byte	0x53
 5047 0057 04       		.byte	0x4
 5048 0058 74       		.uleb128 .LVL25-.LVL16
 5049 0059 9401     		.uleb128 .LVL32-.LVL16
 5050 005b 03       		.uleb128 0x3
 5051 005c 73       		.byte	0x73
 5052 005d 7F       		.sleb128 -1
 5053 005e 9F       		.byte	0x9f
 5054 005f 04       		.byte	0x4
 5055 0060 9401     		.uleb128 .LVL32-.LVL16
 5056 0062 9801     		.uleb128 .LVL33-.LVL16
 5057 0064 01       		.uleb128 0x1
 5058 0065 53       		.byte	0x53
 5059 0066 00       		.byte	0
 5060              	.LVUS16:
 5061 0067 0B       		.uleb128 .LVU93
 5062 0068 00       		.uleb128 .LVU114
 5063 0069 00       		.uleb128 .LVU114
 5064 006a 00       		.uleb128 .LVU130
ARM GAS  /tmp/cceTDqrl.s 			page 90


 5065 006b 00       		.uleb128 .LVU130
 5066 006c 00       		.uleb128 .LVU179
 5067              	.LLST16:
 5068 006d 06       		.byte	0x6
 5069 006e 00000000 		.4byte	.LVL15
 5070 0072 04       		.byte	0x4
 5071 0073 00       		.uleb128 .LVL15-.LVL15
 5072 0074 40       		.uleb128 .LVL16-.LVL15
 5073 0075 02       		.uleb128 0x2
 5074 0076 30       		.byte	0x30
 5075 0077 9F       		.byte	0x9f
 5076 0078 04       		.byte	0x4
 5077 0079 40       		.uleb128 .LVL16-.LVL15
 5078 007a 58       		.uleb128 .LVL17-.LVL15
 5079 007b 05       		.uleb128 0x5
 5080 007c 7E       		.byte	0x7e
 5081 007d 00       		.sleb128 0
 5082 007e 35       		.byte	0x35
 5083 007f 24       		.byte	0x24
 5084 0080 9F       		.byte	0x9f
 5085 0081 04       		.byte	0x4
 5086 0082 58       		.uleb128 .LVL17-.LVL15
 5087 0083 D801     		.uleb128 .LVL33-.LVL15
 5088 0085 01       		.uleb128 0x1
 5089 0086 5E       		.byte	0x5e
 5090 0087 00       		.byte	0
 5091              	.LVUS17:
 5092 0088 09       		.uleb128 .LVU123
 5093 0089 00       		.uleb128 .LVU132
 5094              	.LLST17:
 5095 008a 08       		.byte	0x8
 5096 008b 40000000 		.4byte	.LVL16
 5097 008f 1C       		.uleb128 .LVL18-.LVL16
 5098 0090 06       		.uleb128 0x6
 5099 0091 75       		.byte	0x75
 5100 0092 00       		.sleb128 0
 5101 0093 08       		.byte	0x8
 5102 0094 FF       		.byte	0xff
 5103 0095 1A       		.byte	0x1a
 5104 0096 9F       		.byte	0x9f
 5105 0097 00       		.byte	0
 5106              	.LVUS20:
 5107 0098 02       		.uleb128 .LVU116
 5108 0099 05       		.uleb128 .LVU119
 5109              	.LLST20:
 5110 009a 08       		.byte	0x8
 5111 009b 40000000 		.4byte	.LVL16
 5112 009f 00       		.uleb128 .LVL16-.LVL16
 5113 00a0 03       		.uleb128 0x3
 5114 00a1 08       		.byte	0x8
 5115 00a2 FF       		.byte	0xff
 5116 00a3 9F       		.byte	0x9f
 5117 00a4 00       		.byte	0
 5118              	.LVUS21:
 5119 00a5 02       		.uleb128 .LVU116
 5120 00a6 05       		.uleb128 .LVU119
 5121              	.LLST21:
ARM GAS  /tmp/cceTDqrl.s 			page 91


 5122 00a7 08       		.byte	0x8
 5123 00a8 40000000 		.4byte	.LVL16
 5124 00ac 00       		.uleb128 .LVL16-.LVL16
 5125 00ad 02       		.uleb128 0x2
 5126 00ae 30       		.byte	0x30
 5127 00af 9F       		.byte	0x9f
 5128 00b0 00       		.byte	0
 5129              	.LVUS23:
 5130 00b1 07       		.uleb128 .LVU121
 5131 00b2 09       		.uleb128 .LVU123
 5132              	.LLST23:
 5133 00b3 08       		.byte	0x8
 5134 00b4 40000000 		.4byte	.LVL16
 5135 00b8 00       		.uleb128 .LVL16-.LVL16
 5136 00b9 02       		.uleb128 0x2
 5137 00ba 30       		.byte	0x30
 5138 00bb 9F       		.byte	0x9f
 5139 00bc 00       		.byte	0
 5140              	.LVUS25:
 5141 00bd 01       		.uleb128 .LVU133
 5142 00be 00       		.uleb128 .LVU143
 5143              	.LLST25:
 5144 00bf 08       		.byte	0x8
 5145 00c0 5C000000 		.4byte	.LVL18
 5146 00c4 2C       		.uleb128 .LVL19-.LVL18
 5147 00c5 01       		.uleb128 0x1
 5148 00c6 53       		.byte	0x53
 5149 00c7 00       		.byte	0
 5150              	.LVUS27:
 5151 00c8 03       		.uleb128 .LVU146
 5152 00c9 00       		.uleb128 .LVU156
 5153              	.LLST27:
 5154 00ca 08       		.byte	0x8
 5155 00cb 88000000 		.4byte	.LVL19
 5156 00cf 20       		.uleb128 .LVL23-.LVL19
 5157 00d0 02       		.uleb128 0x2
 5158 00d1 30       		.byte	0x30
 5159 00d2 9F       		.byte	0x9f
 5160 00d3 00       		.byte	0
 5161              	.LVUS28:
 5162 00d4 02       		.uleb128 .LVU145
 5163 00d5 00       		.uleb128 .LVU156
 5164              	.LLST28:
 5165 00d6 08       		.byte	0x8
 5166 00d7 88000000 		.4byte	.LVL19
 5167 00db 20       		.uleb128 .LVL23-.LVL19
 5168 00dc 01       		.uleb128 0x1
 5169 00dd 53       		.byte	0x53
 5170 00de 00       		.byte	0
 5171              	.LVUS29:
 5172 00df 00       		.uleb128 .LVU148
 5173 00e0 00       		.uleb128 .LVU156
 5174              	.LLST29:
 5175 00e1 08       		.byte	0x8
 5176 00e2 90000000 		.4byte	.LVL20
 5177 00e6 18       		.uleb128 .LVL23-.LVL20
 5178 00e7 01       		.uleb128 0x1
ARM GAS  /tmp/cceTDqrl.s 			page 92


 5179 00e8 59       		.byte	0x59
 5180 00e9 00       		.byte	0
 5181              	.LVUS30:
 5182 00ea 01       		.uleb128 .LVU149
 5183 00eb 00       		.uleb128 .LVU152
 5184 00ec 00       		.uleb128 .LVU152
 5185 00ed 00       		.uleb128 .LVU156
 5186              	.LLST30:
 5187 00ee 06       		.byte	0x6
 5188 00ef 90000000 		.4byte	.LVL20
 5189 00f3 04       		.byte	0x4
 5190 00f4 00       		.uleb128 .LVL20-.LVL20
 5191 00f5 0C       		.uleb128 .LVL21-.LVL20
 5192 00f6 07       		.uleb128 0x7
 5193 00f7 73       		.byte	0x73
 5194 00f8 00       		.sleb128 0
 5195 00f9 31       		.byte	0x31
 5196 00fa 24       		.byte	0x24
 5197 00fb 4E       		.byte	0x4e
 5198 00fc 1A       		.byte	0x1a
 5199 00fd 9F       		.byte	0x9f
 5200 00fe 04       		.byte	0x4
 5201 00ff 0C       		.uleb128 .LVL21-.LVL20
 5202 0100 18       		.uleb128 .LVL23-.LVL20
 5203 0101 01       		.uleb128 0x1
 5204 0102 5A       		.byte	0x5a
 5205 0103 00       		.byte	0
 5206              	.LVUS32:
 5207 0104 02       		.uleb128 .LVU158
 5208 0105 00       		.uleb128 .LVU163
 5209              	.LLST32:
 5210 0106 08       		.byte	0x8
 5211 0107 A8000000 		.4byte	.LVL23
 5212 010b 0C       		.uleb128 .LVL25-.LVL23
 5213 010c 01       		.uleb128 0x1
 5214 010d 53       		.byte	0x53
 5215 010e 00       		.byte	0
 5216              	.LVUS33:
 5217 010f 00       		.uleb128 .LVU161
 5218 0110 00       		.uleb128 .LVU164
 5219 0111 00       		.uleb128 .LVU164
 5220 0112 00       		.uleb128 .LVU165
 5221              	.LLST33:
 5222 0113 06       		.byte	0x6
 5223 0114 B0000000 		.4byte	.LVL24
 5224 0118 04       		.byte	0x4
 5225 0119 00       		.uleb128 .LVL24-.LVL24
 5226 011a 08       		.uleb128 .LVL26-.LVL24
 5227 011b 06       		.uleb128 0x6
 5228 011c 71       		.byte	0x71
 5229 011d 00       		.sleb128 0
 5230 011e 78       		.byte	0x78
 5231 011f 00       		.sleb128 0
 5232 0120 1A       		.byte	0x1a
 5233 0121 9F       		.byte	0x9f
 5234 0122 04       		.byte	0x4
 5235 0123 08       		.uleb128 .LVL26-.LVL24
ARM GAS  /tmp/cceTDqrl.s 			page 93


 5236 0124 0C       		.uleb128 .LVL27-.LVL24
 5237 0125 01       		.uleb128 0x1
 5238 0126 51       		.byte	0x51
 5239 0127 00       		.byte	0
 5240              	.LVUS35:
 5241 0128 03       		.uleb128 .LVU169
 5242 0129 00       		.uleb128 .LVU176
 5243              	.LLST35:
 5244 012a 08       		.byte	0x8
 5245 012b C0000000 		.4byte	.LVL28
 5246 012f 14       		.uleb128 .LVL32-.LVL28
 5247 0130 02       		.uleb128 0x2
 5248 0131 31       		.byte	0x31
 5249 0132 9F       		.byte	0x9f
 5250 0133 00       		.byte	0
 5251              	.LVUS36:
 5252 0134 00       		.uleb128 .LVU171
 5253 0135 00       		.uleb128 .LVU174
 5254 0136 00       		.uleb128 .LVU174
 5255 0137 00       		.uleb128 .LVU175
 5256              	.LLST36:
 5257 0138 06       		.byte	0x6
 5258 0139 C4000000 		.4byte	.LVL29
 5259 013d 04       		.byte	0x4
 5260 013e 00       		.uleb128 .LVL29-.LVL29
 5261 013f 08       		.uleb128 .LVL30-.LVL29
 5262 0140 06       		.uleb128 0x6
 5263 0141 71       		.byte	0x71
 5264 0142 00       		.sleb128 0
 5265 0143 78       		.byte	0x78
 5266 0144 00       		.sleb128 0
 5267 0145 1A       		.byte	0x1a
 5268 0146 9F       		.byte	0x9f
 5269 0147 04       		.byte	0x4
 5270 0148 08       		.uleb128 .LVL30-.LVL29
 5271 0149 0C       		.uleb128 .LVL31-.LVL29
 5272 014a 01       		.uleb128 0x1
 5273 014b 51       		.byte	0x51
 5274 014c 00       		.byte	0
 5275              	.LVUS39:
 5276 014d 02       		.uleb128 .LVU215
 5277 014e 00       		.uleb128 .LVU218
 5278 014f 00       		.uleb128 .LVU218
 5279 0150 00       		.uleb128 .LVU228
 5280 0151 00       		.uleb128 .LVU244
 5281 0152 00       		.uleb128 .LVU262
 5282              	.LLST39:
 5283 0153 06       		.byte	0x6
 5284 0154 20010000 		.4byte	.LVL39
 5285 0158 04       		.byte	0x4
 5286 0159 00       		.uleb128 .LVL39-.LVL39
 5287 015a 08       		.uleb128 .LVL41-.LVL39
 5288 015b 02       		.uleb128 0x2
 5289 015c 30       		.byte	0x30
 5290 015d 9F       		.byte	0x9f
 5291 015e 04       		.byte	0x4
 5292 015f 08       		.uleb128 .LVL41-.LVL39
ARM GAS  /tmp/cceTDqrl.s 			page 94


 5293 0160 1C       		.uleb128 .LVL44-.LVL39
 5294 0161 01       		.uleb128 0x1
 5295 0162 53       		.byte	0x53
 5296 0163 04       		.byte	0x4
 5297 0164 40       		.uleb128 .LVL47-.LVL39
 5298 0165 64       		.uleb128 .LVL50-.LVL39
 5299 0166 01       		.uleb128 0x1
 5300 0167 53       		.byte	0x53
 5301 0168 00       		.byte	0
 5302              	.LVUS40:
 5303 0169 00       		.uleb128 .LVU213
 5304 016a 00       		.uleb128 .LVU217
 5305              	.LLST40:
 5306 016b 08       		.byte	0x8
 5307 016c 20010000 		.4byte	.LVL39
 5308 0170 04       		.uleb128 .LVL40-.LVL39
 5309 0171 06       		.uleb128 0x6
 5310 0172 7E       		.byte	0x7e
 5311 0173 00       		.sleb128 0
 5312 0174 08       		.byte	0x8
 5313 0175 FF       		.byte	0xff
 5314 0176 1A       		.byte	0x1a
 5315 0177 9F       		.byte	0x9f
 5316 0178 00       		.byte	0
 5317              	.LVUS42:
 5318 0179 03       		.uleb128 .LVU231
 5319 017a 00       		.uleb128 .LVU235
 5320              	.LLST42:
 5321 017b 08       		.byte	0x8
 5322 017c 3C010000 		.4byte	.LVL44
 5323 0180 10       		.uleb128 .LVL45-.LVL44
 5324 0181 01       		.uleb128 0x1
 5325 0182 53       		.byte	0x53
 5326 0183 00       		.byte	0
 5327              	.LVUS45:
 5328 0184 02       		.uleb128 .LVU237
 5329 0185 00       		.uleb128 .LVU244
 5330 0186 00       		.uleb128 .LVU244
 5331 0187 00       		.uleb128 .LVU253
 5332              	.LLST45:
 5333 0188 06       		.byte	0x6
 5334 0189 4C010000 		.4byte	.LVL45
 5335 018d 04       		.byte	0x4
 5336 018e 00       		.uleb128 .LVL45-.LVL45
 5337 018f 14       		.uleb128 .LVL47-.LVL45
 5338 0190 01       		.uleb128 0x1
 5339 0191 53       		.byte	0x53
 5340 0192 04       		.byte	0x4
 5341 0193 14       		.uleb128 .LVL47-.LVL45
 5342 0194 28       		.uleb128 .LVL49-.LVL45
 5343 0195 03       		.uleb128 0x3
 5344 0196 73       		.byte	0x73
 5345 0197 7F       		.sleb128 -1
 5346 0198 9F       		.byte	0x9f
 5347 0199 00       		.byte	0
 5348              	.LVUS46:
 5349 019a 00       		.uleb128 .LVU242
ARM GAS  /tmp/cceTDqrl.s 			page 95


 5350 019b 00       		.uleb128 .LVU248
 5351              	.LLST46:
 5352 019c 08       		.byte	0x8
 5353 019d 5C010000 		.4byte	.LVL46
 5354 01a1 08       		.uleb128 .LVL48-.LVL46
 5355 01a2 0A       		.uleb128 0xa
 5356 01a3 08       		.byte	0x8
 5357 01a4 FF       		.byte	0xff
 5358 01a5 70       		.byte	0x70
 5359 01a6 00       		.sleb128 0
 5360 01a7 24       		.byte	0x24
 5361 01a8 20       		.byte	0x20
 5362 01a9 71       		.byte	0x71
 5363 01aa 00       		.sleb128 0
 5364 01ab 1A       		.byte	0x1a
 5365 01ac 9F       		.byte	0x9f
 5366 01ad 00       		.byte	0
 5367              	.LVUS48:
 5368 01ae 01       		.uleb128 .LVU201
 5369 01af 00       		.uleb128 .LVU208
 5370              	.LLST48:
 5371 01b0 08       		.byte	0x8
 5372 01b1 0C010000 		.4byte	.LVL35
 5373 01b5 10       		.uleb128 .LVL38-.LVL35
 5374 01b6 03       		.uleb128 0x3
 5375 01b7 08       		.byte	0x8
 5376 01b8 FF       		.byte	0xff
 5377 01b9 9F       		.byte	0x9f
 5378 01ba 00       		.byte	0
 5379              	.LVUS49:
 5380 01bb 01       		.uleb128 .LVU201
 5381 01bc 00       		.uleb128 .LVU208
 5382              	.LLST49:
 5383 01bd 08       		.byte	0x8
 5384 01be 0C010000 		.4byte	.LVL35
 5385 01c2 10       		.uleb128 .LVL38-.LVL35
 5386 01c3 02       		.uleb128 0x2
 5387 01c4 30       		.byte	0x30
 5388 01c5 9F       		.byte	0x9f
 5389 01c6 00       		.byte	0
 5390              	.LVUS50:
 5391 01c7 00       		.uleb128 .LVU204
 5392 01c8 00       		.uleb128 .LVU207
 5393              	.LLST50:
 5394 01c9 08       		.byte	0x8
 5395 01ca 10010000 		.4byte	.LVL36
 5396 01ce 08       		.uleb128 .LVL37-.LVL36
 5397 01cf 07       		.uleb128 0x7
 5398 01d0 72       		.byte	0x72
 5399 01d1 00       		.sleb128 0
 5400 01d2 0B       		.byte	0xb
 5401 01d3 00FF     		.2byte	0xff00
 5402 01d5 1A       		.byte	0x1a
 5403 01d6 9F       		.byte	0x9f
 5404 01d7 00       		.byte	0
 5405              	.LVUS52:
 5406 01d8 00       		.uleb128 .LVU218
ARM GAS  /tmp/cceTDqrl.s 			page 96


 5407 01d9 00       		.uleb128 .LVU228
 5408 01da 02       		.uleb128 .LVU246
 5409 01db 00       		.uleb128 0
 5410              	.LLST52:
 5411 01dc 06       		.byte	0x6
 5412 01dd 28010000 		.4byte	.LVL41
 5413 01e1 04       		.byte	0x4
 5414 01e2 00       		.uleb128 .LVL41-.LVL41
 5415 01e3 14       		.uleb128 .LVL44-.LVL41
 5416 01e4 02       		.uleb128 0x2
 5417 01e5 30       		.byte	0x30
 5418 01e6 9F       		.byte	0x9f
 5419 01e7 04       		.byte	0x4
 5420 01e8 38       		.uleb128 .LVL47-.LVL41
 5421 01e9 F002     		.uleb128 .LFE405-.LVL41
 5422 01eb 02       		.uleb128 0x2
 5423 01ec 30       		.byte	0x30
 5424 01ed 9F       		.byte	0x9f
 5425 01ee 00       		.byte	0
 5426              	.LVUS53:
 5427 01ef 00       		.uleb128 .LVU218
 5428 01f0 00       		.uleb128 .LVU228
 5429 01f1 01       		.uleb128 .LVU245
 5430 01f2 00       		.uleb128 .LVU262
 5431              	.LLST53:
 5432 01f3 06       		.byte	0x6
 5433 01f4 28010000 		.4byte	.LVL41
 5434 01f8 04       		.byte	0x4
 5435 01f9 00       		.uleb128 .LVL41-.LVL41
 5436 01fa 14       		.uleb128 .LVL44-.LVL41
 5437 01fb 01       		.uleb128 0x1
 5438 01fc 53       		.byte	0x53
 5439 01fd 04       		.byte	0x4
 5440 01fe 38       		.uleb128 .LVL47-.LVL41
 5441 01ff 5C       		.uleb128 .LVL50-.LVL41
 5442 0200 01       		.uleb128 0x1
 5443 0201 53       		.byte	0x53
 5444 0202 00       		.byte	0
 5445              	.LVUS54:
 5446 0203 00       		.uleb128 .LVU220
 5447 0204 00       		.uleb128 .LVU228
 5448              	.LLST54:
 5449 0205 08       		.byte	0x8
 5450 0206 30010000 		.4byte	.LVL42
 5451 020a 0C       		.uleb128 .LVL44-.LVL42
 5452 020b 01       		.uleb128 0x1
 5453 020c 52       		.byte	0x52
 5454 020d 00       		.byte	0
 5455              	.LVUS55:
 5456 020e 01       		.uleb128 .LVU221
 5457 020f 00       		.uleb128 .LVU228
 5458              	.LLST55:
 5459 0210 08       		.byte	0x8
 5460 0211 30010000 		.4byte	.LVL42
 5461 0215 0C       		.uleb128 .LVL44-.LVL42
 5462 0216 07       		.uleb128 0x7
 5463 0217 73       		.byte	0x73
ARM GAS  /tmp/cceTDqrl.s 			page 97


 5464 0218 00       		.sleb128 0
 5465 0219 31       		.byte	0x31
 5466 021a 24       		.byte	0x24
 5467 021b 4E       		.byte	0x4e
 5468 021c 1A       		.byte	0x1a
 5469 021d 9F       		.byte	0x9f
 5470 021e 00       		.byte	0
 5471              	.LVUS56:
 5472 021f 02       		.uleb128 .LVU210
 5473 0220 00       		.uleb128 .LVU213
 5474              	.LLST56:
 5475 0221 08       		.byte	0x8
 5476 0222 1C010000 		.4byte	.LVL38
 5477 0226 04       		.uleb128 .LVL39-.LVL38
 5478 0227 02       		.uleb128 0x2
 5479 0228 30       		.byte	0x30
 5480 0229 9F       		.byte	0x9f
 5481 022a 00       		.byte	0
 5482              	.LVUS59:
 5483 022b 01       		.uleb128 .LVU269
 5484 022c 00       		.uleb128 .LVU272
 5485              	.LLST59:
 5486 022d 08       		.byte	0x8
 5487 022e A4010000 		.4byte	.LVL51
 5488 0232 04       		.uleb128 .LVL52-.LVL51
 5489 0233 02       		.uleb128 0x2
 5490 0234 30       		.byte	0x30
 5491 0235 9F       		.byte	0x9f
 5492 0236 00       		.byte	0
 5493              	.LVUS60:
 5494 0237 02       		.uleb128 .LVU274
 5495 0238 00       		.uleb128 .LVU277
 5496              	.LLST60:
 5497 0239 08       		.byte	0x8
 5498 023a A8010000 		.4byte	.LVL52
 5499 023e 04       		.uleb128 .LVL53-.LVL52
 5500 023f 03       		.uleb128 0x3
 5501 0240 08       		.byte	0x8
 5502 0241 FF       		.byte	0xff
 5503 0242 9F       		.byte	0x9f
 5504 0243 00       		.byte	0
 5505              	.LVUS62:
 5506 0244 02       		.uleb128 .LVU299
 5507 0245 00       		.uleb128 .LVU302
 5508              	.LLST62:
 5509 0246 08       		.byte	0x8
 5510 0247 D4010000 		.4byte	.LVL61
 5511 024b 04       		.uleb128 .LVL62-.LVL61
 5512 024c 02       		.uleb128 0x2
 5513 024d 4D       		.byte	0x4d
 5514 024e 9F       		.byte	0x9f
 5515 024f 00       		.byte	0
 5516              	.LVUS64:
 5517 0250 02       		.uleb128 .LVU279
 5518 0251 00       		.uleb128 .LVU287
 5519              	.LLST64:
 5520 0252 08       		.byte	0x8
ARM GAS  /tmp/cceTDqrl.s 			page 98


 5521 0253 AC010000 		.4byte	.LVL53
 5522 0257 14       		.uleb128 .LVL57-.LVL53
 5523 0258 03       		.uleb128 0x3
 5524 0259 08       		.byte	0x8
 5525 025a 80       		.byte	0x80
 5526 025b 9F       		.byte	0x9f
 5527 025c 00       		.byte	0
 5528              	.LVUS65:
 5529 025d 02       		.uleb128 .LVU279
 5530 025e 00       		.uleb128 .LVU287
 5531              	.LLST65:
 5532 025f 08       		.byte	0x8
 5533 0260 AC010000 		.4byte	.LVL53
 5534 0264 14       		.uleb128 .LVL57-.LVL53
 5535 0265 02       		.uleb128 0x2
 5536 0266 4D       		.byte	0x4d
 5537 0267 9F       		.byte	0x9f
 5538 0268 00       		.byte	0
 5539              	.LVUS66:
 5540 0269 00       		.uleb128 .LVU282
 5541 026a 00       		.uleb128 .LVU285
 5542 026b 00       		.uleb128 .LVU285
 5543 026c 00       		.uleb128 .LVU286
 5544              	.LLST66:
 5545 026d 06       		.byte	0x6
 5546 026e B0010000 		.4byte	.LVL54
 5547 0272 04       		.byte	0x4
 5548 0273 00       		.uleb128 .LVL54-.LVL54
 5549 0274 08       		.uleb128 .LVL55-.LVL54
 5550 0275 08       		.uleb128 0x8
 5551 0276 72       		.byte	0x72
 5552 0277 00       		.sleb128 0
 5553 0278 11       		.byte	0x11
 5554 0279 FF817C   		.sleb128 -65281
 5555 027c 1A       		.byte	0x1a
 5556 027d 9F       		.byte	0x9f
 5557 027e 04       		.byte	0x4
 5558 027f 08       		.uleb128 .LVL55-.LVL54
 5559 0280 0C       		.uleb128 .LVL56-.LVL54
 5560 0281 01       		.uleb128 0x1
 5561 0282 52       		.byte	0x52
 5562 0283 00       		.byte	0
 5563              	.LVUS68:
 5564 0284 02       		.uleb128 .LVU289
 5565 0285 00       		.uleb128 .LVU297
 5566              	.LLST68:
 5567 0286 08       		.byte	0x8
 5568 0287 C0010000 		.4byte	.LVL57
 5569 028b 14       		.uleb128 .LVL61-.LVL57
 5570 028c 02       		.uleb128 0x2
 5571 028d 31       		.byte	0x31
 5572 028e 9F       		.byte	0x9f
 5573 028f 00       		.byte	0
 5574              	.LVUS69:
 5575 0290 02       		.uleb128 .LVU289
 5576 0291 00       		.uleb128 .LVU297
 5577              	.LLST69:
ARM GAS  /tmp/cceTDqrl.s 			page 99


 5578 0292 08       		.byte	0x8
 5579 0293 C0010000 		.4byte	.LVL57
 5580 0297 14       		.uleb128 .LVL61-.LVL57
 5581 0298 02       		.uleb128 0x2
 5582 0299 4D       		.byte	0x4d
 5583 029a 9F       		.byte	0x9f
 5584 029b 00       		.byte	0
 5585              	.LVUS70:
 5586 029c 00       		.uleb128 .LVU292
 5587 029d 00       		.uleb128 .LVU295
 5588 029e 00       		.uleb128 .LVU295
 5589 029f 00       		.uleb128 .LVU296
 5590              	.LLST70:
 5591 02a0 06       		.byte	0x6
 5592 02a1 C4010000 		.4byte	.LVL58
 5593 02a5 04       		.byte	0x4
 5594 02a6 00       		.uleb128 .LVL58-.LVL58
 5595 02a7 08       		.uleb128 .LVL59-.LVL58
 5596 02a8 08       		.uleb128 0x8
 5597 02a9 72       		.byte	0x72
 5598 02aa 00       		.sleb128 0
 5599 02ab 11       		.byte	0x11
 5600 02ac FF817C   		.sleb128 -65281
 5601 02af 1A       		.byte	0x1a
 5602 02b0 9F       		.byte	0x9f
 5603 02b1 04       		.byte	0x4
 5604 02b2 08       		.uleb128 .LVL59-.LVL58
 5605 02b3 0C       		.uleb128 .LVL60-.LVL58
 5606 02b4 01       		.uleb128 0x1
 5607 02b5 52       		.byte	0x52
 5608 02b6 00       		.byte	0
 5609              	.LVUS0:
 5610 02b7 00       		.uleb128 0
 5611 02b8 03       		.uleb128 .LVU18
 5612 02b9 03       		.uleb128 .LVU18
 5613 02ba 00       		.uleb128 0
 5614              	.LLST0:
 5615 02bb 06       		.byte	0x6
 5616 02bc 00000000 		.4byte	.LVL0
 5617 02c0 04       		.byte	0x4
 5618 02c1 00       		.uleb128 .LVL0-.LVL0
 5619 02c2 3C       		.uleb128 .LVL1-.LVL0
 5620 02c3 01       		.uleb128 0x1
 5621 02c4 50       		.byte	0x50
 5622 02c5 04       		.byte	0x4
 5623 02c6 3C       		.uleb128 .LVL1-.LVL0
 5624 02c7 8001     		.uleb128 .LFE404-.LVL0
 5625 02c9 0A       		.uleb128 0xa
 5626 02ca A3       		.byte	0xa3
 5627 02cb 03       		.uleb128 0x3
 5628 02cc A5       		.byte	0xa5
 5629 02cd 00       		.uleb128 0
 5630 02ce 26       		.uleb128 0x26
 5631 02cf A8       		.byte	0xa8
 5632 02d0 2D       		.uleb128 0x2d
 5633 02d1 A8       		.byte	0xa8
 5634 02d2 00       		.uleb128 0
ARM GAS  /tmp/cceTDqrl.s 			page 100


 5635 02d3 9F       		.byte	0x9f
 5636 02d4 00       		.byte	0
 5637              	.LVUS1:
 5638 02d5 03       		.uleb128 .LVU18
 5639 02d6 00       		.uleb128 .LVU28
 5640 02d7 01       		.uleb128 .LVU33
 5641 02d8 00       		.uleb128 0
 5642              	.LLST1:
 5643 02d9 06       		.byte	0x6
 5644 02da 3C000000 		.4byte	.LVL1
 5645 02de 04       		.byte	0x4
 5646 02df 00       		.uleb128 .LVL1-.LVL1
 5647 02e0 1C       		.uleb128 .LVL3-.LVL1
 5648 02e1 08       		.uleb128 0x8
 5649 02e2 90       		.byte	0x90
 5650 02e3 52       		.uleb128 0x52
 5651 02e4 93       		.byte	0x93
 5652 02e5 04       		.uleb128 0x4
 5653 02e6 90       		.byte	0x90
 5654 02e7 53       		.uleb128 0x53
 5655 02e8 93       		.byte	0x93
 5656 02e9 04       		.uleb128 0x4
 5657 02ea 04       		.byte	0x4
 5658 02eb 2C       		.uleb128 .LVL4-.LVL1
 5659 02ec 44       		.uleb128 .LFE404-.LVL1
 5660 02ed 08       		.uleb128 0x8
 5661 02ee 90       		.byte	0x90
 5662 02ef 52       		.uleb128 0x52
 5663 02f0 93       		.byte	0x93
 5664 02f1 04       		.uleb128 0x4
 5665 02f2 90       		.byte	0x90
 5666 02f3 53       		.uleb128 0x53
 5667 02f4 93       		.byte	0x93
 5668 02f5 04       		.uleb128 0x4
 5669 02f6 00       		.byte	0
 5670              	.LVUS3:
 5671 02f7 05       		.uleb128 .LVU5
 5672 02f8 00       		.uleb128 .LVU15
 5673              	.LLST3:
 5674 02f9 08       		.byte	0x8
 5675 02fa 00000000 		.4byte	.LVL0
 5676 02fe 3C       		.uleb128 .LVL1-.LVL0
 5677 02ff 06       		.uleb128 0x6
 5678 0300 03       		.byte	0x3
 5679 0301 00000000 		.4byte	.LC0
 5680 0305 9F       		.byte	0x9f
 5681 0306 00       		.byte	0
 5682              	.LVUS4:
 5683 0307 00       		.uleb128 0
 5684 0308 00       		.uleb128 .LVU46
 5685 0309 00       		.uleb128 .LVU46
 5686 030a 00       		.uleb128 0
 5687              	.LLST4:
 5688 030b 06       		.byte	0x6
 5689 030c 00000000 		.4byte	.LVL5
 5690 0310 04       		.byte	0x4
 5691 0311 00       		.uleb128 .LVL5-.LVL5
ARM GAS  /tmp/cceTDqrl.s 			page 101


 5692 0312 24       		.uleb128 .LVL6-.LVL5
 5693 0313 01       		.uleb128 0x1
 5694 0314 50       		.byte	0x50
 5695 0315 04       		.byte	0x4
 5696 0316 24       		.uleb128 .LVL6-.LVL5
 5697 0317 3C       		.uleb128 .LFE403-.LVL5
 5698 0318 0A       		.uleb128 0xa
 5699 0319 A3       		.byte	0xa3
 5700 031a 03       		.uleb128 0x3
 5701 031b A5       		.byte	0xa5
 5702 031c 00       		.uleb128 0
 5703 031d 26       		.uleb128 0x26
 5704 031e A8       		.byte	0xa8
 5705 031f 2D       		.uleb128 0x2d
 5706 0320 A8       		.byte	0xa8
 5707 0321 00       		.uleb128 0
 5708 0322 9F       		.byte	0x9f
 5709 0323 00       		.byte	0
 5710              	.LVUS6:
 5711 0324 03       		.uleb128 .LVU40
 5712 0325 00       		.uleb128 .LVU46
 5713              	.LLST6:
 5714 0326 08       		.byte	0x8
 5715 0327 00000000 		.4byte	.LVL5
 5716 032b 24       		.uleb128 .LVL6-.LVL5
 5717 032c 06       		.uleb128 0x6
 5718 032d 03       		.byte	0x3
 5719 032e 00000000 		.4byte	.LC1
 5720 0332 9F       		.byte	0x9f
 5721 0333 00       		.byte	0
 5722              	.LVUS7:
 5723 0334 00       		.uleb128 .LVU62
 5724 0335 00       		.uleb128 0
 5725              	.LLST7:
 5726 0336 08       		.byte	0x8
 5727 0337 10000000 		.4byte	.LVL9
 5728 033b 3C       		.uleb128 .LFE400-.LVL9
 5729 033c 01       		.uleb128 0x1
 5730 033d 54       		.byte	0x54
 5731 033e 00       		.byte	0
 5732              	.LVUS8:
 5733 033f 04       		.uleb128 .LVU56
 5734 0340 00       		.uleb128 .LVU68
 5735 0341 00       		.uleb128 .LVU68
 5736 0342 00       		.uleb128 .LVU75
 5737 0343 00       		.uleb128 .LVU75
 5738 0344 00       		.uleb128 .LVU81
 5739 0345 00       		.uleb128 .LVU81
 5740 0346 00       		.uleb128 0
 5741              	.LLST8:
 5742 0347 06       		.byte	0x6
 5743 0348 00000000 		.4byte	.LVL8
 5744 034c 04       		.byte	0x4
 5745 034d 00       		.uleb128 .LVL8-.LVL8
 5746 034e 20       		.uleb128 .LVL10-.LVL8
 5747 034f 02       		.uleb128 0x2
 5748 0350 30       		.byte	0x30
ARM GAS  /tmp/cceTDqrl.s 			page 102


 5749 0351 9F       		.byte	0x9f
 5750 0352 04       		.byte	0x4
 5751 0353 20       		.uleb128 .LVL10-.LVL8
 5752 0354 30       		.uleb128 .LVL12-.LVL8
 5753 0355 01       		.uleb128 0x1
 5754 0356 50       		.byte	0x50
 5755 0357 04       		.byte	0x4
 5756 0358 30       		.uleb128 .LVL12-.LVL8
 5757 0359 48       		.uleb128 .LVL14-.LVL8
 5758 035a 02       		.uleb128 0x2
 5759 035b 30       		.byte	0x30
 5760 035c 9F       		.byte	0x9f
 5761 035d 04       		.byte	0x4
 5762 035e 48       		.uleb128 .LVL14-.LVL8
 5763 035f 4C       		.uleb128 .LFE400-.LVL8
 5764 0360 01       		.uleb128 0x1
 5765 0361 50       		.byte	0x50
 5766 0362 00       		.byte	0
 5767              	.LVUS10:
 5768 0363 01       		.uleb128 .LVU69
 5769 0364 00       		.uleb128 .LVU72
 5770              	.LLST10:
 5771 0365 08       		.byte	0x8
 5772 0366 20000000 		.4byte	.LVL10
 5773 036a 0C       		.uleb128 .LVL11-.LVL10
 5774 036b 01       		.uleb128 0x1
 5775 036c 54       		.byte	0x54
 5776 036d 00       		.byte	0
 5777              	.Ldebug_loc3:
 5778              		.section	.debug_aranges,"",%progbits
 5779 0000 34000000 		.4byte	0x34
 5780 0004 0200     		.2byte	0x2
 5781 0006 00000000 		.4byte	.Ldebug_info0
 5782 000a 04       		.byte	0x4
 5783 000b 00       		.byte	0
 5784 000c 0000     		.2byte	0
 5785 000e 0000     		.2byte	0
 5786 0010 00000000 		.4byte	.LFB404
 5787 0014 80000000 		.4byte	.LFE404-.LFB404
 5788 0018 00000000 		.4byte	.LFB403
 5789 001c 3C000000 		.4byte	.LFE403-.LFB403
 5790 0020 00000000 		.4byte	.LFB400
 5791 0024 4C000000 		.4byte	.LFE400-.LFB400
 5792 0028 00000000 		.4byte	.LFB405
 5793 002c 98020000 		.4byte	.LFE405-.LFB405
 5794 0030 00000000 		.4byte	0
 5795 0034 00000000 		.4byte	0
 5796              		.section	.debug_rnglists,"",%progbits
 5797              	.Ldebug_ranges0:
 5798 0000 EA010000 		.4byte	.Ldebug_ranges3-.Ldebug_ranges2
 5799              	.Ldebug_ranges2:
 5800 0004 0500     		.2byte	0x5
 5801 0006 04       		.byte	0x4
 5802 0007 00       		.byte	0
 5803 0008 00000000 		.4byte	0
 5804              	.LLRL2:
 5805 000c 05       		.byte	0x5
ARM GAS  /tmp/cceTDqrl.s 			page 103


 5806 000d 00000000 		.4byte	.LBB54
 5807 0011 04       		.byte	0x4
 5808 0012 00       		.uleb128 .LBB54-.LBB54
 5809 0013 00       		.uleb128 .LBE54-.LBB54
 5810 0014 04       		.byte	0x4
 5811 0015 0C       		.uleb128 .LBB58-.LBB54
 5812 0016 1C       		.uleb128 .LBE58-.LBB54
 5813 0017 04       		.byte	0x4
 5814 0018 24       		.uleb128 .LBB59-.LBB54
 5815 0019 3C       		.uleb128 .LBE59-.LBB54
 5816 001a 00       		.byte	0
 5817              	.LLRL5:
 5818 001b 05       		.byte	0x5
 5819 001c 00000000 		.4byte	.LBB60
 5820 0020 04       		.byte	0x4
 5821 0021 00       		.uleb128 .LBB60-.LBB60
 5822 0022 08       		.uleb128 .LBE60-.LBB60
 5823 0023 04       		.byte	0x4
 5824 0024 10       		.uleb128 .LBB63-.LBB60
 5825 0025 24       		.uleb128 .LBE63-.LBB60
 5826 0026 00       		.byte	0
 5827              	.LLRL9:
 5828 0027 05       		.byte	0x5
 5829 0028 00000000 		.4byte	.LBB64
 5830 002c 04       		.byte	0x4
 5831 002d 00       		.uleb128 .LBB64-.LBB64
 5832 002e 08       		.uleb128 .LBE64-.LBB64
 5833 002f 04       		.byte	0x4
 5834 0030 0C       		.uleb128 .LBB67-.LBB64
 5835 0031 10       		.uleb128 .LBE67-.LBB64
 5836 0032 00       		.byte	0
 5837              	.LLRL12:
 5838 0033 05       		.byte	0x5
 5839 0034 00000000 		.4byte	.LBB122
 5840 0038 04       		.byte	0x4
 5841 0039 00       		.uleb128 .LBB122-.LBB122
 5842 003a 00       		.uleb128 .LBE122-.LBB122
 5843 003b 04       		.byte	0x4
 5844 003c 04       		.uleb128 .LBB261-.LBB122
 5845 003d 08       		.uleb128 .LBE261-.LBB122
 5846 003e 04       		.byte	0x4
 5847 003f 0C       		.uleb128 .LBB262-.LBB122
 5848 0040 14       		.uleb128 .LBE262-.LBB122
 5849 0041 04       		.byte	0x4
 5850 0042 18       		.uleb128 .LBB263-.LBB122
 5851 0043 8003     		.uleb128 .LBE263-.LBB122
 5852 0045 04       		.byte	0x4
 5853 0046 8803     		.uleb128 .LBB270-.LBB122
 5854 0048 8C03     		.uleb128 .LBE270-.LBB122
 5855 004a 04       		.byte	0x4
 5856 004b 9003     		.uleb128 .LBB272-.LBB122
 5857 004d 9803     		.uleb128 .LBE272-.LBB122
 5858 004f 04       		.byte	0x4
 5859 0050 9C03     		.uleb128 .LBB274-.LBB122
 5860 0052 B003     		.uleb128 .LBE274-.LBB122
 5861 0054 04       		.byte	0x4
 5862 0055 B403     		.uleb128 .LBB276-.LBB122
ARM GAS  /tmp/cceTDqrl.s 			page 104


 5863 0057 C403     		.uleb128 .LBE276-.LBB122
 5864 0059 04       		.byte	0x4
 5865 005a C803     		.uleb128 .LBB277-.LBB122
 5866 005c D803     		.uleb128 .LBE277-.LBB122
 5867 005e 00       		.byte	0
 5868              	.LLRL13:
 5869 005f 05       		.byte	0x5
 5870 0060 00000000 		.4byte	.LBB123
 5871 0064 04       		.byte	0x4
 5872 0065 00       		.uleb128 .LBB123-.LBB123
 5873 0066 00       		.uleb128 .LBE123-.LBB123
 5874 0067 04       		.byte	0x4
 5875 0068 04       		.uleb128 .LBB244-.LBB123
 5876 0069 08       		.uleb128 .LBE244-.LBB123
 5877 006a 04       		.byte	0x4
 5878 006b 0C       		.uleb128 .LBB245-.LBB123
 5879 006c 14       		.uleb128 .LBE245-.LBB123
 5880 006d 04       		.byte	0x4
 5881 006e 18       		.uleb128 .LBB246-.LBB123
 5882 006f 8003     		.uleb128 .LBE246-.LBB123
 5883 0071 04       		.byte	0x4
 5884 0072 9003     		.uleb128 .LBB250-.LBB123
 5885 0074 9803     		.uleb128 .LBE250-.LBB123
 5886 0076 04       		.byte	0x4
 5887 0077 9C03     		.uleb128 .LBB251-.LBB123
 5888 0079 AC03     		.uleb128 .LBE251-.LBB123
 5889 007b 00       		.byte	0
 5890              	.LLRL14:
 5891 007c 05       		.byte	0x5
 5892 007d 00000000 		.4byte	.LBB124
 5893 0081 04       		.byte	0x4
 5894 0082 00       		.uleb128 .LBB124-.LBB124
 5895 0083 00       		.uleb128 .LBE124-.LBB124
 5896 0084 04       		.byte	0x4
 5897 0085 04       		.uleb128 .LBB183-.LBB124
 5898 0086 08       		.uleb128 .LBE183-.LBB124
 5899 0087 04       		.byte	0x4
 5900 0088 0C       		.uleb128 .LBB184-.LBB124
 5901 0089 14       		.uleb128 .LBE184-.LBB124
 5902 008a 04       		.byte	0x4
 5903 008b 18       		.uleb128 .LBB185-.LBB124
 5904 008c DC01     		.uleb128 .LBE185-.LBB124
 5905 008e 04       		.byte	0x4
 5906 008f E801     		.uleb128 .LBB238-.LBB124
 5907 0091 F001     		.uleb128 .LBE238-.LBB124
 5908 0093 04       		.byte	0x4
 5909 0094 F401     		.uleb128 .LBB240-.LBB124
 5910 0096 FC01     		.uleb128 .LBE240-.LBB124
 5911 0098 00       		.byte	0
 5912              	.LLRL18:
 5913 0099 05       		.byte	0x5
 5914 009a 00000000 		.4byte	.LBB126
 5915 009e 04       		.byte	0x4
 5916 009f 00       		.uleb128 .LBB126-.LBB126
 5917 00a0 00       		.uleb128 .LBE126-.LBB126
 5918 00a1 04       		.byte	0x4
 5919 00a2 04       		.uleb128 .LBB131-.LBB126
ARM GAS  /tmp/cceTDqrl.s 			page 105


 5920 00a3 08       		.uleb128 .LBE131-.LBB126
 5921 00a4 04       		.byte	0x4
 5922 00a5 0C       		.uleb128 .LBB132-.LBB126
 5923 00a6 14       		.uleb128 .LBE132-.LBB126
 5924 00a7 04       		.byte	0x4
 5925 00a8 18       		.uleb128 .LBB133-.LBB126
 5926 00a9 20       		.uleb128 .LBE133-.LBB126
 5927 00aa 00       		.byte	0
 5928              	.LLRL19:
 5929 00ab 05       		.byte	0x5
 5930 00ac 24000000 		.4byte	.LBB136
 5931 00b0 04       		.byte	0x4
 5932 00b1 00       		.uleb128 .LBB136-.LBB136
 5933 00b2 04       		.uleb128 .LBE136-.LBB136
 5934 00b3 04       		.byte	0x4
 5935 00b4 08       		.uleb128 .LBB141-.LBB136
 5936 00b5 0C       		.uleb128 .LBE141-.LBB136
 5937 00b6 04       		.byte	0x4
 5938 00b7 10       		.uleb128 .LBB142-.LBB136
 5939 00b8 14       		.uleb128 .LBE142-.LBB136
 5940 00b9 04       		.byte	0x4
 5941 00ba 1C       		.uleb128 .LBB146-.LBB136
 5942 00bb 1C       		.uleb128 .LBE146-.LBB136
 5943 00bc 00       		.byte	0
 5944              	.LLRL22:
 5945 00bd 05       		.byte	0x5
 5946 00be 3C000000 		.4byte	.LBB143
 5947 00c2 04       		.byte	0x4
 5948 00c3 00       		.uleb128 .LBB143-.LBB143
 5949 00c4 04       		.uleb128 .LBE143-.LBB143
 5950 00c5 04       		.byte	0x4
 5951 00c6 04       		.uleb128 .LBB147-.LBB143
 5952 00c7 04       		.uleb128 .LBE147-.LBB143
 5953 00c8 00       		.byte	0
 5954              	.LLRL24:
 5955 00c9 05       		.byte	0x5
 5956 00ca 48000000 		.4byte	.LBB148
 5957 00ce 04       		.byte	0x4
 5958 00cf 00       		.uleb128 .LBB148-.LBB148
 5959 00d0 04       		.uleb128 .LBE148-.LBB148
 5960 00d1 04       		.byte	0x4
 5961 00d2 14       		.uleb128 .LBB161-.LBB148
 5962 00d3 14       		.uleb128 .LBE161-.LBB148
 5963 00d4 04       		.byte	0x4
 5964 00d5 24       		.uleb128 .LBB164-.LBB148
 5965 00d6 40       		.uleb128 .LBE164-.LBB148
 5966 00d7 00       		.byte	0
 5967              	.LLRL26:
 5968 00d8 05       		.byte	0x5
 5969 00d9 4C000000 		.4byte	.LBB152
 5970 00dd 04       		.byte	0x4
 5971 00de 00       		.uleb128 .LBB152-.LBB152
 5972 00df 04       		.uleb128 .LBE152-.LBB152
 5973 00e0 04       		.byte	0x4
 5974 00e1 1C       		.uleb128 .LBB163-.LBB152
 5975 00e2 20       		.uleb128 .LBE163-.LBB152
 5976 00e3 04       		.byte	0x4
ARM GAS  /tmp/cceTDqrl.s 			page 106


 5977 00e4 3C       		.uleb128 .LBB165-.LBB152
 5978 00e5 5C       		.uleb128 .LBE165-.LBB152
 5979 00e6 00       		.byte	0
 5980              	.LLRL31:
 5981 00e7 05       		.byte	0x5
 5982 00e8 50000000 		.4byte	.LBB156
 5983 00ec 04       		.byte	0x4
 5984 00ed 00       		.uleb128 .LBB156-.LBB156
 5985 00ee 08       		.uleb128 .LBE156-.LBB156
 5986 00ef 04       		.byte	0x4
 5987 00f0 0C       		.uleb128 .LBB162-.LBB156
 5988 00f1 18       		.uleb128 .LBE162-.LBB156
 5989 00f2 04       		.byte	0x4
 5990 00f3 58       		.uleb128 .LBB166-.LBB156
 5991 00f4 60       		.uleb128 .LBE166-.LBB156
 5992 00f5 04       		.byte	0x4
 5993 00f6 64       		.uleb128 .LBB167-.LBB156
 5994 00f7 70       		.uleb128 .LBE167-.LBB156
 5995 00f8 00       		.byte	0
 5996              	.LLRL34:
 5997 00f9 05       		.byte	0x5
 5998 00fa C0000000 		.4byte	.LBB168
 5999 00fe 04       		.byte	0x4
 6000 00ff 00       		.uleb128 .LBB168-.LBB168
 6001 0100 04       		.uleb128 .LBE168-.LBB168
 6002 0101 04       		.byte	0x4
 6003 0102 08       		.uleb128 .LBB171-.LBB168
 6004 0103 14       		.uleb128 .LBE171-.LBB168
 6005 0104 00       		.byte	0
 6006              	.LLRL37:
 6007 0105 05       		.byte	0x5
 6008 0106 D8000000 		.4byte	.LBB172
 6009 010a 04       		.byte	0x4
 6010 010b 00       		.uleb128 .LBB172-.LBB172
 6011 010c 04       		.uleb128 .LBE172-.LBB172
 6012 010d 04       		.byte	0x4
 6013 010e 10       		.uleb128 .LBB176-.LBB172
 6014 010f 18       		.uleb128 .LBE176-.LBB172
 6015 0110 04       		.byte	0x4
 6016 0111 1C       		.uleb128 .LBB177-.LBB172
 6017 0112 24       		.uleb128 .LBE177-.LBB172
 6018 0113 00       		.byte	0
 6019              	.LLRL38:
 6020 0114 05       		.byte	0x5
 6021 0115 DC000000 		.4byte	.LBB186
 6022 0119 04       		.byte	0x4
 6023 011a 00       		.uleb128 .LBB186-.LBB186
 6024 011b 0C       		.uleb128 .LBE186-.LBB186
 6025 011c 04       		.byte	0x4
 6026 011d 14       		.uleb128 .LBB239-.LBB186
 6027 011e 18       		.uleb128 .LBE239-.LBB186
 6028 011f 04       		.byte	0x4
 6029 0120 20       		.uleb128 .LBB241-.LBB186
 6030 0121 A401     		.uleb128 .LBE241-.LBB186
 6031 0123 04       		.byte	0x4
 6032 0124 B401     		.uleb128 .LBB242-.LBB186
 6033 0126 BC01     		.uleb128 .LBE242-.LBB186
ARM GAS  /tmp/cceTDqrl.s 			page 107


 6034 0128 04       		.byte	0x4
 6035 0129 C001     		.uleb128 .LBB243-.LBB186
 6036 012b D001     		.uleb128 .LBE243-.LBB186
 6037 012d 00       		.byte	0
 6038              	.LLRL41:
 6039 012e 05       		.byte	0x5
 6040 012f DC000000 		.4byte	.LBB188
 6041 0133 04       		.byte	0x4
 6042 0134 00       		.uleb128 .LBB188-.LBB188
 6043 0135 04       		.uleb128 .LBE188-.LBB188
 6044 0136 04       		.byte	0x4
 6045 0137 60       		.uleb128 .LBB216-.LBB188
 6046 0138 70       		.uleb128 .LBE216-.LBB188
 6047 0139 00       		.byte	0
 6048              	.LLRL43:
 6049 013a 05       		.byte	0x5
 6050 013b E0000000 		.4byte	.LBB191
 6051 013f 04       		.byte	0x4
 6052 0140 00       		.uleb128 .LBB191-.LBB191
 6053 0141 04       		.uleb128 .LBE191-.LBB191
 6054 0142 04       		.byte	0x4
 6055 0143 10       		.uleb128 .LBB201-.LBB191
 6056 0144 14       		.uleb128 .LBE201-.LBB191
 6057 0145 04       		.byte	0x4
 6058 0146 1C       		.uleb128 .LBB202-.LBB191
 6059 0147 20       		.uleb128 .LBE202-.LBB191
 6060 0148 04       		.byte	0x4
 6061 0149 24       		.uleb128 .LBB203-.LBB191
 6062 014a 2C       		.uleb128 .LBE203-.LBB191
 6063 014b 00       		.byte	0
 6064              	.LLRL44:
 6065 014c 05       		.byte	0x5
 6066 014d E4000000 		.4byte	.LBB196
 6067 0151 04       		.byte	0x4
 6068 0152 00       		.uleb128 .LBB196-.LBB196
 6069 0153 04       		.uleb128 .LBE196-.LBB196
 6070 0154 04       		.byte	0x4
 6071 0155 68       		.uleb128 .LBB217-.LBB196
 6072 0156 78       		.uleb128 .LBE217-.LBB196
 6073 0157 04       		.byte	0x4
 6074 0158 7C       		.uleb128 .LBB219-.LBB196
 6075 0159 8401     		.uleb128 .LBE219-.LBB196
 6076 015b 04       		.byte	0x4
 6077 015c 8C01     		.uleb128 .LBB221-.LBB196
 6078 015e 9001     		.uleb128 .LBE221-.LBB196
 6079 0160 00       		.byte	0
 6080              	.LLRL47:
 6081 0161 05       		.byte	0x5
 6082 0162 0C010000 		.4byte	.LBB204
 6083 0166 04       		.byte	0x4
 6084 0167 00       		.uleb128 .LBB204-.LBB204
 6085 0168 04       		.uleb128 .LBE204-.LBB204
 6086 0169 04       		.byte	0x4
 6087 016a 08       		.uleb128 .LBB212-.LBB204
 6088 016b 10       		.uleb128 .LBE212-.LBB204
 6089 016c 00       		.byte	0
 6090              	.LLRL51:
ARM GAS  /tmp/cceTDqrl.s 			page 108


 6091 016d 05       		.byte	0x5
 6092 016e 10010000 		.4byte	.LBB207
 6093 0172 04       		.byte	0x4
 6094 0173 00       		.uleb128 .LBB207-.LBB207
 6095 0174 04       		.uleb128 .LBE207-.LBB207
 6096 0175 04       		.byte	0x4
 6097 0176 1C       		.uleb128 .LBB215-.LBB207
 6098 0177 2C       		.uleb128 .LBE215-.LBB207
 6099 0178 04       		.byte	0x4
 6100 0179 50       		.uleb128 .LBB218-.LBB207
 6101 017a 50       		.uleb128 .LBE218-.LBB207
 6102 017b 04       		.byte	0x4
 6103 017c 5C       		.uleb128 .LBB220-.LBB207
 6104 017d 60       		.uleb128 .LBE220-.LBB207
 6105 017e 00       		.byte	0
 6106              	.LLRL57:
 6107 017f 05       		.byte	0x5
 6108 0180 78010000 		.4byte	.LBB222
 6109 0184 04       		.byte	0x4
 6110 0185 00       		.uleb128 .LBB222-.LBB222
 6111 0186 04       		.uleb128 .LBE222-.LBB222
 6112 0187 04       		.byte	0x4
 6113 0188 18       		.uleb128 .LBB229-.LBB222
 6114 0189 20       		.uleb128 .LBE229-.LBB222
 6115 018a 04       		.byte	0x4
 6116 018b 24       		.uleb128 .LBB230-.LBB222
 6117 018c 2C       		.uleb128 .LBE230-.LBB222
 6118 018d 00       		.byte	0
 6119              	.LLRL58:
 6120 018e 05       		.byte	0x5
 6121 018f 7C010000 		.4byte	.LBB226
 6122 0193 04       		.byte	0x4
 6123 0194 00       		.uleb128 .LBB226-.LBB226
 6124 0195 04       		.uleb128 .LBE226-.LBB226
 6125 0196 04       		.byte	0x4
 6126 0197 28       		.uleb128 .LBB231-.LBB226
 6127 0198 2C       		.uleb128 .LBE231-.LBB226
 6128 0199 00       		.byte	0
 6129              	.LLRL61:
 6130 019a 05       		.byte	0x5
 6131 019b 88010000 		.4byte	.LBB247
 6132 019f 04       		.byte	0x4
 6133 01a0 00       		.uleb128 .LBB247-.LBB247
 6134 01a1 04       		.uleb128 .LBE247-.LBB247
 6135 01a2 04       		.byte	0x4
 6136 01a3 4C       		.uleb128 .LBB260-.LBB247
 6137 01a4 50       		.uleb128 .LBE260-.LBB247
 6138 01a5 00       		.byte	0
 6139              	.LLRL63:
 6140 01a6 05       		.byte	0x5
 6141 01a7 AC010000 		.4byte	.LBB252
 6142 01ab 04       		.byte	0x4
 6143 01ac 00       		.uleb128 .LBB252-.LBB252
 6144 01ad 04       		.uleb128 .LBE252-.LBB252
 6145 01ae 04       		.byte	0x4
 6146 01af 08       		.uleb128 .LBB255-.LBB252
 6147 01b0 14       		.uleb128 .LBE255-.LBB252
ARM GAS  /tmp/cceTDqrl.s 			page 109


 6148 01b1 00       		.byte	0
 6149              	.LLRL67:
 6150 01b2 05       		.byte	0x5
 6151 01b3 C0010000 		.4byte	.LBB256
 6152 01b7 04       		.byte	0x4
 6153 01b8 00       		.uleb128 .LBB256-.LBB256
 6154 01b9 04       		.uleb128 .LBE256-.LBB256
 6155 01ba 04       		.byte	0x4
 6156 01bb 08       		.uleb128 .LBB259-.LBB256
 6157 01bc 14       		.uleb128 .LBE259-.LBB256
 6158 01bd 00       		.byte	0
 6159              	.LLRL71:
 6160 01be 05       		.byte	0x5
 6161 01bf 80010000 		.4byte	.LBB264
 6162 01c3 04       		.byte	0x4
 6163 01c4 00       		.uleb128 .LBB264-.LBB264
 6164 01c5 08       		.uleb128 .LBE264-.LBB264
 6165 01c6 04       		.byte	0x4
 6166 01c7 0C       		.uleb128 .LBB271-.LBB264
 6167 01c8 10       		.uleb128 .LBE271-.LBB264
 6168 01c9 04       		.byte	0x4
 6169 01ca 18       		.uleb128 .LBB273-.LBB264
 6170 01cb 1C       		.uleb128 .LBE273-.LBB264
 6171 01cc 04       		.byte	0x4
 6172 01cd 30       		.uleb128 .LBB275-.LBB264
 6173 01ce 34       		.uleb128 .LBE275-.LBB264
 6174 01cf 04       		.byte	0x4
 6175 01d0 58       		.uleb128 .LBB278-.LBB264
 6176 01d1 68       		.uleb128 .LBE278-.LBB264
 6177 01d2 00       		.byte	0
 6178              	.LLRL72:
 6179 01d3 07       		.byte	0x7
 6180 01d4 00000000 		.4byte	.LFB404
 6181 01d8 8001     		.uleb128 .LFE404-.LFB404
 6182 01da 07       		.byte	0x7
 6183 01db 00000000 		.4byte	.LFB403
 6184 01df 3C       		.uleb128 .LFE403-.LFB403
 6185 01e0 07       		.byte	0x7
 6186 01e1 00000000 		.4byte	.LFB400
 6187 01e5 4C       		.uleb128 .LFE400-.LFB400
 6188 01e6 07       		.byte	0x7
 6189 01e7 00000000 		.4byte	.LFB405
 6190 01eb 9805     		.uleb128 .LFE405-.LFB405
 6191 01ed 00       		.byte	0
 6192              	.Ldebug_ranges3:
 6193              		.section	.debug_line,"",%progbits
 6194              	.Ldebug_line0:
 6195 0000 A1090000 		.section	.debug_str,"MS",%progbits,1
 6195      03007803 
 6195      00000201 
 6195      FB0E0D00 
 6195      01010101 
 6196              	.LASF153:
 6197 0000 63737461 		.ascii	"cstack_base\000"
 6197      636B5F62 
 6197      61736500 
 6198              	.LASF192:
ARM GAS  /tmp/cceTDqrl.s 			page 110


 6199 000c 696E7465 		.ascii	"interval\000"
 6199      7276616C 
 6199      00
 6200              	.LASF218:
 6201 0015 6D61696E 		.ascii	"main.c\000"
 6201      2E6300
 6202              	.LASF33:
 6203 001c 4953454E 		.ascii	"ISENABLER\000"
 6203      41424C45 
 6203      5200
 6204              	.LASF173:
 6205 0026 63685379 		.ascii	"chSysTimerHandlerI\000"
 6205      7354696D 
 6205      65724861 
 6205      6E646C65 
 6205      724900
 6206              	.LASF83:
 6207 0039 64697370 		.ascii	"dispose\000"
 6207      6F736500 
 6208              	.LASF64:
 6209 0041 706F7274 		.ascii	"port_stkline_t\000"
 6209      5F73746B 
 6209      6C696E65 
 6209      5F7400
 6210              	.LASF133:
 6211 0050 63685F72 		.ascii	"ch_registry\000"
 6211      65676973 
 6211      74727900 
 6212              	.LASF184:
 6213 005c 63685265 		.ascii	"chRegSetThreadName\000"
 6213      67536574 
 6213      54687265 
 6213      61644E61 
 6213      6D6500
 6214              	.LASF79:
 6215 006f 666C6167 		.ascii	"flags\000"
 6215      7300
 6216              	.LASF110:
 6217 0075 73797374 		.ascii	"systime_t\000"
 6217      696D655F 
 6217      7400
 6218              	.LASF88:
 6219 007f 6570656E 		.ascii	"epending\000"
 6219      64696E67 
 6219      00
 6220              	.LASF1:
 6221 0088 756E7369 		.ascii	"unsigned int\000"
 6221      676E6564 
 6221      20696E74 
 6221      00
 6222              	.LASF118:
 6223 0095 6E657874 		.ascii	"next\000"
 6223      00
 6224              	.LASF161:
 6225 009a 4C4F4144 		.ascii	"LOAD\000"
 6225      00
 6226              	.LASF97:
ARM GAS  /tmp/cceTDqrl.s 			page 111


 6227 009f 636F7265 		.ascii	"core_id\000"
 6227      5F696400 
 6228              	.LASF212:
 6229 00a7 6370755F 		.ascii	"cpu_target\000"
 6229      74617267 
 6229      657400
 6230              	.LASF8:
 6231 00b2 5F5F696E 		.ascii	"__int32_t\000"
 6231      7433325F 
 6231      7400
 6232              	.LASF80:
 6233 00bc 72656673 		.ascii	"refs\000"
 6233      00
 6234              	.LASF167:
 6235 00c1 6670755F 		.ascii	"fpu_thread_counter\000"
 6235      74687265 
 6235      61645F63 
 6235      6F756E74 
 6235      657200
 6236              	.LASF142:
 6237 00d4 77746F62 		.ascii	"wtobjp\000"
 6237      6A7000
 6238              	.LASF95:
 6239 00db 76746C69 		.ascii	"vtlist\000"
 6239      737400
 6240              	.LASF115:
 6241 00e2 706F7274 		.ascii	"port_context\000"
 6241      5F636F6E 
 6241      74657874 
 6241      00
 6242              	.LASF189:
 6243 00ef 706F7274 		.ascii	"port_lock_from_isr\000"
 6243      5F6C6F63 
 6243      6B5F6672 
 6243      6F6D5F69 
 6243      737200
 6244              	.LASF164:
 6245 0102 72385F70 		.ascii	"r8_private_timer_t\000"
 6245      72697661 
 6245      74655F74 
 6245      696D6572 
 6245      5F7400
 6246              	.LASF149:
 6247 0115 63685F72 		.ascii	"ch_ready_list\000"
 6247      65616479 
 6247      5F6C6973 
 6247      7400
 6248              	.LASF131:
 6249 0123 6C617374 		.ascii	"laststamp\000"
 6249      7374616D 
 6249      7000
 6250              	.LASF146:
 6251 012d 65776D61 		.ascii	"ewmask\000"
 6251      736B00
 6252              	.LASF121:
 6253 0134 70726576 		.ascii	"prev\000"
 6253      00
ARM GAS  /tmp/cceTDqrl.s 			page 112


 6254              	.LASF187:
 6255 0139 63685379 		.ascii	"chSysLockFromISR\000"
 6255      734C6F63 
 6255      6B46726F 
 6255      6D495352 
 6255      00
 6256              	.LASF117:
 6257 014a 63685F6C 		.ascii	"ch_list\000"
 6257      69737400 
 6258              	.LASF106:
 6259 0152 63685F73 		.ascii	"ch_system_debug\000"
 6259      79737465 
 6259      6D5F6465 
 6259      62756700 
 6260              	.LASF20:
 6261 0162 49494452 		.ascii	"IIDR\000"
 6261      00
 6262              	.LASF138:
 6263 0167 6C697374 		.ascii	"list\000"
 6263      00
 6264              	.LASF165:
 6265 016c 74687265 		.ascii	"thread_counter\000"
 6265      61645F63 
 6265      6F756E74 
 6265      657200
 6266              	.LASF126:
 6267 017b 63685F64 		.ascii	"ch_delta_list\000"
 6267      656C7461 
 6267      5F6C6973 
 6267      7400
 6268              	.LASF16:
 6269 0189 75696E74 		.ascii	"uint32_t\000"
 6269      33325F74 
 6269      00
 6270              	.LASF32:
 6271 0192 4947524F 		.ascii	"IGROUPR\000"
 6271      55505200 
 6272              	.LASF87:
 6273 019a 73656E74 		.ascii	"sentmsg\000"
 6273      6D736700 
 6274              	.LASF71:
 6275 01a2 6576656E 		.ascii	"eventmask_t\000"
 6275      746D6173 
 6275      6B5F7400 
 6276              	.LASF193:
 6277 01ae 7072696F 		.ascii	"priority_field\000"
 6277      72697479 
 6277      5F666965 
 6277      6C6400
 6278              	.LASF205:
 6279 01bd 73686966 		.ascii	"shift\000"
 6279      7400
 6280              	.LASF36:
 6281 01c3 49435045 		.ascii	"ICPENDR\000"
 6281      4E445200 
 6282              	.LASF147:
 6283 01cb 63685F73 		.ascii	"ch_semaphore\000"
ARM GAS  /tmp/cceTDqrl.s 			page 113


 6283      656D6170 
 6283      686F7265 
 6283      00
 6284              	.LASF69:
 6285 01d8 74707269 		.ascii	"tprio_t\000"
 6285      6F5F7400 
 6286              	.LASF157:
 6287 01e0 6F735F69 		.ascii	"os_instance_config_t\000"
 6287      6E737461 
 6287      6E63655F 
 6287      636F6E66 
 6287      69675F74 
 6288              	.LASF158:
 6289 01f5 7466756E 		.ascii	"tfunc_t\000"
 6289      635F7400 
 6290              	.LASF34:
 6291 01fd 4943454E 		.ascii	"ICENABLER\000"
 6291      41424C45 
 6291      5200
 6292              	.LASF114:
 6293 0207 66707363 		.ascii	"fpscr\000"
 6293      7200
 6294              	.LASF0:
 6295 020d 6C6F6E67 		.ascii	"long long unsigned int\000"
 6295      206C6F6E 
 6295      6720756E 
 6295      7369676E 
 6295      65642069 
 6296              	.LASF30:
 6297 0224 434C5253 		.ascii	"CLRSPI_SR\000"
 6297      50495F53 
 6297      5200
 6298              	.LASF207:
 6299 022e 4749435F 		.ascii	"GIC_EnableIRQ\000"
 6299      456E6162 
 6299      6C654952 
 6299      5100
 6300              	.LASF223:
 6301 023c 63685363 		.ascii	"chSchIsPreemptionRequired\000"
 6301      68497350 
 6301      7265656D 
 6301      7074696F 
 6301      6E526571 
 6302              	.LASF139:
 6303 0256 70717565 		.ascii	"pqueue\000"
 6303      756500
 6304              	.LASF43:
 6305 025d 49434647 		.ascii	"ICFGR\000"
 6305      5200
 6306              	.LASF72:
 6307 0263 636E745F 		.ascii	"cnt_t\000"
 6307      7400
 6308              	.LASF210:
 6309 0269 4749435F 		.ascii	"GIC_EnableInterface\000"
 6309      456E6162 
 6309      6C65496E 
 6309      74657266 
ARM GAS  /tmp/cceTDqrl.s 			page 114


 6309      61636500 
 6310              	.LASF65:
 6311 027d 73746B6C 		.ascii	"stkline_t\000"
 6311      696E655F 
 6311      7400
 6312              	.LASF75:
 6313 0287 6F776E65 		.ascii	"owner\000"
 6313      7200
 6314              	.LASF52:
 6315 028d 49524F55 		.ascii	"IROUTER\000"
 6315      54455200 
 6316              	.LASF89:
 6317 0295 6D74786C 		.ascii	"mtxlist\000"
 6317      69737400 
 6318              	.LASF128:
 6319 029d 63685F76 		.ascii	"ch_virtual_timers_list\000"
 6319      69727475 
 6319      616C5F74 
 6319      696D6572 
 6319      735F6C69 
 6320              	.LASF98:
 6321 02b4 72666375 		.ascii	"rfcu\000"
 6321      00
 6322              	.LASF74:
 6323 02b9 74687265 		.ascii	"thread_t\000"
 6323      61645F74 
 6323      00
 6324              	.LASF4:
 6325 02c2 4952516E 		.ascii	"IRQn_Type\000"
 6325      5F547970 
 6325      6500
 6326              	.LASF202:
 6327 02cc 4749435F 		.ascii	"GIC_SetConfiguration\000"
 6327      53657443 
 6327      6F6E6669 
 6327      67757261 
 6327      74696F6E 
 6328              	.LASF58:
 6329 02e1 41454F49 		.ascii	"AEOIR\000"
 6329      5200
 6330              	.LASF62:
 6331 02e7 73697A65 		.ascii	"size_t\000"
 6331      5F7400
 6332              	.LASF140:
 6333 02ee 7264796D 		.ascii	"rdymsg\000"
 6333      736700
 6334              	.LASF41:
 6335 02f5 49544152 		.ascii	"ITARGETSR\000"
 6335      47455453 
 6335      5200
 6336              	.LASF122:
 6337 02ff 63685F70 		.ascii	"ch_priority_queue_t\000"
 6337      72696F72 
 6337      6974795F 
 6337      71756575 
 6337      655F7400 
 6338              	.LASF160:
ARM GAS  /tmp/cceTDqrl.s 			page 115


 6339 0313 5F426F6F 		.ascii	"_Bool\000"
 6339      6C00
 6340              	.LASF84:
 6341 0319 6F626A65 		.ascii	"object\000"
 6341      637400
 6342              	.LASF103:
 6343 0320 63685F72 		.ascii	"ch_rfcu\000"
 6343      66637500 
 6344              	.LASF148:
 6345 0328 63685F6D 		.ascii	"ch_mutex\000"
 6345      75746578 
 6345      00
 6346              	.LASF13:
 6347 0331 5F5F7569 		.ascii	"__uint64_t\000"
 6347      6E743634 
 6347      5F7400
 6348              	.LASF19:
 6349 033c 54595045 		.ascii	"TYPER\000"
 6349      5200
 6350              	.LASF57:
 6351 0342 41494152 		.ascii	"AIAR\000"
 6351      00
 6352              	.LASF93:
 6353 0347 63685F6F 		.ascii	"ch_os_instance\000"
 6353      735F696E 
 6353      7374616E 
 6353      636500
 6354              	.LASF201:
 6355 0356 4749435F 		.ascii	"GIC_SetPriority\000"
 6355      53657450 
 6355      72696F72 
 6355      69747900 
 6356              	.LASF124:
 6357 0366 7072696F 		.ascii	"prio\000"
 6357      00
 6358              	.LASF216:
 6359 036b 4749435F 		.ascii	"GIC_EnableDistributor\000"
 6359      456E6162 
 6359      6C654469 
 6359      73747269 
 6359      6275746F 
 6360              	.LASF108:
 6361 0381 63686172 		.ascii	"char\000"
 6361      00
 6362              	.LASF172:
 6363 0386 63685379 		.ascii	"chSysInit\000"
 6363      73496E69 
 6363      7400
 6364              	.LASF125:
 6365 0390 63685F64 		.ascii	"ch_delta_list_t\000"
 6365      656C7461 
 6365      5F6C6973 
 6365      745F7400 
 6366              	.LASF102:
 6367 03a0 72666375 		.ascii	"rfcu_mask_t\000"
 6367      5F6D6173 
 6367      6B5F7400 
ARM GAS  /tmp/cceTDqrl.s 			page 116


 6368              	.LASF112:
 6369 03ac 74696D65 		.ascii	"time_conv_t\000"
 6369      5F636F6E 
 6369      765F7400 
 6370              	.LASF76:
 6371 03b8 77616261 		.ascii	"wabase\000"
 6371      736500
 6372              	.LASF26:
 6373 03bf 434C5253 		.ascii	"CLRSPI_NSR\000"
 6373      50495F4E 
 6373      535200
 6374              	.LASF67:
 6375 03ca 74737461 		.ascii	"tstate_t\000"
 6375      74655F74 
 6375      00
 6376              	.LASF82:
 6377 03d3 72717565 		.ascii	"rqueue\000"
 6377      756500
 6378              	.LASF14:
 6379 03da 75696E74 		.ascii	"uint8_t\000"
 6379      385F7400 
 6380              	.LASF163:
 6381 03e2 434F4E54 		.ascii	"CONTROL\000"
 6381      524F4C00 
 6382              	.LASF28:
 6383 03ea 53455453 		.ascii	"SETSPI_SR\000"
 6383      50495F53 
 6383      5200
 6384              	.LASF166:
 6385 03f4 6D61696E 		.ascii	"main_counter\000"
 6385      5F636F75 
 6385      6E746572 
 6385      00
 6386              	.LASF86:
 6387 0401 6D736771 		.ascii	"msgqueue\000"
 6387      75657565 
 6387      00
 6388              	.LASF92:
 6389 040a 63685F74 		.ascii	"ch_thread\000"
 6389      68726561 
 6389      6400
 6390              	.LASF47:
 6391 0414 53474952 		.ascii	"SGIR\000"
 6391      00
 6392              	.LASF185:
 6393 0419 6769635F 		.ascii	"gic_init\000"
 6393      696E6974 
 6393      00
 6394              	.LASF109:
 6395 0422 73797374 		.ascii	"system_debug_t\000"
 6395      656D5F64 
 6395      65627567 
 6395      5F7400
 6396              	.LASF12:
 6397 0431 6C6F6E67 		.ascii	"long long int\000"
 6397      206C6F6E 
 6397      6720696E 
ARM GAS  /tmp/cceTDqrl.s 			page 117


 6397      7400
 6398              	.LASF215:
 6399 043f 4749435F 		.ascii	"GIC_DisableDistributor\000"
 6399      44697361 
 6399      626C6544 
 6399      69737472 
 6399      69627574 
 6400              	.LASF178:
 6401 0456 54687265 		.ascii	"Thread1\000"
 6401      61643100 
 6402              	.LASF224:
 6403 045e 4749435F 		.ascii	"GIC_GetPriority\000"
 6403      47657450 
 6403      72696F72 
 6403      69747900 
 6404              	.LASF70:
 6405 046e 6D73675F 		.ascii	"msg_t\000"
 6405      7400
 6406              	.LASF175:
 6407 0474 65787065 		.ascii	"expected\000"
 6407      63746564 
 6407      00
 6408              	.LASF135:
 6409 047d 72656769 		.ascii	"registry_t\000"
 6409      73747279 
 6409      5F7400
 6410              	.LASF197:
 6411 0488 62696E61 		.ascii	"binary_point\000"
 6411      72795F70 
 6411      6F696E74 
 6411      00
 6412              	.LASF37:
 6413 0495 49534143 		.ascii	"ISACTIVER\000"
 6413      54495645 
 6413      5200
 6414              	.LASF59:
 6415 049f 41485050 		.ascii	"AHPPIR\000"
 6415      495200
 6416              	.LASF156:
 6417 04a6 69646C65 		.ascii	"idlestack_end\000"
 6417      73746163 
 6417      6B5F656E 
 6417      6400
 6418              	.LASF56:
 6419 04b4 41425052 		.ascii	"ABPR\000"
 6419      00
 6420              	.LASF104:
 6421 04b9 6D61736B 		.ascii	"mask\000"
 6421      00
 6422              	.LASF54:
 6423 04be 454F4952 		.ascii	"EOIR\000"
 6423      00
 6424              	.LASF61:
 6425 04c3 47494349 		.ascii	"GICInterface_Type\000"
 6425      6E746572 
 6425      66616365 
 6425      5F547970 
ARM GAS  /tmp/cceTDqrl.s 			page 118


 6425      6500
 6426              	.LASF137:
 6427 04d5 74687265 		.ascii	"thread_dispose_t\000"
 6427      61645F64 
 6427      6973706F 
 6427      73655F74 
 6427      00
 6428              	.LASF111:
 6429 04e6 73797369 		.ascii	"sysinterval_t\000"
 6429      6E746572 
 6429      76616C5F 
 6429      7400
 6430              	.LASF119:
 6431 04f4 63685F71 		.ascii	"ch_queue_t\000"
 6431      75657565 
 6431      5F7400
 6432              	.LASF208:
 6433 04ff 4749435F 		.ascii	"GIC_EndInterrupt\000"
 6433      456E6449 
 6433      6E746572 
 6433      72757074 
 6433      00
 6434              	.LASF107:
 6435 0510 70616E69 		.ascii	"panic_msg\000"
 6435      635F6D73 
 6435      6700
 6436              	.LASF222:
 6437 051a 63685468 		.ascii	"chThdCreateStatic\000"
 6437      64437265 
 6437      61746553 
 6437      74617469 
 6437      6300
 6438              	.LASF155:
 6439 052c 69646C65 		.ascii	"idlestack_base\000"
 6439      73746163 
 6439      6B5F6261 
 6439      736500
 6440              	.LASF18:
 6441 053b 43544C52 		.ascii	"CTLR\000"
 6441      00
 6442              	.LASF209:
 6443 0540 4749435F 		.ascii	"GIC_DisableInterface\000"
 6443      44697361 
 6443      626C6549 
 6443      6E746572 
 6443      66616365 
 6444              	.LASF66:
 6445 0555 746D6F64 		.ascii	"tmode_t\000"
 6445      655F7400 
 6446              	.LASF130:
 6447 055d 73797374 		.ascii	"systime\000"
 6447      696D6500 
 6448              	.LASF100:
 6449 0565 69646C65 		.ascii	"idlethread\000"
 6449      74687265 
 6449      616400
 6450              	.LASF55:
ARM GAS  /tmp/cceTDqrl.s 			page 119


 6451 0570 48505049 		.ascii	"HPPIR\000"
 6451      5200
 6452              	.LASF211:
 6453 0576 4749435F 		.ascii	"GIC_SetTarget\000"
 6453      53657454 
 6453      61726765 
 6453      7400
 6454              	.LASF63:
 6455 0584 6C6F6E67 		.ascii	"long double\000"
 6455      20646F75 
 6455      626C6500 
 6456              	.LASF186:
 6457 0590 63685379 		.ascii	"chSysUnlockFromISR\000"
 6457      73556E6C 
 6457      6F636B46 
 6457      726F6D49 
 6457      535200
 6458              	.LASF200:
 6459 05a3 4952516E 		.ascii	"IRQn\000"
 6459      00
 6460              	.LASF136:
 6461 05a8 74687265 		.ascii	"thread_reference_t\000"
 6461      61645F72 
 6461      65666572 
 6461      656E6365 
 6461      5F7400
 6462              	.LASF116:
 6463 05bb 63685F6C 		.ascii	"ch_list_t\000"
 6463      6973745F 
 6463      7400
 6464              	.LASF39:
 6465 05c5 49505249 		.ascii	"IPRIORITYR\000"
 6465      4F524954 
 6465      595200
 6466              	.LASF127:
 6467 05d0 64656C74 		.ascii	"delta\000"
 6467      6100
 6468              	.LASF38:
 6469 05d6 49434143 		.ascii	"ICACTIVER\000"
 6469      54495645 
 6469      5200
 6470              	.LASF99:
 6471 05e0 636F6E66 		.ascii	"config\000"
 6471      696700
 6472              	.LASF195:
 6473 05e7 6E756D5F 		.ascii	"num_irq\000"
 6473      69727100 
 6474              	.LASF21:
 6475 05ef 52455345 		.ascii	"RESERVED0\000"
 6475      52564544 
 6475      3000
 6476              	.LASF23:
 6477 05f9 52455345 		.ascii	"RESERVED1\000"
 6477      52564544 
 6477      3100
 6478              	.LASF25:
 6479 0603 52455345 		.ascii	"RESERVED2\000"
ARM GAS  /tmp/cceTDqrl.s 			page 120


 6479      52564544 
 6479      3200
 6480              	.LASF27:
 6481 060d 52455345 		.ascii	"RESERVED3\000"
 6481      52564544 
 6481      3300
 6482              	.LASF29:
 6483 0617 52455345 		.ascii	"RESERVED4\000"
 6483      52564544 
 6483      3400
 6484              	.LASF31:
 6485 0621 52455345 		.ascii	"RESERVED5\000"
 6485      52564544 
 6485      3500
 6486              	.LASF40:
 6487 062b 52455345 		.ascii	"RESERVED6\000"
 6487      52564544 
 6487      3600
 6488              	.LASF6:
 6489 0635 73686F72 		.ascii	"short int\000"
 6489      7420696E 
 6489      7400
 6490              	.LASF45:
 6491 063f 52455345 		.ascii	"RESERVED8\000"
 6491      52564544 
 6491      3800
 6492              	.LASF48:
 6493 0649 52455345 		.ascii	"RESERVED9\000"
 6493      52564544 
 6493      3900
 6494              	.LASF44:
 6495 0653 49475250 		.ascii	"IGRPMODR\000"
 6495      4D4F4452 
 6495      00
 6496              	.LASF9:
 6497 065c 6C6F6E67 		.ascii	"long int\000"
 6497      20696E74 
 6497      00
 6498              	.LASF113:
 6499 0665 706F7274 		.ascii	"port_intctx\000"
 6499      5F696E74 
 6499      63747800 
 6500              	.LASF217:
 6501 0671 474E5520 		.ascii	"GNU C17 13.3.1 20240614 -mcpu=cortex-r8 -mfloat-abi"
 6501      43313720 
 6501      31332E33 
 6501      2E312032 
 6501      30323430 
 6502 06a4 3D686172 		.ascii	"=hard -mfpu=vfpv3-d16 -mno-thumb-interwork -marm -m"
 6502      64202D6D 
 6502      6670753D 
 6502      76667076 
 6502      332D6431 
 6503 06d7 61726368 		.ascii	"arch=armv7-r+fp+idiv -ggdb -O2 -fomit-frame-pointer"
 6503      3D61726D 
 6503      76372D72 
 6503      2B66702B 
ARM GAS  /tmp/cceTDqrl.s 			page 121


 6503      69646976 
 6504 070a 202D6661 		.ascii	" -falign-functions=16 -ffunction-sections -fdata-se"
 6504      6C69676E 
 6504      2D66756E 
 6504      6374696F 
 6504      6E733D31 
 6505 073d 6374696F 		.ascii	"ctions -fno-common\000"
 6505      6E73202D 
 6505      666E6F2D 
 6505      636F6D6D 
 6505      6F6E00
 6506              	.LASF49:
 6507 0750 4350454E 		.ascii	"CPENDSGIR\000"
 6507      44534749 
 6507      5200
 6508              	.LASF199:
 6509 075a 7072696F 		.ascii	"priority\000"
 6509      72697479 
 6509      00
 6510              	.LASF206:
 6511 0763 4749435F 		.ascii	"GIC_DisableIRQ\000"
 6511      44697361 
 6511      626C6549 
 6511      525100
 6512              	.LASF77:
 6513 0772 7761656E 		.ascii	"waend\000"
 6513      6400
 6514              	.LASF154:
 6515 0778 63737461 		.ascii	"cstack_end\000"
 6515      636B5F65 
 6515      6E6400
 6516              	.LASF152:
 6517 0783 63685F6F 		.ascii	"ch_os_instance_config\000"
 6517      735F696E 
 6517      7374616E 
 6517      63655F63 
 6517      6F6E6669 
 6518              	.LASF129:
 6519 0799 646C6973 		.ascii	"dlist\000"
 6519      7400
 6520              	.LASF17:
 6521 079f 75696E74 		.ascii	"uint64_t\000"
 6521      36345F74 
 6521      00
 6522              	.LASF22:
 6523 07a8 53544154 		.ascii	"STATUSR\000"
 6523      55535200 
 6524              	.LASF94:
 6525 07b0 726C6973 		.ascii	"rlist\000"
 6525      7400
 6526              	.LASF180:
 6527 07b6 5F5F706F 		.ascii	"__port_irq_dispatch\000"
 6527      72745F69 
 6527      72715F64 
 6527      69737061 
 6527      74636800 
 6528              	.LASF174:
ARM GAS  /tmp/cceTDqrl.s 			page 122


 6529 07ca 6D61726B 		.ascii	"marker\000"
 6529      657200
 6530              	.LASF5:
 6531 07d1 5F5F7569 		.ascii	"__uint8_t\000"
 6531      6E74385F 
 6531      7400
 6532              	.LASF81:
 6533 07db 6E616D65 		.ascii	"name\000"
 6533      00
 6534              	.LASF60:
 6535 07e0 4E534150 		.ascii	"NSAPR\000"
 6535      5200
 6536              	.LASF182:
 6537 07e6 70726565 		.ascii	"preemption_required\000"
 6537      6D707469 
 6537      6F6E5F72 
 6537      65717569 
 6537      72656400 
 6538              	.LASF220:
 6539 07fa 41524D43 		.ascii	"ARMCR8_GenericIRQ0_IRQn\000"
 6539      52385F47 
 6539      656E6572 
 6539      69634952 
 6539      51305F49 
 6540              	.LASF196:
 6541 0812 4749435F 		.ascii	"GIC_SetBinaryPoint\000"
 6541      53657442 
 6541      696E6172 
 6541      79506F69 
 6541      6E7400
 6542              	.LASF68:
 6543 0825 74726566 		.ascii	"trefs_t\000"
 6543      735F7400 
 6544              	.LASF11:
 6545 082d 6C6F6E67 		.ascii	"long unsigned int\000"
 6545      20756E73 
 6545      69676E65 
 6545      6420696E 
 6545      7400
 6546              	.LASF151:
 6547 083f 72656164 		.ascii	"ready_list_t\000"
 6547      795F6C69 
 6547      73745F74 
 6547      00
 6548              	.LASF190:
 6549 084c 4749435F 		.ascii	"GIC_Enable\000"
 6549      456E6162 
 6549      6C6500
 6550              	.LASF134:
 6551 0857 71756575 		.ascii	"queue\000"
 6551      6500
 6552              	.LASF204:
 6553 085d 69636667 		.ascii	"icfgr\000"
 6553      7200
 6554              	.LASF15:
 6555 0863 696E7433 		.ascii	"int32_t\000"
 6555      325F7400 
ARM GAS  /tmp/cceTDqrl.s 			page 123


 6556              	.LASF105:
 6557 086b 72666375 		.ascii	"rfcu_t\000"
 6557      5F7400
 6558              	.LASF144:
 6559 0872 77747365 		.ascii	"wtsemp\000"
 6559      6D7000
 6560              	.LASF50:
 6561 0879 5350454E 		.ascii	"SPENDSGIR\000"
 6561      44534749 
 6561      5200
 6562              	.LASF170:
 6563 0883 77615468 		.ascii	"waThread1\000"
 6563      72656164 
 6563      3100
 6564              	.LASF171:
 6565 088d 77615468 		.ascii	"waThread2\000"
 6565      72656164 
 6565      3200
 6566              	.LASF120:
 6567 0897 63685F71 		.ascii	"ch_queue\000"
 6567      75657565 
 6567      00
 6568              	.LASF159:
 6569 08a0 6D757465 		.ascii	"mutex_t\000"
 6569      785F7400 
 6570              	.LASF188:
 6571 08a8 706F7274 		.ascii	"port_unlock_from_isr\000"
 6571      5F756E6C 
 6571      6F636B5F 
 6571      66726F6D 
 6571      5F697372 
 6572              	.LASF2:
 6573 08bd 756E7369 		.ascii	"unsigned char\000"
 6573      676E6564 
 6573      20636861 
 6573      7200
 6574              	.LASF10:
 6575 08cb 5F5F7569 		.ascii	"__uint32_t\000"
 6575      6E743332 
 6575      5F7400
 6576              	.LASF85:
 6577 08d6 77616974 		.ascii	"waiting\000"
 6577      696E6700 
 6578              	.LASF132:
 6579 08de 76697274 		.ascii	"virtual_timers_list_t\000"
 6579      75616C5F 
 6579      74696D65 
 6579      72735F6C 
 6579      6973745F 
 6580              	.LASF24:
 6581 08f4 53455453 		.ascii	"SETSPI_NSR\000"
 6581      50495F4E 
 6581      535200
 6582              	.LASF221:
 6583 08ff 63685468 		.ascii	"chThdSleep\000"
 6583      64536C65 
 6583      657000
ARM GAS  /tmp/cceTDqrl.s 			page 124


 6584              	.LASF168:
 6585 090a 6670755F 		.ascii	"fpu_main_counter\000"
 6585      6D61696E 
 6585      5F636F75 
 6585      6E746572 
 6585      00
 6586              	.LASF51:
 6587 091b 52455345 		.ascii	"RESERVED10\000"
 6587      52564544 
 6587      313000
 6588              	.LASF219:
 6589 0926 2F686F6D 		.ascii	"/home/emirhan/Documents/gemstone/chibiOS-port/Chibi"
 6589      652F656D 
 6589      69726861 
 6589      6E2F446F 
 6589      63756D65 
 6590 0959 4F532F64 		.ascii	"OS/demos/various/RT-ARMCR8-GENERIC\000"
 6590      656D6F73 
 6590      2F766172 
 6590      696F7573 
 6590      2F52542D 
 6591              	.LASF123:
 6592 097c 63685F70 		.ascii	"ch_priority_queue\000"
 6592      72696F72 
 6592      6974795F 
 6592      71756575 
 6592      6500
 6593              	.LASF191:
 6594 098e 4749435F 		.ascii	"GIC_CPUInterfaceInit\000"
 6594      43505549 
 6594      6E746572 
 6594      66616365 
 6594      496E6974 
 6595              	.LASF101:
 6596 09a3 6D61696E 		.ascii	"mainthread\000"
 6596      74687265 
 6596      616400
 6597              	.LASF78:
 6598 09ae 73746174 		.ascii	"state\000"
 6598      6500
 6599              	.LASF91:
 6600 09b4 6F735F69 		.ascii	"os_instance_t\000"
 6600      6E737461 
 6600      6E63655F 
 6600      7400
 6601              	.LASF181:
 6602 09c2 6972716E 		.ascii	"irqn\000"
 6602      00
 6603              	.LASF194:
 6604 09c7 4749435F 		.ascii	"GIC_DistInit\000"
 6604      44697374 
 6604      496E6974 
 6604      00
 6605              	.LASF96:
 6606 09d4 7265676C 		.ascii	"reglist\000"
 6606      69737400 
 6607              	.LASF177:
ARM GAS  /tmp/cceTDqrl.s 			page 125


 6608 09dc 54687265 		.ascii	"Thread2\000"
 6608      61643200 
 6609              	.LASF143:
 6610 09e4 77747472 		.ascii	"wttrp\000"
 6610      7000
 6611              	.LASF35:
 6612 09ea 49535045 		.ascii	"ISPENDR\000"
 6612      4E445200 
 6613              	.LASF90:
 6614 09f2 7265616C 		.ascii	"realprio\000"
 6614      7072696F 
 6614      00
 6615              	.LASF3:
 6616 09fb 7369676E 		.ascii	"signed char\000"
 6616      65642063 
 6616      68617200 
 6617              	.LASF46:
 6618 0a07 4E534143 		.ascii	"NSACR\000"
 6618      5200
 6619              	.LASF183:
 6620 0a0d 74696D65 		.ascii	"timer_init\000"
 6620      725F696E 
 6620      697400
 6621              	.LASF7:
 6622 0a18 73686F72 		.ascii	"short unsigned int\000"
 6622      7420756E 
 6622      7369676E 
 6622      65642069 
 6622      6E7400
 6623              	.LASF169:
 6624 0a2b 6670755F 		.ascii	"fpu_error_counter\000"
 6624      6572726F 
 6624      725F636F 
 6624      756E7465 
 6624      7200
 6625              	.LASF179:
 6626 0a3d 6D61696E 		.ascii	"main\000"
 6626      00
 6627              	.LASF198:
 6628 0a42 4749435F 		.ascii	"GIC_SetInterfacePriorityMask\000"
 6628      53657449 
 6628      6E746572 
 6628      66616365 
 6628      5072696F 
 6629              	.LASF150:
 6630 0a5f 63757272 		.ascii	"current\000"
 6630      656E7400 
 6631              	.LASF213:
 6632 0a67 4749435F 		.ascii	"GIC_AcknowledgePending\000"
 6632      41636B6E 
 6632      6F776C65 
 6632      64676550 
 6632      656E6469 
 6633              	.LASF176:
 6634 0a7e 646F7562 		.ascii	"double\000"
 6634      6C6500
 6635              	.LASF203:
ARM GAS  /tmp/cceTDqrl.s 			page 126


 6636 0a85 696E745F 		.ascii	"int_config\000"
 6636      636F6E66 
 6636      696700
 6637              	.LASF42:
 6638 0a90 52455345 		.ascii	"RESERVED7\000"
 6638      52564544 
 6638      3700
 6639              	.LASF162:
 6640 0a9a 434F554E 		.ascii	"COUNTER\000"
 6640      54455200 
 6641              	.LASF214:
 6642 0aa2 4749435F 		.ascii	"GIC_DistributorInfo\000"
 6642      44697374 
 6642      72696275 
 6642      746F7249 
 6642      6E666F00 
 6643              	.LASF145:
 6644 0ab6 77746D74 		.ascii	"wtmtxp\000"
 6644      787000
 6645              	.LASF53:
 6646 0abd 47494344 		.ascii	"GICDistributor_Type\000"
 6646      69737472 
 6646      69627574 
 6646      6F725F54 
 6646      79706500 
 6647              	.LASF141:
 6648 0ad1 65786974 		.ascii	"exitcode\000"
 6648      636F6465 
 6648      00
 6649              	.LASF73:
 6650 0ada 636F7265 		.ascii	"core_id_t\000"
 6650      5F69645F 
 6650      7400
 6651              		.ident	"GCC: (Arm GNU Toolchain 13.3.Rel1 (Build arm-13.24)) 13.3.1 20240614"
ARM GAS  /tmp/cceTDqrl.s 			page 127


DEFINED SYMBOLS
                            *ABS*:00000000 main.c
     /tmp/cceTDqrl.s:21     .rodata.Thread2.str1.4:00000000 $d
     /tmp/cceTDqrl.s:22     .rodata.Thread2.str1.4:00000000 .LC0
     /tmp/cceTDqrl.s:25     .text.Thread2:00000000 $a
     /tmp/cceTDqrl.s:30     .text.Thread2:00000000 Thread2
     /tmp/cceTDqrl.s:1179   .bss.fpu_error_counter:00000000 fpu_error_counter
     /tmp/cceTDqrl.s:1191   .bss.fpu_thread_counter:00000000 fpu_thread_counter
     /tmp/cceTDqrl.s:136    .text.Thread2:00000078 $d
     /tmp/cceTDqrl.s:142    .rodata.Thread1.str1.4:00000000 $d
     /tmp/cceTDqrl.s:143    .rodata.Thread1.str1.4:00000000 .LC1
     /tmp/cceTDqrl.s:146    .text.Thread1:00000000 $a
     /tmp/cceTDqrl.s:151    .text.Thread1:00000000 Thread1
     /tmp/cceTDqrl.s:1203   .bss.thread_counter:00000000 thread_counter
     /tmp/cceTDqrl.s:207    .text.__port_irq_dispatch:00000000 $a
     /tmp/cceTDqrl.s:213    .text.__port_irq_dispatch:00000000 __port_irq_dispatch
     /tmp/cceTDqrl.s:298    .text.startup.main:00000000 $a
     /tmp/cceTDqrl.s:304    .text.startup.main:00000000 main
     /tmp/cceTDqrl.s:1173   .bss.waThread1:00000000 waThread1
     /tmp/cceTDqrl.s:1167   .bss.waThread2:00000000 waThread2
     /tmp/cceTDqrl.s:1197   .bss.main_counter:00000000 main_counter
     /tmp/cceTDqrl.s:1185   .bss.fpu_main_counter:00000000 fpu_main_counter
     /tmp/cceTDqrl.s:1158   .text.startup.main:00000290 $d
     /tmp/cceTDqrl.s:1164   .bss.waThread2:00000000 $d
     /tmp/cceTDqrl.s:1170   .bss.waThread1:00000000 $d
     /tmp/cceTDqrl.s:1176   .bss.fpu_error_counter:00000000 $d
     /tmp/cceTDqrl.s:1182   .bss.fpu_main_counter:00000000 $d
     /tmp/cceTDqrl.s:1188   .bss.fpu_thread_counter:00000000 $d
     /tmp/cceTDqrl.s:1194   .bss.main_counter:00000000 $d
     /tmp/cceTDqrl.s:1200   .bss.thread_counter:00000000 $d

UNDEFINED SYMBOLS
ch0
chThdSleep
chSysTimerHandlerI
chSchIsPreemptionRequired
chSysInit
chThdCreateStatic
